lawd_cd,dong,jibun,complex_name_normalized,trade_complex_name,kapt_complex_name,kapt_code,internal_complex_id,match_method,match_score,name_similarity,candidate_count,trade_road_address_key,trade_legal_address_key,legal_address_policy,manual_review,manual_reason
26110,영주동,161,금호,금호,영주동금호타운,A60011202,A60011202,road_legal_address_exact,100.0,44.44444444444444,1,26110|영주로|51,26110|영주동|161,standard,False,
26110,대청동4가,60-3,형수빌라,형수빌라,,,TRADE_F660740AE1B1,unmatched,0.0,0.0,1,26110|대청북길39번길|3,26110|대청동4가|60-3,standard,True,
26110,보수동3가,75-1,서원블루오션f동,서원블루오션F동,,,TRADE_80C5612305BA,unmatched,0.0,0.0,0,26110|대청로|17,26110|보수동3가|75-1,standard,True,
26110,부평동2가,47-6,금성,금성,,,TRADE_3BAB9A0534E1,unmatched,0.0,0.0,0,26110|광복로6번길|10-2,26110|부평동2가|47-6,standard,True,
26110,대청동4가,34-2,동호이루마시티,동호이루마시티,,,TRADE_C6E745AFCB8F,unmatched,0.0,0.0,1,26110|중구로97번길|3,26110|대청동4가|34-2,standard,True,
26110,영주동,91-1,은하,은하아파트,,,TRADE_0F9985F310D1,unmatched,0.0,0.0,5,26110|영주로|87,26110|영주동|91-1,standard,True,
26110,동광동5가,16-290,동광,동광,,,TRADE_76E2DD2CFFD2,unmatched,0.0,50.0,1,26110|중구로|124-12,26110|동광동5가|16-290,standard,True,
26110,부평동4가,2-1,대근하버빌30차,대근하버빌30차,,,TRADE_49B3C63B4E25,unmatched,0.0,0.0,0,26110|대청로|34,26110|부평동4가|2-1,standard,True,
26110,보수동2가,89-5,보수동한웅베어스,보수동한웅베어스,,,TRADE_5EEA0CF68EDE,unmatched,0.0,0.0,0,26110|흑교로|55,26110|보수동2가|89-5,standard,True,
26110,부평동4가,57-1,부평부백자연애,부평부백자연애,,,TRADE_D03D2F3E3023,unmatched,0.0,0.0,0,26110|보수대로64번길|11,26110|부평동4가|57-1,standard,True,
26110,대청동1가,37-1,코모도에스테이트,코모도에스테이트,코모도에스테이트,A60070101,A60070101,road_legal_address_exact,100.0,100.0,1,26110|대청로|121-1,26110|대청동1가|37-1,standard,False,
26110,보수동2가,81-2,보수동봄여름가을겨울,보수동봄여름가을겨울,,,TRADE_3DA3791C8E17,unmatched,0.0,0.0,0,26110|보수대로124번길|59,26110|보수동2가|81-2,standard,True,
26110,영주동,587,도경오벨리스,도경오벨리스,도경오벨리스,A10021565,A10021565,road_legal_address_exact,100.0,100.0,1,26110|대영로|240,26110|영주동|587,standard,False,
26110,부평동4가,37-1,부평파크,부평파크,,,TRADE_7A22C5172D09,unmatched,0.0,0.0,0,26110|보수대로64번길|8,26110|부평동4가|37-1,standard,True,
26140,암남동,614-5,송도타워맨션,송도타워맨션,,,TRADE_E9187A17F456,unmatched,0.0,40.0,14,26140|송도해변로|33,26140|암남동|614-5,standard,True,
26140,서대신동1가,54-5,서대신부백더자연애,서대신부백더자연애아파트,,,TRADE_6F859D44166C,unmatched,0.0,26.66666666666667,1,26140|대영로46번길|7,26140|서대신동1가|54-5,standard,True,
26140,토성동5가,34-3,해오름,해오름,,,TRADE_E3D6EDFD126C,unmatched,0.0,0.0,0,26140|구덕로|130,26140|토성동5가|34-3,standard,True,
26140,충무동2가,1-5,에코펠리스,에코펠리스,,,TRADE_1CF6CABF4C26,unmatched,0.0,0.0,0,26140|충무대로275번길|20,26140|충무동2가|1-5,standard,True,
26140,동대신동1가,334-1,미소지음6차,미소지음6차,,,TRADE_60C7FE6E0266,unmatched,0.0,0.0,1,26140|대영로86번길|70,26140|동대신동1가|334-1,standard,True,
26140,암남동,81-89,그린비치맨션,그린비치맨션,,,TRADE_3B76731C5E37,unmatched,0.0,33.333333333333336,14,26140|천해로7번길|55-16,26140|암남동|81-89,standard,True,
26140,부민동3가,76,부민e편한세상,부민e편한세상,부민e-편한세상아파트,A60270501,A60270501,road_legal_address_exact,100.0,100.0,1,26140|해돋이로|313,26140|부민동3가|76,standard,False,
26140,토성동2가,8-7,한성그린,한성그린아파트,,,TRADE_DD547DEF3DEC,unmatched,0.0,0.0,0,26140|까치고개로239번길|17-8,26140|토성동2가|8-7,standard,True,
26140,암남동,602-5,전원비치맨션,전원비치맨션,,,TRADE_0C9D6053639C,unmatched,0.0,35.29411764705882,14,26140|송도해변로|31-1,26140|암남동|602-5,standard,True,
26140,동대신동2가,313,삼익,삼익,삼익,A60275001,A60275001,legal_address_exact,100.0,100.0,1,26140|대영로73번길|39,26140|동대신동2가|313,standard,False,
26140,서대신동3가,762,대신롯데캐슬,대신롯데캐슬,대신롯데캐슬아파트,A10028182,A10028182,road_address_exact,100.0,100.0,1,26140|대티로|161,26140|서대신동3가|762,standard,False,
26140,서대신동3가,769,대신더샵,대신더샵,대신더샵아파트,A10026510,A10026510,road_address_exact,100.0,100.0,1,26140|꽃마을로|48,26140|서대신동3가|769,standard,False,
26140,암남동,201-1,송도봄여름가을겨울,송도봄여름가을겨울,,,TRADE_ADBF981AB9B2,unmatched,0.0,30.76923076923077,14,26140|충무대로|72,26140|암남동|201-1,standard,True,
26140,토성동5가,46-1,아크로폴리스,아크로폴리스,,,TRADE_5906D560E714,unmatched,0.0,0.0,0,26140|구덕로|135,26140|토성동5가|46-1,standard,True,
26140,암남동,595,송도풍림아이원,송도풍림아이원,송도풍림아이원,A60270201,A60270201,road_legal_address_exact,100.0,100.0,1,26140|암남공원로|39,26140|암남동|595,standard,False,
26140,서대신동1가,283,대신푸르지오1차,대신푸르지오1차,대신푸르지오아파트,A10026034,A10026034,road_address_exact,100.0,85.71428571428572,1,26140|대영로38번길|11,26140|서대신동1가|283,standard,False,
26140,토성동1가,3-2,토성동봄여름가을겨울,토성동봄여름가을겨울,봄여름가을겨울아파트,A60276401,A60276401,dong_fuzzy,82.35294117647058,82.35294117647058,2,26140|까치고개로245번길|17-20,26140|토성동1가|3-2,standard,True,
26140,서대신동3가,694-1,협성르네상스,협성르네상스,협성르네상스타운,A60275303,A60275303,road_legal_address_exact,100.0,85.71428571428572,1,26140|대티로|159,26140|서대신동3가|694-1,standard,False,
26140,암남동,255-1,송도탑스빌,송도탑스빌,송도탑스빌,A10021046,A10021046,road_legal_address_exact,100.0,100.0,1,26140|충무대로|56,26140|암남동|255-1,standard,False,
26140,남부민동,654,lg마린타워,LG마린타워,엘지마린타워,A10025869,A10025869,road_legal_address_exact,100.0,66.66666666666667,1,26140|충무대로|181,26140|남부민동|654,standard,False,
26140,서대신동3가,360-4,세영엘도라도a동,세영엘도라도A동,,,TRADE_88393F704354,unmatched,0.0,0.0,8,26140|구덕로333번길|15,26140|서대신동3가|360-4,standard,True,
26140,서대신동1가,52-17,대호그린빌라,대호그린빌라,,,TRADE_4988419CC348,unmatched,0.0,16.666666666666664,1,26140|구덕로279번길|10,26140|서대신동1가|52-17,standard,True,
26140,서대신동3가,752,대신공원한신휴플러스,대신공원한신휴플러스,대신공원한신휴플러스,A60275105,A60275105,road_legal_address_exact,100.0,100.0,1,26140|보수대로|284,26140|서대신동3가|752,standard,False,
26140,동대신동3가,173,문화,문화,대신문화아파트,A60281201,A60281201,road_legal_address_exact,100.0,66.66666666666667,1,26140|구덕로|350,26140|동대신동3가|173,standard,False,
26140,서대신동1가,34-2,대신에코팰리스,대신에코팰리스,,,TRADE_5B92A30C594D,unmatched,0.0,30.76923076923077,1,26140|부용로|33,26140|서대신동1가|34-2,standard,True,
26140,남부민동,23-29,신흥동백빌라,신흥동백빌라,,,TRADE_F89707273E3D,unmatched,0.0,0.0,6,26140|천마로199번길|23,26140|남부민동|23-29,standard,True,
26140,서대신동3가,285,서대신부백자연애,서대신부백자연애,,,TRADE_311630EF7E01,unmatched,0.0,33.333333333333336,8,26140|구덕로345번길|7,26140|서대신동3가|285,standard,True,
26140,토성동1가,25-1,토성동경동리인타워,토성동경동리인타워,토성동경동리인타워,A10025793,A10025793,road_legal_address_exact,100.0,100.0,1,26140|보수대로|27,26140|토성동1가|25-1,standard,False,
26140,서대신동3가,294-10,백리휴먼빌리지,백리휴먼빌리지,,,TRADE_2B1001285720,unmatched,0.0,11.764705882352944,8,26140|대영로45번길|86,26140|서대신동3가|294-10,standard,True,
26140,서대신동3가,161-13,남성한빛가든,남성한빛가든,남성한빛아파트,A60275104,A60275104,road_legal_address_exact,100.0,80.0,1,26140|꽃마을로|43,26140|서대신동3가|161-13,standard,False,
26140,충무동1가,17-5,헤리츠3차,헤리츠아파트3차,,,TRADE_F315A7264692,unmatched,0.0,0.0,0,26140|충무시장길|6,26140|충무동1가|17-5,standard,True,
26140,토성동5가,19-1,서영펠로우,서영펠로우,,,TRADE_A48B703A50DD,unmatched,0.0,0.0,0,26140|구덕로134번길|19,26140|토성동5가|19-1,standard,True,
26170,범일동,1655,오션브릿지,오션브릿지,오션브릿지,A10026746,A10026746,road_legal_address_exact,100.0,100.0,1,26170|범일로|41,26170|범일동|1655,standard,False,
26170,범일동,830-90,한양,한양아파트,,,TRADE_70853A0D6A42,unmatched,0.0,22.22222222222222,9,26170|조방로16번길|17,26170|범일동|830-90,standard,True,
26170,좌천동,548,린다스마트포레,린다스마트포레,린다스마트포레,A10021208,A10021208,road_legal_address_exact,100.0,100.0,1,26170|정공단로|8,26170|좌천동|548,standard,False,
26170,범일동,825-7,두산위브포세이돈2,두산위브포세이돈2,두산위브포세이돈Ⅱ,A60106002,A60106002,road_legal_address_exact,100.0,94.11764705882352,1,26170|자성로116번길|2,26170|범일동|825-7,standard,False,
26170,좌천동,1168,두산위브범일뉴타운,두산위브범일뉴타운,두산위브범일뉴타운,A60105002,A60105002,road_legal_address_exact,100.0,100.0,1,26170|성남일로|5,26170|좌천동|1168,standard,False,
26170,초량동,1155,반도보라스카이뷰,반도보라스카이뷰,초량동반도보라스카이뷰,A60183601,A60183601,road_legal_address_exact,100.0,84.21052631578947,1,26170|중앙대로320번길|10,26170|초량동|1155,standard,False,
26170,초량동,422-2,대영아르피나,대영아르피나,,,TRADE_A092B4BA0D08,unmatched,0.0,0.0,10,26170|초량중로|59,26170|초량동|422-2,standard,True,
26170,범일동,62-720,한성기린,한성기린,한성기린프라자,A60106001,A60106001,road_legal_address_exact,100.0,72.72727272727273,1,26170|중앙대로|514,26170|범일동|62-720,standard,False,
26170,초량동,1166-1,센트럴베이동원로얄듀크비스타,센트럴베이동원로얄듀크비스타,센트럴베이동원로얄듀크비스타,A60101001,A60101001,road_legal_address_exact,100.0,100.0,1,26170|중앙대로286번길|10,26170|초량동|1166-1,standard,False,
26170,초량동,1161-8,kcb센트리움,KCB센트리움,,,TRADE_1634A7F1EBBD,unmatched,0.0,23.529411764705888,10,26170|중앙대로286번길|7-4,26170|초량동|1161-8,standard,True,
26170,수정동,1048-35,아르미나,아르미나아파트,아르미나,A60181401,A60181401,road_legal_address_exact,100.0,100.0,1,26170|홍곡남로|50,26170|수정동|1048-35,standard,False,
26170,범일동,830-296,진흥마제스타워범일,진흥마제스타워범일,진흥마제스타워범일,A60172001,A60172001,road_legal_address_exact,100.0,100.0,1,26170|자성로133번길|6,26170|범일동|830-296,standard,False,
26170,수정동,290,베스안하우스2동,베스안하우스2동,,,TRADE_C2EA063B1D36,unmatched,0.0,11.111111111111116,3,26170|고관로|107-5,26170|수정동|290,standard,True,
26170,초량동,110-41,유승아트,유승아트(110-41),,,TRADE_1FFA50341996,unmatched,0.0,16.666666666666664,10,26170|고관로13번길|51,26170|초량동|110-41,standard,True,
26170,초량동,1165-1,부산역유림로미오,부산역유림로미오,부산역 유림 로미오,A10028112,A10028112,road_legal_address_exact,100.0,100.0,1,26170|중앙대로274번길|7-7,26170|초량동|1165-1,standard,False,
26170,좌천동,808,동원드림타운,동원드림타운,좌천동원드림타운,A60105001,A60105001,road_legal_address_exact,100.0,85.71428571428572,1,26170|고관로|173,26170|좌천동|808,standard,False,
26170,좌천동,741-1,좌천시민,좌천시민(741-1),,,TRADE_D69C291481D1,unmatched,0.0,33.333333333333336,5,26170|성북로22번길|17,26170|좌천동|741-1,standard,True,
26170,좌천동,728-3,문화,문화,,,TRADE_7B542212F7FE,unmatched,0.0,0.0,5,26170|증산동로|51,26170|좌천동|728-3,standard,True,
26170,초량동,807-10,하이츠빌리지1,하이츠빌리지-1,,,TRADE_A97FF2EEA0A5,unmatched,0.0,26.66666666666667,10,26170|초량로40번길|14-3,26170|초량동|807-10,standard,True,
26170,초량동,1165-11,부산역유림줄리엣,부산역유림줄리엣,부산역 유림줄리엣,A10028104,A10028104,road_legal_address_exact,100.0,100.0,1,26170|중앙대로274번길|7-3,26170|초량동|1165-11,standard,False,
26170,초량동,1056-82,보라빌,보라빌,,,TRADE_A4479F8D087E,unmatched,0.0,28.57142857142857,10,26170|초량중로21번길|12,26170|초량동|1056-82,standard,True,
26170,좌천동,737-1,좌천시민,좌천시민(737-1),,,TRADE_9F688BEC0332,unmatched,0.0,33.333333333333336,5,26170|성북로22번길|29,26170|좌천동|737-1,standard,True,
26170,수정동,1011-51,동남,동남,,,TRADE_3CD48FD8DB8D,unmatched,0.0,0.0,3,26170|홍곡로|67,26170|수정동|1011-51,standard,True,
26170,초량동,1057-34,배룡하나빌,배룡하나빌,,,TRADE_80227A2C9D78,unmatched,0.0,0.0,10,26170|초량중로21번길|9,26170|초량동|1057-34,standard,True,
26200,대교동1가,129-2,한우리6차,한우리6차,,,TRADE_3C97F8FB9E0A,unmatched,0.0,0.0,1,26200|남항서로|132,26200|대교동1가|129-2,standard,True,
26200,동삼동,1190,영도경동리인,영도경동리인,영동경동리인,A10021630,A10021630,road_legal_address_exact,100.0,83.33333333333334,1,26200|절영로490번길|18,26200|동삼동|1190,standard,False,
26200,영선동4가,186-46,반도보라,반도보라,영선동반도보라아파트,A60681702,A60681702,road_legal_address_exact,100.0,72.72727272727273,1,26200|해안산책길|30,26200|영선동4가|186-46,standard,False,
26200,영선동2가,44-1,힐링파크,힐링파크,,,TRADE_34476F3C135B,unmatched,0.0,0.0,1,26200|영선대로|69,26200|영선동2가|44-1,standard,True,
26200,영선동1가,6,에코팰리스,에코팰리스,,,TRADE_BC849F52B6D9,unmatched,0.0,0.0,0,26200|절영로19번길|57,26200|영선동1가|6,standard,True,
26200,봉래동2가,112,미광마린타워,미광마린타워,미광마린타워아파트,A60675801,A60675801,road_legal_address_exact,100.0,100.0,1,26200|대교로14번길|17,26200|봉래동2가|112,standard,False,
26200,영선동4가,1298,영선2동4동,영선2동4동,,,TRADE_4D145433E4CC,unmatched,0.0,46.15384615384615,2,26200|절영로|227,26200|영선동4가|1298,standard,True,
26200,대교동1가,64-1,로웰타워,로웰타워,,,TRADE_8072E45DF208,unmatched,0.0,0.0,1,26200|봉래나루로|48,26200|대교동1가|64-1,standard,True,
26200,남항동1가,86,더킹페로스,더킹페로스아파트,,,TRADE_5A901934D33A,unmatched,0.0,0.0,1,26200|절영로|48,26200|남항동1가|86,standard,True,
26200,동삼동,510-27,벽산비치,벽산비치,영도벽산비치타운,A60608001,A60608001,road_legal_address_exact,100.0,66.66666666666667,1,26200|와치로|266,26200|동삼동|510-27,standard,False,
26200,신선동3가,89-16,동일,동일,,,TRADE_71B6E94E0E2A,unmatched,0.0,0.0,0,26200|하나길|143,26200|신선동3가|89-16,standard,True,
26200,청학동,214-5,천지해오름,천지해오름,,,TRADE_AB18585A6683,unmatched,0.0,15.384615384615385,9,26200|태종로|335,26200|청학동|214-5,standard,True,
26200,동삼동,1124-2,반도보라비치타운,반도보라비치타운,반도보라비치타운,A60608106,A60608106,road_legal_address_exact,100.0,100.0,1,26200|함지로|19,26200|동삼동|1124-2,standard,False,
26200,동삼동,510-34,동삼동한진로즈힐,동삼동한진로즈힐,한진로즈힐,A60677104,A60677104,road_legal_address_exact,100.0,76.92307692307692,1,26200|와치로|294,26200|동삼동|510-34,standard,False,
26200,동삼동,1124,함지그린,함지그린,함지그린,A60675110,A60675110,road_legal_address_exact,100.0,100.0,1,26200|함지로|8,26200|동삼동|1124,standard,False,
26200,청학동,99-294,신영도롯데낙천대,신영도롯데낙천대,신영도롯데낙천대,A60607003,A60607003,road_legal_address_exact,100.0,100.0,1,26200|청학남로|48,26200|청학동|99-294,standard,False,
26200,청학동,69-83,미주비치,미주비치,영도미주비치아파트,A60681904,A60681904,road_legal_address_exact,100.0,80.0,1,26200|일산봉로|62,26200|청학동|69-83,standard,False,
26200,신선동2가,141-1,신선,신선,,,TRADE_10A69620F777,unmatched,0.0,0.0,1,26200|중복길|384,26200|신선동2가|141-1,standard,True,
26200,대교동2가,151-3,아이블리스,아이블리스,,,TRADE_8C381F051EB2,unmatched,0.0,0.0,0,26200|절영로|33,26200|대교동2가|151-3,standard,True,
26200,남항동1가,217-1,남항부백자연애,남항부백자연애,남항부백자연애아파트,A10027065,A10027065,road_legal_address_exact,100.0,100.0,1,26200|절영로35번길|46,26200|남항동1가|217-1,standard,False,
26200,동삼동,1189,롯데캐슬블루오션,롯데캐슬블루오션,롯데캐슬블루오션 아파트,A10026828,A10026828,road_address_exact,100.0,100.0,1,26200|절영로|524,26200|동삼동|1189,standard,False,
26200,동삼동,1123,동삼그린힐,동삼그린힐,동삼그린힐,A60608303,A60608303,road_legal_address_exact_name,100.0,100.0,2,26200|상리로|1,26200|동삼동|1123,standard,False,
26200,청학동,62-60,한라비치,한라비치,한라비치아파트,A60681802,A60681802,road_legal_address_exact,100.0,100.0,1,26200|태종로|428,26200|청학동|62-60,standard,False,
26200,봉래동5가,30-1,한진중공업사원,한진중공업사원,,,TRADE_D57F6C36F3B8,unmatched,0.0,0.0,0,26200|하나길|753,26200|봉래동5가|30-1,standard,True,
26200,영선동4가,1278,영선1동,영선1동,,,TRADE_537EFFB8E3D8,unmatched,0.0,54.54545454545454,2,26200|절영로|227,26200|영선동4가|1278,standard,True,
26200,신선동2가,181-30,영광그린,영광그린,영광그린파크아파트,A60605201,A60605201,road_legal_address_exact,100.0,80.0,1,26200|중복길|270,26200|신선동2가|181-30,standard,False,
26200,동삼동,1191,비룡벨로스텔라,비룡벨로스텔라,,,TRADE_93A350C66062,unmatched,0.0,16.666666666666664,23,26200|중리북로21번길|10,26200|동삼동|1191,standard,True,
26200,동삼동,510-37,동삼절영3,동삼절영3,동삼절영3차,A60680907,A60680907,road_legal_address_exact,100.0,90.9090909090909,1,26200|와치로|287,26200|동삼동|510-37,standard,False,
26200,봉래동3가,137,오양대교맨션,오양대교맨션,,,TRADE_175846C8D0F1,unmatched,0.0,0.0,0,26200|대교로6번길|33,26200|봉래동3가|137,standard,True,
26200,청학동,69-93,한일유앤아이,한일유앤아이,청학동한일유앤아이아파트,A60607001,A60607001,road_legal_address_exact,100.0,80.0,1,26200|일산봉로|58,26200|청학동|69-93,standard,False,
26200,동삼동,231-1,봉황주택,봉황주택,,,TRADE_9CBFA1AB61E9,unmatched,0.0,18.181818181818176,23,26200|동삼로|88,26200|동삼동|231-1,standard,True,
26200,청학동,536,영도신도브래뉴,영도신도브래뉴,청학영도신도브래뉴,A60607004,A60607004,road_legal_address_exact,100.0,87.5,1,26200|태종로|260,26200|청학동|536,standard,False,
26200,봉래동3가,91-2,성우펠리체리움,성우펠리체리움,,,TRADE_30180BE73EB0,unmatched,0.0,0.0,0,26200|대교로2번길|15,26200|봉래동3가|91-2,standard,True,
26200,봉래동1가,128-1,유원블루파크,유원블루파크,,,TRADE_3CA7F2E42B28,unmatched,0.0,0.0,0,26200|대교로40번길|8,26200|봉래동1가|128-1,standard,True,
26200,동삼동,1145,유림노르웨이숲비치,유림노르웨이숲비치,,,TRADE_4C4345CD891E,unmatched,0.0,25.0,23,26200|태종로|705,26200|동삼동|1145,standard,True,
26200,청학동,216-26,비온뒤,비온뒤,,,TRADE_52C542ACA327,unmatched,0.0,28.57142857142857,9,26200|해양로|78,26200|청학동|216-26,standard,True,
26200,봉래동4가,300,영도유림,영도유림,영도유림아파트,A60681101,A60681101,road_legal_address_exact,100.0,100.0,1,26200|봉래길|94,26200|봉래동4가|300,standard,False,
26200,동삼동,510-11,절영,절영아파트(215동-217동),절영아파트,A60680912,A60680912,legal_address_exact,100.0,100.0,1,26200|중리로|41,26200|동삼동|510-11,standard,False,
26200,남항동2가,202,진명드림빌,진명드림빌,,,TRADE_C08750E19FCD,unmatched,0.0,0.0,0,26200|절영로|89,26200|남항동2가|202,standard,True,
26200,청학동,419,영광마린타워,영광마린타워,,,TRADE_7D78350229C8,unmatched,0.0,18.181818181818176,9,26200|청학서로|1,26200|청학동|419,standard,True,
26200,영선동3가,8,더페로스,더페로스,,,TRADE_FCE45A0A9045,unmatched,0.0,0.0,0,26200|영선대로67번길|17,26200|영선동3가|8,standard,True,
26200,봉래동5가,169-1,시영,시영(169-1),,,TRADE_C4ADAA707ACB,unmatched,0.0,0.0,0,26200|봉래길|134,26200|봉래동5가|169-1,standard,True,
26230,개금동,1-12,동원화인패밀리,동원화인패밀리,동원화인패밀리타운,A61480908,A61480908,road_legal_address_exact,100.0,87.5,1,26230|백양관문로77번길|55,26230|개금동|1-12,standard,False,
26230,범천동,1054,서면이편한세상,서면이-편한세상,서면e-편한세상,A61483202,A61483202,road_legal_address_exact,100.0,85.71428571428572,1,26230|가야대로|702,26230|범천동|1054,standard,False,
26230,범천동,944-1,경남,경남,범천경남아파트,A61476002,A61476002,road_legal_address_exact,100.0,66.66666666666667,1,26230|신암로|32,26230|범천동|944-1,standard,False,
26230,부암동,55-6,일성인포,일성인포,일성in4아파트,A61409003,A61409003,road_legal_address_exact,100.0,44.44444444444444,1,26230|신천대로|252,26230|부암동|55-6,standard,False,
26230,당감동,518,개금주공3단지,개금주공3단지(518-0),개금주공3단지아파트,A61482207,A61482207,road_address_exact,100.0,100.0,1,26230|백양관문로|10,26230|당감동|518,standard,False,
26230,부암동,736,서면동일파크스위트1차,서면동일파크스위트1차,서면동일파크스위트1차아파트,A10028147,A10028147,road_legal_address_exact,100.0,100.0,1,26230|동평로150번길|14,26230|부암동|736,standard,False,
26230,개금동,875,개금역금강펜테리움더스퀘어,개금역금강펜테리움더스퀘어아파트,금강펜테리움 더 스퀘어,A10026363,A10026363,road_legal_address_exact,100.0,86.95652173913044,1,26230|가야대로|450,26230|개금동|875,standard,False,
26230,당감동,807-4,동일스위트,동일스위트,당감동일스위트아파트,A61479605,A61479605,road_legal_address_exact,100.0,83.33333333333334,1,26230|백양관문로|115,26230|당감동|807-4,standard,False,
26230,범천동,859-2,대승메종더어반,대승메종더어반,,,TRADE_0626A79049B1,unmatched,0.0,18.181818181818176,24,26230|중앙대로644번길|60-1,26230|범천동|859-2,standard,True,
26230,당감동,123,태화현대2,태화현대2,태화현대2차아파트,A61475903,A61475903,road_legal_address_exact,100.0,90.9090909090909,1,26230|가야대로|635-13,26230|당감동|123,standard,False,
26230,부전동,537-9,더샵센트럴스타,더샵센트럴스타,서면센트럴스타,A61403001,A61403001,road_legal_address_exact,100.0,71.42857142857143,1,26230|중앙대로666번길|50,26230|부전동|537-9,standard,False,
26230,범천동,851-1,대원,대원아파트,범천대원2차아파트,A61482803,A61482803,road_legal_address_exact,100.0,50.0,1,26230|황령대로18번길|43,26230|범천동|851-1,standard,False,
26230,범천동,1647,서면ds협성엘리시안,서면DS·협성엘리시안아파트,서면DS·협성엘리시안아파트,A10027052,A10027052,road_legal_address_exact,100.0,100.0,1,26230|만리산로|11,26230|범천동|1647,standard,False,
26230,개금동,451-12,개금역스마트더블유,개금역스마트더블유,개금스마트W,A10027311,A10027311,road_legal_address_exact,100.0,66.66666666666667,1,26230|가야대로|411,26230|개금동|451-12,standard,False,
26230,연지동,198-1,로얄,로얄,연지로얄아파트,A10021596,A10021596,road_legal_address_exact,100.0,66.66666666666667,1,26230|국악로|5,26230|연지동|198-1,standard,False,
26230,양정동,401-8,우호스카이빌,우호스카이빌,,,TRADE_EF582FCFC701,unmatched,0.0,42.85714285714286,13,26230|거제대로|16-7,26230|양정동|401-8,standard,True,
26230,당감동,175-2,삼익,삼익아파트,서면삼익아파트,A61410304,A61410304,road_legal_address_exact,100.0,66.66666666666667,1,26230|당감로|17,26230|당감동|175-2,standard,False,
26230,당감동,109-1,태화현대1,태화현대1,태화현대1차아파트,A61475202,A61475202,road_legal_address_exact,100.0,90.9090909090909,1,26230|가야대로|635-20,26230|당감동|109-1,standard,False,
26230,개금동,53,개금주공2,개금주공2,개금주공2단지,A61475512,A61475512,road_legal_address_exact,100.0,83.33333333333334,1,26230|백양관문로|7,26230|개금동|53,standard,False,
26230,양정동,458-20,현대2차,현대2차,양정현대2차아파트,A61479104,A61479104,road_legal_address_exact,100.0,80.0,1,26230|거제대로|37,26230|양정동|458-20,standard,False,
26230,범천동,980-4,동조리젠시,동조리젠시,,,TRADE_CDDEDCB87D44,unmatched,0.0,26.66666666666667,24,26230|신암로|86-1,26230|범천동|980-4,standard,True,
26230,범천동,1256-2,서면항도타워맨션,서면항도타워맨션,서면항도타워아파트,A61483301,A61483301,road_legal_address_exact,100.0,85.71428571428572,1,26230|신암로|72,26230|범천동|1256-2,standard,False,
26230,부전동,450,네오스포,네오스포,네오스포아파트,A61473002,A61473002,road_legal_address_exact,100.0,100.0,1,26230|신천대로|122,26230|부전동|450,standard,False,
26230,범천동,842-11,가야누리애,가야누리애,,,TRADE_2DE9CFE017D3,unmatched,0.0,66.66666666666667,24,26230|범일로154번길|49,26230|범천동|842-11,standard,True,
26230,부전동,505-6,한솔폴라리스,한솔폴라리스,한솔폴라리스,A61484701,A61484701,road_legal_address_exact,100.0,100.0,1,26230|가야대로|754,26230|부전동|505-6,standard,False,
26230,전포동,587,서면롯데캐슬스카이,서면롯데캐슬스카이,서면롯데캐슬스카이,A61404007,A61404007,road_legal_address_exact,100.0,100.0,1,26230|전포대로275번길|20,26230|전포동|587,standard,False,
26230,당감동,495-9,무궁화101동102동103동105동106동,"무궁화아파트101동,102동,103동,105동,106동",,,TRADE_4B84CAF09E82,unmatched,0.0,13.793103448275868,17,26230|당감로17번길|90,26230|당감동|495-9,standard,True,
26230,전포동,691-2,kh마이우스,KH마이우스,,,TRADE_7FA9B41EEA9F,unmatched,0.0,19.999999999999996,23,26230|전포대로199번길|27,26230|전포동|691-2,standard,True,
26230,부암동,304-1,마제스타워서면,마제스타워서면,진흥마제스타워,A61409001,A61409001,road_legal_address_exact,100.0,71.42857142857143,1,26230|동평로|197,26230|부암동|304-1,standard,False,
26230,부암동,48-3,타워베르빌,타워베르빌,타워베르빌,A61409004,A61409004,road_legal_address_exact,100.0,100.0,1,26230|시민공원로19번길|65,26230|부암동|48-3,standard,False,
26230,부암동,63-3,쌍용스윗닷홈스카이,쌍용스윗닷홈스카이,서면쌍용스윗닷홈스카이,A61409002,A61409002,road_legal_address_exact,100.0,90.0,1,26230|시민공원로|11,26230|부암동|63-3,standard,False,
26230,당감동,768-1,백산,백산,,,TRADE_91BACA88EEFC,unmatched,0.0,33.333333333333336,17,26230|백양순환로|55,26230|당감동|768-1,standard,True,
26230,전포동,33-9,서면한신,서면한신,서면한신,A61404006,A61404006,road_address_exact,100.0,100.0,1,26230|전포대로|294,26230|전포동|33-9,standard,False,
26230,전포동,172-3,한성시티빌,한성시티빌,,,TRADE_37140AB8233C,unmatched,0.0,40.0,23,26230|전포대로|280,26230|전포동|172-3,standard,True,
26230,당감동,792-3,국제프라자,국제프라자,국제프라자아파트,A61477902,A61477902,road_legal_address_exact,100.0,100.0,1,26230|백양관문로|101,26230|당감동|792-3,standard,False,
26230,부암동,735,부산서면동문굿모닝힐,부산서면동문굿모닝힐,서면동문굿모닝힐,A61409005,A61409005,road_legal_address_exact,100.0,88.88888888888889,1,26230|신천대로220번길|65,26230|부암동|735,standard,False,
26230,당감동,516,개금주공3단지,개금주공3단지,개금주공3단지아파트,A61482207,A61482207,road_legal_address_exact,100.0,100.0,1,26230|백양관문로|10,26230|당감동|516,standard,False,
26230,양정동,271-2,산호맨션,산호맨션,,,TRADE_E58891430D12,unmatched,0.0,11.764705882352944,13,26230|연수로|29,26230|양정동|271-2,standard,True,
26230,초읍동,215-22,한일맨션,한일맨션,,,TRADE_F247FD985A74,unmatched,0.0,25.0,10,26230|성지로|84,26230|초읍동|215-22,standard,True,
26230,양정동,525,대원칸타빌멤버스,대원칸타빌멤버스,대원칸타빌멤버스,A61479902,A61479902,road_legal_address_exact,100.0,100.0,1,26230|거제대로|26,26230|양정동|525,standard,False,
26230,범천동,875-24,범천동프렌빌,범천동프렌빌,,,TRADE_1FC4A0CA75C0,unmatched,0.0,40.0,24,26230|신천대로71번길|49,26230|범천동|875-24,standard,True,
26230,초읍동,365,한신,한신,초읍한신아파트,A61487305,A61487305,road_legal_address_exact,100.0,66.66666666666667,1,26230|월드컵대로|449,26230|초읍동|365,standard,False,
26230,가야동,128-1,가야동원로얄듀크,가야동원로얄듀크,가야동원로얄듀크,A61479503,A61479503,road_legal_address_exact,100.0,100.0,1,26230|가야대로|531,26230|가야동|128-1,standard,False,
26230,전포동,683-11,서면쌍용플래티넘,서면쌍용플래티넘,서면쌍용플래티넘,A61486602,A61486602,road_legal_address_exact,100.0,100.0,1,26230|동천로|70,26230|전포동|683-11,standard,False,
26230,전포동,876-4,전포동에메랄드홈,전포동에메랄드홈,전포동 에메랄드홈,A61404101,A61404101,road_legal_address_exact,100.0,100.0,1,26230|중앙대로|786,26230|전포동|876-4,standard,False,
26230,연지동,403,연지자이,연지자이,연지자이1차아파트,A61486005,A61486005,road_legal_address_exact,100.0,80.0,1,26230|동평로183번길|67,26230|연지동|403,standard,False,
26230,양정동,406-4,백조,백조,양정백조,A61488201,A61488201,road_legal_address_exact,100.0,66.66666666666667,1,26230|동평로|409,26230|양정동|406-4,standard,False,
26230,가야동,588,반도보라빌,반도보라빌,가야반도보라빌,A61479502,A61479502,road_legal_address_exact,100.0,83.33333333333334,1,26230|가야공원로|41,26230|가야동|588,standard,False,
26230,전포동,878-26,삼정코아,삼정코아,서면삼정코아,A61404002,A61404002,road_legal_address_exact,100.0,80.0,1,26230|동천로|134,26230|전포동|878-26,standard,False,
26230,전포동,362-64,한라비발디,한라비발디,한라비발디,A61486301,A61486301,road_legal_address_exact,100.0,100.0,1,26230|전포대로|156,26230|전포동|362-64,standard,False,
26230,당감동,794,백양푸른채,백양푸른채,백양푸른채,A61482303,A61482303,road_legal_address_exact,100.0,100.0,1,26230|백양산로53번길|62,26230|당감동|794,standard,False,
26230,개금동,53-1,개금주공1,개금주공1,신개금주공1단지,A61481005,A61481005,road_legal_address_exact,100.0,76.92307692307692,1,26230|백양대로208번길|25,26230|개금동|53-1,standard,False,
26230,당감동,479-2,무궁화,무궁화(108-116동),,,TRADE_65DCE1C49323,unmatched,0.0,22.22222222222222,17,26230|당감로17번길|90,26230|당감동|479-2,standard,True,
26230,양정동,406-6,부원맨션,부원맨션,,,TRADE_DAEBBADFCD66,unmatched,0.0,19.999999999999996,13,26230|중앙대로941번길|11,26230|양정동|406-6,standard,True,
26230,부암동,500,화승,화승,화승삼성아파트,A61484005,A61484005,legal_address_exact,100.0,66.66666666666667,1,26230|당감로|80,26230|부암동|500,standard,False,
26230,전포동,880-1,서면세종그랑시아,서면세종그랑시아,서면세종그랑시아,A61477304,A61477304,road_legal_address_exact,100.0,100.0,1,26230|전포대로171번길|12,26230|전포동|880-1,standard,False,
26230,부암동,332-6,미주,미주,부암미주아파트,A10020971,A10020971,road_legal_address_exact,100.0,66.66666666666667,1,26230|동평로131번길|8,26230|부암동|332-6,standard,False,
26230,전포동,892-21,서면노르웨이아침,서면노르웨이아침,서면유림노르웨이아침,A61477302,A61477302,road_legal_address_exact,100.0,88.88888888888889,1,26230|동천로|10-1,26230|전포동|892-21,standard,False,
26230,개금동,1-9,개금우드빌,개금우드빌(1-9),개금우드빌,A61477009,A61477009,legal_address_main_name,100.0,100.0,4,26230|백양관문로77번길|56,26230|개금동|1-9,standard,False,
26230,부암동,746,서면동일파크스위트3차,서면동일파크스위트3차,서면동일파크스위트3차아파트,A10026861,A10026861,road_address_exact,100.0,100.0,1,26230|동평로|162,26230|부암동|746,standard,False,
26230,연지동,50-6,화인,화인,화인연지아파트,A61478807,A61478807,road_legal_address_exact,100.0,66.66666666666667,1,26230|동평로291번길|30,26230|연지동|50-6,standard,False,
26230,양정동,273-1,롯데갤러리움,롯데갤러리움,양정롯데갤러리움,A61471001,A61471001,road_legal_address_exact,100.0,85.71428571428572,1,26230|중앙대로969번길|11,26230|양정동|273-1,standard,False,
26230,부암동,680-18,서면루미랑스,서면루미랑스,,,TRADE_CBCE519679E3,unmatched,0.0,37.5,27,26230|가야대로747번길|62,26230|부암동|680-18,standard,True,
26230,부전동,514-8,서면블리체,서면블리체,,,TRADE_2250EA7C6504,unmatched,0.0,42.85714285714286,7,26230|가야대로750번길|71,26230|부전동|514-8,standard,True,
26230,전포동,194-7,동양팰리스,동양팰리스,,,TRADE_976484110898,unmatched,0.0,16.666666666666664,23,26230|전포대로246번길|6,26230|전포동|194-7,standard,True,
26230,부암동,560-14,협성피닉스타운,협성피닉스타운,협성피닉스아파트,A61484004,A61484004,road_legal_address_exact,100.0,83.33333333333334,1,26230|당감로|118,26230|부암동|560-14,standard,False,
26230,당감동,791,국제백양,국제백양,국제백양아파트,A61477806,A61477806,road_legal_address_exact,100.0,100.0,1,26230|백양관문로|104,26230|당감동|791,standard,False,
26230,전포동,326,전포시영,전포시영,전포시영,A61404005,A61404005,road_legal_address_exact,100.0,100.0,1,26230|진남로|336,26230|전포동|326,standard,False,
26230,가야동,5-56,영진,영진(5-56),,,TRADE_88D7E9A53FEB,unmatched,0.0,0.0,12,26230|가야대로668번가길|9,26230|가야동|5-56,standard,True,
26230,전포동,147-2,더샵골드6,더샵골드6,,,TRADE_98BA2687FFBE,unmatched,0.0,15.384615384615385,23,26230|전포대로300번길|49,26230|전포동|147-2,standard,True,
26230,범천동,865,서면유림노르웨이숲,서면유림노르웨이숲,서면유림노르웨이숲,A61402006,A61402006,road_legal_address_exact,100.0,100.0,1,26230|신천대로|71,26230|범천동|865,standard,False,
26230,연지동,1,청구,청구,연지청구아파트,A61485904,A61485904,road_legal_address_exact,100.0,66.66666666666667,1,26230|성지로62번길|10,26230|연지동|1,standard,False,
26230,당감동,447-3,삼익,"삼익(10,11동)",서면삼익아파트,A61410304,A61410304,road_address_exact,100.0,66.66666666666667,1,26230|당감로|17,26230|당감동|447-3,standard,False,
26230,양정동,458-5,현대1차,현대1차,양정현대1차아파트,A61475403,A61475403,road_legal_address_exact,100.0,80.0,1,26230|동평로|352,26230|양정동|458-5,standard,False,
26230,전포동,694-6,메리온시티,메리온시티,,,TRADE_3D5B73AD4B31,unmatched,0.0,22.22222222222222,23,26230|서전로46번길|90,26230|전포동|694-6,standard,True,
26230,부암동,730,백양산월드메르디앙,백양산월드메르디앙,백양산월드메르디앙,A61409301,A61409301,road_legal_address_exact,100.0,100.0,1,26230|백양산로|36,26230|부암동|730,standard,False,
26230,개금동,613-1,신양맨션,신양맨션,,,TRADE_69C4A6542F98,unmatched,0.0,22.22222222222222,23,26230|진사로|27,26230|개금동|613-1,standard,True,
26230,개금동,540-51,다온미즈,다온미즈,,,TRADE_AD804BE1B50C,unmatched,0.0,25.0,23,26230|복지로|57,26230|개금동|540-51,standard,True,
26230,초읍동,173-8,세원,세원秀아파트,,,TRADE_C687FA15EA3E,unmatched,0.0,18.181818181818176,10,26230|성지로|130,26230|초읍동|173-8,standard,True,
26230,범천동,1127,로얄,로얄,,,TRADE_3452582C612D,unmatched,0.0,0.0,24,26230|엄광로|394,26230|범천동|1127,standard,True,
26230,부암동,725,당감뜨란채,당감뜨란채,당감뜨란채아파트,A61409302,A61409302,road_legal_address_exact,100.0,100.0,1,26230|백양산로|57,26230|부암동|725,standard,False,
26230,연지동,353-1,세동한신,세동한신,세동한신아파트,A61486008,A61486008,road_legal_address_exact,100.0,100.0,1,26230|새싹로|183,26230|연지동|353-1,standard,False,
26230,전포동,190-25,대동파크,대동파크,전포대동파크맨션아파트,A61486501,A61486501,road_legal_address_exact,100.0,66.66666666666667,1,26230|진남로|404,26230|전포동|190-25,standard,False,
26230,가야동,698,가야케이티이편한세상,가야케이티이편한세상,가야KTe-편한세상,A61401301,A61401301,road_legal_address_exact,100.0,63.1578947368421,1,26230|가야대로|569,26230|가야동|698,standard,False,
26230,전포동,362-62,한웅인터빌,한웅인터빌,한웅인터빌,A61404004,A61404004,road_legal_address_exact,100.0,100.0,1,26230|전포대로|162,26230|전포동|362-62,standard,False,
26230,부암동,731,서면쌍용스윗닷홈파크,서면쌍용스윗닷홈파크,서면쌍용스윗닷홈파크,A61483604,A61483604,road_legal_address_exact,100.0,100.0,1,26230|신천대로220번길|31,26230|부암동|731,standard,False,
26230,개금동,산52-6,태림,태림,,,TRADE_AB169777E260,unmatched,0.0,0.0,23,26230|엄광로44번길|21,26230|개금동|산52-6,standard,True,
26230,연지동,406,연지자이2차,연지자이2차,연지자이2차,A61478901,A61478901,road_legal_address_exact,100.0,100.0,1,26230|초연로|11,26230|연지동|406,standard,False,
26230,개금동,596,엘지신개금,엘지신개금(2-2),,,TRADE_0214E83E38C8,unmatched,0.0,60.0,23,26230|백양대로300번길|19,26230|개금동|596,standard,True,
26230,범천동,1000-24,범내골역한라비발디studio422,범내골역한라비발디STUDIO422,범내골역한라비발디스튜디오422,A61402005,A61402005,road_legal_address_exact,100.0,70.58823529411764,1,26230|범천로|22,26230|범천동|1000-24,standard,False,
26230,연지동,23-17,연지2청구,연지2청구,연지2차청구아파트,A61485906,A61485906,road_legal_address_exact,100.0,90.9090909090909,1,26230|동평로291번길|30-17,26230|연지동|23-17,standard,False,
26230,부암동,601-28,솔내음파미유,솔내음파미유,솔내음파미유,A61409006,A61409006,legal_address_exact,100.0,100.0,1,26230|부암당산로21번길|48,26230|부암동|601-28,standard,False,
26230,범천동,841-1,더샵골드3,더샵골드3,,,TRADE_76FD625D7D6C,unmatched,0.0,25.0,24,26230|자유평화로37번길|51,26230|범천동|841-1,standard,True,
26230,부암동,739,서면동일파크스위트2차,서면동일파크스위트2차,서면동일파크스위트2차아파트,A10027129,A10027129,road_address_exact,100.0,100.0,1,26230|동평로|128,26230|부암동|739,standard,False,
26230,부암동,9-3,일동미라주,일동미라주,일동미라주아파트,A61483503,A61483503,road_legal_address_exact,100.0,100.0,1,26230|동평로|218,26230|부암동|9-3,standard,False,
26230,개금동,618-2,개금아이파크,개금아이파크,개금아이파크,A61477105,A61477105,road_legal_address_exact,100.0,100.0,1,26230|복지로|70,26230|개금동|618-2,standard,False,
26230,전포동,890-37,경원프라우드2,경원프라우드-2,,,TRADE_945DF7C08AB3,unmatched,0.0,26.66666666666667,23,26230|전포대로|163,26230|전포동|890-37,standard,True,
26230,당감동,770,삼성,삼성,,,TRADE_E1B49E7226F0,unmatched,0.0,33.333333333333336,17,26230|당감서로|112,26230|당감동|770,standard,True,
26230,가야동,5-44,새영진,새영진,,,TRADE_DF8253050B21,unmatched,0.0,0.0,12,26230|가야대로668번가길|28,26230|가야동|5-44,standard,True,
26230,초읍동,349,대림파크빌,대림파크빌,,,TRADE_51E5C68F7B46,unmatched,0.0,26.66666666666667,10,26230|성지곡로16번길|11,26230|초읍동|349,standard,True,
26230,부전동,415-1,대동레미안더오션,대동레미안더오션,,,TRADE_871050CEA190,unmatched,0.0,16.666666666666664,7,26230|부전로111번길|15,26230|부전동|415-1,standard,True,
26230,가야동,35,가야동그린시티,가야동그린시티,,,TRADE_341EB15911B3,unmatched,0.0,53.333333333333336,12,26230|가야대로679번길|61,26230|가야동|35,standard,True,
26230,개금동,219-3,남평파크빌,남평파크빌,,,TRADE_C7E6E02149A4,unmatched,0.0,36.36363636363637,23,26230|개금본동로9번길|61,26230|개금동|219-3,standard,True,
26230,당감동,1023,한울트라움,한울트라움아파트,,,TRADE_618B54E8AE6D,unmatched,0.0,19.999999999999996,17,26230|백양순환로|36,26230|당감동|1023,standard,True,
26230,가야동,산32-1,해운,해운,,,TRADE_8AAE412C0441,unmatched,0.0,25.0,12,26230|엄광로|159,26230|가야동|산32-1,standard,True,
26230,연지동,376-8,삼익,삼익아파트,,,TRADE_58E22D14B044,unmatched,0.0,0.0,14,26230|새싹로|149,26230|연지동|376-8,standard,True,
26230,가야동,385-2,시영,시영,,,TRADE_9782D4985FF3,unmatched,0.0,0.0,12,26230|엄광로|270,26230|가야동|385-2,standard,True,
26230,부암동,720,쌍용스윗닷홈,쌍용스윗닷홈,백양산쌍용스윗닷홈아파트,A61479403,A61479403,road_legal_address_exact,100.0,80.0,1,26230|백양산로|70,26230|부암동|720,standard,False,
26230,당감동,480-12,무궁화,무궁화(117-119동),,,TRADE_F7AB6583136E,unmatched,0.0,22.22222222222222,17,26230|당감서로|21,26230|당감동|480-12,standard,True,
26230,전포동,33-432,동광하이빌,동광하이빌(106),,,TRADE_9E968C9BE9C4,unmatched,0.0,30.76923076923077,23,26230|전포대로276번길|36-9,26230|전포동|33-432,standard,True,
26230,전포동,191-661,화신,화신,전포화신아파트,A61486502,A61486502,road_legal_address_exact,100.0,66.66666666666667,1,26230|진남로356번길|90,26230|전포동|191-661,standard,False,
26230,전포동,191-3,화신거화,화신거화,화신거화1차아파트,A10020784,A10020784,road_legal_address_exact,100.0,80.0,1,26230|진남로|388,26230|전포동|191-3,standard,False,
26230,부암동,114-5,거승수정빌라트,거승수정빌라트,,,TRADE_0DDCAF131EAB,unmatched,0.0,28.57142857142857,27,26230|신천대로216번길|12,26230|부암동|114-5,standard,True,
26230,당감동,797,백양뜨란채주공,"백양뜨란채,주공아파트(1단지)",백양뜨란채아파트,A61482302,A61482302,road_legal_address_exact_name,83.33333333333334,83.33333333333334,2,26230|백양산로53번길|125,26230|당감동|797,standard,True,
26230,범천동,875-11,평광우리가,평광우리가,,,TRADE_04DCB23CC5F7,unmatched,0.0,19.999999999999996,24,26230|신천대로65번길|90,26230|범천동|875-11,standard,True,
26230,당감동,70-5,세원수,세원수아파트,,,TRADE_55A58179EA32,unmatched,0.0,22.22222222222222,17,26230|가야대로703번길|26,26230|당감동|70-5,standard,True,
26230,전포동,산99-46,서면,서면,,,TRADE_401D3850D5D3,unmatched,0.0,66.66666666666667,23,26230|진남로435번길|47,26230|전포동|산99-46,standard,True,
26230,양정동,399-1,한진스카이뷰,한진스카이뷰,양정한진스카이뷰,A10023933,A10023933,road_legal_address_exact,100.0,85.71428571428572,1,26230|거제대로|46,26230|양정동|399-1,standard,False,
26230,개금동,57,우성,우성,신개금우성아파트,A61481004,A61481004,road_legal_address_exact,100.0,57.14285714285714,1,26230|백양대로208번길|38-25,26230|개금동|57,standard,False,
26230,개금동,455,엘지신개금,엘지신개금(2-1),신개금LG아파트,A61481111,A61481111,road_legal_address_exact,100.0,60.0,1,26230|백양대로300번길|20,26230|개금동|455,standard,False,
26230,전포동,881-5,더블루오피스텔,더블루오피스텔,,,TRADE_0A5F85C2513A,unmatched,0.0,22.22222222222222,23,26230|전포대로171번길|26,26230|전포동|881-5,standard,True,
26230,양정동,270-5,포세이돈,포세이돈,,,TRADE_0982C4847C77,unmatched,0.0,18.181818181818176,13,26230|연수로11번길|43,26230|양정동|270-5,standard,True,
26230,전포동,9,양정메트로하이츠,양정메트로하이츠,양정메트로하이츠,A61404003,A61404003,road_legal_address_exact,100.0,100.0,1,26230|진남로|477,26230|전포동|9,standard,False,
26230,양정동,397-1,양정역퀸즈팰리스,양정역퀸즈팰리스,양정퀸즈팰리스,A10027048,A10027048,road_legal_address_exact,100.0,93.33333333333333,1,26230|거제대로48번길|20,26230|양정동|397-1,standard,False,
26230,범전동,450,삼한골든뷰센트럴파크,삼한골든뷰센트럴파크,삼한골든뷰센트럴파크,A10025540,A10025540,road_address_exact,100.0,100.0,1,26230|중앙대로|821,26230|범전동|450,standard,False,
26230,범천동,1197-8,동원퀸스빌,동원퀸스빌,,,TRADE_CEAA108C03CB,unmatched,0.0,33.333333333333336,24,26230|신암로|107,26230|범천동|1197-8,standard,True,
26230,연지동,322,한신타워,한신타워,한신타워아파트(연지동),A61478703,A61478703,road_legal_address_exact,100.0,100.0,1,26230|성지로61번길|30,26230|연지동|322,standard,False,
26230,초읍동,508,초읍대우,초읍대우,초읍대우아파트,A61487406,A61487406,road_legal_address_exact,100.0,100.0,1,26230|성지로94번길|85,26230|초읍동|508,standard,False,
26230,당감동,479-8,동원,동원,,,TRADE_DB98F451FD78,unmatched,0.0,50.0,17,26230|백양대로136번길|80,26230|당감동|479-8,standard,True,
26230,전포동,171-2,서면앙쥬빌주상복합,서면앙쥬빌주상복합,,,TRADE_1404C14AF02B,unmatched,0.0,35.29411764705882,23,26230|전포대로|282,26230|전포동|171-2,standard,True,
26230,범천동,1057-2,대우디오빌1,대우디오빌1,대우디오빌,A61483201,A61483201,road_legal_address_exact,100.0,90.9090909090909,1,26230|가야대로|714,26230|범천동|1057-2,standard,False,
26230,범천동,1589-27,탑패밀리,탑패밀리,,,TRADE_547FDE7512B2,unmatched,0.0,16.666666666666664,24,26230|신천대로|167,26230|범천동|1589-27,standard,True,
26230,개금동,628-1,시영,시영(6~11동),개금시영아파트,A61477403,A61477403,road_address_exact,100.0,66.66666666666667,1,26230|진사로61번길|29,26230|개금동|628-1,standard,False,
26230,범천동,859-16,세운이노빌,세운이노빌,,,TRADE_5896D6BFF29F,unmatched,0.0,19.999999999999996,24,26230|황령대로|23,26230|범천동|859-16,standard,True,
26230,양정동,86-4,화성빌라트,화성빌라트,,,TRADE_93B10921C5F4,unmatched,0.0,18.181818181818176,13,26230|진남로|601,26230|양정동|86-4,standard,True,
26230,부암동,657,백양산삼정그린코아,백양산삼정그린코아,백양산삼정그린코아,A61479404,A61479404,road_address_exact,100.0,100.0,1,26230|용사촌로|52-16,26230|부암동|657,standard,False,
26230,당감동,659-1,태우선파크,태우선파크,태우선파크아파트,A61482301,A61482301,road_legal_address_exact,100.0,100.0,1,26230|백양순환로35번길|43,26230|당감동|659-1,standard,False,
26230,범천동,879-2,서면베르빌2,서면베르빌2,서면베르빌2,A61402003,A61402003,road_legal_address_exact,100.0,100.0,1,26230|중앙대로|584,26230|범천동|879-2,standard,False,
26230,가야동,55,화신,화신,가야화신타운,A61480003,A61480003,road_legal_address_exact,100.0,50.0,1,26230|가야대로679번길|166,26230|가야동|55,standard,False,
26230,개금동,492-10,협성맨션,협성맨션,,,TRADE_3FC790A17711,unmatched,0.0,25.0,23,26230|가야대로|432,26230|개금동|492-10,standard,True,
26230,개금동,산54-4,고원,고원,고원아파트,A61411202,A61411202,road_address_exact,100.0,100.0,1,26230|엄광로62번길|61,26230|개금동|산54-4,standard,False,
26230,전포동,194-14,신화골든뷰,신화골든뷰,,,TRADE_C4872B8BB222,unmatched,0.0,36.36363636363637,23,26230|전포대로|250,26230|전포동|194-14,standard,True,
26230,개금동,19-6,반도보라맨션,반도보라맨션,개금반도보라,A61477612,A61477612,road_legal_address_exact,100.0,66.66666666666667,1,26230|개금본동로|42,26230|개금동|19-6,standard,False,
26230,범천동,849-2,대동레미안센트럴시티5,대동레미안센트럴시티5,대동레미안센트럴시티5,A10022379,A10022379,road_legal_address_exact,100.0,100.0,1,26230|범일로192번길|10,26230|범천동|849-2,standard,False,
26230,개금동,566-51,대동,대동,개금대동아파트,A61481501,A61481501,road_legal_address_exact,100.0,66.66666666666667,1,26230|진사로89번길|73,26230|개금동|566-51,standard,False,
26230,개금동,1-7,개금우드빌,개금우드빌,개금우드빌,A61477009,A61477009,legal_address_exact,100.0,100.0,1,26230|백양관문로77번길|81,26230|개금동|1-7,standard,False,
26230,전포동,181-1,서면대우디오빌2,서면대우디오빌2,서면대우디오빌2,A61404203,A61404203,road_legal_address_exact,100.0,100.0,1,26230|전포대로|274,26230|전포동|181-1,standard,False,
26260,명륜동,702-48,세창,세창(702-48),,,TRADE_07B37F54EE02,unmatched,0.0,0.0,12,26260|온천천로|83,26260|명륜동|702-48,standard,True,
26260,안락동,472-57,안락skview,안락SKVIEW,안락1차SK아파트,A60777205,A60777205,road_legal_address_exact,100.0,57.14285714285714,1,26260|충렬대로|487,26260|안락동|472-57,standard,False,
26260,안락동,1258,안락경동리인,안락경동리인,안락경동리인아파트,A10027972,A10027972,legal_address_exact,100.0,100.0,1,26260|충렬대로446번길|67,26260|안락동|1258,standard,False,
26260,수안동,665-3,금양해바라기1,금양해바라기1,금양해바라기1차아파트,A60782402,A60782402,road_legal_address_exact,100.0,93.33333333333333,1,26260|충렬대로202번길|14,26260|수안동|665-3,standard,False,
26260,온천동,1129-4,대동타운,대동타운,온천대동다숲,A60783701,A60783701,road_legal_address_exact,100.0,40.0,1,26260|금정마을로|120,26260|온천동|1129-4,standard,False,
26260,수안동,10-1,수안,수안,,,TRADE_1CFD69D37FF6,unmatched,0.0,40.0,11,26260|명륜로45번길|31,26260|수안동|10-1,standard,True,
26260,안락동,1242,안락뜨란채2단지,안락뜨란채2단지,안락뜨란채2단지아파트,A60710004,A60710004,road_legal_address_exact,100.0,100.0,1,26260|연안로|74,26260|안락동|1242,standard,False,
26260,사직동,1058,쌍용더플래티넘사직아시아드,쌍용더플래티넘사직아시아드아파트,쌍용 더 플래티넘 사직 아시아드,A10024982,A10024982,road_legal_address_exact,100.0,100.0,1,26260|아시아드대로134번길|14,26260|사직동|1058,standard,False,
26260,명장동,63-9,삼성타운,삼성타운,명장삼성타운,A60711002,A60711002,road_legal_address_exact,100.0,80.0,1,26260|명장로20번길|90,26260|명장동|63-9,standard,False,
26260,명장동,300-106,명장유림노르웨이숲,명장유림노르웨이숲,명장동유림노르웨이숲,A60780702,A60780702,road_legal_address_exact,100.0,94.73684210526316,1,26260|시실로|181,26260|명장동|300-106,standard,False,
26260,안락동,962,화목,화목,동래화목타운,A60782701,A60782701,road_legal_address_exact,100.0,50.0,1,26260|충렬사로|39,26260|안락동|962,standard,False,
26260,안락동,433-1,롯데캐슬애브뉴,롯데캐슬애브뉴,롯데캐슬애브뉴,A60710001,A60710001,road_legal_address_exact,100.0,100.0,1,26260|충렬대로|368,26260|안락동|433-1,standard,False,
26260,복천동,561,명륜아이파크2단지,명륜아이파크2단지,,,TRADE_7D17B90FEC70,unmatched,0.0,12.5,2,26260|동래로|117,26260|복천동|561,standard,True,
26260,사직동,634-1,로얄1,로얄1,,,TRADE_0C383FD0B76E,unmatched,0.0,11.111111111111116,19,26260|사직북로50번길|33,26260|사직동|634-1,standard,True,
26260,안락동,1229-2,충렬,충렬,,,TRADE_8AA14AD34FB6,unmatched,0.0,0.0,15,26260|안락로101번길|16,26260|안락동|1229-2,standard,True,
26260,온천동,178-7,벽산아스타,벽산아스타,벽산 아스타,A60783306,A60783306,road_legal_address_exact,100.0,100.0,1,26260|중앙대로1473번길|13,26260|온천동|178-7,standard,False,
26260,온천동,1056-37,남도그린빌라,남도그린빌라,,,TRADE_A10B51D0E6B2,unmatched,0.0,28.57142857142857,42,26260|금정마을로139번길|53,26260|온천동|1056-37,standard,True,
26260,온천동,189-134,반도,반도,,,TRADE_ED21BE5ACE3F,unmatched,0.0,30.76923076923077,42,26260|금강공원로|37,26260|온천동|189-134,standard,True,
26260,명륜동,788,명륜2차아이파크2단지,명륜2차아이파크2단지,명륜2차아이파크아파트,A10027690,A10027690,dong_fuzzy,84.21052631578947,84.21052631578947,12,26260|시실로|73-6,26260|명륜동|788,standard,True,
26260,온천동,1464-8,우석쉐르빌,우석쉐르빌,,,TRADE_9A5B65727F45,unmatched,0.0,22.22222222222222,42,26260|미남로|94,26260|온천동|1464-8,standard,True,
26260,사직동,1017,사직쌍용예가,사직쌍용예가,사직쌍용예가,A60778608,A60778608,road_legal_address_exact,100.0,100.0,1,26260|사직로|80,26260|사직동|1017,standard,False,
26260,사직동,13-1,삼익,삼익,사직삼익아파트,A60712102,A60712102,road_legal_address_exact,100.0,66.66666666666667,1,26260|사직북로48번길|25,26260|사직동|13-1,standard,False,
26260,수안동,6-1,새동래1,새동래1(가~라동),새동래1차아파트,A60782204,A60782204,road_legal_address_exact,100.0,88.88888888888889,1,26260|명륜로75번길|31,26260|수안동|6-1,standard,False,
26260,수안동,665-1,금양해바라기2,금양해바라기2,금양해바라기2차아파트,A60782403,A60782403,road_legal_address_exact,100.0,93.33333333333333,1,26260|충렬대로202번길|14,26260|수안동|665-1,standard,False,
26260,안락동,169-1,센텀유림노르웨이숲,센텀유림노르웨이숲,센텀유림노르웨이숲아파트,A60710005,A60710005,road_legal_address_exact,100.0,100.0,1,26260|연안로58번가길|10,26260|안락동|169-1,standard,False,
26260,안락동,15-3,에스케이쁘띠메종,에스케이쁘띠메종,SK쁘띠메종아파트,A60782501,A60782501,road_legal_address_exact,100.0,57.14285714285714,1,26260|삼어로|12,26260|안락동|15-3,standard,False,
26260,안락동,15-26,안락현대,안락현대,안락현대아파트,A60777604,A60777604,road_legal_address_exact,100.0,100.0,1,26260|삼어로|9,26260|안락동|15-26,standard,False,
26260,온천동,707,동래럭키,동래럭키,동래럭키아파트,A60775306,A60775306,road_legal_address_exact,100.0,100.0,1,26260|충렬대로107번길|54,26260|온천동|707,standard,False,
26260,안락동,1251,강변뜨란채,강변뜨란채,강변뜨란채,A60778502,A60778502,road_legal_address_exact,100.0,100.0,1,26260|안남로|79,26260|안락동|1251,standard,False,
26260,낙민동,94-1,동원로얄듀크,동원로얄듀크,동원로얄듀크,A60775407,A60775407,road_legal_address_exact,100.0,100.0,1,26260|온천천로399번길|14,26260|낙민동|94-1,standard,False,
26260,온천동,138-24,용진스타티스7차,용진스타티스7차,,,TRADE_925266D987CD,unmatched,0.0,30.76923076923077,42,26260|온천장로107번길|38-1,26260|온천동|138-24,standard,True,
26260,사직동,630,로얄3차,로얄3차,,,TRADE_B9F3DA54D5DD,unmatched,0.0,19.999999999999996,19,26260|쇠미로|95,26260|사직동|630,standard,True,
26260,사직동,588-6,대건빌라,대건빌라,,,TRADE_58F9AE1094B8,unmatched,0.0,18.181818181818176,19,26260|쇠미로|93,26260|사직동|588-6,standard,True,
26260,안락동,668,한성기린,한성기린(668-0),,,TRADE_E8F29259661D,unmatched,0.0,25.0,15,26260|안남로|67,26260|안락동|668,standard,True,
26260,사직동,1022,사직kcc스위첸1단지,사직KCC스위첸1단지,사직KCC스위첸,A10027341,A10027341,road_address_exact,100.0,84.21052631578947,1,26260|사직북로|64,26260|사직동|1022,standard,False,
26260,온천동,1412-1,반도보라스카이뷰,반도보라스카이뷰,온천동반도보라스카이뷰,A60784207,A60784207,road_legal_address_exact,100.0,84.21052631578947,1,26260|아시아드대로|234,26260|온천동|1412-1,standard,False,
26260,낙민동,92-9,동래벽산,동래벽산,동래벽산아파트,A60775502,A60775502,road_legal_address_exact,100.0,100.0,1,26260|안남로|47,26260|낙민동|92-9,standard,False,
26260,온천동,154-18,포르투나,포르투나,,,TRADE_378B421D7716,unmatched,0.0,19.999999999999996,42,26260|온천장로|115,26260|온천동|154-18,standard,True,
26260,명장동,612-3,안락시영,안락시영(충렬),,,TRADE_924B1EA84CE9,unmatched,0.0,18.181818181818176,13,26260|안락로101번길|16,26260|명장동|612-3,standard,True,
26260,명장동,29-104,삼성,삼성아파트,,,TRADE_E06C6E98E179,unmatched,0.0,50.0,13,26260|반송로273번길|19,26260|명장동|29-104,standard,True,
26260,수안동,106-1,반도보라,반도보라,반도보라아파트,A10021799,A10021799,road_legal_address_exact,100.0,100.0,1,26260|충렬대로238번가길|58,26260|수안동|106-1,standard,False,
26260,온천동,1378-24,성원빌,성원빌,,,TRADE_5CF707738CD0,unmatched,0.0,36.36363636363637,42,26260|미남로|93-1,26260|온천동|1378-24,standard,True,
26260,낙민동,296-1,동일센트럴,동일센트럴,,,TRADE_7562B40726E5,unmatched,0.0,28.57142857142857,13,26260|충렬대로256번가길|12,26260|낙민동|296-1,standard,True,
26260,사직동,1028,사직kcc스위첸2단지,사직KCC스위첸2단지,사직KCC스위첸,A10027341,A10027341,road_address_exact,100.0,84.21052631578947,1,26260|사직북로|64,26260|사직동|1028,standard,False,
26260,사직동,597,한신,한신,사직한신아파트,A60712204,A60712204,road_legal_address_exact,100.0,66.66666666666667,1,26260|쇠미로81번길|33,26260|사직동|597,standard,False,
26260,낙민동,77-1,한일유앤아이,한일유앤아이,낙민한일유앤아이,A60780108,A60780108,road_legal_address_exact,100.0,85.71428571428572,1,26260|온천천로339번길|28,26260|낙민동|77-1,standard,False,
26260,복천동,295-3,오성빌라트,오성빌라트,,,TRADE_A17D6FF366F2,unmatched,0.0,16.666666666666664,2,26260|동래로148번길|27,26260|복천동|295-3,standard,True,
26260,온천동,1464-11,지성캐슬,지성캐슬,,,TRADE_6ECC8F19E4E2,unmatched,0.0,25.0,42,26260|충렬대로86번길|102,26260|온천동|1464-11,standard,True,
26260,낙민동,190,한신1,한신1,,,TRADE_AB7F7D638D6C,unmatched,0.0,57.14285714285714,13,26260|낙민로|7,26260|낙민동|190,standard,True,
26260,명륜동,782,명륜2차아이파크1단지,명륜2차아이파크1단지,명륜2차아이파크아파트,A10027690,A10027690,dong_fuzzy,84.21052631578947,84.21052631578947,12,26260|시실로|49,26260|명륜동|782,standard,True,
26260,수안동,9-44,동래센트리움,동래센트리움아파트,,,TRADE_A20DEB697FF7,unmatched,0.0,36.36363636363637,11,26260|명륜로|62,26260|수안동|9-44,standard,True,
26260,낙민동,172,한양,한양,동래한양아파트,A60776006,A60776006,road_legal_address_exact,100.0,66.66666666666667,1,26260|충렬대로|314,26260|낙민동|172,standard,False,
26260,온천동,397-6,삼익,삼익,온천삼익아파트,A60777805,A60777805,road_legal_address_exact,100.0,66.66666666666667,1,26260|금강로|28,26260|온천동|397-6,standard,False,
26260,온천동,1467-6,동남온천맨션,동남온천맨션,,,TRADE_D9BDAF9EAE4B,unmatched,0.0,40.0,42,26260|여고북로|141,26260|온천동|1467-6,standard,True,
26260,명륜동,618-5,천일스카이원,천일스카이원,명륜동 천일스카이원,A10026502,A10026502,road_legal_address_exact,100.0,80.0,1,26260|명륜로|151,26260|명륜동|618-5,standard,False,
26260,명장동,497-76,아림파크맨션,아림파크맨션,아림파크맨션,A10021497,A10021497,road_legal_address_exact,100.0,100.0,1,26260|명서로|140,26260|명장동|497-76,standard,False,
26260,낙민동,185-1,한신2,한신2,,,TRADE_369E63920668,unmatched,0.0,57.14285714285714,13,26260|낙민로|17,26260|낙민동|185-1,standard,True,
26260,온천동,1654,삼정그린코아,삼정그린코아,온천삼정그린코아아파트,A60778006,A60778006,road_legal_address_exact,100.0,85.71428571428572,1,26260|쇠미로129번길|91,26260|온천동|1654,standard,False,
26260,사직동,1020,사직2차쌍용예가,사직2차쌍용예가,사직2차쌍용예가,A60776402,A60776402,road_legal_address_exact,100.0,100.0,1,26260|쇠미로40번길|55,26260|사직동|1020,standard,False,
26260,온천동,1421-35,허브센티움,허브센티움Ⅲ,,,TRADE_38B145953202,unmatched,0.0,28.57142857142857,42,26260|아시아드대로246번길|7,26260|온천동|1421-35,standard,True,
26260,명륜동,756-1,동래센트럴파크하이츠2차,동래센트럴파크하이츠2차,동래센트럴파크하이츠2단지,A60701003,A60701003,road_legal_address_exact,100.0,88.0,1,26260|문화로|33,26260|명륜동|756-1,standard,False,
26260,온천동,1468-6,대가하이츠,대가하이츠,,,TRADE_E7BB0B8178EB,unmatched,0.0,28.57142857142857,42,26260|충렬대로100번길|109,26260|온천동|1468-6,standard,True,
26260,복천동,446-1,동래복천현대,동래복천현대,복천현대아파트,A60776301,A60776301,road_legal_address_exact,100.0,80.0,1,26260|복천로5번길|31,26260|복천동|446-1,standard,False,
26260,사직동,146-8,신사직,신사직,신사직아파트,A10021680,A10021680,road_legal_address_exact,100.0,100.0,1,26260|여고로135번길|27,26260|사직동|146-8,standard,False,
26260,낙민동,186-13,제일,제일아파트,제일아파트,A10020470,A10020470,road_legal_address_exact,100.0,100.0,1,26260|낙민로|14,26260|낙민동|186-13,standard,False,
26260,사직동,141-10,백산2,백산2,동래백산아파트2차,A10021712,A10021712,road_legal_address_exact,100.0,66.66666666666667,1,26260|여고로127번길|65,26260|사직동|141-10,standard,False,
26260,온천동,1457-1,동래대우,동래대우,동래대우아파트,A60777905,A60777905,legal_address_exact,100.0,100.0,1,26260|충렬대로140번길|41,26260|온천동|1457-1,standard,False,
26260,온천동,1842,온천삼정그린코아더베스트,온천삼정그린코아더베스트,온천삼정그린코아더베스트,A10025321,A10025321,legal_address_exact,100.0,100.0,1,26260|중앙대로1493번길|16-1,26260|온천동|1842,standard,False,
26260,사직동,590-3,사직2차삼정그린코아,사직2차삼정그린코아,사직2차삼정그린코아,A60712001,A60712001,road_legal_address_exact,100.0,100.0,1,26260|쇠미로81번길|22,26260|사직동|590-3,standard,False,
26260,수안동,8-6,대진,대진,,,TRADE_0F1DC958FEB5,unmatched,0.0,33.333333333333336,11,26260|충렬대로218번길|54,26260|수안동|8-6,standard,True,
26260,수안동,666-1,한진,한진,한진타운아파트,A60782205,A60782205,road_legal_address_exact,100.0,66.66666666666667,1,26260|충렬대로200번길|25,26260|수안동|666-1,standard,False,
26260,낙민동,91-2,중앙하이츠1,중앙하이츠1,낙민중앙하이츠1차아파트,A60775701,A60775701,road_legal_address_exact,100.0,80.0,1,26260|안남로31번길|10,26260|낙민동|91-2,standard,False,
26260,칠산동,240,덕산,덕산,,,TRADE_E162B49101C0,unmatched,0.0,0.0,0,26260|동래로152번길|9,26260|칠산동|240,standard,True,
26260,사직동,113-1,대륙코리아나,대륙코리아나,,,TRADE_53D5148F0F05,unmatched,0.0,28.57142857142857,19,26260|아시아드대로114번길|10,26260|사직동|113-1,standard,True,
26260,온천동,1379-12,남평파크빌,남평파크빌,,,TRADE_63F584A3810C,unmatched,0.0,28.57142857142857,42,26260|여고북로33번길|40,26260|온천동|1379-12,standard,True,
26260,낙민동,90-6,중앙하이츠2,중앙하이츠2,중앙하이츠2차아파트,A60780104,A60780104,road_legal_address_exact,100.0,92.3076923076923,1,26260|안남로|36,26260|낙민동|90-6,standard,False,
26260,명륜동,757,명륜아이파크1단지,명륜아이파크1단지,명륜아이파크,A60701004,A60701004,road_legal_address_exact,100.0,80.0,1,26260|명륜로|170,26260|명륜동|757,standard,False,
26260,온천동,164-66,위너비타,위너비타,온천동 경기위너비타,A10021607,A10021607,road_legal_address_exact,100.0,61.53846153846154,1,26260|온천장로|102,26260|온천동|164-66,standard,False,
26260,낙민동,187-1,광림,광림,,,TRADE_677CBF2A0509,unmatched,0.0,0.0,13,26260|낙민로|13,26260|낙민동|187-1,standard,True,
26260,명륜동,714-45,훼밀리빌라트,훼밀리빌라트,,,TRADE_DC501F063EEB,unmatched,0.0,14.28571428571429,12,26260|온천천로|31,26260|명륜동|714-45,standard,True,
26260,온천동,460-6,온천동유림노르웨이숲,온천동유림노르웨이숲,온천동유림노르웨이숲,A10026522,A10026522,road_legal_address_exact,100.0,100.0,1,26260|중앙대로|1453,26260|온천동|460-6,standard,False,
26260,온천동,1600,새온천화신동영,새온천화신동영,새온천화신동영아파트,A60784004,A60784004,road_legal_address_exact,100.0,100.0,1,26260|쇠미로129번길|62-12,26260|온천동|1600,standard,False,
26260,낙민동,93-1,한신,한신,낙민한신아파트,A60780103,A60780103,road_legal_address_exact,100.0,66.66666666666667,1,26260|안남로|46,26260|낙민동|93-1,standard,False,
26260,안락동,1240,안락뜨란채1단지,안락뜨란채1단지,안락뜨란채1단지,A60783003,A60783003,road_legal_address_exact,100.0,100.0,1,26260|연안로|71,26260|안락동|1240,standard,False,
26260,낙민동,83-1,동래우성,동래우성,동래우성아파트,A60775605,A60775605,legal_address_exact,100.0,100.0,1,26260|안남로|17,26260|낙민동|83-1,standard,False,
26260,온천동,161-1,sk허브올리브,SK허브올리브,온천장SK Hub올리브,A60783104,A60783104,road_legal_address_exact,100.0,55.55555555555556,1,26260|금강공원로|2,26260|온천동|161-1,standard,False,
26260,사직동,104-5,오름캐슬,오름캐슬,,,TRADE_D3EB796C0045,unmatched,0.0,28.57142857142857,19,26260|여고로12번길|13,26260|사직동|104-5,standard,True,
26260,사직동,139-5,동원,동원,사직동원아파트,A10021631,A10021631,road_legal_address_exact,100.0,66.66666666666667,1,26260|여고북로|140,26260|사직동|139-5,standard,False,
26260,복천동,500-1,우성베스토피아,우성베스토피아,우성베스토피아아파트,A60702002,A60702002,road_legal_address_exact,100.0,100.0,1,26260|복천로5번길|34,26260|복천동|500-1,standard,False,
26260,명륜동,756,동래센트럴파크하이츠1차,동래센트럴파크하이츠1차,동래센트럴파크하이츠1단지,A60701002,A60701002,road_legal_address_exact,100.0,88.0,1,26260|문화로|15,26260|명륜동|756,standard,False,
26260,수안동,2-6,새동래2마동,새동래2마동,새동래2차아파트,A10021915,A10021915,road_legal_address_exact,100.0,72.72727272727273,1,26260|충렬대로202번길|37,26260|수안동|2-6,standard,False,
26260,온천동,1838,동래효성해링턴플레이스,동래효성해링턴플레이스,동래효성해링턴플레이스,A10025463,A10025463,road_legal_address_exact,100.0,100.0,1,26260|아시아드대로255번길|14,26260|온천동|1838,standard,False,
26260,사직동,1041,사직롯데캐슬더클래식,사직롯데캐슬더클래식,사직롯데캐슬더클래식,A10027054,A10027054,road_legal_address_exact,100.0,100.0,1,26260|아시아드대로146번길|1,26260|사직동|1041,standard,False,
26260,명륜동,679,청마,청마,,,TRADE_5CB7B4B263BB,unmatched,0.0,0.0,12,26260|동래로|61,26260|명륜동|679,standard,True,
26260,안락동,632-1,한성기린,한성기린,,,TRADE_846224B017A8,unmatched,0.0,25.0,15,26260|온천천로431번길|42,26260|안락동|632-1,standard,True,
26260,온천동,758-12,동래skview,동래SKVIEW,동래SK뷰아파트,A60778304,A60778304,road_legal_address_exact,100.0,61.53846153846154,1,26260|중앙대로1381번길|52,26260|온천동|758-12,standard,False,
26260,사직동,1055,사직역삼정그린코아더베스트2차,사직역삼정그린코아더베스트2차,사직역삼정그린코아더베스트2차,A10025581,A10025581,road_legal_address_exact,100.0,100.0,1,26260|사직로|16,26260|사직동|1055,standard,False,
26260,온천동,1462-30,태림맨션,태림맨션,,,TRADE_9697A269ACC8,unmatched,0.0,14.28571428571429,42,26260|여고북로123번길|23,26260|온천동|1462-30,standard,True,
26260,수안동,34-1,새동래3,새동래3,새동래3차아파트,A10021131,A10021131,road_legal_address_exact,100.0,88.88888888888889,1,26260|온천천로285번길|28,26260|수안동|34-1,standard,False,
26260,온천동,1841,두비앙에코힐,두비앙에코힐아파트,두비앙에코힐아파트,A10025448,A10025448,road_address_main,100.0,100.0,1,26260|쇠미로121번길|91-1,26260|온천동|1841,standard,False,
26260,온천동,100-13,세명빌라,세명빌라,,,TRADE_C2AAEA0A8F23,unmatched,0.0,33.333333333333336,42,26260|금강로145번길|25,26260|온천동|100-13,standard,True,
26260,온천동,1833,동래삼정그린코아포레스트,동래삼정그린코아포레스트,동래삼정그린코아포레스트,A10026316,A10026316,road_legal_address_exact,100.0,100.0,1,26260|쇠미로|153,26260|온천동|1833,standard,False,
26260,사직동,71-4,고은파크,고은파크,,,TRADE_70A539574263,unmatched,0.0,0.0,19,26260|아시아드대로171번길|10,26260|사직동|71-4,standard,True,
26260,온천동,152-18,르메이에르동래타운,르 메이에르 동래타운,르메이에르동래타운,A60783101,A60783101,road_legal_address_exact,100.0,100.0,1,26260|금강공원로20번길|46,26260|온천동|152-18,standard,False,
26260,사직동,585-25,남평파크뷰,남평파크뷰,,,TRADE_CD71CE11785D,unmatched,0.0,0.0,19,26260|쇠미로121번길|33,26260|사직동|585-25,standard,True,
26260,명장동,617,동래동일스위트,동래동일스위트,동래동일스위트,A10026360,A10026360,road_legal_address_exact,100.0,100.0,1,26260|시실로|119,26260|명장동|617,standard,False,
26260,사직동,28-4,신공영,신공영,,,TRADE_6FA7E75A73D3,unmatched,0.0,33.333333333333336,19,26260|사직북로63번길|17,26260|사직동|28-4,standard,True,
26260,명륜동,796,명륜자이,명륜자이,명륜자이,A10025687,A10025687,road_address_exact,100.0,100.0,1,26260|명륜로139번길|22,26260|명륜동|796,standard,False,
26260,온천동,172-35,협성스카이라인80,협성스카이라인80,협성스카이라인80,A60783305,A60783305,road_legal_address_exact,100.0,100.0,1,26260|중앙대로1473번길|14-12,26260|온천동|172-35,standard,False,
26260,사직동,143-10,백산1,백산1,,,TRADE_41BEE1EB626A,unmatched,0.0,44.44444444444444,19,26260|여고로127번길|68,26260|사직동|143-10,standard,True,
26260,안락동,466-38,크로바맨션,크로바맨션,,,TRADE_1AD354185ECE,unmatched,0.0,0.0,15,26260|안락로|109,26260|안락동|466-38,standard,True,
26260,수안동,8-3,제일,제일(8-3),제일장미아파트,A10022350,A10022350,road_address_exact,100.0,66.66666666666667,1,26260|충렬대로202번길|77,26260|수안동|8-3,standard,False,
26260,명장동,497-1,협진태양,협진태양,,,TRADE_3ECE04C2BB59,unmatched,0.0,25.0,13,26260|반송로339번길|8,26260|명장동|497-1,standard,True,
26260,온천동,1650,대륙코리아나,대륙코리아나,대륙코리아나아파트,A60784001,A60784001,road_legal_address_exact,100.0,100.0,1,26260|쇠미로129번길|67,26260|온천동|1650,standard,False,
26260,온천동,1425-14,허브팰리스,허브팰리스,,,TRADE_006F35A5B794,unmatched,0.0,26.66666666666667,42,26260|미남로132번길|25,26260|온천동|1425-14,standard,True,
26260,복천동,67,동호,동호,,,TRADE_4EBB47610842,unmatched,0.0,0.0,2,26260|동래로159번길|58-7,26260|복천동|67,standard,True,
26260,온천동,1834,동래지웰,동래지웰,동래지웰아파트,A10026091,A10026091,road_legal_address_exact,100.0,100.0,1,26260|쇠미로|197,26260|온천동|1834,standard,False,
26260,온천동,456-29,신화타워,신화타워,신화타워아파트,A60783402,A60783402,road_legal_address_exact,100.0,100.0,1,26260|온천장로|20,26260|온천동|456-29,standard,False,
26260,명장동,26-24,국제파크,국제파크,명장국제파크아파트,A60780703,A60780703,road_legal_address_exact,100.0,80.0,1,26260|충렬사로|81,26260|명장동|26-24,standard,False,
26260,사직동,158-3,부림맨션,부림맨션,,,TRADE_3B1BF19BB42F,unmatched,0.0,50.0,19,26260|여고로113번길|14,26260|사직동|158-3,standard,True,
26260,명장동,22-1,명장경동,명장경동,명장경동타운,A60781204,A60781204,road_address_exact,100.0,80.0,1,26260|명서로|182,26260|명장동|22-1,standard,False,
26260,온천동,1447-16,동경쉐르빌,동경쉐르빌,,,TRADE_D6A68F464214,unmatched,0.0,28.57142857142857,42,26260|미남로|122,26260|온천동|1447-16,standard,True,
26260,복천동,378,동래더씨드,동래더씨드,,,TRADE_B06946A90281,unmatched,0.0,0.0,2,26260|동래로116번길|32,26260|복천동|378,standard,True,
26290,용호동,176-30,엘지메트로시티3,엘지메트로시티3,LG메트로시티아파트,A60809004,A60809004,legal_address_exact,100.0,66.66666666666667,1,26290|분포로|111,26290|용호동|176-30,standard,False,
26290,용호동,954,더블유,더블유,W 아파트,A10026391,A10026391,road_legal_address_exact,100.0,0.0,1,26290|분포로|145,26290|용호동|954,standard,False,
26290,용호동,176-30,엘지메트로시티42,엘지메트로시티4-2(215~220동),LG메트로시티아파트,A60809004,A60809004,road_legal_address_exact,100.0,62.5,1,26290|분포로|113,26290|용호동|176-30,standard,False,
26290,용호동,179-9,용호동일신님,용호동일신님(林)Ⅱ,일신-님Ⅱ아파트,A60883203,A60883203,road_legal_address_exact,100.0,66.66666666666667,1,26290|용호로|38-17,26290|용호동|179-9,standard,False,
26290,용호동,369-4,로얄하임,로얄하임,,,TRADE_99FE97539511,unmatched,0.0,18.181818181818176,22,26290|동명로131번길|50,26290|용호동|369-4,standard,True,
26290,대연동,1764-6,아이홈대연,아이홈대연,,,TRADE_DD62CE833E53,unmatched,0.0,44.44444444444444,33,26290|수영로|180,26290|대연동|1764-6,standard,True,
26290,문현동,2,문현2차현대,문현2차현대,문현2차현대아파트,A60882003,A60882003,road_legal_address_exact,100.0,100.0,1,26290|고동골로97번길|39-12,26290|문현동|2,standard,False,
26290,대연동,1878,대연롯데캐슬레전드2단지,대연롯데캐슬레전드2단지,대연롯데캐슬레전드,A10026452,A10026452,road_address_exact,100.0,85.71428571428572,1,26290|수영로|135,26290|대연동|1878,standard,False,
26290,대연동,649,삼성,삼성,대연삼성아파트,A60879506,A60879506,road_legal_address_exact,100.0,66.66666666666667,1,26290|신선로|490,26290|대연동|649,standard,False,
26290,대연동,1764-4,남산하이빌,남산하이빌,,,TRADE_448B9EC5C007,unmatched,0.0,22.22222222222222,33,26290|천제등로|4,26290|대연동|1764-4,standard,True,
26290,대연동,1872,대연롯데캐슬레전드1단지,대연롯데캐슬레전드1단지,대연롯데캐슬레전드,A10026452,A10026452,road_legal_address_exact,100.0,85.71428571428572,1,26290|수영로|135,26290|대연동|1872,standard,False,
26290,대연동,1918,정성재,정성재아파트,정성재,A10020395,A10020395,road_legal_address_exact,100.0,100.0,1,26290|유엔로|211,26290|대연동|1918,standard,False,
26290,감만동,73-212,동일스위트,동일스위트,감만동일스위트아파트,A60880104,A60880104,road_legal_address_exact,100.0,83.33333333333334,1,26290|우암로104번길|29,26290|감만동|73-212,standard,False,
26290,대연동,1858,대연힐스테이트푸르지오,대연힐스테이트푸르지오,대연힐스테이트푸르지오,A60802001,A60802001,road_legal_address_exact,100.0,100.0,1,26290|수영로|345,26290|대연동|1858,standard,False,
26290,대연동,282-1,대연극동starclass,대연극동StarClass,대연극동아파트,A60880704,A60880704,road_legal_address_exact,100.0,47.05882352941176,1,26290|진남로36번길|50,26290|대연동|282-1,standard,False,
26290,문현동,351-12,벽산기린,벽산기린,벽산한성기린아파트,A60804303,A60804303,road_legal_address_exact,100.0,80.0,1,26290|지게골로|52-15,26290|문현동|351-12,standard,False,
26290,대연동,455-25,반도보라맨션,반도보라맨션,한화포레나 부산대연,A10020083,A10020083,legal_address_exact,100.0,0.0,1,26290|황령대로492번길|23-12,26290|대연동|455-25,standard,True,
26290,감만동,181-71,이원,이원,,,TRADE_D573FCA62FCD,unmatched,0.0,0.0,9,26290|양지골로|192,26290|감만동|181-71,standard,True,
26290,우암동,25-1,자유2,자유2,우암자유2차,A60877405,A60877405,road_legal_address_exact,100.0,66.66666666666667,1,26290|유엔로|22,26290|우암동|25-1,standard,False,
26290,감만동,208-3,삼일,삼일,,,TRADE_45DD41411B63,unmatched,0.0,22.22222222222222,9,26290|우암로52번길|71,26290|감만동|208-3,standard,True,
26290,대연동,375-3,보해이브,보해이브아파트,,,TRADE_69FB7C520903,unmatched,0.0,25.0,33,26290|수영로266번길|10,26290|대연동|375-3,standard,True,
26290,대연동,1203-47,현대,현대(1203-47),대연동현대아파트,A60875701,A60875701,road_legal_address_exact,100.0,57.14285714285714,1,26290|천제등로28번길|50,26290|대연동|1203-47,standard,False,
26290,용호동,944,오륙도에스케이뷰,오륙도에스케이뷰,오륙도SK VIEW,A60809003,A60809003,road_legal_address_exact,100.0,35.29411764705882,1,26290|오륙도로|85,26290|용호동|944,standard,False,
26290,대연동,986-2,더샵시티,더샵시티,,,TRADE_E9D35C3A54AA,unmatched,0.0,15.384615384615385,33,26290|유엔평화로14번길|7,26290|대연동|986-2,standard,True,
26290,대연동,245,대우그린1,대우그린1,대우그린아파트,A60875509,A60875509,road_legal_address_exact,100.0,88.88888888888889,1,26290|황령대로319번가길|190-6,26290|대연동|245,standard,False,
26290,대연동,1912,대연자이,대연자이,대연자이 아파트,A10025593,A10025593,road_address_exact,100.0,100.0,1,26290|유엔로|246,26290|대연동|1912,standard,False,
26290,용당동,564-3,한신문화타운,한신문화타운,용당한신문화타운,A60883002,A60883002,road_legal_address_exact,100.0,85.71428571428572,1,26290|유엔평화로|152-2,26290|용당동|564-3,standard,False,
26290,문현동,788-1,성동,성동,,,TRADE_3E50E0A66B40,unmatched,0.0,28.57142857142857,23,26290|남동천로|58,26290|문현동|788-1,standard,True,
26290,용호동,976,쌍용예가,쌍용예가,쌍용예가,A61202008,A61202008,legal_address_exact,100.0,100.0,1,26290|용호로216번가길|46,26290|용호동|976,standard,False,
26290,용호동,176-30,엘지메트로시티5,엘지메트로시티5,LG메트로시티아파트,A60809004,A60809004,road_legal_address_exact,100.0,66.66666666666667,1,26290|분포로|113,26290|용호동|176-30,standard,False,
26290,용호동,176-30,엘지메트로시티2,엘지메트로시티2,LG메트로시티아파트,A60809004,A60809004,legal_address_exact,100.0,66.66666666666667,1,26290|분포로|111,26290|용호동|176-30,standard,False,
26290,용호동,522-2,동일타운,동일타운,용호동일타운,A60884602,A60884602,road_legal_address_exact,100.0,80.0,1,26290|동명로170번길|93,26290|용호동|522-2,standard,False,
26290,용당동,599-1,신대연코오롱하늘채,신대연코오롱하늘채,신대연코오롱하늘채아파트,A60883003,A60883003,road_legal_address_exact,100.0,100.0,1,26290|홍곡로320번길|132,26290|용당동|599-1,standard,False,
26290,대연동,1740-13,예광스카이빌라,예광스카이빌라,,,TRADE_4CA8A5D3F000,unmatched,0.0,23.529411764705888,33,26290|유엔평화로3번길|15,26290|대연동|1740-13,standard,True,
26290,감만동,225-2,감만현대1차,감만현대1차,감만현대1차아파트,A60875305,A60875305,road_legal_address_exact,100.0,100.0,1,26290|우암로2번길|5,26290|감만동|225-2,standard,False,
26290,문현동,238-233,대도라이프타운,대도라이프타운,대도라이프타운,A60882302,A60882302,road_legal_address_exact,100.0,100.0,1,26290|수영로39번가길|83,26290|문현동|238-233,standard,False,
26290,우암동,67,동일,동일,우암동일파크,A60806104,A60806104,road_legal_address_exact,100.0,50.0,1,26290|유엔로|1-1,26290|우암동|67,standard,False,
26290,우암동,25,자유1,자유1,우암자유1차,A60877302,A60877302,road_legal_address_exact,100.0,66.66666666666667,1,26290|우암로154번길|57,26290|우암동|25,standard,False,
26290,우암동,53-1,뉴서울,뉴서울,뉴서울아파트,A60877106,A60877106,road_legal_address_exact,100.0,100.0,1,26290|유엔로|10,26290|우암동|53-1,standard,False,
26290,문현동,1234,베스티움,베스티움,문현베스티움아파트,A10025508,A10025508,road_legal_address_exact,100.0,80.0,1,26290|고동골로|29,26290|문현동|1234,standard,False,
26290,문현동,73-1,현대,현대,문현현대아파트,A60879704,A60879704,road_legal_address_exact,100.0,66.66666666666667,1,26290|진남로198번길|9-1,26290|문현동|73-1,standard,False,
26290,용호동,392-6,동림빌라,동림빌라(B),,,TRADE_1645495B9E42,unmatched,0.0,60.0,22,26290|동명로145번가길|16,26290|용호동|392-6,standard,True,
26290,대연동,1536-12,오양양지,오양양지,힐스테이트대연센트럴,A10022581,A10022581,legal_address_exact,100.0,0.0,1,26290|진남로|95-11,26290|대연동|1536-12,standard,True,
26290,대연동,1781-66,마마,마마(1781-66),,,TRADE_7C9E093E63D1,unmatched,0.0,25.0,33,26290|진남로127번길|76,26290|대연동|1781-66,standard,True,
26290,우암동,120-100,일신보라,일신보라,우암일신보라,A60877107,A60877107,road_legal_address_exact,100.0,80.0,1,26290|유엔로|15,26290|우암동|120-100,standard,False,
26290,용호동,197,gs하이츠자이,GS하이츠자이,GS하이츠자이,A60809002,A60809002,road_legal_address_exact,100.0,100.0,1,26290|신선로|566,26290|용호동|197,standard,False,
26290,대연동,245-23,삼익그린,삼익그린,삼익그린타운,A60877710,A60877710,road_legal_address_exact,100.0,80.0,1,26290|황령대로319번가길|142,26290|대연동|245-23,standard,False,
26290,대연동,1893,대연파크푸르지오,대연파크푸르지오,대연파크푸르지오아파트,A10026184,A10026184,road_address_exact,100.0,100.0,1,26290|홍곡로|360,26290|대연동|1893,standard,False,
26290,대연동,1170-2,대우,대우,대연대우아파트,A60879402,A60879402,road_legal_address_exact,100.0,66.66666666666667,1,26290|홍곡로|343,26290|대연동|1170-2,standard,False,
26290,감만동,20-1,국제,국제,감만국제아파트,A60875404,A60875404,road_legal_address_exact,100.0,66.66666666666667,1,26290|석포로|34,26290|감만동|20-1,standard,False,
26290,대연동,1808,대연비치,대연비치,더비치푸르지오써밋,A10022847,A10022847,road_legal_address_exact,100.0,30.76923076923077,1,26290|황령대로|504,26290|대연동|1808,standard,False,
26290,문현동,366-18,세종그랑시아,세종그랑시아,문현세종그랑시아아파트,A60885601,A60885601,road_legal_address_exact,100.0,85.71428571428572,1,26290|수영로|12,26290|문현동|366-18,standard,False,
26290,용호동,487-10,정상네이처빌5차,정상네이처빌5차,,,TRADE_B52D96F0B019,unmatched,0.0,14.28571428571429,22,26290|동명로132번길|69,26290|용호동|487-10,standard,True,
26290,문현동,402-70,한화꿈에그린,한화꿈에그린,문현한화꿈에그린아파트,A60882401,A60882401,road_legal_address_exact,100.0,85.71428571428572,1,26290|전포대로20번길|26,26290|문현동|402-70,standard,False,
26290,용호동,176-30,엘지메트로시티1,엘지메트로시티1,LG메트로시티아파트,A60809004,A60809004,legal_address_exact,100.0,66.66666666666667,1,26290|분포로|111,26290|용호동|176-30,standard,False,
26290,용당동,99-10,현대아이파크,현대아이파크,용당현대I-PARK,A60871104,A60871104,road_legal_address_exact,100.0,26.66666666666667,1,26290|동명로|26,26290|용당동|99-10,standard,False,
26290,감만동,46-1,우암자유4,우암자유4,우암자유4차아파트,A60880003,A60880003,road_legal_address_exact,100.0,90.9090909090909,1,26290|석포로|7,26290|감만동|46-1,standard,False,
26290,대연동,323-6,대연동원,대연동원,대연동원아파트,A60880703,A60880703,road_legal_address_exact,100.0,100.0,1,26290|수영로267번길|20,26290|대연동|323-6,standard,False,
26290,문현동,374-1,문현이안,문현이안,문현이안아파트,A60804001,A60804001,road_legal_address_exact,100.0,100.0,1,26290|전포대로|16,26290|문현동|374-1,standard,False,
26290,대연동,1773-1,대연동에스케이뷰,대연동에스케이뷰,대연동 SK VIEW 아파트,A60881704,A60881704,road_legal_address_exact,100.0,35.29411764705882,1,26290|진남로|159,26290|대연동|1773-1,standard,False,
26290,용호동,488-3,영신맨션,영신맨션,,,TRADE_AE49FD2E9102,unmatched,0.0,40.0,22,26290|동명로157번길|29,26290|용호동|488-3,standard,True,
26290,대연동,1272-2,동원로얄듀크,동원로얄듀크,대연동원로얄듀크,A60881703,A60881703,road_legal_address_exact,100.0,85.71428571428572,1,26290|못골로41번길|13,26290|대연동|1272-2,standard,False,
26290,대연동,40-3,아침햇살,아침햇살,,,TRADE_EE3F0AE04252,unmatched,0.0,12.5,33,26290|용소로13번길|61,26290|대연동|40-3,standard,True,
26290,문현동,390-24,문현동태영데시앙,문현동태영데시앙,문현동태영데시앙,A60804002,A60804002,road_legal_address_exact,100.0,100.0,1,26290|전포대로|38,26290|문현동|390-24,standard,False,
26290,문현동,18,광원문현맨션,광원문현맨션,문현광원아파트,A60882001,A60882001,road_legal_address_exact,100.0,40.0,1,26290|고동골로97번길|67,26290|문현동|18,standard,False,
26290,대연동,901-3,삼흥골드빌,삼흥골드빌,,,TRADE_942C40D51515,unmatched,0.0,22.22222222222222,33,26290|천제등로|50-6,26290|대연동|901-3,standard,True,
26290,용호동,176-30,엘지메트로시티41,엘지메트로시티4-1(201-214),LG메트로시티아파트,A60809004,A60809004,road_legal_address_exact,100.0,62.5,1,26290|분포로|113,26290|용호동|176-30,standard,False,
26290,문현동,1232,문현범양레우스,문현범양레우스,문현 범양레우스 아파트,A10026905,A10026905,road_address_exact,100.0,100.0,1,26290|황령대로90번길|55,26290|문현동|1232,standard,False,
26290,감만동,233-1,감만현대3,감만현대3,감만현대3차아파트,A60875301,A60875301,road_legal_address_exact,100.0,90.9090909090909,1,26290|우암로2번길|30,26290|감만동|233-1,standard,False,
26290,대연동,405,대연맨션,대연맨션,,,TRADE_DD40C95D49AD,unmatched,0.0,50.0,33,26290|수영로|289,26290|대연동|405,standard,True,
26290,대연동,1903,대연skviewhills,대연SKVIEWHills,대연sk뷰힐스아파트,A10026094,A10026094,road_address_exact,100.0,40.0,1,26290|수영로|261,26290|대연동|1903,standard,False,
26290,감만동,189-78,유창그린2차,유창그린2차,유창그린2단지아파트,A60875202,A60875202,road_legal_address_exact,100.0,76.92307692307692,1,26290|양지골로|134,26290|감만동|189-78,standard,False,
26290,대연동,888-1,글로리에버빌,글로리에버빌,,,TRADE_6C21DC0F9428,unmatched,0.0,33.333333333333336,33,26290|유엔평화로41번가길|41,26290|대연동|888-1,standard,True,
26290,감만동,31-3,우암자유5,우암자유5,우암5차자유아파트,A60880001,A60880001,road_legal_address_exact,100.0,72.72727272727273,1,26290|양지골로|358,26290|감만동|31-3,standard,False,
26290,용호동,69,화신골든맨션,화신골든맨션,,,TRADE_6E3D95CA4EF4,unmatched,0.0,33.333333333333336,22,26290|이기대공원로26번길|21-4,26290|용호동|69,standard,True,
26290,대연동,1865,대연롯데캐슬,대연롯데캐슬,대연롯데캐슬,A10028145,A10028145,road_address_exact,100.0,100.0,1,26290|수영로325번길|61,26290|대연동|1865,standard,False,
26290,문현동,1152,한일하나로,한일하나로(문현동1152),,,TRADE_5AFA0547EAF5,unmatched,0.0,22.22222222222222,23,26290|장고개로63번길|7-31,26290|문현동|1152,standard,True,
26290,대연동,93-3,부산대연동푸르지오,부산대연동푸르지오,대연동푸르지오,A60874408,A60874408,road_legal_address_exact,100.0,87.5,1,26290|수영로325번길|12,26290|대연동|93-3,standard,False,
26290,감만동,498-2,현대2,현대2,감만현대2차아파트,A60875303,A60875303,road_legal_address_exact,100.0,66.66666666666667,1,26290|신선로|165,26290|감만동|498-2,standard,False,
26290,문현동,41,한양,한양,문현한양아파트,A60876202,A60876202,road_legal_address_exact,100.0,66.66666666666667,1,26290|고동골로78번길|23,26290|문현동|41,standard,False,
26290,대연동,882-8,남동경빌,남동경빌,,,TRADE_E01E2BBE5D85,unmatched,0.0,36.36363636363637,33,26290|유엔평화로47번길|11,26290|대연동|882-8,standard,True,
26290,용호동,514-26,신익타워,신익타워,용호신익타워,A60883502,A60883502,road_legal_address_exact,100.0,80.0,1,26290|동명로|189,26290|용호동|514-26,standard,False,
26290,우암동,101-1,우암중앙하이츠,우암중앙하이츠아파트,우암중앙하이츠아파트,A60806001,A60806001,road_legal_address_exact,100.0,100.0,1,26290|유엔로|46,26290|우암동|101-1,standard,False,
26290,문현동,648-13,대성문문현3차퀸즈w,대성문문현3차퀸즈W,,,TRADE_5BEF062CD9EB,unmatched,0.0,37.5,23,26290|전포대로40번길|9,26290|문현동|648-13,standard,True,
26290,문현동,395,삼성,삼성,문현동삼성아파트,A60804003,A60804003,road_legal_address_exact,100.0,57.14285714285714,1,26290|전포대로20번길|15,26290|문현동|395,standard,False,
26290,용호동,181-1,현대비치,현대비치,현대비치아파트,A60876402,A60876402,road_legal_address_exact,100.0,100.0,1,26290|용호로42번길|14,26290|용호동|181-1,standard,False,
26290,대연동,1375-2,일동지에닌,일동지에닌,일동지에닌주상복합,A60880801,A60880801,road_legal_address_exact,100.0,71.42857142857143,1,26290|수영로|209,26290|대연동|1375-2,standard,False,
26290,대연동,1506-19,햇살좋은집,햇살좋은집,,,TRADE_7A42988A438A,unmatched,0.0,0.0,33,26290|못골번영로49번길|17,26290|대연동|1506-19,standard,True,
26290,용호동,179-4,일신프리빌리지,일신프리빌리지,용호일신프리빌리지,A60876301,A60876301,road_legal_address_exact,100.0,87.5,1,26290|용호로|34,26290|용호동|179-4,standard,False,
26290,문현동,383-1,문현삼성힐타워,문현삼성힐타워,문현삼성힐타워아파트,A60878104,A60878104,road_legal_address_exact,100.0,100.0,1,26290|전포대로|26,26290|문현동|383-1,standard,False,
26290,대연동,1472-14,한우맨션1동,한우맨션1동,,,TRADE_6A072595137C,unmatched,0.0,19.999999999999996,33,26290|진남로46번길|28,26290|대연동|1472-14,standard,True,
26290,문현동,414-10,문현베스티움더스퀘어,문현베스티움더스퀘어,문현베스티움아파트,A10025508,A10025508,dong_fuzzy,75.0,75.0,23,26290|고동골로|19,26290|문현동|414-10,standard,True,
26290,대연동,86-3,마로니에타운,마로니에타운,마로니에타운,A60880501,A60880501,road_legal_address_exact,100.0,100.0,1,26290|수영로325번길|11,26290|대연동|86-3,standard,False,
26290,용호동,536-18,협진태양,협진태양,용호협진태양아파트,A60883803,A60883803,road_legal_address_exact,100.0,80.0,1,26290|용호로198번길|37,26290|용호동|536-18,standard,False,
26290,문현동,303-7,문현,문현,,,TRADE_7D70E1122281,unmatched,0.0,66.66666666666667,23,26290|지게골로|156,26290|문현동|303-7,standard,True,
26290,문현동,523-1,강진융프라우2차,강진융프라우2차,,,TRADE_52FA54CCDD99,unmatched,0.0,28.57142857142857,23,26290|전포대로|90,26290|문현동|523-1,standard,True,
26290,용호동,537-13,한진훼미리타운,한진훼미리타운,한진훼밀리타운,A60883804,A60883804,road_legal_address_exact,100.0,85.71428571428572,1,26290|용호로232번길|61,26290|용호동|537-13,standard,False,
26290,용호동,514-1,동부타워,동부타워,용호동부타워아파트,A60883501,A60883501,road_legal_address_exact,100.0,80.0,1,26290|동명로|193,26290|용호동|514-1,standard,False,
26290,문현동,363-1,시티프라자,시티프라자,대림문현시티프라자,A60872101,A60872101,road_legal_address_exact,100.0,71.42857142857143,1,26290|수영로|26,26290|문현동|363-1,standard,False,
26290,우암동,10,대승하이아트,대승하이아트,대승하이아트,A60884101,A60884101,road_legal_address_exact,100.0,100.0,1,26290|유엔로|66,26290|우암동|10,standard,False,
26290,대연동,1909,대연skviewhills,대연SKVIEWHills(2단지),대연sk뷰힐스아파트,A10026094,A10026094,road_address_exact,100.0,40.0,1,26290|수영로|261,26290|대연동|1909,standard,False,
26290,용호동,776-12,롯데캐슬아인스,롯데캐슬아인스,롯데캐슬아인스,A60809001,A60809001,road_legal_address_exact,100.0,100.0,1,26290|용호로231번길|62,26290|용호동|776-12,standard,False,
26290,대연동,384-26,벽산e솔렌스힐,벽산e-솔렌스힐,벽산 e 솔렌스힐,A10027944,A10027944,road_legal_address_exact,100.0,100.0,1,26290|수영로|283,26290|대연동|384-26,standard,False,
26290,대연동,281-5,동남,동남,,,TRADE_A1A70E4116B6,unmatched,0.0,33.333333333333336,33,26290|진남로36번길|101,26290|대연동|281-5,standard,True,
26290,우암동,17,영남빌로체,영남빌로체,,,TRADE_795737963E32,unmatched,0.0,0.0,10,26290|유엔로38번길|41,26290|우암동|17,standard,True,
26290,용호동,537-11,삼성,삼성,,,TRADE_E5B775A94B47,unmatched,0.0,0.0,22,26290|용호로232번길|49,26290|용호동|537-11,standard,True,
26290,감만동,8-22,한울시너스,한울시너스아파트,,,TRADE_7098093EBC46,unmatched,0.0,16.666666666666664,9,26290|석포로26번가길|4,26290|감만동|8-22,standard,True,
26290,대연동,245-137,신원,신원,신원에버그린아파트,A60880604,A60880604,road_legal_address_exact,100.0,50.0,1,26290|황령대로319번가길|158-30,26290|대연동|245-137,standard,False,
26290,감만동,189-77,유창1,유창1,,,TRADE_7363D1DF6D4D,unmatched,0.0,40.0,9,26290|양지골로|152,26290|감만동|189-77,standard,True,
26290,용호동,494-11,이정팰리스,이정팰리스,,,TRADE_AD6A18D8E3F9,unmatched,0.0,21.052631578947366,22,26290|동명로146번길|64,26290|용호동|494-11,standard,True,
26290,대연동,1757-5,드림,드림,,,TRADE_27F44C252BD0,unmatched,0.0,18.181818181818176,33,26290|유엔평화로4번길|76,26290|대연동|1757-5,standard,True,
26290,용호동,563-1,오륙도뜨란채,오륙도 뜨란채,오륙도뜨란채 아파트,A60883903,A60883903,road_legal_address_exact,100.0,100.0,1,26290|용호로269번길|29,26290|용호동|563-1,standard,False,
26290,문현동,806,보람더하임,보람더하임,문현동보람더하임아파트,A60882701,A60882701,road_legal_address_exact,100.0,76.92307692307692,1,26290|전포대로|17,26290|문현동|806,standard,False,
26290,대연동,285-2,삼성맨션,삼성맨션,,,TRADE_E493D6B9CC7E,unmatched,0.0,50.0,33,26290|진남로30번가길|32,26290|대연동|285-2,standard,True,
26290,문현동,464-2,대성문문현퀸즈더블유101,대성문문현퀸즈더블유101,,,TRADE_1081C854444C,unmatched,0.0,28.57142857142857,23,26290|고동골로47번길|52,26290|문현동|464-2,standard,True,
26290,대연동,74-2,대연동동일스위트,대연동동일스위트,대연동일스위트아파트,A10026185,A10026185,road_legal_address_exact,100.0,93.33333333333333,1,26290|수영로|294,26290|대연동|74-2,standard,False,
26320,만덕동,953,쌍용스윗닷홈,쌍용스윗닷홈,신만덕쌍용예가,A61673103,A61673103,road_legal_address_exact,100.0,30.76923076923077,1,26320|만덕3로|49,26320|만덕동|953,standard,False,
26320,화명동,2337,화명2차동원로얄듀크비스타,화명2차동원로얄듀크비스타,화명2차 동원로얄듀크비스타아파트,A10027836,A10027836,road_legal_address_exact,100.0,100.0,1,26320|금곡대로|175,26320|화명동|2337,standard,False,
26320,덕천동,361,목화,목화,포레나 부산덕천3차,A10020621,A10020621,legal_address_exact,100.0,0.0,1,26320|만덕대로115번길|14,26320|덕천동|361,standard,True,
26320,구포동,1103-2,구포현대,구포현대,구포현대아파트,A61680707,A61680707,road_legal_address_exact,100.0,100.0,1,26320|백양대로|1003,26320|구포동|1103-2,standard,False,
26320,화명동,2324,화명롯데캐슬카이저,화명롯데캐슬카이저,화명롯데캐슬카이저,A61673308,A61673308,road_legal_address_exact,100.0,100.0,1,26320|금곡대로|166,26320|화명동|2324,standard,False,
26320,구포동,782-30,우정맨션나동,우정맨션나동,,,TRADE_361CFCBA6163,unmatched,0.0,19.999999999999996,22,26320|시랑로48번길|40,26320|구포동|782-30,standard,True,
26320,구포동,1060-180,을숙도아침,을숙도아침,,,TRADE_1B2703FA0101,unmatched,0.0,18.181818181818176,22,26320|가람로|38,26320|구포동|1060-180,standard,True,
26320,화명동,2262,대우이안,대우이안,화명대우이안아파트,A61612011,A61612011,road_legal_address_exact,100.0,80.0,1,26320|화명신도시로|145,26320|화명동|2262,standard,False,
26320,구포동,1296,구포동원로얄듀크비스타,구포동원로얄듀크비스타,동원로얄듀크비스타,A61609002,A61609002,road_legal_address_exact,100.0,90.0,1,26320|낙동대로1738번길|10,26320|구포동|1296,standard,False,
26320,화명동,1130-9,화명동롯데캐슬멤버스,화명동롯데캐슬멤버스,화명동롯데캐슬멤버스,A61612002,A61612002,road_legal_address_exact,100.0,100.0,1,26320|금곡대로|240,26320|화명동|1130-9,standard,False,
26320,금곡동,832,동원역삼정그린코아,동원역삼정그린코아,동원역삼정그린코아,A10028138,A10028138,road_legal_address_exact,100.0,100.0,1,26320|효열로|135,26320|금곡동|832,standard,False,
26320,금곡동,1898,화명한일유앤아이,화명한일유앤아이,화명한일유앤아이,A61677013,A61677013,road_legal_address_exact,100.0,100.0,1,26320|화명신도시로|194,26320|금곡동|1898,standard,False,
26320,만덕동,927-1,대성타워,대성타워,만덕대성타워,A61682607,A61682607,road_legal_address_exact,100.0,80.0,1,26320|덕천로259번길|30,26320|만덕동|927-1,standard,False,
26320,화명동,196,경남아너스빌,경남아너스빌,화명경남아너스빌,A61679208,A61679208,road_legal_address_exact,100.0,85.71428571428572,1,26320|대천천길|37,26320|화명동|196,standard,False,
26320,화명동,2290,코오롱하늘채1차,코오롱하늘채1차,화명코오롱하늘채1차아파트,A61612013,A61612013,road_legal_address_exact,100.0,88.88888888888889,1,26320|화명신도시로|70,26320|화명동|2290,standard,False,
26320,화명동,1170-1,대림타운,대림타운,화명대림타운,A61612019,A61612019,road_legal_address_exact,100.0,80.0,1,26320|금곡대로|268,26320|화명동|1170-1,standard,False,
26320,금곡동,97-11,협진태양조성,협진태양·조성아파트,금곡조성협진아파트,A61681108,A61681108,road_legal_address_exact,100.0,33.333333333333336,1,26320|효열로162번길|41,26320|금곡동|97-11,standard,False,
26320,화명동,2307,화명2차현대,화명2차현대,화명2차현대아파트,A61612010,A61612010,road_legal_address_exact,100.0,100.0,1,26320|화명신도시로|48,26320|화명동|2307,standard,False,
26320,화명동,2306,대림쌍용강변타운,대림쌍용강변타운,대림쌍용강변타운,A61612017,A61612017,road_legal_address_exact,100.0,100.0,1,26320|화명신도시로|39,26320|화명동|2306,standard,False,
26320,구포동,923-119,구포대성,구포대성아파트,구포대성아파트,A61675204,A61675204,road_legal_address_exact,100.0,100.0,1,26320|구남언덕로20번길|7,26320|구포동|923-119,standard,False,
26320,만덕동,955,백양디이스트,백양디이스트(1단지),백양디이스트,A10027832,A10027832,road_legal_address_exact,100.0,100.0,1,26320|덕천로276번길|60,26320|만덕동|955,standard,False,
26320,만덕동,830-49,금정산센트럴포레,금정산센트럴포레,금정산 센트럴포레,A61672003,A61672003,road_legal_address_exact,100.0,100.0,1,26320|만덕1로|25-9,26320|만덕동|830-49,standard,False,
26320,금곡동,1918,신화명리버뷰자이,신화명리버뷰자이,신화명리버뷰자이아파트,A10027989,A10027989,road_address_exact,100.0,100.0,1,26320|금곡대로470번길|29,26320|금곡동|1918,standard,False,
26320,덕천동,354-1,부국2,부국2,,,TRADE_28CF0598C8C9,unmatched,0.0,33.333333333333336,16,26320|만덕대로27번길|20,26320|덕천동|354-1,standard,True,
26320,만덕동,290-1,삼성,삼성,만덕삼성아파트,A61675806,A61675806,road_legal_address_exact,100.0,66.66666666666667,1,26320|만덕2로|10,26320|만덕동|290-1,standard,False,
26320,화명동,754,화명그린힐,화명그린힐,화명그린힐아파트,A61673306,A61673306,road_legal_address_exact,100.0,100.0,1,26320|화명대로94번길|45,26320|화명동|754,standard,False,
26320,화명동,749,화명유림,화명유림,화명유림아파트,A61673305,A61673305,road_legal_address_exact,100.0,100.0,1,26320|화명대로|110,26320|화명동|749,standard,False,
26320,금곡동,810,금곡9단지주공,금곡9단지주공,금곡9단지주공,A61676814,A61676814,legal_address_exact,100.0,100.0,1,26320|효열로|98,26320|금곡동|810,standard,False,
26320,만덕동,831-15,만덕2주공,만덕2주공,만덕2휴먼시아,A61682802,A61682802,road_legal_address_exact,100.0,50.0,1,26320|만덕1로|25-12,26320|만덕동|831-15,standard,False,
26320,만덕동,823-8,만덕베르빌,만덕베르빌,만덕베르빌아파트,A61683003,A61683003,road_legal_address_exact,100.0,100.0,1,26320|만덕1로|8,26320|만덕동|823-8,standard,False,
26320,화명동,2264,롯데낙천대,롯데낙천대,화명롯데낙천대,A61612018,A61612018,road_legal_address_exact,100.0,83.33333333333334,1,26320|화명신도시로|156,26320|화명동|2264,standard,False,
26320,금곡동,1909,대우이안,대우이안,이안금곡아파트,A61673901,A61673901,road_legal_address_exact,100.0,50.0,1,26320|금곡대로550번길|6,26320|금곡동|1909,standard,False,
26320,금곡동,1112-2,금곡5단지주공,금곡5단지주공,금곡주공5단지아파트,A61676509,A61676509,road_legal_address_exact,100.0,71.42857142857143,1,26320|효열로37번길|22,26320|금곡동|1112-2,standard,False,
26320,금곡동,1885,화명리버빌2차,화명리버빌2차,화명리버빌2차아파트,A61684110,A61684110,road_legal_address_exact,100.0,100.0,1,26320|화명신도시로|244,26320|금곡동|1885,standard,False,
26320,덕천동,406,한성,한성,한성아파트,A61681502,A61681502,road_legal_address_exact,100.0,100.0,1,26320|만덕대로142번길|31,26320|덕천동|406,standard,False,
26320,구포동,857-3,벽산그린필드,벽산그린필드,벽산그린필드1차아파트,A61680506,A61680506,road_legal_address_exact,100.0,85.71428571428572,1,26320|모분재로105번길|53,26320|구포동|857-3,standard,False,
26320,금곡동,1915,율리역벽산블루밍1단지,율리역벽산블루밍1단지,율리벽산블루밍,A61673902,A61673902,road_legal_address_exact,100.0,77.77777777777779,1,26320|효열로|1,26320|금곡동|1915,standard,False,
26320,금곡동,1110,금곡6단지주공,금곡6단지주공,금곡주공6단지아파트,A61676605,A61676605,road_legal_address_exact,100.0,71.42857142857143,1,26320|효열로|40,26320|금곡동|1110,standard,False,
26320,화명동,1293-1,e편한세상화명힐스,e편한세상화명힐스,e편한세상 화명힐스 아파트,A10027790,A10027790,road_address_exact,100.0,100.0,1,26320|화명대로|68,26320|화명동|1293-1,standard,False,
26320,화명동,310,코오롱,코오롱,화명코오롱아파트,A61674703,A61674703,road_legal_address_exact,100.0,75.0,1,26320|양달로|80-11,26320|화명동|310,standard,False,
26320,구포동,452,구포윤창비에이치타운,구포윤창비에이치타운,윤창BH타운,A10025171,A10025171,road_legal_address_exact,100.0,50.0,1,26320|낙동대로1762번가길|20,26320|구포동|452,standard,False,
26320,만덕동,658,동일,동일,만덕동일아파트,A61675505,A61675505,road_legal_address_exact,100.0,66.66666666666667,1,26320|만덕1로104번가길|57,26320|만덕동|658,standard,False,
26320,만덕동,670,만덕대진,만덕대진,만덕대진아파트,A61672001,A61672001,road_legal_address_exact,100.0,100.0,1,26320|만덕1로|92,26320|만덕동|670,standard,False,
26320,금곡동,56-1,벽산삼협한솔,벽산삼협한솔,금곡한솔아파트,A61676006,A61676006,road_legal_address_exact,100.0,40.0,1,26320|효열로|265,26320|금곡동|56-1,standard,False,
26320,금곡동,1895,화명뜨란채,화명뜨란채,화명뜨란채,A61674912,A61674912,road_legal_address_exact,100.0,100.0,1,26320|화명신도시로|219,26320|금곡동|1895,standard,False,
26320,덕천동,802,덕천주공1,덕천주공1,덕천주공1단지아파트,A61682303,A61682303,road_legal_address_exact,100.0,83.33333333333334,1,26320|덕천로|72,26320|덕천동|802,standard,False,
26320,금곡동,810,금곡8단지주공,금곡8단지주공,금곡9단지주공,A61676814,A61676814,road_legal_address_exact,100.0,85.71428571428572,1,26320|효열로|134,26320|금곡동|810,standard,False,
26320,만덕동,774,럭키,럭키,럭키만덕1차아파트,A61678706,A61678706,road_legal_address_exact,100.0,50.0,1,26320|덕천로|194,26320|만덕동|774,standard,False,
26320,화명동,1150,동원로얄듀크,동원로얄듀크,화명동원로얄듀크,A61673304,A61673304,road_legal_address_exact,100.0,85.71428571428572,1,26320|금곡대로|228,26320|화명동|1150,standard,False,
26320,화명동,2322,수정강변타운,수정강변타운,화명수정강변타운,A61612016,A61612016,road_legal_address_exact,100.0,85.71428571428572,1,26320|학사로17번길|31,26320|화명동|2322,standard,False,
26320,화명동,2288,코오롱하늘채2차,코오롱하늘채2차,화명코오롱하늘채2차,A61685214,A61685214,road_legal_address_exact,100.0,88.88888888888889,1,26320|화명신도시로|100,26320|화명동|2288,standard,False,
26320,만덕동,943-1,상록한신휴플러스,상록한신휴플러스,만덕 상록한신휴플러스아파트,A61675601,A61675601,road_legal_address_exact,100.0,88.88888888888889,1,26320|함박봉로140번길|16,26320|만덕동|943-1,standard,False,
26320,화명동,732,삼한힐파크,삼한힐파크,삼한힐파크아파트,A61673302,A61673302,road_legal_address_exact,100.0,100.0,1,26320|화명대로|119,26320|화명동|732,standard,False,
26320,덕천동,431-9,동주광명맨션가동,동주광명맨션가동,,,TRADE_0C04B23399C0,unmatched,0.0,28.57142857142857,16,26320|의성로128번길|33,26320|덕천동|431-9,standard,True,
26320,화명동,188,벽산강변타운,벽산강변타운,벽산강변타운아파트,A61679206,A61679206,road_legal_address_exact,100.0,100.0,1,26320|양달로9번길|21,26320|화명동|188,standard,False,
26320,덕천동,362,삼진,삼진,,,TRADE_5C938254CD3B,unmatched,0.0,19.999999999999996,16,26320|만덕대로127번길|14-7,26320|덕천동|362,standard,True,
26320,금곡동,57-1,금곡3단지주공,금곡3단지주공,금곡주공3단지아파트,A61676316,A61676316,road_legal_address_exact,100.0,71.42857142857143,1,26320|효열로220번길|23,26320|금곡동|57-1,standard,False,
26320,만덕동,216-7,그린코아,그린코아,만덕그린코아아파트,A61678209,A61678209,road_legal_address_exact,100.0,80.0,1,26320|덕천로234번길|47,26320|만덕동|216-7,standard,False,
26320,덕천동,388-1,대방,대방,덕천대방아파트,A61681904,A61681904,road_legal_address_exact,100.0,66.66666666666667,1,26320|만덕대로90번길|13,26320|덕천동|388-1,standard,False,
26320,덕천동,376-13,덕천시영,덕천시영,,,TRADE_7C3426AC8997,unmatched,0.0,50.0,16,26320|만덕대로101번길|6,26320|덕천동|376-13,standard,True,
26320,금곡동,94-1,유림2차,유림2차(2),"금곡유림2차아파트(205동,206동)",A61681001,A61681001,road_legal_address_exact,100.0,80.0,1,26320|금곡대로616번길|57,26320|금곡동|94-1,standard,False,
26320,구포동,857-10,경원골든,경원골든,경원골든아파트,A10022618,A10022618,road_legal_address_exact,100.0,100.0,1,26320|모분재로149번길|27,26320|구포동|857-10,standard,False,
26320,구포동,1247-10,태평양,태평양,구포태평양아파트,A61680905,A61680905,road_legal_address_exact,100.0,75.0,1,26320|시랑로|176,26320|구포동|1247-10,standard,False,
26320,화명동,295,도시화명그린,도시화명그린(295),도시화명그린(21B)아파트,A61679207,A61679207,road_legal_address_exact,100.0,100.0,1,26320|양달로|69,26320|화명동|295,standard,False,
26320,구포동,1293,유림노르웨이숲,유림노르웨이숲,구포유림노르웨이숲,A61609206,A61609206,road_legal_address_exact,100.0,87.5,1,26320|낙동북로|737,26320|구포동|1293,standard,False,
26320,덕천동,250-9,한성맨션1동3동,한성맨션1동~3동,,,TRADE_0D75DDC00968,unmatched,0.0,40.0,16,26320|의성로127번길|28,26320|덕천동|250-9,standard,True,
26320,덕천동,409-14,소호,소호(8동),,,TRADE_DD651F4DFEA6,unmatched,0.0,0.0,16,26320|의성로115번길|107,26320|덕천동|409-14,standard,True,
26320,덕천동,344-2,신도,신도,,,TRADE_EDB2779F6BDF,unmatched,0.0,15.384615384615385,16,26320|만덕대로65번길|29,26320|덕천동|344-2,standard,True,
26320,화명동,1426-1,우신,우신,우신,A61612006,A61612006,road_legal_address_exact,100.0,100.0,1,26320|산성로12번길|27,26320|화명동|1426-1,standard,False,
26320,구포동,1095-2,삼정그린코아,삼정그린코아,구포삼정그린코아아파트,A61680705,A61680705,road_legal_address_exact,100.0,85.71428571428572,1,26320|백양대로1016번길|10,26320|구포동|1095-2,standard,False,
26320,화명동,313,도시화명그린,도시화명그린(313),도시화명그린25아파트,A61679209,A61679209,road_legal_address_exact,100.0,85.71428571428572,1,26320|양달로|80-18,26320|화명동|313,standard,False,
26320,화명동,733,화명현대,화명현대,화명현대,A61673301,A61673301,road_legal_address_exact,100.0,100.0,1,26320|화명대로|87,26320|화명동|733,standard,False,
26320,덕천동,359-1,한효,한효,포레나부산덕천2차,A10022905,A10022905,legal_address_exact,100.0,0.0,1,26320|만덕대로89번길|20,26320|덕천동|359-1,standard,True,
26320,만덕동,234-1,만덕현대,만덕현대,만덕현대아파트,A61682501,A61682501,road_legal_address_exact,100.0,100.0,1,26320|만덕3로|45,26320|만덕동|234-1,standard,False,
26320,구포동,401-1,구포오바드빌,구포오바드빌,,,TRADE_1BEFF09201D3,unmatched,0.0,40.0,22,26320|가람로52번길|29,26320|구포동|401-1,standard,True,
26320,만덕동,925-1,동원,동원,만덕동원,A61682907,A61682907,road_legal_address_exact,100.0,66.66666666666667,1,26320|덕천로234번길|7,26320|만덕동|925-1,standard,False,
26320,덕천동,365-11,일동파크맨션,일동파크맨션,,,TRADE_91D826C35936,unmatched,0.0,66.66666666666667,16,26320|만덕대로155번길|42,26320|덕천동|365-11,standard,True,
26320,구포동,405-7,묘성폴라리스,묘성폴라리스,,,TRADE_359243987D89,unmatched,0.0,33.333333333333336,22,26320|가람로|60-3,26320|구포동|405-7,standard,True,
26320,덕천동,357-1,덕천시영,덕천시영,,,TRADE_F0CF5583636B,unmatched,0.0,50.0,16,26320|기찰로|66,26320|덕천동|357-1,standard,True,
26320,금곡동,1425,유림,유림(1차),금곡유림1차아파트,A61681304,A61681304,road_legal_address_exact,100.0,50.0,1,26320|금곡대로470번길|33,26320|금곡동|1425,standard,False,
26320,화명동,2274-4,엘가,엘가,,,TRADE_1655BADE7970,unmatched,0.0,0.0,29,26320|금곡대로285번길|94,26320|화명동|2274-4,standard,True,
26320,덕천동,373-1,덕천삼정그린코아,덕천삼정그린코아,덕천삼정그린코아,A61670501,A61670501,road_legal_address_exact,100.0,100.0,1,26320|만덕대로155번길|15,26320|덕천동|373-1,standard,False,
26320,만덕동,839-1,동원맨션,동원맨션,만덕동원맨션,A10022543,A10022543,road_legal_address_exact,100.0,80.0,1,26320|덕천로276번길|5,26320|만덕동|839-1,standard,False,
26320,덕천동,814-4,기비골마을,기비골마을,기비골마을아파트,A61677608,A61677608,road_legal_address_exact,100.0,100.0,1,26320|만덕1로104번길|29,26320|덕천동|814-4,standard,False,
26320,구포동,394,구포봄여름가을겨울,구포봄여름가을겨울아파트,구포봄여름가을겨울,A10027166,A10027166,road_legal_address_exact,100.0,100.0,1,26320|낙동대로1762번길|50,26320|구포동|394,standard,False,
26320,덕천동,365-6,정남,정남,,,TRADE_0E24D6A31AC6,unmatched,0.0,28.57142857142857,16,26320|만덕대로155번길|40-11,26320|덕천동|365-6,standard,True,
26350,재송동,1355,센텀리슈빌2단지,센텀리슈빌2단지,센텀리슈빌 아파트,A10026557,A10026557,road_address_exact,100.0,76.92307692307692,1,26350|해운대로76번길|40,26350|재송동|1355,standard,False,
26350,좌동,1492,해운대케이씨씨스위첸,해운대케이씨씨스위첸,해운대KCC스위첸,A61203040,A61203040,road_legal_address_exact,100.0,63.1578947368421,1,26350|세실로|80,26350|좌동|1492,standard,False,
26350,반여동,1660,센텀롯데캐슬2차,센텀롯데캐슬2차,센텀롯데캐슬2차,A61206114,A61206114,road_legal_address_exact,100.0,100.0,1,26350|반여로|68-12,26350|반여동|1660,standard,False,
26350,좌동,1307,대원,대원,해운대대원아파트,A61203010,A61203010,road_legal_address_exact,100.0,57.14285714285714,1,26350|좌동순환로|252,26350|좌동|1307,standard,False,
26350,우동,1410-1,두산위브포세이돈,두산위브포세이돈,마린시티두산위브포세이돈,A61274012,A61274012,road_legal_address_exact,100.0,80.0,1,26350|마린시티1로|91,26350|우동|1410-1,standard,False,
26350,반여동,1638,아시아선수촌,아시아선수촌아파트,아시아선수촌아파트,A61271919,A61271919,road_legal_address_exact,100.0,100.0,1,26350|선수촌로|122,26350|반여동|1638,standard,False,
26350,재송동,1041-3,금호,금호,재송금호(아파트),A61283208,A61283208,road_legal_address_exact,100.0,66.66666666666667,1,26350|재반로|141,26350|재송동|1041-3,standard,False,
26350,재송동,661-1,유창맨션,유창맨션,,,TRADE_7C9EE71A1A81,unmatched,0.0,0.0,31,26350|재반로|10,26350|재송동|661-1,standard,True,
26350,우동,1498,대우트럼프월드센텀,대우트럼프월드센텀,트럼프월드센텀,A61202004,A61202004,road_legal_address_exact,100.0,87.5,1,26350|센텀동로|9,26350|우동|1498,standard,False,
26350,반여동,1477-1,왕자,왕자,반여동왕자아파트,A61281507,A61281507,road_legal_address_exact,100.0,57.14285714285714,1,26350|선수촌로|9,26350|반여동|1477-1,standard,False,
26350,우동,977,대우마리나3,대우마리나3,대우마리나3차아파트,A61278912,A61278912,road_legal_address_exact,100.0,92.3076923076923,1,26350|해운대해변로|115,26350|우동|977,standard,False,
26350,재송동,1048-3,센텀우신골든빌,센텀우신골든빌,센텀우신골든빌,A61278214,A61278214,road_legal_address_exact,100.0,100.0,1,26350|재반로125번길|30,26350|재송동|1048-3,standard,False,
26350,우동,1388-1,경남마리나,경남마리나,경남마리나아파트,A61274011,A61274011,road_legal_address_exact,100.0,100.0,1,26350|해운대해변로|99,26350|우동|1388-1,standard,False,
26350,중동,1154-5,삼성콘도맨션,삼성콘도맨션,,,TRADE_AB564F86B567,unmatched,0.0,25.0,29,26350|해운대해변로|334,26350|중동|1154-5,standard,True,
26350,반송동,892,벽산삼협,벽산삼협,벽산삼협한솔,A61273306,A61273306,road_legal_address_exact,100.0,80.0,1,26350|신반송로|29,26350|반송동|892,standard,False,
26350,좌동,1337,현대,현대,해운대현대,A61275302,A61275302,road_legal_address_exact,100.0,57.14285714285714,1,26350|양운로37번길|11,26350|좌동|1337,standard,False,
26350,우동,1488,대우월드마크센텀,대우월드마크센텀,대우월드마크센텀,A61202006,A61202006,road_legal_address_exact,100.0,100.0,1,26350|센텀동로|25,26350|우동|1488,standard,False,
26350,반여동,1411-10,현대그린맨션,현대그린맨션,반여현대그린아파트,A61272011,A61272011,road_legal_address_exact,100.0,66.66666666666667,1,26350|선수촌로21번길|65,26350|반여동|1411-10,standard,False,
26350,좌동,1310,화목,화목,해운대 화목타운,A61203026,A61203026,road_legal_address_exact,100.0,44.44444444444444,1,26350|대천로|187,26350|좌동|1310,standard,False,
26350,재송동,1157-1,센텀골든파크,센텀골든파크,센텀골든파크,A61283204,A61283204,road_legal_address_exact,100.0,100.0,1,26350|재송2로175번길|43,26350|재송동|1157-1,standard,False,
26350,좌동,1288,대동타운,대동타운,해운대대동타운아파트,A61203034,A61203034,road_legal_address_exact,100.0,72.72727272727273,1,26350|대천로103번길|29,26350|좌동|1288,standard,False,
26350,재송동,1029,센텀파미르,센텀파미르,재송동센텀파미르,A61287317,A61287317,road_legal_address_exact,100.0,76.92307692307692,1,26350|해운대로61번길|56,26350|재송동|1029,standard,False,
26350,우동,1100,센텀삼환nauville,센텀삼환Nauville,센텀삼환아파트,A61271101,A61271101,road_legal_address_exact,100.0,50.0,1,26350|해운대로|361,26350|우동|1100,standard,False,
26350,반송동,260-6,이진,이진,반송이진아파트,A61280401,A61280401,road_legal_address_exact,100.0,66.66666666666667,1,26350|반송순환로|202,26350|반송동|260-6,standard,False,
26350,우동,1407,해운대두산위브더제니스,해운대두산위브더제니스,해운대두산위브더제니스,A61202007,A61202007,road_legal_address_exact,100.0,100.0,1,26350|마린시티2로|33,26350|우동|1407,standard,False,
26350,중동,1167-3,현대아쿠아팰리스해운대,현대아쿠아팰리스해운대,현대아쿠아팰리스해운대,A10024165,A10024165,road_legal_address_exact,100.0,100.0,1,26350|달맞이길|35,26350|중동|1167-3,standard,False,
26350,중동,1360,롯데캐슬마린,롯데캐슬마린,롯데캐슬마린,A61201007,A61201007,road_legal_address_exact,100.0,100.0,1,26350|중동2로34번길|29,26350|중동|1360,standard,False,
26350,중동,718-6,해운대신시가지경동메르빌,해운대신시가지경동메르빌,해운대신시가지경동메르빌아파트,A61284601,A61284601,road_legal_address_exact,100.0,100.0,1,26350|해운대로774번길|30,26350|중동|718-6,standard,False,
26350,송정동,439-1,동서하이빌,동서하이빌아파트,,,TRADE_71D0F6936F38,unmatched,0.0,14.28571428571429,5,26350|송정광어골로82번길|87,26350|송정동|439-1,standard,True,
26350,우동,1536,해운대자이2차1단지,해운대자이2차1단지,해운대 자이2차,A10026484,A10026484,road_legal_address_exact,100.0,82.35294117647058,1,26350|해운대로469번길|110,26350|우동|1536,standard,False,
26350,우동,1434-2,현대하이페리온,현대하이페리온,해운대현대하이페리온,A10020224,A10020224,road_legal_address_exact,100.0,82.35294117647058,1,26350|마린시티1로|155,26350|우동|1434-2,standard,False,
26350,좌동,1321,벽산1,벽산1,해운대벽산1차아파트,A61203025,A61203025,road_legal_address_exact,100.0,60.0,1,26350|대천로|205,26350|좌동|1321,standard,False,
26350,중동,1763,해운대동일,해운대동일,해운대동일아파트,A61271405,A61271405,road_legal_address_exact,100.0,100.0,1,26350|해운대해변로|394,26350|중동|1763,standard,False,
26350,좌동,1300,롯데3차,롯데3차,해운대롯데3차아파트,A61203022,A61203022,road_legal_address_exact,100.0,72.72727272727273,1,26350|세실로|138,26350|좌동|1300,standard,False,
26350,우동,763,해운대경동제이드,해운대경동제이드,해운대경동제이드,A61274014,A61274014,road_legal_address_exact,100.0,100.0,1,26350|해운대해변로|197,26350|우동|763,standard,False,
26350,중동,1792,해운대양우내안애팰리스,해운대양우내안애팰리스,해운대 양우내안애팰리스,A10021342,A10021342,road_legal_address_exact,100.0,100.0,1,26350|좌동순환로433번길|40,26350|중동|1792,standard,False,
26350,반여동,1174-1,센텀skview,센텀SKVIEW아파트,센텀SK뷰,A61279804,A61279804,road_legal_address_exact,100.0,61.53846153846154,1,26350|삼어로|55,26350|반여동|1174-1,standard,False,
26350,우동,1008-5,동부올림픽타운,동부올림픽타운,동부올림픽아파트,A61274508,A61274508,road_legal_address_exact,100.0,83.33333333333334,1,26350|해운대로|428,26350|우동|1008-5,standard,False,
26350,반여동,763-28,대산,대산,,,TRADE_C0731E87025B,unmatched,0.0,33.333333333333336,31,26350|선수촌로207번가길|10,26350|반여동|763-28,standard,True,
26350,중동,1486-1,해운하이츠,해운하이츠,,,TRADE_B562FDB6FC5E,unmatched,0.0,71.42857142857143,29,26350|달맞이길117번나길|81,26350|중동|1486-1,standard,True,
26350,중동,1821,달맞이유림노르웨이숲,달맞이유림노르웨이숲,해운대 달맞이 유림노르웨이숲 아파트,A10026916,A10026916,road_legal_address_exact,100.0,86.95652173913044,1,26350|달맞이길65번길|33,26350|중동|1821,standard,False,
26350,재송동,1197,더샵센텀파크2차,더샵센텀파크2차,더샵센텀파크2차,A61271302,A61271302,road_legal_address_exact,100.0,100.0,1,26350|센텀중앙로|142,26350|재송동|1197,standard,False,
26350,반여동,1063-4,센텀자유,센텀자유,센텀자유아파트,A61206101,A61206101,road_legal_address_exact,100.0,100.0,1,26350|삼어로|95,26350|반여동|1063-4,standard,False,
26350,중동,1793,해운대래미안,해운대래미안,래미안해운대,A61288603,A61288603,road_legal_address_exact,100.0,50.0,1,26350|좌동순환로|402,26350|중동|1793,standard,False,
26350,우동,1527,해운대자이1단지,해운대자이1단지,해운대자이,A61202009,A61202009,road_legal_address_exact,100.0,76.92307692307692,1,26350|해운대로|435,26350|우동|1527,standard,False,
26350,좌동,1450,skview,SKVIEW,SKVIEW아파트,A61203038,A61203038,road_legal_address_exact,100.0,100.0,1,26350|청사포로|12,26350|좌동|1450,standard,False,
26350,우동,938,롯데,롯데,해운대롯데아파트,A61274213,A61274213,road_legal_address_exact,100.0,57.14285714285714,1,26350|해운대로483번길|10,26350|우동|938,standard,False,
26350,중동,1787,해운대skview,해운대SKVIEW,해운대SK뷰,A61288601,A61288601,road_legal_address_exact,100.0,66.66666666666667,1,26350|좌동순환로468번길|11,26350|중동|1787,standard,False,
26350,우동,1007-16,대우동삼,대우동삼,대우동삼아파트,A61277002,A61277002,road_legal_address_exact,100.0,100.0,1,26350|해운대로452번길|18,26350|우동|1007-16,standard,False,
26350,반여동,668-1,창신맨션,창신맨션,,,TRADE_9EC584793415,unmatched,0.0,25.0,31,26350|삼어로147번길|11,26350|반여동|668-1,standard,True,
26350,우동,1408,해운대ipark,해운대 I PARK,해운대아이파크,A61274013,A61274013,road_legal_address_exact,100.0,40.0,1,26350|마린시티2로|38,26350|우동|1408,standard,False,
26350,중동,1829,엘시티,엘시티,해운대 LCT 더샵아파트,A10025181,A10025181,road_address_exact,100.0,0.0,1,26350|달맞이길|30,26350|중동|1829,standard,True,
26350,좌동,1398,엘지,엘지,해운대LG아파트,A61203039,A61203039,road_legal_address_exact,100.0,0.0,1,26350|대천로103번길|61,26350|좌동|1398,standard,False,
26350,재송동,1026-1,시영80년,시영80년,80재송시영,A61277909,A61277909,road_legal_address_exact,100.0,36.36363636363637,1,26350|재반로165번길|82,26350|재송동|1026-1,standard,False,
26350,중동,262-1,중동삼정그린코아,중동삼정그린코아,해운대삼정그린코아아파트,A61271603,A61271603,road_legal_address_exact,100.0,70.58823529411764,1,26350|해운대로|777,26350|중동|262-1,standard,False,
26350,재송동,1146-1,재송그린,재송그린,재송그린,A61283211,A61283211,road_legal_address_exact,100.0,100.0,1,26350|재반로118번길|71,26350|재송동|1146-1,standard,False,
26350,반여동,1192-3,일동미라주,일동미라주,일동미라주,A61279802,A61279802,road_legal_address_exact,100.0,100.0,1,26350|삼어로|77,26350|반여동|1192-3,standard,False,
26350,좌동,1412,동부,동부,해운대동부아파트,A61203017,A61203017,road_legal_address_exact,100.0,57.14285714285714,1,26350|세실로|158,26350|좌동|1412,standard,False,
26350,우동,1104-1,삼호가든맨션,삼호가든맨션,삼호가든아파트,A61274707,A61274707,road_legal_address_exact,100.0,80.0,1,26350|해운대로349번길|24,26350|우동|1104-1,standard,False,
26350,재송동,1200,더샵센텀파크1차,더샵센텀파크1차,더샵센텀파크1차,A61271204,A61271204,road_legal_address_exact,100.0,100.0,1,26350|센텀중앙로|145,26350|재송동|1200,standard,False,
26350,중동,1818,해운대힐스테이트위브,해운대힐스테이트위브,해운대힐스테이트위브,A10028037,A10028037,road_address_exact,100.0,100.0,1,26350|좌동순환로433번길|30,26350|중동|1818,standard,False,
26350,중동,1515-2,달맞이경동메르빌,달맞이경동메르빌,달맞이경동메르빌아파트,A61201005,A61201005,road_legal_address_exact,100.0,100.0,1,26350|달맞이길65번길|12-12,26350|중동|1515-2,standard,False,
26350,반여동,1477-10,현대4,현대4,현대4차아파트,A10021201,A10021201,road_legal_address_exact,100.0,85.71428571428572,1,26350|선수촌로21번길|31,26350|반여동|1477-10,standard,False,
26350,반여동,1291-1446,현대일성2,현대일성2,현대일성2차아파트,A61273903,A61273903,road_legal_address_exact,100.0,90.9090909090909,1,26350|재반로226번길|72,26350|반여동|1291-1446,standard,False,
26350,우동,1228,센텀센시빌,센텀센시빌,센텀센시빌구새한센시빌,A61282705,A61282705,road_legal_address_exact,100.0,62.5,1,26350|해운대로|284,26350|우동|1228,standard,False,
26350,송정동,199-3,에이스스카이뷰,에이스스카이뷰,,,TRADE_D5E5B05AB857,unmatched,0.0,25.0,5,26350|송정중앙로21번길|19,26350|송정동|199-3,standard,True,
26350,좌동,1278,lh뜨란채,LH뜨란채아파트,LH뜨란채아파트,A61203027,A61203027,road_legal_address_exact,100.0,100.0,1,26350|대천로67번길|18,26350|좌동|1278,standard,False,
26350,중동,784-1,삼주,삼주,,,TRADE_B68DB57B5D63,unmatched,0.0,50.0,29,26350|좌동순환로446번길|57,26350|중동|784-1,standard,True,
26350,좌동,1348,코오롱,코오롱,코오롱아파트,A61203028,A61203028,road_legal_address_exact,100.0,100.0,1,26350|대천로|35,26350|좌동|1348,standard,False,
26350,반송동,78,삼정그린코아,삼정그린코아,반송삼정그린코아,A61280103,A61280103,road_legal_address_exact,100.0,85.71428571428572,1,26350|신반송로|196,26350|반송동|78,standard,False,
26350,재송동,1302,센텀피오레1차,센텀피오레1차,센텀피오레1차,A61281512,A61281512,road_legal_address_exact,100.0,100.0,1,26350|수영강변대로|382,26350|재송동|1302,standard,False,
26350,반여동,1619,센텀롯데캐슬,센텀롯데캐슬아파트,센텀롯데캐슬,A61270515,A61270515,road_legal_address_exact,100.0,100.0,1,26350|반여로|133,26350|반여동|1619,standard,False,
26350,재송동,1030,시영79년,시영79년,,,TRADE_5AD491068A05,unmatched,0.0,36.36363636363637,31,26350|해운대로61번길|62-7,26350|재송동|1030,standard,True,
26350,재송동,1223,더샵센텀누리,더샵센텀누리,해운대더샵센텀누리,A61205004,A61205004,road_legal_address_exact,100.0,80.0,1,26350|해운대로|253,26350|재송동|1223,standard,False,
26350,좌동,1282,해운대센트럴파크,해운대 센트럴파크,해운대센트럴파크아파트,A61203021,A61203021,road_legal_address_exact,100.0,100.0,1,26350|좌동순환로|118,26350|좌동|1282,standard,False,
26350,반여동,1662,메가센텀한화꿈에그린,메가센텀한화꿈에그린,메가센텀꿈에그린아파트,A61206118,A61206118,road_legal_address_exact,100.0,88.88888888888889,1,26350|반여로|67,26350|반여동|1662,standard,False,
26350,중동,1516-5,협진태양,협진태양,해운대협진태양,A61285001,A61285001,road_legal_address_exact,100.0,72.72727272727273,1,26350|달맞이길65번길|15,26350|중동|1516-5,standard,False,
26350,좌동,1323,한라,한라,해운대한라,A61275303,A61275303,road_legal_address_exact,100.0,57.14285714285714,1,26350|좌동순환로|280,26350|좌동|1323,standard,False,
26350,재송동,939-2,센텀이편한세상,센텀이편한세상,센텀이편한세상,A61286403,A61286403,road_legal_address_exact,100.0,100.0,1,26350|해운대로76번길|55,26350|재송동|939-2,standard,False,
26350,반여동,1405-31,삼익그린맨션,삼익그린맨션,반여삼익그린아파트,A61281505,A61281505,road_legal_address_exact,100.0,66.66666666666667,1,26350|선수촌로21번길|30,26350|반여동|1405-31,standard,False,
26350,우동,887-1,해운대한솔솔파크,해운대한솔솔파크,해운대한솔솔파크,A61282203,A61282203,road_legal_address_exact,100.0,100.0,1,26350|해운대로|564,26350|우동|887-1,standard,False,
26350,우동,496-1,신동아,신동아,우동신동아아파트,A61202001,A61202001,road_legal_address_exact,100.0,75.0,1,26350|우동1로|9-28,26350|우동|496-1,standard,False,
26350,우동,785,현대아쿠아팰리스동백섬,현대아쿠아팰리스동백섬,,,TRADE_BB307AF3D722,unmatched,0.0,35.29411764705882,49,26350|동백로|23,26350|우동|785,standard,True,
26350,재송동,1051-2,현대,현대(1051-2),재송현대,A61287316,A61287316,road_legal_address_exact,100.0,66.66666666666667,1,26350|해운대로81번길|60,26350|재송동|1051-2,standard,False,
26350,좌동,1438,대우2,대우2,해운대대우2차아파트,A61203032,A61203032,road_legal_address_exact,100.0,60.0,1,26350|좌동순환로|275,26350|좌동|1438,standard,False,
26350,재송동,1023,센텀삼익,센텀삼익아파트,센텀(재송)삼익,A61274815,A61274815,road_legal_address_exact,100.0,100.0,1,26350|해운대로61번가길|6,26350|재송동|1023,standard,False,
26350,우동,347-2,협성그린파크,협성그린파크,해운대 협성그린아파트,A61281901,A61281901,road_address_exact,100.0,61.53846153846154,1,26350|우동1로|111,26350|우동|347-2,standard,False,
26350,반여동,1199-11,센텀대림,센텀대림,센텀대림,A61281117,A61281117,road_legal_address_exact,100.0,100.0,1,26350|선수촌로|95,26350|반여동|1199-11,standard,False,
26350,중동,899,해운대중동금호어울림,해운대중동금호어울림,중동금호어울림,A61284604,A61284604,road_legal_address_exact,100.0,82.35294117647058,1,26350|좌동순환로|480,26350|중동|899,standard,False,
26350,좌동,1396,대림,대림,대림1차아파트,A61203037,A61203037,road_legal_address_exact,100.0,66.66666666666667,1,26350|대천로103번길|47,26350|좌동|1396,standard,False,
26350,우동,1398,해운대엑소디움,해운대엑소디움,해운대엑소디움,A61202005,A61202005,road_legal_address_exact,100.0,100.0,1,26350|해운대해변로|30,26350|우동|1398,standard,False,
26350,우동,1105,센텀두산위브,센텀두산위브,해운대센텀두산위브,A61202011,A61202011,road_legal_address_exact,100.0,80.0,1,26350|해운대로383번길|93,26350|우동|1105,standard,False,
26350,우동,1388-4,대우마리나1,대우마리나1,"대우마리나1,2차아파트",A61282215,A61282215,road_legal_address_exact,100.0,85.71428571428572,1,26350|해운대해변로|117,26350|우동|1388-4,standard,False,
26350,좌동,1394,두산1차,두산1차아파트,두산1차,A61203036,A61203036,road_legal_address_exact,100.0,100.0,1,26350|양운로|182,26350|좌동|1394,standard,False,
26350,반여동,1682,해운대센텀트루엘1단지,해운대센텀트루엘1단지,센텀트루엘 아파트,A10024249,A10024249,road_address_exact,100.0,62.5,1,26350|삼어로133번나길|17,26350|반여동|1682,standard,False,
26350,재송동,1196,더샵센텀스타,더샵센텀스타,더샵센텀스타,A61205003,A61205003,road_legal_address_exact,100.0,100.0,1,26350|센텀동로|123,26350|재송동|1196,standard,False,
26350,중동,1516-2,스카이맨션,스카이맨션,,,TRADE_DD6F0F1D87B0,unmatched,0.0,26.66666666666667,29,26350|좌동순환로|443,26350|중동|1516-2,standard,True,
26350,우동,1434,선프라자,선프라자,선프라자아파트,A61282409,A61282409,road_legal_address_exact,100.0,100.0,1,26350|마린시티3로|1,26350|우동|1434,standard,False,
26350,재송동,1121-10,센텀스카이b,센텀스카이B,,,TRADE_E119098B1883,unmatched,0.0,71.42857142857143,31,26350|재반로64번길|87,26350|재송동|1121-10,standard,True,
26350,반여동,763,덕광,덕광,,,TRADE_1D9662688925,unmatched,0.0,50.0,31,26350|선수촌로207번길|31,26350|반여동|763,standard,True,
26350,우동,1410,대우트럼프월드마린,대우트럼프월드마린,트럼프월드마린,A61282408,A61282408,road_legal_address_exact,100.0,87.5,1,26350|마린시티2로|47,26350|우동|1410,standard,False,
26350,반송동,887,남흥,남흥,반송남흥,A61273104,A61273104,road_legal_address_exact,100.0,66.66666666666667,1,26350|신반송로|163,26350|반송동|887,standard,False,
26350,좌동,1298,건영2,건영2,해운대건영2차아파트,A61203029,A61203029,road_legal_address_exact,100.0,60.0,1,26350|세실로|126,26350|좌동|1298,standard,False,
26350,좌동,1448,경남선경,경남선경,경남선경아파트,A61203035,A61203035,road_legal_address_exact,100.0,100.0,1,26350|청사포로|27,26350|좌동|1448,standard,False,
26350,좌동,1328,영남,영남,해운대영남아파트,A61203012,A61203012,road_legal_address_exact,100.0,57.14285714285714,1,26350|좌동순환로311번길|8,26350|좌동|1328,standard,False,
26350,반여동,586-2,대우금사,대우금사,금사대우,A61279801,A61279801,road_legal_address_exact,100.0,50.0,1,26350|삼어로|207,26350|반여동|586-2,standard,False,
26350,우동,956-42,해운대엔스타,해운대엔스타,,,TRADE_4CD1AAEB4055,unmatched,0.0,71.42857142857143,49,26350|해운대로483번가길|39,26350|우동|956-42,standard,True,
26350,반여동,1190-1,우방신세계타운,우방신세계타운,우방신세계타운아파트,A61206113,A61206113,road_legal_address_exact,100.0,100.0,1,26350|삼어로|61,26350|반여동|1190-1,standard,False,
26350,재송동,1324,센텀협성르네상스타운,센텀협성르네상스타운,센텀협성르네상스,A61288701,A61288701,road_legal_address_exact,100.0,88.88888888888889,1,26350|해운대로38번길|60,26350|재송동|1324,standard,False,
26350,좌동,1375,경남,경남,경남아너스빌,A61203014,A61203014,road_legal_address_exact,100.0,50.0,1,26350|좌동순환로99번길|22,26350|좌동|1375,standard,False,
26350,우동,397-117,벽산금호,벽산금호,벽산금호빌라,A61282002,A61282002,road_legal_address_exact,100.0,80.0,1,26350|우동1로85번길|17,26350|우동|397-117,standard,False,
26350,좌동,1419,롯데4,롯데4,해운대롯데4차아파트,A61203023,A61203023,road_legal_address_exact,100.0,60.0,1,26350|좌동순환로217번길|8,26350|좌동|1419,standard,False,
26350,반여동,585,우신,우신,반여우신아파트,A61279803,A61279803,road_legal_address_exact,100.0,66.66666666666667,1,26350|삼어로|181,26350|반여동|585,standard,False,
26350,우동,945,반도보라빌,반도보라빌,해운대반도보라빌,A61286810,A61286810,road_legal_address_exact,100.0,76.92307692307692,1,26350|해운대로|495,26350|우동|945,standard,False,
26350,좌동,1317,경동지플러스,경동지-플러스,경동G-플러스,A61203001,A61203001,road_legal_address_exact,100.0,83.33333333333334,1,26350|세실로|30,26350|좌동|1317,standard,False,
26350,반여동,1672,해운대더샵센텀그린,해운대더샵센텀그린,해운대더샵센텀그린,A10025558,A10025558,road_legal_address_exact,100.0,100.0,1,26350|해운대로61번길|73,26350|반여동|1672,standard,False,
26350,재송동,380-1,센텀동부센트레빌,센텀동부센트레빌,센텀동부센트레빌아파트,A61205002,A61205002,road_legal_address_exact,100.0,100.0,1,26350|해운대로161번길|12,26350|재송동|380-1,standard,False,
26350,좌동,1386,롯데2,롯데2,해운대롯데2차아파트,A61203003,A61203003,road_legal_address_exact,100.0,60.0,1,26350|좌동순환로|117,26350|좌동|1386,standard,False,
26350,중동,1788,해운대경남아너스빌,해운대경남아너스빌,해운대경남아너스빌,A61288602,A61288602,road_legal_address_exact,100.0,100.0,1,26350|해운대로|732,26350|중동|1788,standard,False,
26350,우동,1410-2,우신골든메르시아,우신골든메르시아,우신골든메르시아,A10021538,A10021538,road_legal_address_exact,100.0,100.0,1,26350|마린시티3로|46,26350|우동|1410-2,standard,False,
26350,좌동,1274,한일,한일,해운대한일아파트,A61203015,A61203015,road_legal_address_exact,100.0,57.14285714285714,1,26350|대천로|56,26350|좌동|1274,standard,False,
26350,반송동,93,광하주택2,광하주택2,광하1.2차아파트,A10021024,A10021024,road_address_exact,100.0,60.0,1,26350|신반송로|194,26350|반송동|93,standard,False,
26350,좌동,1414,건영1,건영1,해운대LIG건영아파트,A61203020,A61203020,road_legal_address_exact,100.0,36.36363636363637,1,26350|좌동순환로217번길|19,26350|좌동|1414,standard,False,
26350,중동,1554,아크로뷰,아크로뷰,아크로뷰아파트,A61201002,A61201002,road_legal_address_exact,100.0,100.0,1,26350|우동3로|4,26350|중동|1554,standard,False,
26350,우동,345-6,신동비치,신동비치,신동비치아파트,A61281904,A61281904,road_legal_address_exact,100.0,100.0,1,26350|우동2로|88,26350|우동|345-6,standard,False,
26350,좌동,1271,신성,신성,해운대신성아파트,A61203008,A61203008,road_legal_address_exact,100.0,57.14285714285714,1,26350|대천로67번길|15,26350|좌동|1271,standard,False,
26350,반송동,883,삼한3차301동,삼한3차301동,삼한3차아파트,A10020963,A10020963,road_legal_address_exact,100.0,66.66666666666667,1,26350|신반송로|96,26350|반송동|883,standard,False,
26350,반송동,872,삼한2,삼한2,반송삼한2차,A61273507,A61273507,road_legal_address_exact,100.0,66.66666666666667,1,26350|신반송로|102,26350|반송동|872,standard,False,
26350,반여동,692-6,센텀sd,센텀SD,센텀에스디아파트,A61206103,A61206103,road_legal_address_exact,100.0,44.44444444444444,1,26350|삼어로|149,26350|반여동|692-6,standard,False,
26350,반여동,1600-1,그린파크,그린파크,그린파크아파트,A10021306,A10021306,road_legal_address_exact,100.0,100.0,1,26350|재반로270번길|13,26350|반여동|1600-1,standard,False,
26350,반여동,1585-1,보람,보람,,,TRADE_BCCE6009241B,unmatched,0.0,50.0,31,26350|재반로270번길|29,26350|반여동|1585-1,standard,True,
26350,중동,1521-32,마마,마마아파트,,,TRADE_40601F123267,unmatched,0.0,25.0,29,26350|좌동순환로|405,26350|중동|1521-32,standard,True,
26350,중동,1234-1,해운대중동두산위브,해운대중동두산위브,해운대중동두산위브,A61201006,A61201006,road_legal_address_exact,100.0,100.0,1,26350|해운대해변로|349-25,26350|중동|1234-1,standard,False,
26350,송정동,137-12,럭스빌비치,럭스빌비치,,,TRADE_47C5E9DD8B0E,unmatched,0.0,14.28571428571429,5,26350|송정1로8번길|30,26350|송정동|137-12,standard,True,
26350,재송동,1151-2,남성선파크,남성선파크,남성선파크제1공구,A10021338,A10021338,legal_address_exact,100.0,71.42857142857143,1,26350|재송2로23번길|36,26350|재송동|1151-2,standard,False,
26350,반송동,888,삼한그린타운1,삼한그린타운1,삼한그린타운1차아파트,A61280805,A61280805,road_legal_address_exact,100.0,93.33333333333333,1,26350|신반송로|171,26350|반송동|888,standard,False,
26350,반여동,1641,센텀롯데캐슬3차,센텀롯데캐슬3차아파트,센텀롯데캐슬3차,A61206110,A61206110,road_legal_address_exact,100.0,100.0,1,26350|반여로|83,26350|반여동|1641,standard,False,
26350,중동,181-1,해운대중동롯데캐슬마스터2,해운대중동롯데캐슬마스터2,롯데캐슬마스터2,A61201003,A61201003,road_legal_address_exact,100.0,76.19047619047619,1,26350|좌동로63번길|46,26350|중동|181-1,standard,False,
26350,재송동,1350,센텀리슈빌1단지,센텀리슈빌1단지,센텀리슈빌 아파트,A10026557,A10026557,road_address_exact,100.0,76.92307692307692,1,26350|해운대로76번길|40,26350|재송동|1350,standard,False,
26350,우동,918-3,해운대협성엠파이어,해운대협성엠파이어,,,TRADE_D7EC169D1613,unmatched,0.0,62.5,49,26350|우동1로85번길|57,26350|우동|918-3,standard,True,
26350,우동,974,경동,경동,경동마리나아파트,A61274114,A61274114,road_legal_address_exact,100.0,57.14285714285714,1,26350|해운대해변로|85,26350|우동|974,standard,False,
26350,중동,1402-5,삼강,삼강,삼강 아파트,A10021343,A10021343,road_legal_address_exact,100.0,100.0,1,26350|해운대해변로298번길|9-1,26350|중동|1402-5,standard,False,
26350,좌동,1273,대창,대창,해운대대창아파트,A61278501,A61278501,road_legal_address_exact,100.0,57.14285714285714,1,26350|대천로67번길|7,26350|좌동|1273,standard,False,
26350,좌동,1374,대림3,대림3,해운대대림3차아파트,A61275702,A61275702,road_legal_address_exact,100.0,60.0,1,26350|좌동순환로99번길|6,26350|좌동|1374,standard,False,
26350,좌동,1286,대림2,대림2,해운대대림2차아파트,A61203018,A61203018,road_legal_address_exact,100.0,60.0,1,26350|대천로103번길|9,26350|좌동|1286,standard,False,
26350,중동,1493-12,삼안스튜디오2차,삼안스튜디오2차,,,TRADE_6F13128E4E45,unmatched,0.0,25.0,29,26350|달맞이길117번다길|116,26350|중동|1493-12,standard,True,
26350,좌동,1319,두산2,두산2,두산2차아파트,A61203013,A61203013,road_legal_address_exact,100.0,85.71428571428572,1,26350|대천로|225,26350|좌동|1319,standard,False,
26350,재송동,1093-10,센텀캐슬,센텀캐슬,,,TRADE_95F4BAF71289,unmatched,0.0,54.54545454545454,31,26350|해운대로143번길|21,26350|재송동|1093-10,standard,True,
26350,송정동,947,해운대송정우림필유,해운대송정우림필유아파트,해운대송정우림필유아파트,A10027677,A10027677,road_legal_address_exact,100.0,100.0,1,26350|송정1로8번길|25-78,26350|송정동|947,standard,False,
26350,재송동,1123-20,재송동코오롱,재송동코오롱,재송코오롱,A61286706,A61286706,road_legal_address_exact,100.0,90.9090909090909,1,26350|재반로84번길|96-7,26350|재송동|1123-20,standard,False,
26350,반여동,1594-1,보훈,보훈,보훈아파트,A61272801,A61272801,road_legal_address_exact,100.0,100.0,1,26350|재반로242번길|41,26350|반여동|1594-1,standard,False,
26350,좌동,1413,삼성,삼성,해운대삼성아파트,A61203019,A61203019,road_legal_address_exact,100.0,57.14285714285714,1,26350|세실로|174,26350|좌동|1413,standard,False,
26380,괴정동,1278,괴정k스타파크,괴정 K스타파크,괴정K스타파크 아파트,A10028150,A10028150,road_address_exact,100.0,100.0,1,26380|사리로70번길|24,26380|괴정동|1278,standard,False,
26380,다대동,1624,다대동롯데캐슬몰운대,다대동롯데캐슬몰운대,다대롯데캐슬몰운대,A60405001,A60405001,road_legal_address_exact,100.0,94.73684210526316,1,26380|다대낙조2길|100,26380|다대동|1624,standard,False,
26380,감천동,181-1,남성한빛가든,남성한빛가든,남성한빛가든아파트,A60480405,A60480405,road_legal_address_exact,100.0,100.0,1,26380|감천로|175,26380|감천동|181-1,standard,False,
26380,당리동,317-106,대림sm,대림SM,,,TRADE_26E436A1CA01,unmatched,0.0,33.333333333333336,16,26380|낙동대로410번길|14,26380|당리동|317-106,standard,True,
26380,신평동,400,현대,현대,신평현대아파트,A60476805,A60476805,road_legal_address_exact,100.0,66.66666666666667,1,26380|하신중앙로|170,26380|신평동|400,standard,False,
26380,당리동,16-7,당리동1차동원베네스트,당리동1차동원베네스트,당리동1차동원베네스트,A60482812,A60482812,road_legal_address_exact,100.0,100.0,1,26380|제석로|160,26380|당리동|16-7,standard,False,
26380,괴정동,1275,괴정엔스타,괴정엔스타,괴정엔스타,A60470801,A60470801,road_address_exact,100.0,100.0,1,26380|낙동대로|203,26380|괴정동|1275,standard,False,
26380,하단동,1175,가락타운3,가락타운3,가락타운2.3단지아파트,A60476206,A60476206,legal_address_exact,100.0,76.92307692307692,1,26380|하신중앙로|265,26380|하단동|1175,standard,False,
26380,신평동,408,신익강변타운,신익강변타운,신익강변타운아파트,A60475903,A60475903,road_legal_address_exact,100.0,100.0,1,26380|하신중앙로|180,26380|신평동|408,standard,False,
26380,괴정동,1207-4,동진그린힐,동진그린힐,동진그린힐아파트,A60481601,A60481601,road_legal_address_exact,100.0,100.0,1,26380|장평로|378,26380|괴정동|1207-4,standard,False,
26380,당리동,234-1,새동림,새동림,,,TRADE_95EC9CEB3810,unmatched,0.0,40.0,16,26380|승학로17번길|8,26380|당리동|234-1,standard,True,
26380,하단동,1161-2,가락타운1,가락타운1,가락타운1단지아파트,A60476101,A60476101,road_address_exact,100.0,83.33333333333334,1,26380|하신번영로|365,26380|하단동|1161-2,standard,False,
26380,당리동,345-8,일성아이앤유,일성아이앤유,,,TRADE_B72207AB3ECC,unmatched,0.0,19.999999999999996,16,26380|승학로|105,26380|당리동|345-8,standard,True,
26380,감천동,567,부영벽산파라빌,부영벽산파라빌,부영벽산파라빌아파트,A60480608,A60480608,road_legal_address_exact,100.0,100.0,1,26380|감천로21번길|35,26380|감천동|567,standard,False,
26380,괴정동,619-16,괴정경동메르빌,괴정경동메르빌,괴정경동메르빌,A60481201,A60481201,road_legal_address_exact,100.0,100.0,1,26380|괴정로244번길|57,26380|괴정동|619-16,standard,False,
26380,다대동,120-1,다대포현대,다대포현대,다대현대아파트,A60475612,A60475612,road_legal_address_exact,100.0,88.88888888888889,1,26380|다대로|473,26380|다대동|120-1,standard,False,
26380,구평동,517,e편한세상사하,e편한세상사하,대림e편한세상사하1차아파트,A10027306,A10027306,road_legal_address_exact,100.0,77.77777777777779,1,26380|서포로30번길|26,26380|구평동|517,standard,False,
26380,당리동,237-2,창신,창신,창신아파트,A10020256,A10020256,road_legal_address_exact,100.0,100.0,1,26380|승학로17번길|20,26380|당리동|237-2,standard,False,
26380,감천동,868,감천오펠리움,감천오펠리움아파트,감천오펠리움아파트,A10022107,A10022107,road_legal_address_exact,100.0,100.0,1,26380|감천로105번길|53,26380|감천동|868,standard,False,
26380,다대동,1550,몰운대,몰운대,다대몰운대아파트,A60482013,A60482013,legal_address_exact,100.0,75.0,1,26380|다대낙조2길|216,26380|다대동|1550,standard,False,
26380,장림동,2,경동메르빌,경동메르빌아파트,장림경동메르빌,A60470305,A60470305,road_legal_address_exact,100.0,83.33333333333334,1,26380|다대로277번길|124,26380|장림동|2,standard,False,
26380,괴정동,795-14,괴정한신,괴정한신,한신청록,A60481504,A60481504,road_legal_address_exact,100.0,50.0,1,26380|승학로|221,26380|괴정동|795-14,standard,False,
26380,하단동,277-2,한신혜성,한신혜성,한신혜성아파트,A60474905,A60474905,road_legal_address_exact,100.0,100.0,1,26380|동매로|120,26380|하단동|277-2,standard,False,
26380,다대동,208,재성힐링파크2차,재성힐링파크2차,,,TRADE_1F025438746B,unmatched,0.0,28.57142857142857,28,26380|다대동로|79-1,26380|다대동|208,standard,True,
26380,신평동,425,한신,한신,신평한신아파트,A60483404,A60483404,road_legal_address_exact,100.0,66.66666666666667,1,26380|비봉로|42,26380|신평동|425,standard,False,
26380,하단동,1217-1,하단동에스케이뷰,하단동에스케이뷰,하단 SK VIEW 아파트,A60402003,A60402003,road_legal_address_exact,100.0,25.0,1,26380|하신번영로|400,26380|하단동|1217-1,standard,False,
26380,당리동,33-3,우림그린맨션,우림그린맨션,우림아파트,A60482902,A60482902,road_legal_address_exact,100.0,50.0,1,26380|제석로95번길|22-5,26380|당리동|33-3,standard,False,
26380,괴정동,547-1,신동양,신동양,신동양,A60473407,A60473407,legal_address_exact,100.0,100.0,1,26380|낙동대로|265,26380|괴정동|547-1,standard,False,
26380,장림동,185-29,장림로얄베스토피아,장림로얄베스토피아,로얄베스토피아아파트,A60404202,A60404202,road_legal_address_exact,100.0,87.5,1,26380|다대로227번길|45,26380|장림동|185-29,standard,False,
26380,괴정동,607,새괴정협진태양,새괴정협진태양,,,TRADE_75C17D871F28,unmatched,0.0,42.85714285714286,29,26380|사하로141번나길|11-5,26380|괴정동|607,standard,True,
26380,괴정동,258,경성스마트더블유,경성스마트더블유,괴정 경성스마트W아파트,A10027875,A10027875,road_legal_address_exact,100.0,62.5,1,26380|낙동대로|180,26380|괴정동|258,standard,False,
26380,장림동,185-1,장림3차동원,장림3차동원,장림동원3차아파트,A60474410,A60474410,road_legal_address_exact,100.0,66.66666666666667,1,26380|다대로227번길|37,26380|장림동|185-1,standard,False,
26380,감천동,808,감천유림1차,감천유림1차,감천유림1차아파트,A60473106,A60473106,road_legal_address_exact,100.0,100.0,1,26380|감천로|24,26380|감천동|808,standard,False,
26380,다대동,120-10,삼환,삼환,다대삼환아파트,A60475710,A60475710,road_legal_address_exact,100.0,66.66666666666667,1,26380|다대로429번길|20,26380|다대동|120-10,standard,False,
26380,다대동,1670,다대롯데캐슬블루,다대롯데캐슬블루,다대롯데캐슬블루,A60405002,A60405002,road_address_exact,100.0,100.0,1,26380|다송로|23,26380|다대동|1670,standard,False,
26380,감천동,682,감천백산,감천백산,감천백산아파트,A60478203,A60478203,road_legal_address_exact,100.0,100.0,1,26380|감천로|32,26380|감천동|682,standard,False,
26380,당리동,313-9,당리삼창,당리삼창,당리삼창아파트,A10027449,A10027449,legal_address_exact,100.0,100.0,1,26380|제석로|33,26380|당리동|313-9,standard,False,
26380,당리동,17-2,혜성,혜성,당리혜성아파트,A60472010,A60472010,road_legal_address_exact,100.0,66.66666666666667,1,26380|제석로|127,26380|당리동|17-2,standard,False,
26380,괴정동,398-22,신익타운,신익타운,괴정신익타운,A60481001,A60481001,road_legal_address_exact,100.0,80.0,1,26380|오작로|46,26380|괴정동|398-22,standard,False,
26380,당리동,321-1,경성리치w,경성리치W,,,TRADE_6054AAD106CF,unmatched,0.0,30.76923076923077,16,26380|낙동대로|388,26380|당리동|321-1,standard,True,
26380,다대동,113-11,다대해송,다대해송,다대해송아파트,A60474307,A60474307,road_legal_address_exact,100.0,100.0,1,26380|다대로|470,26380|다대동|113-11,standard,False,
26380,괴정동,1100-3,미광,미광,,,TRADE_44EA9D308371,unmatched,0.0,0.0,29,26380|마하로12번길|16,26380|괴정동|1100-3,standard,True,
26380,괴정동,614-2,한일하나로,한일하나로,,,TRADE_3837EE591BAD,unmatched,0.0,22.22222222222222,29,26380|사하로141번나길|35-3,26380|괴정동|614-2,standard,True,
26380,당리동,320-31,신동아,신동아(320-31),,,TRADE_BC033F315974,unmatched,0.0,40.0,16,26380|승학로|90,26380|당리동|320-31,standard,True,
26380,다대동,382-3,자유,자유,다대자유아파트,A60476511,A60476511,road_legal_address_exact,100.0,66.66666666666667,1,26380|다대로|617,26380|다대동|382-3,standard,False,
26380,하단동,592-4,나산리버빌,나산리버빌,,,TRADE_28A3CD84981F,unmatched,0.0,15.384615384615385,12,26380|낙동남로1390번길|5,26380|하단동|592-4,standard,True,
26380,괴정동,952-1,괴정협성휴포레,괴정협성휴포레아파트,괴정협성휴포레아파트,A10027464,A10027464,road_legal_address_exact,100.0,100.0,1,26380|사하로|183,26380|괴정동|952-1,standard,False,
26380,장림동,599-27,장림윌더하임,장림윌더하임,윌더하임아파트,A60477509,A60477509,road_legal_address_exact,100.0,80.0,1,26380|장평로|119,26380|장림동|599-27,standard,False,
26380,괴정동,544-11,월드빌리지,월드빌리지,,,TRADE_0F4E12E40A0F,unmatched,0.0,19.999999999999996,29,26380|사하로141번길|104,26380|괴정동|544-11,standard,True,
26380,장림동,1151,스마트더블유,스마트더블유,사하 장림역스마트W아파트,A10025997,A10025997,road_legal_address_exact,100.0,40.0,1,26380|장림번영로104번길|10,26380|장림동|1151,standard,False,
26380,당리동,572,당리푸르지오,당리푸르지오,당리푸르지오,A60471810,A60471810,road_legal_address_exact,100.0,100.0,1,26380|승학로71번길|30,26380|당리동|572,standard,False,
26380,다대동,1667,다대푸르지오,다대푸르지오,다대푸르지오,A60472901,A60472901,road_legal_address_exact,100.0,100.0,1,26380|윤공단로|123,26380|다대동|1667,standard,False,
26380,감천동,12-108,영동힐타운,영동힐타운,감천영동힐타운아파트,A60480001,A60480001,road_legal_address_exact,100.0,83.33333333333334,1,26380|옥천로|87,26380|감천동|12-108,standard,False,
26380,하단동,1175,가락타운2,가락타운2,가락타운2.3단지아파트,A60476206,A60476206,road_legal_address_exact,100.0,76.92307692307692,1,26380|하신번영로|233,26380|하단동|1175,standard,False,
26380,구평동,497,부산구평동한신휴플러스,부산구평동한신휴플러스,구평한신휴플러스,A60473701,A60473701,road_legal_address_exact,100.0,84.21052631578947,1,26380|을숙도대로709번길|22,26380|구평동|497,standard,False,
26380,당리동,353-22,당리에덴동산타운,당리에덴동산타운,에덴동산타운,A60471811,A60471811,road_legal_address_exact,100.0,85.71428571428572,1,26380|승학로131번길|39,26380|당리동|353-22,standard,False,
26380,신평동,7,신평삼익,신평삼익아파트,신평삼익아파트,A60483203,A60483203,road_legal_address_exact,100.0,100.0,1,26380|장평로|311,26380|신평동|7,standard,False,
26380,신평동,414-10,원우,원우,원우강변아파트,A60483401,A60483401,road_legal_address_exact,100.0,66.66666666666667,1,26380|비봉로|29,26380|신평동|414-10,standard,False,
26380,신평동,437,삼창강변1,삼창강변1,신평삼창강변아파트,A60483402,A60483402,road_legal_address_exact,100.0,72.72727272727273,1,26380|비봉로|37,26380|신평동|437,standard,False,
26380,감천동,315-2,남성타워,남성타워,,,TRADE_E263A70E4F76,unmatched,0.0,40.0,10,26380|암남공원로|527,26380|감천동|315-2,standard,True,
26380,다대동,1552,대우,대우,다대대우아파트,A60475507,A60475507,road_legal_address_exact,100.0,66.66666666666667,1,26380|다대낙조1길|12,26380|다대동|1552,standard,False,
26380,괴정동,530-2,천일로얄,천일로얄,,,TRADE_C490BF65FF2C,unmatched,0.0,18.181818181818176,29,26380|괴정로|270,26380|괴정동|530-2,standard,True,
26380,신평동,11-6,신평협성엠파이어,신평협성엠파이어,신평협성엠파이어,A60403003,A60403003,road_legal_address_exact,100.0,100.0,1,26380|장평로|339,26380|신평동|11-6,standard,False,
26380,괴정동,491-3,새괴정화신,새괴정화신,,,TRADE_D8D1FAE0256F,unmatched,0.0,66.66666666666667,29,26380|사하로155번길|9,26380|괴정동|491-3,standard,True,
26380,괴정동,213-6,극동스타클래스,극동스타클래스,괴정스타클래스아파트,A60480804,A60480804,road_legal_address_exact,100.0,71.42857142857143,1,26380|대티로1번길|22,26380|괴정동|213-6,standard,False,
26380,괴정동,550-12,삼익,삼익,,,TRADE_48015407223F,unmatched,0.0,25.0,29,26380|낙동대로|287,26380|괴정동|550-12,standard,True,
26380,신평동,206-1,신평럭키무지개타운,신평럭키무지개타운,신평럭키무지개타운아파트,A60403002,A60403002,road_legal_address_exact,100.0,100.0,1,26380|신산북로43번길|43,26380|신평동|206-1,standard,False,
26380,장림동,875,동원로얄듀크,동원로얄듀크,장림동원로얄듀크,A60474002,A60474002,road_legal_address_exact,100.0,85.71428571428572,1,26380|하신중앙로|2,26380|장림동|875,standard,False,
26380,구평동,518,e편한세상사하2차,e편한세상사하2차,e-편한세상 사하2차 아파트,A10026651,A10026651,road_legal_address_exact,100.0,100.0,1,26380|서포로30번길|12,26380|구평동|518,standard,False,
26380,당리동,339-4,마마,마마,,,TRADE_8A76F264E329,unmatched,0.0,0.0,16,26380|낙동대로343번길|14,26380|당리동|339-4,standard,True,
26380,괴정동,487-6,삼풍,삼풍아파트,,,TRADE_644B52C437F7,unmatched,0.0,0.0,29,26380|사하로|157,26380|괴정동|487-6,standard,True,
26380,다대동,113,신다대,신다대,신다대아파트,A60475305,A60475305,road_legal_address_exact,100.0,100.0,1,26380|다대로|400,26380|다대동|113,standard,False,
26380,괴정동,530-13,협진태양,협진태양,,,TRADE_D5EF2B385B51,unmatched,0.0,28.57142857142857,29,26380|괴정로270번길|34,26380|괴정동|530-13,standard,True,
26380,하단동,511-24,하단지음주상복합,하단지음주상복합,,,TRADE_B0E94D83027E,unmatched,0.0,42.85714285714286,12,26380|낙동대로|499,26380|하단동|511-24,standard,True,
26380,장림동,340-8,장림역사하베스티움,장림역사하베스티움,장림역사하베스티움아파트,A10026478,A10026478,road_legal_address_exact,100.0,100.0,1,26380|장림번영로|96,26380|장림동|340-8,standard,False,
26380,신평동,669,사하뷰웰,사하뷰웰,사하뷰웰아파트,A10027236,A10027236,legal_address_exact,100.0,100.0,1,26380|신산북로43번길|59,26380|신평동|669,standard,False,
26380,하단동,887-7,헤를리치,헤를리치,,,TRADE_D2255023CCEC,unmatched,0.0,33.333333333333336,12,26380|하신번영로|302,26380|하단동|887-7,standard,True,
26380,다대동,94-5,다송,다송,다대다송,A60475412,A60475412,road_legal_address_exact,100.0,66.66666666666667,1,26380|다대로381번길|99,26380|다대동|94-5,standard,False,
26380,괴정동,571-8,일동지에닌,일동지에닌,괴정일동지에닌아파트,A60481303,A60481303,road_legal_address_exact,100.0,83.33333333333334,1,26380|낙동대로|301,26380|괴정동|571-8,standard,False,
26380,하단동,477-9,칠산주택조합,칠산주택조합,,,TRADE_BDAFE7F1A7FA,unmatched,0.0,0.0,12,26380|낙동대로549번길|6,26380|하단동|477-9,standard,True,
26380,다대동,37,다대코오롱맨션,다대코오롱맨션,다대코오롱아파트(코오롱맨션),A60476604,A60476604,road_legal_address_exact,100.0,83.33333333333334,1,26380|다송로|36,26380|다대동|37,standard,False,
26380,장림동,585-1,협성르네상스,협성르네상스,장림협성르네상스타운,A60484514,A60484514,road_legal_address_exact,100.0,75.0,1,26380|장평로|87,26380|장림동|585-1,standard,False,
26380,당리동,66,부영벽산블루밍,부영벽산블루밍,당리부영벽산블루밍,A60471809,A60471809,road_legal_address_exact,100.0,87.5,1,26380|승학로71번길|60,26380|당리동|66,standard,False,
26380,괴정동,956,동조리젠시타워,동조리젠시타워,,,TRADE_C5944BAB8CBC,unmatched,0.0,36.36363636363637,29,26380|사하로|178,26380|괴정동|956,standard,True,
26380,감천동,789,감천유림2차,감천유림2차,감천유림2차아파트,A60473107,A60473107,road_legal_address_exact,100.0,100.0,1,26380|사하로|80,26380|감천동|789,standard,False,
26380,하단동,88-3,하단시티빌101동,하단시티빌101동,,,TRADE_53DFED146D12,unmatched,0.0,30.76923076923077,12,26380|제석로|3,26380|하단동|88-3,standard,True,
26380,하단동,616-9,하단동한웅드리머스,하단동한웅드리머스,,,TRADE_016166127E51,unmatched,0.0,30.76923076923077,12,26380|낙동대로457번길|52,26380|하단동|616-9,standard,True,
26380,하단동,717-1,하단청구,하단청구,하단청구아파트,A60402002,A60402002,road_legal_address_exact,100.0,100.0,1,26380|낙동대로520번길|14,26380|하단동|717-1,standard,False,
26380,다대동,1548-13,다대푸른,다대푸른,다대푸른아파트,A60475509,A60475509,road_legal_address_exact,100.0,100.0,1,26380|다대낙조2길|11,26380|다대동|1548-13,standard,False,
26380,괴정동,614-9,우신타워,우신타워아파트,우신타워,A60481206,A60481206,road_legal_address_exact,100.0,100.0,1,26380|사하로141번나길|35-4,26380|괴정동|614-9,standard,False,
26380,당리동,532,협진태양,협진태양,당리협진태양아파트,A10021073,A10021073,road_legal_address_exact,100.0,80.0,1,26380|다대로|30,26380|당리동|532,standard,False,
26380,장림동,426,극동정림,극동정림,장림극동정림아파트,A60477013,A60477013,road_legal_address_exact,100.0,80.0,1,26380|다대로|339,26380|장림동|426,standard,False,
26380,괴정동,1270-6,사하오성빌라맨션,사하오성빌라맨션,,,TRADE_26D46744A748,unmatched,0.0,40.0,29,26380|다대로|72,26380|괴정동|1270-6,standard,True,
26380,장림동,16,신세대지큐빌,신세대지큐빌,장림신세대지큐빌아파트,A60474516,A60474516,road_legal_address_exact,100.0,85.71428571428572,1,26380|다대로277번길|85,26380|장림동|16,standard,False,
26380,괴정동,306-1,그린시티,그린시티,,,TRADE_062EC69D1F2B,unmatched,0.0,44.44444444444444,29,26380|사리로|28,26380|괴정동|306-1,standard,True,
26380,하단동,589-11,kcb센트리움,KCB센트리움,,,TRADE_2F37CD5E6C7A,unmatched,0.0,13.33333333333333,12,26380|하신중앙로335번길|2,26380|하단동|589-11,standard,True,
26380,다대동,80-14,다대다해,다대다해,다대다해아파트,A60475803,A60475803,road_legal_address_exact,100.0,100.0,1,26380|다송로|7,26380|다대동|80-14,standard,False,
26380,장림동,65,장림협진태양,장림협진태양,장림동 협진태양아파트,A10021074,A10021074,road_legal_address_exact,100.0,92.3076923076923,1,26380|두송로|32,26380|장림동|65,standard,False,
26380,괴정동,207-52,참누리,참누리아파트,괴정참누리아파트,A60470501,A60470501,road_legal_address_exact,100.0,75.0,1,26380|대티로17번길|47,26380|괴정동|207-52,standard,False,
26380,괴정동,188-9,삼성타워,삼성타워,,,TRADE_AB9071588774,unmatched,0.0,50.0,29,26380|낙동대로140번길|99,26380|괴정동|188-9,standard,True,
26380,당리동,407,당리신익,당리신익,당리신익아파트,A60471808,A60471808,road_legal_address_exact,100.0,100.0,1,26380|승학로|123-4,26380|당리동|407,standard,False,
26380,장림동,372-4,장림현대,장림현대(372-4),장림현대아파트,A60477315,A60477315,road_legal_address_exact,100.0,100.0,1,26380|다대로|301,26380|장림동|372-4,standard,False,
26380,당리동,338-1,소라,소라,,,TRADE_1B9FB4FE3173,unmatched,0.0,25.0,16,26380|괴정로|135,26380|당리동|338-1,standard,True,
26380,장림동,853-29,센텀바인하츠,센텀바인하츠,,,TRADE_7905A0F8D888,unmatched,0.0,25.0,26,26380|장림시장9길|56,26380|장림동|853-29,standard,True,
26380,다대동,94-2,국제그린,국제그린,국제그린아파트,A60475408,A60475408,road_legal_address_exact,100.0,100.0,1,26380|다대로381번길|75,26380|다대동|94-2,standard,False,
26380,장림동,532,벽산,벽산아파트,벽산아파트,A60484612,A60484612,road_legal_address_exact,100.0,100.0,1,26380|장평로41번길|19,26380|장림동|532,standard,False,
26380,괴정동,11-2,괴정한일하나로타운,괴정한일하나로타운,,,TRADE_C4D597E710DD,unmatched,0.0,53.333333333333336,29,26380|오작로|152,26380|괴정동|11-2,standard,True,
26380,다대동,820-1,다대영동비치타워,다대영동비치타워,영동비치타워,A60482502,A60482502,road_legal_address_exact,100.0,85.71428571428572,1,26380|다대동로|30,26380|다대동|820-1,standard,False,
26380,괴정동,322-1,대티역스마트더블유인공지능,대티역스마트더블유인공지능,대티역스마트W,A10020442,A10020442,road_legal_address_exact,100.0,60.0,1,26380|낙동대로|137,26380|괴정동|322-1,standard,False,
26380,괴정동,890-4,유성해네스타워,유성해네스타워,,,TRADE_231429BCE551,unmatched,0.0,36.36363636363637,29,26380|사하로197번길|40,26380|괴정동|890-4,standard,True,
26380,다대동,948-1,조성,조성,다대조성아파트,A60473003,A60473003,road_legal_address_exact,100.0,66.66666666666667,1,26380|윤공단로17번길|103,26380|다대동|948-1,standard,False,
26380,괴정동,1074-2,세운,세운,,,TRADE_226EA4A466FC,unmatched,0.0,25.0,29,26380|마하로|60,26380|괴정동|1074-2,standard,True,
26380,괴정동,496-6,삼정부영,삼정부영,,,TRADE_7AF5AB96754B,unmatched,0.0,25.0,29,26380|사하로141번길|29,26380|괴정동|496-6,standard,True,
26380,구평동,106,영생비치,영생비치,,,TRADE_5FE85CAAFC39,unmatched,0.0,0.0,6,26380|을숙도대로|741,26380|구평동|106,standard,True,
26380,당리동,338-2,크로바,크로바,,,TRADE_C79B232FA9DE,unmatched,0.0,0.0,16,26380|낙동대로355번길|23,26380|당리동|338-2,standard,True,
26380,신평동,668,신평삼한사랑채,신평삼한사랑채,신평삼한사랑채아파트,A10027330,A10027330,road_legal_address_exact,100.0,100.0,1,26380|신산북로|5,26380|신평동|668,standard,False,
26380,괴정동,586-7,나산리츠빌라,나산리츠빌라,,,TRADE_ECFC0E3E6468,unmatched,0.0,36.36363636363637,29,26380|장평로443번길|93,26380|괴정동|586-7,standard,True,
26380,구평동,41-7,구평화신,구평화신,구평화신아파트,A60473602,A60473602,road_legal_address_exact,100.0,100.0,1,26380|사하로|47,26380|구평동|41-7,standard,False,
26380,괴정동,197-1,초원빌,초원빌,,,TRADE_3FFEF7F916DD,unmatched,0.0,19.999999999999996,29,26380|대티로|45,26380|괴정동|197-1,standard,True,
26380,장림동,566-7,강남,강남,장림강남아파트,A60476911,A60476911,road_legal_address_exact,100.0,66.66666666666667,1,26380|장평로41번길|61,26380|장림동|566-7,standard,False,
26380,다대동,1552-19,성원,성원,성원아파트,A60482708,A60482708,road_legal_address_exact,100.0,100.0,1,26380|다대낙조1길|42,26380|다대동|1552-19,standard,False,
26380,괴정동,1064-1,괴정자유2차,괴정자유2차,괴정자유2차,A60481505,A60481505,road_legal_address_exact,100.0,100.0,1,26380|승학로233번길|50,26380|괴정동|1064-1,standard,False,
26380,장림동,193-6,성경센스빌,성경센스빌,,,TRADE_B203839F1955,unmatched,0.0,33.333333333333336,26,26380|장림번영로|104,26380|장림동|193-6,standard,True,
26380,괴정동,1273,보해이브빌,보해이브빌,,,TRADE_539EC4154426,unmatched,0.0,30.76923076923077,29,26380|승학로|216,26380|괴정동|1273,standard,True,
26380,하단동,717-2,하단한신원룸,하단한신원룸,,,TRADE_F8BEAE346959,unmatched,0.0,40.0,12,26380|승학로17번길|82,26380|하단동|717-2,standard,True,
26380,장림동,223,장림,장림,,,TRADE_FE082A95E642,unmatched,0.0,66.66666666666667,26,26380|장림번영로104번길|25,26380|장림동|223,standard,True,
26380,괴정동,457,흥아거북,흥아거북,,,TRADE_7D24C849B2C2,unmatched,0.0,18.181818181818176,29,26380|오작로8번길|50,26380|괴정동|457,standard,True,
26380,하단동,605-31,하단대진,하단대진,,,TRADE_84D537F961E8,unmatched,0.0,50.0,12,26380|하신중앙로|291,26380|하단동|605-31,standard,True,
26410,구서동,1051,구서동롯데캐슬골드1단지,구서동롯데캐슬골드1단지(1051),롯데캐슬골드1단지,A60971101,A60971101,road_legal_address_exact,100.0,85.71428571428572,1,26410|금강로|502,26410|구서동|1051,standard,False,
26410,부곡동,974,장전서희스타힐스,장전서희스타힐스,장전서희스타힐스아파트,A10026814,A10026814,road_address_exact,100.0,100.0,1,26410|부곡온천천로|170,26410|부곡동|974,standard,False,
26410,구서동,415-16,스카이엘,스카이엘,,,TRADE_BA288B5CD044,unmatched,0.0,16.666666666666664,25,26410|금정로231번길|4,26410|구서동|415-16,standard,True,
26410,장전동,718,벽산블루밍장전디자인시티1단지,벽산블루밍장전디자인시티1단지,벽산블루밍장전디자인시티,A60939003,A60939003,road_address_exact_name,88.88888888888889,88.88888888888889,2,26410|금강로|225,26410|장전동|718,standard,True,
26410,구서동,86-52,태진팰리스,태진팰리스,,,TRADE_83010F41C678,unmatched,0.0,19.999999999999996,25,26410|수림로50번길|176,26410|구서동|86-52,standard,True,
26410,구서동,184-36,보성오페라,보성오페라,,,TRADE_51EEC9DB715D,unmatched,0.0,22.22222222222222,25,26410|중앙대로|1913,26410|구서동|184-36,standard,True,
26410,구서동,413-43,구서백리명가에덴,구서백리명가에덴,,,TRADE_FB48E8240033,unmatched,0.0,35.29411764705882,25,26410|금강로|431,26410|구서동|413-43,standard,True,
26410,장전동,269-3,현대2,현대2,장전현대2차아파트,A60976802,A60976802,road_legal_address_exact,100.0,66.66666666666667,1,26410|금강로279번길|61,26410|장전동|269-3,standard,False,
26410,장전동,717,벽산블루밍장전디자인시티2단지,벽산블루밍장전디자인시티2단지,벽산블루밍장전디자인시티,A60939003,A60939003,road_legal_address_exact_name,88.88888888888889,88.88888888888889,2,26410|금강로|225,26410|장전동|717,standard,True,
26410,구서동,415-3,구서시티타워,구서시티타워,구서시티타워,A60931001,A60931001,road_legal_address_exact,100.0,100.0,1,26410|금정로233번길|31,26410|구서동|415-3,standard,False,
26410,장전동,721,벽산블루밍장전디자인시티3단지,벽산블루밍장전디자인시티3단지,벽산블루밍장전디자인시티,A60939003,A60939003,road_address_exact_name,88.88888888888889,88.88888888888889,2,26410|금강로|225,26410|장전동|721,standard,True,
26410,부곡동,232-5,마드레빌,마드레빌,부곡영풍마드레빌아파트,A60982101,A60982101,road_legal_address_exact,100.0,66.66666666666667,1,26410|기찰로|42,26410|부곡동|232-5,standard,False,
26410,부곡동,225-6,경남한신,경남한신,경남한신,A60975303,A60975303,road_legal_address_exact,100.0,100.0,1,26410|중앙대로1685번길|24,26410|부곡동|225-6,standard,False,
26410,장전동,745,래미안장전,래미안장전,래미안 장전,A10026780,A10026780,road_legal_address_exact,100.0,100.0,1,26410|금정로|20,26410|장전동|745,standard,False,
26410,부곡동,980,부곡아름채,부곡아름채아파트,,,TRADE_725DD3FF0709,unmatched,0.0,60.0,27,26410|부곡로18번안길|20,26410|부곡동|980,standard,True,
26410,구서동,183-2,구서협성엠파이어,구서 협성 엠파이어,구서협성엠파이어,A60971102,A60971102,road_legal_address_exact,100.0,100.0,1,26410|중앙대로|1920,26410|구서동|183-2,standard,False,
26410,구서동,266-16,협성그린,협성그린,협성그린타운아파트,A60984703,A60984703,road_legal_address_exact,100.0,80.0,1,26410|금단로|38,26410|구서동|266-16,standard,False,
26410,장전동,652-45,온천장역삼정그린코아,온천장역삼정그린코아,온천장역삼정그린코아,A10028108,A10028108,road_legal_address_exact,100.0,100.0,1,26410|온천장로|139,26410|장전동|652-45,standard,False,
26410,장전동,607-7,허브팰리스장전,허브팰리스장전,허브팰리스 장전,A10021608,A10021608,road_legal_address_exact,100.0,100.0,1,26410|식물원로9번길|10,26410|장전동|607-7,standard,False,
26410,장전동,576-8,온천아이브,온천아이브,,,TRADE_91911ED5EF2F,unmatched,0.0,40.0,17,26410|금강로|184,26410|장전동|576-8,standard,True,
26410,회동동,551,금성타운,금성타운,,,TRADE_072131337E11,unmatched,0.0,0.0,0,26410|금사로|156,26410|회동동|551,standard,True,
26410,부곡동,63-11,에스케이,에스케이아파트,부곡SK아파트,A60975502,A60975502,road_legal_address_exact,100.0,0.0,1,26410|수림로|12,26410|부곡동|63-11,standard,False,
26410,구서동,1049,구서동롯데캐슬골드2단지,구서동롯데캐슬골드2단지(1049),구서동롯데캐슬골드2단지(1049),A60931207,A60931207,road_legal_address_exact,100.0,100.0,1,26410|금강로|503,26410|구서동|1049,standard,False,
26410,구서동,1006-2,선경3,선경3,구서선경3차아파트,A60976105,A60976105,legal_address_exact,100.0,66.66666666666667,1,26410|금강로565번길|54,26410|구서동|1006-2,standard,False,
26410,장전동,739,금정산2차쌍용예가,금정산2차쌍용예가,금정산 2차 쌍용 예가,A60939005,A60939005,road_legal_address_exact,100.0,100.0,1,26410|수림로72번길|21,26410|장전동|739,standard,False,
26410,구서동,1059,구서동쌍용예가2단지,구서동쌍용예가2단지,구서동 쌍용예가 2단지,A60931004,A60931004,road_legal_address_exact,100.0,100.0,1,26410|금샘로|262,26410|구서동|1059,standard,False,
26410,부곡동,958,부곡늘푸른,부곡늘푸른아파트,부곡늘푸른아파트,A60976502,A60976502,dong_fuzzy,100.0,100.0,27,26410|동현로|67,26410|부곡동|958,standard,False,
26410,장전동,710,금정힐스테이트,금정힐스테이트,금정힐스테이트,A60939001,A60939001,road_legal_address_exact,100.0,100.0,1,26410|금강로335번길|90,26410|장전동|710,standard,False,
26410,부곡동,297-1,부산대역삼정그린코아스카이동,부산대역삼정그린코아스카이동,삼정그린코아스카이,A10020804,A10020804,road_legal_address_exact,100.0,78.26086956521739,1,26410|중앙대로|1616,26410|부곡동|297-1,standard,False,
26410,장전동,205-2,우남이채롬,우남이채롬,우남이채롬 아파트,A10024295,A10024295,road_legal_address_exact,100.0,100.0,1,26410|금정로|161,26410|장전동|205-2,standard,False,
26410,남산동,3-1,삼창,삼창,e편한세상금정메종카운티,A10020018,A10020018,road_legal_address_exact,100.0,0.0,1,26410|금단로|105,26410|남산동|3-1,standard,False,
26410,장전동,713,장전동금정산skview,장전동금정산SKVIEW,금정산sk뷰,A60939002,A60939002,road_legal_address_exact,100.0,55.55555555555556,1,26410|식물원로|64,26410|장전동|713,standard,False,
26410,부곡동,244-7,대우,대우,부곡대우아파트,A60970301,A60970301,road_legal_address_exact,100.0,66.66666666666667,1,26410|부산대학로|10,26410|부곡동|244-7,standard,False,
26410,부곡동,64-34,티아이더코어,티아이더코어,,,TRADE_44B0AC3F3921,unmatched,0.0,26.66666666666667,27,26410|중앙대로1793번길|58,26410|부곡동|64-34,standard,True,
26410,부곡동,268-2,부곡동푸르지오,부곡동푸르지오,부곡동푸르지오아파트,A60932003,A60932003,road_legal_address_exact,100.0,100.0,1,26410|중앙대로|1617-12,26410|부곡동|268-2,standard,False,
26410,구서동,177-27,성원맨투로빌,성원맨투로빌,성원맨투로빌,A60931005,A60931005,road_legal_address_exact,100.0,100.0,1,26410|중앙대로|1926,26410|구서동|177-27,standard,False,
26410,부곡동,391-2,경보온천타워,경보온천타워,경보온천타워아파트,A60982402,A60982402,road_legal_address_exact,100.0,100.0,1,26410|오시게로54번길|14,26410|부곡동|391-2,standard,False,
26410,서동,304-151,서동삼한1,서동삼한-1,서동삼한,A60983303,A60983303,road_legal_address_exact,100.0,88.88888888888889,1,26410|명서로|76,26410|서동|304-151,standard,False,
26410,부곡동,235-5,우신뉴타운,우신뉴타운,우신뉴타운,A60982103,A60982103,road_legal_address_exact,100.0,100.0,1,26410|중앙대로1667번길|8,26410|부곡동|235-5,standard,False,
26410,구서동,1027-1,구서우성,구서우성,구서우성아파트,A60980506,A60980506,legal_address_exact,100.0,100.0,1,26410|구서중앙로|49,26410|구서동|1027-1,standard,False,
26410,부곡동,64-23,퀸즈더블유장전역,퀸즈더블유장전역,퀸즈W장전역,A10026583,A10026583,road_legal_address_exact,100.0,71.42857142857143,1,26410|부곡온천천로|190,26410|부곡동|64-23,standard,False,
26410,구서동,252-7,한일,한일,,,TRADE_6133F1DEBB1D,unmatched,0.0,33.333333333333336,25,26410|금강로468번길|19,26410|구서동|252-7,standard,True,
26410,남산동,374-68,현대그레이스,현대그레이스,현대그레이스아파트,A60981302,A60981302,road_legal_address_exact,100.0,100.0,1,26410|벅구산로|25-5,26410|남산동|374-68,standard,False,
26410,부곡동,224-1,쌍용,쌍용,부곡쌍용아파트,A60977001,A60977001,road_legal_address_exact,100.0,66.66666666666667,1,26410|수림로|25,26410|부곡동|224-1,standard,False,
26410,부곡동,780,반도맨션,반도맨션,부곡반도맨션,A60981801,A60981801,legal_address_exact,100.0,80.0,1,26410|서동로|16-1,26410|부곡동|780,standard,False,
26410,부곡동,962,뉴그린1,뉴그린1,부곡뉴그린아파트,A60975404,A60975404,legal_address_exact,100.0,66.66666666666667,1,26410|동현로|90,26410|부곡동|962,standard,False,
26410,구서동,75,태평양,태평양,구서태평양아파트,A60980002,A60980002,road_legal_address_exact,100.0,75.0,1,26410|체육공원로|56,26410|구서동|75,standard,False,
26410,부곡동,224-5,동원로얄듀크,동원로얄듀크,부곡동2차동원로얄듀크,A10020803,A10020803,road_legal_address_exact,100.0,70.58823529411764,1,26410|수림로19번길|26,26410|부곡동|224-5,standard,False,
26410,장전동,482-14,엘지금정,엘지금정,GS금정아파트,A60984002,A60984002,road_legal_address_exact,100.0,50.0,1,26410|금강로|217,26410|장전동|482-14,standard,False,
26410,장전동,163,소망빌라,소망빌라,,,TRADE_799D02DE1EC7,unmatched,0.0,0.0,17,26410|수림로|63,26410|장전동|163,standard,True,
26410,구서동,1070,구서skview2단지,구서SKVIEW2단지,구서 SK VIEW 2단지 아파트,A10027328,A10027328,road_legal_address_exact,100.0,100.0,1,26410|금샘로245번길|11,26410|구서동|1070,standard,False,
26410,남산동,707,남도그린파크,남도그린파크,,,TRADE_E7C9A75CCCC8,unmatched,0.0,19.999999999999996,8,26410|청룡로53번길|45,26410|남산동|707,standard,True,
26410,구서동,165-1,구서신동아,구서신동아,구서신동아아파트,A60976003,A60976003,road_legal_address_exact,100.0,100.0,1,26410|중앙대로1929번길|48-1,26410|구서동|165-1,standard,False,
26410,서동,208-22,대묵mpark,대묵M-PARK(베스트로즈힐),,,TRADE_E1D2889FDA66,unmatched,0.0,18.181818181818176,4,26410|반송로|397,26410|서동|208-22,standard,True,
26410,장전동,732,금정산쌍용예가,금정산쌍용예가,금정산쌍용예가,A60939004,A60939004,road_legal_address_exact,100.0,100.0,1,26410|금강로379번길|50,26410|장전동|732,standard,False,
26410,부곡동,296-15,동원,동원,,,TRADE_3DE619A42785,unmatched,0.0,33.333333333333336,27,26410|부곡로|121,26410|부곡동|296-15,standard,True,
26410,남산동,115-30,럭키남산,럭키남산,럭키남산아파트,A60976404,A60976404,road_legal_address_exact,100.0,100.0,1,26410|남산로37번길|52,26410|남산동|115-30,standard,False,
26410,장전동,601-9,금정산태진팰리스,금정산태진팰리스,,,TRADE_B4FAEE558368,unmatched,0.0,46.15384615384615,17,26410|온천장로125번길|48,26410|장전동|601-9,standard,True,
26410,부곡동,788,부곡동대동다숲,부곡동대동다:숲,부곡동대동다숲,A60975405,A60975405,road_legal_address_exact,100.0,100.0,1,26410|부곡로|32-12,26410|부곡동|788,standard,False,
26410,청룡동,7-9,화신골든맨션,화신골든맨션,,,TRADE_3A9328A78378,unmatched,0.0,0.0,4,26410|금정도서관로|13,26410|청룡동|7-9,standard,True,
26410,장전동,646-8,장전삼정그린코아더베스트,장전삼정그린코아더베스트,장전삼정그린코아더베스트,A10025821,A10025821,road_legal_address_exact,100.0,100.0,1,26410|식물원로9번길|15,26410|장전동|646-8,standard,False,
26410,남산동,115-12,성화빌라트,성화빌라트,,,TRADE_02C1C7670B66,unmatched,0.0,22.22222222222222,8,26410|학산로21번길|6,26410|남산동|115-12,standard,True,
26410,구서동,1053,구서동쌍용예가1단지,구서동쌍용예가1단지,구서쌍용예가아파트1단지,A60931003,A60931003,road_legal_address_exact,100.0,94.73684210526316,1,26410|금샘로|261,26410|구서동|1053,standard,False,
26410,부곡동,324-9,홍원메르디앙,홍원메르디앙,,,TRADE_DD5B6B6C0220,unmatched,0.0,15.384615384615385,27,26410|동부곡로6번길|54,26410|부곡동|324-9,standard,True,
26410,서동,622,성지,성지아파트,성지리벨루스,A60940201,A60940201,road_legal_address_exact,100.0,50.0,1,26410|명서로|94,26410|서동|622,standard,False,
26410,구서동,1017-32,거성경원골든빌라,거성경원골든빌라,,,TRADE_0101B62BAE35,unmatched,0.0,42.85714285714286,25,26410|두실로37번길|3,26410|구서동|1017-32,standard,True,
26410,남산동,987-6,남산파크빌리지,남산파크빌리지,,,TRADE_DEC7EF9D5741,unmatched,0.0,36.36363636363637,8,26410|남산로43번길|13,26410|남산동|987-6,standard,True,
26410,청룡동,8-1,청룡동협성엠파이어,청룡동협성엠파이어,청룡협성엠파이어,A60976903,A60976903,road_legal_address_exact,100.0,94.11764705882352,1,26410|중앙대로|2120,26410|청룡동|8-1,standard,False,
26410,부곡동,64-40,부곡동프리미엄안단테,부곡동프리미엄안단테아파트,,,TRADE_A05D49AA70A8,unmatched,0.0,40.0,27,26410|중앙대로1763번길|20,26410|부곡동|64-40,standard,True,
26410,남산동,981-3,샘하이츠,샘하이츠,,,TRADE_E13201913CC7,unmatched,0.0,66.66666666666667,8,26410|금샘로|519,26410|남산동|981-3,standard,True,
26410,구서동,1074,구서skview1단지,구서SKVIEW1단지,구서 SK VIEW 1단지,A10027325,A10027325,road_legal_address_exact,100.0,100.0,1,26410|금샘로246번길|18,26410|구서동|1074,standard,False,
26410,남산동,989-2,남산그린파크,남산그린파크,,,TRADE_5B145D9F2B62,unmatched,0.0,40.0,8,26410|남산로|67,26410|남산동|989-2,standard,True,
26410,남산동,956-2,대명하이츠3차,대명하이츠3차,,,TRADE_DAF1EA907467,unmatched,0.0,50.0,8,26410|금샘로582번길|45,26410|남산동|956-2,standard,True,
26410,장전동,596-12,재우카라디움,재우카라디움,,,TRADE_146CFD80DFE1,unmatched,0.0,18.181818181818176,17,26410|식물원로75번길|46,26410|장전동|596-12,standard,True,
26410,금사동,565,삼한사랑채,삼한사랑채,금사삼한사랑채,A10027872,A10027872,road_legal_address_exact,100.0,83.33333333333334,1,26410|서금로|115,26410|금사동|565,standard,False,
26410,부곡동,215-1,장미,장미(215-1),,,TRADE_AE4AD4B8AC78,unmatched,0.0,25.0,27,26410|기찰로|97,26410|부곡동|215-1,standard,True,
26410,청룡동,42-1,소암파크,소암파크,,,TRADE_B098D98E5683,unmatched,0.0,16.666666666666664,4,26410|남산냇길|106,26410|청룡동|42-1,standard,True,
26410,구서동,775-13,일화아트빌라,일화아트빌라,,,TRADE_B771669556C4,unmatched,0.0,19.999999999999996,25,26410|금강로|465,26410|구서동|775-13,standard,True,
26410,부곡동,337-3,동양부곡,동양부곡,,,TRADE_E28322B418F2,unmatched,0.0,50.0,27,26410|동부곡로6번길|71,26410|부곡동|337-3,standard,True,
26410,청룡동,87-2,범양빌라,범양빌라,,,TRADE_4C944B884A39,unmatched,0.0,16.666666666666664,4,26410|중앙대로|2128-12,26410|청룡동|87-2,standard,True,
26410,장전동,604-48,정우골든시티,정우골든시티,,,TRADE_E3FF01AA29A3,unmatched,0.0,22.22222222222222,17,26410|온천장로125번길|28-14,26410|장전동|604-48,standard,True,
26410,부곡동,364-15,현대,현대,부곡현대아파트,A60982202,A60982202,road_legal_address_exact,100.0,66.66666666666667,1,26410|동부곡로27번길|85,26410|부곡동|364-15,standard,False,
26410,장전동,604-21,파크아트온,파크아트온,파크아트온,A10021197,A10021197,road_legal_address_exact,100.0,100.0,1,26410|식물원로29번길|15,26410|장전동|604-21,standard,False,
26410,구서동,162-6,금광예다움,금광예다움,,,TRADE_6D0A61FC12C4,unmatched,0.0,44.44444444444444,25,26410|두실로7번길|11,26410|구서동|162-6,standard,True,
26410,남산동,116-30,미주빌리지,미주빌리지,,,TRADE_771213840495,unmatched,0.0,0.0,8,26410|학산로13번길|6,26410|남산동|116-30,standard,True,
26410,부곡동,788-78,국제그린,국제그린,국제그린아파트,A10020780,A10020780,road_legal_address_exact,100.0,100.0,1,26410|부곡로18번길|24,26410|부곡동|788-78,standard,False,
26410,구서동,162-4,삼한골든뷰,삼한골든뷰,구서삼한골든뷰,A10027986,A10027986,road_legal_address_exact,100.0,83.33333333333334,1,26410|중앙대로|1967,26410|구서동|162-4,standard,False,
26410,부곡동,297-13,부산대역삼정그린코아마운틴동,부산대역삼정그린코아마운틴동,삼정그린코아마운틴,A10020805,A10020805,road_legal_address_exact,100.0,78.26086956521739,1,26410|중앙대로|1614,26410|부곡동|297-13,standard,False,
26410,장전동,581,장전경보,장전경보,장전경보아파트,A60984103,A60984103,road_legal_address_exact,100.0,100.0,1,26410|식물원로75번길|33,26410|장전동|581,standard,False,
26410,부곡동,970,부곡롯데캐슬디아망,부곡롯데캐슬디아망,부곡롯데캐슬디아망,A60932004,A60932004,road_legal_address_exact,100.0,100.0,1,26410|동부곡로15번길|76,26410|부곡동|970,standard,False,
26410,남산동,121-9,남산그린,남산그린,,,TRADE_AFC0244132E9,unmatched,0.0,50.0,8,26410|금강로633번길|32,26410|남산동|121-9,standard,True,
26410,서동,207-4,다온미즈,다온미즈,,,TRADE_9A4945EF5230,unmatched,0.0,0.0,4,26410|서동로|193-12,26410|서동|207-4,standard,True,
26410,청룡동,350,경동,경동,청룡경동아파트,A60976902,A60976902,road_legal_address_exact,100.0,66.66666666666667,1,26410|청룡예전로|74,26410|청룡동|350,standard,False,
26410,남산동,981-2,동보6차,동보6차,,,TRADE_8150D89FD44E,unmatched,0.0,22.22222222222222,8,26410|금샘로|521,26410|남산동|981-2,standard,True,
26440,명지동,3350,부산명지중흥s클래스에듀오션,부산명지중흥S-클래스에듀오션,중흥S-클래스에듀오션,A10026445,A10026445,road_legal_address_exact,100.0,83.33333333333334,1,26440|명지국제5로|90,26440|명지동|3350,standard,False,
26440,명지동,3328,명지협성휴포레,명지협성휴포레,명지 협성휴포레,A10027280,A10027280,road_legal_address_exact,100.0,100.0,1,26440|명지국제5로|141,26440|명지동|3328,standard,False,
26440,명지동,3243,엘크루블루오션,엘크루블루오션,,,TRADE_8B81851DF631,address_conflict,0.0,0.0,2,26440|명지오션시티12로|92,26440|명지동|3243,standard,True,
26440,명지동,3344,명지국제신도시호반베르디움2차,명지국제신도시호반베르디움2차,호반써밋명지국제,A10027139,A10027139,road_legal_address_exact,100.0,34.78260869565217,1,26440|명지국제5로|89,26440|명지동|3344,standard,False,
26440,명지동,3232,퀸덤1차아인슈타인타운,퀸덤1차아인슈타인타운,퀸덤1차아인슈타인타운,A61870404,A61870404,road_legal_address_exact,100.0,100.0,1,26440|명지오션시티11로|51,26440|명지동|3232,standard,False,
26440,명지동,3404,더힐시그니처,더힐시그니처,더 힐 시그니처,A10025776,A10025776,road_legal_address_exact,100.0,100.0,1,26440|명지국제7로|110,26440|명지동|3404,standard,False,
26440,명지동,3423,명지대방노블랜드오션뷰1차,명지대방노블랜드오션뷰1차,대방노블랜드오션뷰1차아파트,A10027656,A10027656,road_address_exact,100.0,91.66666666666666,1,26440|명지국제5로|30,26440|명지동|3423,standard,False,
26440,명지동,3400,부산명지중흥s클래스프라디움,부산명지중흥S-클래스프라디움,중흥S클래스프라디움아파트,A10027282,A10027282,road_legal_address_exact,100.0,83.33333333333334,1,26440|명지국제7로|133,26440|명지동|3400,standard,False,
26440,명지동,3417,명지대방노블랜드오션뷰2차,명지대방노블랜드오션뷰2차,명지대방노블랜드오션뷰2차아파트,A10027581,A10027581,road_legal_address_exact,100.0,100.0,1,26440|명지국제5로|11,26440|명지동|3417,standard,False,
26440,신호동,205-1,부산신호윌더하임,부산신호윌더하임,신호윌더하임,A61829001,A61829001,legal_address_exact,100.0,85.71428571428572,1,26440|신호산단3로|55,26440|신호동|205-1,standard,False,
26440,대저1동,2388-17,외진가센트럴타워,외진가센트럴타워,,,TRADE_785E53F0A3E7,unmatched,0.0,0.0,0,26440|대저로273번길|25,26440|대저1동|2388-17,standard,True,
26440,명지동,3233,극동스타클래스,극동스타클래스,명지극동스타클래스,A61881402,A61881402,road_legal_address_exact,100.0,87.5,1,26440|명지오션시티2로|71,26440|명지동|3233,standard,False,
26440,명지동,3244,롯데캐슬,롯데캐슬,명지롯데캐슬,A61820001,A61820001,road_legal_address_exact,100.0,80.0,1,26440|명지오션시티11로|84,26440|명지동|3244,standard,False,
26440,명지동,3599-3,명지국제신도시삼정그린코아더베스트,명지국제신도시삼정그린코아더베스트,명지삼정그린코아더베스트,A10025343,A10025343,road_legal_address_exact,100.0,82.75862068965517,1,26440|명지국제3로|97,26440|명지동|3599-3,standard,False,
26440,명지동,3231,퀸덤1차링컨타운,퀸덤1차링컨타운,영어도시퀸덤1차링컨타운,A61870405,A61870405,road_legal_address_exact,100.0,80.0,1,26440|명지오션시티10로|16,26440|명지동|3231,standard,False,
26440,명지동,3236,명지오션시티한신휴플러스,명지오션시티한신휴플러스,명지오션시티한신휴플러스,A61870411,A61870411,road_legal_address_exact,100.0,100.0,1,26440|명지오션시티1로|155,26440|명지동|3236,standard,False,
26440,명지동,3343,명지2차금강펜테리움센트럴파크,명지2차금강펜테리움센트럴파크,명지2차 금강펜테리움 센트럴파크,A10027621,A10027621,road_address_exact,100.0,100.0,1,26440|명지국제5로|109,26440|명지동|3343,standard,False,
26440,명지동,3234,명지두산위브포세이돈,명지두산위브포세이돈,명지두산위브포세이돈,A61870410,A61870410,road_legal_address_exact,100.0,100.0,1,26440|명지오션시티11로|22,26440|명지동|3234,standard,False,
26440,명지동,3235,엘크루솔마레,엘크루솔마레,명지 엘크루솔마레,A10028079,A10028079,road_legal_address_exact,100.0,85.71428571428572,1,26440|명지오션시티12로|10,26440|명지동|3235,standard,False,
26440,명지동,3415,명지국제신도시호반베르디움1차,명지국제신도시호반베르디움1차,명지 국제신도시 호반베르디움1차,A10027698,A10027698,dong_fuzzy,100.0,100.0,32,26440|명지국제5로|29,26440|명지동|3415,standard,False,
26440,명지동,3399,명지더웨스턴,명지더웨스턴,명지더웨스턴,A10026157,A10026157,road_legal_address_exact,100.0,100.0,1,26440|명지국제7로|111,26440|명지동|3399,standard,False,
26440,명지동,3230-11,퀸덤1차에디슨타운,퀸덤1차에디슨타운,영어도시퀸덤에디슨타운,A61870406,A61870406,road_legal_address_exact,100.0,70.0,1,26440|명지오션시티10로|17,26440|명지동|3230-11,standard,False,
26440,명지동,3354,명지1차금강펜테리움센트럴파크,명지1차 금강펜테리움 센트럴파크,명지1차금강펜테리움센트럴파크,A10027918,A10027918,dong_fuzzy,100.0,100.0,32,26440|명지국제5로|59,26440|명지동|3354,standard,False,
26440,명지동,3599-1,e편한세상명지,e편한세상명지,e편한세상명지,A10025684,A10025684,road_legal_address_exact,100.0,100.0,1,26440|명지국제2로|80,26440|명지동|3599-1,standard,False,
26440,명지동,3361,에일린의뜰,에일린의 뜰,명지에일린의뜰아파트,A10027953,A10027953,road_address_exact_name,83.33333333333334,83.33333333333334,3,26440|명지국제5로|60,26440|명지동|3361,standard,True,
26440,지사동,1184-1,지사금강펜테리움,지사금강펜테리움,금강펜테리움,A61823002,A61823002,road_legal_address_exact,100.0,85.71428571428572,1,26440|과학산단2로20번길|69,26440|지사동|1184-1,standard,False,
26440,지사동,1186,협성ds엘리시안,협성·DS엘리시안,협성.DS엘리시안아파트,A10028069,A10028069,road_legal_address_exact,100.0,100.0,1,26440|과학산단로306번길|10,26440|지사동|1186,standard,False,
26440,대저1동,7375,우창더뷰,우창더뷰,,,TRADE_FAD12E226CB3,unmatched,0.0,0.0,0,26440|대저중앙로|9,26440|대저1동|7375,standard,True,
26440,녹산동,287,유나베네스2차,유나베네스2차,,,TRADE_5F7B80C3F921,unmatched,0.0,0.0,0,26440|화전산업대로|272-11,26440|녹산동|287,standard,True,
26470,연산동,1866-2,아이유파크,아이유파크(IU-PARK),아이유파크아파트,A10026119,A10026119,road_legal_address_exact,100.0,100.0,1,26470|연수로|179,26470|연산동|1866-2,standard,False,
26470,거제동,714-144,유림아시아드,유림아시아드,유림아시아드아파트,A61180503,A61180503,road_legal_address_exact,100.0,100.0,1,26470|해맞이로|23,26470|거제동|714-144,standard,False,
26470,연산동,2331,브라운스톤연제2단지,브라운스톤연제2단지,브라운스톤연제,A10027159,A10027159,dong_fuzzy,82.35294117647058,82.35294117647058,65,26470|연제로8번길|30,26470|연산동|2331,standard,True,
26470,연산동,578-1,삼익,삼익,연산삼익아파트,A61182006,A61182006,road_legal_address_exact,100.0,66.66666666666667,1,26470|중앙대로|1164,26470|연산동|578-1,standard,False,
26470,연산동,2220,주공,주공,망미주공아파트,A61175110,A61175110,road_legal_address_exact,100.0,66.66666666666667,1,26470|토현로|10,26470|연산동|2220,standard,False,
26470,거제동,36-8,삼익퓨쳐타워,삼익퓨쳐타워,삼익퓨처타워,A61177006,A61177006,road_legal_address_exact,100.0,83.33333333333334,1,26470|명륜로2번길|7,26470|거제동|36-8,standard,False,
26470,거제동,1506,아시아드푸르지오,아시아드푸르지오,아시아드푸르지오,A61175405,A61175405,road_legal_address_exact,100.0,100.0,1,26470|아시아드대로22번길|36,26470|거제동|1506,standard,False,
26470,연산동,675-3,엘리시움,엘리시움,,,TRADE_A5DAF74F8943,unmatched,0.0,19.999999999999996,65,26470|중앙대로1124번길|14,26470|연산동|675-3,standard,True,
26470,거제동,840,현대,현대,거제현대아파트,A61175804,A61175804,road_legal_address_exact,100.0,66.66666666666667,1,26470|거제대로|198,26470|거제동|840,standard,False,
26470,연산동,1123-5,삼원,삼원,,,TRADE_FD260E5E347D,unmatched,0.0,33.333333333333336,65,26470|중앙대로1133번길|20,26470|연산동|1123-5,standard,True,
26470,거제동,1029-2,동원타워,동원타워,거제동원아파트,A61180706,A61180706,road_legal_address_exact,100.0,50.0,1,26470|월드컵대로243번길|19,26470|거제동|1029-2,standard,False,
26470,연산동,2311,더샵파크시티,더샵파크시티,더샵 파크시티,A10027937,A10027937,road_legal_address_exact,100.0,100.0,1,26470|안연로|33,26470|연산동|2311,standard,False,
26470,연산동,2235-4,선경,선경,연산선경아파트,A61176308,A61176308,road_legal_address_exact,100.0,66.66666666666667,1,26470|과정로|74,26470|연산동|2235-4,standard,False,
26470,연산동,1299-2,지성캐슬,지성캐슬,,,TRADE_BEC24D9B86AF,unmatched,0.0,28.57142857142857,65,26470|월드컵대로153번길|64,26470|연산동|1299-2,standard,True,
26470,거제동,38-45,경남,경남,거제경남아파트,A61175702,A61175702,road_legal_address_exact,100.0,66.66666666666667,1,26470|거제대로214번길|6,26470|거제동|38-45,standard,False,
26470,연산동,395,한양,한양(1차),연산한양아파트,A61175209,A61175209,road_address_exact,100.0,66.66666666666667,1,26470|온천천남로|110,26470|연산동|395,standard,False,
26470,연산동,2298,연산경동메르빌,연산경동메르빌,연산경동메르빌,A61108003,A61108003,road_legal_address_exact,100.0,100.0,1,26470|연수로|110,26470|연산동|2298,standard,False,
26470,연산동,684-2,어반힐즈,어반힐즈,,,TRADE_22C4A8D27332,unmatched,0.0,22.22222222222222,65,26470|월드컵대로|30,26470|연산동|684-2,standard,True,
26470,연산동,2262,연산자이,연산자이,연산자이,A61175901,A61175901,road_legal_address_exact,100.0,100.0,1,26470|과정로343번길|43,26470|연산동|2262,standard,False,
26470,거제동,1465-3,거제동2차동원로얄듀크,거제동2차동원로얄듀크,온천천동원로얄듀크,A61180305,A61180305,road_legal_address_exact,100.0,60.0,1,26470|거제천로269번길|31,26470|거제동|1465-3,standard,False,
26470,거제동,1519,거제센트럴자이,거제센트럴자이,거제센트럴자이,A10025950,A10025950,road_address_exact,100.0,100.0,1,26470|법원북로|93,26470|거제동|1519,standard,False,
26470,연산동,391-1,한양,한양(4차),연산한양아파트,A61175209,A61175209,road_address_exact,100.0,66.66666666666667,1,26470|온천천남로|110,26470|연산동|391-1,standard,False,
26470,연산동,394,한양,한양(2차),연산한양아파트,A61175209,A61175209,road_address_exact,100.0,66.66666666666667,1,26470|온천천남로|110,26470|연산동|394,standard,False,
26470,거제동,917-1,대우,대우,거제대우아파트,A61175505,A61175505,road_legal_address_exact,100.0,66.66666666666667,1,26470|아시아드대로28번길|9,26470|거제동|917-1,standard,False,
26470,거제동,1475,쌍용,쌍용,거제쌍용스윗닷홈아파트,A61176709,A61176709,road_legal_address_exact,100.0,40.0,1,26470|법원북로|13,26470|거제동|1475,standard,False,
26470,연산동,580-4,삼보맨션,삼보맨션,,,TRADE_83E5172C6DB9,unmatched,0.0,50.0,65,26470|세병로|34,26470|연산동|580-4,standard,True,
26470,거제동,768-1,유림아시아드타워,유림아시아드타워,거제동유림아시아드타워,A61177102,A61177102,road_legal_address_exact,100.0,84.21052631578947,1,26470|화지로|84,26470|거제동|768-1,standard,False,
26470,연산동,588-1,새연산,새연산(588-1),연산하늘채엘센트로,A10020475,A10020475,legal_address_exact,100.0,33.333333333333336,1,26470|세병로|5,26470|연산동|588-1,standard,True,
26470,거제동,139-1,벽산이메타폴리스,벽산이-메타폴리스,벽산e-메타폴리스,A61180310,A61180310,road_legal_address_exact,100.0,87.5,1,26470|온천천공원길|4,26470|거제동|139-1,standard,False,
26470,연산동,603-7,연산쌍용,연산쌍용,연산쌍용아파트,A61182002,A61182002,road_legal_address_exact,100.0,100.0,1,26470|고분로13번길|25,26470|연산동|603-7,standard,False,
26470,연산동,243-18,연산엘지,연산엘지,연산LG아파트,A61176411,A61176411,road_legal_address_exact,100.0,50.0,1,26470|고분로|200,26470|연산동|243-18,standard,False,
26470,연산동,859-2,시청역퀸즈w,시청역퀸즈W,시청역퀸즈W아파트,A10026942,A10026942,road_legal_address_exact,100.0,100.0,1,26470|연제로|7,26470|연산동|859-2,standard,False,
26470,거제동,1479,거제2차현대홈타운,거제2차현대홈타운,거제2차현대홈타운아파트,A61176612,A61176612,road_legal_address_exact,100.0,100.0,1,26470|법원북로|16,26470|거제동|1479,standard,False,
26470,거제동,163-1,태경썬싸인,태경썬싸인,태경선샤인아파트,A61180304,A61180304,road_legal_address_exact,100.0,60.0,1,26470|중앙대로1226번길|30,26470|거제동|163-1,standard,False,
26470,연산동,1366-1,부산더샵시티애비뉴2차,부산더샵시티애비뉴2차,부산더샵시티애비뉴2차아파트,A10027141,A10027141,road_legal_address_exact,100.0,100.0,1,26470|시청로|12,26470|연산동|1366-1,standard,False,
26470,거제동,212-1,화신거림,화신거림(212-1),,,TRADE_EBE9B9239709,unmatched,0.0,40.0,41,26470|교대로24번길|68,26470|거제동|212-1,standard,True,
26470,거제동,867-5,화랑,화랑,화랑아파트,A10021235,A10021235,road_legal_address_exact,100.0,100.0,1,26470|아시아드대로|31,26470|거제동|867-5,standard,False,
26470,연산동,2322,브라운스톤연제1단지,브라운스톤연제1단지,브라운스톤연제,A10027159,A10027159,road_address_exact,100.0,82.35294117647058,1,26470|연제로8번길|29,26470|연산동|2322,standard,False,
26470,거제동,1481,거제1차현대홈타운,거제1차현대홈타운,거제1차현대홈타운,A61176513,A61176513,road_legal_address_exact,100.0,100.0,1,26470|법원북로|34,26470|거제동|1481,standard,False,
26470,연산동,129,센텀수영강푸르지오,센텀수영강푸르지오,센텀수영강푸르지오,A61181207,A61181207,road_legal_address_exact,100.0,100.0,1,26470|고분로|270,26470|연산동|129,standard,False,
26470,연산동,2307,부산센텀푸르지오,부산센텀푸르지오,부산센텀푸르지오,A10028028,A10028028,road_address_exact,100.0,100.0,1,26470|고분로|280,26470|연산동|2307,standard,False,
26470,연산동,1849-6,오양,오양,,,TRADE_89DF8F73CAF9,unmatched,0.0,33.333333333333336,65,26470|배산북로|31,26470|연산동|1849-6,standard,True,
26470,연산동,1135-48,서전기아타운,서전기아타운,연산서전기아타운아파트,A61182301,A61182301,road_legal_address_exact,100.0,85.71428571428572,1,26470|쌍미천로84번길|2,26470|연산동|1135-48,standard,False,
26470,연산동,1873-85,동서타워,동서타워,동서연천타워,A10025411,A10025411,dong_fuzzy,80.0,80.0,65,26470|연수로|192,26470|연산동|1873-85,standard,True,
26470,거제동,898-1,월드마크아시아드,월드마크아시아드,월드마크아시아드,A61180702,A61180702,road_legal_address_exact,100.0,100.0,1,26470|종합운동장로12번길|8,26470|거제동|898-1,standard,False,
26470,연산동,2341,연제롯데캐슬데시앙,연제롯데캐슬데시앙,연제 롯데캐슬앤데시앙,A10025994,A10025994,road_address_exact,100.0,94.73684210526316,1,26470|월드컵대로|55,26470|연산동|2341,standard,False,
26470,거제동,1467-1,거제동롯데캐슬,거제동롯데캐슬,거제동롯데캐슬아파트,A61176911,A61176911,road_legal_address_exact,100.0,100.0,1,26470|세병로|44,26470|거제동|1467-1,standard,False,
26470,연산동,388-1,한양,한양(3차),연산한양아파트,A61175209,A61175209,road_address_exact,100.0,66.66666666666667,1,26470|온천천남로|110,26470|연산동|388-1,standard,False,
26470,연산동,585-7,진흥목화,진흥목화,,,TRADE_05EF23BBF0C0,unmatched,0.0,19.999999999999996,65,26470|세병로|15,26470|연산동|585-7,standard,True,
26470,연산동,1481-9,신우피렌체,신우피렌체,,,TRADE_B21CDB6822FA,unmatched,0.0,19.999999999999996,65,26470|거제천로118번길|51,26470|연산동|1481-9,standard,True,
26470,연산동,1498-9,시청역더리체,시청역더리체,,,TRADE_BBADD3EDF919,unmatched,0.0,50.0,65,26470|신촌로|27,26470|연산동|1498-9,standard,True,
26470,연산동,867-2,성일이안시티,성일이안시티,성일이안시티아파트,A10021527,A10021527,road_legal_address_exact,100.0,100.0,1,26470|연제로|31,26470|연산동|867-2,standard,False,
26470,거제동,1464-3,우성,우성,거제우성아파트,A61180303,A61180303,road_legal_address_exact,100.0,66.66666666666667,1,26470|거제천로|255,26470|거제동|1464-3,standard,False,
26470,거제동,1469-6,부원,부원,,,TRADE_AD733185E5FD,unmatched,0.0,33.333333333333336,41,26470|중앙대로|1180-1,26470|거제동|1469-6,standard,True,
26470,연산동,766-2,반도보라,반도보라,연산반도보라 아파트,A61182305,A61182305,road_legal_address_exact,100.0,80.0,1,26470|월드컵대로114번길|20,26470|연산동|766-2,standard,False,
26470,연산동,1829-1,동덕현대,동덕현대,동덕현대아파트,A61176101,A61176101,road_legal_address_exact,100.0,100.0,1,26470|연미로|14,26470|연산동|1829-1,standard,False,
26470,연산동,969-2,청마파크,청마파크,,,TRADE_C3A2EEC69E64,unmatched,0.0,44.44444444444444,65,26470|고분로|106,26470|연산동|969-2,standard,True,
26470,연산동,1873-30,한독,한독,한독아파트,A10020029,A10020029,road_legal_address_exact,100.0,100.0,1,26470|봉수로|15,26470|연산동|1873-30,standard,False,
26470,연산동,1643-2,효성,효성,동성효성아파트,A61182901,A61182901,road_legal_address_exact,100.0,66.66666666666667,1,26470|중앙대로1038번길|54,26470|연산동|1643-2,standard,False,
26470,거제동,769-78,거제청구하이츠,거제청구하이츠,거제청구하이츠아파트,A61180501,A61180501,road_legal_address_exact,100.0,100.0,1,26470|화지로|95,26470|거제동|769-78,standard,False,
26470,연산동,460,무궁화,무궁화,,,TRADE_A9455CCC6D22,unmatched,0.0,0.0,65,26470|온천천남로160번길|23,26470|연산동|460,standard,True,
26470,연산동,399-9,강일프라임빌,강일프라임빌,,,TRADE_438396BC723B,unmatched,0.0,23.529411764705888,65,26470|안연로8번길|22,26470|연산동|399-9,standard,True,
26470,연산동,304-1,경동,경동,연산경동아파트,A61181103,A61181103,road_legal_address_exact,100.0,66.66666666666667,1,26470|과정로344번길|50,26470|연산동|304-1,standard,False,
26470,연산동,1299-6,에이젠,에이젠아파트,,,TRADE_5A8CC947A054,unmatched,0.0,28.57142857142857,65,26470|중앙대로1065번길|50,26470|연산동|1299-6,standard,True,
26470,연산동,2352,연산더샵,연산더샵,연산더샵아파트,A10025559,A10025559,road_address_exact,100.0,100.0,1,26470|연수로|130,26470|연산동|2352,standard,False,
26470,연산동,1507-1,세화,세화,,,TRADE_B05568AADF47,unmatched,0.0,15.384615384615385,65,26470|시청로31번길|4,26470|연산동|1507-1,standard,True,
26470,연산동,1,동서연천타워,동서연천타워,동서연천타워,A10025411,A10025411,road_legal_address_exact,100.0,100.0,1,26470|톳고개로|30,26470|연산동|1,standard,False,
26470,연산동,587-4,에스케이뷰,에스케이뷰,연산sk뷰1단지,A61182009,A61182009,road_legal_address_exact,100.0,15.384615384615385,1,26470|중앙대로1124번길|15,26470|연산동|587-4,standard,False,
26470,연산동,2121-4,배산프라임타워,배산프라임타워,,,TRADE_29DF152A5537,unmatched,0.0,46.15384615384615,65,26470|배산로|34,26470|연산동|2121-4,standard,True,
26470,거제동,1502,거제동2차월드메르디앙,거제동2차월드메르디앙,거제동2차 월드메르디앙아파트,A10026994,A10026994,road_address_exact,100.0,100.0,1,26470|중앙대로|1188,26470|거제동|1502,standard,False,
26470,연산동,406-10,연산동한솔솔파크,연산동한솔솔파크,한솔솔파크,A61175113,A61175113,road_legal_address_exact,100.0,76.92307692307692,1,26470|과정로|211,26470|연산동|406-10,standard,False,
26470,연산동,307-10,한양타워,한양타워,연산한양타워아파트,A61181102,A61181102,road_legal_address_exact,100.0,80.0,1,26470|과정로344번길|22,26470|연산동|307-10,standard,False,
26470,연산동,387-1,한양,한양(5차),연산한양아파트,A61175209,A61175209,road_legal_address_exact,100.0,66.66666666666667,1,26470|온천천남로|110,26470|연산동|387-1,standard,False,
26470,연산동,2317,센텀리버skview,센텀리버SKVIEW,센텀리버sk뷰,A10027085,A10027085,road_address_exact,100.0,70.58823529411764,1,26470|좌수영로|225,26470|연산동|2317,standard,False,
26470,연산동,2335,연산동일동미라주더스타,연산동일동미라주더스타,연산동 일동미라주 더 스타,A10026902,A10026902,road_legal_address_exact,100.0,100.0,1,26470|반송로|80,26470|연산동|2335,standard,False,
26470,연산동,1604-6,협성센트로,협성센트로,,,TRADE_22154C179AF8,unmatched,0.0,42.85714285714286,65,26470|연제로8번길|37,26470|연산동|1604-6,standard,True,
26470,연산동,1637-1,동서하이빌,동서하이빌,동서하이빌아파트 ,A10021243,A10021243,road_legal_address_exact,100.0,100.0,1,26470|연제로8번길|75,26470|연산동|1637-1,standard,False,
26470,연산동,784-1,디오빌비동,디오빌비동,,,TRADE_108563CC5AD0,unmatched,0.0,30.76923076923077,65,26470|월드컵대로19번길|17,26470|연산동|784-1,standard,True,
26470,연산동,1122-3,흥아거북,흥아거북,,,TRADE_21C9CB6DEED8,unmatched,0.0,22.22222222222222,65,26470|중앙대로1149번길|10,26470|연산동|1122-3,standard,True,
26470,연산동,1136-5,한일유앤아이,한일유앤아이,연산동한일유앤아이아파트,A61182308,A61182308,road_legal_address_exact,100.0,80.0,1,26470|묘봉산로|4,26470|연산동|1136-5,standard,False,
26470,연산동,958-6,연산센트럴파크,연산센트럴파크,연산센트럴파크,A61108001,A61108001,road_legal_address_exact,100.0,100.0,1,26470|고분로98번길|16,26470|연산동|958-6,standard,False,
26470,거제동,588-4,희망센트럴뷰,희망센트럴뷰,,,TRADE_617E154B0C88,unmatched,0.0,46.15384615384615,41,26470|거제시장로22번길|5,26470|거제동|588-4,standard,True,
26470,거제동,1468-1,거제동월드메르디앙,거제동월드메르디앙,거제동월드메르디앙,A61177214,A61177214,road_legal_address_exact,100.0,100.0,1,26470|거제천로|233,26470|거제동|1468-1,standard,False,
26500,광안동,172-1,삼정그린코아,삼정그린코아,광안동삼정그린코아,A61380402,A61380402,road_legal_address_exact,100.0,80.0,1,26500|수영로540번길|57,26500|광안동|172-1,standard,False,
26500,광안동,165-9,광안지음주상복합,광안지음주상복합,,,TRADE_A3EA99984BF2,unmatched,0.0,37.5,22,26500|수영로|542,26500|광안동|165-9,standard,True,
26500,망미동,1176,수영skview1단지,수영SKVIEW1단지,수영sk뷰 1단지,A10025433,A10025433,road_legal_address_exact,100.0,73.6842105263158,1,26500|망미배산로|56,26500|망미동|1176,standard,False,
26500,광안동,539-1,광명,광명(539-1),,,TRADE_8054542BC0E4,unmatched,0.0,50.0,22,26500|광일로67번길|68,26500|광안동|539-1,standard,True,
26500,망미동,1154,이편한세상1차,이편한세상1차,센텀수영강변1차e-편한세상아파트,A61313201,A61313201,road_legal_address_exact,100.0,40.0,1,26500|좌수영로|176,26500|망미동|1154,standard,False,
26500,남천동,148-4,삼익비치,삼익비치,삼익비치아파트,A61301003,A61301003,road_legal_address_exact,100.0,100.0,1,26500|광안해변로|100,26500|남천동|148-4,standard,False,
26500,민락동,108-1,센텀비치푸르지오,센텀비치푸르지오,센텀비치푸르지오아파트,A61377105,A61377105,road_legal_address_exact,100.0,100.0,1,26500|광안해변로|418,26500|민락동|108-1,standard,False,
26500,남천동,556-3,뉴비치,뉴비치,남천뉴비치아파트,A61381903,A61381903,road_legal_address_exact,100.0,75.0,1,26500|광안해변로15번길|68,26500|남천동|556-3,standard,False,
26500,수영동,541,현대,현대,수영현대아파트,A61375702,A61375702,road_legal_address_exact,100.0,66.66666666666667,1,26500|수영로741번길|20,26500|수영동|541,standard,False,
26500,민락동,781,e편한세상오션테라스2단지,e편한세상오션테라스2단지,e편한세상 오션테라스,A10025075,A10025075,dong_fuzzy,86.95652173913044,86.95652173913044,13,26500|광안해변로326번길|9,26500|민락동|781,standard,True,
26500,망미동,1128,이편한세상2차,이편한세상2차,센텀수영강변2차e-편한세상아파트,A61313202,A61313202,road_legal_address_exact,100.0,40.0,1,26500|좌수영로|204,26500|망미동|1128,standard,False,
26500,망미동,1136,이편한세상3차,이편한세상3차,센텀수영강변3차 e-편한세상아파트,A61313203,A61313203,road_legal_address_exact,100.0,40.0,1,26500|좌수영로|192,26500|망미동|1136,standard,False,
26500,남천동,151,코오롱하늘채골든비치,코오롱하늘채골든비치,남천코오롱하늘채골든비치,A61381805,A61381805,road_legal_address_exact,100.0,90.9090909090909,1,26500|남천동로|41,26500|남천동|151,standard,False,
26500,광안동,1332,광안더샵,광안더샵,광안더샵아파트,A10026397,A10026397,road_address_exact,100.0,100.0,1,26500|수영로|506,26500|광안동|1332,standard,False,
26500,망미동,693-1,더샵파크리치,더샵파크리치,망미동the#파크리치,A61313002,A61313002,road_legal_address_exact,100.0,50.0,1,26500|연수로315번길|16,26500|망미동|693-1,standard,False,
26500,민락동,110-8,롯데캐슬자이언트,롯데캐슬자이언트,롯데캐슬자이안트아파트,A61377204,A61377204,road_legal_address_exact,100.0,87.5,1,26500|광안해변로|386,26500|민락동|110-8,standard,False,
26500,광안동,1330,쌍용예가디오션,쌍용예가디오션,광안쌍용예가디오션,A61310007,A61310007,road_legal_address_exact,100.0,87.5,1,26500|광안로|20,26500|광안동|1330,standard,False,
26500,민락동,336-48,민락동센텀메르빌,민락동센텀메르빌,경동센텀메르빌,A10028161,A10028161,road_legal_address_exact,100.0,80.0,1,26500|광안해변로|446,26500|민락동|336-48,standard,False,
26500,남천동,44-15,한성그린,한성그린,,,TRADE_C3BD18AB4DF6,unmatched,0.0,19.999999999999996,14,26500|수영로481번길|8,26500|남천동|44-15,standard,True,
26500,민락동,774,센텀비스타동원2차,센텀비스타동원2차,센텀비스타동원2차,A10027074,A10027074,road_legal_address_exact,100.0,100.0,1,26500|무학로63번길|142,26500|민락동|774,standard,False,
26500,민락동,778,센텀비스타동원,센텀비스타동원,센텀비스타동원아파트,A10026760,A10026760,road_legal_address_exact,100.0,100.0,1,26500|수영로|754,26500|민락동|778,standard,False,
26500,남천동,47-1,화목타운,화목타운,남천화목타운아파트,A61301001,A61301001,road_legal_address_exact,100.0,80.0,1,26500|수영로|481,26500|남천동|47-1,standard,False,
26500,망미동,443-1,디아이라뷰,디아이라뷰,,,TRADE_A7572C403F9C,unmatched,0.0,16.666666666666664,12,26500|망미배산로18번길|14,26500|망미동|443-1,standard,True,
26500,수영동,432-1,수영협성르네상스타운,수영협성르네상스타운,수영협성르네상스타운,A61383101,A61383101,road_legal_address_exact,100.0,100.0,1,26500|수영로741번길|46,26500|수영동|432-1,standard,False,
26500,광안동,526-1,광원,광원,광원아파트,A61375202,A61375202,road_legal_address_exact,100.0,100.0,1,26500|광일로|63,26500|광안동|526-1,standard,False,
26500,수영동,552,수영강동원로얄듀크,수영강동원로얄듀크,수영강동원로얄듀크,A61375703,A61375703,road_legal_address_exact,100.0,100.0,1,26500|수미로14번길|35,26500|수영동|552,standard,False,
26500,광안동,745-2,광안협성엠파이어,"광안협성엠파이어(103,105동)",광안협성엠파이어,A61380903,A61380903,dong_fuzzy,100.0,100.0,22,26500|장대골로19번길|31,26500|광안동|745-2,standard,False,
26500,남천동,323,엑슬루타워,엑슬루타워,남천엑슬루타워,A61370401,A61370401,road_legal_address_exact,100.0,83.33333333333334,1,26500|황령대로473번길|15,26500|남천동|323,standard,False,
26500,망미동,1159,망미이진캐스빌,망미이진캐스빌,망미이진캐스빌 아파트,A10026821,A10026821,road_legal_address_exact,100.0,100.0,1,26500|망미로30번길|51,26500|망미동|1159,standard,False,
26500,민락동,765,부산더샵센텀포레,부산더샵센텀포레,부산더샵센텀포레,A61377106,A61377106,road_address_exact,100.0,100.0,1,26500|수영로|776,26500|민락동|765,standard,False,
26500,남천동,171,우성보라,우성보라,남천우성보라아파트,A61381601,A61381601,road_legal_address_exact,100.0,80.0,1,26500|수영로408번길|54,26500|남천동|171,standard,False,
26500,남천동,148-22,삼익타워,삼익타워,남천자이아파트,A10023420,A10023420,road_address_exact,100.0,0.0,1,26500|남천동로|46,26500|남천동|148-22,standard,True,
26500,광안동,120-296,동신빌라트,동신빌라트(120-296),,,TRADE_4775B47FEF6F,unmatched,0.0,33.333333333333336,22,26500|수영로618번길|5,26500|광안동|120-296,standard,True,
26500,광안동,662-1,힐탑더블시티,힐탑더블시티,힐탑 더블시티,A10027941,A10027941,road_legal_address_exact,100.0,100.0,1,26500|수영로|641,26500|광안동|662-1,standard,False,
26500,남천동,558-2,반도보라맨션,반도보라맨션,,,TRADE_AB147927D1F4,unmatched,0.0,33.333333333333336,14,26500|광안해변로15번길|10,26500|남천동|558-2,standard,True,
26500,망미동,821-1,동방로얄,동방로얄,,,TRADE_3FA348EF6833,unmatched,0.0,30.76923076923077,12,26500|연수로288번길|7,26500|망미동|821-1,standard,True,
26500,광안동,182-4,태평양하이츠,태평양하이츠,태평양하이츠타운,A61380501,A61380501,road_legal_address_exact,100.0,85.71428571428572,1,26500|남천바다로21번길|51,26500|광안동|182-4,standard,False,
26500,망미동,881-90,필아트빌,필아트빌,,,TRADE_8067283146C8,unmatched,0.0,18.181818181818176,12,26500|망미배산로70번다길|14,26500|망미동|881-90,standard,True,
26500,망미동,820-1,동방,동방(1~5동),,,TRADE_10EFB3F67B59,unmatched,0.0,16.666666666666664,12,26500|연수로282번길|7,26500|망미동|820-1,standard,True,
26500,광안동,99-1,정원센텀뷰,정원센텀뷰,,,TRADE_32A42DEE0DAD,unmatched,0.0,28.57142857142857,22,26500|수영로652번길|6,26500|광안동|99-1,standard,True,
26500,광안동,744-6,광안부백자연애,광안부백자연애아파트,,,TRADE_BD026ECE31C4,unmatched,0.0,54.54545454545454,22,26500|수영로575번길|10,26500|광안동|744-6,standard,True,
26500,광안동,951-4,봉황맨션,봉황맨션,,,TRADE_51B5FB01AF6D,unmatched,0.0,15.384615384615385,22,26500|연수로392번길|72,26500|광안동|951-4,standard,True,
26500,망미동,941-1,로얄베스토피아,로얄베스토피아,망미로얄베스토피아아파트,A61376503,A61376503,road_legal_address_exact,100.0,87.5,1,26500|과정로85번길|70,26500|망미동|941-1,standard,False,
26500,남천동,10-2,금양아이파크,금양아이파크,,,TRADE_E25AAD295312,unmatched,0.0,40.0,14,26500|남천동로9번길|38,26500|남천동|10-2,standard,True,
26500,광안동,379-30,광안센텀스카이뷰,광안센텀스카이뷰,,,TRADE_F6FFD9298657,unmatched,0.0,50.0,22,26500|수영로|541-1,26500|광안동|379-30,standard,True,
26500,민락동,773,e편한세상광안비치,e편한세상광안비치,E편한세상 광안비치아파트,A10027253,A10027253,road_legal_address_exact,100.0,100.0,1,26500|민락수변로7번길|60,26500|민락동|773,standard,False,
26500,민락동,336-36,수영만아이파크,수영만아이파크,수영만아이파크,A61382701,A61382701,road_legal_address_exact,100.0,100.0,1,26500|광안해변로|448,26500|민락동|336-36,standard,False,
26500,남천동,23-3,광남,광남,,,TRADE_97A5FFA0C8F8,unmatched,0.0,33.333333333333336,14,26500|남천동로10번길|57,26500|남천동|23-3,standard,True,
26500,망미동,979-72,현대한누리,현대한누리,현대한누리아파트,A61376802,A61376802,road_legal_address_exact,100.0,100.0,1,26500|금련로43번길|32,26500|망미동|979-72,standard,False,
26500,광안동,540-4,동양맨션,동양맨션,,,TRADE_F27E6CF3F979,unmatched,0.0,19.999999999999996,22,26500|장대골로68번길|17,26500|광안동|540-4,standard,True,
26500,망미동,777,삼성,삼성,망미삼성아파트,A61313001,A61313001,road_legal_address_exact,100.0,66.66666666666667,1,26500|망미로30번길|23,26500|망미동|777,standard,False,
26500,남천동,556-4,대우포르투나,대우포르투나,,,TRADE_E400F58E1B46,unmatched,0.0,16.666666666666664,14,26500|황령대로|499,26500|남천동|556-4,standard,True,
26500,광안동,529,비치그린,비치-그린아파트,비치-그린아파트,A61375603,A61375603,road_legal_address_exact,100.0,100.0,1,26500|광일로|49,26500|광안동|529,standard,False,
26500,민락동,29-5,홍익라이프나동,홍익라이프나동,,,TRADE_36E9E9FB3855,unmatched,0.0,14.28571428571429,13,26500|광남로|251,26500|민락동|29-5,standard,True,
26500,민락동,266,광안현대하이페리온,광안현대하이페리온,광안현대하이페리온,A61382802,A61382802,road_legal_address_exact,100.0,100.0,1,26500|광남로223번길|31,26500|민락동|266,standard,False,
26500,광안동,108-2,광안화목5,광안화목5,,,TRADE_B7CC5C7AC211,unmatched,0.0,44.44444444444444,22,26500|감포로|33,26500|광안동|108-2,standard,True,
26500,수영동,457-2,동양맨션,동양맨션,,,TRADE_6567C1AFC76F,unmatched,0.0,15.384615384615385,3,26500|연수로379번길|5,26500|수영동|457-2,standard,True,
26500,광안동,545-22,광안리치빌b,광안리치빌B,,,TRADE_D629DC54FCFA,unmatched,0.0,50.0,22,26500|장대골로57번가길|12,26500|광안동|545-22,standard,True,
26500,광안동,142-6,광안협성엠파이어,광안협성엠파이어Ⅱ,광안협성엠파이어2차 아파트,A10021168,A10021168,road_legal_address_exact,100.0,88.88888888888889,1,26500|수영로588번길|7,26500|광안동|142-6,standard,False,
26500,민락동,113-23,진로비치,진로비치(101~103동),진로비치아파트,A61376903,A61376903,legal_address_main_name,100.0,100.0,2,26500|광안해변로294번길|7,26500|민락동|113-23,standard,False,
26500,남천동,3-15,봉황,봉황(3-15),,,TRADE_FA2382D96D4B,unmatched,0.0,0.0,14,26500|남천동로108번길|39,26500|남천동|3-15,standard,True,
26500,광안동,744-32,유림주상복합,유림주상복합,광안유림노르웨이아침 아파트,A61380904,A61380904,road_legal_address_exact,100.0,25.0,1,26500|장대골로7번길|45,26500|광안동|744-32,standard,False,
26500,광안동,645-1,라익,라익,,,TRADE_80767E487DAA,unmatched,0.0,0.0,22,26500|수영로611번길|34,26500|광안동|645-1,standard,True,
26500,수영동,445-4,해마루,해마루아파트,,,TRADE_D6E98E6A8BB2,unmatched,0.0,0.0,3,26500|수영로725번길|47,26500|수영동|445-4,standard,True,
26500,남천동,255,남천파크,남천파크,남천파크,A10022622,A10022622,road_legal_address_exact,100.0,100.0,1,26500|수영로384번길|7,26500|남천동|255,standard,False,
26500,광안동,567-31,파크블루v,파크블루V,,,TRADE_AB17523E84EE,unmatched,0.0,19.999999999999996,22,26500|장대골로|8-6,26500|광안동|567-31,standard,True,
26500,광안동,755-16,금양타워빌,금양타워빌,,,TRADE_597C163AF3B5,unmatched,0.0,30.76923076923077,22,26500|호암로25번길|27,26500|광안동|755-16,standard,True,
26500,광안동,1046-7,상아,상아,상아아파트,A61381101,A61381101,road_legal_address_exact,100.0,100.0,1,26500|광서로|54,26500|광안동|1046-7,standard,False,
26500,광안동,774-8,광안예서더불어,광안예서더불어,광안예서더불어아파트,A10021462,A10021462,road_legal_address_exact,100.0,100.0,1,26500|호암로9번길|7,26500|광안동|774-8,standard,False,
26500,남천동,490,남천동원로얄듀크,남천동원로얄듀크,남천동원로얄듀크,A61381602,A61381602,road_legal_address_exact,100.0,100.0,1,26500|황령대로|431,26500|남천동|490,standard,False,
26500,광안동,378-6,누원아트빌,누원아트빌,,,TRADE_949398D5356C,unmatched,0.0,30.76923076923077,22,26500|수영로545번가길|14-3,26500|광안동|378-6,standard,True,
26500,남천동,3-5,협진태양,협진태양,남천협진태양아파트,A61376401,A61376401,road_legal_address_exact,100.0,80.0,1,26500|광안해변로|141,26500|남천동|3-5,standard,False,
26500,민락동,113-21,진로비치,"진로비치(201,202동)",진로비치아파트,A61376903,A61376903,legal_address_exact,100.0,100.0,1,26500|광안해변로312번길|11,26500|민락동|113-21,standard,False,
26530,괘법동,519-1,사상강변동원,사상강변동원,사상강변동원아파트,A61780802,A61780802,road_legal_address_exact,100.0,100.0,1,26530|낙동대로1210번길|34,26530|괘법동|519-1,standard,False,
26530,덕포동,793,덕포경동메르빌,덕포경동메르빌,덕포경동메르빌,A61777903,A61777903,road_legal_address_exact,100.0,100.0,1,26530|덕상로|8-37,26530|덕포동|793,standard,False,
26530,괘법동,509-6,사상샬레,사상샬레,사상샬레,A10027329,A10027329,road_legal_address_exact,100.0,100.0,1,26530|광장로104번길|37,26530|괘법동|509-6,standard,False,
26530,학장동,168-8,구학마을,구학마을,구학마을아파트,A61784213,A61784213,legal_address_exact,100.0,100.0,1,26530|학감대로49번길|15,26530|학장동|168-8,standard,False,
26530,학장동,858,학장동삼정그린코아,학장동삼정그린코아아파트,학장삼정그린코아,A61777411,A61777411,road_legal_address_exact,100.0,94.11764705882352,1,26530|학감대로123번길|67,26530|학장동|858,standard,False,
26530,주례동,10-21,반도보라,반도보라,주례반도보라매머드아파트,A61776104,A61776104,road_legal_address_exact,100.0,61.53846153846154,1,26530|백양대로|372-22,26530|주례동|10-21,standard,False,
26530,학장동,571-3,신구덕우성,신구덕우성,신구덕우성,A61784208,A61784208,road_legal_address_exact,100.0,100.0,1,26530|학감대로|109-16,26530|학장동|571-3,standard,False,
26530,덕포동,789,남영,남영,덕포남영아파트,A61781201,A61781201,road_legal_address_exact,100.0,66.66666666666667,1,26530|백양대로|716,26530|덕포동|789,standard,False,
26530,주례동,595-4,럭키주례2,럭키주례2,주례럭키아파트,A61776303,A61776303,road_address_exact,100.0,44.44444444444444,1,26530|가야대로284번길|12,26530|주례동|595-4,standard,False,
26530,괘법동,516-3,괘법한신2,괘법한신2,괘법2차한신아파트,A61776003,A61776003,road_legal_address_exact,100.0,72.72727272727273,1,26530|낙동대로1210번길|33,26530|괘법동|516-3,standard,False,
26530,주례동,595,럭키주례1,럭키주례1,주례럭키아파트,A61776303,A61776303,road_legal_address_exact,100.0,44.44444444444444,1,26530|가야대로284번길|12,26530|주례동|595,standard,False,
26530,모라동,334,삼정그린코아,삼정그린코아,모라삼정그린코아아파트,A61781804,A61781804,road_legal_address_exact,100.0,85.71428571428572,1,26530|백양대로934번길|20,26530|모라동|334,standard,False,
26530,엄궁동,680-1,코오롱,코오롱,엄궁코오롱아파트,A61776811,A61776811,road_legal_address_exact,100.0,75.0,1,26530|엄궁로|142,26530|엄궁동|680-1,standard,False,
26530,주례동,939,주례1차동일,주례1차동일,주례동일1차아파트,A61783607,A61783607,road_legal_address_exact,100.0,66.66666666666667,1,26530|백양대로494번길|10,26530|주례동|939,standard,False,
26530,학장동,167-3,학장대림,학장대림,구덕대림,A61777409,A61777409,legal_address_exact,100.0,50.0,1,26530|학감대로49번길|57,26530|학장동|167-3,standard,False,
26530,주례동,316,대성,대성,주례대성,A61783606,A61783606,road_legal_address_exact,100.0,66.66666666666667,1,26530|양지로|3,26530|주례동|316,standard,False,
26530,덕포동,213-1,금잔디,금잔디,,,TRADE_CDDF02EDD886,unmatched,0.0,0.0,13,26530|사상로310번길|80-11,26530|덕포동|213-1,standard,True,
26530,엄궁동,1,무학다솜,무학다솜,무학다솜타운,A61782804,A61782804,road_legal_address_exact,100.0,80.0,1,26530|대동로64번길|22,26530|엄궁동|1,standard,False,
26530,학장동,573-1,반도보라타운,반도보라타운,학장반도보라타운,A61777312,A61777312,road_legal_address_exact,100.0,85.71428571428572,1,26530|대동로|98,26530|학장동|573-1,standard,False,
26530,덕포동,386-3,덕포동벽산블루밍,덕포동벽산블루밍,덕포벽산블루밍,A61704002,A61704002,road_legal_address_exact,100.0,93.33333333333333,1,26530|사상로342번길|39,26530|덕포동|386-3,standard,False,
26530,모라동,1361,모라동원타운,모라동원타운,모라동원타운,A61781807,A61781807,road_legal_address_exact,100.0,100.0,1,26530|백양대로|879,26530|모라동|1361,standard,False,
26530,덕포동,51,오양힐타운,오양힐타운,오양힐타운아파트,A61781102,A61781102,road_legal_address_exact,100.0,100.0,1,26530|덕상로|8-35,26530|덕포동|51,standard,False,
26530,주례동,955-2,주례청구,주례청구,주례청구아파트,A61778608,A61778608,road_legal_address_exact,100.0,100.0,1,26530|백양대로494번길|38,26530|주례동|955-2,standard,False,
26530,덕포동,761-1,자유,자유,덕포자유아파트,A61781005,A61781005,road_legal_address_exact,100.0,66.66666666666667,1,26530|백양대로|820,26530|덕포동|761-1,standard,False,
26530,모라동,552,백양그린,백양그린,모라백양그린아파트,A61775202,A61775202,road_legal_address_exact,100.0,80.0,1,26530|모라로110번길|88,26530|모라동|552,standard,False,
26530,삼락동,418-8,동양한신,동양한신,동양한신아파트,A61778201,A61778201,road_legal_address_exact,100.0,100.0,1,26530|운산로|25,26530|삼락동|418-8,standard,False,
26530,모라동,1380,사상구남역동원로얄듀크,사상구남역동원로얄듀크,구남역동원로얄듀크,A10025647,A10025647,road_address_exact,100.0,90.0,1,26530|백양대로934번길|94,26530|모라동|1380,standard,False,
26530,엄궁동,680-2,쌍용스윗닷홈,쌍용스윗닷홈,엄궁쌍용스윗닷홈,A61778507,A61778507,road_legal_address_exact,100.0,85.71428571428572,1,26530|엄궁로|100,26530|엄궁동|680-2,standard,False,
26530,모라동,1366-1,무학,무학,모라무학아파트,A61781801,A61781801,road_legal_address_exact,100.0,66.66666666666667,1,26530|백양대로|846,26530|모라동|1366-1,standard,False,
26530,학장동,168,학장벽산,학장벽산,학장벽산아파트,A61777105,A61777105,road_legal_address_exact,100.0,100.0,1,26530|학감대로|105-21,26530|학장동|168,standard,False,
26530,엄궁동,225-1,신엄궁대동,신엄궁대동,신엄궁대동아파트,A61703003,A61703003,road_legal_address_exact,100.0,100.0,1,26530|엄궁남로|43,26530|엄궁동|225-1,standard,False,
26530,주례동,3-32,주례한효,주례한효,주례한효아파트,A61783201,A61783201,road_legal_address_exact,100.0,100.0,1,26530|백양대로342번길|50,26530|주례동|3-32,standard,False,
26530,엄궁동,567-6,섬진4차,섬진4차,,,TRADE_4C9788CC6D37,unmatched,0.0,19.999999999999996,12,26530|엄궁로|206,26530|엄궁동|567-6,standard,True,
26530,주례동,55-139,경동윈츠빌,경동윈츠빌,주례경동윈츠빌아파트,A61770101,A61770101,road_legal_address_exact,100.0,83.33333333333334,1,26530|냉정로|120,26530|주례동|55-139,standard,False,
26530,주례동,83-1,일산맨션,일산맨션,,,TRADE_DB0042AE5217,unmatched,0.0,50.0,23,26530|진사로36번길|9,26530|주례동|83-1,standard,True,
26530,주례동,10-26,고려아펠리아,고려아펠리아,,,TRADE_5299EF9F506F,unmatched,0.0,16.666666666666664,23,26530|백양대로|366,26530|주례동|10-26,standard,True,
26530,괘법동,524-17,천아하늘정원,천아하늘정원,,,TRADE_060B93359D1A,unmatched,0.0,16.666666666666664,11,26530|사상로243번길|7,26530|괘법동|524-17,standard,True,
26530,주례동,92-2,태원,태원,,,TRADE_89508EA9C1BB,unmatched,0.0,19.999999999999996,23,26530|가야대로330번길|25,26530|주례동|92-2,standard,True,
26530,괘법동,553-4,리치플러스,리치플러스,,,TRADE_759D986860B5,unmatched,0.0,28.57142857142857,11,26530|사상로|166,26530|괘법동|553-4,standard,True,
26530,모라동,203,모라벽산,모라벽산,모라벽산아파트,A61781805,A61781805,road_legal_address_exact,100.0,100.0,1,26530|백양대로934번길|84,26530|모라동|203,standard,False,
26530,모라동,75,주공4,주공4,백양푸른숲입주자대표회의,A61775401,A61775401,road_legal_address_exact,100.0,13.33333333333333,1,26530|모라로192번길|50,26530|모라동|75,standard,False,
26530,엄궁동,726,롯데캐슬,롯데캐슬,엄궁롯데캐슬리버아파트,A61776509,A61776509,legal_address_exact,100.0,66.66666666666667,1,26530|엄궁북로|61,26530|엄궁동|726,standard,False,
26530,괘법동,523-4,굿모닝뷰,굿모닝뷰,,,TRADE_18C40A96CCBE,unmatched,0.0,0.0,11,26530|낙동대로1210번길|84,26530|괘법동|523-4,standard,True,
26530,덕포동,198,유원,유원,덕포유원아파트,A10021442,A10021442,road_legal_address_exact,100.0,66.66666666666667,1,26530|사상로310번길|54,26530|덕포동|198,standard,False,
26530,주례동,279,동유네이처하우스,동유네이처하우스,,,TRADE_78CBEC439137,unmatched,0.0,25.0,23,26530|양지로42번길|71,26530|주례동|279,standard,True,
26530,덕포동,191-2,대하덕포,대하덕포(1호동),,,TRADE_B4A37176D203,unmatched,0.0,50.0,13,26530|사상로310번길|88,26530|덕포동|191-2,standard,True,
26530,모라동,1362,우신모라,우신모라,우신모라아파트,A61781808,A61781808,road_legal_address_exact,100.0,100.0,1,26530|백양대로|880,26530|모라동|1362,standard,False,
26530,엄궁동,25-110,엄궁럭키,엄궁럭키,엄궁럭키아파트,A61778405,A61778405,road_legal_address_exact,100.0,100.0,1,26530|대동로|34-25,26530|엄궁동|25-110,standard,False,
26530,주례동,239,한일유엔아이,한일유엔아이,주례한일유앤아이아파트,A61701002,A61701002,road_legal_address_exact,100.0,71.42857142857143,1,26530|백양대로|372-15,26530|주례동|239,standard,False,
26530,주례동,10-4,엘지신주례2,엘지신주례2,신주례2차LG아파트,A61783202,A61783202,road_legal_address_exact,100.0,61.53846153846154,1,26530|백양대로342번길|17,26530|주례동|10-4,standard,False,
26530,괘법동,273-4,세진,세진,,,TRADE_4DA157D8BAC3,unmatched,0.0,0.0,11,26530|광장로87번길|59,26530|괘법동|273-4,standard,True,
26530,주례동,3-16,엘지신주례1,엘지신주례1,LG신주례1단지아파트,A61783203,A61783203,road_legal_address_exact,100.0,57.14285714285714,1,26530|백양대로342번길|16,26530|주례동|3-16,standard,False,
26530,주례동,221-1,주례센텀,주례센텀,,,TRADE_267D4BA3D658,unmatched,0.0,50.0,23,26530|백양대로|372-37,26530|주례동|221-1,standard,True,
26530,학장동,571-4,학장극동,학장극동,학장극동,A61777502,A61777502,road_legal_address_exact,100.0,100.0,1,26530|학감대로|109-43,26530|학장동|571-4,standard,False,
26530,엄궁동,669-2,엄궁대림,엄궁대림,엄궁대림아파트,A61776508,A61776508,road_legal_address_exact,100.0,100.0,1,26530|엄궁로|158,26530|엄궁동|669-2,standard,False,
26530,모라동,1357,우성,우성,우성아파트,A61775706,A61775706,road_legal_address_exact,100.0,100.0,1,26530|백양대로|906,26530|모라동|1357,standard,False,
26530,주례동,616-4,주례벽산,주례벽산,주례벽산아파트,A61783801,A61783801,road_legal_address_exact,100.0,100.0,1,26530|주례로139번길|8,26530|주례동|616-4,standard,False,
26530,괘법동,542-15,아이더블유타워,아이더블유타워,,,TRADE_16929FA978E4,unmatched,0.0,15.384615384615385,11,26530|광장로97번길|7,26530|괘법동|542-15,standard,True,
26530,학장동,574-111,1차삼성,1차삼성,학장1차삼성,A61777803,A61777803,road_legal_address_exact,100.0,80.0,1,26530|대동로|148-29,26530|학장동|574-111,standard,False,
26530,괘법동,548-7,강일프라임빌,강일프라임빌,,,TRADE_0DA8B406E506,unmatched,0.0,16.666666666666664,11,26530|광장로|96-8,26530|괘법동|548-7,standard,True,
26530,괘법동,523-10,일루스타,일루스타,,,TRADE_0F733E1F7304,unmatched,0.0,36.36363636363637,11,26530|낙동대로1210번길|94,26530|괘법동|523-10,standard,True,
26530,엄궁동,683-3,엄궁2차한신,엄궁2차한신,엄궁한신2차아파트,A61776710,A61776710,road_legal_address_exact,100.0,66.66666666666667,1,26530|엄궁로|40,26530|엄궁동|683-3,standard,False,
26530,학장동,819,금강,금강,학장금강,A61776907,A61776907,road_legal_address_exact,100.0,66.66666666666667,1,26530|대동로64번길|25,26530|학장동|819,standard,False,
26530,학장동,574-82,목화,목화,학장목화,A61777711,A61777711,road_legal_address_exact,100.0,66.66666666666667,1,26530|대동로|104-8,26530|학장동|574-82,standard,False,
26530,주례동,80-142,광우파크,광우파크,,,TRADE_9AA930034D07,unmatched,0.0,18.181818181818176,23,26530|가야대로366번길|104,26530|주례동|80-142,standard,True,
26530,엄궁동,35-1,엄궁,엄궁,엄궁아파트,A61778306,A61778306,road_address_exact,100.0,100.0,1,26530|엄궁로|202,26530|엄궁동|35-1,standard,False,
26530,학장동,574-23,정남파크맨션,정남파크맨션,,,TRADE_56DE71E3955A,unmatched,0.0,25.0,17,26530|대동로140번길|26,26530|학장동|574-23,standard,True,
26530,덕포동,58,덕포청구,덕포청구,덕포청구아파트,A61777902,A61777902,road_legal_address_exact,100.0,100.0,1,26530|백양대로700번길|23,26530|덕포동|58,standard,False,
26530,덕포동,386-1,덕포늘푸른,덕포늘푸른,벽산늘푸른아파트,A61778004,A61778004,road_legal_address_exact,100.0,60.0,1,26530|사상로342번길|21,26530|덕포동|386-1,standard,False,
26530,주례동,55-4,송림주택,송림주택,,,TRADE_E9C91380940C,unmatched,0.0,25.0,23,26530|가야대로378번길|46,26530|주례동|55-4,standard,True,
26530,덕포동,762,부원파크타운,부원파크타운,부원파크타운,A61781003,A61781003,road_legal_address_exact,100.0,100.0,1,26530|백양대로804번길|31,26530|덕포동|762,standard,False,
26710,정관읍모전리,728,동일스위트3차,동일스위트3차,정관동일스위트3차,A61996114,A61996114,road_legal_address_exact,100.0,87.5,1,26710|모전1길|9,26710|정관읍모전리|728,standard,False,
26710,정관읍달산리,1207,정관1차동원로얄듀크,정관1차동원로얄듀크,정관1차동원로얄듀크,A61996108,A61996108,road_legal_address_exact,100.0,100.0,1,26710|산단4로|139,26710|정관읍달산리|1207,standard,False,
26710,정관읍매학리,723,정관2차동원로얄듀크,정관2차동원로얄듀크,정관동원로얄듀크2차,A61996111,A61996111,road_legal_address_exact,100.0,80.0,1,26710|정관5로|12,26710|정관읍매학리|723,standard,False,
26710,정관읍용수리,1403,정관신도시한진해모로,정관신도시한진해모로,정관한진해모로,A61996306,A61996306,road_legal_address_exact,100.0,82.35294117647058,1,26710|정관로|548,26710|정관읍용수리|1403,standard,False,
26710,기장읍교리,2,이진캐스빌블루1차,이진캐스빌블루1차,이진캐스빌블루1차,A61990108,A61990108,road_legal_address_exact,100.0,100.0,1,26710|차성로|461,26710|기장읍교리|2,standard,False,
26710,정관읍달산리,139,재흥,재흥,,,TRADE_742EAD55D903,unmatched,0.0,0.0,5,26710|정관로|750-24,26710|정관읍달산리|139,standard,True,
26710,기장읍청강리,144,우신네오빌,우신네오빌,우신네오빌아파트,A61970210,A61970210,road_legal_address_exact,100.0,100.0,1,26710|청강로|76,26710|기장읍청강리|144,standard,False,
26710,정관읍모전리,723,이지더원,이지더원,정관신도시이지더원1차,A61990110,A61990110,road_legal_address_exact,100.0,53.333333333333336,1,26710|정관1로|18,26710|정관읍모전리|723,standard,False,
26710,기장읍청강리,227,덕주빌라,덕주빌라,,,TRADE_6FFB81FAD66A,unmatched,0.0,22.22222222222222,7,26710|청강로|23,26710|기장읍청강리|227,standard,True,
26710,정관읍방곡리,385,서희스타힐스,서희스타힐스,서희스타힐스,A61996104,A61996104,road_legal_address_exact,100.0,100.0,1,26710|방곡3로|11,26710|정관읍방곡리|385,standard,False,
26710,정관읍달산리,1199,정관센트럴파크,정관센트럴파크,정관센트럴파크,A61996102,A61996102,road_legal_address_exact,100.0,100.0,1,26710|구연방곡로|10,26710|정관읍달산리|1199,standard,False,
26710,정관읍용수리,1387,정관동일스위트1차,정관동일스위트1차,정관동일스위트1차,A61996107,A61996107,road_legal_address_exact,100.0,100.0,1,26710|정관4로|24,26710|정관읍용수리|1387,standard,False,
26710,기장읍교리,367-1,이진캐스빌블루2차,이진캐스빌블루2차,이진캐스빌블루2차,A61990109,A61990109,road_legal_address_exact,100.0,100.0,1,26710|차성로|452,26710|기장읍교리|367-1,standard,False,
26710,기장읍대라리,92-2,기장에코하임6차,기장에코하임6차,,,TRADE_910E67BAB592,unmatched,0.0,28.57142857142857,4,26710|차성남로89번길|9,26710|기장읍대라리|92-2,standard,True,
26710,기장읍서부리,402,이진테마빌,이진테마빌,이진테마빌,A61990508,A61990508,legal_address_exact,100.0,100.0,1,26710|배산로8번길|65,26710|기장읍서부리|402,standard,False,
26710,정관읍방곡리,407,정관가화만사성더테라스1차,정관가화만사성더테라스1차,가화만사성더테라스아파트,A10026735,A10026735,road_legal_address_exact,100.0,81.81818181818181,1,26710|구연방곡로|120,26710|정관읍방곡리|407,standard,False,
26710,기장읍동부리,364-2,부산기장포스코더샵,부산기장포스코더샵,기장포스코더샵아파트,A10023411,A10023411,legal_address_exact,100.0,87.5,1,26710|차성동로116번길|12,26710|기장읍동부리|364-2,standard,False,
26710,정관읍모전리,730,이지더원3차,이지더원3차,정관이지더원3차아파트,A10028081,A10028081,legal_address_exact,100.0,85.71428571428572,1,26710|정관로|350,26710|정관읍모전리|730,standard,False,
26710,기장읍대라리,94-8,에코하임기장,에코하임기장,,,TRADE_EEDD993DA835,unmatched,0.0,33.333333333333336,4,26710|차성남로89번길|4,26710|기장읍대라리|94-8,standard,True,
26710,정관읍모전리,776,정관동일스위트2차,정관동일스위트2차,정관동일스위트2차,A61996110,A61996110,road_legal_address_exact,100.0,100.0,1,26710|정관3로|23,26710|정관읍모전리|776,standard,False,
26710,기장읍교리,343-1,가화만사성,가화만사성,가화만사성아파트,A10021257,A10021257,road_legal_address_exact,100.0,100.0,1,26710|차성동로|167-10,26710|기장읍교리|343-1,standard,False,
26710,기장읍교리,268,부전타워,부전타워,,,TRADE_E47CA44F8C21,unmatched,0.0,19.999999999999996,7,26710|차성로436번길|28,26710|기장읍교리|268,standard,True,
26710,기장읍교리,14-5,태영,태영,기장태영아파트,A61990106,A61990106,road_legal_address_exact,100.0,66.66666666666667,1,26710|차성로441번길|7,26710|기장읍교리|14-5,standard,False,
26710,기장읍동부리,133-8,대진로얄,대진로얄,대진로얄아파트,A10021454,A10021454,road_legal_address_exact,100.0,100.0,1,26710|차성로326번길|9,26710|기장읍동부리|133-8,standard,False,
26710,정관읍모전리,759,정관롯데캐슬2차,정관롯데캐슬2차,정관롯데캐슬2차,A61996109,A61996109,road_legal_address_exact,100.0,100.0,1,26710|정관3로|51,26710|정관읍모전리|759,standard,False,
26710,정관읍모전리,735,이지더원2차,이지더원2차,EGthe12차,A61996106,A61996106,road_legal_address_exact,100.0,28.57142857142857,1,26710|정관2로|9,26710|정관읍모전리|735,standard,False,
26710,기장읍청강리,258,씨앤스타빌,씨앤스타빌,씨앤스타빌,A10028090,A10028090,road_legal_address_exact,100.0,100.0,1,26710|기장대로|470,26710|기장읍청강리|258,standard,False,
26710,기장읍동부리,151-5,한신,한신,기장한신그린코아아파트,A61990514,A61990514,road_legal_address_exact,100.0,40.0,1,26710|차성로344번길|13,26710|기장읍동부리|151-5,standard,False,
26710,기장읍내리,792,동부산관광단지삼정그린코아더베스트,동부산관광단지삼정그린코아더베스트,동부산 삼정그린코아 더베스트,A10026865,A10026865,road_legal_address_exact,100.0,86.66666666666667,1,26710|기장대로|82-8,26710|기장읍내리|792,standard,False,
26710,정관읍모전리,755,정관현진에버빌,정관현진에버빌,정관신도시현진아파트,A61996204,A61996204,road_legal_address_exact,100.0,57.14285714285714,1,26710|정관2로|40,26710|정관읍모전리|755,standard,False,
26710,기장읍대라리,408-2,더테라스,더테라스,,,TRADE_ABE7E7C346CF,unmatched,0.0,22.22222222222222,4,26710|차성남로51번길|1-1,26710|기장읍대라리|408-2,standard,True,
26710,기장읍대라리,128-11,대라주공,대라주공,,,TRADE_CF2C5194F1D6,unmatched,0.0,0.0,4,26710|대청로35번길|49,26710|기장읍대라리|128-11,standard,True,
26710,기장읍교리,65,문화그린맨션,문화그린맨션,기장문화그린맨션,A61990105,A61990105,road_legal_address_exact,100.0,85.71428571428572,1,26710|차성로417번길|21,26710|기장읍교리|65,standard,False,
26710,기장읍대라리,269-6,팰리스빌1,팰리스빌1,,,TRADE_D6495F91ED15,unmatched,0.0,40.0,4,26710|대청로|51,26710|기장읍대라리|269-6,standard,True,
26710,일광읍이천리,921-1,가화일광타워,가화일광타워,가화일광타워,A61991101,A61991101,road_legal_address_exact,100.0,100.0,1,26710|이천10길|37,26710|일광읍이천리|921-1,standard,False,
26710,정관읍용수리,1364,정관신도시롯데캐슬,정관신도시롯데캐슬,정관신도시롯데캐슬,A61996005,A61996005,road_legal_address_exact,100.0,100.0,1,26710|정관3로|52,26710|정관읍용수리|1364,standard,False,
26710,정관읍용수리,1330,정관신도시계룡리슈빌,정관신도시계룡리슈빌,정관계룡리슈빌,A61996302,A61996302,road_legal_address_exact,100.0,82.35294117647058,1,26710|정관로|513,26710|정관읍용수리|1330,standard,False,
26710,정관읍방곡리,378,부산정관지구이지더원5차,부산정관지구이지더원5차아파트,정관이지더원5차아파트,A10027769,A10027769,road_legal_address_exact,100.0,80.0,1,26710|방곡로|29,26710|정관읍방곡리|378,standard,False,
26710,정관읍용수리,1322,정관신동아파밀리에,정관신동아파밀리에,정관신도시 신동아파밀리에,A61996303,A61996303,road_legal_address_exact,100.0,85.71428571428572,1,26710|정관5로|75,26710|정관읍용수리|1322,standard,False,
26710,기장읍청강리,333,청강주공,청강주공,기장2주공아파트,A61990609,A61990609,road_legal_address_exact,100.0,44.44444444444444,1,26710|청강로|6,26710|기장읍청강리|333,standard,False,
26710,정관읍용수리,1336,이진캐스빌,이진캐스빌,정관이진캐스빌,A61996115,A61996115,road_legal_address_exact,100.0,83.33333333333334,1,26710|정관로|545,26710|정관읍용수리|1336,standard,False,
26710,기장읍동부리,509,삼화펠리스힐,삼화펠리스힐아파트,,,TRADE_5EFDA414ADC1,unmatched,0.0,16.666666666666664,4,26710|배산로68번길|16-7,26710|기장읍동부리|509,standard,True,
26710,정관읍매학리,41,형진강변프라자,형진강변프라자,,,TRADE_C2DE78D175B7,unmatched,0.0,0.0,1,26710|정관중앙로|83-13,26710|정관읍매학리|41,standard,True,
26710,기장읍대라리,85,동부산렉슬,동부산렉슬,,,TRADE_46FCDB93D734,unmatched,0.0,0.0,4,26710|차성동로45번길|1,26710|기장읍대라리|85,standard,True,
26710,철마면고촌리,684,고촌센트럴,고촌센트럴아파트,고촌센트럴아파트,A61987102,A61987102,road_legal_address_exact,100.0,100.0,1,26710|고촌로|11,26710|철마면고촌리|684,standard,False,
26710,기장읍대라리,33-9,삼협아띠랑스,삼협아띠랑스,,,TRADE_81CEDBCB66AE,unmatched,0.0,18.181818181818176,4,26710|차성남로89번길|16,26710|기장읍대라리|33-9,standard,True,
26710,정관읍용수리,1279,정관이진캐스빌2차,정관이진캐스빌2차,정관이진캐스빌2차아파트,A10026858,A10026858,road_legal_address_exact,100.0,100.0,1,26710|가동3로|19,26710|정관읍용수리|1279,standard,False,
26710,기장읍교리,251-3,성신목화,성신목화,,,TRADE_696A49BD4A6E,unmatched,0.0,22.22222222222222,7,26710|차성로|442,26710|기장읍교리|251-3,standard,True,
26710,기장읍대라리,126-2,담덕기장센텀,담덕기장센텀,,,TRADE_5B91076FA799,unmatched,0.0,33.333333333333336,4,26710|차성동로45번길|31,26710|기장읍대라리|126-2,standard,True,
48250,부원동,1043,부원역푸르지오,부원역푸르지오,부원역푸르지오,A62178101,A62178101,road_legal_address_exact,100.0,100.0,1,48250|김해대로|2326,48250|부원동|1043,strict_full_lot,False,
48250,주촌면선지리,1476,김해센텀q시티,김해 센텀Q시티,,,TRADE_95663F31BCCD,unmatched,0.0,0.0,0,48250|선지로|85,48250|주촌면선지리|1476,strict_full_lot,True,
48250,내동,1130,내외대우,내외대우,대우그린,A62190505,A62190505,road_legal_address_exact,100.0,50.0,1,48250|내외중앙로|121,48250|내동|1130,strict_full_lot,False,
48250,외동,883,일동한신,일동한신,일동한신,A62177715,A62177715,road_legal_address_exact,100.0,100.0,1,48250|분성로|14,48250|외동|883,strict_full_lot,False,
48250,외동,1249-4,한국2,한국2,한국2차,A62175616,A62175616,road_legal_address_exact,100.0,85.71428571428572,1,48250|분성로|155,48250|외동|1249-4,strict_full_lot,False,
48250,외동,7,동아그린,동아그린,동아그린,A62191901,A62191901,road_legal_address_exact,100.0,100.0,1,48250|전하로|251,48250|외동|7,strict_full_lot,False,
48250,주촌면천곡리,1531,김해센텀두산위브더제니스,김해센텀두산위브더제니스,김해센텀 두산위브더제니스,A10025625,A10025625,road_legal_address_exact,100.0,100.0,1,48250|천곡로|26,48250|주촌면천곡리|1531,strict_full_lot,False,
48250,구산동,257,광남백조,광남백조,광남백조,A62106010,A62106010,road_legal_address_exact,100.0,100.0,1,48250|가락로|223,48250|구산동|257,strict_full_lot,False,
48250,부곡동,801-6,월산마을3단지부영12차,월산마을3단지부영12차,월산마을3단지부영,A62183171,A62183171,road_legal_address_exact,100.0,85.71428571428572,1,48250|월산로|142,48250|부곡동|801-6,strict_full_lot,False,
48250,장유동,847,율하자이힐스테이트,율하자이힐스테이트,,,TRADE_2336C2877F52,unmatched,0.0,0.0,0,48250|율하6로|17,48250|장유동|847,strict_full_lot,True,
48250,삼계동,1439-4,화정마을부영1차,화정마을부영1차,화정마을5단지(북부부영1차),A62107005,A62107005,road_legal_address_exact,100.0,53.333333333333336,1,48250|해반천로168번길|7,48250|삼계동|1439-4,strict_full_lot,False,
48250,부곡동,1167,석봉마을4단지부영,석봉마을4단지부영아파트,석봉마을4단지 부영아파트,A62183158,A62183158,road_legal_address_exact,100.0,100.0,1,48250|능동로|117,48250|부곡동|1167,strict_full_lot,False,
48250,외동,550,쌍용스윗닷홈,쌍용스윗닷홈,쌍용스윗닷홈,A62191906,A62191906,road_legal_address_exact,100.0,100.0,1,48250|분성로134번길|7,48250|외동|550,strict_full_lot,False,
48250,구산동,256,시영,시영,구산시영,A62190006,A62190006,road_legal_address_exact,100.0,66.66666666666667,1,48250|가락로|237,48250|구산동|256,strict_full_lot,False,
48250,삼계동,301-4,을지뷰어빌101동,을지뷰어빌101동,,,TRADE_944879966762,unmatched,0.0,0.0,0,48250|김해대로|1830-1,48250|삼계동|301-4,strict_full_lot,True,
48250,외동,1249-7,성원,성원,성원아파트,A62175408,A62175408,road_legal_address_exact,100.0,100.0,1,48250|우암로|8,48250|외동|1249-7,strict_full_lot,False,
48250,안동,333,한일,한일,안동한일아파트,A62177304,A62177304,road_legal_address_exact,100.0,66.66666666666667,1,48250|삼안로111번길|12,48250|안동|333,strict_full_lot,False,
48250,봉황동,459-2,광남백조맨션,광남백조맨션(2동),,,TRADE_235684B9DC07,unmatched,0.0,0.0,0,48250|가야의길|92-18,48250|봉황동|459-2,strict_full_lot,True,
48250,외동,1250-1,뜨란채,뜨란채,뜨란채아파트,A62191912,A62191912,road_legal_address_exact,100.0,100.0,1,48250|우암로|36,48250|외동|1250-1,strict_full_lot,False,
48250,장유동,849,원메이저푸르지오,원메이저푸르지오,원메이저푸르지오아파트,A10025782,A10025782,road_legal_address_exact,100.0,100.0,1,48250|율하로|479,48250|장유동|849,strict_full_lot,False,
48250,장유동,846,원메이저자이,원메이저자이,율하 원메이저 자이,A10025839,A10025839,road_legal_address_exact,100.0,85.71428571428572,1,48250|율하6로|18,48250|장유동|846,strict_full_lot,False,
48250,율하동,1317,율상마을모아미래도6단지,율상마을모아미래도6단지,율상마을모아미래도6단지,A62183170,A62183170,road_legal_address_exact,100.0,100.0,1,48250|율하1로|90,48250|율하동|1317,strict_full_lot,False,
48250,관동동,452-1,팔판마을1단지부영이그린타운,팔판마을1단지부영이그린타운,팔판마을1단지부영e그린타운아파트,A62183154,A62183154,road_legal_address_exact,100.0,92.85714285714286,1,48250|덕정로|108,48250|관동동|452-1,strict_full_lot,False,
48250,관동동,1051,율곡마을세영리첼,율곡마을세영리첼,율곡마을세영리첼,A62183118,A62183118,road_legal_address_exact,100.0,100.0,1,48250|덕정로|187,48250|관동동|1051,strict_full_lot,False,
48250,부곡동,1162,석봉마을6단지대동4,석봉마을6단지대동4,석봉마을6단지대동,A62172128,A62172128,road_legal_address_exact,100.0,94.73684210526316,1,48250|월산로|26,48250|부곡동|1162,strict_full_lot,False,
48250,구산동,410,구산4주공,구산4주공,김해구산4주공,A62190004,A62190004,road_legal_address_exact_name,83.33333333333334,83.33333333333334,2,48250|가락로294번길|7,48250|구산동|410,strict_full_lot,True,
48250,대청동,319-5,갑오마을9단지푸르지오,갑오마을9단지푸르지오,갑오마을9단지푸르지오,A62183109,A62183109,road_legal_address_exact,100.0,100.0,1,48250|반룡로|65,48250|대청동|319-5,strict_full_lot,False,
48250,진영읍진영리,1690,중흥에스클래스에코시티,중흥에스-클래스에코시티,진영중흥S-클래스에코시티아파트,A10025656,A10025656,road_legal_address_exact,100.0,78.26086956521739,1,48250|진산대로|59,48250|진영읍진영리|1690,strict_full_lot,False,
48250,내동,121-3,한진그룹사원임대,한진그룹사원임대,김해한진아파트,A62176007,A62176007,road_legal_address_exact,100.0,33.333333333333336,1,48250|평전로|219,48250|내동|121-3,strict_full_lot,False,
48250,장유동,873,원메이저힐스테이트,원메이저힐스테이트,원메이저 힐스테이트,A10025831,A10025831,road_legal_address_exact,100.0,100.0,1,48250|율하5로|99,48250|장유동|873,strict_full_lot,False,
48250,삼방동,691-2,한일,한일,삼방한일,A62177203,A62177203,road_legal_address_exact,100.0,66.66666666666667,1,48250|삼안로|244,48250|삼방동|691-2,strict_full_lot,False,
48250,주촌면선지리,1374,김해주촌두산위브더제니스,김해주촌두산위브더제니스,김해주촌두산위브더제니스,A10025167,A10025167,road_legal_address_exact,100.0,100.0,1,48250|주선로|34,48250|주촌면선지리|1374,strict_full_lot,False,
48250,무계동,156-1,석봉마을9단지부영5차,석봉마을9단지부영5차,석봉마을9단지부영아파트,A62171462,A62171462,road_legal_address_exact,100.0,90.0,1,48250|금관대로599번길|27,48250|무계동|156-1,strict_full_lot,False,
48250,신문동,498-7,sg이너스,SG이너스,,,TRADE_21BF0544C232,unmatched,0.0,0.0,0,48250|장유로330번길|5,48250|신문동|498-7,strict_full_lot,True,
48250,신문동,527-2,장유2차쌍용예가,장유2차쌍용예가,장유2차쌍용예가,A62183237,A62183237,road_legal_address_exact,100.0,100.0,1,48250|장유로|362,48250|신문동|527-2,strict_full_lot,False,
48250,어방동,577,어방화인,어방화인아파트,어방화인,A62175203,A62175203,road_legal_address_exact,100.0,100.0,1,48250|인제로|167-1,48250|어방동|577,strict_full_lot,False,
48250,삼방동,690-1,동원,동원,삼방동원타운,A62177105,A62177105,road_legal_address_exact,100.0,50.0,1,48250|삼안로|226,48250|삼방동|690-1,strict_full_lot,False,
48250,부곡동,802-2,월산마을5단지두산위브,월산마을5단지두산위브,월산마을두산위브,A62183164,A62183164,road_legal_address_exact,100.0,84.21052631578947,1,48250|월산로|112-55,48250|부곡동|802-2,strict_full_lot,False,
48250,삼계동,1545,삼계서희스타힐스,삼계서희스타힐스,삼계서희스타힐스아파트,A10025286,A10025286,road_legal_address_exact,100.0,100.0,1,48250|해반천로|280,48250|삼계동|1545,strict_full_lot,False,
48250,관동동,452-7,팔판마을4단지푸르지오,팔판마을4단지푸르지오,장유팔판4단지푸르지오(6차),A62183132,A62183132,road_legal_address_exact,100.0,81.81818181818181,1,48250|팔판로|93,48250|관동동|452-7,strict_full_lot,False,
48250,내동,1137-2,삼성,삼성,임호마을삼성아파트,A62190510,A62190510,road_legal_address_exact,100.0,50.0,1,48250|경원로|83,48250|내동|1137-2,strict_full_lot,False,
48250,대청동,333-3,갑오마을4단지부영8차,갑오마을4단지부영8차,갑오마을4단지부영아파트,A62183153,A62183153,road_legal_address_exact,100.0,90.0,1,48250|계동로102번길|24,48250|대청동|333-3,strict_full_lot,False,
48250,구산동,1052-3,동원,동원,구지마을동원아파트,A62190111,A62190111,road_legal_address_exact,100.0,50.0,1,48250|구산로5번길|57,48250|구산동|1052-3,strict_full_lot,False,
48250,부곡동,1169,석봉마을8단지부영14차,석봉마을8단지부영14차,장유 석봉마을8단지,A62183149,A62183149,road_legal_address_exact,100.0,66.66666666666667,1,48250|월산로|13-14,48250|부곡동|1169,strict_full_lot,False,
48250,삼계동,1439-5,화정마을아이파크가야,화정마을아이파크가야,화정마을 아이파크 가야,A62107009,A62107009,road_legal_address_exact,100.0,100.0,1,48250|해반천로168번길|23,48250|삼계동|1439-5,strict_full_lot,False,
48250,삼문동,64-1,젤미마을10단지한림리츠빌,젤미마을10단지한림리츠빌,한림리츠빌,A62183119,A62183119,road_legal_address_exact,100.0,55.55555555555556,1,48250|번화1로|168,48250|삼문동|64-1,strict_full_lot,False,
48250,삼문동,60-3,젤미마을1단지부영11차,젤미마을1단지부영11차,젤미마을1단지부영아파트,A62183161,A62183161,road_legal_address_exact,100.0,85.71428571428572,1,48250|번화2로|90,48250|삼문동|60-3,strict_full_lot,False,
48250,진영읍진영리,1691,진영이진캐스빌,진영이진캐스빌,진영이진캐스빌아파트,A10026999,A10026999,road_legal_address_exact,100.0,100.0,1,48250|진산대로|61,48250|진영읍진영리|1691,strict_full_lot,False,
48250,어방동,499,대우유토피아,대우유토피아,대우유토피아,A62175205,A62175205,road_legal_address_exact,100.0,100.0,1,48250|인제로|167,48250|어방동|499,strict_full_lot,False,
48250,구산동,321,구산제2주공,구산제2주공,구산주공2단지,A62190007,A62190007,road_legal_address_exact,100.0,61.53846153846154,1,48250|가락로|242-20,48250|구산동|321,strict_full_lot,False,
48250,동상동,1099,롯데캐슬가야1단지,롯데캐슬가야1단지,김해롯데캐슬가야1단지,A62102003,A62102003,road_legal_address_exact,100.0,90.0,1,48250|가야로451번길|9,48250|동상동|1099,strict_full_lot,False,
48250,부곡동,1165-1,석봉마을7단지부영,석봉마을7단지부영아파트,석봉마을7단지,A62183155,A62183155,road_legal_address_exact,100.0,87.5,1,48250|능동로|118,48250|부곡동|1165-1,strict_full_lot,False,
48250,내덕동,775,내덕서희스타힐스,내덕 서희스타힐스 아파트,,,TRADE_FB5F54FE13D4,unmatched,0.0,0.0,0,48250|금관대로|688,48250|내덕동|775,strict_full_lot,True,
48250,삼문동,61-5,젤미마을6단지주공,젤미마을6단지주공,젤미마을6단지주공아파트,A62183125,A62183125,road_legal_address_exact,100.0,100.0,1,48250|번화1로84번길|29,48250|삼문동|61-5,strict_full_lot,False,
48250,내동,1115-2,현대4차,현대4차,경원마을현대3차4차,A62190309,A62190309,road_legal_address_exact,100.0,57.14285714285714,1,48250|우암로|76,48250|내동|1115-2,strict_full_lot,False,
48250,삼문동,62-7,젤미마을8단지파크뷰,젤미마을8단지파크뷰,장유젤미마을파크뷰,A62183111,A62183111,road_legal_address_exact,100.0,73.6842105263158,1,48250|대청로210번길|35,48250|삼문동|62-7,strict_full_lot,False,
48250,율하동,1316,율상마을모아미래도5단지,율상마을모아미래도5단지,모아미래도5단지,A62183165,A62183165,road_legal_address_exact,100.0,80.0,1,48250|율하2로|87,48250|율하동|1316,strict_full_lot,False,
48250,외동,1260-3,서광,서광,서광아파트,A62192204,A62192204,road_legal_address_exact,100.0,100.0,1,48250|함박로|149,48250|외동|1260-3,strict_full_lot,False,
48250,봉황동,886,e편한세상봉황역,e편한세상봉황역,e편한세상 봉황역아파트,A10026919,A10026919,road_legal_address_exact,100.0,100.0,1,48250|김해대로2324번길|54-27,48250|봉황동|886,strict_full_lot,False,
48250,율하동,1370,율현마을이편한세상9단지,율현마을이편한세상9단지,율하2차e편한세상,A62183169,A62183169,road_legal_address_exact,100.0,47.61904761904761,1,48250|율하1로|130,48250|율하동|1370,strict_full_lot,False,
48250,관동동,1169,힐스테이트김해,힐스테이트김해,힐스테이트김해아파트,A10025323,A10025323,road_legal_address_exact,100.0,100.0,1,48250|관동로27번길|39,48250|관동동|1169,strict_full_lot,False,
48250,내동,1132-4,현대1차,현대1차,연지마을현대1차,A62176403,A62176403,road_legal_address_exact,100.0,66.66666666666667,1,48250|구지로|55,48250|내동|1132-4,strict_full_lot,False,
48250,진영읍진영리,1611-2,김해진영코아루,김해진영코아루,진영코아루,A62180010,A62180010,road_legal_address_exact,100.0,83.33333333333334,1,48250|김해대로361번길|34,48250|진영읍진영리|1611-2,strict_full_lot,False,
48250,안동,333-2,대아,대아,안동대아,A62191402,A62191402,road_legal_address_exact,100.0,66.66666666666667,1,48250|분성로627번길|16-3,48250|안동|333-2,strict_full_lot,False,
48250,율하동,1296,율상마을푸르지오4단지,율상마을푸르지오4단지(2차),율상마을푸르지오4단지,A62183417,A62183417,road_legal_address_exact,100.0,100.0,1,48250|율하1로|64,48250|율하동|1296,strict_full_lot,False,
48250,삼계동,1439-1,화정마을1단지,화정마을1단지,화정마을1단지 부영아파트 (부영5차),A62107007,A62107007,road_legal_address_exact,100.0,87.5,1,48250|삼계로|253,48250|삼계동|1439-1,strict_full_lot,False,
48250,부곡동,803-2,월산마을7단지주공4차,월산마을7단지주공4차,장유월산7단지주공아파트,A62183338,A62183338,road_legal_address_exact,100.0,70.0,1,48250|월산로|119,48250|부곡동|803-2,strict_full_lot,False,
48250,외동,1260-1,덕산베스트타운,덕산베스트타운,덕산베스트타운,A62192210,A62192210,road_legal_address_exact,100.0,100.0,1,48250|함박로119번길|6,48250|외동|1260-1,strict_full_lot,False,
48250,삼문동,62-10,젤미마을9단지부영그린타운5차,젤미마을9단지부영그린타운5차,부영e-그린5차,A62183123,A62183123,road_legal_address_exact,100.0,54.54545454545454,1,48250|대청로210번길|13,48250|삼문동|62-10,strict_full_lot,False,
48250,부곡동,806-6,월산마을13단지푸르지오1차,월산마을13단지푸르지오1차,장유월산13단지 푸르지오,A62183333,A62183333,road_legal_address_exact,100.0,76.92307692307692,1,48250|월산로|82-15,48250|부곡동|806-6,strict_full_lot,False,
48250,진영읍여래리,1012,협성휴포레진영,협성휴포레진영,협성휴포레 진영 아파트,A10027034,A10027034,road_legal_address_exact,100.0,100.0,1,48250|진영로|284,48250|진영읍여래리|1012,strict_full_lot,False,
48250,외동,705,주공3,주공3,,,TRADE_84D813AC8322,unmatched,0.0,0.0,0,48250|평전로|3,48250|외동|705,strict_full_lot,True,
48250,부곡동,806-3,월산마을12단지부영2차,월산마을12단지부영2차,월산마을12단지부영아파트,A62183316,A62183316,road_legal_address_exact,100.0,90.9090909090909,1,48250|월산로|82-55,48250|부곡동|806-3,strict_full_lot,False,
48250,장유동,870,김해율하시티프라디움,김해율하시티프라디움,율하시티프라디움아파트,A10025216,A10025216,road_legal_address_exact,100.0,88.88888888888889,1,48250|율하5로|11,48250|장유동|870,strict_full_lot,False,
48250,삼계동,401,김해북부두산위브,김해북부두산위브,김해북부두산위브아파트,A62107002,A62107002,road_legal_address_exact,100.0,100.0,1,48250|김해대로|1784-27,48250|삼계동|401,strict_full_lot,False,
48250,진영읍진영리,1881,김해진영동문굿모닝힐1차,김해진영동문굿모닝힐1차,진영 동문굿모닝힐아파트,A10027844,A10027844,manual_override,100.0,80.0,1,48250|진영산복로|20,48250|진영읍진영리|1881,strict_full_lot,False,K-apt 법정주소와 지번 일치
48250,진영읍진영리,1610,진영자이,진영자이,진영자이아파트,A62180011,A62180011,road_legal_address_exact,100.0,100.0,1,48250|김해대로361번길|31,48250|진영읍진영리|1610,strict_full_lot,False,
48250,지내동,386-3,대영맨션,대영맨션,,,TRADE_542B9E6378F3,unmatched,0.0,0.0,0,48250|김해대로2715번길|70,48250|지내동|386-3,strict_full_lot,True,
48250,관동동,1121,죽림마을한림풀에버7단지,죽림마을한림풀에버7단지,죽림마을한림풀에버7단지,A62130001,A62130001,road_legal_address_exact,100.0,100.0,1,48250|율하3로|100,48250|관동동|1121,strict_full_lot,False,
48250,부곡동,806-1,월산마을9단지부영3차,월산마을9단지부영3차,월산마을9단지부영아파트,A62183314,A62183314,road_legal_address_exact,100.0,90.0,1,48250|월산로|112-56,48250|부곡동|806-1,strict_full_lot,False,
48250,무계동,156-5,석봉마을대동,석봉마을대동아파트,석봉마을10단지대동아파트,A62171357,A62171357,road_legal_address_exact,100.0,75.0,1,48250|금관대로599번길|11,48250|무계동|156-5,strict_full_lot,False,
48250,삼계동,1410-2,분성마을5단지푸르지오,분성마을5단지푸르지오,분성마을5단지푸르지오,A62107013,A62107013,road_legal_address_exact,100.0,100.0,1,48250|가야로|19,48250|삼계동|1410-2,strict_full_lot,False,
48250,부곡동,1157-6,석봉마을3단지대동피렌체,석봉마을3단지대동피렌체(30-7),대동피렌체3단지,A62183103,A62183103,road_legal_address_exact,100.0,50.0,1,48250|월산로|62,48250|부곡동|1157-6,strict_full_lot,False,
48250,삼계동,1155-9,동신,동신,동신,A62107003,A62107003,road_legal_address_exact,100.0,100.0,1,48250|김해대로|1784-14,48250|삼계동|1155-9,strict_full_lot,False,
48250,부곡동,1162-3,석봉마을5단지대동3,석봉마을5단지대동3,석봉마을5단지대동,A62172127,A62172127,road_legal_address_exact,100.0,94.73684210526316,1,48250|월산로|10,48250|부곡동|1162-3,strict_full_lot,False,
48250,관동동,1161,율하일동미라주더스타,율하일동미라주더스타,관동동일동미라주더스타,A10026713,A10026713,road_legal_address_exact,100.0,76.19047619047619,1,48250|관동로27번길|117,48250|관동동|1161,strict_full_lot,False,
48250,신문동,530-2,장유쌍용예가,장유쌍용예가,장유쌍용예가1차아파트,A62183241,A62183241,road_legal_address_exact,100.0,85.71428571428572,1,48250|장유로|360,48250|신문동|530-2,strict_full_lot,False,
48250,외동,916,한덕한신타워,한덕한신타워,한덕한신타워아파트,A62177909,A62177909,road_legal_address_exact,100.0,100.0,1,48250|분성로48번길|16,48250|외동|916,strict_full_lot,False,
48250,내동,1132-5,동부,동부,연지마을동부아파트,A62175102,A62175102,road_legal_address_exact,100.0,50.0,1,48250|구지로|63,48250|내동|1132-5,strict_full_lot,False,
48250,내동,1146-1,현대2차,현대2차,현대2차,A62190504,A62190504,road_legal_address_exact,100.0,100.0,1,48250|경원로|84,48250|내동|1146-1,strict_full_lot,False,
48250,삼계동,1428-4,분성마을현대i2,분성마을현대I아파트2,분성마을현대아이,A62107015,A62107015,road_legal_address_exact,100.0,75.0,1,48250|삼계로|232,48250|삼계동|1428-4,strict_full_lot,False,
48250,외동,283,조흥그린타운,조흥그린타운,조흥그린,A62191903,A62191903,road_legal_address_exact,100.0,80.0,1,48250|분성로172번길|18,48250|외동|283,strict_full_lot,False,
48250,외동,705,주공2,주공2,,,TRADE_9EFFDDED5DD0,unmatched,0.0,0.0,0,48250|평전로|3,48250|외동|705,strict_full_lot,True,
48250,삼계동,1428-4,분성마을현대i1,분성마을현대I아파트1,분성마을현대아이,A62107015,A62107015,road_legal_address_exact,100.0,75.0,1,48250|삼계로|232,48250|삼계동|1428-4,strict_full_lot,False,
48250,삼계동,1428-4,분성마을현대i3,분성마을현대I아파트3,분성마을현대아이,A62107015,A62107015,road_legal_address_exact,100.0,75.0,1,48250|삼계로|232,48250|삼계동|1428-4,strict_full_lot,False,
48250,어방동,816,주공,주공아파트,어방 주공아파트,A10020978,A10020978,road_legal_address_exact,100.0,66.66666666666667,1,48250|활천로166번길|28,48250|어방동|816,strict_full_lot,False,
48250,구산동,429,구산3주공,구산3주공,구산주공3단지,A62190109,A62190109,road_legal_address_exact,100.0,66.66666666666667,1,48250|가락로294번길|18,48250|구산동|429,strict_full_lot,False,
48250,지내동,67-19,청솔2차,청솔2차,,,TRADE_FE9AA059452C,unmatched,0.0,0.0,0,48250|김해대로2725번길|48,48250|지내동|67-19,strict_full_lot,True,
48250,대청동,321-1,갑오마을2단지주공2,갑오마을2단지주공2,갑오마을주공2단지,A62183134,A62183134,road_legal_address_exact,100.0,73.6842105263158,1,48250|계동로102번길|9,48250|대청동|321-1,strict_full_lot,False,
48250,대청동,321-4,갑오마을3단지대동,갑오마을3단지대동,갑오마을대동아파트,A62171208,A62171208,road_legal_address_exact,100.0,80.0,1,48250|계동로102번길|17-27,48250|대청동|321-4,strict_full_lot,False,
48250,진영읍진영리,1611-4,중흥에스클래스진영2단지,중흥에스-클래스진영2단지,중흥S클래스진영2단지,A62180009,A62180009,road_legal_address_exact,100.0,86.95652173913044,1,48250|장등로19번길|18,48250|진영읍진영리|1611-4,strict_full_lot,False,
48250,삼계동,1439-2,화정마을부영2차,화정마을부영2차,화정마을2단지(북부부영2차),A62107006,A62107006,road_legal_address_exact,100.0,66.66666666666667,1,48250|삼계로|239,48250|삼계동|1439-2,strict_full_lot,False,
48250,진영읍진영리,1611-3,중흥에스클래스진영1단지,중흥에스-클래스진영1단지,중흥S클래스진영1단지,A62180012,A62180012,road_legal_address_exact,100.0,86.95652173913044,1,48250|장등로|55,48250|진영읍진영리|1611-3,strict_full_lot,False,
48250,외동,1421,김해외동이진캐스빌2차,김해외동이진캐스빌2차,외동이진캐스빌,A62175301,A62175301,road_legal_address_exact,100.0,77.77777777777779,1,48250|분성로|26,48250|외동|1421,strict_full_lot,False,
48250,진영읍여래리,230-1,기영맨션,기영맨션(기영타워),,,TRADE_D2E5364B2914,unmatched,0.0,0.0,0,48250|진영로|303,48250|진영읍여래리|230-1,strict_full_lot,True,
48250,삼계동,1439-6,화정마을부영3차,화정마을부영3차,화정마을3단지북부부영3차,A62107004,A62107004,road_legal_address_exact,100.0,76.19047619047619,1,48250|삼계로|223,48250|삼계동|1439-6,strict_full_lot,False,
48250,구산동,1076,구산이진캐스빌2단지,구산이진캐스빌2단지,이진캐스빌2단지,A62175902,A62175902,road_legal_address_exact,100.0,88.88888888888889,1,48250|김해대로1902번길|62,48250|구산동|1076,strict_full_lot,False,
48250,내동,1125-2,건영,건영,건영아파트,A62176006,A62176006,road_legal_address_exact,100.0,100.0,1,48250|우암로|106,48250|내동|1125-2,strict_full_lot,False,
48250,내동,1125-3,김해내외2차동아,김해내외2차동아,동아2차,A62190501,A62190501,road_legal_address_exact,100.0,33.333333333333336,1,48250|경원로55번길|9,48250|내동|1125-3,strict_full_lot,False,
48250,부곡동,801-2,월산마을1단지부영13차,월산마을1단지부영13차,월산마을1단지부영아파트,A62183352,A62183352,road_legal_address_exact,100.0,85.71428571428572,1,48250|부곡로|78,48250|부곡동|801-2,strict_full_lot,False,
48250,신문동,1333,장유e편한세상,장유E-편한세상,장유e편한세상,A62183235,A62183235,road_legal_address_exact,100.0,100.0,1,48250|장유로334번길|76,48250|신문동|1333,strict_full_lot,False,
48250,삼문동,583-3,갑오마을11단지e그린타운,갑오마을11단지e그린타운,김해장유e-그린타운1차부영아파트,A62183113,A62183113,road_legal_address_exact,100.0,38.46153846153846,1,48250|삼문로|88,48250|삼문동|583-3,strict_full_lot,False,
48250,지내동,67,1차동원,1차동원,지내동원1차A,A62178003,A62178003,road_legal_address_exact,100.0,36.36363636363637,1,48250|분성로727번길|16,48250|지내동|67,strict_full_lot,False,
48250,대청동,333-6,갑오마을5단지부영6차,갑오마을5단지부영6차,갑오마을5단지부영6차,A62183124,A62183124,road_legal_address_exact,100.0,100.0,1,48250|계동로|86,48250|대청동|333-6,strict_full_lot,False,
48250,율하동,1369,율현마을동원로얄듀크1차,율현마을동원로얄듀크1차,율현마을동원로얄듀크1차,A62183166,A62183166,road_legal_address_exact,100.0,100.0,1,48250|율하2로|125,48250|율하동|1369,strict_full_lot,False,
48250,삼문동,1266,신장유일동미라주더파크,신장유일동미라주더파크아파트,신장유일동미라주더파크아파트,A10026980,A10026980,road_legal_address_exact,100.0,100.0,1,48250|장유로334번길|73,48250|삼문동|1266,strict_full_lot,False,
48250,부곡동,800-3,월산마을41단지부영18차,월산마을4-1단지부영18차,월산마을4단지18차부영아파트,A62183315,A62183315,road_legal_address_exact,100.0,80.0,1,48250|월산로|151,48250|부곡동|800-3,strict_full_lot,False,
48250,동상동,1104,롯데캐슬가야2단지,롯데캐슬가야2단지,김해롯데캐슬가야2단지,A62102001,A62102001,road_legal_address_exact,100.0,90.0,1,48250|가야로463번길|14,48250|동상동|1104,strict_full_lot,False,
48250,지내동,75,21세기,21세기,지내21세기동원아파트,A62122001,A62122001,road_legal_address_exact,100.0,66.66666666666667,1,48250|분성로727번길|26-41,48250|지내동|75,strict_full_lot,False,
48250,진영읍진영리,375,삼성타워,삼성타워(101동102동),진영삼성,A62180702,A62180702,manual_override,100.0,50.0,1,48250|진영로|98-5,48250|진영읍진영리|375,strict_full_lot,False,K-apt 법정주소와 지번 일치
48250,대청동,334-1,갑오마을7단지부영10차,갑오마을7단지부영10차,갑오마을7단지부영아파트(10차),A62183151,A62183151,road_legal_address_exact,100.0,85.71428571428572,1,48250|계동로|76-22,48250|대청동|334-1,strict_full_lot,False,
48250,외동,518-1,한솔빌리지,한솔빌리지,한솔빌리지,A62191902,A62191902,road_legal_address_exact,100.0,100.0,1,48250|분성로|94-21,48250|외동|518-1,strict_full_lot,False,
48250,진영읍진영리,1883,신우희가로,신우희가로아파트,,,TRADE_95CAD547A4AB,unmatched,0.0,0.0,0,48250|김해대로332번길|79,48250|진영읍진영리|1883,strict_full_lot,True,
48250,삼방동,570-3,한빛스위트빌,한빛스위트빌,,,TRADE_DC1F444DB2B4,unmatched,0.0,0.0,0,48250|삼안로|303,48250|삼방동|570-3,strict_full_lot,True,
48250,부곡동,880-3,월산마을42단지부영19차,월산마을4-2단지부영19차,월산마을4단지19차부영아파트,A62183329,A62183329,road_legal_address_exact,100.0,80.0,1,48250|부곡로|10,48250|부곡동|880-3,strict_full_lot,False,
48250,어방동,458-8,시영,시영,시영아파트101동,A10021860,A10021860,road_legal_address_exact,100.0,50.0,1,48250|인제로169번길|9,48250|어방동|458-8,strict_full_lot,False,
48250,관동동,448-1,팔판마을부영그린타운3차,팔판마을부영그린타운3차,팔판마을3단지부영,A62183160,A62183160,road_legal_address_exact,100.0,57.14285714285714,1,48250|덕정로|68,48250|관동동|448-1,strict_full_lot,False,
48250,율하동,1297,율상마을푸르지오3단지,율상마을푸르지오3단지(1차),율상마을푸르지오3단지,A62183447,A62183447,road_legal_address_exact,100.0,100.0,1,48250|율하2로|57,48250|율하동|1297,strict_full_lot,False,
48250,진영읍진영리,1710,김해진영휴먼빌,김해진영휴먼빌아파트,진영 휴먼빌,A10027283,A10027283,road_legal_address_exact,100.0,83.33333333333334,1,48250|장등1로31번길|7,48250|진영읍진영리|1710,strict_full_lot,False,
48250,삼문동,62-4,젤미마을4단지부영그린타운7차,젤미마을4단지부영그린타운7차,부영e그린타운7차,A62183136,A62183136,road_legal_address_exact,100.0,66.66666666666667,1,48250|능동로|32,48250|삼문동|62-4,strict_full_lot,False,
48250,부곡동,881-2,월산마을8단지부영,월산마을8단지부영아파트,장유부영16차,A62183339,A62183339,road_legal_address_exact,100.0,25.0,1,48250|월산로|111-48,48250|부곡동|881-2,strict_full_lot,False,
48250,삼계동,1428-1,동원로얄듀크,동원로얄듀크,분성마을동원로얄듀크,A62177011,A62177011,road_legal_address_exact,100.0,75.0,1,48250|가야로|60,48250|삼계동|1428-1,strict_full_lot,False,
48250,삼계동,1428-2,김해북부7차부영,김해북부7차부영,분성마을2단지부영(북부부영7차),A62176812,A62176812,road_legal_address_exact,100.0,23.529411764705888,1,48250|삼계로|248,48250|삼계동|1428-2,strict_full_lot,False,
48250,지내동,360,지내동2차양지마을동원,지내동2차양지마을동원,양지마을동원아파트,A62178002,A62178002,road_legal_address_exact,100.0,70.58823529411764,1,48250|분성로727번길|21,48250|지내동|360,strict_full_lot,False,
48250,외동,1261-9,한국,한국,한국1차,A62175514,A62175514,road_legal_address_exact,100.0,66.66666666666667,1,48250|함박로|122,48250|외동|1261-9,strict_full_lot,False,
48250,부곡동,802-7,월산마을6단지부영1차,월산마을6단지부영1차,월산마을6단지부영,A62183340,A62183340,road_legal_address_exact,100.0,90.0,1,48250|월산로|120,48250|부곡동|802-7,strict_full_lot,False,
48250,구산동,1077,구산이진캐스빌1단지,구산이진캐스빌1단지,이진캐스빌1단지,A62175904,A62175904,road_legal_address_exact,100.0,88.88888888888889,1,48250|김해대로1902번길|88,48250|구산동|1077,strict_full_lot,False,
48250,삼방동,692,화인,화인,삼방화인,A62177204,A62177204,road_legal_address_exact,100.0,66.66666666666667,1,48250|삼안로|264,48250|삼방동|692,strict_full_lot,False,
48250,부곡동,806-9,월산마을10단지에스케이뷰,월산마을10단지에스케이뷰,장유SK VIEW아파트,A62183301,A62183301,road_legal_address_exact,100.0,0.0,1,48250|월산로|112-34,48250|부곡동|806-9,strict_full_lot,False,
48250,어방동,1108-16,삼성맥스빌,삼성맥스빌(6),,,TRADE_7B7BDA95837A,unmatched,0.0,0.0,0,48250|인제로25번길|12-19,48250|어방동|1108-16,strict_full_lot,True,
48250,삼계동,1435,화정마을부영6차,화정마을부영6차,화정마을6단지북부부영6차,A62174801,A62174801,road_legal_address_exact,100.0,76.19047619047619,1,48250|김해대로|1864,48250|삼계동|1435,strict_full_lot,False,
48250,구산동,1052-1,한일유앤아이,한일유앤아이,구지마을2단지 한일유앤아이,A62190112,A62190112,road_legal_address_exact,100.0,63.1578947368421,1,48250|구산로5번길|89,48250|구산동|1052-1,strict_full_lot,False,
48250,삼계동,1543,삼계구산아이파크1단지,삼계구산아이파크1단지,삼계아이파크,A62174803,A62174803,road_legal_address_exact,100.0,70.58823529411764,1,48250|김해대로|1870,48250|삼계동|1543,strict_full_lot,False,
48250,구산동,1074,일동미라주,일동미라주,일동미라주,A62175901,A62175901,road_legal_address_exact,100.0,100.0,1,48250|김해대로1902번길|30,48250|구산동|1074,strict_full_lot,False,
48250,삼정동,589-1,호성,호성아파트,,,TRADE_ECC54D301954,unmatched,0.0,0.0,0,48250|활천로|32,48250|삼정동|589-1,strict_full_lot,True,
48250,삼문동,61-1,젤미마을3단지대동피렌체앙코르,젤미마을3단지대동피렌체앙코르,장유대동피렌체앙코르,A62183112,A62183112,road_legal_address_exact,100.0,64.0,1,48250|번화1로|104,48250|삼문동|61-1,strict_full_lot,False,
48250,삼계동,1428-5,분성마을4단지한솔솔파크,분성마을4단지한솔솔파크,한솔솔파크,A62107008,A62107008,road_legal_address_exact,100.0,58.82352941176471,1,48250|삼계로|218,48250|삼계동|1428-5,strict_full_lot,False,
48250,구산동,1094,삼계구산아이파크2단지,삼계구산아이파크2단지,구산아이파크,A62175903,A62175903,road_legal_address_exact,100.0,70.58823529411764,1,48250|김해대로|1902,48250|구산동|1094,strict_full_lot,False,
48250,외동,1251,내외대동한마음,내외대동한마음,대동한마음아파트,A62192213,A62192213,road_legal_address_exact,100.0,83.33333333333334,1,48250|함박로101번길|19,48250|외동|1251,strict_full_lot,False,
48250,구산동,410,구산5주공,구산5주공,구산5주공아파트,A62190005,A62190005,legal_address_exact_name,100.0,100.0,2,48250|가락로294번길|17-1,48250|구산동|410,strict_full_lot,False,
48250,삼문동,62-2,젤미마을5단지푸르지오7차,젤미마을5단지푸르지오7차,젤미마을5단지푸르지오,A62183131,A62183131,road_legal_address_exact,100.0,91.66666666666666,1,48250|능동로|10,48250|삼문동|62-2,strict_full_lot,False,
48250,구산동,576,한라비발디,한라비발디,한라비발디,A62190108,A62190108,road_legal_address_exact,100.0,100.0,1,48250|가락로332번길|13,48250|구산동|576,strict_full_lot,False,
48250,외동,292,동호그린코아,동호그린코아,,,TRADE_5FEE186AB005,unmatched,0.0,0.0,0,48250|분성로172번길|9,48250|외동|292,strict_full_lot,True,
48250,율하동,1371,신리마을중앙하이츠8단지,신리마을중앙하이츠8단지,율하중앙하이츠,A62183459,A62183459,road_legal_address_exact,100.0,52.63157894736843,1,48250|율하3로|76,48250|율하동|1371,strict_full_lot,False,
48250,대청동,320-2,갑오마을8단지대우푸르지오2차,갑오마을8단지대우푸르지오2차,갑오마을8단지푸르지오,A62183110,A62183110,road_legal_address_exact,100.0,84.61538461538461,1,48250|반룡로|11,48250|대청동|320-2,strict_full_lot,False,
48250,율하동,1405,율현마을율하e편한세상,율현마을율하e-편한세상,율현마을율하e-편한세상아파트,A62183442,A62183442,road_legal_address_exact,100.0,100.0,1,48250|율하2로|198,48250|율하동|1405,strict_full_lot,False,
48250,관동동,1165,김해율하서희스타힐스,김해율하서희스타힐스,율하 서희스타힐스 아파트,A10027176,A10027176,road_legal_address_exact,100.0,88.88888888888889,1,48250|관동로27번길|95,48250|관동동|1165,strict_full_lot,False,
48250,외동,705,주공1,주공1,,,TRADE_A0729837535D,unmatched,0.0,0.0,0,48250|평전로|3,48250|외동|705,strict_full_lot,True,
48250,무계동,288-2,장유the,장유the#,장유포스코더샵아파트,A62183305,A62183305,road_legal_address_exact,100.0,33.333333333333336,1,48250|장유로288번길|15,48250|무계동|288-2,strict_full_lot,False,
48250,외동,705-1,외동동성,외동동성,외동동성,A62177607,A62177607,road_legal_address_exact,100.0,100.0,1,48250|평전로|33,48250|외동|705-1,strict_full_lot,False,
48250,내동,1115-4,동아,동아,경원마을동아아파트(동아1차),A62190308,A62190308,road_legal_address_exact,100.0,50.0,1,48250|내외로|55,48250|내동|1115-4,strict_full_lot,False,
48250,삼문동,1267,장유덕산아내에코캐슬,장유덕산아내에코캐슬,장유 덕산아내에코캐슬 아파트,A10026045,A10026045,road_legal_address_exact,100.0,100.0,1,48250|대청로|237,48250|삼문동|1267,strict_full_lot,False,
48250,봉황동,447-1,광남백조맨션,광남백조맨션(4동5동),,,TRADE_C6589177A7C3,unmatched,0.0,0.0,0,48250|가야의길|98-33,48250|봉황동|447-1,strict_full_lot,True,
48250,외동,1427,김해외동협성엘리시안,김해외동협성엘리시안,김해외동협성엘리시안아파트,A10025678,A10025678,road_legal_address_exact,100.0,100.0,1,48250|분성로|4,48250|외동|1427,strict_full_lot,False,
48250,삼계동,301,명지세인트빌,명지세인트빌,김해삼계명지세인트빌아파트,A62107001,A62107001,road_legal_address_exact,100.0,75.0,1,48250|김해대로|1832,48250|삼계동|301,strict_full_lot,False,
48250,부원동,606-3,김해부원역그린코아더센텀,김해 부원역 그린코아 더 센텀,부원역 그린코아 더센텀 아파트,A10025720,A10025720,road_legal_address_exact,100.0,90.9090909090909,1,48250|김해대로|2349,48250|부원동|606-3,strict_full_lot,False,
48250,무계동,566,e편한세상장유2차,e편한세상장유2차,e편한세상 장유2차아파트,A10025879,A10025879,road_legal_address_exact,100.0,100.0,1,48250|무계로|47,48250|무계동|566,strict_full_lot,False,
48250,삼문동,583-7,갑오마을10단지e그린타운,갑오마을10단지e그린타운,김해장유e그린타운2차부영아파트,A62183130,A62183130,road_legal_address_exact,100.0,38.46153846153846,1,48250|반룡로|87-12,48250|삼문동|583-7,strict_full_lot,False,
48250,진영읍여래리,747,현대그린파크맨션,현대그린파크맨션,,,TRADE_B629B7C23180,unmatched,0.0,0.0,0,48250|여래로|46-29,48250|진영읍여래리|747,strict_full_lot,True,
48250,외동,1261-1,동일,동일,동일아파트,A62192205,A62192205,road_legal_address_exact,100.0,100.0,1,48250|함박로|162,48250|외동|1261-1,strict_full_lot,False,
48250,지내동,561,태림리치몬드하임,태림리치몬드하임,,,TRADE_F2CD14DDEEB4,unmatched,0.0,0.0,0,48250|분성로707번길|58,48250|지내동|561,strict_full_lot,True,
48250,관동동,448-3,팔판마을부영그린타운8차,팔판마을부영그린타운8차,부영e-그린8차,A62183102,A62183102,road_legal_address_exact,100.0,63.1578947368421,1,48250|계동로|31,48250|관동동|448-3,strict_full_lot,False,
48250,관동동,1120,죽림마을동원로얄듀크14단지,죽림마을동원로얄듀크14단지,죽림마을동원로얄듀크2차,A62183167,A62183167,road_legal_address_exact,100.0,76.92307692307692,1,48250|관동로|138,48250|관동동|1120,strict_full_lot,False,
48250,진영읍진영리,348,갑목빙그레,갑목빙그레(101동102동),,,TRADE_2A1B061E9D0E,unmatched,0.0,0.0,0,48250|진영로|88-7,48250|진영읍진영리|348,strict_full_lot,True,
48250,동상동,495-7,한덕타워,한덕타워,한덕타워,A62102002,A62102002,legal_address_exact,100.0,100.0,1,48250|가야로515번길|7,48250|동상동|495-7,strict_full_lot,False,
48250,어방동,365-15,동일하이츠빌라,동일하이츠빌라(365-15),,,TRADE_953C6247F939,unmatched,0.0,0.0,0,48250|활천로166번길|23-17,48250|어방동|365-15,strict_full_lot,True,
48250,진영읍진영리,623-1,진영거성,진영거성,진영거성,A62180706,A62180706,road_legal_address_exact,100.0,100.0,1,48250|진영로|10,48250|진영읍진영리|623-1,strict_full_lot,False,
48250,대청동,334-4,갑오마을6단지부영9차,갑오마을6단지부영9차,갑오마을6단지부영9차,A62183146,A62183146,road_legal_address_exact,100.0,100.0,1,48250|계동로|76-56,48250|대청동|334-4,strict_full_lot,False,
48250,삼계동,1504-1,구지마을3단지푸르지오,구지마을3단지푸르지오,구지마을3단지푸르지오,A62107014,A62107014,road_legal_address_exact,100.0,100.0,1,48250|삼계로|35,48250|삼계동|1504-1,strict_full_lot,False,
48250,내동,1125-4,현대3차,현대3차,,,TRADE_22AA7878B0A9,unmatched,0.0,0.0,0,48250|경원로|21,48250|내동|1125-4,strict_full_lot,True,
48250,삼계동,610,삼계이안,삼계이안,삼계이안,A62107010,A62107010,road_legal_address_exact,100.0,100.0,1,48250|해반천로278번길|12-27,48250|삼계동|610,strict_full_lot,False,
48250,진영읍진영리,638-117,도남아트빌,도남아트빌,,,TRADE_35E6B8FE88E2,unmatched,0.0,0.0,0,48250|진남로|18-5,48250|진영읍진영리|638-117,strict_full_lot,True,
48250,구산동,491-5,유신주택,유신주택,유신장미아파트,A62190101,A62190101,legal_address_exact,100.0,50.0,1,48250|가락로|301,48250|구산동|491-5,strict_full_lot,False,
48330,주진동,700,양산서희스타힐스,양산서희스타힐스,양산서희스타힐스아파트,A10025237,A10025237,legal_address_exact,100.0,100.0,1,48330|모래들길|57-1,48330|주진동|700,strict_full_lot,False,
48330,상북면석계리,244-1,진일석계1,진일석계1,진일1차,A62678306,A62678306,road_legal_address_exact,100.0,66.66666666666667,1,48330|반회서5길|21,48330|상북면석계리|244-1,strict_full_lot,False,
48330,동면석산리,1447-4,남양산역반도유보라아이비파크5,남양산역반도유보라아이비파크5,남양산역 반도유보라 아이비파크5,A10027168,A10027168,road_legal_address_exact,100.0,100.0,1,48330|금오16길|122,48330|동면석산리|1447-4,strict_full_lot,False,
48330,남부동,601-1,신도시쌍용,신도시쌍용,양산신도시쌍용아파트,A62676504,A62676504,road_legal_address_exact,100.0,83.33333333333334,1,48330|양주로|97,48330|남부동|601-1,strict_full_lot,False,
48330,덕계동,1220,경보1,경보1,경보1차,A62684201,A62684201,road_legal_address_exact,100.0,85.71428571428572,1,48330|덕계회야길|7,48330|덕계동|1220,strict_full_lot,False,
48330,물금읍가촌리,1271-3,양우내안애1차,양우내안애1차,양우내안애1차,A62681109,A62681109,road_legal_address_exact,100.0,100.0,1,48330|야리로|30,48330|물금읍가촌리|1271-3,strict_full_lot,False,
48330,물금읍가촌리,1274-1,이지더원2차,이지더원2차,이지더원2차 그랜드파크,A10026931,A10026931,road_legal_address_exact,100.0,70.58823529411764,1,48330|물금로|75,48330|물금읍가촌리|1274-1,strict_full_lot,False,
48330,동면석산리,1448-5,남양산역반도유보라아이비파크6,남양산역반도유보라아이비파크6,남양산역 반도유보라 아이비파크6.0 아파트,A10027005,A10027005,road_legal_address_exact,100.0,96.7741935483871,1,48330|금오13길|38,48330|동면석산리|1448-5,strict_full_lot,False,
48330,중부동,310,동국에버리치,동국에버리치,,,TRADE_21795A3CA1DC,unmatched,0.0,0.0,0,48330|삼동1길|6,48330|중부동|310,strict_full_lot,True,
48330,삼호동,861,웅상신도시푸르지오,웅상신도시푸르지오,웅상신도시푸르지오,A62672306,A62672306,road_legal_address_exact,100.0,100.0,1,48330|삼호로|74,48330|삼호동|861,strict_full_lot,False,
48330,북부동,883,양산북부동지안스로가,양산북부동지안스로가아파트,양산 지안스로가아파트,A10025152,A10025152,road_legal_address_exact,100.0,82.35294117647058,1,48330|호국학도병길|17,48330|북부동|883,strict_full_lot,False,
48330,소주동,147-1,천성리버타운,천성리버타운,천성리버타운,A62670501,A62670501,road_legal_address_exact,100.0,100.0,1,48330|소주회야로|75,48330|소주동|147-1,strict_full_lot,False,
48330,물금읍범어리,2713-1,신창비바패밀리,신창비바패밀리,신창비바패밀리,A62681102,A62681102,road_legal_address_exact,100.0,100.0,1,48330|신주로|69,48330|물금읍범어리|2713-1,strict_full_lot,False,
48330,신기동,651-1,양산우방아이유쉘,양산우방아이유쉘,우방아이유쉘,A62675301,A62675301,road_legal_address_exact,100.0,85.71428571428572,1,48330|신기강변1길|11,48330|신기동|651-1,strict_full_lot,False,
48330,물금읍가촌리,1277-2,양산물금대방노블랜드5차에듀카운티,양산물금대방노블랜드5차에듀카운티,양산대방노블랜드5차에듀카운티,A10027515,A10027515,road_legal_address_exact,100.0,93.75,1,48330|새실로|115,48330|물금읍가촌리|1277-2,strict_full_lot,False,
48330,물금읍가촌리,1273-1,양산대방노블랜드7차메가시티,양산대방노블랜드7차메가시티,양산 대방노블랜드 7차 메가시티,A10026883,A10026883,road_legal_address_exact,100.0,100.0,1,48330|새실로|11,48330|물금읍가촌리|1273-1,strict_full_lot,False,
48330,물금읍범어리,2676-6,우남퍼스트빌,우남퍼스트빌,양산우남퍼스트빌,A62681414,A62681414,road_legal_address_exact,100.0,85.71428571428572,1,48330|신주로|40,48330|물금읍범어리|2676-6,strict_full_lot,False,
48330,물금읍범어리,2676-1,반도보라빌,반도보라빌,반도유보라,A62681412,A62681412,road_legal_address_exact,100.0,80.0,1,48330|신주로|16,48330|물금읍범어리|2676-1,strict_full_lot,False,
48330,평산동,163,선우4,선우4,선우4차아파트,A62684809,A62684809,road_legal_address_exact,100.0,85.71428571428572,1,48330|평산회야로|149,48330|평산동|163,strict_full_lot,False,
48330,명동,1079-3,명동삼한사랑채,명동삼한사랑채아파트,명동삼한사랑채,A10027793,A10027793,legal_address_exact,100.0,100.0,1,48330|대운로|145,48330|명동|1079-3,strict_full_lot,False,
48330,동면석산리,1451-1,양우내안애6차에코뷰,양우내안애6차에코뷰아파트,양산양우내안애6차에코뷰아파트,A10026914,A10026914,road_legal_address_exact,100.0,90.9090909090909,1,48330|금오15길|29,48330|동면석산리|1451-1,strict_full_lot,False,
48330,평산동,1204,양산평산kcc스위첸,양산 평산 KCC스위첸,,,TRADE_264C80556B96,unmatched,0.0,0.0,0,48330|평산회야로|167,48330|평산동|1204,strict_full_lot,True,
48330,평산동,1108-95,경보3,경보3,경보3차그린타워아파트,A62675505,A62675505,road_legal_address_exact,100.0,54.54545454545454,1,48330|평산회야로|33,48330|평산동|1108-95,strict_full_lot,False,
48330,물금읍가촌리,1271-1,양우내안애2차,양우내안애2차아파트,양우내안애2차 아파트,A10027443,A10027443,road_legal_address_exact,100.0,100.0,1,48330|물금로|160,48330|물금읍가촌리|1271-1,strict_full_lot,False,
48330,남부동,602-1,현대롯데청어람,현대롯데청어람,양산신도시 청어람 아파트,A62678507,A62678507,road_legal_address_exact,100.0,40.0,1,48330|양주로|94,48330|남부동|602-1,strict_full_lot,False,
48330,교동,605,일동미라주,일동미라주,교동일동미라주,A62621003,A62621003,road_legal_address_exact,100.0,83.33333333333334,1,48330|회현1길|48,48330|교동|605,strict_full_lot,False,
48330,하북면순지리,166-13,협진태양,협진태양,협진태양,A62686302,A62686302,road_legal_address_exact,100.0,100.0,1,48330|통도사로|5,48330|하북면순지리|166-13,strict_full_lot,False,
48330,북정동,563,대동2,대동2,북정대동2차,A62611001,A62611001,road_legal_address_exact,100.0,66.66666666666667,1,48330|북정로|86,48330|북정동|563,strict_full_lot,False,
48330,동면석산리,699-3,해강,해강,석산해강,A62682102,A62682102,manual_override,100.0,66.66666666666667,1,48330|석산5길|5,48330|동면석산리|699-3,strict_full_lot,False,K-apt 법정주소와 지번 일치
48330,물금읍범어리,2712-14,양산신도시반도유보라2차,양산신도시반도유보라2차,반도유보라2차,A62681105,A62681105,road_legal_address_exact,100.0,73.6842105263158,1,48330|범어로|57,48330|물금읍범어리|2712-14,strict_full_lot,False,
48330,평산동,564,태원,태원,태원아파트,A62675713,A62675713,road_legal_address_exact,100.0,100.0,1,48330|신명로|73,48330|평산동|564,strict_full_lot,False,
48330,교동,1022,양산교동월드메르디앙1단지,양산교동월드메르디앙1단지,,,TRADE_F7644241B0DB,unmatched,0.0,0.0,0,48330|교동1길|65,48330|교동|1022,strict_full_lot,True,
48330,신기동,169-4,해강,해강,신기해강아파트,A62613001,A62613001,legal_address_exact,100.0,66.66666666666667,1,48330|고향의봄10길|70,48330|신기동|169-4,strict_full_lot,False,
48330,물금읍가촌리,1303-1,양산대방노블랜드연리지,양산대방노블랜드연리지(2차),,,TRADE_D2C8B7152636,unmatched,0.0,0.0,0,48330|야리로|76,48330|물금읍가촌리|1303-1,strict_full_lot,True,
48330,북정동,436,대동빌라트,대동빌라트,북정대동3차,A62611002,A62611002,road_legal_address_exact,100.0,36.36363636363637,1,48330|북정로|118,48330|북정동|436,strict_full_lot,False,
48330,상북면대석리,664-1,웰빙타운102동,웰빙타운102동,,,TRADE_EF61DE4470BE,unmatched,0.0,0.0,0,48330|공암4길|32,48330|상북면대석리|664-1,strict_full_lot,True,
48330,물금읍범어리,682-1,현대1,현대1,범어현대아파트,A62677716,A62677716,road_legal_address_exact,100.0,57.14285714285714,1,48330|오봉로|180,48330|물금읍범어리|682-1,strict_full_lot,False,
48330,남부동,553-1,e편한세상,e-편한세상,1차e-편한세상아파트,A62670601,A62670601,road_legal_address_exact,100.0,83.33333333333334,1,48330|양주로|33,48330|남부동|553-1,strict_full_lot,False,
48330,물금읍가촌리,1304-1,양산대방노블랜드8차로얄카운티,양산대방노블랜드8차로얄카운티,대방노블랜드 8차 로얄카운티,A10026410,A10026410,road_legal_address_exact,100.0,92.85714285714286,1,48330|야리로|50,48330|물금읍가촌리|1304-1,strict_full_lot,False,
48330,남부동,565-1,양산신도시벽산블루밍,양산신도시 벽산블루밍,양산신도시 벽산블루밍 아파트,A62676402,A62676402,road_legal_address_exact,100.0,100.0,1,48330|양주로|39,48330|남부동|565-1,strict_full_lot,False,
48330,남부동,608-1,상록경남아너스빌,상록경남아너스빌,상록경남아너스빌,A62676305,A62676305,road_legal_address_exact,100.0,100.0,1,48330|양주로|16,48330|남부동|608-1,strict_full_lot,False,
48330,소주동,150,서창강변아이존빌스타,서창강변아이존빌스타아파트,아이존빌스타아파트,A10027389,A10027389,road_legal_address_exact,100.0,75.0,1,48330|소주회야로|93,48330|소주동|150,strict_full_lot,False,
48330,덕계동,362,대승하이아트1,대승하이아트1,양산대승하이아트아파트,A62671203,A62671203,road_legal_address_exact,100.0,80.0,1,48330|웅상대로|866,48330|덕계동|362,strict_full_lot,False,
48330,주진동,182-1,로즈힐,로즈힐,로즈힐아파트,A62631001,A62631001,road_legal_address_exact,100.0,100.0,1,48330|주진1길|43,48330|주진동|182-1,strict_full_lot,False,
48330,하북면지산리,17-16,대영파크맨션,대영파크맨션,대영파크맨션,A10021426,A10021426,legal_address_exact,100.0,100.0,1,48330|지산로|27-7,48330|하북면지산리|17-16,strict_full_lot,False,
48330,물금읍범어리,2676-15,일신건영휴먼빌,일신건영휴먼빌,일신건영휴먼빌,A62681411,A62681411,road_legal_address_exact,100.0,100.0,1,48330|범어로|11,48330|물금읍범어리|2676-15,strict_full_lot,False,
48330,물금읍범어리,2768-2,반도유보라4차,반도유보라4차,양산반도유보라4차,A10028198,A10028198,road_legal_address_exact,100.0,87.5,1,48330|백호로|91,48330|물금읍범어리|2768-2,strict_full_lot,False,
48330,물금읍범어리,2673-8,양산2차e편한세상,양산2차e편한세상,양산2차 e-편한세상,A62681417,A62681417,road_legal_address_exact,100.0,100.0,1,48330|신주로|35,48330|물금읍범어리|2673-8,strict_full_lot,False,
48330,물금읍범어리,2673-4,양산물금대방노블랜드1차,양산물금대방노블랜드1차,양산물금1차대방노블랜드,A62681108,A62681108,road_legal_address_exact,100.0,83.33333333333334,1,48330|신주1길|46,48330|물금읍범어리|2673-4,strict_full_lot,False,
48330,덕계동,881,부영벽산,부영벽산,,,TRADE_71B4BD713A78,unmatched,0.0,0.0,0,48330|덕계11길|12,48330|덕계동|881,strict_full_lot,True,
48330,평산동,1202,양산평산동삼한사랑채,양산평산동삼한사랑채,양산평산삼한사랑채2차아파트,A10027097,A10027097,road_legal_address_exact,100.0,85.71428571428572,1,48330|평산로|101-20,48330|평산동|1202,strict_full_lot,False,
48330,남부동,608-4,동원로얄듀크,동원로얄듀크,동원로얄듀크,A62676203,A62676203,road_legal_address_exact,100.0,100.0,1,48330|양주로|32,48330|남부동|608-4,strict_full_lot,False,
48330,물금읍가촌리,1272-10,이지더원1차에듀파크,이지더원1차에듀파크,이지더원1차에듀파크,A10027170,A10027170,road_legal_address_exact,100.0,100.0,1,48330|새실로|53,48330|물금읍가촌리|1272-10,strict_full_lot,False,
48330,삼호동,860,해인그린빌,해인그린빌,서창해인그린빌아파트,A62683704,A62683704,road_legal_address_exact,100.0,83.33333333333334,1,48330|삼호로|86,48330|삼호동|860,strict_full_lot,False,
48330,동면석산리,1450-1,e편한세상남양산2차,e편한세상남양산2차,e편한세상 남양산2차,A62682106,A62682106,road_legal_address_exact,100.0,100.0,1,48330|금오13길|71,48330|동면석산리|1450-1,strict_full_lot,False,
48330,동면석산리,1448-2,e편한세상남양산,e편한세상남양산,이편한세상남양산,A62682108,A62682108,road_legal_address_exact,100.0,87.5,1,48330|금오16길|65,48330|동면석산리|1448-2,strict_full_lot,False,
48330,물금읍가촌리,720,양산물금동일스위트,양산물금동일스위트,양산 물금 동일스위트,A62681106,A62681106,road_legal_address_exact,100.0,100.0,1,48330|가촌서로|93,48330|물금읍가촌리|720,strict_full_lot,False,
48330,소주동,960-10,서창대동,서창대동,서창대동,A62628004,A62628004,road_legal_address_exact,100.0,100.0,1,48330|소주로|182,48330|소주동|960-10,strict_full_lot,False,
48330,삼호동,991-2,서창아크리티,서창아크리티,,,TRADE_67A4B85B7E8F,unmatched,0.0,0.0,0,48330|삼호5길|15,48330|삼호동|991-2,strict_full_lot,True,
48330,덕계동,718-45,진명웅상쇼핑,진명웅상쇼핑,,,TRADE_2B71A2E69F83,unmatched,0.0,0.0,0,48330|덕계로|105,48330|덕계동|718-45,strict_full_lot,True,
48330,평산동,76-2,대우월드피아,대우월드피아,평산동 대우 월드피아,A10020704,A10020704,road_legal_address_exact,100.0,80.0,1,48330|평산중앙로|46,48330|평산동|76-2,strict_full_lot,False,
48330,평산동,51-5,새진흥7,새진흥7,새진흥7차아파트,A62684807,A62684807,road_legal_address_exact,100.0,88.88888888888889,1,48330|평산중앙4길|20,48330|평산동|51-5,strict_full_lot,False,
48330,신기동,508-3,신기주공,신기주공,신기주공,A62613003,A62613003,road_legal_address_exact,100.0,100.0,1,48330|신기서길|23,48330|신기동|508-3,strict_full_lot,False,
48330,소주동,306,세신,세신,세신크리스탈아파트,A62628002,A62628002,road_legal_address_exact,100.0,50.0,1,48330|번영로|441,48330|소주동|306,strict_full_lot,False,
48330,중부동,694-1,양산신도시뜰안채,양산신도시뜰안채아파트,양산신도시뜰안채아파트,A62677203,A62677203,road_legal_address_exact,100.0,100.0,1,48330|양주로|113,48330|중부동|694-1,strict_full_lot,False,
48330,동면석산리,1451-3,양산신도시2차동원로얄듀크,양산신도시2차동원로얄듀크,양산신도시2차동원로얄듀크,A62682109,A62682109,road_legal_address_exact,100.0,100.0,1,48330|금오15길|9,48330|동면석산리|1451-3,strict_full_lot,False,
48330,물금읍범어리,2785-4,반도유보라3차,반도유보라3차아파트,반도유보라3차,A62681107,A62681107,road_legal_address_exact,100.0,100.0,1,48330|서들로|179,48330|물금읍범어리|2785-4,strict_full_lot,False,
48330,물금읍가촌리,1285,양산신도시4차동원로얄듀크비스타,양산신도시4차동원로얄듀크비스타,양산4차동원로얄듀크비스타,A10026935,A10026935,road_legal_address_exact,100.0,89.65517241379311,1,48330|백호로|155,48330|물금읍가촌리|1285,strict_full_lot,False,
48330,상북면소토리,908,대우마리나,대우마리나,대우마리나,A62678407,A62678407,road_legal_address_exact,100.0,100.0,1,48330|감결길|17,48330|상북면소토리|908,strict_full_lot,False,
48330,평산동,1108-88,경보2,경보2,경보2차그린타워아파트,A62675508,A62675508,road_legal_address_exact,100.0,54.54545454545454,1,48330|평산회야로|51,48330|평산동|1108-88,strict_full_lot,False,
48330,물금읍범어리,2676-13,효성백년가약,효성백년가약,효성백년가약,A62681415,A62681415,road_legal_address_exact,100.0,100.0,1,48330|범어로|33,48330|물금읍범어리|2676-13,strict_full_lot,False,
48330,중부동,697-1,현대1,현대1,신도시현대아파트,A62605002,A62605002,road_legal_address_exact,100.0,50.0,1,48330|양주로|114,48330|중부동|697-1,strict_full_lot,False,
48330,동면석산리,1447-1,양산이지더원리버포레,양산이지더원리버포레,이지더원3차 리버포레,A10026810,A10026810,road_legal_address_exact,100.0,80.0,1,48330|금오16길|100,48330|동면석산리|1447-1,strict_full_lot,False,
48330,물금읍범어리,2712-12,우미린,우미린,양산물금우미린,A62681104,A62681104,road_legal_address_exact,100.0,60.0,1,48330|범어로|77,48330|물금읍범어리|2712-12,strict_full_lot,False,
48330,물금읍범어리,549-1,황전범어타운,황전범어타운,황전범어아파트,A62677310,A62677310,road_legal_address_exact,100.0,80.0,1,48330|오봉로|15,48330|물금읍범어리|549-1,strict_full_lot,False,
48330,평산동,117-1,선우2,선우2,선우2차 아파트,A62684804,A62684804,road_legal_address_exact,100.0,85.71428571428572,1,48330|평산11길|5,48330|평산동|117-1,strict_full_lot,False,
48330,물금읍가촌리,1278-2,양산물금대방노블랜드6차더클래스,양산물금대방노블랜드6차더클래스,양산물금대방노블랜드6차더클래스,A10027272,A10027272,road_legal_address_exact,100.0,100.0,1,48330|새실로|116,48330|물금읍가촌리|1278-2,strict_full_lot,False,
48330,동면석산리,1450-4,남양산금호어울림,남양산금호어울림,남양산역 금호어울림 아파트,A10026212,A10026212,road_legal_address_exact,100.0,94.11764705882352,1,48330|금오15길|10,48330|동면석산리|1450-4,strict_full_lot,False,
48330,물금읍가촌리,1302-1,양산대방노블랜드연리지,양산대방노블랜드연리지(3차),대방노블랜드연리지2차3차아파트,A10027265,A10027265,road_legal_address_exact,100.0,75.0,1,48330|야리로|90,48330|물금읍가촌리|1302-1,strict_full_lot,False,
48330,덕계동,758-10,세신상가,세신상가,,,TRADE_3A35E2B25333,unmatched,0.0,0.0,0,48330|덕계2길|5-21,48330|덕계동|758-10,strict_full_lot,True,
48330,삼호동,169,대동이미지타운1,대동이미지타운1,서창대동이미지타운1단지,A62683607,A62683607,road_legal_address_exact,100.0,80.0,1,48330|대운로|354,48330|삼호동|169,strict_full_lot,False,
48330,삼호동,171,대동이미지타운2,대동이미지타운2,대동이미지타운2단지,A62683605,A62683605,road_legal_address_exact,100.0,88.88888888888889,1,48330|대운로|338,48330|삼호동|171,strict_full_lot,False,
48330,덕계동,1103,동일스위트2,동일스위트2,동일스위트2차아파트,A62672404,A62672404,road_legal_address_exact,100.0,92.3076923076923,1,48330|덕계5길|14,48330|덕계동|1103,strict_full_lot,False,
48330,평산동,41,삼성명가타운,삼성명가타운,삼성명가타운,A62672012,A62672012,legal_address_exact,100.0,100.0,1,48330|평산중앙로|81,48330|평산동|41,strict_full_lot,False,
48330,물금읍물금리,800-5,양산물금양우내안애5차리버파크,양산물금양우내안애5차리버파크,양우내안애5차리버파크,A10027120,A10027120,road_legal_address_exact,100.0,84.61538461538461,1,48330|물금로|41,48330|물금읍물금리|800-5,strict_full_lot,False,
48330,북정동,884-2,새롬성원네오파트,새롬성원네오파트,새롬성원네오파트,A62611005,A62611005,road_legal_address_exact,100.0,100.0,1,48330|북정서길|16,48330|북정동|884-2,strict_full_lot,False,
48330,평산동,600,양산천성산한일유앤아이,양산천성산한일유앤아이아파트,천성산 한일유앤아이,A62684815,A62684815,road_legal_address_exact,100.0,90.0,1,48330|평산로|116,48330|평산동|600,strict_full_lot,False,
48330,물금읍가촌리,1290-3,양산신도시삼정그린코아더시티,양산신도시삼정그린코아더시티,양산 삼정그린코아더시티,A10026361,A10026361,road_legal_address_exact,100.0,88.0,1,48330|메기로|199,48330|물금읍가촌리|1290-3,strict_full_lot,False,
48330,명동,1077-1,명동2차화성파크드림,명동2차화성파크드림,명동2차화성파크드림,A62625003,A62625003,road_legal_address_exact,100.0,100.0,1,48330|신명동로|43,48330|명동|1077-1,strict_full_lot,False,
48330,물금읍범어리,2712-1,양산신도시현진에버빌,양산신도시현진에버빌,양산신도시현진에버빌,A62681406,A62681406,road_legal_address_exact,100.0,100.0,1,48330|신주로|64,48330|물금읍범어리|2712-1,strict_full_lot,False,
48330,중부동,697-1,현대2,현대2,신도시현대아파트,A62605002,A62605002,road_legal_address_exact,100.0,50.0,1,48330|양주로|114,48330|중부동|697-1,strict_full_lot,False,
48330,북부동,151-9,재흥,재흥,,,TRADE_FB68BB9911A4,unmatched,0.0,0.0,0,48330|북안남3길|39,48330|북부동|151-9,strict_full_lot,True,
48330,덕계동,1589,양산두산위브,양산두산위브,양산두산위브1차 아파트,A10025160,A10025160,road_legal_address_exact,100.0,85.71428571428572,1,48330|신덕계3길|36,48330|덕계동|1589,strict_full_lot,False,
48330,물금읍범어리,549,덕산타운,덕산타운,범어덕산타운,A62681409,A62681409,road_legal_address_exact,100.0,80.0,1,48330|오봉로|29,48330|물금읍범어리|549,strict_full_lot,False,
48330,어곡동,9-3,삼성로얄파크빌,삼성로얄파크빌,로얄파크빌,A62622001,A62622001,road_legal_address_exact,100.0,83.33333333333334,1,48330|두전길|18,48330|어곡동|9-3,strict_full_lot,False,
48330,북부동,153-7,신양주2,신양주2,,,TRADE_41CD15D26352,unmatched,0.0,0.0,0,48330|북안남8길|24,48330|북부동|153-7,strict_full_lot,True,
48330,물금읍범어리,2710-4,양산신도시3차동원로얄듀크비스타,양산신도시3차동원로얄듀크비스타,양산신도시3차 동원로얄듀크비스타,A10027035,A10027035,road_legal_address_exact,100.0,100.0,1,48330|범구로|28,48330|물금읍범어리|2710-4,strict_full_lot,False,
48330,북부동,769,한성,한성,,,TRADE_702FC50918C6,unmatched,0.0,0.0,0,48330|명곡로|102,48330|북부동|769,strict_full_lot,True,
48330,덕계동,1580,동양산우성스마트시티뷰,동양산 우성스마트시티 뷰,,,TRADE_808EF3E30390,unmatched,0.0,0.0,0,48330|덕계회야길|16,48330|덕계동|1580,strict_full_lot,True,
48330,중부동,696-1,대동황토방,대동황토방,양산신도시대동아파트,A62675804,A62675804,road_legal_address_exact,100.0,33.333333333333336,1,48330|양주로|154,48330|중부동|696-1,strict_full_lot,False,
48330,덕계동,811-45,대승하이아트2,대승하이아트2,대승하이아트2차 아파트,A62684202,A62684202,road_legal_address_exact,100.0,93.33333333333333,1,48330|덕계북길|9,48330|덕계동|811-45,strict_full_lot,False,
48330,하북면지산리,7-10,초원1,초원1,,,TRADE_8D968472977B,unmatched,0.0,0.0,0,48330|지산로|17,48330|하북면지산리|7-10,strict_full_lot,True,
48330,물금읍범어리,502-1,대동타운,대동타운,양산범어대동타운,A62677518,A62677518,road_legal_address_exact,100.0,66.66666666666667,1,48330|오봉로|165,48330|물금읍범어리|502-1,strict_full_lot,False,
48330,물금읍물금리,800-2,양산이지더원5차,양산이지더원5차아파트,이지더원5차,A10026776,A10026776,road_legal_address_exact,100.0,85.71428571428572,1,48330|물금로|57,48330|물금읍물금리|800-2,strict_full_lot,False,
48330,동면석산리,300,극동,극동,양산극동아파트,A62682104,A62682104,road_legal_address_exact,100.0,66.66666666666667,1,48330|계석로|10,48330|동면석산리|300,strict_full_lot,False,
48330,하북면순지리,616-6,미소드리움1차,미소드리움1차,,,TRADE_07127B773C40,unmatched,0.0,0.0,0,48330|신평5길|29,48330|하북면순지리|616-6,strict_full_lot,True,
48330,주남동,55-1,신원아침도시,신원아침도시,웅상신원아침도시,A62630001,A62630001,road_legal_address_exact,100.0,85.71428571428572,1,48330|대평들5길|16,48330|주남동|55-1,strict_full_lot,False,
48330,삼호동,857,유승한내들,유승한내들,유승한내들,A62683703,A62683703,road_legal_address_exact,100.0,100.0,1,48330|삼호로|98,48330|삼호동|857,strict_full_lot,False,
48330,명동,1080-7,화성파크드림,화성파크드림,웅상화성파크드림,A62625002,A62625002,road_legal_address_exact,100.0,85.71428571428572,1,48330|대운5길|7,48330|명동|1080-7,strict_full_lot,False,
48330,물금읍범어리,823,주공2,주공2,범어주공2차,A62677608,A62677608,road_legal_address_exact,100.0,66.66666666666667,1,48330|동중1길|21,48330|물금읍범어리|823,strict_full_lot,False,
48330,주진동,697,양산롯데캐슬,양산롯데캐슬,양산롯데캐슬아파트,A10027365,A10027365,road_legal_address_exact,100.0,100.0,1,48330|진등길|26,48330|주진동|697,strict_full_lot,False,
48330,북부동,154-11,삼우,삼우,,,TRADE_EFAA005F3826,unmatched,0.0,0.0,0,48330|북안남1길|45,48330|북부동|154-11,strict_full_lot,True,
48330,평산동,391,새진흥5,새진흥5,새진흥5차아파트,A62684806,A62684806,road_legal_address_exact,100.0,88.88888888888889,1,48330|평산13길|19,48330|평산동|391,strict_full_lot,False,
48330,상북면대석리,665,일양하이츠타운,일양하이츠타운,양산일양하이츠아파트,A62678205,A62678205,road_legal_address_exact,100.0,71.42857142857143,1,48330|공암길|26,48330|상북면대석리|665,strict_full_lot,False,
48330,물금읍가촌리,1284,우성스마트시티뷰,우성스마트시티뷰,우성스마트시티뷰아파트,A10027036,A10027036,road_legal_address_exact,100.0,100.0,1,48330|백호로|156,48330|물금읍가촌리|1284,strict_full_lot,False,
48330,북부동,154-10,신양주1,신양주1,,,TRADE_F9680FA25A65,unmatched,0.0,0.0,0,48330|북안남6길|28,48330|북부동|154-10,strict_full_lot,True,
48330,중부동,314,더블루,더블루,,,TRADE_73F4514DFF56,unmatched,0.0,0.0,0,48330|삼일로|110,48330|중부동|314,strict_full_lot,True,
48330,평산동,568-20,덕계동일스위트1,덕계동일스위트1,덕계동일스위트1,A62684810,A62684810,road_legal_address_exact,100.0,100.0,1,48330|신명로|88,48330|평산동|568-20,strict_full_lot,False,
48330,신기동,511-3,대동서안한마음,대동서안한마음,신기한마음,A62675402,A62675402,road_legal_address_exact,100.0,50.0,1,48330|신기서길|14,48330|신기동|511-3,strict_full_lot,False,
48330,소주동,535,새진흥4,새진흥4,새진흥4차아파트,A62628003,A62628003,road_legal_address_exact,100.0,88.88888888888889,1,48330|모래들1길|14,48330|소주동|535,strict_full_lot,False,
48330,중부동,431-2,삼창,삼창,,,TRADE_D5C2DC11FBA8,unmatched,0.0,0.0,0,48330|서일동4길|12,48330|중부동|431-2,strict_full_lot,True,
48330,삼호동,653-1,대진칸트리타운2,대진칸트리타운2,대진칸트리2차아파트,A10022190,A10022190,road_legal_address_exact,100.0,80.0,1,48330|서창서1길|7,48330|삼호동|653-1,strict_full_lot,False,
48330,삼호동,992-3,삼익,삼익,,,TRADE_195259218B9B,unmatched,0.0,0.0,0,48330|삼호5길|14,48330|삼호동|992-3,strict_full_lot,True,
48330,삼호동,651-1,대진칸트리타운1,대진칸트리타운1,,,TRADE_32E6426EB6E7,unmatched,0.0,0.0,0,48330|서창서1길|15,48330|삼호동|651-1,strict_full_lot,True,
48330,물금읍가촌리,1276-1,양산신도시한양수자인더퍼스트,양산신도시한양수자인더퍼스트,양산 한양수자인 더퍼스트,A10026437,A10026437,road_legal_address_exact,100.0,88.0,1,48330|물금로|76,48330|물금읍가촌리|1276-1,strict_full_lot,False,
48330,북부동,153-6,제일,제일,,,TRADE_992F3E0B112B,unmatched,0.0,0.0,0,48330|북안남2길|53,48330|북부동|153-6,strict_full_lot,True,
48330,소주동,443,원진,원진,원진아파트,A62628001,A62628001,road_legal_address_exact,100.0,100.0,1,48330|소주회야로|45-153,48330|소주동|443,strict_full_lot,False,
26110,영주동,5,우남이채롬,우남이채롬,우남이채롬아파트,A10021404,A10021404,road_legal_address_exact,100.0,100.0,1,26110|초량상로|13,26110|영주동|5,standard,False,
26110,보수동3가,40-5,선경에이스,선경에이스,,,TRADE_D5A41E16C4B9,unmatched,0.0,0.0,0,26110|흑교로67번길|30,26110|보수동3가|40-5,standard,True,
26110,대창동1가,54-67,부원,부원,부원아파트,A10021198,A10021198,road_legal_address_exact,100.0,100.0,1,26110|중앙대로115번길|1-6,26110|대창동1가|54-67,standard,False,
26110,보수동2가,38-1,흑교,흑교,,,TRADE_1906136C6B6F,unmatched,0.0,0.0,0,26110|흑교로87번길|3-1,26110|보수동2가|38-1,standard,True,
26110,보수동1가,41-1,대림에이스타운,대림에이스타운,대림에이스타운,A10021353,A10021353,road_legal_address_exact,100.0,100.0,1,26110|법수길|72,26110|보수동1가|41-1,standard,False,
26110,영주동,106-9,동주파크,동주파크,,,TRADE_EA33ABCCD52B,unmatched,0.0,19.999999999999996,5,26110|망양로|405,26110|영주동|106-9,standard,True,
26110,보수동3가,73-35,보수3차봄여름가을겨울,보수3차봄여름가을겨울,,,TRADE_8A56B3EACC21,unmatched,0.0,0.0,0,26110|대청로|23,26110|보수동3가|73-35,standard,True,
26110,영주동,160,동아,동아(160-0),영주동아11블럭아파트,A60011204,A60011204,road_legal_address_exact,100.0,40.0,1,26110|영주로|65,26110|영주동|160,standard,False,
26110,보수동1가,산3-148,시영,시영,,,TRADE_9CAA44AE0D44,unmatched,0.0,0.0,1,26110|망양로319번길|24,26110|보수동1가|산3-148,standard,True,
26110,보수동1가,11-5,미소지음주상복합,미소지음주상복합,,,TRADE_538271B9106A,unmatched,0.0,0.0,1,26110|흑교로|92,26110|보수동1가|11-5,standard,True,
26110,보수동2가,118-8,대성아르빌,대성아르빌,,,TRADE_9B674BCF7C10,unmatched,0.0,0.0,0,26110|흑교로45번길|5-1,26110|보수동2가|118-8,standard,True,
26110,영주동,92,동아,동아(92-0),영주동아아파트9B,A60011201,A60011201,road_legal_address_exact,100.0,50.0,1,26110|영주로|73,26110|영주동|92,standard,False,
26140,아미동2가,41-1,남부,남부,,,TRADE_EB0FD844CEB6,unmatched,0.0,0.0,1,26140|까치고개로197번길|25-1,26140|아미동2가|41-1,standard,True,
26140,암남동,171-18,송도맨션,송도맨션,,,TRADE_8FF1DDBD2167,unmatched,0.0,50.0,14,26140|충무대로82번길|21,26140|암남동|171-18,standard,True,
26140,암남동,81-23,삼경빌라맨션,삼경빌라맨션,송도삼경빌라아파트,A60283203,A60283203,road_legal_address_exact,100.0,66.66666666666667,1,26140|감천로|277,26140|암남동|81-23,standard,False,
26140,암남동,604-2,송도혜성비치타운,송도혜성비치타운,혜성비치타운,A60283301,A60283301,road_legal_address_exact,100.0,85.71428571428572,1,26140|암남공원로|52,26140|암남동|604-2,standard,False,
26140,서대신동2가,5-3,석포로얄캐슬2차,석포로얄캐슬2차,,,TRADE_08A94AB1F652,unmatched,0.0,25.0,3,26140|구덕로315번길|18,26140|서대신동2가|5-3,standard,True,
26140,동대신동3가,190,동대센츄럴타운,동대센츄럴타운,,,TRADE_E0EAD94B49C5,unmatched,0.0,30.000000000000004,3,26140|구덕로346번길|4,26140|동대신동3가|190,standard,True,
26140,서대신동3가,360-5,한우리타워4차,한우리타워4차,,,TRADE_27CD45DB3FA5,unmatched,0.0,18.181818181818176,8,26140|대영로45번길|72,26140|서대신동3가|360-5,standard,True,
26140,부용동1가,46-8,부용동한웅드리머스,부용동한웅드리머스,한웅드리머스아파트,A10027586,A10027586,legal_address_exact,100.0,80.0,1,26140|구덕로238번길|13,26140|부용동1가|46-8,standard,False,
26140,토성동1가,51-1,봄여름가을겨울,봄여름가을겨울,봄여름가을겨울아파트,A60276401,A60276401,road_legal_address_exact,100.0,100.0,1,26140|보수대로|15,26140|토성동1가|51-1,standard,False,
26140,남부민동,523-1,대림비치,대림비치,송도대림아파트,A60280302,A60280302,road_legal_address_exact,100.0,50.0,1,26140|충무대로|133,26140|남부민동|523-1,standard,False,
26140,토성동1가,23-4,토성파크,토성파크아파트,,,TRADE_A2CF23FA6C0C,unmatched,0.0,30.76923076923077,2,26140|구덕로124번길|58,26140|토성동1가|23-4,standard,True,
26140,암남동,118-5,대동맨션,대동맨션,,,TRADE_8B8529FBDEAE,unmatched,0.0,25.0,14,26140|천마로|57,26140|암남동|118-5,standard,True,
26140,충무동2가,33-1,대륙천마b,대륙천마B,,,TRADE_D4BE30996930,unmatched,0.0,0.0,0,26140|천마로205번길|45-5,26140|충무동2가|33-1,standard,True,
26140,동대신동1가,320-3,미소지음,미소지음,,,TRADE_378B978E5318,unmatched,0.0,0.0,1,26140|보수대로|145,26140|동대신동1가|320-3,standard,True,
26140,서대신동2가,270,보람,보람,보람더하임아파트,A60282001,A60282001,road_legal_address_exact,100.0,57.14285714285714,1,26140|대영로|24,26140|서대신동2가|270,standard,False,
26140,암남동,115-49,삼경맨션,삼경맨션,,,TRADE_AF73D8BB4E63,unmatched,0.0,40.0,14,26140|충무대로83번길|51,26140|암남동|115-49,standard,True,
26140,암남동,16-6,송도동일스위트,송도동일스위트,송도동일스위트,A60283102,A60283102,road_legal_address_exact,100.0,100.0,1,26140|성산길|47-17,26140|암남동|16-6,standard,False,
26140,서대신동3가,19-9,대림e편한세상,대림e편한세상,유진대림아파트,A60282101,A60282101,road_legal_address_exact,100.0,36.36363636363637,1,26140|보수대로320번길|11,26140|서대신동3가|19-9,standard,False,
26140,동대신동2가,287,이지벨빌리지,이지벨빌리지,,,TRADE_615B6C9B63C3,unmatched,0.0,0.0,1,26140|대영로|89,26140|동대신동2가|287,standard,True,
26140,아미동2가,123-1,일광,일광,,,TRADE_3E7471D57E3C,unmatched,0.0,0.0,1,26140|까치고개로|189,26140|아미동2가|123-1,standard,True,
26170,수정동,1352,협성휴포레부산진역오션뷰,협성휴포레부산진역오션뷰,협성휴포레부산진역오션뷰아파트,A10025380,A10025380,road_legal_address_exact,100.0,100.0,1,26170|중앙대로|357,26170|수정동|1352,standard,False,
26170,범일동,830-77,봄여름가을겨울,봄여름가을겨울,,,TRADE_6055190ADE71,unmatched,0.0,0.0,9,26170|자성로133번길|46,26170|범일동|830-77,standard,True,
26170,초량동,865-31,동일파크,동일파크,,,TRADE_52E151624DB5,unmatched,0.0,22.22222222222222,10,26170|망양로|483,26170|초량동|865-31,standard,True,
26170,범일동,1307-14,범일동서면영동리원,범일동서면영동리원,,,TRADE_4FD83C287C13,unmatched,0.0,22.22222222222222,9,26170|범곡북로|15,26170|범일동|1307-14,standard,True,
26170,좌천동,630,그린아일,그린아일,,,TRADE_C5D5E73C14A4,unmatched,0.0,18.181818181818176,5,26170|고관로|172-1,26170|좌천동|630,standard,True,
26170,범일동,830-197,범일역이즈팰리스,범일역이즈팰리스,,,TRADE_8BEF09701542,unmatched,0.0,33.333333333333336,9,26170|조방로26번길|7,26170|범일동|830-197,standard,True,
26170,초량동,49-6,센텀동원2차,센텀동원2차,,,TRADE_0F0845812C5E,unmatched,0.0,42.85714285714286,10,26170|고관로7번길|11,26170|초량동|49-6,standard,True,
26170,좌천동,734-4,제일,제일,,,TRADE_E9F1913E8008,unmatched,0.0,18.181818181818176,5,26170|증산로|97,26170|좌천동|734-4,standard,True,
26170,수정동,1161-7,수정,수정(1161-7),,,TRADE_E242B8901AAC,unmatched,0.0,0.0,3,26170|수정공원남로|66,26170|수정동|1161-7,standard,True,
26170,초량동,110-2,대근스카이,대근스카이,,,TRADE_F87CBA95C285,unmatched,0.0,37.5,10,26170|고관로13번길|55,26170|초량동|110-2,standard,True,
26170,초량동,890-1,전원파크맨션,전원파크맨션아파트,,,TRADE_A71774C8B051,unmatched,0.0,28.57142857142857,10,26170|망양로|475,26170|초량동|890-1,standard,True,
26170,수정동,771-11,협성파크,협성파크,,,TRADE_4F8E134026B8,unmatched,0.0,25.0,3,26170|수정공원로|55,26170|수정동|771-11,standard,True,
26170,좌천동,187-5,선경뉴빌,선경뉴빌,,,TRADE_FFD4A5F5A17C,unmatched,0.0,15.384615384615385,5,26170|자성로8번길|12,26170|좌천동|187-5,standard,True,
26170,범일동,1486-18,아름빌104동,아름빌104동,,,TRADE_190CE5F6FD8B,unmatched,0.0,0.0,9,26170|범곡북로|29,26170|범일동|1486-18,standard,True,
26170,수정동,288-5,베스안하우스,베스안하우스,,,TRADE_946BDA79047F,unmatched,0.0,12.5,3,26170|고관로|107-6,26170|수정동|288-5,standard,True,
26170,범일동,1315-3,옛고을,옛고을,,,TRADE_4E7DEAB40DE8,unmatched,0.0,0.0,9,26170|범곡로|15,26170|범일동|1315-3,standard,True,
26200,대평동1가,1,대동대교맨션,대동대교맨션,대동대교아파트,A60675701,A60675701,road_legal_address_exact,100.0,80.0,1,26200|대평로|16,26200|대평동1가|1,standard,False,
26200,동삼동,363-46,삼창파크타운3차,삼창파크타운3차,,,TRADE_6BAFCE239EDA,unmatched,0.0,57.14285714285714,23,26200|동삼로29번길|7,26200|동삼동|363-46,standard,True,
26200,동삼동,219-145,대성베른시티2동,대성베른시티2동,,,TRADE_4EFB6363D48C,unmatched,0.0,22.22222222222222,23,26200|동삼북로|19,26200|동삼동|219-145,standard,True,
26200,동삼동,402-4,삼창파크타운5동6동,삼창파크타운5동6동,삼창파크5동6동,A60680702,A60680702,road_legal_address_exact,100.0,88.88888888888889,1,26200|절영로|551,26200|동삼동|402-4,standard,False,
26200,봉래동1가,77,영광골든타워,영광골든타워,,,TRADE_7F206420A983,unmatched,0.0,0.0,0,26200|절영로|4,26200|봉래동1가|77,standard,True,
26200,동삼동,363-40,삼창파크맨션2동,삼창파크맨션2동,,,TRADE_4B57145EA843,unmatched,0.0,62.5,23,26200|절영로|550,26200|동삼동|363-40,standard,True,
26200,동삼동,314,태림,태림,태림아파트 ,A10020370,A10020370,road_legal_address_exact,100.0,100.0,1,26200|웃서발로|92,26200|동삼동|314,standard,False,
26200,동삼동,1171,영도일동미라주브라이튼,영도일동미라주브라이튼(2단지),일동미라주브라이튼,A10028116,A10028116,dong_fuzzy,90.0,90.0,23,26200|동삼로|98,26200|동삼동|1171,standard,False,
26200,영선동2가,175,동부산아이존빌,동부산아이존빌,동부산아이존빌아파트,A60674101,A60674101,road_legal_address_exact,100.0,100.0,1,26200|영선대로|98,26200|영선동2가|175,standard,False,
26200,청학동,489-30,원우엔리치빌,원우엔리치빌,원우엔리치빌,A60607002,A60607002,road_legal_address_exact,100.0,100.0,1,26200|조내기로|38,26200|청학동|489-30,standard,False,
26200,동삼동,510-2,절영,절영아파트(208동-214동),절영아파트,A60680912,A60680912,road_address_exact,100.0,100.0,1,26200|와치로|231,26200|동삼동|510-2,standard,False,
26200,동삼동,557,전원파크맨션,전원파크맨션,,,TRADE_643D0667F831,unmatched,0.0,33.333333333333336,23,26200|중리북로|10,26200|동삼동|557,standard,True,
26200,동삼동,1170,영도일동미라주브라이튼,영도일동미라주브라이튼(1단지),일동미라주브라이튼,A10028116,A10028116,road_legal_address_exact,100.0,90.0,1,26200|동삼북로|20,26200|동삼동|1170,standard,False,
26200,동삼동,219-61,장원,장원,,,TRADE_521D15DF5505,unmatched,0.0,0.0,23,26200|동삼서로|52,26200|동삼동|219-61,standard,True,
26200,동삼동,679-1,동삼동삼창그린타운,동삼동삼창그린타운(679-1),삼창그린타운,A60680701,A60680701,road_legal_address_exact,100.0,80.0,1,26200|태종로700번길|19,26200|동삼동|679-1,standard,False,
26200,대평동1가,119,대동,대동,,,TRADE_E3826330E7CB,unmatched,0.0,66.66666666666667,1,26200|대평로19번길|12,26200|대평동1가|119,standard,True,
26200,동삼동,510-33,국제마마뉴비치타운,국제마마뉴비치타운,국제마마뉴비치,A60680909,A60680909,road_legal_address_exact,100.0,87.5,1,26200|중리로|32,26200|동삼동|510-33,standard,False,
26200,남항동3가,141-113,현대,현대,,,TRADE_F52E2D4F5368,unmatched,0.0,0.0,0,26200|남항남로|52,26200|남항동3가|141-113,standard,True,
26200,영선동2가,25-7,영림,영림,,,TRADE_F280B32D4A85,unmatched,0.0,0.0,1,26200|절영로93번길|40-12,26200|영선동2가|25-7,standard,True,
26200,동삼동,244-8,신흥동백2,신흥동백2,,,TRADE_BF56205BB17D,unmatched,0.0,33.333333333333336,23,26200|동삼동로|13,26200|동삼동|244-8,standard,True,
26200,영선동4가,1106,동산,동산(1106),,,TRADE_058D2D08C7C3,unmatched,0.0,22.22222222222222,2,26200|절영로|239,26200|영선동4가|1106,standard,True,
26230,개금동,135-4,영화,영화,,,TRADE_97C5836A972D,unmatched,0.0,33.333333333333336,23,26230|가야대로507번가길|18,26230|개금동|135-4,standard,True,
26230,양정동,174,지산비바체,지산비바체,,,TRADE_4604AD5CDB85,unmatched,0.0,11.111111111111116,13,26230|동평로405번길|114,26230|양정동|174,standard,True,
26230,전포동,312-31,스윗팰리스,스윗팰리스,,,TRADE_7B95B50AB73A,unmatched,0.0,16.666666666666664,23,26230|전포대로|204,26230|전포동|312-31,standard,True,
26230,전포동,595-20,청아,청아,,,TRADE_40FDB9DEA82D,unmatched,0.0,25.0,23,26230|동성로|140,26230|전포동|595-20,standard,True,
26230,초읍동,322-1,대진파레스필즈,대진파레스필즈,초읍대진아파트,A61487301,A61487301,road_legal_address_exact,100.0,36.36363636363637,1,26230|성지곡로|60,26230|초읍동|322-1,standard,False,
26230,범천동,878-6,스타파크,스타파크,,,TRADE_A1F148D8AA97,unmatched,0.0,19.999999999999996,24,26230|범일로|169-1,26230|범천동|878-6,standard,True,
26230,범천동,1252-125,세인한아름,세인한아름,,,TRADE_E188A1526FCF,unmatched,0.0,16.666666666666664,24,26230|만리산로|67,26230|범천동|1252-125,standard,True,
26230,연지동,41-30,이즈아트빌,이즈아트빌,,,TRADE_C5844F501053,unmatched,0.0,18.181818181818176,14,26230|성지로8번길|26,26230|연지동|41-30,standard,True,
26230,개금동,19-2,현대,현대,개금현대아파트,A61480906,A61480906,road_legal_address_exact,100.0,66.66666666666667,1,26230|개금본동로|34,26230|개금동|19-2,standard,False,
26230,개금동,10,성도,성도,개금성도,A61411303,A61411303,road_legal_address_exact,100.0,66.66666666666667,1,26230|개금본동로22번길|31,26230|개금동|10,standard,False,
26230,양정동,401-5,대능더에스티지,대능더에스티지,,,TRADE_E7F374A26AC3,unmatched,0.0,30.76923076923077,13,26230|중앙대로|889-1,26230|양정동|401-5,standard,True,
26230,양정동,343-3,수목하우스,수목하우스,,,TRADE_EA4EDFBF2FFE,unmatched,0.0,18.181818181818176,13,26230|양지로5번길|77,26230|양정동|343-3,standard,True,
26230,부전동,418-20,대원,대원,,,TRADE_0578C0076F05,unmatched,0.0,18.181818181818176,7,26230|부전로95번길|18,26230|부전동|418-20,standard,True,
26230,전포동,695-5,보해이브빌,보해이브빌,,,TRADE_A146D8EA1DB5,unmatched,0.0,19.999999999999996,23,26230|전포대로|179,26230|전포동|695-5,standard,True,
26230,가야동,668,벽산1,벽산1,가야벽산아파트,A61476403,A61476403,road_legal_address_exact,100.0,57.14285714285714,1,26230|엄광로|68,26230|가야동|668,standard,False,
26230,초읍동,165-7,황금빌리지,황금빌리지,,,TRADE_F226ECF0BD7E,unmatched,0.0,19.999999999999996,10,26230|성지로150번길|20-10,26230|초읍동|165-7,standard,True,
26230,부암동,303-6,럭키무지개타운,럭키무지개타운,서면럭키무지개아파트,A61483802,A61483802,road_legal_address_exact,100.0,71.42857142857143,1,26230|신천대로|279,26230|부암동|303-6,standard,False,
26230,가야동,669-9,벽산2,벽산2,가야벽산아파트,A61476403,A61476403,road_address_exact,100.0,57.14285714285714,1,26230|엄광로|68,26230|가야동|669-9,standard,False,
26230,당감동,447-1,삼익9동,삼익9동,서면삼익아파트,A61410304,A61410304,road_address_exact,100.0,50.0,1,26230|당감로|17,26230|당감동|447-1,standard,False,
26230,연지동,41-7,연지센트럴파크,연지센트럴파크,,,TRADE_01DC674EC858,unmatched,0.0,36.36363636363637,14,26230|성지로8번길|30,26230|연지동|41-7,standard,True,
26230,전포동,362-3,유성해네스타워,유성해네스타워,유성해네스타워,A10020951,A10020951,road_legal_address_exact,100.0,100.0,1,26230|전포대로|170,26230|전포동|362-3,standard,False,
26230,초읍동,271-4,선경,선경,선경성지곡아파트,A61487104,A61487104,road_legal_address_exact,100.0,57.14285714285714,1,26230|새싹로|221,26230|초읍동|271-4,standard,False,
26230,개금동,197-5,성원쌍떼뷰,성원쌍떼뷰,성원상떼뷰,A61481301,A61481301,road_legal_address_exact,100.0,80.0,1,26230|개금온정로|5,26230|개금동|197-5,standard,False,
26230,범전동,43-4,범전시영1동,범전시영1동,,,TRADE_7AFFFB043E93,unmatched,0.0,0.0,1,26230|범양로|6,26230|범전동|43-4,standard,True,
26230,전포동,694-5,세경hub센트럴시티,세경HUB센트럴시티,,,TRADE_A8308D826900,unmatched,0.0,22.22222222222222,23,26230|서전로38번길|89,26230|전포동|694-5,standard,True,
26230,범천동,844-3,우일아내트,우일아내트,,,TRADE_3357921DA151,unmatched,0.0,33.333333333333336,24,26230|중앙번영로|12-1,26230|범천동|844-3,standard,True,
26230,개금동,198-1,개금블루스카이,개금블루스카이,,,TRADE_0283771D7A54,unmatched,0.0,46.15384615384615,23,26230|개금온정로|6,26230|개금동|198-1,standard,True,
26230,초읍동,671,혜도인파크에비뉴연지,혜도인파크에비뉴연지,혜도인파크에비뉴연지아파트,A10026454,A10026454,road_legal_address_exact,100.0,100.0,1,26230|새싹로|229,26230|초읍동|671,standard,False,
26230,부암동,65-17,부암동리젠트힐,부암동리젠트힐,,,TRADE_42540E150312,unmatched,0.0,36.36363636363637,27,26230|신천대로|242,26230|부암동|65-17,standard,True,
26230,가야동,361-85,가야삼정그린코아,가야삼정그린코아,가야삼정그린코아아파트,A61401001,A61401001,road_legal_address_exact,100.0,100.0,1,26230|엄광로238번길|5,26230|가야동|361-85,standard,False,
26230,전포동,582,금오아트빌,금오아트빌,,,TRADE_71337406D160,unmatched,0.0,30.76923076923077,23,26230|전포대로298번길|9-11,26230|전포동|582,standard,True,
26230,범천동,966-8,서면동일스위트,서면동일스위트,서면동일스위트,A61476003,A61476003,road_legal_address_exact,100.0,100.0,1,26230|범천로12번길|8,26230|범천동|966-8,standard,False,
26230,범전동,9-151,동원,동원,,,TRADE_CB052E560F0A,unmatched,0.0,0.0,1,26230|양성로|23,26230|범전동|9-151,standard,True,
26230,범천동,859-7,대동레미안,대동레미안,,,TRADE_6FCC46BDC12D,unmatched,0.0,62.5,24,26230|중앙대로644번길|62,26230|범천동|859-7,standard,True,
26230,가야동,611-5,가야일산주택,가야일산주택,,,TRADE_CB990550D60B,unmatched,0.0,60.0,12,26230|가야대로510번길|78,26230|가야동|611-5,standard,True,
26230,전포동,193-33,명가포레스트,명가포레스트,,,TRADE_FFD104985BBC,unmatched,0.0,23.529411764705888,23,26230|서전로57번길|41,26230|전포동|193-33,standard,True,
26230,전포동,362-65,전포유림노르웨이숲,전포유림노르웨이숲,,,TRADE_F258CEB8190C,unmatched,0.0,63.1578947368421,23,26230|전포대로|148,26230|전포동|362-65,standard,True,
26230,범천동,882-24,에스제이파베르,에스제이파베르,,,TRADE_32EEB099D036,unmatched,0.0,30.76923076923077,24,26230|범일로|161-1,26230|범천동|882-24,standard,True,
26230,범천동,854-2,범내골역이즈팰리스,범내골역이즈팰리스,,,TRADE_33A6118F8C5D,unmatched,0.0,57.14285714285714,24,26230|황령대로18번길|22,26230|범천동|854-2,standard,True,
26230,부전동,417-6,대동레미안더오션2,대동레미안더오션2,,,TRADE_CDA05D79ED89,unmatched,0.0,15.384615384615385,7,26230|가야대로755번길|26,26230|부전동|417-6,standard,True,
26230,범천동,1284-1,성림타워,성림타워,,,TRADE_B88C85B1CA05,unmatched,0.0,40.0,24,26230|신암로|51-6,26230|범천동|1284-1,standard,True,
26230,개금동,796,개금롯데캐슬,개금롯데캐슬,개금롯데캐슬아파트,A61471201,A61471201,road_legal_address_exact,100.0,100.0,1,26230|개금온정로|10,26230|개금동|796,standard,False,
26230,초읍동,408-1,부성,부성,,,TRADE_AE71B4A4D6B7,unmatched,0.0,28.57142857142857,10,26230|성지로104번길|71,26230|초읍동|408-1,standard,True,
26230,범천동,842-2,두산위브센티움,두산위브센티움,두산위브센티움,A61402002,A61402002,road_legal_address_exact,100.0,100.0,1,26230|자유평화로37번길|67,26230|범천동|842-2,standard,False,
26230,개금동,410,진일,진일,,,TRADE_81B91504CD39,unmatched,0.0,33.333333333333336,23,26230|개금본동로66번길|28,26230|개금동|410,standard,True,
26230,당감동,128-2,벽산블루밍,벽산블루밍,신가야벽산블루밍,A61481601,A61481601,road_legal_address_exact,100.0,76.92307692307692,1,26230|마철로|98,26230|당감동|128-2,standard,False,
26230,범천동,1643,범일역풍림아이원,범일역풍림아이원,범일역풍림아이원,A61402004,A61402004,road_legal_address_exact,100.0,100.0,1,26230|범일로154번길|33,26230|범천동|1643,standard,False,
26230,초읍동,351-12,월드드림빌,월드드림빌,,,TRADE_0CE9E1205895,unmatched,0.0,23.529411764705888,10,26230|성지곡로|21,26230|초읍동|351-12,standard,True,
26230,당감동,479-6,성지백양,성지백양,,,TRADE_E6FDC129DD0C,unmatched,0.0,50.0,17,26230|백양대로136번길|76-15,26230|당감동|479-6,standard,True,
26230,부암동,69-5,메리움,메리움,메리움아파트,A61483601,A61483601,road_legal_address_exact,100.0,100.0,1,26230|신천대로|246,26230|부암동|69-5,standard,False,
26230,전포동,192-14,서포맨션,서포맨션,,,TRADE_63F99D93CD72,unmatched,0.0,50.0,23,26230|서전로57번길|42,26230|전포동|192-14,standard,True,
26230,범천동,974-2,골든팰리스더리치,골든팰리스더리치,골든팰리스더리치,A10020856,A10020856,legal_address_exact,100.0,100.0,1,26230|범천로12번길|13-1,26230|범천동|974-2,standard,False,
26230,초읍동,670,삼정그린코아,삼정그린코아,,,TRADE_6B74ED97E0D1,unmatched,0.0,42.85714285714286,10,26230|월드컵대로467번길|41,26230|초읍동|670,standard,True,
26230,개금동,1-4,삼환,삼환,개금삼환,A61480902,A61480902,road_legal_address_exact,100.0,66.66666666666667,1,26230|백양대로208번길|133,26230|개금동|1-4,standard,False,
26230,전포동,327-22,우영,우영,,,TRADE_0AE493C4F693,unmatched,0.0,33.333333333333336,23,26230|진남로356번길|22,26230|전포동|327-22,standard,True,
26230,범천동,871-1,강진융프라우,강진융프라우,,,TRADE_843F3476B05D,unmatched,0.0,18.181818181818176,24,26230|중앙대로621번길|25,26230|범천동|871-1,standard,True,
26230,가야동,82-6,가야센트리움,가야센트리움,,,TRADE_1DD9F9B67D78,unmatched,0.0,66.66666666666667,12,26230|가야대로587번길|11-26,26230|가야동|82-6,standard,True,
26230,부전동,410-9,양지코쿤,양지코쿤,,,TRADE_A1916CDF3CE5,unmatched,0.0,0.0,7,26230|서면문화로53번길|41,26230|부전동|410-9,standard,True,
26230,부암동,80-6,삼부로얄,삼부로얄,,,TRADE_2FEA3451768B,unmatched,0.0,25.0,27,26230|시민공원로19번길|54,26230|부암동|80-6,standard,True,
26230,초읍동,269-8,초읍우신,초읍우신(269-8),초읍한신아파트,A61487305,A61487305,dong_fuzzy,75.0,75.0,10,26230|새싹로|196-1,26230|초읍동|269-8,standard,True,
26230,양정동,272-9,양정이즈팰리스,양정이즈팰리스,양정퀸즈팰리스,A10027048,A10027048,dong_fuzzy,85.71428571428572,85.71428571428572,13,26230|연수로11번길|21,26230|양정동|272-9,standard,True,
26260,안락동,465-1,한우,한우,안락 한우아파트,A10021261,A10021261,road_legal_address_exact,100.0,66.66666666666667,1,26260|충렬대로457번길|72,26260|안락동|465-1,standard,False,
26260,명륜동,752,명륜동skview,명륜동SK-VIEW,명륜SKView,A60701001,A60701001,road_legal_address_exact,100.0,94.11764705882352,1,26260|명륜로236번길|9,26260|명륜동|752,standard,False,
26260,안락동,433-4,충렬지음,충렬지음,,,TRADE_E41DD8974371,unmatched,0.0,16.666666666666664,15,26260|충렬대로|370,26260|안락동|433-4,standard,True,
26260,명장동,290-2,삼보,삼보(290-2),삼보APT,A10021914,A10021914,road_legal_address_exact,100.0,57.14285714285714,1,26260|시실로|202,26260|명장동|290-2,standard,False,
26260,수안동,182,성완세띠앙,성완세띠앙,성완세띠앙주상복합아파트,A10022128,A10022128,road_legal_address_exact,100.0,71.42857142857143,1,26260|충렬대로238번길|7,26260|수안동|182,standard,False,
26260,사직동,1019,삼환나우빌,삼환나우빌,사직삼환나우빌,A60776401,A60776401,road_legal_address_exact,100.0,83.33333333333334,1,26260|쇠미로|72,26260|사직동|1019,standard,False,
26260,명장동,300-55,동양맨션,동양맨션,명장 동양맨션,A10022163,A10022163,road_legal_address_exact,100.0,80.0,1,26260|명서로|160,26260|명장동|300-55,standard,False,
26260,명장동,24-1,조양,조양,명장조양아파트,A60711001,A60711001,road_legal_address_exact,100.0,66.66666666666667,1,26260|반송로273번길|2,26260|명장동|24-1,standard,False,
26260,온천동,1119,화인,화인,화인아파트,A10021874,A10021874,road_legal_address_exact,100.0,100.0,1,26260|쇠미로235번길|12,26260|온천동|1119,standard,False,
26260,사직동,632-4,로얄2,로얄2,,,TRADE_16DA5A43E3C3,unmatched,0.0,22.22222222222222,19,26260|쇠미로|109,26260|사직동|632-4,standard,True,
26260,사직동,981-100,삼정그린코아,삼정그린코아,사직삼정그린코아아파트,A60782005,A60782005,road_legal_address_exact,100.0,85.71428571428572,1,26260|쇠미로|37,26260|사직동|981-100,standard,False,
26260,온천동,1379-31,허브센티움,허브센티움,,,TRADE_DF8E549D2B6E,unmatched,0.0,28.57142857142857,42,26260|여고북로73번길|31,26260|온천동|1379-31,standard,True,
26260,낙민동,288-29,동서허브h,동서허브H,,,TRADE_D5E119E8F369,unmatched,0.0,22.22222222222222,13,26260|충렬대로256번가길|25,26260|낙민동|288-29,standard,True,
26260,온천동,477-5,동래퀸즈w,동래퀸즈W,동래퀸즈W,A10027599,A10027599,legal_address_exact,100.0,100.0,1,26260|동래로|9,26260|온천동|477-5,standard,False,
26260,온천동,45-13,해창쁘띠메종,해창쁘띠메종,,,TRADE_DB94624BB8C6,unmatched,0.0,13.33333333333333,42,26260|금강로|166-10,26260|온천동|45-13,standard,True,
26260,온천동,1441-16,신동아,신동아,,,TRADE_A93A0F25AC7D,unmatched,0.0,40.0,42,26260|중앙대로1307번길|14,26260|온천동|1441-16,standard,True,
26260,사직동,601-3,해운,해운,해운맨션,A10021800,A10021800,road_legal_address_exact,100.0,66.66666666666667,1,26260|쇠미로71번길|5,26260|사직동|601-3,standard,False,
26260,안락동,603-12,동래보해이브,동래보해이브,,,TRADE_02D113B4F985,unmatched,0.0,33.333333333333336,15,26260|충렬대로428번길|30,26260|안락동|603-12,standard,True,
26260,사직동,93-8,사직자이,사직자이,사직자이아파트,A60781701,A60781701,road_legal_address_exact,100.0,100.0,1,26260|사직로|36,26260|사직동|93-8,standard,False,
26260,안락동,598,동부산아이존빌,동부산아이존빌,동부산아이존빌아파트,A60710002,A60710002,road_legal_address_exact,100.0,100.0,1,26260|충렬대로428번길|49,26260|안락동|598,standard,False,
26260,온천동,1431-10,정심파크빌,정심파크빌,,,TRADE_F09DB0D9E8DD,unmatched,0.0,28.57142857142857,42,26260|중앙대로1333번길|61,26260|온천동|1431-10,standard,True,
26260,온천동,200-27,목영해돋이,목영해돋이,,,TRADE_3460BEAB20CA,unmatched,0.0,25.0,42,26260|금강로|81,26260|온천동|200-27,standard,True,
26260,명륜동,753,쌍용예가,쌍용예가,명륜쌍용예가,A60771101,A60771101,road_legal_address_exact,100.0,80.0,1,26260|동래로|53,26260|명륜동|753,standard,False,
26260,명륜동,702-47,삼창,삼창,,,TRADE_FCD800419D4B,unmatched,0.0,0.0,12,26260|온천천로|79,26260|명륜동|702-47,standard,True,
26260,명장동,139-2,무지개,무지개,,,TRADE_F261E132BB04,unmatched,0.0,60.0,13,26260|명안로72번길|34,26260|명장동|139-2,standard,True,
26260,낙민동,326,포레나동래,포레나동래,포레나동래아파트,A10025662,A10025662,dong_fuzzy,100.0,100.0,13,26260|온천천로399번길|51,26260|낙민동|326,standard,False,
26260,명장동,616,대가하이츠,대가하이츠,,,TRADE_02457BA53777,unmatched,0.0,13.33333333333333,13,26260|시실로|154,26260|명장동|616,standard,True,
26260,온천동,1243-8,서림온천빌라,서림온천빌라,,,TRADE_AC041F55D8EA,unmatched,0.0,40.0,42,26260|아시아드대로231번길|53,26260|온천동|1243-8,standard,True,
26260,온천동,1649,서전,서전,,,TRADE_4F544C16530D,unmatched,0.0,28.57142857142857,42,26260|쇠미로129번길|66,26260|온천동|1649,standard,True,
26260,명륜동,693,명륜한신,명륜한신,명륜한신아파트,A10021675,A10021675,road_legal_address_exact,100.0,100.0,1,26260|동래로57번길|4,26260|명륜동|693,standard,False,
26260,명륜동,795,명륜동힐스테이트,명륜동힐스테이트,명륜동 힐스테이트,A10025718,A10025718,road_legal_address_exact,100.0,100.0,1,26260|명륜로|222,26260|명륜동|795,standard,False,
26260,수안동,8-4,제일,제일(8-4),제일장미아파트,A10022350,A10022350,road_address_exact,100.0,66.66666666666667,1,26260|충렬대로202번길|77,26260|수안동|8-4,standard,False,
26260,온천동,1436-1,금성맨션,금성맨션,,,TRADE_AE701645E10C,unmatched,0.0,19.999999999999996,42,26260|중앙대로1335번길|3,26260|온천동|1436-1,standard,True,
26260,온천동,1222-12,평광하이츠빌,평광하이츠빌,,,TRADE_2FC6AAA9E93E,unmatched,0.0,18.181818181818176,42,26260|석사북로95번길|24-5,26260|온천동|1222-12,standard,True,
26260,명장동,29-105,대호맨션,대호맨션,,,TRADE_B730C66BDD45,unmatched,0.0,40.0,13,26260|반송로273번길|17,26260|명장동|29-105,standard,True,
26260,명장동,300-89,한신,한신,,,TRADE_BEF7CF6DC656,unmatched,0.0,18.181818181818176,13,26260|명서로112번길|82,26260|명장동|300-89,standard,True,
26260,온천동,192-28,세진베스트빌,세진베스트빌,,,TRADE_FA84C84729E5,unmatched,0.0,33.333333333333336,42,26260|금강로|94-1,26260|온천동|192-28,standard,True,
26260,사직동,1039,사직역삼정그린코아더베스트1차,사직역삼정그린코아더베스트1차,사직역삼정그린코아 더베스트1차,A10027202,A10027202,road_legal_address_exact,100.0,100.0,1,26260|사직로|8,26260|사직동|1039,standard,False,
26260,명장동,461-1,명장일양타운,명장일양타운,명장일양아파트,A10022509,A10022509,road_legal_address_exact,100.0,80.0,1,26260|명장로63번다길|6,26260|명장동|461-1,standard,False,
26260,수안동,344,수안동미소지음,수안동미소지음아파트,,,TRADE_EE5E065D4FC7,unmatched,0.0,40.0,11,26260|명륜로98번길|67-4,26260|수안동|344,standard,True,
26260,온천동,435-1,온천프라자,온천프라자,,,TRADE_B0C3ED181925,unmatched,0.0,44.44444444444444,42,26260|금강로|69,26260|온천동|435-1,standard,True,
26260,온천동,1380-1,쎄븐하이츠,쎄븐하이츠,,,TRADE_8735EB334912,unmatched,0.0,19.999999999999996,42,26260|여고북로23번길|46,26260|온천동|1380-1,standard,True,
26260,온천동,1241-1,경보이리스힐,경보이리스힐,온천3동 경보이리스힐 아파트,A10022060,A10022060,legal_address_exact,100.0,75.0,1,26260|쇠미로|185,26260|온천동|1241-1,standard,False,
26260,명장동,143-2,새동양,새동양,,,TRADE_FC1AD1DC5B24,unmatched,0.0,44.44444444444444,13,26260|명장로64번길|36,26260|명장동|143-2,standard,True,
26260,거제동,1528,아시아드코오롱하늘채,아시아드코오롱하늘채,,,TRADE_6424A16E4B38,unmatched,0.0,0.0,0,26260|종합운동장로40번길|8,26260|거제동|1528,standard,True,
26260,수안동,32-5,대토,대토,,,TRADE_00D446BA7825,unmatched,0.0,0.0,11,26260|온천천로|275,26260|수안동|32-5,standard,True,
26290,대연동,871-12,남경힐타운,남경힐타운,,,TRADE_11E545A00588,unmatched,0.0,36.36363636363637,33,26290|용소로64번길|111,26290|대연동|871-12,standard,True,
26290,문현동,986-5,문현해운맨션,문현해운맨션,문현해운맨션,A10021285,A10021285,road_legal_address_exact,100.0,100.0,1,26290|장고개로85번길|14-37,26290|문현동|986-5,standard,False,
26290,문현동,189-10,대원맨션,대원맨션,,,TRADE_AFAAFA1F53E4,unmatched,0.0,40.0,23,26290|고동골로28번길|34,26290|문현동|189-10,standard,True,
26290,대연동,255-1,장백장미타워1,장백장미타워1,장백장미타워아파트,A60875603,A60875603,road_legal_address_exact,100.0,92.3076923076923,1,26290|황령대로319번길|120,26290|대연동|255-1,standard,False,
26290,대연동,1472-5,한우2동,한우아파트2동,,,TRADE_229D86FD7B20,unmatched,0.0,40.0,33,26290|진남로46번길|28,26290|대연동|1472-5,standard,True,
26290,감만동,3-320,한림맨션,한림맨션,,,TRADE_E8D28664166A,unmatched,0.0,0.0,9,26290|양지골로|276,26290|감만동|3-320,standard,True,
26290,대연동,1741-12,오름캐슬,오름캐슬,,,TRADE_B7B45379FD3F,unmatched,0.0,40.0,33,26290|못골로|92,26290|대연동|1741-12,standard,True,
26290,우암동,49-2,우암자유3,우암자유3,우암자유3차,A60877503,A60877503,road_legal_address_exact,100.0,90.9090909090909,1,26290|우암로|142,26290|우암동|49-2,standard,False,
26290,용당동,253,신선맨션,신선맨션,,,TRADE_AD997BA5C450,unmatched,0.0,16.666666666666664,4,26290|신선로337번길|86-14,26290|용당동|253,standard,True,
26290,문현동,264-1,대림,대림,,,TRADE_DA2C1DADF8AD,unmatched,0.0,36.36363636363637,23,26290|수영로|87,26290|문현동|264-1,standard,True,
26290,문현동,402-55,문현신보빌라,문현신보빌라,,,TRADE_654C77B39766,unmatched,0.0,42.85714285714286,23,26290|전포대로20번길|39,26290|문현동|402-55,standard,True,
26290,문현동,366-14,삼한사랑채,삼한사랑채,,,TRADE_4E0A405B984D,unmatched,0.0,22.22222222222222,23,26290|수영로|18-8,26290|문현동|366-14,standard,True,
26290,대연동,1800-40,디어하임b,디어하임B,,,TRADE_EEEB18C7510C,unmatched,0.0,36.36363636363637,33,26290|진남로96번가길|18,26290|대연동|1800-40,standard,True,
26290,대연동,252-1,경동메르빌,경동메르빌,대연경동메르빌아파트,A60880605,A60880605,road_legal_address_exact,100.0,83.33333333333334,1,26290|황령대로319번길|26,26290|대연동|252-1,standard,False,
26290,문현동,125-26,지영빌라트,지영빌라트,,,TRADE_0A64F526FF57,unmatched,0.0,19.999999999999996,23,26290|고동골로72번길|17,26290|문현동|125-26,standard,True,
26290,대연동,1543-20,동부리젠시빌,동부리젠시빌,,,TRADE_C676285591A7,unmatched,0.0,33.333333333333336,33,26290|진남로|82-50,26290|대연동|1543-20,standard,True,
26290,문현동,765-1,골든밸류빌,골든밸류빌,골든밸류빌,A10021896,A10021896,road_legal_address_exact,100.0,100.0,1,26290|전포대로77번길|19,26290|문현동|765-1,standard,False,
26290,대연동,870-20,골든빌리지,골든빌리지,,,TRADE_B224108B11FD,unmatched,0.0,18.181818181818176,33,26290|유엔로169번길|20,26290|대연동|870-20,standard,True,
26290,용호동,467,대광타워맨션,대광타워맨션,대광타워맨션,A60883603,A60883603,road_legal_address_exact,100.0,100.0,1,26290|이기대공원로26번길|45-3,26290|용호동|467,standard,False,
26290,용호동,481-8,동방파크,동방파크,,,TRADE_E2267934B566,unmatched,0.0,25.0,22,26290|용호로198번길|39,26290|용호동|481-8,standard,True,
26290,용호동,566-1,동산그린,동산그린,동산그린빌라,A10020679,A10020679,legal_address_exact,100.0,80.0,1,26290|용호로231번길|130,26290|용호동|566-1,standard,False,
26290,대연동,243-23,청구,청구,대연청구아파트,A60877907,A60877907,road_legal_address_exact,100.0,66.66666666666667,1,26290|황령대로319번가길|110,26290|대연동|243-23,standard,False,
26290,대연동,870-18,부경킹스빌,부경킹스빌,,,TRADE_3A16BEB0D90E,unmatched,0.0,33.333333333333336,33,26290|유엔평화로47번길|53,26290|대연동|870-18,standard,True,
26290,대연동,1781-80,중앙,중앙(1781-80),,,TRADE_19F58632DA1E,unmatched,0.0,0.0,33,26290|수영로49번나길|51,26290|대연동|1781-80,standard,True,
26290,문현동,145-31,한맥현대,한맥현대,,,TRADE_C2F8674833E9,unmatched,0.0,50.0,23,26290|문현로66번길|7,26290|문현동|145-31,standard,True,
26290,감만동,176-24,정원,정원,,,TRADE_63C62AB7B121,unmatched,0.0,0.0,9,26290|홍곡로57번길|22-1,26290|감만동|176-24,standard,True,
26290,대연동,1752-11,센트럴파크,센트럴파크,,,TRADE_36433DF0FDDF,unmatched,0.0,40.0,33,26290|유엔평화로4번길|66,26290|대연동|1752-11,standard,True,
26290,문현동,1244,문현경동리인,문현경동리인아파트,문현경동리인,A10024704,A10024704,road_legal_address_exact,100.0,100.0,1,26290|문현로|36-1,26290|문현동|1244,standard,False,
26290,문현동,405-1,대성문문현2차퀸즈w,대성문문현2차퀸즈w,,,TRADE_FED9360CDFBC,unmatched,0.0,50.0,23,26290|수영로|21-3,26290|문현동|405-1,standard,True,
26290,대연동,1480-34,명성빌라,명성빌라(1480-34),,,TRADE_CD32DDA06339,unmatched,0.0,28.57142857142857,33,26290|진남로46번길|48,26290|대연동|1480-34,standard,True,
26290,대연동,1281-6,광이골드타워2차,광이골드타워2차,,,TRADE_C539AF68FFCC,unmatched,0.0,28.57142857142857,33,26290|진남로69번길|24,26290|대연동|1281-6,standard,True,
26290,용호동,776-3,벽산화이트타워,벽산화이트타워,벽산화이트타워아파트,A60809201,A60809201,road_legal_address_exact,100.0,100.0,1,26290|용호로269번길|90,26290|용호동|776-3,standard,False,
26290,대연동,894-16,명성금강,명성금강,,,TRADE_6208C2C49C19,unmatched,0.0,28.57142857142857,33,26290|유엔평화로42번길|20,26290|대연동|894-16,standard,True,
26290,대연동,1543-47,대연힐타운,대연힐타운,,,TRADE_386540D83842,unmatched,0.0,50.0,33,26290|진남로|82-38,26290|대연동|1543-47,standard,True,
26290,용호동,394-5,동림드림빌,동림드림빌,,,TRADE_E0F450A574CC,unmatched,0.0,36.36363636363637,22,26290|동명로146번길|22,26290|용호동|394-5,standard,True,
26290,용호동,242-1,가람빌리지,가람빌리지,,,TRADE_DDD06853F2DA,unmatched,0.0,42.85714285714286,22,26290|동명로101번길|123,26290|용호동|242-1,standard,True,
26290,대연동,281-52,대연그린,대연그린(281-52),대우그린아파트,A60875509,A60875509,dong_fuzzy,75.0,75.0,33,26290|못골번영로66번길|69,26290|대연동|281-52,standard,True,
26290,대연동,1739-15,태승타워,태승타워,,,TRADE_7A5428DE7A42,unmatched,0.0,40.0,33,26290|유엔로157번길|91,26290|대연동|1739-15,standard,True,
26290,문현동,95-3,문현파크,문현파크,,,TRADE_9E23FF76CB6B,unmatched,0.0,50.0,23,26290|진남로|168,26290|문현동|95-3,standard,True,
26290,대연동,899-12,부일전원,부일전원(899-12),,,TRADE_2C98352A0F67,unmatched,0.0,25.0,33,26290|천제등로38번길|3,26290|대연동|899-12,standard,True,
26290,대연동,1457-1,글로리리치빌,글로리리치빌,,,TRADE_89C212290C26,unmatched,0.0,33.333333333333336,33,26290|못골번영로|28,26290|대연동|1457-1,standard,True,
26290,감만동,243-1,성도맨션,성도맨션,,,TRADE_2B108852D395,unmatched,0.0,14.28571428571429,9,26290|양지골로55번길|1,26290|감만동|243-1,standard,True,
26290,용호동,538-40,도시타워,도시타워,용호도시타워,A60876602,A60876602,road_legal_address_exact,100.0,80.0,1,26290|용호로232번길|31,26290|용호동|538-40,standard,False,
26290,용호동,50-18,용마맨션,용마맨션,,,TRADE_90414D430C17,unmatched,0.0,40.0,22,26290|동명로101번다길|7,26290|용호동|50-18,standard,True,
26290,대연동,1483-24,우진타워,우진타워,,,TRADE_B863A74C3317,unmatched,0.0,40.0,33,26290|못골번영로66번길|1,26290|대연동|1483-24,standard,True,
26320,화명동,512,그린숲속,그린숲속아파트,그린숲속(화명그린24),A61683305,A61683305,road_legal_address_exact,100.0,100.0,1,26320|산성로|88,26320|화명동|512,standard,False,
26320,덕천동,347-3,경인,경인,,,TRADE_C8272DB19113,unmatched,0.0,0.0,16,26320|만덕대로27번길|31,26320|덕천동|347-3,standard,True,
26320,만덕동,954,만덕3휴먼시아,만덕3휴먼시아,만덕3휴먼시아,A61672002,A61672002,road_legal_address_exact,100.0,100.0,1,26320|만덕1로51번길|11,26320|만덕동|954,standard,False,
26320,덕천동,346-3,성우,성우아파트,,,TRADE_A2FC176B4B8C,unmatched,0.0,50.0,16,26320|만덕대로39번길|31,26320|덕천동|346-3,standard,True,
26320,화명동,1258-1,화명그린파크맨션,화명그린파크맨션,화명그린파크,A61673307,A61673307,road_legal_address_exact,100.0,85.71428571428572,1,26320|금곡대로|280-9,26320|화명동|1258-1,standard,False,
26320,덕천동,372-1,부영벽산파라빌,부영벽산파라빌,부영벽산파라빌,A61610001,A61610001,road_legal_address_exact,100.0,100.0,1,26320|만덕대로155번길|14,26320|덕천동|372-1,standard,False,
26320,덕천동,132-65,롯데,롯데,덕천동롯데아파트,A61610003,A61610003,road_legal_address_exact,100.0,57.14285714285714,1,26320|함박봉로|26,26320|덕천동|132-65,standard,False,
26320,만덕동,958,백양디이스트,백양디이스트(2단지),백양디이스트,A10027832,A10027832,dong_fuzzy,100.0,100.0,25,26320|덕천로276번길|85,26320|만덕동|958,standard,False,
26320,만덕동,670-1,협성파크,협성파크,만덕협성파크,A61682804,A61682804,road_legal_address_exact,100.0,80.0,1,26320|만덕1로|82,26320|만덕동|670-1,standard,False,
26320,금곡동,1917,율리역벽산블루밍2단지,율리역벽산블루밍2단지,율리벽산블루밍,A61673902,A61673902,dong_fuzzy,77.77777777777779,77.77777777777779,22,26320|효열로|2,26320|금곡동|1917,standard,True,
26320,만덕동,774-7,벽산라인타운,벽산라인타운,벽산라인타운 아파트,A61682908,A61682908,road_legal_address_exact,100.0,100.0,1,26320|덕천로|182,26320|만덕동|774-7,standard,False,
26320,만덕동,911-3,럭키2,럭키2,럭키만덕2차아파트,A61678804,A61678804,road_legal_address_exact,100.0,66.66666666666667,1,26320|덕천로234번길|34,26320|만덕동|911-3,standard,False,
26320,구포동,1060-495,파크블루9차,파크블루9차,,,TRADE_BE6A7BA0B502,unmatched,0.0,26.66666666666667,22,26320|낙동대로1694번나길|11,26320|구포동|1060-495,standard,True,
26320,만덕동,390,유림노르웨이숲,유림노르웨이숲,신만덕유림노르웨이숲아파트,A61682702,A61682702,road_legal_address_exact,100.0,82.35294117647058,1,26320|덕천로|345,26320|만덕동|390,standard,False,
26320,구포동,1084-3,협진태양,협진태양,구포협진태양아파트,A61680703,A61680703,road_legal_address_exact,100.0,80.0,1,26320|백양대로|1025,26320|구포동|1084-3,standard,False,
26320,구포동,1295,구포유림노르웨이숲2차,구포유림노르웨이숲2차,구포유림노르웨이숲,A61609206,A61609206,dong_fuzzy,90.0,90.0,22,26320|낙동북로|743,26320|구포동|1295,standard,False,
26320,금곡동,97-10,금곡화목타운,금곡화목타운,금곡화목타운,A61681107,A61681107,road_legal_address_exact,100.0,100.0,1,26320|효열로220번길|22,26320|금곡동|97-10,standard,False,
26320,만덕동,960,더래디언트금정산,더 래디언트 금정산,더래디언트금정산,A10025235,A10025235,road_legal_address_exact,100.0,100.0,1,26320|상학로|35,26320|만덕동|960,standard,False,
26320,덕천동,397-1,아남프라자,아남프라자,아남프라자아파트,A61610002,A61610002,road_legal_address_exact,100.0,100.0,1,26320|금곡대로8번길|33,26320|덕천동|397-1,standard,False,
26320,구포동,1246-4,벽산그린타운,벽산그린타운,벽산그린타운,A61680901,A61680901,road_legal_address_exact,100.0,100.0,1,26320|시랑로182번길|19,26320|구포동|1246-4,standard,False,
26320,금곡동,96-1,유림2차,유림2차(1),금곡유림2차아파트(201-203),A61681003,A61681003,road_legal_address_exact,100.0,80.0,1,26320|효열로|193,26320|금곡동|96-1,standard,False,
26320,화명동,2287-3,레지던스라움,레지던스라움,,,TRADE_85E474C965B7,unmatched,0.0,14.28571428571429,29,26320|금곡대로285번길|5,26320|화명동|2287-3,standard,True,
26320,만덕동,605-13,북부,북부,,,TRADE_F32C48FE3147,unmatched,0.0,18.181818181818176,25,26320|만덕대로290번길|16,26320|만덕동|605-13,standard,True,
26320,구포동,1060-205,경일,경일,,,TRADE_CC69CC27ABEA,unmatched,0.0,33.333333333333336,22,26320|가람로|28,26320|구포동|1060-205,standard,True,
26320,구포동,49,삼경장미,삼경장미,삼경장미아파트,A61683602,A61683602,road_address_exact,100.0,100.0,1,26320|시랑로21번길|50,26320|구포동|49,standard,False,
26320,구포동,1053-4,대주하이빌,대주하이빌,,,TRADE_EB19B5C2C57B,unmatched,0.0,22.22222222222222,22,26320|낙동북로|639,26320|구포동|1053-4,standard,True,
26320,화명동,752,화명대우,화명대우,화명대우푸르지오,A61673303,A61673303,road_legal_address_exact,100.0,66.66666666666667,1,26320|화명대로|104,26320|화명동|752,standard,False,
26320,구포동,1224,구포동성가든타워,구포동성가든타워,,,TRADE_88A52FE2AECD,unmatched,0.0,50.0,22,26320|시랑로79번길|30-8,26320|구포동|1224,standard,True,
26350,좌동,1439,벽산2,벽산2,해운대벽산2차아파트,A61203033,A61203033,road_legal_address_exact,100.0,60.0,1,26350|좌동순환로299번길|11,26350|좌동|1439,standard,False,
26350,중동,1492-16,동양힐타운,동양힐타운,,,TRADE_03CE94B91CDA,unmatched,0.0,19.999999999999996,29,26350|달맞이길117번나길|16,26350|중동|1492-16,standard,True,
26350,송정동,200-4,쏠데까사,쏠데까사,,,TRADE_4466C531AFD1,unmatched,0.0,0.0,5,26350|송정중앙로21번길|14,26350|송정동|200-4,standard,True,
26350,반여동,1063-2,벽산한솔타운,벽산한솔타운,반여벽산한솔타운아파트,A61281104,A61281104,road_legal_address_exact,100.0,85.71428571428572,1,26350|삼어로|103,26350|반여동|1063-2,standard,False,
26350,좌동,1331,상록,상록,해운대상록아파트,A61203031,A61203031,road_legal_address_exact,100.0,57.14285714285714,1,26350|세실로|7,26350|좌동|1331,standard,False,
26350,중동,149-1,해운대메트로하이츠,해운대메트로하이츠,해운대메트로하이츠아파트,A10024297,A10024297,road_legal_address_exact,100.0,100.0,1,26350|좌동순환로8번길|78,26350|중동|149-1,standard,False,
26350,우동,1388-4,대우마리나2,대우마리나2,"대우마리나1,2차아파트",A61282215,A61282215,legal_address_exact,100.0,85.71428571428572,1,26350|해운대해변로|141,26350|우동|1388-4,standard,False,
26350,중동,878-1,동아에이스빌라,동아에이스빌라,,,TRADE_044FF2CE4EFA,unmatched,0.0,50.0,29,26350|좌동순환로468번나길|22,26350|중동|878-1,standard,True,
26350,반여동,1581-6,현대1차,현대1차,현대4차아파트,A10021201,A10021201,dong_fuzzy,75.0,75.0,31,26350|재반로282번길|112,26350|반여동|1581-6,standard,True,
26350,중동,797-3,성우맨션,성우맨션,,,TRADE_A2AED2291B0C,unmatched,0.0,16.666666666666664,29,26350|좌동순환로446번길|19-1,26350|중동|797-3,standard,True,
26350,재송동,1025-1,센텀협성,센텀협성,센텀협성아파트,A10025307,A10025307,road_legal_address_exact,100.0,100.0,1,26350|해운대로81번가길|63,26350|재송동|1025-1,standard,False,
26350,좌동,1333,대우,대우,대우1차아파트,A61203024,A61203024,road_legal_address_exact,100.0,66.66666666666667,1,26350|세실로|19,26350|좌동|1333,standard,False,
26350,중동,1796,해운대중동경동하나메르빌,해운대중동경동하나메르빌,경동하나메르빌아파트,A10021489,A10021489,road_legal_address_exact,100.0,73.6842105263158,1,26350|해운대로781번길|23,26350|중동|1796,standard,False,
26350,우동,333,협성프라임빌,협성프라임빌,해운대협성프라임빌아파트,A61271005,A61271005,road_legal_address_exact,100.0,80.0,1,26350|우동2로|93,26350|우동|333,standard,False,
26350,송정동,949,해운대경보이리스힐,해운대경보이리스힐아파트,해운대경보이리스힐,A10026421,A10026421,road_address_exact,100.0,100.0,1,26350|송정광어골로82번길|85-11,26350|송정동|949,standard,False,
26350,중동,1503-17,동부썬빌라,동부썬빌라,,,TRADE_236A78B96092,unmatched,0.0,33.333333333333336,29,26350|달맞이길65번길|151,26350|중동|1503-17,standard,True,
26350,중동,1396-1,대림비치,대림비치,,,TRADE_AA7EAFEF2ED7,unmatched,0.0,40.0,29,26350|해운대해변로|295,26350|중동|1396-1,standard,True,
26350,재송동,131,신동아,신동아,센텀신동아,A61282801,A61282801,road_legal_address_exact,100.0,75.0,1,26350|재반로60번길|46-6,26350|재송동|131,standard,False,
26350,반송동,884,lig건영,LIG건영,LIG건영,A61280801,A61280801,road_legal_address_exact,100.0,100.0,1,26350|신반송로|80,26350|반송동|884,standard,False,
26350,반송동,886,삼한5차,삼한5차,삼한5차,A61280802,A61280802,road_legal_address_exact,100.0,100.0,1,26350|신반송로|72,26350|반송동|886,standard,False,
26350,우동,843,해운대오션파크,해운대오션파크,해운대오션파크아파트,A10026790,A10026790,road_legal_address_exact,100.0,100.0,1,26350|해운대로|558,26350|우동|843,standard,False,
26350,재송동,1128-4,영광그린파크,영광그린파크(가),,,TRADE_E8221F8E2AF1,unmatched,0.0,40.0,31,26350|재반로112번길|2-25,26350|재송동|1128-4,standard,True,
26350,중동,1507-4,경동메르빌골드,경동메르빌골드,,,TRADE_4C532F2F2263,unmatched,0.0,71.42857142857143,29,26350|달맞이길65번길|89,26350|중동|1507-4,standard,True,
26350,중동,1520-8,중동맨션,중동맨션,,,TRADE_E3C6BDE4084B,unmatched,0.0,36.36363636363637,29,26350|좌동순환로|387,26350|중동|1520-8,standard,True,
26350,중동,1485-9,삼안스튜디오1차,삼안스튜디오1차,,,TRADE_359E6553625A,unmatched,0.0,22.22222222222222,29,26350|달맞이길117번다길|147,26350|중동|1485-9,standard,True,
26350,우동,1543,센텀경동리인,센텀경동리인,센텀경동리인아파트,A10026291,A10026291,road_address_exact,100.0,100.0,1,26350|해운대로469번길|178,26350|우동|1543,standard,False,
26350,재송동,1182-1,장산동국,장산동국,센텀동국아파트,A61283410,A61283410,road_legal_address_exact,100.0,50.0,1,26350|재송2로|91,26350|재송동|1182-1,standard,False,
26350,좌동,1445,삼환,삼환,해운대삼환아파트,A61275301,A61275301,road_legal_address_exact,100.0,57.14285714285714,1,26350|좌동순환로299번길|22,26350|좌동|1445,standard,False,
26350,우동,777,해운대한신휴플러스,해운대한신휴플러스,해운대 한신휴플러스,A61202010,A61202010,road_address_exact,100.0,100.0,1,26350|해운대로|550,26350|우동|777,standard,False,
26350,반여동,982-14,신동아,신동아,반여신동아아파트,A61280906,A61280906,road_legal_address_exact,100.0,75.0,1,26350|반여로|176,26350|반여동|982-14,standard,False,
26350,좌동,1356-13,경원프라우드빌,경원프라우드빌,,,TRADE_B834D1411E25,unmatched,0.0,30.76923076923077,43,26350|좌동순환로15번길|9-6,26350|좌동|1356-13,standard,True,
26350,중동,1508-17,달맞이베네치아,달맞이베네치아,,,TRADE_EC4CB8B15B10,unmatched,0.0,40.0,29,26350|달맞이길|127,26350|중동|1508-17,standard,True,
26350,중동,1501-4,아남하이츠3차,아남하이츠3차,,,TRADE_B6501C067132,unmatched,0.0,37.5,29,26350|달맞이길117번가길|98,26350|중동|1501-4,standard,True,
26350,반여동,1088,반여현대,반여현대,센텀강변현대아파트,A61206102,A61206102,road_legal_address_exact,100.0,40.0,1,26350|삼어로|131,26350|반여동|1088,standard,False,
26350,우동,1102-221,센텀현대,센텀현대,센텀현대,A61282304,A61282304,road_legal_address_exact,100.0,100.0,1,26350|해운대로469번길|190,26350|우동|1102-221,standard,False,
26350,우동,1432,현대베네시티,현대베네시티,현대베네시티,A61286907,A61286907,road_legal_address_exact,100.0,100.0,1,26350|해운대해변로|163,26350|우동|1432,standard,False,
26350,반송동,93-6,광하주택3,광하주택3,광하1.2차아파트,A10021024,A10021024,road_address_exact,100.0,40.0,1,26350|신반송로|194,26350|반송동|93-6,standard,False,
26350,재송동,1126-7,대신맨션,대신맨션,,,TRADE_39B91EB18106,unmatched,0.0,25.0,31,26350|재반로104번길|15-13,26350|재송동|1126-7,standard,True,
26350,재송동,1080-5,서해재송,서해재송,,,TRADE_A08F7F421462,unmatched,0.0,50.0,31,26350|재송1로60번길|16,26350|재송동|1080-5,standard,True,
26350,재송동,1160-12,센텀글로리아,센텀글로리아,센텀글로리아,A61283407,A61283407,road_legal_address_exact,100.0,100.0,1,26350|재송2로74번길|31,26350|재송동|1160-12,standard,False,
26350,좌동,1302,동신,동신,해운대동신아파트,A61203016,A61203016,road_legal_address_exact,100.0,57.14285714285714,1,26350|좌동순환로217번길|7,26350|좌동|1302,standard,False,
26350,우동,397-68,해운파크맨션,해운파크맨션,해운파크맨션,A10021189,A10021189,road_legal_address_exact,100.0,100.0,1,26350|우동1로71번길|9-9,26350|우동|397-68,standard,False,
26350,반여동,1291-1414,에덴동산타운,에덴동산타운,에덴동산타운아파트,A61281301,A61281301,road_legal_address_exact,100.0,100.0,1,26350|재반로212번길|45,26350|반여동|1291-1414,standard,False,
26350,좌동,1315,삼정코아,삼정코아,좌동삼정코아,A61203004,A61203004,road_legal_address_exact,100.0,80.0,1,26350|세실로|48,26350|좌동|1315,standard,False,
26350,중동,1498-3,삼안스튜디오2000,삼안스튜디오2000,,,TRADE_F2348E1F52F3,unmatched,0.0,22.22222222222222,29,26350|달맞이길117번다길|42-22,26350|중동|1498-3,standard,True,
26350,중동,768-1,동남하이츠맨션,동남하이츠맨션,,,TRADE_8C0ACF1AD441,unmatched,0.0,37.5,29,26350|좌동순환로468번가길|54,26350|중동|768-1,standard,True,
26350,송정동,441-1,그린빌라,그린빌라,,,TRADE_3CE4637FECFB,unmatched,0.0,0.0,5,26350|송정광어골로82번길|62,26350|송정동|441-1,standard,True,
26350,재송동,111,센텀이진캐스빌,센텀이진캐스빌,센텀이진캐스빌,A10020702,A10020702,road_legal_address_exact,100.0,100.0,1,26350|재반로42번길|23,26350|재송동|111,standard,False,
26350,중동,1378-49,해운대경보이리스오션,해운대경보이리스오션,해운대 경보이리스오션,A10024980,A10024980,road_legal_address_exact,100.0,100.0,1,26350|중동1로19번길|24,26350|중동|1378-49,standard,False,
26350,우동,1102-29,삼진그린,삼진그린,삼진그린아파트,A10021277,A10021277,road_legal_address_exact,100.0,100.0,1,26350|해운대로383번가길|19,26350|우동|1102-29,standard,False,
26350,우동,182-1,태석101동,태석101동,,,TRADE_49B74446CFD4,unmatched,0.0,19.999999999999996,49,26350|우동2로30번가길|27,26350|우동|182-1,standard,True,
26350,중동,1477-3,벨로스,벨로스,,,TRADE_0039881CB9D1,unmatched,0.0,28.57142857142857,29,26350|달맞이길117번나길|151,26350|중동|1477-3,standard,True,
26350,반여동,1291-1405,광우파크맨션,광우파크맨션,광우아파트,A10021220,A10021220,road_legal_address_exact,100.0,50.0,1,26350|재반로212번길|33-52,26350|반여동|1291-1405,standard,False,
26350,중동,1482-13,화이트빌라,화이트빌라,,,TRADE_301765349446,unmatched,0.0,46.15384615384615,29,26350|달맞이길117번나길|74,26350|중동|1482-13,standard,True,
26350,중동,1479,달맞이우성빌라트,달맞이우성빌라트,달맞이우성빌라트,A61284902,A61284902,road_legal_address_exact,100.0,100.0,1,26350|달맞이길|239-11,26350|중동|1479,standard,False,
26350,좌동,970,롯데캐슬마스터,롯데캐슬마스터,좌동롯데캐슬마스터원,A61203002,A61203002,road_legal_address_exact,100.0,82.35294117647058,1,26350|세실로|104,26350|좌동|970,standard,False,
26380,하단동,494-3,하단에덴,하단에덴,,,TRADE_9EC0860CFAA7,unmatched,0.0,50.0,12,26380|낙동대로516번길|48,26380|하단동|494-3,standard,True,
26380,당리동,534-1,벽산으뜸,벽산으뜸,당리벽산으뜸아파트,A60471706,A60471706,road_legal_address_exact,100.0,80.0,1,26380|다대로22번길|30,26380|당리동|534-1,standard,False,
26380,장림동,566-12,국제마마,국제마마,장림국제마마아파트,A60484607,A60484607,road_legal_address_exact,100.0,80.0,1,26380|장평로41번길|51,26380|장림동|566-12,standard,False,
26380,괴정동,442-2,괴정동원,괴정동원,,,TRADE_B6ED60B0BA1E,unmatched,0.0,54.54545454545454,29,26380|오작로|11,26380|괴정동|442-2,standard,True,
26380,하단동,522-6,더블루원허브,더블루원허브,,,TRADE_A44A319F125A,unmatched,0.0,14.28571428571429,12,26380|낙동남로1367번길|4,26380|하단동|522-6,standard,True,
26380,장림동,850,평생골드타운,평생골드타운,,,TRADE_23A22938C6A3,unmatched,0.0,25.0,26,26380|하신중앙로18번길|31,26380|장림동|850,standard,True,
26380,당리동,180,당리반도보라맨션,당리반도보라맨션,당리반도보라아파트,A60471209,A60471209,road_legal_address_exact,100.0,85.71428571428572,1,26380|제석로79번길|11,26380|당리동|180,standard,False,
26380,하단동,277,하단삼창,하단삼창,하단삼창,A60485001,A60485001,road_legal_address_exact,100.0,100.0,1,26380|괴정로|76,26380|하단동|277,standard,False,
26380,괴정동,932-3,영원베네스트,영원베네스트아파트,,,TRADE_A241087172A9,unmatched,0.0,30.76923076923077,29,26380|낙동대로234번길|1,26380|괴정동|932-3,standard,True,
26380,당리동,329-1,성도솔밭맨션,성도솔밭맨션,,,TRADE_818389F158D7,unmatched,0.0,19.999999999999996,16,26380|동매로|140-1,26380|당리동|329-1,standard,True,
26380,감천동,803-42,해태,해태,감천해태아파트,A60473304,A60473304,road_legal_address_exact,100.0,66.66666666666667,1,26380|사하로|74-6,26380|감천동|803-42,standard,False,
26380,괴정동,11-6,금화맨션,금화맨션,,,TRADE_B3F38974DC6B,unmatched,0.0,54.54545454545454,29,26380|오작로|158,26380|괴정동|11-6,standard,True,
26380,하단동,595-5,어반팰리스,어반팰리스,,,TRADE_387C9DED03A6,unmatched,0.0,30.76923076923077,12,26380|하신중앙로313번길|30,26380|하단동|595-5,standard,True,
26380,신평동,206-5,신평럭키무지개타운,신평럭키무지개타운(206-5),신평럭키무지개타운아파트,A60403002,A60403002,road_address_exact,100.0,100.0,1,26380|신산북로43번길|43,26380|신평동|206-5,standard,False,
26380,당리동,345-12,대동아람,대동아람아파트,,,TRADE_4789EC9D0DF7,unmatched,0.0,19.999999999999996,16,26380|승학로|115,26380|당리동|345-12,standard,True,
26380,괴정동,922,한우,한우,,,TRADE_B5FCB6D787BB,unmatched,0.0,33.333333333333336,29,26380|낙동대로234번길|21,26380|괴정동|922,standard,True,
26380,신평동,28-1,효산센터빌,효산센터빌,,,TRADE_70BA335ED81D,unmatched,0.0,0.0,15,26380|다대로119번길|9,26380|신평동|28-1,standard,True,
26380,신평동,671,동매힐스,동매힐스,,,TRADE_02F3FC7314B9,unmatched,0.0,19.999999999999996,15,26380|신산북로|91,26380|신평동|671,standard,True,
26380,괴정동,530-8,남정해바라기,남정해바라기,,,TRADE_7757AE447470,unmatched,0.0,19.999999999999996,29,26380|괴정로270번길|14,26380|괴정동|530-8,standard,True,
26380,괴정동,1026-5,화신,화신,,,TRADE_3C1918863A53,unmatched,0.0,44.44444444444444,29,26380|승학로|252,26380|괴정동|1026-5,standard,True,
26380,괴정동,886-2,금일아트빌라,금일아트빌라,,,TRADE_89911D42EDF6,unmatched,0.0,15.384615384615385,29,26380|낙동대로233번길|22,26380|괴정동|886-2,standard,True,
26380,괴정동,352-34,벽산하이츠타운,벽산하이츠타운,벽산하이츠아파트,A60480703,A60480703,road_legal_address_exact,100.0,83.33333333333334,1,26380|오작로|104,26380|괴정동|352-34,standard,False,
26380,당리동,306-16,화천승학,화천승학,,,TRADE_D8D790FB4840,unmatched,0.0,0.0,16,26380|승학로20번길|22,26380|당리동|306-16,standard,True,
26380,괴정동,263-1,경성스마트더블유2차,경성스마트더블유아파트2차,경성스마트W2차,A10022407,A10022407,road_legal_address_exact,100.0,77.77777777777779,1,26380|낙동대로|182,26380|괴정동|263-1,standard,False,
26380,신평동,100,신평한성임호,신평한성임호,한성임호아파트,A60472602,A60472602,road_legal_address_exact_name,80.0,80.0,2,26380|다대로|109,26380|신평동|100,standard,True,
26380,당리동,577,당리경보이리스힐,당리경보이리스힐,경보이리스힐당리,A10026912,A10026912,road_legal_address_exact,100.0,75.0,1,26380|승학로71번길|146,26380|당리동|577,standard,False,
26380,장림동,60-20,장림삼경,장림삼경아파트,장림삼경,A60477608,A60477608,road_legal_address_exact,100.0,100.0,1,26380|다대로277번길|141,26380|장림동|60-20,standard,False,
26380,당리동,480-9,삼성타워맨션,삼성타워맨션,당리삼성타워아파트,A60471904,A60471904,road_legal_address_exact,100.0,66.66666666666667,1,26380|마하로|81,26380|당리동|480-9,standard,False,
26380,괴정동,955-4,ids아델하임,IDS아델하임,IDS아델하임,A10027002,A10027002,road_legal_address_exact,100.0,100.0,1,26380|사하로|182,26380|괴정동|955-4,standard,False,
26380,당리동,320-54,부영,부영,,,TRADE_5B5F73C1116B,unmatched,0.0,36.36363636363637,16,26380|당리길|7,26380|당리동|320-54,standard,True,
26380,하단동,870-35,리버포레,리버포레(B동),,,TRADE_BA269C696E88,unmatched,0.0,16.666666666666664,12,26380|동매로|16,26380|하단동|870-35,standard,True,
26380,당리동,326-6,옥돌,옥돌,,,TRADE_5CC758564E5A,unmatched,0.0,0.0,16,26380|괴정로|89,26380|당리동|326-6,standard,True,
26380,감천동,365,우림,우림,,,TRADE_EBA76438BED0,unmatched,0.0,25.0,10,26380|암남공원로521번길|12,26380|감천동|365,standard,True,
26380,괴정동,740,자유,자유,괴정자유1차아파트,A60485510,A60485510,road_legal_address_exact,100.0,50.0,1,26380|낙동대로|263,26380|괴정동|740,standard,False,
26380,괴정동,1065,괴정자유3,괴정자유3,괴정자유3차,A60481508,A60481508,road_legal_address_exact,100.0,90.9090909090909,1,26380|승학로233번길|33,26380|괴정동|1065,standard,False,
26380,하단동,519-9,에덴하이츠타운,에덴하이츠타운,,,TRADE_AB25940950F5,unmatched,0.0,28.57142857142857,12,26380|낙동남로1367번길|38,26380|하단동|519-9,standard,True,
26380,하단동,1165-14,강변타워,강변타워,,,TRADE_A76F255B36C8,unmatched,0.0,18.181818181818176,12,26380|하신번영로261번길|13,26380|하단동|1165-14,standard,True,
26380,하단동,497-36,더휴,더휴,,,TRADE_D1FD5CC2C826,unmatched,0.0,19.999999999999996,12,26380|낙동대로|532,26380|하단동|497-36,standard,True,
26380,괴정동,398-18,신익,신익,,,TRADE_20F5CF8517DC,unmatched,0.0,50.0,29,26380|오작로|42,26380|괴정동|398-18,standard,True,
26380,장림동,84-1,신우림,신우림,장림신우림아파트,A60477206,A60477206,road_legal_address_exact,100.0,75.0,1,26380|다대로227번길|15,26380|장림동|84-1,standard,False,
26380,장림동,435,리버팰리스,리버팰리스,사하 리버팰리스 주상복합,A10025499,A10025499,road_legal_address_exact,100.0,62.5,1,26380|다대로|328,26380|장림동|435,standard,False,
26380,괴정동,950-2,괴정어반푸르지오,괴정어반푸르지오,괴정어반푸르지오,A10025542,A10025542,road_legal_address_exact,100.0,100.0,1,26380|사하로|189,26380|괴정동|950-2,standard,False,
26380,당리동,39-18,당리형제,당리형제,당리형제아파트,A60482901,A60482901,road_legal_address_exact,100.0,100.0,1,26380|제석로95번길|21,26380|당리동|39-18,standard,False,
26380,당리동,325-8,부원,부원,,,TRADE_C9A7C0F056D2,unmatched,0.0,18.181818181818176,16,26380|제석로18번길|67,26380|당리동|325-8,standard,True,
26380,하단동,487-1,청목미르피아,청목미르피아,,,TRADE_5EB171478700,unmatched,0.0,33.333333333333336,12,26380|낙동대로549번길|29,26380|하단동|487-1,standard,True,
26380,장림동,307,장림대동맨션,장림대동맨션,,,TRADE_97B0AA2C125B,unmatched,0.0,60.0,26,26380|다대로|289,26380|장림동|307,standard,True,
26380,괴정동,220,협진신태양,협진신태양,,,TRADE_A9C30B9E0CDF,unmatched,0.0,50.0,29,26380|사리로|71,26380|괴정동|220,standard,True,
26380,괴정동,1228,금호,금호,,,TRADE_B2B4A566A637,unmatched,0.0,0.0,29,26380|다대로|37,26380|괴정동|1228,standard,True,
26380,하단동,588-118,라온,라온아파트,,,TRADE_2AD17D740479,unmatched,0.0,0.0,12,26380|하신번영로312번길|63,26380|하단동|588-118,standard,True,
26380,구평동,17,구평1차자유,구평1차자유,구평1차자유아파트,A60481703,A60481703,road_legal_address_exact,100.0,100.0,1,26380|을숙도대로709번길|31,26380|구평동|17,standard,False,
26380,장림동,506-5,현대타워,현대타워,장림현대타워아파트,A10025062,A10025062,road_legal_address_exact,100.0,80.0,1,26380|다대로|365,26380|장림동|506-5,standard,False,
26380,다대동,96,도시두송,도시두송,도시두송아파트,A60475401,A60475401,road_legal_address_exact,100.0,100.0,1,26380|다대로381번길|105,26380|다대동|96,standard,False,
26380,장림동,25,동원타워,동원타워,장림동원타워아파트,A60484003,A60484003,road_legal_address_exact,100.0,80.0,1,26380|다대로277번길|56,26380|장림동|25,standard,False,
26380,당리동,325-2,리치하우스,리치하우스,,,TRADE_B85AD7036D6A,unmatched,0.0,30.76923076923077,16,26380|낙동대로|407-1,26380|당리동|325-2,standard,True,
26380,괴정동,550-7,괴정동천아하늘정원2차,괴정동천아하늘정원2차,,,TRADE_65394FE92539,unmatched,0.0,47.05882352941176,29,26380|장평로449번길|26,26380|괴정동|550-7,standard,True,
26380,다대동,94,삼환2,삼환2,다대삼환2차아파트,A60475402,A60475402,road_legal_address_exact,100.0,66.66666666666667,1,26380|다대로381번길|41,26380|다대동|94,standard,False,
26380,장림동,244-6,장림우림그린맨션,장림우림그린맨션,장림우림그린아파트,A60484004,A60484004,road_legal_address_exact,100.0,85.71428571428572,1,26380|두송로|25,26380|장림동|244-6,standard,False,
26380,당리동,330-4,신동아,신동아(330-4),,,TRADE_4CB648C22D30,unmatched,0.0,40.0,16,26380|동매로|160,26380|당리동|330-4,standard,True,
26380,당리동,16-12,동원베네스트2차,동원베네스트2차,당리동2차동원베네스트,A60482811,A60482811,road_legal_address_exact,100.0,63.1578947368421,1,26380|제석로|171,26380|당리동|16-12,standard,False,
26380,당리동,327-1,화인,화인,,,TRADE_4EE3F7DEB68D,unmatched,0.0,0.0,16,26380|괴정로|86,26380|당리동|327-1,standard,True,
26410,부곡동,225-56,대우우남이채롬,대우우남이채롬,,,TRADE_4F781ABD49EE,unmatched,0.0,36.36363636363637,27,26410|중앙대로1719번길|19,26410|부곡동|225-56,standard,True,
26410,구서동,185-1,선경2,선경2,구서선경아파트,A60975204,A60975204,road_legal_address_exact,100.0,57.14285714285714,1,26410|구서중앙로|20,26410|구서동|185-1,standard,False,
26410,서동,203-14,트레비앙,트레비앙,,,TRADE_7D38B425F8EB,unmatched,0.0,0.0,4,26410|금사로|9,26410|서동|203-14,standard,True,
26410,부곡동,977,온천장역동원로얄듀크,온천장역동원로얄듀크,온천장역동원로얄듀크아파트,A10025896,A10025896,road_legal_address_exact,100.0,100.0,1,26410|부곡로42번길|25,26410|부곡동|977,standard,False,
26410,서동,177-2,우일아내트,우일아내트,,,TRADE_AB1574364BC1,unmatched,0.0,0.0,4,26410|서부로|28,26410|서동|177-2,standard,True,
26410,구서동,185-1,선경1,선경1,구서선경아파트,A60975204,A60975204,road_legal_address_exact,100.0,57.14285714285714,1,26410|구서중앙로|20,26410|구서동|185-1,standard,False,
26410,남산동,122-10,경동,경동아파트,남산동경동아파트,A10020806,A10020806,legal_address_exact,100.0,57.14285714285714,1,26410|학산로|9,26410|남산동|122-10,standard,False,
26410,구서동,444-2,휴림아르페,휴림아르페,,,TRADE_FF05FA1F129D,unmatched,0.0,26.66666666666667,25,26410|구서온천천로|75,26410|구서동|444-2,standard,True,
26410,남산동,8,유창,유창,,,TRADE_4D96155B7195,unmatched,0.0,0.0,8,26410|금단로|113,26410|남산동|8,standard,True,
26410,구서동,420-35,구서동삼백크라시앙,구서동삼백크라시앙,,,TRADE_F5B3A938871B,unmatched,0.0,46.15384615384615,25,26410|중앙대로1805번길|6,26410|구서동|420-35,standard,True,
26410,구서동,203-24,태성캐슬,태성캐슬,,,TRADE_9548BE24DE76,unmatched,0.0,30.76923076923077,25,26410|중앙대로1901번길|53,26410|구서동|203-24,standard,True,
26410,구서동,415-14,덕인센추리온,덕인센추리온,,,TRADE_BACD984B84BA,unmatched,0.0,13.33333333333333,25,26410|금정로233번길|19,26410|구서동|415-14,standard,True,
26410,구서동,268-1,동환빌라트,동환빌라트,,,TRADE_933B4A8E707D,unmatched,0.0,22.22222222222222,25,26410|안뜰로20번길|31,26410|구서동|268-1,standard,True,
26410,구서동,178-8,부성타워,부성타워,,,TRADE_42DE48F157F7,unmatched,0.0,40.0,25,26410|안뜰로7번길|34,26410|구서동|178-8,standard,True,
26410,부곡동,403-9,한보타운,한보타운,한보아파트,A60932001,A60932001,road_legal_address_exact,100.0,66.66666666666667,1,26410|동부곡로15번길|110,26410|부곡동|403-9,standard,False,
26410,서동,255,서동현대,서동현대,서동현대,A60983104,A60983104,road_legal_address_exact,100.0,100.0,1,26410|옥봉로13번길|6,26410|서동|255,standard,False,
26410,구서동,194-2,산호,산호,,,TRADE_DD18F9B9C75F,unmatched,0.0,33.333333333333336,25,26410|구서중앙로|5,26410|구서동|194-2,standard,True,
26410,부곡동,736-106,향양,향양,,,TRADE_9F41B9298DCC,unmatched,0.0,0.0,27,26410|서동로73번길|13,26410|부곡동|736-106,standard,True,
26410,남산동,61,남산하이츠타운,남산하이츠타운,남산하이츠아파트,A60981403,A60981403,road_address_exact,100.0,83.33333333333334,1,26410|중앙대로1985번길|32-6,26410|남산동|61,standard,False,
26410,구서동,159-5,구서하모니빌리지,구서하모니빌리지,,,TRADE_A85D91E14A2B,unmatched,0.0,35.29411764705882,25,26410|두실로23번길|13,26410|구서동|159-5,standard,True,
26410,서동,195-15,서동다성이룸,서동다성이룸,,,TRADE_70D3CBA78F98,unmatched,0.0,40.0,4,26410|서동로|159-7,26410|서동|195-15,standard,True,
26410,서동,228-1,삼한여명,삼한여명,삼한여명아파트,A60983102,A60983102,road_legal_address_exact,100.0,100.0,1,26410|중군진로|25,26410|서동|228-1,standard,False,
26410,구서동,420-12,유림노르웨이아침,유림노르웨이아침,구서유림노르웨이아침아파트,A60931002,A60931002,road_legal_address_exact,100.0,88.88888888888889,1,26410|중앙대로|1799,26410|구서동|420-12,standard,False,
26410,장전동,605-1,장전동sj타워,장전동SJ타워,,,TRADE_333F9BE3E0D0,unmatched,0.0,36.36363636363637,17,26410|식물원로|25,26410|장전동|605-1,standard,True,
26410,서동,237-1,서동로얄맨션,서동로얄맨션,,,TRADE_EE0150B8B42D,unmatched,0.0,40.0,4,26410|서동로194번길|29-1,26410|서동|237-1,standard,True,
26410,구서동,735-1,동일,동일,구서동일아파트,A10020779,A10020779,road_legal_address_exact,100.0,66.66666666666667,1,26410|구서중앙로40번길|48,26410|구서동|735-1,standard,False,
26410,구서동,563-40,금강부광,금강부광,금강부광아파트,A60975804,A60975804,road_legal_address_exact,100.0,100.0,1,26410|금샘로229번길|29,26410|구서동|563-40,standard,False,
26410,구서동,162-13,동보4차,동보4차,,,TRADE_56241E95E616,unmatched,0.0,25.0,25,26410|중앙대로1959번길|14,26410|구서동|162-13,standard,True,
26410,부곡동,957,부곡늘푸른,부곡늘푸른아파트,부곡늘푸른아파트,A60976502,A60976502,legal_address_exact_name,100.0,100.0,2,26410|동현로|89,26410|부곡동|957,standard,False,
26410,남산동,321-1,맥스빌,맥스빌,,,TRADE_246109F0541F,unmatched,0.0,22.22222222222222,8,26410|금강로709번길|5,26410|남산동|321-1,standard,True,
26410,구서동,420-17,구서벽산메가트리움,구서벽산메가트리움,구서벽산메가트리움,A10020732,A10020732,road_legal_address_exact,100.0,100.0,1,26410|부곡온천천로|206,26410|구서동|420-17,standard,False,
26410,부곡동,269-3,해피투모로우,해피투모로우,해피투모로우,A10021334,A10021334,road_legal_address_exact,100.0,100.0,1,26410|중앙대로|1622,26410|부곡동|269-3,standard,False,
26410,구서동,258-17,위클라우드1,위클라우드1,,,TRADE_A21D49509D04,unmatched,0.0,26.66666666666667,25,26410|금강로446번길|11,26410|구서동|258-17,standard,True,
26410,장전동,600-4,온천장해피투모로우,온천장해피투모로우,,,TRADE_B8DB8EEF6597,unmatched,0.0,31.57894736842105,17,26410|식물원로|49,26410|장전동|600-4,standard,True,
26410,장전동,618-1,온천화목,온천화목,,,TRADE_014383E654EE,unmatched,0.0,28.57142857142857,17,26410|식물원로|47,26410|장전동|618-1,standard,True,
26410,남산동,695-4,해성체르니b동,해성체르니B동,,,TRADE_D6D18F551CAB,unmatched,0.0,18.181818181818176,8,26410|금샘로578번길|43,26410|남산동|695-4,standard,True,
26410,구서동,258-7,창신,창신,,,TRADE_481F81BBDA91,unmatched,0.0,33.333333333333336,25,26410|금강로468번길|24,26410|구서동|258-7,standard,True,
26410,남산동,987-16,모아남산블루빌,모아남산블루빌,,,TRADE_7D742198CDAB,unmatched,0.0,36.36363636363637,8,26410|금강로647번길|24,26410|남산동|987-16,standard,True,
26410,장전동,204-7,한사랑빌라,한사랑빌라,,,TRADE_407225F80163,unmatched,0.0,19.999999999999996,17,26410|수림로49번길|9,26410|장전동|204-7,standard,True,
26410,남산동,4-1,청파파크맨션,청파파크맨션,,,TRADE_0E478CA85AFA,unmatched,0.0,0.0,8,26410|금단로101번길|18,26410|남산동|4-1,standard,True,
26410,남산동,117-5,벽송수피아,벽송수피아,,,TRADE_E4D92BA20816,unmatched,0.0,0.0,8,26410|학산로|24,26410|남산동|117-5,standard,True,
26410,구서동,466-3,아름베스트빌1,아름베스트빌1,,,TRADE_8015F44DE0E2,unmatched,0.0,16.666666666666664,25,26410|구서온천천로|63,26410|구서동|466-3,standard,True,
26410,장전동,505-54,행복이가득한집a,행복이가득한집A,,,TRADE_5974138CF7B6,unmatched,0.0,15.384615384615385,17,26410|금샘로17번길|25,26410|장전동|505-54,standard,True,
26410,부곡동,386-1,신동아,신동아,부곡신동아아파트,A60982403,A60982403,road_legal_address_exact,100.0,75.0,1,26410|부곡로18번안길|95,26410|부곡동|386-1,standard,False,
26410,장전동,646-18,산수유,산수유,,,TRADE_3CAEFD07C242,unmatched,0.0,25.0,17,26410|식물원로|3,26410|장전동|646-18,standard,True,
26410,부곡동,297-3,부곡맨션,부곡맨션,부곡반도맨션,A60981801,A60981801,dong_fuzzy,80.0,80.0,27,26410|중앙대로|1606,26410|부곡동|297-3,standard,True,
26440,명지동,3246,명지오션시티삼정그린코아,명지오션시티삼정그린코아,명지삼정그린코아,A10028117,A10028117,road_legal_address_exact,100.0,80.0,1,26440|명지오션시티10로|114,26440|명지동|3246,standard,False,
26440,지사동,1185-1,지사과학삼정그린코아,지사과학삼정그린코아,지사과학단지 삼정그린코아아파트,A10027026,A10027026,road_legal_address_exact,100.0,90.9090909090909,1,26440|과학산단2로20번길|91,26440|지사동|1185-1,standard,False,
26470,연산동,1310-87,희망센트럴뷰,희망센트럴뷰,,,TRADE_1EF9908D51CA,unmatched,0.0,46.15384615384615,65,26470|중앙천로|85,26470|연산동|1310-87,standard,True,
26470,거제동,129-1,한양,한양,거제한양아파트,A61175307,A61175307,road_legal_address_exact,100.0,66.66666666666667,1,26470|중앙대로1226번길|4,26470|거제동|129-1,standard,False,
26470,거제동,18-3,한일유앤아이,한일유앤아이,거제동한일유앤아이,A61107001,A61107001,road_legal_address_exact,100.0,80.0,1,26470|월드컵대로|196,26470|거제동|18-3,standard,False,
26470,연산동,1122-1,남일,남일,,,TRADE_B500C2FB0C57,unmatched,0.0,33.333333333333336,65,26470|중앙대로|1159,26470|연산동|1122-1,standard,True,
26470,연산동,862,연제힐스테이트,연제힐스테이트,연제힐스테이트,A61182902,A61182902,road_legal_address_exact,100.0,100.0,1,26470|연제로|21,26470|연산동|862,standard,False,
26470,연산동,1088,진일,진일,,,TRADE_BA4215B3F443,unmatched,0.0,25.0,65,26470|고분로|136,26470|연산동|1088,standard,True,
26470,연산동,584-1,한성기린,한성기린,연산한성기린아파트,A61176004,A61176004,road_legal_address_exact,100.0,80.0,1,26470|세병로|16,26470|연산동|584-1,standard,False,
26470,연산동,418-8,태광맨션,태광맨션(418-8),,,TRADE_C7DDCF6EA769,unmatched,0.0,40.0,65,26470|과정로|173,26470|연산동|418-8,standard,True,
26470,연산동,469-7,마이네하임,마이네하임,,,TRADE_3E78928F7B45,unmatched,0.0,22.22222222222222,65,26470|과정로|174,26470|연산동|469-7,standard,True,
26470,거제동,1503,거제유림노르웨이숲,거제유림노르웨이숲,거제유림노르웨이숲아파트,A61107303,A61107303,road_legal_address_exact,100.0,100.0,1,26470|거제대로136번길|30,26470|거제동|1503,standard,False,
26470,연산동,1361-7,부산더샵시티애비뉴,부산더샵시티애비뉴,부산더샵시티애비뉴,A10027652,A10027652,legal_address_exact,100.0,100.0,1,26470|시청로|6,26470|연산동|1361-7,standard,False,
26470,연산동,344-15,연제타워,연제타워,,,TRADE_5AF4EC631419,unmatched,0.0,60.0,65,26470|과정로294번길|21,26470|연산동|344-15,standard,True,
26470,연산동,30-1,대우,대우,연산동대우아파트,A61181006,A61181006,road_legal_address_exact,100.0,57.14285714285714,1,26470|토곡남로|15,26470|연산동|30-1,standard,False,
26470,거제동,600,월드파크3,월드파크3,,,TRADE_31C19A29D986,unmatched,0.0,46.15384615384615,41,26470|거제시장로|20,26470|거제동|600,standard,True,
26470,연산동,983-9,현대,현대(983-9),연산현대아파트,A61176202,A61176202,road_address_exact,100.0,66.66666666666667,1,26470|고분로112번길|23,26470|연산동|983-9,standard,False,
26470,연산동,1386-15,로얄센트로빌,로얄센트로빌,,,TRADE_6254FE07010A,unmatched,0.0,40.0,65,26470|거제천로124번길|61,26470|연산동|1386-15,standard,True,
26470,연산동,1836-11,태영아너스,태영아너스,,,TRADE_D581DB70D3CE,unmatched,0.0,22.22222222222222,65,26470|연미로|3,26470|연산동|1836-11,standard,True,
26470,거제동,577-1,연제그린타워,연제그린타워,연제그린타워아파트,A61180401,A61180401,road_legal_address_exact,100.0,100.0,1,26470|거제천로87번길|30,26470|거제동|577-1,standard,False,
26470,거제동,1510,거제동롯데캐슬피렌체,거제동롯데캐슬피렌체,거제동롯데캐슬피렌체,A61175404,A61175404,road_legal_address_exact,100.0,100.0,1,26470|월드컵대로|266,26470|거제동|1510,standard,False,
26470,연산동,1305-12,킴스힐타워,킴스힐타워,,,TRADE_91D73D8EEC68,unmatched,0.0,36.36363636363637,65,26470|중앙대로1054번길|27,26470|연산동|1305-12,standard,True,
26470,거제동,1466-17,온천천쌍용예가,온천천쌍용예가,온천천쌍용예가,A61176708,A61176708,road_legal_address_exact,100.0,100.0,1,26470|세병로|68,26470|거제동|1466-17,standard,False,
26470,거제동,1272,거제아시아드삼정그린코아,거제아시아드삼정그린코아,거제아시아드삼정그린코아아파트,A61180904,A61180904,road_legal_address_exact,100.0,100.0,1,26470|월드컵대로|325,26470|거제동|1272,standard,False,
26470,연산동,1361-9,시청역skview,시청역SKVIEW,시청역 SK VIEW,A10025752,A10025752,road_legal_address_exact,100.0,100.0,1,26470|중앙대로1043번길|34,26470|연산동|1361-9,standard,False,
26470,연산동,2022-587,연산동현대홈타운,연산동현대홈타운,연산동현대홈타운,A61108002,A61108002,road_legal_address_exact,100.0,100.0,1,26470|마곡천로|54,26470|연산동|2022-587,standard,False,
26470,연산동,1481-5,sc아르피나,SC아르피나,,,TRADE_2C0CC519A7F2,unmatched,0.0,18.181818181818176,65,26470|거제천로124번길|60,26470|연산동|1481-5,standard,True,
26470,거제동,1025,현대타운,현대타운,거제현대타운아파트,A61180701,A61180701,road_legal_address_exact,100.0,80.0,1,26470|아시아드대로46번길|15,26470|거제동|1025,standard,False,
26470,연산동,705-5,연산역이즈,연산역이즈,연산역이즈,A10021500,A10021500,road_legal_address_exact,100.0,100.0,1,26470|월드컵대로111번길|46,26470|연산동|705-5,standard,False,
26470,연산동,1481-13,타크빌,타크빌,,,TRADE_DC559FED2516,unmatched,0.0,25.0,65,26470|월드컵대로153번길|81,26470|연산동|1481-13,standard,True,
26470,연산동,1480-5,일호센텀누리,일호센텀누리,,,TRADE_91933BCD55CA,unmatched,0.0,46.15384615384615,65,26470|거제천로118번길|35,26470|연산동|1480-5,standard,True,
26470,연산동,2140-4,남정,남정,,,TRADE_7B8585770E9B,unmatched,0.0,33.333333333333336,65,26470|쌍미천로16번길|17,26470|연산동|2140-4,standard,True,
26470,연산동,3,동서그린,동서그린,동서그린맨션아파트,A61181003,A61181003,road_legal_address_exact,100.0,80.0,1,26470|토곡로|50-2,26470|연산동|3,standard,False,
26470,연산동,478-2,리치w,리치W,,,TRADE_38BFDAA131DC,unmatched,0.0,22.22222222222222,65,26470|과정로|162,26470|연산동|478-2,standard,True,
26470,연산동,469-5,연산헤즈,연산헤즈,,,TRADE_13D23E7F1521,unmatched,0.0,66.66666666666667,65,26470|고분로235번길|57,26470|연산동|469-5,standard,True,
26470,거제동,1466-19,대호,대호,벧엘아파트,A10021493,A10021493,road_legal_address_exact,100.0,0.0,1,26470|거제천로255번길|53,26470|거제동|1466-19,standard,False,
26470,연산동,1289-12,드리머스,드리머스,,,TRADE_37273B438F5E,unmatched,0.0,28.57142857142857,65,26470|중앙대로1075번길|38,26470|연산동|1289-12,standard,True,
26470,연산동,1135-3,대진그린타워,대진그린타워,대진그린타워아파트,A61182303,A61182303,road_legal_address_exact,100.0,100.0,1,26470|쌍미천로84번길|59-10,26470|연산동|1135-3,standard,False,
26470,연산동,1288-7,에스비타운,에스비타운,,,TRADE_13ACBB4FF1A2,unmatched,0.0,30.76923076923077,65,26470|월드컵대로153번길|39,26470|연산동|1288-7,standard,True,
26470,연산동,1481-8,해운그린빌,해운그린빌,,,TRADE_0E099EB99660,unmatched,0.0,36.36363636363637,65,26470|거제천로124번길|52,26470|연산동|1481-8,standard,True,
26470,거제동,453-3,버드나무,버드나무,,,TRADE_F22162C535D5,unmatched,0.0,19.999999999999996,41,26470|거제시장로14번길|55,26470|거제동|453-3,standard,True,
26470,연산동,1135-160,연산삼성타워맨션,연산삼성타워맨션,연산삼성타워맨션아파트,A10023018,A10023018,road_legal_address_exact,100.0,100.0,1,26470|쌍미천로|70,26470|연산동|1135-160,standard,False,
26500,남천동,595,남천금호어울림더비치,남천금호어울림더비치,남천금호어울림더비치,A10025358,A10025358,road_address_exact,100.0,100.0,1,26500|남천동로|91,26500|남천동|595,standard,False,
26500,수영동,460-6,에코하임,에코하임,,,TRADE_5CAED0815BB7,unmatched,0.0,0.0,3,26500|망미번영로60번길|31,26500|수영동|460-6,standard,True,
26500,광안동,137-1,성남,성남,,,TRADE_B384A2C9B81F,unmatched,0.0,19.999999999999996,22,26500|광안로21번길|64,26500|광안동|137-1,standard,True,
26500,광안동,380,디아이하우스,디아이하우스,,,TRADE_8C36E31C2DA6,unmatched,0.0,25.0,22,26500|수영로545번가길|22,26500|광안동|380,standard,True,
26500,광안동,473-2,광안동에스케이뷰,광안동에스케이뷰,광안 SK VIEW,A61310005,A61310005,road_legal_address_exact,100.0,25.0,1,26500|광안로|12,26500|광안동|473-2,standard,False,
26500,광안동,373,진흥목화,진흥목화,,,TRADE_BE56369DBC10,unmatched,0.0,0.0,22,26500|남천바다로9번길|71,26500|광안동|373,standard,True,
26500,남천동,44-8,태흥스위트빌라,태흥스위트빌라,,,TRADE_45DF93C59B04,unmatched,0.0,23.529411764705888,14,26500|수영로487번길|31,26500|남천동|44-8,standard,True,
26500,광안동,688-23,광일센텀스카이뷰,광일센텀스카이뷰,,,TRADE_1918EDE52E74,unmatched,0.0,40.0,22,26500|광서로10번길|10,26500|광안동|688-23,standard,True,
26500,광안동,140-18,풍림,풍림,,,TRADE_5C53DD31ACDC,unmatched,0.0,16.666666666666664,22,26500|광안로7번길|50,26500|광안동|140-18,standard,True,
26500,남천동,41-2,소라맨션,소라맨션,,,TRADE_7E2949DFDE6E,unmatched,0.0,19.999999999999996,14,26500|수영로487번길|20,26500|남천동|41-2,standard,True,
26500,광안동,1258-6,금보빌라타운,금보빌라타운,,,TRADE_F303A5E3B11E,unmatched,0.0,28.57142857142857,22,26500|수영로521번길|74,26500|광안동|1258-6,standard,True,
26500,광안동,119-2,고은파크뷰,고은파크뷰,,,TRADE_E5674E979FD4,unmatched,0.0,19.999999999999996,22,26500|수영로606번길|27,26500|광안동|119-2,standard,True,
26500,민락동,22-1,송현다미랑,송현다미랑,,,TRADE_2CEDFFFDEE7F,unmatched,0.0,14.28571428571429,13,26500|민락본동로|15,26500|민락동|22-1,standard,True,
26500,수영동,445-3,수영엔스타,수영엔스타Ⅱ,,,TRADE_C870420F4FB9,unmatched,0.0,53.333333333333336,3,26500|수영로725번길|53,26500|수영동|445-3,standard,True,
26500,광안동,373-128,스테이빌,스테이빌,,,TRADE_C4E7C2733A88,unmatched,0.0,25.0,22,26500|수영로522번길|9,26500|광안동|373-128,standard,True,
26500,광안동,99-5,롯데골드로즈,롯데골드로즈,광안롯데골드로즈,A61310006,A61310006,road_legal_address_exact,100.0,85.71428571428572,1,26500|수영로|648,26500|광안동|99-5,standard,False,
26500,남천동,12-22,남천블루비치,남천블루비치,,,TRADE_E3705805E6E6,unmatched,0.0,72.72727272727273,14,26500|남천동로9번길|15,26500|남천동|12-22,standard,True,
26500,남천동,3-11,진주,진주,,,TRADE_BF05516619F3,unmatched,0.0,25.0,14,26500|광남로|56,26500|남천동|3-11,standard,True,
26500,광안동,44-16,에이스센텀빌리지,에이스센텀빌리지,,,TRADE_5349160480DC,unmatched,0.0,21.052631578947366,22,26500|감포로102번길|11,26500|광안동|44-16,standard,True,
26500,민락동,149-1,대원리치빌,대원리치빌,,,TRADE_F96483CD848B,unmatched,0.0,28.57142857142857,13,26500|무학로63번길|15,26500|민락동|149-1,standard,True,
26500,광안동,100-9,수영금보,수영금보,,,TRADE_A9AEB31CB3CA,unmatched,0.0,0.0,22,26500|수영로652번길|22,26500|광안동|100-9,standard,True,
26500,광안동,143-1,성원상떼빌,성원상떼빌,광안역성원상떼빌,A10020194,A10020194,road_legal_address_exact,100.0,76.92307692307692,1,26500|수영로582번길|10,26500|광안동|143-1,standard,False,
26500,남천동,18-5,라움팰리스타워,라움팰리스타워,,,TRADE_D63E0756127C,unmatched,0.0,28.57142857142857,14,26500|남천동로10번길|10,26500|남천동|18-5,standard,True,
26500,광안동,95-5,동림리라,동림리라,,,TRADE_62B5510669EE,unmatched,0.0,40.0,22,26500|무학로33번길|51,26500|광안동|95-5,standard,True,
26500,망미동,834-3,산호맨션,산호맨션,,,TRADE_EF39407F1462,unmatched,0.0,0.0,12,26500|연수로249번길|20,26500|망미동|834-3,standard,True,
26500,광안동,185-6,승우맨션,승우맨션(나동),,,TRADE_A89325F7C25C,unmatched,0.0,15.384615384615385,22,26500|수영로510번길|38,26500|광안동|185-6,standard,True,
26500,남천동,31-2,백산,백산,,,TRADE_CC1F2B2085FE,unmatched,0.0,0.0,14,26500|광남로|55,26500|남천동|31-2,standard,True,
26500,망미동,411-1,현대망미,현대망미,,,TRADE_D6F25C183DEF,unmatched,0.0,50.0,12,26500|망미번영로55번길|112,26500|망미동|411-1,standard,True,
26500,수영동,475-15,센텀그레이스,센텀그레이스아파트,,,TRADE_DFA55CC0F401,unmatched,0.0,12.5,3,26500|수미로42번길|26,26500|수영동|475-15,standard,True,
26500,광안동,170-4,산호비치,산호비치,,,TRADE_2043B98E154A,unmatched,0.0,50.0,22,26500|수영로536번길|65,26500|광안동|170-4,standard,True,
26500,광안동,51-3,에이스센텀스카이뷰,에이스센텀스카이뷰,,,TRADE_FDE09C8F5A88,unmatched,0.0,15.384615384615385,22,26500|수영로702번길|10,26500|광안동|51-3,standard,True,
26500,민락동,705-1,화신,화신,,,TRADE_C1F514794E52,unmatched,0.0,0.0,13,26500|광남로172번길|10,26500|민락동|705-1,standard,True,
26500,망미동,819-3,동방,동방(6~9동),,,TRADE_6B1407BE7030,unmatched,0.0,16.666666666666664,12,26500|연수로282번길|7,26500|망미동|819-3,standard,True,
26500,망미동,458-2,영미,영미(가동),,,TRADE_086DC66E13F3,unmatched,0.0,33.333333333333336,12,26500|과정로91번길|46,26500|망미동|458-2,standard,True,
26500,광안동,742-2,협성엠파이어,"협성엠파이어(101,102동)",광안협성엠파이어,A61380903,A61380903,dong_fuzzy,85.71428571428572,85.71428571428572,22,26500|장대골로19번길|7,26500|광안동|742-2,standard,True,
26500,민락동,11-1,태창파크,태창파크,,,TRADE_1817EE749E1C,unmatched,0.0,36.36363636363637,13,26500|광남로|271,26500|민락동|11-1,standard,True,
26500,망미동,433-27,신한백조,신한백조,,,TRADE_E6EF4A45044B,unmatched,0.0,25.0,12,26500|망미배산로10번길|96,26500|망미동|433-27,standard,True,
26500,망미동,453-3,오양,오양,,,TRADE_EC8BB66AE76B,unmatched,0.0,0.0,12,26500|과정로67번길|47,26500|망미동|453-3,standard,True,
26500,망미동,209-4,한성기린,한성기린,망미한성기린아파트,A10025719,A10025719,road_legal_address_exact,100.0,80.0,1,26500|수미로71번길|20,26500|망미동|209-4,standard,False,
26500,광안동,180-4,새광안맨션,새광안맨션,,,TRADE_F61E3F4B7C06,unmatched,0.0,44.44444444444444,22,26500|남천바다로15번길|55,26500|광안동|180-4,standard,True,
26500,광안동,377-18,성우센텀스카이뷰에이,성우센텀스카이뷰에이,,,TRADE_57539C0EB856,unmatched,0.0,22.22222222222222,22,26500|수영로|533,26500|광안동|377-18,standard,True,
26530,엄궁동,183,엄궁한신1차,엄궁한신1차,엄궁한신1차아파트,A61782901,A61782901,road_legal_address_exact,100.0,100.0,1,26530|낙동대로|712-17,26530|엄궁동|183,standard,False,
26530,학장동,173-16,구덕극동,구덕극동,구덕극동,A61784101,A61784101,road_legal_address_exact,100.0,100.0,1,26530|학감대로|62,26530|학장동|173-16,standard,False,
26530,모라동,314,화인,화인,화인타워아파트,A61781803,A61781803,legal_address_exact,100.0,66.66666666666667,1,26530|백양대로934번길|52-6,26530|모라동|314,standard,False,
26530,주례동,1010-3,벽산신화,벽산신화,벽산신화,A61783605,A61783605,road_legal_address_exact,100.0,100.0,1,26530|백양대로|515,26530|주례동|1010-3,standard,False,
26530,모라동,313,우성2차,우성2차,모라우성2차아파트,A61781802,A61781802,road_legal_address_exact,100.0,80.0,1,26530|백양대로934번길|52-30,26530|모라동|313,standard,False,
26530,주례동,530-5,현대무지개타운,현대무지개타운,주례현대무지개아파트,A61783402,A61783402,road_legal_address_exact,100.0,71.42857142857143,1,26530|주례로|93,26530|주례동|530-5,standard,False,
26530,주례동,1288,주례경동리인,주례경동리인,주례경동리인아파트,A10026975,A10026975,road_address_exact,100.0,100.0,1,26530|백양대로|526,26530|주례동|1288,standard,False,
26530,학장동,585-77,삼광,삼광(585-77),,,TRADE_68920BC4412B,unmatched,0.0,33.333333333333336,17,26530|대동로159번길|121,26530|학장동|585-77,standard,True,
26530,괘법동,516-1,한신,한신,괘법한신아파트,A61775901,A61775901,road_legal_address_exact,100.0,66.66666666666667,1,26530|낙동대로1210번길|53,26530|괘법동|516-1,standard,False,
26530,모라동,857,모라동비버힐,모라동비버힐아파트,,,TRADE_38D16B1F20CB,unmatched,0.0,54.54545454545454,19,26530|사상로478번길|12,26530|모라동|857,standard,True,
26530,괘법동,481-2,태양아트빌,태양아트빌,,,TRADE_402D49772486,unmatched,0.0,18.181818181818176,11,26530|광장로104번길|11,26530|괘법동|481-2,standard,True,
26530,모라동,655-7,유진맨션,유진맨션,,,TRADE_28DAED35D4C7,unmatched,0.0,0.0,19,26530|모라로|40,26530|모라동|655-7,standard,True,
26530,주례동,5-2,퀀텀펠리스,퀀텀펠리스,,,TRADE_614DFDCEB35F,unmatched,0.0,18.181818181818176,23,26530|백양대로357번길|33,26530|주례동|5-2,standard,True,
26530,모라동,1326,한일,한일,,,TRADE_F3D21EAA19CE,unmatched,0.0,0.0,19,26530|백양대로950번나길|80-6,26530|모라동|1326,standard,True,
26530,덕포동,49,벽산신익타운,벽산신익타운,덕포신익타운,A61778005,A61778005,road_legal_address_exact,100.0,66.66666666666667,1,26530|덕상로|20,26530|덕포동|49,standard,False,
26530,엄궁동,37-3,신흥동백맨션,신흥동백맨션,신흥동백아파트,A10021303,A10021303,road_legal_address_exact,100.0,80.0,1,26530|엄궁로|172,26530|엄궁동|37-3,standard,False,
26530,주례동,692-36,본동맨션,본동맨션,,,TRADE_0C3F892191DE,unmatched,0.0,50.0,23,26530|사상로|25,26530|주례동|692-36,standard,True,
26530,괘법동,524-23,파밀리아괘법4차,파밀리아괘법4차,,,TRADE_6D9E5CDF33F1,unmatched,0.0,42.85714285714286,11,26530|광장로37번길|72,26530|괘법동|524-23,standard,True,
26530,주례동,519-6,주례맨션,주례맨션,주례맨션,A10021467,A10021467,legal_address_exact,100.0,100.0,1,26530|주례로10번길|110,26530|주례동|519-6,standard,False,
26530,모라동,986-3,대상로웰,대상로웰아파트,,,TRADE_C904B8A9CCF4,unmatched,0.0,15.384615384615385,19,26530|사상로|504,26530|모라동|986-3,standard,True,
26530,모라동,409-13,창신그린힐,창신그린힐,모라창신그린힐아파트,A61708002,A61708002,road_legal_address_exact,100.0,83.33333333333334,1,26530|백양대로902번길|46,26530|모라동|409-13,standard,False,
26530,주례동,286,주례2차동일,주례2차동일,주례동일2차아파트,A61783601,A61783601,road_legal_address_exact,100.0,66.66666666666667,1,26530|양지로42번길|13,26530|주례동|286,standard,False,
26530,삼락동,54-3,봉성맨션,봉성맨션,,,TRADE_84439EBC113B,unmatched,0.0,0.0,1,26530|낙동대로1530번길|31,26530|삼락동|54-3,standard,True,
26530,괘법동,273-1,괘법동포르투나,괘법동포르투나,,,TRADE_828188E3A72B,unmatched,0.0,44.44444444444444,11,26530|사상로224번길|16,26530|괘법동|273-1,standard,True,
26530,엄궁동,1-10,삼성타워,삼성타워,엄궁삼성타워아파트,A61782802,A61782802,road_legal_address_exact,100.0,80.0,1,26530|대동로64번길|40,26530|엄궁동|1-10,standard,False,
26530,학장동,437,삼정송림맨션,삼정송림맨션,삼정송림아파트,A10021395,A10021395,road_legal_address_exact,100.0,80.0,1,26530|학감대로123번길|65,26530|학장동|437,standard,False,
26710,기장읍대라리,240,이진캐스빌,이진캐스빌,이진캐스빌,A61990307,A61990307,road_legal_address_exact,100.0,100.0,1,26710|차성서로|51,26710|기장읍대라리|240,standard,False,
26710,기장읍대라리,112-1,동부산어반리움,동부산어반리움,,,TRADE_2FD2D0218978,unmatched,0.0,14.28571428571429,4,26710|차성남로|69,26710|기장읍대라리|112-1,standard,True,
26710,기장읍대라리,126-1,더블유하임,더블유하임,,,TRADE_0B9D9A76B276,unmatched,0.0,0.0,4,26710|차성동로45번길|35,26710|기장읍대라리|126-1,standard,True,
26710,일광읍삼성리,35-4,해맞이빌,해맞이빌,,,TRADE_F2EC81162DB7,unmatched,0.0,15.384615384615385,11,26710|삼성3길|45,26710|일광읍삼성리|35-4,standard,True,
26710,기장읍동부리,333,이진스카이빌,이진스카이빌,이진스카이빌아파트,A61990503,A61990503,road_legal_address_exact,100.0,100.0,1,26710|차성서로|158-12,26710|기장읍동부리|333,standard,False,
26710,기장읍대라리,845,대원빌라3차,대원빌라3차,,,TRADE_7EBB9D88125F,unmatched,0.0,18.181818181818176,4,26710|차성서로77번길|56-13,26710|기장읍대라리|845,standard,True,
26710,기장읍서부리,101,서부주공,서부주공,기장서부주공아파트,A61970311,A61970311,road_legal_address_exact,100.0,80.0,1,26710|차성서로|123,26710|기장읍서부리|101,standard,False,
26710,정관읍방곡리,405,정관가화만사성더테라스2차,정관가화만사성더테라스2차,가화만사성더테라스2차아파트,A10026158,A10026158,road_legal_address_exact,100.0,91.66666666666666,1,26710|구연방곡로|106,26710|정관읍방곡리|405,standard,False,
26710,기장읍청강리,18-2,현대,현대,기장현대아파트,A61970112,A61970112,road_legal_address_exact,100.0,66.66666666666667,1,26710|기장대로|563,26710|기장읍청강리|18-2,standard,False,
26710,기장읍교리,352-4,가화랜드빌,가화랜드빌,,,TRADE_1453EB1467A9,unmatched,0.0,40.0,7,26710|차성동로|168-20,26710|기장읍교리|352-4,standard,True,
26710,기장읍대라리,174-1,수신,수신,,,TRADE_FA6F2B02E376,unmatched,0.0,0.0,4,26710|대청로36번길|43,26710|기장읍대라리|174-1,standard,True,
26710,기장읍대라리,971,금강궁전,금강궁전,기장금강궁전아파트,A61990302,A61990302,road_legal_address_exact,100.0,80.0,1,26710|차성남로|13-6,26710|기장읍대라리|971,standard,False,
26710,정관읍용수리,1318,정관협성르네상스타운,정관협성르네상스타운,정관협성르네상스,A61996113,A61996113,road_legal_address_exact,100.0,88.88888888888889,1,26710|정관4로|68,26710|정관읍용수리|1318,standard,False,
26710,기장읍동부리,377-2,동산백조,동산백조,,,TRADE_039446198FFA,unmatched,0.0,0.0,4,26710|차성동로142번길|12-8,26710|기장읍동부리|377-2,standard,True,
48250,어방동,458-1,우신그린피아,우신그린피아,우신그린피아,A62177402,A62177402,road_legal_address_exact,100.0,100.0,1,48250|인제로169번길|27,48250|어방동|458-1,strict_full_lot,False,
48250,전하동,439,반도보라,반도보라,반도보라,A62110001,A62110001,road_legal_address_exact,100.0,100.0,1,48250|전하로176번길|71,48250|전하동|439,strict_full_lot,False,
48250,안동,333-1,한효,한효,안동한효,A62191403,A62191403,road_legal_address_exact,100.0,66.66666666666667,1,48250|삼안로112번길|4,48250|안동|333-1,strict_full_lot,False,
48250,진영읍진영리,598-3,협성팔레스타운,협성팔레스타운,협성팔레스타운,A62180708,A62180708,road_legal_address_exact,100.0,100.0,1,48250|김해대로244번길|10,48250|진영읍진영리|598-3,strict_full_lot,False,
48250,내동,121-1,홍익,홍익,홍익그린빌,A62190207,A62190207,road_legal_address_exact,100.0,57.14285714285714,1,48250|평전로|211,48250|내동|121-1,strict_full_lot,False,
48250,부곡동,801-3,월산마을2단지부영7차,월산마을2단지부영7차,월산마을2단지부영,A62183307,A62183307,road_legal_address_exact,100.0,90.0,1,48250|대청로|421,48250|부곡동|801-3,strict_full_lot,False,
48250,관동동,448-8,팔판마을5단지푸르지오,팔판마을5단지푸르지오,장유팔판5단지푸르지오5차,A62183122,A62183122,road_legal_address_exact,100.0,75.0,1,48250|팔판로|71,48250|관동동|448-8,strict_full_lot,False,
48250,삼계동,1521,김해장신대역양우내안애,김해장신대역양우내안애,양우내안애,A62174802,A62174802,road_legal_address_exact,100.0,62.5,1,48250|김해대로|1868,48250|삼계동|1521,strict_full_lot,False,
48250,한림면장방리,226-1,청원한마을,청원한마을,청원한마을,A62187401,A62187401,road_legal_address_exact,100.0,100.0,1,48250|한림로342번길|24,48250|한림면장방리|226-1,strict_full_lot,False,
48250,진영읍여래리,149,김해진영마루애주상복합,김해진영마루애주상복합,김해진영마루애주상복합아파트,A62180106,A62180106,road_legal_address_exact,100.0,100.0,1,48250|진영로|273,48250|진영읍여래리|149,strict_full_lot,False,
48250,어방동,680,어방동원,어방동원,어방동원,A62175204,A62175204,road_legal_address_exact,100.0,100.0,1,48250|활천로|181,48250|어방동|680,strict_full_lot,False,
48250,관동동,448-9,팔판마을6단지푸르지오,팔판마을6단지푸르지오,장유팔판6단지푸르지오,A62183143,A62183143,road_legal_address_exact,100.0,81.81818181818181,1,48250|팔판로|27,48250|관동동|448-9,strict_full_lot,False,
48250,안동,333-28,김해2차한일,김해2차한일,안동한일유앤아이,A62191401,A62191401,road_legal_address_exact,100.0,28.57142857142857,1,48250|삼안로111번길|5,48250|안동|333-28,strict_full_lot,False,
48250,진영읍진영리,1885,진영한림풀에버2단지,진영한림풀에버2단지,,,TRADE_4EA2D5283CD8,unmatched,0.0,0.0,0,48250|김해대로|256,48250|진영읍진영리|1885,strict_full_lot,True,
48250,진영읍진영리,1884,진영한림풀에버1단지,진영한림풀에버1단지,진영한림풀에버아파트,A10025054,A10025054,road_legal_address_exact,100.0,82.35294117647058,1,48250|김해대로|258,48250|진영읍진영리|1884,strict_full_lot,False,
48250,대청동,291-1,갑오마을1단지대우푸르지오3,갑오마을1단지대우푸르지오3,갑오마을1단지푸르지오,A62183104,A62183104,road_legal_address_exact,100.0,88.0,1,48250|계동로|138,48250|대청동|291-1,strict_full_lot,False,
48250,삼정동,267-7,유한미소안,유한미소안,,,TRADE_57DFA14F5015,unmatched,0.0,0.0,0,48250|활천로36번길|16,48250|삼정동|267-7,strict_full_lot,True,
48250,진영읍죽곡리,240,세일,세일,세일,A62180104,A62180104,road_legal_address_exact,100.0,100.0,1,48250|서부로|190,48250|진영읍죽곡리|240,strict_full_lot,False,
48250,동상동,1100-1,동상동베스티움,동상동베스티움,동상동 베스티움 아파트,A10026917,A10026917,road_legal_address_exact,100.0,100.0,1,48250|가야로463번길|15,48250|동상동|1100-1,strict_full_lot,False,
48250,부곡동,1157-1,석봉마을1단지대동2,석봉마을1단지대동2,장유대동2단지,A62172144,A62172144,road_legal_address_exact,100.0,35.29411764705882,1,48250|월산로|82-62,48250|부곡동|1157-1,strict_full_lot,False,
48250,삼정동,648-15,성우쉐르빌,성우쉐르빌,,,TRADE_CA1515373E87,unmatched,0.0,0.0,0,48250|인제로25번길|46,48250|삼정동|648-15,strict_full_lot,True,
48250,흥동,418-10,한빛빌라4차,한빛빌라4차,,,TRADE_56D1D1673A20,unmatched,0.0,0.0,0,48250|흥동로|162,48250|흥동|418-10,strict_full_lot,True,
48250,봉황동,454-1,광남백조맨션,광남백조맨션(3동),,,TRADE_977CD4F85153,unmatched,0.0,0.0,0,48250|가야의길|98-5,48250|봉황동|454-1,strict_full_lot,True,
48250,삼정동,600-2,경남궁전,경남궁전,,,TRADE_7C4CDAB3F8FD,unmatched,0.0,0.0,0,48250|활천로24번길|16,48250|삼정동|600-2,strict_full_lot,True,
48250,삼방동,174-4,해피하우스,해피하우스(174-4),,,TRADE_A9360E87CB45,unmatched,0.0,0.0,0,48250|활천로267번길|37-14,48250|삼방동|174-4,strict_full_lot,True,
48250,신문동,1521,장유경동리인하이스트,장유경동리인하이스트,장유경동리인하이스트,A10025492,A10025492,road_legal_address_exact,100.0,100.0,1,48250|장유로334번길|9,48250|신문동|1521,strict_full_lot,False,
48250,부곡동,1157-3,석봉마을2단지대동피렌체,석봉마을2단지대동피렌체(30-4),대동피렌체2단지,A62183106,A62183106,road_legal_address_exact,100.0,50.0,1,48250|월산로|74,48250|부곡동|1157-3,strict_full_lot,False,
48250,풍유동,70-16,가야그린빌,가야그린빌(70-16),,,TRADE_227FD3DEB7BE,unmatched,0.0,0.0,0,48250|전하로13번길|10-19,48250|풍유동|70-16,strict_full_lot,True,
48250,대성동,88,가람,가람,가람아파트,A10021988,A10021988,road_legal_address_exact,100.0,100.0,1,48250|구지로|102-1,48250|대성동|88,strict_full_lot,False,
48250,부원동,601-22,편한세상,편한세상,,,TRADE_F07C75FDF637,unmatched,0.0,0.0,0,48250|가락로29번길|10,48250|부원동|601-22,strict_full_lot,True,
48250,진영읍진영리,276,대한,대한,,,TRADE_B2B19E21B404,unmatched,0.0,0.0,0,48250|여래로20번길|64-63,48250|진영읍진영리|276,strict_full_lot,True,
48250,어방동,843,성우,성우,,,TRADE_D91C1D2BDB42,unmatched,0.0,0.0,0,48250|분성로501번길|19-19,48250|어방동|843,strict_full_lot,True,
48250,구산동,530,거송월드타운,거송월드타운,거송아파트,A62190103,A62190103,road_legal_address_exact,100.0,50.0,1,48250|가락로|313,48250|구산동|530,strict_full_lot,False,
48330,상북면석계리,7,동우강변타워2,동우강변타워2,동우강변타워2차 아파트,A10020859,A10020859,road_legal_address_exact,100.0,93.33333333333333,1,48330|상북중앙로|447,48330|상북면석계리|7,strict_full_lot,False,
48330,북정동,437,동원,동원,북정동원,A62611004,A62611004,road_legal_address_exact,100.0,66.66666666666667,1,48330|북정로|116,48330|북정동|437,strict_full_lot,False,
48330,동면석산리,518,석산한신휴플러스,석산한신휴플러스,석산한신휴플러스,A62682103,A62682103,road_legal_address_exact,100.0,100.0,1,48330|석산1길|10,48330|동면석산리|518,strict_full_lot,False,
48330,물금읍가촌리,1323,양산코오롱하늘채,양산코오롱하늘채,양산코오롱하늘채아파트,A10025298,A10025298,road_legal_address_exact,100.0,100.0,1,48330|가촌서로|45,48330|물금읍가촌리|1323,strict_full_lot,False,
48330,동면석산리,145,대정그린파크2,대정그린파크2,,,TRADE_8A9D440D2761,unmatched,0.0,0.0,0,48330|계석3길|15,48330|동면석산리|145,strict_full_lot,True,
48330,평산동,46-1,새진흥8,새진흥8,새진흥8차아파트,A62684803,A62684803,road_legal_address_exact,100.0,88.88888888888889,1,48330|신명2길|16-33,48330|평산동|46-1,strict_full_lot,False,
48330,평산동,843-1,대근그린맨션,대근그린맨션,,,TRADE_0CF14C77F398,unmatched,0.0,0.0,0,48330|장흥길|14,48330|평산동|843-1,strict_full_lot,True,
48330,하북면순지리,739,금산빌라,금산빌라,,,TRADE_1F47D2EB556A,unmatched,0.0,0.0,0,48330|신평강변2길|2,48330|하북면순지리|739,strict_full_lot,True,
48330,북정동,708,동부,동부,,,TRADE_8EA58916909C,unmatched,0.0,0.0,0,48330|고향의봄10길|27,48330|북정동|708,strict_full_lot,True,
48330,교동,241-6,창조,창조,창조아파트,A62675001,A62675001,road_legal_address_exact,100.0,100.0,1,48330|회현1길|6,48330|교동|241-6,strict_full_lot,False,
48330,평산동,568,봉우,봉우,양산봉우아파트,A62675614,A62675614,road_legal_address_exact,100.0,66.66666666666667,1,48330|신명로|87,48330|평산동|568,strict_full_lot,False,
48330,물금읍범어리,502-4,성원,성원,범어성원,A62681305,A62681305,road_legal_address_exact,100.0,66.66666666666667,1,48330|오봉로|179,48330|물금읍범어리|502-4,strict_full_lot,False,
48330,물금읍범어리,682-1,현대2,현대2,범어현대아파트,A62677716,A62677716,road_legal_address_exact,100.0,57.14285714285714,1,48330|오봉로|180,48330|물금읍범어리|682-1,strict_full_lot,False,
48330,물금읍가촌리,1281,힐데스하임,힐데스하임,양산힐데스하임아파트,A10027392,A10027392,road_legal_address_exact,100.0,83.33333333333334,1,48330|야리로|75,48330|물금읍가촌리|1281,strict_full_lot,False,
48330,주진동,707,양산양우내안애파크뷰,양산양우내안애파크뷰,양산양우내안애파크뷰,A10024730,A10024730,road_legal_address_exact,100.0,100.0,1,48330|진등길|15,48330|주진동|707,strict_full_lot,False,
48330,교동,245-2,협성강변,협성강변,협성강변타운,A62621002,A62621002,road_legal_address_exact,100.0,80.0,1,48330|회현1길|3,48330|교동|245-2,strict_full_lot,False,
48330,물금읍범어리,717-1,삼위로얄,삼위로얄,,,TRADE_2E88FBF3DB77,unmatched,0.0,0.0,0,48330|동중7길|21,48330|물금읍범어리|717-1,strict_full_lot,True,
48330,물금읍범어리,789,주공3,주공3,범어주공3차,A62677607,A62677607,road_legal_address_exact,100.0,66.66666666666667,1,48330|동중1길|7,48330|물금읍범어리|789,strict_full_lot,False,
48330,북정동,434,대동,대동,북정대동1차,A62611003,A62611003,road_legal_address_exact,100.0,50.0,1,48330|북정중앙로|62,48330|북정동|434,strict_full_lot,False,
48330,동면석산리,864-12,일동미라주,일동미라주,일동미라주아파트,A62682101,A62682101,road_legal_address_exact,100.0,100.0,1,48330|석금산로|171,48330|동면석산리|864-12,strict_full_lot,False,
48330,상북면석계리,74-11,강보쉐르빌a,강보쉐르빌A,,,TRADE_5CDED059E1AF,unmatched,0.0,0.0,0,48330|반회동6길|5,48330|상북면석계리|74-11,strict_full_lot,True,
48330,상북면석계리,15-4,한성강변타운,한성강변타운,한성강변타운,A62685403,A62685403,road_legal_address_exact,100.0,100.0,1,48330|상북중앙로|437-3,48330|상북면석계리|15-4,strict_full_lot,False,
48330,물금읍가촌리,1282,양산물금양우내안애3차센트럴,양산물금양우내안애3차센트럴아파트,양우내안애3차센트럴아파트,A10027250,A10027250,road_legal_address_exact,100.0,83.33333333333334,1,48330|야리로|89,48330|물금읍가촌리|1282,strict_full_lot,False,
48330,물금읍가촌리,1290-2,양산유림노르웨이아침,양산유림노르웨이아침,,,TRADE_99502086627E,unmatched,0.0,0.0,0,48330|메기로|203,48330|물금읍가촌리|1290-2,strict_full_lot,True,
48330,동면석산리,337-2,대정그린파크1,대정그린파크1,,,TRADE_C74451B21685,unmatched,0.0,0.0,0,48330|계석3길|29,48330|동면석산리|337-2,strict_full_lot,True,
48330,평산동,1199,양산코아루,양산코아루,양산코아루,A62632011,A62632011,road_legal_address_exact,100.0,100.0,1,48330|평산북로|54,48330|평산동|1199,strict_full_lot,False,
26110,영주동,546-3,미소지움,미소지움아파트,,,TRADE_9F82EB75AA6F,unmatched,0.0,0.0,5,26110|중구로|182-1,26110|영주동|546-3,standard,True,
26110,보수동2가,118-3,노블레스힐,노블레스힐,,,TRADE_C465E9C74561,unmatched,0.0,0.0,0,26110|대청로|37,26110|보수동2가|118-3,standard,True,
26110,부평동4가,42-1,백운집시티타워,백운집시티타워,,,TRADE_0E465B87317D,unmatched,0.0,0.0,0,26110|흑교로35번길|26,26110|부평동4가|42-1,standard,True,
26110,보수동3가,56,보수허브센티움,보수허브센티움,,,TRADE_826534174A9A,unmatched,0.0,0.0,0,26110|흑교로45번길|28,26110|보수동3가|56,standard,True,
26110,부평동4가,2-9,예그린,예그린,,,TRADE_D7D1EB313DCA,unmatched,0.0,0.0,0,26110|흑교로35번길|16-1,26110|부평동4가|2-9,standard,True,
26140,서대신동1가,90-1,프린세스빌라,프린세스빌라,,,TRADE_B9CFD1049395,unmatched,0.0,0.0,1,26140|부용로|14-34,26140|서대신동1가|90-1,standard,True,
26140,충무동2가,24-4,삼부타워,삼부타워,,,TRADE_2BF5F0343B88,unmatched,0.0,0.0,0,26140|천마로205번길|40,26140|충무동2가|24-4,standard,True,
26140,서대신동2가,120,희망센츄럴타운,희망센츄럴타운,,,TRADE_165A289C5F85,unmatched,0.0,26.66666666666667,3,26140|구덕로|293,26140|서대신동2가|120,standard,True,
26140,서대신동3가,19-6,구덕하이츠,구덕하이츠,,,TRADE_7E87C5628289,unmatched,0.0,44.44444444444444,8,26140|보수대로320번길|13-8,26140|서대신동3가|19-6,standard,True,
26140,서대신동1가,40,용문빌리지,용문빌리지,,,TRADE_D75C7E9CAC2D,unmatched,0.0,18.181818181818176,1,26140|구덕로|275-3,26140|서대신동1가|40,standard,True,
26140,부용동1가,20-15,천아드림타운,천아드림타운,,,TRADE_462CBC99EB14,unmatched,0.0,16.666666666666664,1,26140|구덕로|254,26140|부용동1가|20-15,standard,True,
26140,남부민동,643,충무쇼핑맨션,충무쇼핑맨션,,,TRADE_F2B051EAD7BA,unmatched,0.0,23.529411764705888,6,26140|충무대로255번길|9,26140|남부민동|643,standard,True,
26140,토성동5가,45-6,서원블루오션b동,서원블루오션B동,,,TRADE_B5AE14A0DDEB,unmatched,0.0,0.0,0,26140|초장로|53,26140|토성동5가|45-6,standard,True,
26140,암남동,81-19,신익별장,신익별장,신익별장아파트,A10021572,A10021572,road_legal_address_exact,100.0,100.0,1,26140|천마로|17,26140|암남동|81-19,standard,False,
26140,암남동,64-2,송도정림비치타운,송도정림비치타운,정림비치타운아파트,A60283005,A60283005,road_legal_address_exact,100.0,85.71428571428572,1,26140|감천로|271,26140|암남동|64-2,standard,False,
26140,서대신동3가,31-57,금호어울림,금호어울림,금호어울림아파트,A60282202,A60282202,road_legal_address_exact,100.0,100.0,1,26140|꽃마을로|57,26140|서대신동3가|31-57,standard,False,
26140,토성동5가,53-12,한영리더스,한영리더스,,,TRADE_D186A640CD65,unmatched,0.0,0.0,0,26140|천마로205번길|63,26140|토성동5가|53-12,standard,True,
26140,서대신동2가,14,오션스카이블루,오션스카이블루,,,TRADE_EAA7CEF63DBA,unmatched,0.0,13.33333333333333,3,26140|구덕로321번길|23,26140|서대신동2가|14,standard,True,
26140,동대신동3가,258-29,정림주택,정림주택,,,TRADE_494827A7CBFB,unmatched,0.0,0.0,3,26140|망양로|142,26140|동대신동3가|258-29,standard,True,
26140,암남동,206-1,송도삼정비치맨션,송도삼정비치맨션,,,TRADE_A28A01D34B29,unmatched,0.0,57.14285714285714,14,26140|충무대로|64,26140|암남동|206-1,standard,True,
26140,암남동,764,송도서린엘마르,송도서린엘마르,송도 서린엘마르아파트,A10027458,A10027458,road_legal_address_exact,100.0,100.0,1,26140|송도해변로|21,26140|암남동|764,standard,False,
26140,암남동,81-12,송도자유비치,송도자유비치,송도자유비치아파트,A60283206,A60283206,road_legal_address_exact,100.0,100.0,1,26140|천해로7번길|33,26140|암남동|81-12,standard,False,
26170,초량동,1156-4,남평ncity,남평N-CITY,,,TRADE_9101224A1348,unmatched,0.0,0.0,10,26170|중앙대로308번길|7-7,26170|초량동|1156-4,standard,True,
26170,좌천동,849-10,흰돌빌라,흰돌빌라,,,TRADE_D6EE4E522ACD,unmatched,0.0,13.33333333333333,5,26170|좌천서로|12,26170|좌천동|849-10,standard,True,
26170,초량동,1218,e편한세상부산항,e편한세상부산항,e편한세상부산항,A10025359,A10025359,road_legal_address_exact,100.0,100.0,1,26170|홍곡로|50,26170|초량동|1218,standard,False,
26170,초량동,1057-57,초량위드빌,초량위드빌,,,TRADE_D0C945A6846B,unmatched,0.0,44.44444444444444,10,26170|초량중로17번길|13,26170|초량동|1057-57,standard,True,
26170,초량동,994-60,금광팰리스,금광팰리스,,,TRADE_ABAAE82B4776,unmatched,0.0,15.384615384615385,10,26170|영초윗길|18,26170|초량동|994-60,standard,True,
26170,초량동,1160-1,지원더뷰오션2차,지원더뷰오션2차,지원더뷰오션2차,A10025109,A10025109,legal_address_exact,100.0,100.0,1,26170|중앙대로296번길|7-1,26170|초량동|1160-1,standard,False,
26170,수정동,512-2,동원빌라,동원빌라,,,TRADE_756AE03E70D0,unmatched,0.0,0.0,3,26170|수정공원로105번길|6,26170|수정동|512-2,standard,True,
26170,초량동,591-4,토마하우스,토마하우스,,,TRADE_CD1EF44D64B8,unmatched,0.0,26.66666666666667,10,26170|중앙대로179번길|30-1,26170|초량동|591-4,standard,True,
26170,좌천동,1170,좌천서린엘마르더뷰,좌천서린엘마르더뷰,좌천 서린엘마르더뷰,A10026146,A10026146,road_legal_address_exact,100.0,100.0,1,26170|망양로|850,26170|좌천동|1170,standard,False,
26170,초량동,1057-1,청명골드타워,청명골드타워,,,TRADE_9FAB34F0FDAF,unmatched,0.0,9.999999999999998,10,26170|초량중로|19,26170|초량동|1057-1,standard,True,
26170,수정동,1181-4,수정,수정(1181-4),,,TRADE_475E93A8E3E9,unmatched,0.0,0.0,3,26170|망양로685번길|30-3,26170|수정동|1181-4,standard,True,
26170,수정동,1014-8,베스안하우스2차,베스안하우스2차,,,TRADE_E0CC0554B36C,unmatched,0.0,11.111111111111116,3,26170|홍곡로|68,26170|수정동|1014-8,standard,True,
26170,범일동,154,성무아이반스타,성무아이반스타,,,TRADE_A8C1BD7C9E90,unmatched,0.0,25.0,9,26170|정공단로|47-1,26170|범일동|154,standard,True,
26170,초량동,865-32,대륙,대륙,,,TRADE_805F114700D1,unmatched,0.0,0.0,10,26170|망양로|494-10,26170|초량동|865-32,standard,True,
26170,초량동,1143-8,고관맨션,고관맨션,,,TRADE_07F2278D4792,unmatched,0.0,16.666666666666664,10,26170|고관로|76,26170|초량동|1143-8,standard,True,
26170,초량동,865-166,화신1,화신1,초량화신아파트,A10021308,A10021308,road_legal_address_exact,100.0,57.14285714285714,1,26170|망양로|516-4,26170|초량동|865-166,standard,False,
26200,청학동,21-15,클래식시티,클래식시티,,,TRADE_044D72E6CCE5,unmatched,0.0,26.66666666666667,9,26200|청학동로|77,26200|청학동|21-15,standard,True,
26200,영선동4가,1303,영선3동,영선3동,,,TRADE_C29255DA9B49,unmatched,0.0,54.54545454545454,2,26200|절영로|227,26200|영선동4가|1303,standard,True,
26200,남항동1가,159,뉴스카이,뉴스카이,,,TRADE_CA726810E01F,unmatched,0.0,0.0,1,26200|남항로31번길|31,26200|남항동1가|159,standard,True,
26200,동삼동,556-1,우일화랑,우일화랑,,,TRADE_6550EE4B84D9,unmatched,0.0,15.384615384615385,23,26200|중리북로|16,26200|동삼동|556-1,standard,True,
26200,동삼동,656,조양비취맨션,조양비취맨션,조양비취맨션,A60608002,A60608002,road_legal_address_exact,100.0,100.0,1,26200|절영로|504,26200|동삼동|656,standard,False,
26200,봉래동3가,166-6,골든빌리지,골든빌리지,,,TRADE_7E9CD6E3B8CF,unmatched,0.0,0.0,0,26200|봉래나루로246번길|8,26200|봉래동3가|166-6,standard,True,
26200,청학동,369,대유맨션,대유맨션,,,TRADE_4BD5A8700877,unmatched,0.0,16.666666666666664,9,26200|청학서로|67,26200|청학동|369,standard,True,
26200,봉래동5가,169-7,시영,시영(1동),,,TRADE_3586564960E1,unmatched,0.0,0.0,0,26200|봉래길|134,26200|봉래동5가|169-7,standard,True,
26200,청학동,135,화신,화신,,,TRADE_A3E2320A5052,unmatched,0.0,28.57142857142857,9,26200|태종로358번길|3,26200|청학동|135,standard,True,
26200,청학동,50-1,원우,원우,,,TRADE_A0515BB445F0,unmatched,0.0,50.0,9,26200|태종로|393,26200|청학동|50-1,standard,True,
26200,남항동1가,36-5,제이스힐타워,제이스힐타워,,,TRADE_A1729E8D8EEB,unmatched,0.0,0.0,1,26200|남항로9번길|11,26200|남항동1가|36-5,standard,True,
26200,청학동,85,일신마리나,일신마리나,일신마리나,A60673703,A60673703,road_legal_address_exact,100.0,100.0,1,26200|조내기로|33,26200|청학동|85,standard,False,
26200,봉래동3가,142-4,한빛타운,한빛타운,,,TRADE_636BF1B0D156,unmatched,0.0,0.0,0,26200|대교로2번길|25,26200|봉래동3가|142-4,standard,True,
26230,연지동,39-5,일화아트빌라,일화아트빌라,,,TRADE_85FC475827CF,unmatched,0.0,19.999999999999996,14,26230|동평로291번길|18,26230|연지동|39-5,standard,True,
26230,초읍동,281-3,한성빌리지,한성빌리지,,,TRADE_F6CD2C623016,unmatched,0.0,40.0,10,26230|새싹로277번길|9,26230|초읍동|281-3,standard,True,
26230,연지동,192-9,연지동삼정그린코아,연지동삼정그린코아,,,TRADE_DEBAE48372E1,unmatched,0.0,37.5,14,26230|동평로235번길|19,26230|연지동|192-9,standard,True,
26230,전포동,890-1,한일유앤아이,한일유앤아이(890-1),전포한일유앤아이,A61477303,A61477303,road_legal_address_exact,100.0,85.71428571428572,1,26230|전포대로171번길|13,26230|전포동|890-1,standard,False,
26230,범천동,842-28,리츠캐슬,리츠캐슬,,,TRADE_6425C19B6987,unmatched,0.0,16.666666666666664,24,26230|중앙번영로|26,26230|범천동|842-28,standard,True,
26230,부암동,577-2,백양,백양,,,TRADE_9C77BCBC9E06,unmatched,0.0,36.36363636363637,27,26230|백양순환로|76,26230|부암동|577-2,standard,True,
26230,개금동,165-2,개금역대상웰리움,개금역대상웰리움,,,TRADE_5D2ED0752462,unmatched,0.0,50.0,23,26230|가야대로498번길|14,26230|개금동|165-2,standard,True,
26230,개금동,171-49,유창아이리치,유창아이리치,,,TRADE_07981205D711,unmatched,0.0,33.333333333333336,23,26230|냉정로|223,26230|개금동|171-49,standard,True,
26230,부암동,39-1,삼부본동,삼부본동,,,TRADE_923A58BFD76B,unmatched,0.0,25.0,27,26230|시민공원로19번길|80,26230|부암동|39-1,standard,True,
26230,부암동,80-8,성암,성암,,,TRADE_54FCB5EBBC66,unmatched,0.0,33.333333333333336,27,26230|시민공원로19번길|38,26230|부암동|80-8,standard,True,
26230,연지동,41-10,스윗팰리스,스윗팰리스,,,TRADE_C5D38CD99395,unmatched,0.0,50.0,14,26230|성지로8번길|36,26230|연지동|41-10,standard,True,
26230,가야동,648,한일하나로,한일하나로,,,TRADE_ACE27026D672,unmatched,0.0,19.999999999999996,12,26230|가야공원로38번길|81,26230|가야동|648,standard,True,
26230,양정동,271-4,더샵골드5,더샵골드5,,,TRADE_6B139EA7A99B,unmatched,0.0,23.529411764705888,13,26230|중앙대로970번길|18,26230|양정동|271-4,standard,True,
26230,양정동,270-3,엘리시아,엘리시아,,,TRADE_EE1EDD4CF515,unmatched,0.0,18.181818181818176,13,26230|중앙대로|966,26230|양정동|270-3,standard,True,
26230,범천동,842-10,골든,골든,,,TRADE_C1353BA0182D,unmatched,0.0,40.0,24,26230|중앙번영로|22,26230|범천동|842-10,standard,True,
26230,전포동,635-1,동연아미가,동연아미가,,,TRADE_336CEF198CAC,unmatched,0.0,18.181818181818176,23,26230|동성로|133,26230|전포동|635-1,standard,True,
26230,당감동,99-1,서면봄여름가을겨울,서면봄여름가을겨울,서면봄여름가을겨울 아파트,A10027668,A10027668,road_legal_address_exact,100.0,100.0,1,26230|가야대로691번길|19,26230|당감동|99-1,standard,False,
26230,양정동,109-9,양정센텀,양정센텀,,,TRADE_B4D757CF26E6,unmatched,0.0,50.0,13,26230|연수로|57,26230|양정동|109-9,standard,True,
26230,가야동,50-1,유림,유림,가야유림아파트,A61480002,A61480002,road_legal_address_exact,100.0,66.66666666666667,1,26230|가야대로679번길|155,26230|가야동|50-1,standard,False,
26230,부암동,35-6,삼부장미,삼부장미,,,TRADE_0FEF06CA4B7D,unmatched,0.0,50.0,27,26230|시민공원로19번길|72,26230|부암동|35-6,standard,True,
26230,부전동,410-14,광민베스토피아,광민베스토피아,,,TRADE_0A4E996C0727,unmatched,0.0,18.181818181818176,7,26230|가야대로755번길|67-10,26230|부전동|410-14,standard,True,
26230,전포동,674-1,전포동위너비타,전포동위너비타,,,TRADE_CD79016F2583,unmatched,0.0,40.0,23,26230|서전로|46,26230|전포동|674-1,standard,True,
26230,범천동,974-4,범천동이즈팰리스,범천동이즈팰리스,,,TRADE_F941CA8148CC,unmatched,0.0,46.15384615384615,24,26230|범천로12번길|7,26230|범천동|974-4,standard,True,
26230,전포동,375-6,디아이하우스,디아이하우스,,,TRADE_6525E90666C9,unmatched,0.0,33.333333333333336,23,26230|황령대로64번길|30,26230|전포동|375-6,standard,True,
26230,양정동,272-2,수정캐슬,수정캐슬,,,TRADE_7A40217231BF,unmatched,0.0,25.0,13,26230|중앙대로|962-2,26230|양정동|272-2,standard,True,
26230,가야동,56-2,한신센타뷰,한신센타뷰,한신센타뷰,A10021471,A10021471,road_legal_address_exact,100.0,100.0,1,26230|가야대로|597,26230|가야동|56-2,standard,False,
26260,수안동,8-1,장미,장미,제일장미아파트,A10022350,A10022350,road_legal_address_exact,100.0,66.66666666666667,1,26260|충렬대로202번길|77,26260|수안동|8-1,standard,False,
26260,수안동,10-3,무궁화,무궁화,,,TRADE_AD2807E71F70,unmatched,0.0,0.0,11,26260|온천천로253번길|9,26260|수안동|10-3,standard,True,
26260,온천동,46-6,성완아이렉스,성완아이렉스,성완아이렉스,A60777701,A60777701,road_legal_address_exact,100.0,100.0,1,26260|금강로|160-1,26260|온천동|46-6,standard,False,
26260,수안동,11-21,새한센시빌,새한센시빌,,,TRADE_D6FA35BA9049,unmatched,0.0,22.22222222222222,11,26260|명륜로|33,26260|수안동|11-21,standard,True,
26260,온천동,1133-2,삼협,삼협,온천삼협아파트,A10021810,A10021810,road_legal_address_exact,100.0,66.66666666666667,1,26260|쇠미로221번길|13,26260|온천동|1133-2,standard,False,
26260,온천동,1242-1,성도뷰크,성도뷰크,,,TRADE_B2C1C853D4EA,unmatched,0.0,26.66666666666667,42,26260|아시아드대로231번길|91,26260|온천동|1242-1,standard,True,
26260,사직동,99-25,사직리첸스빌,사직리첸스빌,,,TRADE_7E48936FD665,unmatched,0.0,46.15384615384615,19,26260|종합운동장로54번길|21,26260|사직동|99-25,standard,True,
26260,수안동,533,하나로2차,하나로2차,,,TRADE_65FA7A7B3A91,unmatched,0.0,40.0,11,26260|명륜로98번길|21,26260|수안동|533,standard,True,
26260,온천동,1250-8,지영아이니드빌,지영아이니드빌,,,TRADE_A2B5E4550193,unmatched,0.0,33.333333333333336,42,26260|아시아드대로|209,26260|온천동|1250-8,standard,True,
26260,온천동,1411-10,세경더뷰,세경더뷰,,,TRADE_D5B0BC4A3FF2,unmatched,0.0,25.0,42,26260|아시아드대로|212,26260|온천동|1411-10,standard,True,
26260,사직동,620-1,동일,동일,,,TRADE_3610AEC98725,unmatched,0.0,33.333333333333336,19,26260|쇠미로|91,26260|사직동|620-1,standard,True,
26260,명륜동,714-8,대신강변타워,대신강변타워,,,TRADE_988E53C8F50A,unmatched,0.0,19.999999999999996,12,26260|온천천로|37,26260|명륜동|714-8,standard,True,
26260,온천동,1444-1,궁전아이브,궁전아이브,궁전아이브아파트,A10022139,A10022139,road_legal_address_exact,100.0,100.0,1,26260|충렬대로100번길|7,26260|온천동|1444-1,standard,False,
26260,명륜동,447-2,명륜동위너비타,명륜동위너비타,,,TRADE_9C5853964804,unmatched,0.0,40.0,12,26260|명륜로103번길|6,26260|명륜동|447-2,standard,True,
26260,온천동,1370-1,공영2,공영2,,,TRADE_F156D8CE171F,unmatched,0.0,28.57142857142857,42,26260|여고북로|39,26260|온천동|1370-1,standard,True,
26260,온천동,1350,한사랑,한사랑,한사랑아파트102동 ,A10021327,A10021327,road_legal_address_exact,100.0,60.0,1,26260|아시아드대로255번가길|8-9,26260|온천동|1350,standard,False,
26260,명장동,497-30,동남파크다,동남파크다,,,TRADE_9C701B9BEE07,unmatched,0.0,36.36363636363637,13,26260|명서로|137,26260|명장동|497-30,standard,True,
26260,온천동,1445-1,더블루원2차,더블루원2차,,,TRADE_CC0568DCA906,unmatched,0.0,25.0,42,26260|미남로146번길|24,26260|온천동|1445-1,standard,True,
26260,온천동,1680,동부현대,동부현대,현대아파트,A60706303,A60706303,road_legal_address_exact,100.0,66.66666666666667,1,26260|쇠미로129번길|86,26260|온천동|1680,standard,False,
26260,온천동,1424-12,더리체,더리체,,,TRADE_3F317A1E7DE4,unmatched,0.0,36.36363636363637,42,26260|미남로|134,26260|온천동|1424-12,standard,True,
26260,온천동,1281,근창펠리체,근창펠리체,,,TRADE_DA3147D7B5D4,unmatched,0.0,18.181818181818176,42,26260|아시아드대로247번길|10,26260|온천동|1281,standard,True,
26290,대연동,1604-8,동성맨션,동성맨션,,,TRADE_A3891188AF98,unmatched,0.0,28.57142857142857,33,26290|수영로|142-6,26290|대연동|1604-8,standard,True,
26290,대연동,892-10,대성,대성아파트,,,TRADE_8C663D1F09F9,unmatched,0.0,66.66666666666667,33,26290|유엔로|127-2,26290|대연동|892-10,standard,True,
26290,문현동,351-7,세영맨션,세영맨션,,,TRADE_839365A34630,unmatched,0.0,40.0,23,26290|장고개로|108,26290|문현동|351-7,standard,True,
26290,대연동,72-23,대승타워,대승타워,,,TRADE_1C27A1A032DC,unmatched,0.0,40.0,33,26290|수영로|304,26290|대연동|72-23,standard,True,
26290,문현동,331-4,우성맨션,우성맨션,,,TRADE_E9AA9422C933,unmatched,0.0,40.0,23,26290|동제당로|61,26290|문현동|331-4,standard,True,
26290,문현동,302,동양,동양(302),,,TRADE_90A1616F9F5E,unmatched,0.0,33.333333333333336,23,26290|지게골로|128-31,26290|문현동|302,standard,True,
26290,대연동,903-16,동경하이빌,동경하이빌,,,TRADE_0791087036F0,unmatched,0.0,33.333333333333336,33,26290|천제등로|56-8,26290|대연동|903-16,standard,True,
26290,대연동,871-19,대동빌라1차,대동빌라1차(871-19),,,TRADE_2DEF0B7F715A,unmatched,0.0,46.15384615384615,33,26290|유엔평화로41번길|69,26290|대연동|871-19,standard,True,
26290,대연동,1734-18,명성리치빌,명성리치빌,,,TRADE_A9B918033956,unmatched,0.0,36.36363636363637,33,26290|유엔로157번가길|21,26290|대연동|1734-18,standard,True,
26290,대연동,901-11,썬그린타워빌,썬그린타워빌,,,TRADE_F2AAC799D447,unmatched,0.0,50.0,33,26290|천제등로|50-16,26290|대연동|901-11,standard,True,
26290,대연동,242-1,대우그린2,대우그린2,대우그린2차아파트,A60880602,A60880602,road_legal_address_exact,100.0,90.9090909090909,1,26290|황령대로319번가길|189,26290|대연동|242-1,standard,False,
26290,문현동,255-30,무학프라자,무학프라자,,,TRADE_4773CBAAD118,unmatched,0.0,42.85714285714286,23,26290|수영로|74-5,26290|문현동|255-30,standard,True,
26290,용호동,481-6,동부맨션,동부맨션,,,TRADE_6ED6D4C4FCEA,unmatched,0.0,40.0,22,26290|용호로198번길|61,26290|용호동|481-6,standard,True,
26290,용호동,519-5,경동,경동,용호경동아파트,A60876904,A60876904,road_legal_address_exact,100.0,66.66666666666667,1,26290|동명로|202,26290|용호동|519-5,standard,False,
26290,용당동,592-9,용당대광,용당대광,용당대광아파트,A60883001,A60883001,road_legal_address_exact,100.0,100.0,1,26290|유엔평화로126번길|19,26290|용당동|592-9,standard,False,
26290,우암동,189-22,아신,아신,,,TRADE_096517647FEA,unmatched,0.0,25.0,10,26290|장고개로|25,26290|우암동|189-22,standard,True,
26290,용호동,480-2,미주,미주,용호미주,A60883801,A60883801,road_legal_address_exact,100.0,66.66666666666667,1,26290|동명로92번길|91,26290|용호동|480-2,standard,False,
26290,대연동,1281-14,록원골든빌b동,록원골든빌B동,,,TRADE_51883DE7DFD7,unmatched,0.0,18.181818181818176,33,26290|진남로69번길|41,26290|대연동|1281-14,standard,True,
26290,대연동,967-1,대영,대영(967-1),,,TRADE_4E62CA743951,unmatched,0.0,33.333333333333336,33,26290|석포로126번길|4,26290|대연동|967-1,standard,True,
26320,구포동,1294,성림누리아라,성림누리아라,성림누리아라아파트,A10020162,A10020162,legal_address_exact,100.0,100.0,1,26320|구남로|11,26320|구포동|1294,standard,False,
26320,덕천동,342-2,부영,부영,,,TRADE_CDB86710ECC4,unmatched,0.0,44.44444444444444,16,26320|만덕대로77번길|30,26320|덕천동|342-2,standard,True,
26320,화명동,206,도시화명그린,도시화명그린(206),도시화명그린21A아파트,A61683302,A61683302,road_legal_address_exact,100.0,80.0,1,26320|양달로|53,26320|화명동|206,standard,False,
26320,구포동,1251-2,태경,태경,태경해피타운,A61680903,A61680903,road_legal_address_exact,100.0,50.0,1,26320|시랑로138번길|8,26320|구포동|1251-2,standard,False,
26320,덕천동,334-1,은호,은호,,,TRADE_E125E9B15657,unmatched,0.0,0.0,16,26320|만덕대로15번길|44,26320|덕천동|334-1,standard,True,
26320,덕천동,289-22,덕천한라,덕천한라,,,TRADE_D8D4EA4F1EDA,unmatched,0.0,50.0,16,26320|덕천로52번길|20,26320|덕천동|289-22,standard,True,
26320,구포동,849-1,구포대우,구포대우,구포대우아파트,A61609304,A61609304,road_legal_address_exact,100.0,100.0,1,26320|모분재로105번길|43-7,26320|구포동|849-1,standard,False,
26320,덕천동,385-7,홍익빌레트,홍익빌레트,,,TRADE_5D6060E4A214,unmatched,0.0,16.666666666666664,16,26320|의성로109번길|21,26320|덕천동|385-7,standard,True,
26320,구포동,1060-188,구포2차봄여름가을겨울,구포2차봄여름가을겨울,구포2차봄여름가을겨울,A10025349,A10025349,road_legal_address_exact,100.0,100.0,1,26320|가람로|32,26320|구포동|1060-188,standard,False,
26320,만덕동,761-1,벽산라인훼미리,벽산라인훼미리,벽산라인훼미리타운1차아파트,A61682902,A61682902,road_legal_address_exact,100.0,77.77777777777779,1,26320|만덕대로178번길|29,26320|만덕동|761-1,standard,False,
26320,구포동,1132-2,이충라온제나,이충라온제나,,,TRADE_E51F70D71DA0,unmatched,0.0,16.666666666666664,22,26320|백양대로995번길|17,26320|구포동|1132-2,standard,True,
26320,구포동,851,태평양그린,태평양그린,태평양그린아파트,A61680507,A61680507,road_legal_address_exact,100.0,100.0,1,26320|모분재로149번길|53,26320|구포동|851,standard,False,
26320,구포동,986-56,에이스타운,에이스타운,구포에이스타운아파트,A61680201,A61680201,road_legal_address_exact,100.0,83.33333333333334,1,26320|백양대로|1098,26320|구포동|986-56,standard,False,
26320,화명동,495-2,화명장원맨션,화명장원맨션,,,TRADE_2A8E1F8F8A0E,unmatched,0.0,42.85714285714286,29,26320|산성로|66,26320|화명동|495-2,standard,True,
26350,우동,1433,현대카멜리아,현대카멜리아,현대카멜리아,A61272906,A61272906,road_legal_address_exact,100.0,100.0,1,26350|마린시티1로|167,26350|우동|1433,standard,False,
26350,우동,450,공작맨션,공작맨션,,,TRADE_7E0B1B08E8EA,unmatched,0.0,40.0,49,26350|우동1로50번길|32,26350|우동|450,standard,True,
26350,반송동,401,삼한그린맨션,삼한그린맨션,,,TRADE_6FE26D13886A,unmatched,0.0,57.14285714285714,13,26350|반송로877번길|91,26350|반송동|401,standard,True,
26350,중동,1533-1,현우산호맨션,현우산호맨션,,,TRADE_6B0CC8E993E5,unmatched,0.0,15.384615384615385,29,26350|달맞이길117번나길|194,26350|중동|1533-1,standard,True,
26350,재송동,1123-3,센텀한보미도,센텀한보미도,센텀한보미도,A61286701,A61286701,road_legal_address_exact,100.0,100.0,1,26350|재반로64번길|74-1,26350|재송동|1123-3,standard,False,
26350,중동,1526-1,이진캐스빌,이진캐스빌,이진캐스빌,A10021207,A10021207,road_legal_address_exact,100.0,100.0,1,26350|달맞이길117번다길|33,26350|중동|1526-1,standard,False,
26350,재송동,1159-1,에이스,에이스,센텀에이스,A61283002,A61283002,road_legal_address_exact,100.0,75.0,1,26350|재송2로|256,26350|재송동|1159-1,standard,False,
26350,재송동,1042-2,현대,현대(1042-2),,,TRADE_B684F1FAABD1,unmatched,0.0,66.66666666666667,31,26350|해운대로81번길|137,26350|재송동|1042-2,standard,True,
26350,재송동,100-2,삼화파크맨션,삼화파크맨션,,,TRADE_C7A842155DCE,unmatched,0.0,33.333333333333336,31,26350|재반로|10-1,26350|재송동|100-2,standard,True,
26350,반여동,1676,해운대센텀트루엘2단지,해운대센텀트루엘2단지,센텀트루엘 아파트,A10024249,A10024249,legal_address_exact,100.0,62.5,1,26350|삼어로133번나길|18,26350|반여동|1676,standard,False,
26350,송정동,199-9,아시아나비치,아시아나비치,,,TRADE_ACBDD5E67A3F,unmatched,0.0,26.66666666666667,5,26350|송정중앙로21번길|9,26350|송정동|199-9,standard,True,
26350,송정동,199-8,금강비치빌,금강비치빌,,,TRADE_415682165743,unmatched,0.0,0.0,5,26350|송정중앙로21번길|11,26350|송정동|199-8,standard,True,
26350,중동,1521-38,삼성타워,삼성타워,,,TRADE_AA149EEF4C8D,unmatched,0.0,33.333333333333336,29,26350|좌동순환로|411,26350|중동|1521-38,standard,True,
26350,우동,894-1,대흥파크가동,대흥파크가동,,,TRADE_E3864B82DC25,unmatched,0.0,46.15384615384615,49,26350|우동1로|9-11,26350|우동|894-1,standard,True,
26350,재송동,1184-1,한보장산,한보장산,한보장산아파트,A10027204,A10027204,road_legal_address_exact,100.0,100.0,1,26350|재송2로|96,26350|재송동|1184-1,standard,False,
26380,괴정동,491-9,국제,국제,괴정국제,A60481203,A60481203,road_legal_address_exact,100.0,66.66666666666667,1,26380|사하로141번길|20,26380|괴정동|491-9,standard,False,
26380,하단동,625-3,삼창,삼창,,,TRADE_7B90F8444DF4,unmatched,0.0,66.66666666666667,12,26380|괴정로57번길|48,26380|하단동|625-3,standard,True,
26380,하단동,492-2,대우에덴프라자,대우에덴프라자,,,TRADE_B165E7379E7A,unmatched,0.0,15.384615384615385,12,26380|낙동대로|542,26380|하단동|492-2,standard,True,
26380,하단동,1218,건우리안,건우리안,,,TRADE_75F08C033AC4,unmatched,0.0,16.666666666666664,12,26380|동매로|117,26380|하단동|1218,standard,True,
26380,괴정동,568-6,태화,태화,,,TRADE_64CCDFB2C4F6,unmatched,0.0,22.22222222222222,29,26380|장평로443번길|37,26380|괴정동|568-6,standard,True,
26380,괴정동,458-45,삼경,삼경,,,TRADE_AC1AB537015F,unmatched,0.0,22.22222222222222,29,26380|사하로166번길|28,26380|괴정동|458-45,standard,True,
26380,괴정동,1081-1,동덕,동덕,,,TRADE_3FFFFBF92886,unmatched,0.0,40.0,29,26380|승학로|167,26380|괴정동|1081-1,standard,True,
26380,장림동,328-3,화천,화천아파트,,,TRADE_F86A82D14D89,unmatched,0.0,0.0,26,26380|장림번영로|15,26380|장림동|328-3,standard,True,
26380,장림동,1146-1,시티그린타워,시티그린타워,,,TRADE_FAE0D07C0522,unmatched,0.0,33.333333333333336,26,26380|하신중앙로17번길|14,26380|장림동|1146-1,standard,True,
26380,괴정동,568-10,괴정동56810공동주택,괴정동568-10공동주택(최중호),,,TRADE_54DB1EAC4500,unmatched,0.0,33.333333333333336,29,26380|괴정로|203,26380|괴정동|568-10,standard,True,
26380,다대동,849-1,다대대상웰리움,다대대상웰리움,,,TRADE_DC17784B5FF3,unmatched,0.0,54.54545454545454,28,26380|다대동로|43,26380|다대동|849-1,standard,True,
26380,신평동,84-9,한솔베스파트,한솔베스파트,한솔베스파트아파트,A60483201,A60483201,road_legal_address_exact,100.0,100.0,1,26380|신산로|187,26380|신평동|84-9,standard,False,
26380,괴정동,352-33,하이츠빌리지,하이츠빌리지,,,TRADE_5B5A281C14E5,unmatched,0.0,54.54545454545454,29,26380|오작로|104-1,26380|괴정동|352-33,standard,True,
26380,괴정동,1019-1,천아하늘정원,천아하늘정원,,,TRADE_D5B9695A6AFA,unmatched,0.0,30.76923076923077,29,26380|낙동대로|198,26380|괴정동|1019-1,standard,True,
26380,신평동,417-7,신선,신선(417-7),,,TRADE_44307EDEDC73,unmatched,0.0,33.333333333333336,15,26380|비봉로21번길|22,26380|신평동|417-7,standard,True,
26380,감천동,16-936,신한,신한,,,TRADE_4BE546D8042D,unmatched,0.0,25.0,10,26380|감내1로|34,26380|감천동|16-936,standard,True,
26380,하단동,616-4,은하,은하,,,TRADE_47FDD07691F8,unmatched,0.0,33.333333333333336,12,26380|낙동대로457번길|38,26380|하단동|616-4,standard,True,
26410,부곡동,산14-6,송림,송림,,,TRADE_4B1ABF8021A0,unmatched,0.0,0.0,27,26410|기찰로102번길|56-4,26410|부곡동|산14-6,standard,True,
26410,구서동,936-18,명진,명진,,,TRADE_A282FB91B0FE,unmatched,0.0,0.0,25,26410|안뜰로19번길|17,26410|구서동|936-18,standard,True,
26410,부곡동,812-1,협진태양,협진태양,,,TRADE_DE118170A9F8,unmatched,0.0,0.0,27,26410|서동로|15,26410|부곡동|812-1,standard,True,
26410,구서동,267,경보,경보,구서경보아파트,A60984701,A60984701,road_legal_address_exact,100.0,66.66666666666667,1,26410|금단로|33,26410|구서동|267,standard,False,
26410,구서동,177-23,아름베스트빌4차,아름베스트빌4차,,,TRADE_77CD25266528,unmatched,0.0,15.384615384615385,25,26410|안뜰로7번길|33,26410|구서동|177-23,standard,True,
26410,부곡동,264-12,위스빌,위스빌,,,TRADE_A4533490CC3C,unmatched,0.0,18.181818181818176,27,26410|동부곡로5번길|100,26410|부곡동|264-12,standard,True,
26410,구서동,195-1,전원금강빌,전원금강빌,,,TRADE_C01ECEB50CD8,unmatched,0.0,44.44444444444444,25,26410|안뜰로|2,26410|구서동|195-1,standard,True,
26410,장전동,521-62,금정산한신,금정산한신,금정산한신아파트,A60984101,A60984101,road_legal_address_exact,100.0,100.0,1,26410|소정로|39,26410|장전동|521-62,standard,False,
26410,구서동,466-13,구서동하나로3,구서동하나로3,,,TRADE_3D2E10E6BEBD,unmatched,0.0,54.54545454545454,25,26410|구서온천천로|59,26410|구서동|466-13,standard,True,
26410,남산동,265-37,미화,미화,,,TRADE_61A60253AFC7,unmatched,0.0,22.22222222222222,8,26410|금단로|156,26410|남산동|265-37,standard,True,
26410,서동,520-95,가원,가원(가동),,,TRADE_AA1FA27ABD71,unmatched,0.0,0.0,4,26410|서동로91번길|23,26410|서동|520-95,standard,True,
26410,남산동,39-1,동광세화맨션,동광세화맨션,,,TRADE_E390D7954C53,unmatched,0.0,18.181818181818176,8,26410|중앙대로|2000-24,26410|남산동|39-1,standard,True,
26410,부곡동,888-12,센스,센스,,,TRADE_A5B8C66BB9E6,unmatched,0.0,19.999999999999996,27,26410|부곡로|14,26410|부곡동|888-12,standard,True,
26410,부곡동,325-6,부곡일천베스파,부곡일천베스파,,,TRADE_5A5C395A4186,unmatched,0.0,36.36363636363637,27,26410|부곡로|87,26410|부곡동|325-6,standard,True,
26410,장전동,604-12,윤성리버티,윤성리버티,,,TRADE_AABB43DEA9B0,unmatched,0.0,16.666666666666664,17,26410|온천장로125번길|28-20,26410|장전동|604-12,standard,True,
26410,구서동,413-2,대보드림채,대보드림채,,,TRADE_E7217DBE55A4,unmatched,0.0,22.22222222222222,25,26410|수림로72번길|160,26410|구서동|413-2,standard,True,
26410,서동,130-1,삼영빌라,삼영빌라,,,TRADE_D1B64FC5111F,unmatched,0.0,25.0,4,26410|서곡로8번길|20-4,26410|서동|130-1,standard,True,
26410,남산동,130-1,국제빌라,국제빌라,,,TRADE_1AC7B4175998,unmatched,0.0,0.0,8,26410|중앙대로1985번길|25,26410|남산동|130-1,standard,True,
26410,부곡동,64-35,나경위너스,나경위너스,,,TRADE_976A33082757,unmatched,0.0,22.22222222222222,27,26410|중앙대로1793번길|60,26410|부곡동|64-35,standard,True,
26410,부곡동,783,무지개타운,무지개타운,,,TRADE_1FB182FB6A8E,unmatched,0.0,40.0,27,26410|부곡로42번길|33,26410|부곡동|783,standard,True,
26410,구서동,184-4,하나로,하나로,,,TRADE_6D485584A44A,unmatched,0.0,22.22222222222222,25,26410|두실로7번길|101,26410|구서동|184-4,standard,True,
26410,구서동,175-10,대성타워팰리스,대성타워팰리스,,,TRADE_45E21F73C4B9,unmatched,0.0,30.76923076923077,25,26410|두실로7번길|79,26410|구서동|175-10,standard,True,
26410,장전동,604-11,금정산태진팰리스2차,금정산태진팰리스2차,,,TRADE_75893BF9FB14,unmatched,0.0,52.63157894736843,17,26410|온천장로125번길|28-1,26410|장전동|604-11,standard,True,
26410,부곡동,63-9,넥스빌,넥스빌,,,TRADE_3163703514B0,unmatched,0.0,18.181818181818176,27,26410|중앙대로1763번길|7,26410|부곡동|63-9,standard,True,
26410,금사동,29-3,lg스카이빌,LG스카이빌,,,TRADE_6EA3D2FC1514,unmatched,0.0,0.0,2,26410|서금로|124,26410|금사동|29-3,standard,True,
26410,장전동,227-5,선경에이스하임,선경에이스하임,,,TRADE_04B16365F7DF,unmatched,0.0,18.181818181818176,17,26410|금정로|136,26410|장전동|227-5,standard,True,
26410,구서동,178-10,거북맨션,거북맨션,,,TRADE_D5DD5B558583,unmatched,0.0,19.999999999999996,25,26410|안뜰로15번길|33,26410|구서동|178-10,standard,True,
26410,청룡동,633-4,구남,구남,,,TRADE_4358B60B2435,unmatched,0.0,0.0,4,26410|청룡로|60,26410|청룡동|633-4,standard,True,
26410,남산동,35-8,삼성,삼성,남산삼성아파트,A60981101,A60981101,road_legal_address_exact,100.0,66.66666666666667,1,26410|금단로|136,26410|남산동|35-8,standard,False,
26410,장전동,602-3,백리명가에덴,백리명가에덴,,,TRADE_711B24292A08,unmatched,0.0,15.384615384615385,17,26410|식물원로39번길|25,26410|장전동|602-3,standard,True,
26410,구서동,466-7,벽송,벽송,,,TRADE_9C0FDCD377CF,unmatched,0.0,33.333333333333336,25,26410|금정로|210,26410|구서동|466-7,standard,True,
26410,구서동,466-17,우남센스빌,우남센스빌,,,TRADE_E4CDCBEA6E82,unmatched,0.0,22.22222222222222,25,26410|구서온천천로|57,26410|구서동|466-17,standard,True,
26410,부곡동,296-6,엘지,엘지,부곡LG아파트,A10023165,A10023165,road_legal_address_exact,100.0,0.0,1,26410|부곡로|125,26410|부곡동|296-6,standard,False,
26410,청룡동,31-2,남화기수타워,남화기수타워,,,TRADE_6CEC4A7C1D80,unmatched,0.0,0.0,4,26410|금강로|758,26410|청룡동|31-2,standard,True,
26410,구서동,182-10,동보2차,동보2차,,,TRADE_F6A967CA1AFF,unmatched,0.0,28.57142857142857,25,26410|안뜰로7번길|2,26410|구서동|182-10,standard,True,
26410,부곡동,278-3,삼성부곡,삼성부곡,,,TRADE_200096A2D0F4,unmatched,0.0,50.0,27,26410|동부곡로15번길|68-7,26410|부곡동|278-3,standard,True,
26410,부곡동,64-38,위클라우드4차,위클라우드4차,,,TRADE_A1DA91EF2A4E,unmatched,0.0,18.181818181818176,27,26410|중앙대로1793번길|70,26410|부곡동|64-38,standard,True,
26470,연산동,416-10,남산두맨션,남산두맨션,,,TRADE_C56C54495623,unmatched,0.0,46.15384615384615,65,26470|과정로191번다길|29,26470|연산동|416-10,standard,True,
26470,연산동,1492-3,케이에이치마이우스,케이에이치마이우스,,,TRADE_6ACE21034160,unmatched,0.0,21.052631578947366,65,26470|신촌로|12,26470|연산동|1492-3,standard,True,
26470,연산동,105-8,동원,동원,,,TRADE_3FAA4B917F13,unmatched,0.0,50.0,65,26470|쌍미천로|190,26470|연산동|105-8,standard,True,
26470,거제동,1461-1,동래화신타운,동래화신타운,동래화신타운,A61180301,A61180301,road_address_exact,100.0,100.0,1,26470|온천천공원길|74,26470|거제동|1461-1,standard,False,
26470,연산동,705-21,대산하이츠,대산하이츠,,,TRADE_41E3D2ADB093,unmatched,0.0,44.44444444444444,65,26470|월드컵대로91번가길|33,26470|연산동|705-21,standard,True,
26470,연산동,309-5,월드파크4,월드파크4,월드파크4,A10020638,A10020638,road_legal_address_exact,100.0,100.0,1,26470|과정로|320,26470|연산동|309-5,standard,False,
26470,연산동,484-12,이화,이화,,,TRADE_83A3EFF47994,unmatched,0.0,33.333333333333336,65,26470|고분로254번길|15,26470|연산동|484-12,standard,True,
26470,연산동,1345-8,해운파크빌,해운파크빌,,,TRADE_810E8B3C699B,unmatched,0.0,40.0,65,26470|월드컵대로145번길|81,26470|연산동|1345-8,standard,True,
26470,연산동,1355-6,시청역이즈팰리스1차,시청역이즈팰리스1차,시청역이즈팰리스1차,A10021542,A10021542,road_legal_address_exact,100.0,100.0,1,26470|신촌로|11,26470|연산동|1355-6,standard,False,
26470,연산동,1642-28,연산재건,연산재건,,,TRADE_9AAC2285A296,unmatched,0.0,50.0,65,26470|중앙대로1038번길|59-6,26470|연산동|1642-28,standard,True,
26470,연산동,1299-9,호암르네상스,호암르네상스,,,TRADE_874C655B4C03,unmatched,0.0,33.333333333333336,65,26470|중앙대로1065번길|54,26470|연산동|1299-9,standard,True,
26470,거제동,676-329,거성,거성,,,TRADE_7C98DAD5CFA6,unmatched,0.0,66.66666666666667,41,26470|해맞이로43번길|16-6,26470|거제동|676-329,standard,True,
26470,거제동,566-6,금화베르빌,금화베르빌,,,TRADE_FF6E61E9C090,unmatched,0.0,28.57142857142857,41,26470|거제대로114번길|31,26470|거제동|566-6,standard,True,
26470,거제동,1088-5,다뉴브,다뉴브,다뉴브하이타운아파트,A10021495,A10021495,road_legal_address_exact,100.0,60.0,1,26470|월드컵대로252번길|5,26470|거제동|1088-5,standard,False,
26470,연산동,481-3,현대,현대(481-3),연산현대아파트,A61181202,A61181202,road_legal_address_exact,100.0,66.66666666666667,1,26470|고분로236번길|13,26470|연산동|481-3,standard,False,
26470,연산동,668-5,인환파크맨션,인환파크맨션,,,TRADE_2F8440D64C8D,unmatched,0.0,36.36363636363637,65,26470|월드컵대로20번길|47,26470|연산동|668-5,standard,True,
26470,거제동,1288-3,대우그린,대우그린,대우그린타워아파트,A61175403,A61175403,road_legal_address_exact,100.0,80.0,1,26470|월드컵대로|343,26470|거제동|1288-3,standard,False,
26500,남천동,227-2,광남2차,광남2차,,,TRADE_E368920772EF,unmatched,0.0,25.0,14,26500|수영로388번길|19-6,26500|남천동|227-2,standard,True,
26500,수영동,494-4,태창빌라,태창빌라,,,TRADE_93ACE04B8DB0,unmatched,0.0,0.0,3,26500|수영로741번길|93,26500|수영동|494-4,standard,True,
26500,민락동,32-3,파레스빌라,파레스빌라,,,TRADE_C0118F5C0319,unmatched,0.0,16.666666666666664,13,26500|민락본동로27번길|50,26500|민락동|32-3,standard,True,
26500,광안동,548-4,신우피렌체,신우피렌체,,,TRADE_D7BF6ACB33F6,unmatched,0.0,0.0,22,26500|장대골로|14-14,26500|광안동|548-4,standard,True,
26500,광안동,736-14,흑석파크,흑석파크,,,TRADE_D1AB6D863B4B,unmatched,0.0,22.22222222222222,22,26500|장대골로31번길|3,26500|광안동|736-14,standard,True,
26500,망미동,426-1,국화,국화,,,TRADE_6AE657578E1C,unmatched,0.0,0.0,12,26500|과정로15번길|7,26500|망미동|426-1,standard,True,
26500,남천동,36-13,궁전아이브,궁전아이브,,,TRADE_6EFFA72F655F,unmatched,0.0,22.22222222222222,14,26500|남천바다로10번길|22,26500|남천동|36-13,standard,True,
26500,광안동,569-6,세흥빌라,세흥빌라,,,TRADE_FE78D5C28629,unmatched,0.0,16.666666666666664,22,26500|장대골로45번길|15,26500|광안동|569-6,standard,True,
26500,광안동,165-5,더클래스센텀,더클래스센텀,,,TRADE_4ADF17738C3B,unmatched,0.0,19.999999999999996,22,26500|광안로16번길|52,26500|광안동|165-5,standard,True,
26500,광안동,1070-10,지성캐슬,지성캐슬,,,TRADE_47810F6AF9BB,unmatched,0.0,16.666666666666664,22,26500|망미번영로38번길|95,26500|광안동|1070-10,standard,True,
26500,광안동,50-2,더폼타워,더폼타워,,,TRADE_474F6B7E5183,unmatched,0.0,25.0,22,26500|무학로9번길|141,26500|광안동|50-2,standard,True,
26500,광안동,519-8,광안메르빌,광안메르빌,,,TRADE_BF2C44F0AB67,unmatched,0.0,46.15384615384615,22,26500|광일로|70,26500|광안동|519-8,standard,True,
26500,광안동,755-19,광안아트빌리지,광안아트빌리지,,,TRADE_01AD65ED185F,unmatched,0.0,46.15384615384615,22,26500|호암로25번길|19,26500|광안동|755-19,standard,True,
26500,민락동,780,e편한세상오션테라스1단지,e편한세상오션테라스1단지,e편한세상 오션테라스,A10025075,A10025075,road_address_exact,100.0,86.95652173913044,1,26500|광안해변로326번길|10,26500|민락동|780,standard,False,
26500,광안동,498-8,지우푸른마을,지우푸른마을,,,TRADE_77C435F1E8A0,unmatched,0.0,11.764705882352944,22,26500|광일로20번길|21,26500|광안동|498-8,standard,True,
26500,수영동,452-8,더썬불루,더썬불루,,,TRADE_C873222128F0,unmatched,0.0,0.0,3,26500|연수로401번길|19,26500|수영동|452-8,standard,True,
26500,광안동,776-9,흥림빌리지7차,흥림빌리지7차,,,TRADE_4542D604E590,unmatched,0.0,15.384615384615385,22,26500|수영로521번가길|16,26500|광안동|776-9,standard,True,
26500,남천동,29-4,정원센텀뷰남천,정원센텀뷰남천,,,TRADE_BB5326F8A619,unmatched,0.0,36.36363636363637,14,26500|남천바다로10번길|70,26500|남천동|29-4,standard,True,
26500,광안동,691-10,동진프라임빌,동진프라임빌,,,TRADE_0A3F59F85036,unmatched,0.0,16.666666666666664,22,26500|광서로|5-6,26500|광안동|691-10,standard,True,
26530,학장동,574-57,학장동2차삼성,학장동2차삼성,학장동2차삼성,A61777806,A61777806,road_legal_address_exact,100.0,100.0,1,26530|학감대로123번길|75,26530|학장동|574-57,standard,False,
26530,주례동,90-1,홍익,홍익,,,TRADE_325546ED95EE,unmatched,0.0,0.0,23,26530|가야대로318번길|78-25,26530|주례동|90-1,standard,True,
26530,학장동,210-1,학장동양,학장동양,학장동양,A61784104,A61784104,legal_address_exact,100.0,100.0,1,26530|주례로|231,26530|학장동|210-1,standard,False,
26530,주례동,991,주례제일타워맨션,주례제일타워맨션,주례제일타워맨션,A61785102,A61785102,road_legal_address_exact,100.0,100.0,1,26530|백양대로506번길|15,26530|주례동|991,standard,False,
26530,괘법동,541-2,사상역이즈팰리스,사상역이즈팰리스,,,TRADE_FE7B7B0CDB1E,unmatched,0.0,47.05882352941176,11,26530|사상로202번길|54,26530|괘법동|541-2,standard,True,
26530,학장동,820-1,학장무학,학장무학,학장무학,A61777010,A61777010,road_legal_address_exact,100.0,100.0,1,26530|대동로|84,26530|학장동|820-1,standard,False,
26530,모라동,1341,협성,협성,,,TRADE_1848E3DFD2B3,unmatched,0.0,50.0,19,26530|백양대로950번나길|14,26530|모라동|1341,standard,True,
26530,주례동,213-7,창우블루빌,창우블루빌,주례창우블루빌아파트,A10021758,A10021758,road_legal_address_exact,100.0,83.33333333333334,1,26530|주감로|207-6,26530|주례동|213-7,standard,False,
26530,괘법동,526-44,주은타워빌,주은타워빌,,,TRADE_DCC49323A77D,unmatched,0.0,16.666666666666664,11,26530|사상로|217,26530|괘법동|526-44,standard,True,
26710,기장읍동부리,377-1,부전베스트,부전베스트,,,TRADE_A4910A337C61,unmatched,0.0,18.181818181818176,4,26710|차성동로142번길|12-2,26710|기장읍동부리|377-1,standard,True,
26710,일광읍삼성리,773,e편한세상일광,e편한세상일광,e편한세상일광아파트,A10025042,A10025042,road_legal_address_exact,100.0,100.0,1,26710|해빛2로|21,26710|일광읍삼성리|773,standard,False,
26710,기장읍대라리,1000,월가아델리스,월가아델리스,,,TRADE_DA7678C1BA53,unmatched,0.0,18.181818181818176,4,26710|차성남로|23,26710|기장읍대라리|1000,standard,True,
26710,기장읍서부리,64-1,노이하우스3차,노이하우스3차,,,TRADE_759C596DEC94,unmatched,0.0,16.666666666666664,2,26710|읍내로15번길|21,26710|기장읍서부리|64-1,standard,True,
26710,일광읍이천리,472,동부산쏠마레,동부산쏠마레,동부산쏠마레아파트,A10021487,A10021487,road_legal_address_exact,100.0,100.0,1,26710|이천11길|23,26710|일광읍이천리|472,standard,False,
26710,기장읍대변리,647,경보그랜드비치,경보그랜드비치,경보그랜드비치아파트,A10024590,A10024590,road_legal_address_exact,100.0,100.0,1,26710|무양2길|17-7,26710|기장읍대변리|647,standard,False,
26710,기장읍동부리,395-1,남경캐슬,남경캐슬,,,TRADE_09D89F07BB5E,unmatched,0.0,0.0,4,26710|배산로68번길|5,26710|기장읍동부리|395-1,standard,True,
26710,기장읍동부리,133-10,애경아트빌,애경아트빌,,,TRADE_221C533A791A,unmatched,0.0,18.181818181818176,4,26710|차성로332번길|2,26710|기장읍동부리|133-10,standard,True,
26710,기장읍대라리,251,이진캐스빌골드,이진캐스빌골드,이진캐스빌골드,A61990304,A61990304,road_legal_address_exact,100.0,100.0,1,26710|대청로|7,26710|기장읍대라리|251,standard,False,
26710,기장읍대라리,925,씨엘늘채움,씨엘늘채움,기장씨엘늘채움아파트,A61990301,A61990301,road_legal_address_exact,100.0,83.33333333333334,1,26710|차성남로|8-18,26710|기장읍대라리|925,standard,False,
48250,어방동,359-27,해룡쉐르빌,해룡쉐르빌,,,TRADE_7418774AC2C9,unmatched,0.0,0.0,0,48250|활천로214번길|12,48250|어방동|359-27,strict_full_lot,True,
48250,구산동,704-44,신우트윈스102동,신우트윈스102동(704-44),,,TRADE_A50267C76AF6,unmatched,0.0,0.0,0,48250|가락로356번길|8,48250|구산동|704-44,strict_full_lot,True,
48250,흥동,415-2,청호아트빌102,청호아트빌102,,,TRADE_426A1708037C,unmatched,0.0,0.0,0,48250|흥동로|148,48250|흥동|415-2,strict_full_lot,True,
48250,삼문동,61-8,젤미마을7단지부영그린타운6차,젤미마을7단지부영그린타운6차,부영e-그린6차,A62183121,A62183121,road_legal_address_exact,100.0,54.54545454545454,1,48250|번화1로84번길|9,48250|삼문동|61-8,strict_full_lot,False,
48250,진례면초전리,231-1,서인백조,서인백조,서인백조아파트,A10021502,A10021502,road_legal_address_exact,100.0,100.0,1,48250|송현로|53,48250|진례면초전리|231-1,strict_full_lot,False,
48250,어방동,871-1,신성김해미소지움,신성김해미소지움,신성김해미소지움,A62175206,A62175206,road_legal_address_exact,100.0,100.0,1,48250|분성로499번길|9,48250|어방동|871-1,strict_full_lot,False,
48250,진영읍진영리,1882,김해진영동문굿모닝힐2차,김해진영동문굿모닝힐2차,,,TRADE_3B29690B240F,unmatched,0.0,0.0,0,48250|진영산복로|19,48250|진영읍진영리|1882,strict_full_lot,True,
48250,삼정동,591-2,화인아트2차,화인아트2차,,,TRADE_5002313D8951,unmatched,0.0,0.0,0,48250|활천로36번길|22-12,48250|삼정동|591-2,strict_full_lot,True,
48250,삼정동,36-3,금관드림빌,금관드림빌,,,TRADE_CA507B8FDDE0,unmatched,0.0,0.0,0,48250|활천로|130-14,48250|삼정동|36-3,strict_full_lot,True,
48250,삼방동,189,동성,동성,삼방동성,A62177102,A62177102,road_legal_address_exact,100.0,66.66666666666667,1,48250|삼안로|207,48250|삼방동|189,strict_full_lot,False,
48250,흥동,418-11,한빛타운101,한빛타운101,,,TRADE_F3194629BB85,unmatched,0.0,0.0,0,48250|흥동로|162,48250|흥동|418-11,strict_full_lot,True,
48250,삼정동,640-9,삼성맥스빌7차,삼성맥스빌7차,,,TRADE_96DBE5DBB6FC,unmatched,0.0,0.0,0,48250|인제로39번길|36,48250|삼정동|640-9,strict_full_lot,True,
48250,삼정동,600-3,삼성맥스빌3차,삼성맥스빌3차,,,TRADE_3F125CD890BD,unmatched,0.0,0.0,0,48250|활천로24번길|18,48250|삼정동|600-3,strict_full_lot,True,
48250,삼정동,641-2,샛별코디빌,샛별코디빌,,,TRADE_B2F37C774EEA,unmatched,0.0,0.0,0,48250|김해대로2511번길|49,48250|삼정동|641-2,strict_full_lot,True,
48250,진영읍좌곤리,377,동창원ic하우스토리,동창원IC하우스토리,동창원IC하우스토리,A62180005,A62180005,road_legal_address_exact,100.0,100.0,1,48250|하계로|9-29,48250|진영읍좌곤리|377,strict_full_lot,False,
48250,진영읍진영리,533-2,연합그린파크,연합그린파크(3동4동5동),연합그린 파크2차아파트,A10022385,A10022385,road_legal_address_exact,100.0,85.71428571428572,1,48250|진영로50번길|16,48250|진영읍진영리|533-2,strict_full_lot,False,
48250,신문동,1223,아남,아남,,,TRADE_ADF89D32F823,unmatched,0.0,0.0,0,48250|장유로330번길|15,48250|신문동|1223,strict_full_lot,True,
48250,진영읍진영리,1536,수홍하이랜드6차,수홍하이랜드6차,,,TRADE_144BACE59AFA,unmatched,0.0,0.0,0,48250|김해대로332번길|31-14,48250|진영읍진영리|1536,strict_full_lot,True,
48250,부원동,13,중앙,중앙,,,TRADE_2CA9352ACBAB,unmatched,0.0,0.0,0,48250|호계로472번길|39-27,48250|부원동|13,strict_full_lot,True,
48250,진영읍진영리,1569,수홍하이랜드7차,수홍하이랜드7차,,,TRADE_4B44F1B86C4B,unmatched,0.0,0.0,0,48250|김해대로332번길|46-11,48250|진영읍진영리|1569,strict_full_lot,True,
48250,흥동,6-8,청호아트빌301동,청호아트빌301동,,,TRADE_A06B7504B051,unmatched,0.0,0.0,0,48250|흥동로171번길|24,48250|흥동|6-8,strict_full_lot,True,
48250,부원동,155-11,부원광명타운,부원광명타운,,,TRADE_42A95533B613,unmatched,0.0,0.0,0,48250|김해대로2431번길|26,48250|부원동|155-11,strict_full_lot,True,
48250,진영읍여래리,690,온누리,온누리,,,TRADE_3C13409EBFDE,unmatched,0.0,0.0,0,48250|여래로19번길|10-20,48250|진영읍여래리|690,strict_full_lot,True,
48330,상북면소토리,555,새진흥,새진흥,,,TRADE_229F134777D5,unmatched,0.0,0.0,0,48330|어곡터널로|207-2,48330|상북면소토리|555,strict_full_lot,True,
48330,물금읍범어리,682-3,경민,경민,범어경민,A62681302,A62681302,road_legal_address_exact,100.0,66.66666666666667,1,48330|황산로|707,48330|물금읍범어리|682-3,strict_full_lot,False,
48330,상북면석계리,78-32,삼영,삼영,삼영아파트,A10021606,A10021606,road_legal_address_exact,100.0,100.0,1,48330|삼계1길|2,48330|상북면석계리|78-32,strict_full_lot,False,
48330,평산동,603,선우3,선우3,,,TRADE_39EEDE84DDE6,unmatched,0.0,0.0,0,48330|평산로|102-13,48330|평산동|603,strict_full_lot,True,
48330,물금읍범어리,502-3,그린피아,그린피아,범어그린피아,A62681304,A62681304,road_legal_address_exact,100.0,80.0,1,48330|오봉로|185,48330|물금읍범어리|502-3,strict_full_lot,False,
48330,상북면석계리,503-4,국민,국민,,,TRADE_ED28F769F2C4,unmatched,0.0,0.0,0,48330|상북중앙로|303,48330|상북면석계리|503-4,strict_full_lot,True,
48330,상북면대석리,664,웰빙타운101동,웰빙타운101동,,,TRADE_54B65F3A7AB7,unmatched,0.0,0.0,0,48330|공암4길|32-12,48330|상북면대석리|664,strict_full_lot,True,
48330,교동,1021,양산교동월드메르디앙2단지,양산교동월드메르디앙2단지,,,TRADE_CDEBE6A128DF,unmatched,0.0,0.0,0,48330|교동1길|74,48330|교동|1021,strict_full_lot,True,
48330,상북면석계리,237-1,진일석계2,진일석계2,진일2차,A62678304,A62678304,road_legal_address_exact,100.0,66.66666666666667,1,48330|반회서7길|20,48330|상북면석계리|237-1,strict_full_lot,False,
48330,하북면순지리,668,초원2,초원2,,,TRADE_15A6234B33AE,unmatched,0.0,0.0,0,48330|신평5길|6,48330|하북면순지리|668,strict_full_lot,True,
48330,하북면초산리,60,대영맨션,대영맨션,,,TRADE_1CB70E52720F,unmatched,0.0,0.0,0,48330|지곡1길|8,48330|하북면초산리|60,strict_full_lot,True,
48330,삼호동,991-1,대근파크1차,대근파크1차,,,TRADE_2CA127AA963F,unmatched,0.0,0.0,0,48330|삼호4길|22,48330|삼호동|991-1,strict_full_lot,True,
48330,상북면석계리,179-1,반회새진흥,반회새진흥,새진흥아파트,A10021561,A10021561,road_legal_address_exact,100.0,75.0,1,48330|반회서3길|28,48330|상북면석계리|179-1,strict_full_lot,False,
48330,덕계동,668-8,태화블루파크,태화블루파크,,,TRADE_E6514B8DA2AF,unmatched,0.0,0.0,0,48330|덕계2길|14-8,48330|덕계동|668-8,strict_full_lot,True,
48330,어곡동,645-18,성신,성신,어곡성신아파트,A62676902,A62676902,road_legal_address_exact,100.0,66.66666666666667,1,48330|두전길|42-3,48330|어곡동|645-18,strict_full_lot,False,
48330,물금읍범어리,2710-1,양산유림노르웨이숲,양산유림노르웨이숲,양산유림노르웨이숲아파트,A10025861,A10025861,road_legal_address_exact,100.0,100.0,1,48330|범구로|14,48330|물금읍범어리|2710-1,strict_full_lot,False,
48330,북부동,201-3,푸르나,푸르나아파트,,,TRADE_4CF82CFADC50,unmatched,0.0,0.0,0,48330|중앙우회로|111,48330|북부동|201-3,strict_full_lot,True,
48330,덕계동,724-1,덕계대일아이브1차,덕계대일아이브1차,,,TRADE_443AE7EB88C4,unmatched,0.0,0.0,0,48330|덕계12길|10,48330|덕계동|724-1,strict_full_lot,True,
48330,삼호동,714-5,해강대성타운,해강대성타운,해강대성,A62683702,A62683702,road_legal_address_exact,100.0,80.0,1,48330|서창로|133,48330|삼호동|714-5,strict_full_lot,False,
48330,신기동,172-2,동보시티빌,동보시티빌,,,TRADE_C5DDD7CC36D5,unmatched,0.0,0.0,0,48330|고향의봄3길|4,48330|신기동|172-2,strict_full_lot,True,
48330,신기동,261-7,양지빌라트,양지빌라트,,,TRADE_7C4F9A264FDE,unmatched,0.0,0.0,0,48330|고향의봄1길|14,48330|신기동|261-7,strict_full_lot,True,
26110,부평동4가,15-1,로얄스카이캐슬,로얄스카이캐슬,,,TRADE_8D698B8EE6A7,unmatched,0.0,0.0,0,26110|보수대로56번길|12,26110|부평동4가|15-1,standard,True,
26110,보수동2가,80-1,보수2차봄여름가을겨울,보수2차봄여름가을겨울,,,TRADE_6F2386BB7E2C,unmatched,0.0,0.0,0,26110|보수대로118번길|49,26110|보수동2가|80-1,standard,True,
26110,부평동2가,2,월드밸리,월드밸리,,,TRADE_906D17F13876,unmatched,0.0,0.0,0,26110|대청로|60,26110|부평동2가|2,standard,True,
26110,대청동4가,79-1,새들맨션,새들맨션,새들맨션,A10021688,A10021688,road_legal_address_exact,100.0,100.0,1,26110|중구로|81,26110|대청동4가|79-1,standard,False,
26110,부평동2가,77,부평,부평,,,TRADE_89AED95DA318,unmatched,0.0,0.0,0,26110|흑교로|34,26110|부평동2가|77,standard,True,
26140,서대신동3가,360-13,세영엘도라도b동,세영엘도라도B동,,,TRADE_7F28160CFFFB,unmatched,0.0,0.0,8,26140|구덕로333번길|17,26140|서대신동3가|360-13,standard,True,
26140,남부민동,443-14,수양리치빌,수양리치빌,,,TRADE_C9CA9DA81CAA,unmatched,0.0,18.181818181818176,6,26140|천마로|81-1,26140|남부민동|443-14,standard,True,
26140,서대신동2가,50,오현예다움,오현예다움,,,TRADE_549BDCEC143F,unmatched,0.0,15.384615384615385,3,26140|구덕로305번길|17-1,26140|서대신동2가|50,standard,True,
26140,아미동2가,261-126,아미맨션,아미맨션,,,TRADE_B717BA6A2197,unmatched,0.0,23.529411764705888,1,26140|까치고개로|102,26140|아미동2가|261-126,standard,True,
26140,토성동5가,21-1,헤리츠2차,헤리츠아파트2차,,,TRADE_B48F0E16B8B9,unmatched,0.0,0.0,0,26140|구덕로142번길|3,26140|토성동5가|21-1,standard,True,
26140,서대신동1가,122-6,오션스카이,오션스카이,,,TRADE_4D1F3DF5B576,unmatched,0.0,18.181818181818176,1,26140|부용로|4,26140|서대신동1가|122-6,standard,True,
26140,암남동,611-5,송도현대,송도현대,송도현대아파트,A60283304,A60283304,road_legal_address_exact,100.0,100.0,1,26140|암남공원로|72,26140|암남동|611-5,standard,False,
26140,서대신동3가,387-18,한우리타워,한우리타워,,,TRADE_7CF0F7DF9050,unmatched,0.0,22.22222222222222,8,26140|구덕로333번길|5,26140|서대신동3가|387-18,standard,True,
26140,남부민동,685,현대타운,현대타운,남부민현대타운,A60274001,A60274001,road_legal_address_exact,100.0,72.72727272727273,1,26140|충무대로|246,26140|남부민동|685,standard,False,
26140,서대신동3가,566-5,구덕자유,구덕자유,구덕자유아파트,A10022281,A10022281,road_legal_address_exact,100.0,100.0,1,26140|망양로33번길|27,26140|서대신동3가|566-5,standard,False,
26140,서대신동3가,291-5,효정풍경채,효정풍경채,,,TRADE_F769E2E50A70,unmatched,0.0,0.0,8,26140|구덕로333번길|10,26140|서대신동3가|291-5,standard,True,
26140,남부민동,653,대진타워맨션,대진타워맨션,대진타워 ,A10021413,A10021413,road_legal_address_exact,100.0,80.0,1,26140|충무대로|185,26140|남부민동|653,standard,False,
26140,토성동1가,12-7,금호아트빌,금호아트빌,,,TRADE_0C4D5B8E8224,unmatched,0.0,0.0,2,26140|까치고개로|243,26140|토성동1가|12-7,standard,True,
26140,암남동,288-1,송암파크빌,송암파크빌,,,TRADE_92B589E6AA6F,unmatched,0.0,40.0,14,26140|암남로6번길|19,26140|암남동|288-1,standard,True,
26140,동대신동1가,113-1,동대맨션,동대맨션,,,TRADE_770EE5C63B1F,unmatched,0.0,30.76923076923077,1,26140|대영로|78,26140|동대신동1가|113-1,standard,True,
26140,토성동5가,27-1,한성빌라,한성빌라,,,TRADE_4DA42E8B38B3,unmatched,0.0,0.0,0,26140|아미초장로|5,26140|토성동5가|27-1,standard,True,
26170,범일동,1486-20,아름빌107동,아름빌107동,,,TRADE_3592CC8F3579,unmatched,0.0,0.0,9,26170|범곡서로|6,26170|범일동|1486-20,standard,True,
26170,수정동,1173-3,수정,수정(1173-3),,,TRADE_9447F17B05C0,unmatched,0.0,0.0,3,26170|망양로685번길|11,26170|수정동|1173-3,standard,True,
26170,수정동,1-26,오름캐슬2차,오름캐슬2차아파트,,,TRADE_FDDE676AC71A,unmatched,0.0,11.111111111111116,3,26170|중앙대로399번길|15,26170|수정동|1-26,standard,True,
26170,수정동,440,수성,수성아파트(440-0),,,TRADE_5EDD03AC037B,unmatched,0.0,14.28571428571429,3,26170|수정공원로|145,26170|수정동|440,standard,True,
26170,초량동,939,하이츠빌리지,하이츠빌리지,,,TRADE_2CAFCE919A59,unmatched,0.0,14.28571428571429,10,26170|초량로45번길|17,26170|초량동|939,standard,True,
26170,초량동,591-3,성림빌리지,성림빌리지,,,TRADE_0B7E3C479C44,unmatched,0.0,30.76923076923077,10,26170|초량중로|24,26170|초량동|591-3,standard,True,
26200,영선동4가,245-1,영도대원,영도대원,영도대원아파트,A60675901,A60675901,road_legal_address_exact,100.0,100.0,1,26200|남항새싹길|79,26200|영선동4가|245-1,standard,False,
26200,영선동3가,28-1,청솔아트빌라,청솔아트빌라,,,TRADE_4829D2E93689,unmatched,0.0,0.0,0,26200|절영로101번길|8,26200|영선동3가|28-1,standard,True,
26200,봉래동3가,149,수근에이스타운,수근에이스타운,,,TRADE_0CB0059102E1,unmatched,0.0,0.0,0,26200|대교로2번길|26,26200|봉래동3가|149,standard,True,
26200,대교동2가,32,웰리안,웰리안아파트,,,TRADE_313B180B5CA7,unmatched,0.0,0.0,0,26200|태종로95번길|14,26200|대교동2가|32,standard,True,
26200,청학동,382-85,대룡파크맨션,대룡파크맨션,,,TRADE_DA76B0579F30,unmatched,0.0,14.28571428571429,9,26200|청학서로|61,26200|청학동|382-85,standard,True,
26200,영선동3가,53,영선무궁화맨션,영선무궁화맨션,,,TRADE_38B0B478F3E7,unmatched,0.0,0.0,0,26200|절영로102번길|16,26200|영선동3가|53,standard,True,
26200,대교동2가,120,모닝아일랜드,모닝아일랜드,,,TRADE_563C83616F08,unmatched,0.0,0.0,0,26200|태종로|98,26200|대교동2가|120,standard,True,
26200,동삼동,220-1,도시,도시,,,TRADE_2BA5A7E3C3C0,unmatched,0.0,26.66666666666667,23,26200|동삼서로|61,26200|동삼동|220-1,standard,True,
26230,부전동,631,현호네오빌,현호네오빌,,,TRADE_823837413ECF,unmatched,0.0,44.44444444444444,7,26230|신천대로|134,26230|부전동|631,standard,True,
26230,연지동,179-1,봉황,봉황,,,TRADE_048A95A6750A,unmatched,0.0,0.0,14,26230|동평로223번길|50,26230|연지동|179-1,standard,True,
26230,전포동,644-1,프리미엄안단테,프리미엄안단테,,,TRADE_22FF18F40BB4,unmatched,0.0,11.111111111111116,23,26230|동천로132번길|42,26230|전포동|644-1,standard,True,
26230,양정동,386-14,메종해달별,메종해.달.별,,,TRADE_20AD28FA32AA,unmatched,0.0,0.0,13,26230|거제대로60번길|15,26230|양정동|386-14,standard,True,
26230,부암동,121-9,서면센트리움,서면센트리움,,,TRADE_7926266F9DD5,unmatched,0.0,44.44444444444444,27,26230|신천대로220번길|15,26230|부암동|121-9,standard,True,
26230,개금동,523-3,시티파크,시티파크,,,TRADE_472C9395D3A2,unmatched,0.0,44.44444444444444,23,26230|복지로21번길|6,26230|개금동|523-3,standard,True,
26230,개금동,614-2,신양,신양(614-2),,,TRADE_A1AD6C65A77F,unmatched,0.0,28.57142857142857,23,26230|진사로|27,26230|개금동|614-2,standard,True,
26230,범천동,737-7,평화,평화,,,TRADE_2782DDBD030A,unmatched,0.0,0.0,24,26230|범일로153번길|17,26230|범천동|737-7,standard,True,
26230,범천동,842-4,tk골드뷰,TK골드뷰,,,TRADE_F7291CD77554,unmatched,0.0,25.0,24,26230|범일로154번길|61,26230|범천동|842-4,standard,True,
26230,당감동,1024,서면2차봄여름가을겨울,서면2차봄여름가을겨울,서면2차 봄여름가을겨울아파트,A10025434,A10025434,road_legal_address_exact,100.0,100.0,1,26230|신천대로197번길|15,26230|당감동|1024,standard,False,
26230,전포동,178-25,한성타운,한성타운(102동),,,TRADE_102C71167084,unmatched,0.0,36.36363636363637,23,26230|동성로118번길|16,26230|전포동|178-25,standard,True,
26230,양정동,147-5,동국에버리치,동국에버리치,,,TRADE_79FAAEE8F148,unmatched,0.0,15.384615384615385,13,26230|연수로11번길|79,26230|양정동|147-5,standard,True,
26230,당감동,95-10,홍림세르빌,홍림세르빌,,,TRADE_6A7BBCD9FF20,unmatched,0.0,0.0,17,26230|가야대로691번길|10-11,26230|당감동|95-10,standard,True,
26230,개금동,171-51,태영아너스,태영아너스,,,TRADE_31F013B118C3,unmatched,0.0,22.22222222222222,23,26230|냉정로|221-5,26230|개금동|171-51,standard,True,
26230,가야동,634-1,진일,진일,,,TRADE_020AB82E4BF3,unmatched,0.0,0.0,12,26230|냉정로253번길|13,26230|가야동|634-1,standard,True,
26230,범천동,841-303,중앙,중앙,,,TRADE_C82F90C4A114,unmatched,0.0,0.0,24,26230|자유평화로37번길|45-8,26230|범천동|841-303,standard,True,
26230,가야동,385,국민,국민,,,TRADE_328756A960C0,unmatched,0.0,0.0,12,26230|엄광로|263-6,26230|가야동|385,standard,True,
26230,양정동,386-15,지오베스트빌,지오베스트빌,,,TRADE_361708EEA013,unmatched,0.0,33.333333333333336,13,26230|거제대로60번길|19,26230|양정동|386-15,standard,True,
26230,범천동,842-3,허브팰리스,허브팰리스,,,TRADE_03F2DDBE5319,unmatched,0.0,46.15384615384615,24,26230|범일로154번길|55,26230|범천동|842-3,standard,True,
26230,범천동,1119-94,조일그랜져타운,조일그랜져타운,,,TRADE_975F1EEBDC8D,unmatched,0.0,16.666666666666664,24,26230|신암로155번가길|4,26230|범천동|1119-94,standard,True,
26230,전포동,191-236,화신거화2,화신거화2,화신거화1차아파트,A10020784,A10020784,legal_address_main_name,72.72727272727273,72.72727272727273,3,26230|진남로356번길|78,26230|전포동|191-236,standard,True,
26230,개금동,629-1,시영,시영(12~17동),개금시영아파트,A61477403,A61477403,road_address_exact,100.0,66.66666666666667,1,26230|진사로61번길|29,26230|개금동|629-1,standard,False,
26230,양정동,388-2,굿모닝뷰,굿모닝뷰,,,TRADE_37C84E5F403B,unmatched,0.0,16.666666666666664,13,26230|거제대로60번길|24,26230|양정동|388-2,standard,True,
26230,부암동,319,동원,동원,,,TRADE_F246C68B129A,unmatched,0.0,36.36363636363637,27,26230|동평로181번길|29-17,26230|부암동|319,standard,True,
26230,가야동,459-16,이화,이화,,,TRADE_417203327EAE,unmatched,0.0,25.0,12,26230|엄광로|166,26230|가야동|459-16,standard,True,
26230,당감동,71-5,홍림로얄뷰,홍림로얄뷰,,,TRADE_28C1F373DFB7,unmatched,0.0,0.0,17,26230|신천대로183번길|64-15,26230|당감동|71-5,standard,True,
26230,양정동,213-3,양정해광빌리지,양정해광빌리지,,,TRADE_9BE0A9F24AB0,unmatched,0.0,42.85714285714286,13,26230|중앙대로969번길|12-12,26230|양정동|213-3,standard,True,
26230,연지동,42-3,금오파크뷰,금오파크뷰,,,TRADE_ABF148C38C18,unmatched,0.0,33.333333333333336,14,26230|동평로|273,26230|연지동|42-3,standard,True,
26260,수안동,32-3,조성하이츠,조성하이츠,수안동조성하이츠아파트,A60782301,A60782301,road_legal_address_exact,100.0,76.92307692307692,1,26260|온천천로|273,26260|수안동|32-3,standard,False,
26260,복천동,41-18,현대아트빌,현대아트빌,,,TRADE_5BEDF4B0A8C5,unmatched,0.0,44.44444444444444,2,26260|복천로|24,26260|복천동|41-18,standard,True,
26260,사직동,432-2,청호파크빌라,청호파크빌라,,,TRADE_EB66A0E2E32E,unmatched,0.0,15.384615384615385,19,26260|아시아드대로164번길|16,26260|사직동|432-2,standard,True,
26260,온천동,165-2,스파맨션,스파맨션,,,TRADE_73D6B6952896,unmatched,0.0,22.22222222222222,42,26260|금강공원로|10-1,26260|온천동|165-2,standard,True,
26260,수안동,7-7,삼진리버뷰a동,삼진리버뷰A동,,,TRADE_104148537585,unmatched,0.0,18.181818181818176,11,26260|온천천로|221,26260|수안동|7-7,standard,True,
26260,안락동,1006-5,대웅그린빌리지,대웅그린빌리지,,,TRADE_897EF43AF0E4,unmatched,0.0,18.181818181818176,15,26260|충렬대로321번길|67,26260|안락동|1006-5,standard,True,
26260,온천동,1376-5,공작맨션,공작맨션,,,TRADE_7961CB73E9A0,unmatched,0.0,0.0,42,26260|여고북로33번가길|13,26260|온천동|1376-5,standard,True,
26260,안락동,733-1,석천,석천,,,TRADE_3AFEC2EE0BBC,unmatched,0.0,0.0,15,26260|안연로|84,26260|안락동|733-1,standard,True,
26260,명장동,623,e편한세상동래명장1단지,e편한세상동래명장1단지,e편한세상동래명장,A10025342,A10025342,road_address_exact,100.0,85.71428571428572,1,26260|명장로|65,26260|명장동|623,standard,False,
26260,온천동,1421-6,아이리스힐,아이리스힐,,,TRADE_9172A22A5A1E,unmatched,0.0,54.54545454545454,42,26260|아시아드대로|256-6,26260|온천동|1421-6,standard,True,
26260,명장동,25-1,영산무지개타운,영산무지개타운,영산무지개타운,A60780701,A60780701,road_legal_address_exact,100.0,100.0,1,26260|충렬사로67번길|13,26260|명장동|25-1,standard,False,
26260,명장동,145-7,창신,창신,,,TRADE_B9FB6C01E318,unmatched,0.0,0.0,13,26260|명장로64번길|6,26260|명장동|145-7,standard,True,
26260,온천동,1379-3,시티하임2차,시티하임2차,,,TRADE_6DB95E9BEF4F,unmatched,0.0,26.66666666666667,42,26260|여고북로73번길|45,26260|온천동|1379-3,standard,True,
26260,명장동,488-1,명장제일,명장제일,명장일양아파트,A10022509,A10022509,dong_fuzzy,75.0,75.0,13,26260|반송로354번길|10,26260|명장동|488-1,standard,True,
26260,온천동,1444-4,삼우맨션,삼우맨션,,,TRADE_D33FBA04355E,unmatched,0.0,25.0,42,26260|미남로146번길|29,26260|온천동|1444-4,standard,True,
26260,온천동,423-2,동래skview2차,동래SKVIEW2차,동래2차SK VIEW,A60783802,A60783802,road_legal_address_exact,100.0,80.0,1,26260|금강로|48,26260|온천동|423-2,standard,False,
26260,수안동,34-12,형제맨션,형제맨션,,,TRADE_1C96BE5FEEE7,unmatched,0.0,25.0,11,26260|온천천로|307,26260|수안동|34-12,standard,True,
26260,온천동,440-24,동백그린숲,동백그린숲,,,TRADE_907D0AC3162D,unmatched,0.0,36.36363636363637,42,26260|금강로|80-1,26260|온천동|440-24,standard,True,
26260,온천동,306-1,온천화신젠틀빌라,온천화신젠틀빌라,,,TRADE_AC0FFEA67186,unmatched,0.0,66.66666666666667,42,26260|금강로73번길|33,26260|온천동|306-1,standard,True,
26260,명장동,497-38,동남파크나,동남파크나,,,TRADE_9BA9E294839D,unmatched,0.0,36.36363636363637,13,26260|명서로|137,26260|명장동|497-38,standard,True,
26260,온천동,1462-1,아림베르빌,아림베르빌,,,TRADE_23F51A49FAC6,unmatched,0.0,26.66666666666667,42,26260|미남로102번길|14,26260|온천동|1462-1,standard,True,
26260,온천동,1432-1,원타워,원타워,,,TRADE_CF8273298531,unmatched,0.0,57.14285714285714,42,26260|중앙대로1335번길|63,26260|온천동|1432-1,standard,True,
26260,온천동,345-22,라경유닉스빌라,라경유닉스빌라,,,TRADE_C0BB1C15121C,unmatched,0.0,25.0,42,26260|금강로61번길|35,26260|온천동|345-22,standard,True,
26290,용호동,377-1,동보빌라맨션,동보빌라맨션,,,TRADE_EC1CD868BC7A,unmatched,0.0,50.0,22,26290|용호로159번길|118,26290|용호동|377-1,standard,True,
26290,대연동,563-7,성원빌라트,성원빌라트,,,TRADE_9BD5E04AECFA,unmatched,0.0,26.66666666666667,33,26290|유엔평화로47번길|153,26290|대연동|563-7,standard,True,
26290,대연동,639-25,아침마을비동,아침마을비동,,,TRADE_CFBF83E59150,unmatched,0.0,19.999999999999996,33,26290|유엔평화로41번길|83,26290|대연동|639-25,standard,True,
26290,대연동,1776-1,대연동에스케이뷰201동,대연동에스케이뷰201동,,,TRADE_D51A59BB7C5C,unmatched,0.0,42.10526315789473,33,26290|진남로154번길|3,26290|대연동|1776-1,standard,True,
26290,대연동,1281-32,부일힐타워,부일힐타워,,,TRADE_41D420972890,unmatched,0.0,36.36363636363637,33,26290|못골로|45,26290|대연동|1281-32,standard,True,
26290,문현동,876,보광맨션,보광맨션,,,TRADE_EB1E1AD6233A,unmatched,0.0,40.0,23,26290|장고개로|109-7,26290|문현동|876,standard,True,
26290,대연동,1344-1,베르디하우스,베르디하우스,베르디하우스 아파트,A10024682,A10024682,road_legal_address_exact,100.0,100.0,1,26290|수영로249번길|3,26290|대연동|1344-1,standard,False,
26290,우암동,46,우암대진,우암대진,,,TRADE_9663751B823E,unmatched,0.0,40.0,10,26290|우암로154번길|18,26290|우암동|46,standard,True,
26290,대연동,1466-2,새진빌리지,"새진빌리지(A,B동)",,,TRADE_5463DC4FF741,unmatched,0.0,18.181818181818176,33,26290|못골번영로46번길|10,26290|대연동|1466-2,standard,True,
26290,문현동,641-2,성신탑빌,성신탑빌,,,TRADE_145F8BB9D0EF,unmatched,0.0,22.22222222222222,23,26290|전포대로|62,26290|문현동|641-2,standard,True,
26290,문현동,273-9,양산맨션,양산맨션,,,TRADE_99FE36EE9342,unmatched,0.0,40.0,23,26290|수영로|80,26290|문현동|273-9,standard,True,
26290,용호동,369-2,용연파크,용연파크,,,TRADE_FF939441C63B,unmatched,0.0,25.0,22,26290|용호로110번길|5,26290|용호동|369-2,standard,True,
26290,용호동,487-8,수피아주상복합,수피아주상복합,,,TRADE_03A4213BA50F,unmatched,0.0,18.181818181818176,22,26290|용호로|174,26290|용호동|487-8,standard,True,
26290,용호동,497-11,동보맨션,동보맨션,,,TRADE_45578DABA667,unmatched,0.0,40.0,22,26290|동명로152번길|60,26290|용호동|497-11,standard,True,
26290,대연동,1752-8,더샵골드,더샵골드,,,TRADE_69104D3A6E45,unmatched,0.0,15.384615384615385,33,26290|유엔평화로4번길|60,26290|대연동|1752-8,standard,True,
26320,구포동,433-4,비룡벨로스텔라,비룡벨로스텔라,,,TRADE_4A3D46CEF6AA,unmatched,0.0,25.0,22,26320|낙동대로1766번길|45,26320|구포동|433-4,standard,True,
26320,구포동,972-54,해피투모로우,해피투모로우,해피투모로우아파트,A10026293,A10026293,road_legal_address_exact,100.0,100.0,1,26320|낙동북로|692,26320|구포동|972-54,standard,False,
26320,구포동,1030-3,창신,창신(A동),,,TRADE_81305B7B67C9,unmatched,0.0,25.0,22,26320|가람로24번길|20,26320|구포동|1030-3,standard,True,
26320,구포동,399,지평웰리브,지평웰리브,,,TRADE_A41B4FB501A9,unmatched,0.0,19.999999999999996,22,26320|낙동대로1762번길|60,26320|구포동|399,standard,True,
26320,덕천동,337-2,무궁화,무궁화(337-2),,,TRADE_21ED4EF4FE10,unmatched,0.0,0.0,16,26320|만덕대로65번길|43,26320|덕천동|337-2,standard,True,
26320,덕천동,355-4,덕천역이즈카운티,덕천역이즈카운티,덕천역 이즈 카운티 아파트,A10024999,A10024999,road_legal_address_exact,100.0,100.0,1,26320|금곡대로8번길|87,26320|덕천동|355-4,standard,False,
26320,구포동,422-8,동우빌라,동우빌라,,,TRADE_66B34C57FB76,unmatched,0.0,25.0,22,26320|가람로52번길|85,26320|구포동|422-8,standard,True,
26320,화명동,886,보경그린,보경그린,,,TRADE_048EB91AD86D,unmatched,0.0,50.0,29,26320|금곡대로200번길|63,26320|화명동|886,standard,True,
26350,반여동,1291-1460,현대3,현대3,반여현대3차아파트,A61206202,A61206202,road_legal_address_exact,100.0,66.66666666666667,1,26350|재반로212번길|67,26350|반여동|1291-1460,standard,False,
26350,우동,1196-12,센텀엘카사,센텀엘카사,,,TRADE_83BBD5B8A770,unmatched,0.0,44.44444444444444,49,26350|해운대로394번길|23,26350|우동|1196-12,standard,True,
26350,재송동,97-1,센텀삼흥,센텀삼흥,센텀(재송)삼익,A61274815,A61274815,dong_fuzzy,75.0,75.0,31,26350|해운대로219번길|21,26350|재송동|97-1,standard,True,
26350,중동,1533-8,엘리트빌라,엘리트빌라,,,TRADE_78EBCD13E105,unmatched,0.0,30.76923076923077,29,26350|달맞이길117번나길|166,26350|중동|1533-8,standard,True,
26350,송정동,201-15,대원하이츠2차,대원하이츠2차,,,TRADE_D611C9FE284D,unmatched,0.0,25.0,5,26350|송정중앙로33번길|13,26350|송정동|201-15,standard,True,
26350,송정동,203-4,조희라메르,조희라메르,,,TRADE_285A14705B6E,unmatched,0.0,0.0,5,26350|송정중앙로33번길|16,26350|송정동|203-4,standard,True,
26350,송정동,200-2,쏠데까사,쏠데까사Ⅱ,,,TRADE_C691014DE9E6,unmatched,0.0,0.0,5,26350|송정중앙로27번길|21,26350|송정동|200-2,standard,True,
26350,송정동,200-11,남평엔시티,남평엔시티,,,TRADE_CE0B2D6F74E5,unmatched,0.0,14.28571428571429,5,26350|송정중앙로27번길|7,26350|송정동|200-11,standard,True,
26350,중동,1199-5,해운대비치베르빌,해운대비치베르빌,해운대 비치-베르빌 관리단,A61201004,A61201004,road_legal_address_exact,100.0,84.21052631578947,1,26350|해운대해변로|348,26350|중동|1199-5,standard,False,
26350,우동,598-4,해운대파크에비뉴,해운대파크에비뉴,,,TRADE_0428F485ADFC,unmatched,0.0,66.66666666666667,49,26350|중동1로17번길|15-7,26350|우동|598-4,standard,True,
26350,우동,894-4,대흥파크나동,대흥파크나동,,,TRADE_1A7173FE073A,unmatched,0.0,46.15384615384615,49,26350|우동1로|9-11,26350|우동|894-4,standard,True,
26350,재송동,1147-3,해강소라,해강소라,,,TRADE_6D23EDEF0872,unmatched,0.0,15.384615384615385,31,26350|재반로|162-8,26350|재송동|1147-3,standard,True,
26350,반송동,683-12,영화,영화,,,TRADE_7CAE733B7AF7,unmatched,0.0,28.57142857142857,13,26350|반송로|827,26350|반송동|683-12,standard,True,
26350,우동,340,현대,현대,우동현대아파트,A10021242,A10021242,road_legal_address_exact,100.0,66.66666666666667,1,26350|우동1로|125,26350|우동|340,standard,False,
26350,재송동,1187,센텀그린타워,센텀그린타워,센텀그린타워아파트,A61283403,A61283403,road_address_exact,100.0,100.0,1,26350|재송2로|153,26350|재송동|1187,standard,False,
26350,송정동,201-8,이담채,이담채,,,TRADE_96887EE990BC,unmatched,0.0,16.666666666666664,5,26350|송정중앙로27번길|8,26350|송정동|201-8,standard,True,
26350,중동,1481-2,에스엘하우스,에스엘하우스,,,TRADE_B1D534C3B832,unmatched,0.0,23.529411764705888,29,26350|달맞이길117번가길|216,26350|중동|1481-2,standard,True,
26350,우동,1072-15,로얄센텀빌,로얄센텀빌,,,TRADE_D85F51AFB257,unmatched,0.0,44.44444444444444,49,26350|해운대로469번길|156,26350|우동|1072-15,standard,True,
26350,재송동,1087-4,일번로얄주택,일번로얄주택,,,TRADE_7175B0C97C63,unmatched,0.0,16.666666666666664,31,26350|재반로|89-13,26350|재송동|1087-4,standard,True,
26350,반송동,227-1,센텀더세진,센텀더세진,,,TRADE_31B84D2FD1F9,unmatched,0.0,22.22222222222222,13,26350|신반송로|11-19,26350|반송동|227-1,standard,True,
26380,당리동,317-7,에스제이파베르,에스제이파베르,,,TRADE_FF34EA81A295,unmatched,0.0,18.181818181818176,16,26380|낙동대로410번길|18,26380|당리동|317-7,standard,True,
26380,괴정동,1073-1,장미,장미,,,TRADE_4DD0B09C900C,unmatched,0.0,0.0,29,26380|마하로|70,26380|괴정동|1073-1,standard,True,
26380,감천동,682-1,감천현대,감천현대,감천현대아파트,A60478201,A60478201,road_legal_address_exact,100.0,100.0,1,26380|감천로|38,26380|감천동|682-1,standard,False,
26380,다대동,869,다대에코하임,다대에코하임,,,TRADE_B53102CA5569,unmatched,0.0,54.54545454545454,28,26380|다대동로29번길|23,26380|다대동|869,standard,True,
26380,당리동,61-15,일원파크맨션,일원파크맨션,,,TRADE_5B336A631AFC,unmatched,0.0,11.764705882352944,16,26380|승학로71번길|100,26380|당리동|61-15,standard,True,
26380,하단동,870-19,공작,공작,,,TRADE_F6EACFA14BD2,unmatched,0.0,0.0,12,26380|하신번영로380번길|120,26380|하단동|870-19,standard,True,
26380,감천동,530,감천단지,감천단지,,,TRADE_B46BA5358074,unmatched,0.0,50.0,10,26380|감천로105번길|40,26380|감천동|530,standard,True,
26380,괴정동,577-9,우방빌라트,우방빌라트,,,TRADE_1D03A0238D25,unmatched,0.0,22.22222222222222,29,26380|낙동대로|308,26380|괴정동|577-9,standard,True,
26380,하단동,888-5,세양리버빌라트,세양리버빌라트,,,TRADE_906AB8734B27,unmatched,0.0,13.33333333333333,12,26380|하신번영로|292,26380|하단동|888-5,standard,True,
26380,괴정동,697-11,사남신익,사남신익,,,TRADE_EFDC400167EB,unmatched,0.0,40.0,29,26380|장평로|410,26380|괴정동|697-11,standard,True,
26380,장림동,328-1,국제그레이트,국제그레이트,,,TRADE_0580A95DD79C,unmatched,0.0,33.333333333333336,26,26380|장림로184번길|10,26380|장림동|328-1,standard,True,
26380,괴정동,192-3,반도보라,반도보라,,,TRADE_5A815423B606,unmatched,0.0,18.181818181818176,29,26380|낙동대로140번길|85,26380|괴정동|192-3,standard,True,
26380,당리동,355,수양파크,수양파크,,,TRADE_682271BA3FF0,unmatched,0.0,19.999999999999996,16,26380|마하로|63,26380|당리동|355,standard,True,
26380,괴정동,350-72,동아파크,동아파크,,,TRADE_75EB3DF49E46,unmatched,0.0,46.15384615384615,29,26380|오작로|138,26380|괴정동|350-72,standard,True,
26380,당리동,316-10,궁전맨션,궁전맨션,,,TRADE_64710B4EFF3B,unmatched,0.0,0.0,16,26380|낙동대로410번길|7,26380|당리동|316-10,standard,True,
26380,괴정동,175-1,수호천사,수호천사,,,TRADE_8BBFE925023F,unmatched,0.0,19.999999999999996,29,26380|낙동대로140번길|90,26380|괴정동|175-1,standard,True,
26380,괴정동,398-23,신괴정화신,신괴정화신아파트,신괴정화신맨션아파트,A60481002,A60481002,road_legal_address_exact,100.0,83.33333333333334,1,26380|오작로|68,26380|괴정동|398-23,standard,False,
26380,괴정동,554-1,괴정웰메이드홈,괴정웰메이드홈,,,TRADE_E688C388FEA2,unmatched,0.0,42.85714285714286,29,26380|괴정로231번길|19,26380|괴정동|554-1,standard,True,
26380,하단동,520-1,하단지오피아,하단지오피아,하단지오피아,A10020688,A10020688,road_legal_address_exact,100.0,100.0,1,26380|낙동남로1357번길|46,26380|하단동|520-1,standard,False,
26380,장림동,186-8,성해,성해,,,TRADE_FD64EA77AA7E,unmatched,0.0,16.666666666666664,26,26380|두송로|1,26380|장림동|186-8,standard,True,
26380,하단동,485-6,경인,경인,,,TRADE_25A579A8385E,unmatched,0.0,0.0,12,26380|낙동대로575번길|52,26380|하단동|485-6,standard,True,
26380,괴정동,484-2,럭키,럭키(484-2),,,TRADE_0FB4AE38AB37,unmatched,0.0,0.0,29,26380|사하로|173,26380|괴정동|484-2,standard,True,
26380,감천동,16-939,감천화흥타워,감천화흥타워,,,TRADE_292AAE43AA05,unmatched,0.0,46.15384615384615,10,26380|감내1로|31,26380|감천동|16-939,standard,True,
26380,하단동,529-3,다전그린,다전그린,,,TRADE_18C6CA5278AF,unmatched,0.0,26.66666666666667,12,26380|낙동대로486번길|2,26380|하단동|529-3,standard,True,
26410,부곡동,773-1,장미,장미(773-1),,,TRADE_45D52FA132B4,unmatched,0.0,25.0,27,26410|서동로|41,26410|부곡동|773-1,standard,True,
26410,부곡동,971,삼한사랑채,삼한사랑채,,,TRADE_A4CAA4BB3D27,unmatched,0.0,28.57142857142857,27,26410|동현로47번길|22,26410|부곡동|971,standard,True,
26410,구서동,198-3,영화맨션,영화맨션,,,TRADE_8BEACD46CEE3,unmatched,0.0,25.0,25,26410|안뜰로|16,26410|구서동|198-3,standard,True,
26410,부곡동,397-1,온천지음,온천지음,,,TRADE_22FBDE4109FA,unmatched,0.0,40.0,27,26410|오시게로28번길|20,26410|부곡동|397-1,standard,True,
26410,구서동,1025,일신,일신,구서일신아파트,A60976201,A60976201,road_legal_address_exact,100.0,66.66666666666667,1,26410|두실로45번길|102,26410|구서동|1025,standard,False,
26410,부곡동,64-30,천아하늘정원,천아하늘정원,,,TRADE_E56B5950AC14,unmatched,0.0,25.0,27,26410|중앙대로1763번길|32,26410|부곡동|64-30,standard,True,
26410,서동,207-3,,(207-3),,,TRADE_FB81EFB1B358,unmatched,0.0,0.0,0,26410|서동로|193-18,26410|서동|207-3,standard,True,
26410,청룡동,631-2,아스테리아,아스테리아,,,TRADE_548BACDDB803,unmatched,0.0,14.28571428571429,4,26410|놀이마당로|31,26410|청룡동|631-2,standard,True,
26410,구서동,166-1,부영벽산,부영벽산,부영벽산아파트,A60975902,A60975902,road_legal_address_exact,100.0,100.0,1,26410|중앙대로1929번길|48,26410|구서동|166-1,standard,False,
26410,부곡동,305-12,동국쉐르빌,동국쉐르빌,,,TRADE_5F9AEE7F452B,unmatched,0.0,33.333333333333336,27,26410|동부곡로6번길|22,26410|부곡동|305-12,standard,True,
26410,구서동,258-10,고려,고려,,,TRADE_D82FB95E8A87,unmatched,0.0,0.0,25,26410|금강로446번길|21,26410|구서동|258-10,standard,True,
26410,서동,27-2,한성기린,한성기린,,,TRADE_C1C1440BA053,unmatched,0.0,25.0,4,26410|서금로|45,26410|서동|27-2,standard,True,
26410,남산동,21-8,나경위너스,나경위너스,,,TRADE_C70F7700B36D,unmatched,0.0,19.999999999999996,8,26410|팔송로7번길|11,26410|남산동|21-8,standard,True,
26410,장전동,505-111,벽산파라다이스빌라3,벽산파라다이스빌라3,,,TRADE_07321A5490F2,unmatched,0.0,18.181818181818176,17,26410|금샘로7번길|42,26410|장전동|505-111,standard,True,
26410,남산동,23-2,남산동신화하니엘,남산동신화하니엘,남산신화하니엘,A10024369,A10024369,road_legal_address_exact,100.0,93.33333333333333,1,26410|중앙대로|2100-1,26410|남산동|23-2,standard,False,
26410,구서동,195-9,새한,새한,,,TRADE_1489A7E3D65B,unmatched,0.0,22.22222222222222,25,26410|안뜰로8번길|20,26410|구서동|195-9,standard,True,
26410,부곡동,383-4,금양위스빌,금양위스빌(101동),,,TRADE_68915C5B3CA4,unmatched,0.0,15.384615384615385,27,26410|동부곡로27번길|38-7,26410|부곡동|383-4,standard,True,
26410,부곡동,223-6,영광맨션,영광맨션,,,TRADE_BAFEF07B65B7,unmatched,0.0,40.0,27,26410|수림로19번길|11,26410|부곡동|223-6,standard,True,
26410,장전동,511-10,금강캐슬2차,금강캐슬2차(511-10),,,TRADE_3530F85A845B,unmatched,0.0,40.0,17,26410|식물원로|83,26410|장전동|511-10,standard,True,
26410,회동동,208-9,동성베스트,동성베스트,,,TRADE_0527774C2ADA,unmatched,0.0,0.0,0,26410|회천로5번길|25,26410|회동동|208-9,standard,True,
26410,남산동,48-2,엘리시움,엘리시움,,,TRADE_E2A735F2E79E,unmatched,0.0,18.181818181818176,8,26410|중앙대로|2089-5,26410|남산동|48-2,standard,True,
26410,금사동,64-15,문화파크,문화파크,,,TRADE_489639814B84,unmatched,0.0,0.0,2,26410|삼어로|237,26410|금사동|64-15,standard,True,
26440,지사동,1182-2,명진파크뷰,명진파크뷰,명진파크뷰,A10025212,A10025212,road_legal_address_exact,100.0,100.0,1,26440|과학산단2로20번길|11,26440|지사동|1182-2,standard,False,
26470,거제동,1462-3,산호,산호(1462-3),,,TRADE_517CF8BC5307,unmatched,0.0,19.999999999999996,41,26470|거제천로255번가길|51,26470|거제동|1462-3,standard,True,
26470,연산동,585-6,연산센터빌,연산센터빌,연산센터빌,A61182007,A61182007,road_legal_address_exact,100.0,100.0,1,26470|거제천로230번길|53,26470|연산동|585-6,standard,False,
26470,연산동,137,경남,경남,연산경남아파트,A61181205,A61181205,road_legal_address_exact,100.0,66.66666666666667,1,26470|고분로|260,26470|연산동|137,standard,False,
26470,연산동,822-6,시청스마트더블유,시청스마트더블유,시청스마트W아파트,A10025998,A10025998,road_legal_address_exact,100.0,71.42857142857143,1,26470|연수로|103,26470|연산동|822-6,standard,False,
26470,연산동,2362,시청역비스타동원,시청역비스타동원,시청역 비스타동원아파트,A10025135,A10025135,road_address_exact,100.0,100.0,1,26470|연제로|30,26470|연산동|2362,standard,False,
26470,연산동,1345-12,해운드림빌,해운드림빌,,,TRADE_09C90FF352C0,unmatched,0.0,19.999999999999996,65,26470|월드컵대로145번길|75,26470|연산동|1345-12,standard,True,
26470,거제동,739-1,성원맨투로빌,성원맨투로빌,,,TRADE_3FA7CDC8A9FA,unmatched,0.0,26.66666666666667,41,26470|거제대로|128,26470|거제동|739-1,standard,True,
26470,연산동,382-26,에이스리버팰리스,에이스리버팰리스,,,TRADE_6C98DCB36AA2,unmatched,0.0,44.44444444444444,65,26470|과정로|262,26470|연산동|382-26,standard,True,
26470,연산동,57-134,부전타워,부전타워,연산부전타워아파트,A61181004,A61181004,road_legal_address_exact,100.0,80.0,1,26470|토곡남로|11,26470|연산동|57-134,standard,False,
26470,거제동,676-25,남강하이츠,남강하이츠,,,TRADE_D222098E3BE2,unmatched,0.0,50.0,41,26470|해맞이로77번길|37,26470|거제동|676-25,standard,True,
26470,연산동,418-3,센텀포시즌,센텀포시즌,,,TRADE_871EBE6BAF85,unmatched,0.0,33.333333333333336,65,26470|과정로|179,26470|연산동|418-3,standard,True,
26470,거제동,150-8,청마마이우스,청마마이우스,청마마이우스,A61180302,A61180302,road_legal_address_exact,100.0,100.0,1,26470|명륜로|14,26470|거제동|150-8,standard,False,
26500,망미동,210-1,오양장미,오양장미,,,TRADE_ADB024C8A32B,unmatched,0.0,25.0,12,26500|수미로63번길|16,26500|망미동|210-1,standard,True,
26500,광안동,734-3,문화빌라,문화빌라,,,TRADE_B2781C299156,unmatched,0.0,16.666666666666664,22,26500|장대골로27번길|28,26500|광안동|734-3,standard,True,
26500,광안동,184-1,승우맨션,승우맨션(가동),,,TRADE_5BDE2DA68507,unmatched,0.0,15.384615384615385,22,26500|수영로510번길|54,26500|광안동|184-1,standard,True,
26500,광안동,502-2,광안봉황맨션,광안봉황맨션,,,TRADE_E977B55F064F,unmatched,0.0,40.0,22,26500|광일로46번길|8,26500|광안동|502-2,standard,True,
26500,망미동,208-1,동림,동림,,,TRADE_248EF9C9A65E,unmatched,0.0,16.666666666666664,12,26500|구락로|92,26500|망미동|208-1,standard,True,
26500,광안동,1069-3,광안동일스위트,광안동일스위트,광안동일스위트,A61381201,A61381201,road_legal_address_exact,100.0,100.0,1,26500|망미번영로38번길|104,26500|광안동|1069-3,standard,False,
26500,광안동,536-133,부일그린빌,부일그린빌,,,TRADE_3594E4B54027,unmatched,0.0,44.44444444444444,22,26500|장대골로|48,26500|광안동|536-133,standard,True,
26500,민락동,156-2,이화맨션나동,이화맨션나동,,,TRADE_C72B609EF475,unmatched,0.0,15.384615384615385,13,26500|감포로|12,26500|민락동|156-2,standard,True,
26500,광안동,545-5,광안리치빌a,광안리치빌A,,,TRADE_2511052AD78F,unmatched,0.0,50.0,22,26500|장대골로57번가길|16,26500|광안동|545-5,standard,True,
26500,망미동,880-84,망미한신,망미한신,망미한신아파트,A61376701,A61376701,road_legal_address_exact,100.0,100.0,1,26500|망미배산로70번길|45,26500|망미동|880-84,standard,False,
26500,광안동,135-4,부흥3차,부흥3차,,,TRADE_8AB8FC7B511F,unmatched,0.0,14.28571428571429,22,26500|수영로594번길|85,26500|광안동|135-4,standard,True,
26500,남천동,49-8,반도빌라,반도빌라,,,TRADE_D87A386F6940,unmatched,0.0,19.999999999999996,14,26500|황령산로8번길|19,26500|남천동|49-8,standard,True,
26500,광안동,744-18,wpark,W-PARK,,,TRADE_C4EE0A5162D6,unmatched,0.0,15.384615384615385,22,26500|장대골로7번길|51,26500|광안동|744-18,standard,True,
26500,광안동,539-3,광명맨션,광명맨션(539-3),,,TRADE_4681CD4CC4EF,unmatched,0.0,33.333333333333336,22,26500|광일로67번길|68,26500|광안동|539-3,standard,True,
26500,남천동,27-16,마르빌주상복합,마르빌주상복합,,,TRADE_03DC5A3EE54F,unmatched,0.0,11.764705882352944,14,26500|수영로|452-1,26500|남천동|27-16,standard,True,
26500,광안동,120-90,서호,서호,,,TRADE_A749F6D3C806,unmatched,0.0,22.22222222222222,22,26500|무학로10번길|46,26500|광안동|120-90,standard,True,
26530,주례동,317,동일,동일,동일아파트,A10024372,A10024372,road_legal_address_exact,100.0,100.0,1,26530|양지로|47,26530|주례동|317,standard,False,
26530,주례동,305,현대,현대,주례현대아파트,A61783603,A61783603,road_legal_address_exact,100.0,66.66666666666667,1,26530|양지로30번길|5,26530|주례동|305,standard,False,
26530,괘법동,524-37,경화힐타워a동,경화힐타워A동,,,TRADE_7E9C75D0F54B,unmatched,0.0,15.384615384615385,11,26530|사상로233번길|22,26530|괘법동|524-37,standard,True,
26530,모라동,991-2,모라동골든파크,모라동골든파크,모라동골든파크,A10020530,A10020530,road_legal_address_exact,100.0,100.0,1,26530|사상로|508,26530|모라동|991-2,standard,False,
26530,주례동,122,조양,조양,주례조양아파트,A10022337,A10022337,road_legal_address_exact,100.0,66.66666666666667,1,26530|냉정로|56,26530|주례동|122,standard,False,
26530,학장동,574-13,청파,청파,청파아파트,A10021421,A10021421,road_legal_address_exact,100.0,100.0,1,26530|대동로|138,26530|학장동|574-13,standard,False,
26710,일광읍이천리,764-4,정도한스빌,정도한스빌,,,TRADE_90F6622B94DA,unmatched,0.0,23.529411764705888,3,26710|이화로|23,26710|일광읍이천리|764-4,standard,True,
26710,기장읍대라리,419-15,기장마르빌,기장마르빌,,,TRADE_938DE214F1E7,unmatched,0.0,36.36363636363637,4,26710|차성남로51번길|7,26710|기장읍대라리|419-15,standard,True,
26710,기장읍교리,336-10,욱일,욱일,,,TRADE_32ADAC269EBF,unmatched,0.0,0.0,7,26710|차성로412번길|37,26710|기장읍교리|336-10,standard,True,
26710,일광읍삼성리,785,일광자이푸르지오2단지,일광자이푸르지오2단지,일광자이푸르지오 2단지,A10024909,A10024909,road_legal_address_exact,100.0,100.0,1,26710|해빛로|29,26710|일광읍삼성리|785,standard,False,
48250,봉황동,455-2,광남백조맨션,광남백조맨션(1동),봉황동백조아파트1동,A10020687,A10020687,road_legal_address_exact,100.0,30.76923076923077,1,48250|가야의길|98-18,48250|봉황동|455-2,strict_full_lot,False,
48250,구산동,316,대동삼업,대동삼업,대동아파트,A62190002,A62190002,road_legal_address_exact,100.0,66.66666666666667,1,48250|가락로|242-15,48250|구산동|316,strict_full_lot,False,
48250,불암동,62,미소dream,미소DREAM,,,TRADE_E331AF964197,unmatched,0.0,0.0,0,48250|김해대로2761번길|20,48250|불암동|62,strict_full_lot,True,
48250,삼정동,664-14,삼성맥스빌9차,삼성맥스빌9차,,,TRADE_605F9A1ECA4D,unmatched,0.0,0.0,0,48250|김해대로2517번길|6-15,48250|삼정동|664-14,strict_full_lot,True,
48250,대성동,413-4,홍익,홍익,,,TRADE_2A5E5340A132,unmatched,0.0,0.0,0,48250|구지로112번길|14-11,48250|대성동|413-4,strict_full_lot,True,
48250,진영읍여래리,357,장복,장복(1단지),장복1차,A62180501,A62180501,road_legal_address_exact,100.0,66.66666666666667,1,48250|진영로|262-15,48250|진영읍여래리|357,strict_full_lot,False,
48250,봉황동,119-2,성산맨션,성산맨션,,,TRADE_B7D5F115DF48,unmatched,0.0,0.0,0,48250|김해대로2283번길|23,48250|봉황동|119-2,strict_full_lot,True,
48250,흥동,54-4,청운,청운,,,TRADE_5F31A00DFCD7,unmatched,0.0,0.0,0,48250|흥동로|104,48250|흥동|54-4,strict_full_lot,True,
48250,외동,333,푸른소나무빌리지,푸른소나무빌리지,,,TRADE_7BCC24384C34,unmatched,0.0,0.0,0,48250|분성로188번길|3,48250|외동|333,strict_full_lot,True,
48250,동상동,718-4,해오름,해오름,,,TRADE_9E6CBFAFBA24,unmatched,0.0,0.0,0,48250|분성로376번길|8,48250|동상동|718-4,strict_full_lot,True,
48250,진영읍여래리,344,장복,장복(2단지),장복2차,A62180507,A62180507,road_legal_address_exact,100.0,66.66666666666667,1,48250|진영로|262-24,48250|진영읍여래리|344,strict_full_lot,False,
48250,삼방동,193,대동,대동,삼방대동,A62190901,A62190901,road_legal_address_exact,100.0,66.66666666666667,1,48250|활천로285번길|4,48250|삼방동|193,strict_full_lot,False,
48250,봉황동,18-8,새회현,새회현,,,TRADE_D689728354C6,unmatched,0.0,0.0,0,48250|김해대로2301번길|5,48250|봉황동|18-8,strict_full_lot,True,
48250,어방동,364-8,동일하이츠빌라,동일하이츠빌라,,,TRADE_6450F5C20D8A,unmatched,0.0,0.0,0,48250|활천로178번길|27-5,48250|어방동|364-8,strict_full_lot,True,
48250,삼정동,599-13,에스투빌라,에스투빌라,,,TRADE_34B97ED290BB,unmatched,0.0,0.0,0,48250|활천로16번길|3,48250|삼정동|599-13,strict_full_lot,True,
48330,북부동,462-5,삼보,삼보,,,TRADE_D27729F553A9,unmatched,0.0,0.0,0,48330|북안남1길|19,48330|북부동|462-5,strict_full_lot,True,
48330,북부동,134-3,북부주공,북부주공,,,TRADE_67E3EB006AFA,unmatched,0.0,0.0,0,48330|북안북7길|36,48330|북부동|134-3,strict_full_lot,True,
48330,상북면석계리,236-1,동우강변타워1,동우강변타워1,동우1차,A62685402,A62685402,road_legal_address_exact,100.0,54.54545454545454,1,48330|삼계1길|9,48330|상북면석계리|236-1,strict_full_lot,False,
48330,평산동,1108-22,경보4,경보4,,,TRADE_A706F40558B8,unmatched,0.0,0.0,0,48330|평산회야로|17,48330|평산동|1108-22,strict_full_lot,True,
48330,북정동,899-5,행복한세상3,행복한세상3,,,TRADE_830D1C4A3D38,unmatched,0.0,0.0,0,48330|삼성7길|35,48330|북정동|899-5,strict_full_lot,True,
48330,중부동,156-4,스위트,스위트아파트,,,TRADE_8478A0D91DE7,unmatched,0.0,0.0,0,48330|일동7길|5,48330|중부동|156-4,strict_full_lot,True,
48330,평산동,1108-13,선우5,선우5,선우5차아파트,A62684902,A62684902,road_legal_address_exact,100.0,85.71428571428572,1,48330|평산회야로|135,48330|평산동|1108-13,strict_full_lot,False,
48330,평산동,398,새진흥6,새진흥6,새진흥6차아파트,A62684801,A62684801,legal_address_exact,100.0,88.88888888888889,1,48330|평산13길|19,48330|평산동|398,strict_full_lot,False,
48330,삼호동,995-3,우정타워,우정타워,,,TRADE_6BEFA4988D0E,unmatched,0.0,0.0,0,48330|삼호3길|8,48330|삼호동|995-3,strict_full_lot,True,
26110,동광동5가,16-11,대동맨션,대동맨션,동광대동맨션,A10021196,A10021196,road_legal_address_exact,100.0,80.0,1,26110|동광길93번길|5,26110|동광동5가|16-11,standard,False,
26110,영주동,2,초원,초원,,,TRADE_F9F1F72BD7E3,unmatched,0.0,0.0,5,26110|영초길|135-5,26110|영주동|2,standard,True,
26110,보수동1가,146-16,대암보수맨션,대암보수맨션,,,TRADE_618655416926,unmatched,0.0,15.384615384615385,1,26110|고가길|46,26110|보수동1가|146-16,standard,True,
26140,부민동1가,32-6,허브센티움,허브센티움,,,TRADE_0C2D911F76FA,unmatched,0.0,0.0,0,26140|구덕로|196,26140|부민동1가|32-6,standard,True,
26140,서대신동3가,360-2,석포로얄캐슬,석포로얄캐슬,,,TRADE_25D5E1A4DC7C,unmatched,0.0,33.333333333333336,8,26140|구덕로333번길|21,26140|서대신동3가|360-2,standard,True,
26140,동대신동3가,63-245,정림파크,정림파크,,,TRADE_6A0C4A8C5795,unmatched,0.0,0.0,3,26140|망양로111번길|18-8,26140|동대신동3가|63-245,standard,True,
26140,서대신동3가,294-11,크로바d동,크로바D동,,,TRADE_C86D31A529D8,unmatched,0.0,0.0,8,26140|대영로45번길|84,26140|서대신동3가|294-11,standard,True,
26140,서대신동2가,35-12,gl타운b,GL타운B,,,TRADE_40F237A662FC,unmatched,0.0,0.0,3,26140|구덕로315번길|7,26140|서대신동2가|35-12,standard,True,
26140,서대신동2가,102,위너스빌,위너스빌,,,TRADE_09E2047C6482,unmatched,0.0,0.0,3,26140|구덕로295번길|10,26140|서대신동2가|102,standard,True,
26140,서대신동2가,473,대신자유,대신자유,,,TRADE_BE6A94E2BE02,unmatched,0.0,33.333333333333336,3,26140|시약로|11,26140|서대신동2가|473,standard,True,
26140,서대신동1가,2-5,하나로5차,하나로5차,,,TRADE_7CE10BEFA0AB,unmatched,0.0,0.0,1,26140|구덕로|269,26140|서대신동1가|2-5,standard,True,
26140,동대신동3가,200,에덴빌리지,에덴빌리지,,,TRADE_42262273212E,unmatched,0.0,0.0,3,26140|구덕로346번길|16,26140|동대신동3가|200,standard,True,
26170,범일동,830-100,삼익,삼익,삼익,A60180701,A60180701,road_legal_address_exact,100.0,100.0,1,26170|조방로16번길|20,26170|범일동|830-100,standard,False,
26170,초량동,974-16,연합그린빌라,연합그린빌라,,,TRADE_6E03B06FFDD5,unmatched,0.0,11.764705882352944,10,26170|망양로486번길|16,26170|초량동|974-16,standard,True,
26170,수정동,355-1,대근아트빌라,대근아트빌라(355-1),,,TRADE_A7F00B7BB4AC,unmatched,0.0,19.999999999999996,3,26170|고관로|57,26170|수정동|355-1,standard,True,
26170,수정동,926-1,남성맨션,남성맨션,,,TRADE_A42D4408E195,unmatched,0.0,25.0,3,26170|수정공원상로|89,26170|수정동|926-1,standard,True,
26170,좌천동,1014-1,플러스,플러스,,,TRADE_87B61A192635,unmatched,0.0,19.999999999999996,5,26170|진성로|50,26170|좌천동|1014-1,standard,True,
26170,범일동,1486-3,아름빌101동,아름빌101동,,,TRADE_D2EB57F8A20B,unmatched,0.0,0.0,9,26170|망양로|940,26170|범일동|1486-3,standard,True,
26170,초량동,1064-1,초원,초원,,,TRADE_1D11AA7C9521,unmatched,0.0,33.333333333333336,10,26170|영초길|135-4,26170|초량동|1064-1,standard,True,
26170,수정동,441,수성,수성아파트(441-0),,,TRADE_3F96C98640B7,unmatched,0.0,14.28571428571429,3,26170|수정공원로|143,26170|수정동|441,standard,True,
26200,동삼동,219-146,대성베른시티1동,대성베른시티1동,,,TRADE_43E39E58F4EB,unmatched,0.0,22.22222222222222,23,26200|동삼로|105,26200|동삼동|219-146,standard,True,
26200,대교동2가,131,영일,영일,,,TRADE_7596076E18E2,unmatched,0.0,0.0,0,26200|태종로|92,26200|대교동2가|131,standard,True,
26200,남항동1가,1,정림위더스하임,정림위더스하임,,,TRADE_E61C0FF5C89A,unmatched,0.0,0.0,1,26200|남항서로|123,26200|남항동1가|1,standard,True,
26200,남항동1가,91-4,하나타운,하나타운,,,TRADE_B5C0391E7A0E,unmatched,0.0,0.0,1,26200|절영로|40,26200|남항동1가|91-4,standard,True,
26200,남항동3가,31,영도화랑,영도화랑,,,TRADE_BE093CC57826,unmatched,0.0,0.0,0,26200|남항남로19번길|29,26200|남항동3가|31,standard,True,
26200,동삼동,221-56,삼한경희,삼한경희,,,TRADE_25130DD12949,unmatched,0.0,33.333333333333336,23,26200|웃서발로|20,26200|동삼동|221-56,standard,True,
26200,동삼동,680-12,에덴금호,에덴금호,에덴금호타운,A60680705,A60680705,road_legal_address_exact,100.0,80.0,1,26200|태종로|702,26200|동삼동|680-12,standard,False,
26200,청학동,48,삼창,삼창,청학삼창아파트,A60681801,A60681801,road_legal_address_exact,100.0,66.66666666666667,1,26200|광암길|6,26200|청학동|48,standard,False,
26230,연지동,41-4,연지에코팰리스,연지에코팰리스,연지에코팰리스,A10024735,A10024735,road_legal_address_exact,100.0,100.0,1,26230|동평로|281,26230|연지동|41-4,standard,False,
26230,범천동,1278-2,한빛,한빛,,,TRADE_D8CEED69AEF7,unmatched,0.0,22.22222222222222,24,26230|신암로|51-2,26230|범천동|1278-2,standard,True,
26230,초읍동,505,우신그린피아,우신그린피아,초읍우신그린피아아파트,A61487402,A61487402,road_legal_address_exact,100.0,85.71428571428572,1,26230|성지로114번길|68,26230|초읍동|505,standard,False,
26230,개금동,2-1,한진,한진,개금한진,A61480901,A61480901,road_legal_address_exact,100.0,66.66666666666667,1,26230|백양대로208번길|88,26230|개금동|2-1,standard,False,
26230,범천동,839-18,동양크리스탈,동양크리스탈,,,TRADE_D79C540DB6FF,unmatched,0.0,30.76923076923077,24,26230|자유평화로37번길|13,26230|범천동|839-18,standard,True,
26230,범전동,263-5,서면,서면,,,TRADE_134FB1CD9285,unmatched,0.0,0.0,1,26230|범전로33번길|62-7,26230|범전동|263-5,standard,True,
26230,연지동,1-6,유림노르웨이숲,유림노르웨이숲,연지유림노르웨이숲아파트,A61485902,A61485902,road_legal_address_exact,100.0,87.5,1,26230|성지로62번길|8,26230|연지동|1-6,standard,False,
26230,전포동,693-2,몽뜨레,몽뜨레,몽뜨레,A10027805,A10027805,legal_address_exact,100.0,100.0,1,26230|전포대로189번길|30,26230|전포동|693-2,standard,False,
26230,가야동,666-4,진성,진성,,,TRADE_9C58CC5690C2,unmatched,0.0,0.0,12,26230|엄광로|102,26230|가야동|666-4,standard,True,
26230,범천동,974-16,가야누리애더센트리즈,가야누리애더센트리즈,가야누리애더센트리즈,A10024877,A10024877,road_legal_address_exact,100.0,100.0,1,26230|범천로|16,26230|범천동|974-16,standard,False,
26230,양정동,276-2,대성문퀸즈더블유,대성문퀸즈더블유,,,TRADE_A586C26BB11A,unmatched,0.0,26.66666666666667,13,26230|동평로405번길|69,26230|양정동|276-2,standard,True,
26230,양정동,350-3,양정삼성타워,양정삼성타워,양정삼성타워,A61485301,A61485301,road_legal_address_exact,100.0,100.0,1,26230|양지로5번길|60,26230|양정동|350-3,standard,False,
26230,연지동,72-4,덕인디오네빌,덕인디오네빌,,,TRADE_9760F8E6DA17,unmatched,0.0,19.999999999999996,14,26230|성지로|8,26230|연지동|72-4,standard,True,
26230,전포동,684-5,대성,대성,,,TRADE_0E2594AA1E5D,unmatched,0.0,22.22222222222222,23,26230|전포대로209번길|33,26230|전포동|684-5,standard,True,
26230,개금동,177-95,대정파크빌,대정파크빌,,,TRADE_8B2B743A8B28,unmatched,0.0,36.36363636363637,23,26230|복지로21번길|45,26230|개금동|177-95,standard,True,
26230,개금동,177-197,금오아트빌,금오아트빌,,,TRADE_494F14C4BC82,unmatched,0.0,40.0,23,26230|복지로21번길|32,26230|개금동|177-197,standard,True,
26230,초읍동,123-7,아남하이츠,아남하이츠,,,TRADE_FC339FBFA39B,unmatched,0.0,15.384615384615385,10,26230|초읍천로|57,26230|초읍동|123-7,standard,True,
26230,초읍동,676,포레나부산초읍,포레나부산초읍,포레나부산초읍,A10024953,A10024953,road_legal_address_exact,100.0,100.0,1,26230|초연로|6,26230|초읍동|676,standard,False,
26260,온천동,1203-1,선경시티빌,선경시티빌,,,TRADE_9FE1FA2E0C9B,unmatched,0.0,28.57142857142857,42,26260|아시아드대로219번길|66-21,26260|온천동|1203-1,standard,True,
26260,사직동,632-94,유원,유원,사직유원아파트,A60781502,A60781502,road_legal_address_exact,100.0,66.66666666666667,1,26260|쇠미로119번길|85,26260|사직동|632-94,standard,False,
26260,온천동,1240-3,센스빌,센스빌(1240-3),,,TRADE_46C6181817DC,unmatched,0.0,25.0,42,26260|석사북로95번길|55,26260|온천동|1240-3,standard,True,
26260,낙민동,236,삼주,삼주아파트,,,TRADE_1CE709B80896,unmatched,0.0,25.0,13,26260|충렬대로|271,26260|낙민동|236,standard,True,
26260,명장동,517-2,동남타워,동남타워,,,TRADE_1485CCB67EF0,unmatched,0.0,40.0,13,26260|시실로|156,26260|명장동|517-2,standard,True,
26260,온천동,186-57,홍림그린피아,홍림그린피아,,,TRADE_D983860881BF,unmatched,0.0,42.85714285714286,42,26260|차밭골로20번길|19,26260|온천동|186-57,standard,True,
26260,온천동,188-2,온천동한진스카이뷰,온천동한진스카이뷰,온천동한진스카이뷰,A10022061,A10022061,road_legal_address_exact,100.0,100.0,1,26260|금강로106번길|26,26260|온천동|188-2,standard,False,
26260,수안동,32-2,영화맨션,영화맨션,,,TRADE_CD5311EFB1CE,unmatched,0.0,0.0,11,26260|온천천로301번길|57-3,26260|수안동|32-2,standard,True,
26260,사직동,354-2,진성,진성,,,TRADE_2C250A34C95A,unmatched,0.0,0.0,19,26260|여고북로|40,26260|사직동|354-2,standard,True,
26260,온천동,265-4,황우그린빌라,황우그린빌라,,,TRADE_80A6FA363C33,unmatched,0.0,28.57142857142857,42,26260|우장춘로162번길|3,26260|온천동|265-4,standard,True,
26260,안락동,947-12,골드타워,골드타워,,,TRADE_0CC88B1CC36B,unmatched,0.0,19.999999999999996,15,26260|반송로240번길|5,26260|안락동|947-12,standard,True,
26260,온천동,1459-5,동영,동영,온천동영아파트,A60784302,A60784302,road_legal_address_exact,100.0,66.66666666666667,1,26260|충렬대로140번길|56,26260|온천동|1459-5,standard,False,
26260,온천동,1186-35,그린힐타운b동,그린힐타운B동,,,TRADE_CEDC5BEDBD18,unmatched,0.0,26.66666666666667,42,26260|쇠미로|189-5,26260|온천동|1186-35,standard,True,
26260,온천동,182-7,kh파인우스,KH파인우스,,,TRADE_A6F1A85C1316,unmatched,0.0,25.0,42,26260|온천장로|75,26260|온천동|182-7,standard,True,
26260,안락동,600-6,남흥,남흥,안락남흥아파트,A10022074,A10022074,road_legal_address_exact,100.0,66.66666666666667,1,26260|충렬대로428번가길|19,26260|안락동|600-6,standard,False,
26260,복천동,530-1,문성하이츠빌라,문성하이츠빌라,,,TRADE_E84E890C246C,unmatched,0.0,14.28571428571429,2,26260|복천로5번길|65,26260|복천동|530-1,standard,True,
26260,온천동,425-10,동보스카이힐,동보스카이힐,,,TRADE_09E52BBA4E9F,unmatched,0.0,58.82352941176471,42,26260|금강로62번길|10,26260|온천동|425-10,standard,True,
26260,복천동,282,웰스플러스,웰스플러스,,,TRADE_F53D98B94F32,unmatched,0.0,16.666666666666664,2,26260|동래로136번길|19,26260|복천동|282,standard,True,
26260,온천동,155-10,동래창덕더파크,동래창덕더파크,,,TRADE_4B4BE7C3447E,unmatched,0.0,50.0,42,26260|온천장로|110-1,26260|온천동|155-10,standard,True,
26260,온천동,186-56,초원시티빌,초원시티빌,,,TRADE_7262D9A4EB4E,unmatched,0.0,30.76923076923077,42,26260|차밭골로20번길|21,26260|온천동|186-56,standard,True,
26260,사직동,58-34,사직제이파크,사직제이파크,,,TRADE_04D8160FAFD9,unmatched,0.0,60.0,19,26260|아시아드대로176번길|25,26260|사직동|58-34,standard,True,
26260,명장동,585-37,새천년,새천년,,,TRADE_2FDCECCABBBE,unmatched,0.0,0.0,13,26260|충렬사로51번길|21,26260|명장동|585-37,standard,True,
26260,온천동,1266-17,부광캐슬,부광캐슬,,,TRADE_07B938E71F7C,unmatched,0.0,0.0,42,26260|사직북로28번길|126,26260|온천동|1266-17,standard,True,
26260,온천동,1423-18,원오피스텔,원오피스텔,,,TRADE_B44577B8F074,unmatched,0.0,19.999999999999996,42,26260|충렬대로92번길|12,26260|온천동|1423-18,standard,True,
26260,사직동,411-1,동원빌라,동원빌라,,,TRADE_BF7DB98DF489,unmatched,0.0,50.0,19,26260|아시아드대로170번길|14,26260|사직동|411-1,standard,True,
26290,문현동,248-2,대진,대진,,,TRADE_F21B82EB6D8B,unmatched,0.0,33.333333333333336,23,26290|수영로|40,26290|문현동|248-2,standard,True,
26290,대연동,571-2,금강,금강,,,TRADE_0B5B0E433C1D,unmatched,0.0,0.0,33,26290|유엔평화로47번길|135,26290|대연동|571-2,standard,True,
26290,대연동,873-8,승원빌라10차,승원빌라10차(873-8),,,TRADE_856B617E7EDC,unmatched,0.0,18.181818181818176,33,26290|유엔평화로29번길|62,26290|대연동|873-8,standard,True,
26290,감만동,245,삼화,삼화,,,TRADE_603DD5D5068C,unmatched,0.0,0.0,9,26290|양지골로55번길|13,26290|감만동|245,standard,True,
26290,용호동,251-14,동원,동원,,,TRADE_D46C1F3EB53F,unmatched,0.0,33.333333333333336,22,26290|동명로101번길|57-2,26290|용호동|251-14,standard,True,
26290,용호동,50-4,동산산호,동산산호,,,TRADE_B0E2855D85BB,unmatched,0.0,40.0,22,26290|용호로76번길|71,26290|용호동|50-4,standard,True,
26290,대연동,1509-4,남산타워2차,남산타워2차,,,TRADE_FD774613AC5C,unmatched,0.0,33.333333333333336,33,26290|진남로|60,26290|대연동|1509-4,standard,True,
26290,용호동,370-21,미가,미가,,,TRADE_30691AB43D11,unmatched,0.0,33.333333333333336,22,26290|동명로131번길|22,26290|용호동|370-21,standard,True,
26290,우암동,216,상경전원,상경전원,,,TRADE_56F5E2F9E8F0,unmatched,0.0,0.0,10,26290|장고개로|62,26290|우암동|216,standard,True,
26290,문현동,776-22,리버빌,리버빌,,,TRADE_C7005769B82C,unmatched,0.0,25.0,23,26290|자유평화로59번길|6,26290|문현동|776-22,standard,True,
26290,대연동,40-5,진송드림빌,진송드림빌,,,TRADE_BC445DD045B0,unmatched,0.0,18.181818181818176,33,26290|용소로7번길|54,26290|대연동|40-5,standard,True,
26290,용호동,494-55,푸르미르,푸르미르,,,TRADE_AB579D75D2A5,unmatched,0.0,25.0,22,26290|동명로146번길|60,26290|용호동|494-55,standard,True,
26290,용호동,296-7,동보파크맨션,동보파크맨션,,,TRADE_1071D0E5872A,unmatched,0.0,33.333333333333336,22,26290|동명로101번길|9,26290|용호동|296-7,standard,True,
26320,덕천동,382-1,부국3,부국3,,,TRADE_492CB4EF4D25,unmatched,0.0,33.333333333333336,16,26320|금곡대로8번길|64,26320|덕천동|382-1,standard,True,
26320,만덕동,759-11,덕화,덕화,,,TRADE_3470A19B4F26,unmatched,0.0,33.333333333333336,25,26320|만덕3로16번길|29,26320|만덕동|759-11,standard,True,
26320,구포동,1256-5,벽산그린필드2차,벽산그린필드2차,벽산그린필드1차아파트,A61680506,A61680506,dong_fuzzy,87.5,87.5,22,26320|시랑로94번길|97,26320|구포동|1256-5,standard,True,
26320,덕천동,539-7,성훈강변,성훈강변,,,TRADE_789FF437CD3B,unmatched,0.0,33.333333333333336,16,26320|금곡대로|97,26320|덕천동|539-7,standard,True,
26320,덕천동,409-1,동성,동성,,,TRADE_7015DBFBF5BC,unmatched,0.0,50.0,16,26320|만덕대로102번길|15,26320|덕천동|409-1,standard,True,
26320,구포동,430-30,부광맨션,부광맨션,,,TRADE_438A84462837,unmatched,0.0,0.0,22,26320|낙동대로1762번길|71,26320|구포동|430-30,standard,True,
26320,구포동,1060-140,용진힐타운,용진힐타운,,,TRADE_E8B7BEFD270C,unmatched,0.0,36.36363636363637,22,26320|가람로48번길|14,26320|구포동|1060-140,standard,True,
26350,중동,1499-10,삼안리젠시5,삼안리젠시5,,,TRADE_33B8664D23C4,unmatched,0.0,25.0,29,26350|달맞이길117번가길|107-4,26350|중동|1499-10,standard,True,
26350,우동,930-20,센텀마리나,센텀마리나,센텀마리나아파트,A61282301,A61282301,road_legal_address_exact,100.0,100.0,1,26350|해운대로469번가길|91,26350|우동|930-20,standard,False,
26350,재송동,1121-2,영광그린파크,영광그린파크(나),,,TRADE_E039B02189EF,unmatched,0.0,40.0,31,26350|재반로64번다길|24,26350|재송동|1121-2,standard,True,
26350,중동,1485-19,석공힐타운,석공힐타운,,,TRADE_1F67152B9877,unmatched,0.0,19.999999999999996,29,26350|달맞이길117번라길|34,26350|중동|1485-19,standard,True,
26350,중동,218-6,중동에코하임,중동에코하임,,,TRADE_E0CE18644605,unmatched,0.0,30.76923076923077,29,26350|좌동로63번길|17,26350|중동|218-6,standard,True,
26350,반송동,885,경동,경동,반송경동아파트,A10021328,A10021328,road_legal_address_exact,100.0,66.66666666666667,1,26350|신반송로|76,26350|반송동|885,standard,False,
26350,반송동,208-2,풍전,풍전,,,TRADE_9B83C3113099,unmatched,0.0,0.0,13,26350|신반송로|199,26350|반송동|208-2,standard,True,
26350,재송동,1094-4,센텀블루씨,센텀블루씨,,,TRADE_909EDC759425,unmatched,0.0,44.44444444444444,31,26350|해운대로|137,26350|재송동|1094-4,standard,True,
26350,반여동,1294-3,송남,송남,,,TRADE_F2B81CBAB54B,unmatched,0.0,0.0,31,26350|재반로211번길|36,26350|반여동|1294-3,standard,True,
26350,좌동,1314-2,화목데파트,화목데파트,,,TRADE_4692F283368B,unmatched,0.0,33.333333333333336,43,26350|세실로|64,26350|좌동|1314-2,standard,True,
26350,송정동,134-2,삼보로얄캐슬,삼보로얄캐슬,,,TRADE_FF91EDB8FF69,unmatched,0.0,13.33333333333333,5,26350|해운대로|1111,26350|송정동|134-2,standard,True,
26350,재송동,139-1,센텀안성타워,센텀안성타워,,,TRADE_14C0F3263F57,unmatched,0.0,66.66666666666667,31,26350|재반로30번길|135,26350|재송동|139-1,standard,True,
26350,반송동,93-1,광하주택a동,광하주택A동,광하1.2차아파트,A10021024,A10021024,road_legal_address_exact,100.0,36.36363636363637,1,26350|신반송로|194,26350|반송동|93-1,standard,False,
26350,중동,1480-5,그린힐1차,그린힐1차,,,TRADE_3BA8838C4B06,unmatched,0.0,28.57142857142857,29,26350|달맞이길|221,26350|중동|1480-5,standard,True,
26350,송정동,173-1,태림로즈빌a동,태림로즈빌A동,,,TRADE_AF4DBCB164DD,unmatched,0.0,12.5,5,26350|송정중앙로9번길|140,26350|송정동|173-1,standard,True,
26350,중동,1504-11,백세해운대빌라1차,백세해운대빌라1차,,,TRADE_C45D40DA69D1,unmatched,0.0,52.63157894736843,29,26350|달맞이길117번가길|55,26350|중동|1504-11,standard,True,
26380,당리동,351-5,오성,오성,,,TRADE_A60847F41D4D,unmatched,0.0,33.333333333333336,16,26380|승학로|141,26380|당리동|351-5,standard,True,
26380,괴정동,486-3,투윈빌리지,투윈빌리지,,,TRADE_55A7DEC1CEFC,unmatched,0.0,19.999999999999996,29,26380|괴정로|276,26380|괴정동|486-3,standard,True,
26380,괴정동,365-1,동주,동주,,,TRADE_6DE5BA8A93B0,unmatched,0.0,40.0,29,26380|사리로8번길|35,26380|괴정동|365-1,standard,True,
26380,하단동,522-24,선경아트빌,선경아트빌,,,TRADE_4A99D43A93F6,unmatched,0.0,18.181818181818176,12,26380|낙동남로1367번길|16,26380|하단동|522-24,standard,True,
26380,괴정동,342-3,현대신델라,현대신델라,현대신델라맨션,A10020434,A10020434,road_legal_address_exact,100.0,83.33333333333334,1,26380|낙동대로|106,26380|괴정동|342-3,standard,False,
26380,하단동,533-9,화천파크,화천파크,,,TRADE_03E1686A4797,unmatched,0.0,0.0,12,26380|승학로|7-5,26380|하단동|533-9,standard,True,
26380,괴정동,552-13,금상예림,금상예림,,,TRADE_D85F25C59224,unmatched,0.0,0.0,29,26380|장평로443번길|5,26380|괴정동|552-13,standard,True,
26380,당리동,326-1,청조,청조,,,TRADE_1F4ACC54B5BB,unmatched,0.0,0.0,16,26380|제석로18번길|48,26380|당리동|326-1,standard,True,
26380,괴정동,361-1,럭키,럭키,,,TRADE_F860B13E2AD5,unmatched,0.0,0.0,29,26380|사리로18번길|31,26380|괴정동|361-1,standard,True,
26380,괴정동,940,새보람더존빌,새보람더존빌,괴정새보람더존빌,A60408001,A60408001,road_address_exact,100.0,85.71428571428572,1,26380|낙동대로233번길|1,26380|괴정동|940,standard,False,
26380,괴정동,656-7,진흥,진흥,,,TRADE_325E9DE53355,unmatched,0.0,28.57142857142857,29,26380|장평로443번길|111,26380|괴정동|656-7,standard,True,
26380,괴정동,998,신화프라자,신화프라자,,,TRADE_0705D42EC809,unmatched,0.0,33.333333333333336,29,26380|낙동대로216번길|3,26380|괴정동|998,standard,True,
26380,괴정동,1063-132,신대우빌라트,신대우빌라트,,,TRADE_4ED508647121,unmatched,0.0,30.76923076923077,29,26380|승학로233번길|62,26380|괴정동|1063-132,standard,True,
26380,하단동,88-5,하단시티빌,하단시티빌(88-5),,,TRADE_643BEB569C8B,unmatched,0.0,44.44444444444444,12,26380|제석로|3,26380|하단동|88-5,standard,True,
26380,괴정동,900-1,화원레샹스,화원레샹스,,,TRADE_A7512BBD8DA5,unmatched,0.0,19.999999999999996,29,26380|낙동대로|246,26380|괴정동|900-1,standard,True,
26380,감천동,648,동일,동일,동일파크맨션,A10020525,A10020525,road_legal_address_exact,100.0,50.0,1,26380|감천로|53,26380|감천동|648,standard,False,
26380,하단동,251-1,남연,남연,,,TRADE_50C838B52108,unmatched,0.0,33.333333333333336,12,26380|괴정로|58,26380|하단동|251-1,standard,True,
26380,괴정동,458-53,소라,소라,,,TRADE_3B461A5E43E3,unmatched,0.0,22.22222222222222,29,26380|사하로166번길|20,26380|괴정동|458-53,standard,True,
26380,장림동,187-5,동해,동해,,,TRADE_8049C385987B,unmatched,0.0,25.0,26,26380|두송로|7,26380|장림동|187-5,standard,True,
26380,하단동,509-7,대호세화,대호세화,,,TRADE_F0028E519AE4,unmatched,0.0,19.999999999999996,12,26380|승학로3번길|64,26380|하단동|509-7,standard,True,
26380,당리동,339-2,정림,정림,,,TRADE_200CDE3E500B,unmatched,0.0,50.0,16,26380|낙동대로355번길|11,26380|당리동|339-2,standard,True,
26380,하단동,870-94,대청가람채,대청가람채,,,TRADE_FEDA3FE09651,unmatched,0.0,22.22222222222222,12,26380|하신중앙로313번길|68,26380|하단동|870-94,standard,True,
26380,괴정동,535-7,jpark,JPark,,,TRADE_F71FA6C540B7,unmatched,0.0,16.666666666666664,29,26380|괴정로246번길|6,26380|괴정동|535-7,standard,True,
26380,당리동,422-5,한마음,한마음,,,TRADE_F412B9206AA6,unmatched,0.0,0.0,16,26380|낙동대로356번길|10,26380|당리동|422-5,standard,True,
26410,부곡동,388-1,남성하이빌,남성하이빌,,,TRADE_8C56BECDE83B,unmatched,0.0,22.22222222222222,27,26410|오시게로|62,26410|부곡동|388-1,standard,True,
26410,부곡동,384-18,반도,반도,,,TRADE_A6A0BF04522B,unmatched,0.0,50.0,27,26410|서동로14번길|10,26410|부곡동|384-18,standard,True,
26410,구서동,194-11,삼산,삼산,,,TRADE_F9AC72B59BA6,unmatched,0.0,33.333333333333336,25,26410|중앙대로1901번길|20,26410|구서동|194-11,standard,True,
26410,장전동,613-14,용진마이스터,용진마이스터,,,TRADE_6EC20D58D2D6,unmatched,0.0,18.181818181818176,17,26410|식물원로39번길|15,26410|장전동|613-14,standard,True,
26410,부곡동,896-4,금정,금정,,,TRADE_FFC5ED31B9D9,unmatched,0.0,18.181818181818176,27,26410|오시게로|4,26410|부곡동|896-4,standard,True,
26410,금사동,561-1,삼한,삼한,삼한그린피아,A10020573,A10020573,road_legal_address_exact,100.0,50.0,1,26410|중군진로|21,26410|금사동|561-1,standard,False,
26410,남산동,112-2,남산천일로얄맨션,남산천일로얄맨션,,,TRADE_4CAFEFE7EA0F,unmatched,0.0,33.333333333333336,8,26410|중앙대로2035번길|40,26410|남산동|112-2,standard,True,
26410,부곡동,873-62,협성,협성,,,TRADE_FE4F9D604910,unmatched,0.0,0.0,27,26410|부곡로|21,26410|부곡동|873-62,standard,True,
26410,장전동,652-30,용진노블레스,용진노블레스,,,TRADE_1B727C23C8FA,unmatched,0.0,15.384615384615385,17,26410|온천장로|147,26410|장전동|652-30,standard,True,
26410,구서동,248-31,삼성파크,삼성파크,,,TRADE_9EB52BD2934B,unmatched,0.0,33.333333333333336,25,26410|중앙대로1873번길|48,26410|구서동|248-31,standard,True,
26410,장전동,651-31,드림아트온,드림아트온,,,TRADE_6DB191A57C13,unmatched,0.0,60.0,17,26410|식물원로9번길|26,26410|장전동|651-31,standard,True,
26410,부곡동,888-52,부곡협성,부곡협성,,,TRADE_BE7BC1F66D14,unmatched,0.0,50.0,27,26410|부곡로12번길|13-7,26410|부곡동|888-52,standard,True,
26470,연산동,1646-33,삼일,삼일아파트,,,TRADE_D1C5E7B79BDB,unmatched,0.0,33.333333333333336,65,26470|중앙천로73번길|13-20,26470|연산동|1646-33,standard,True,
26470,연산동,1293-11,해오름아트빌,해오름아트빌,,,TRADE_22F191EFF095,unmatched,0.0,26.66666666666667,65,26470|중앙대로1075번길|39,26470|연산동|1293-11,standard,True,
26470,연산동,1143-2,성우로하스캐슬,성우로하스캐슬,,,TRADE_FAC5A998B61D,unmatched,0.0,23.529411764705888,65,26470|거제천로154번길|41,26470|연산동|1143-2,standard,True,
26470,거제동,1088-1,노블파크,노블파크,,,TRADE_921B141EF70C,unmatched,0.0,16.666666666666664,41,26470|월드컵대로|258-18,26470|거제동|1088-1,standard,True,
26470,연산동,1359-7,월성,월성,,,TRADE_510C0ADF9295,unmatched,0.0,33.333333333333336,65,26470|중앙대로1043번길|11,26470|연산동|1359-7,standard,True,
26470,거제동,1515,일동미라주리버,일동미라주리버,거제동일동미라주리버,A61107002,A61107002,road_legal_address_exact,100.0,82.35294117647058,1,26470|세병로|74,26470|거제동|1515,standard,False,
26470,거제동,1513,온천천2차동원로얄듀크,온천천2차동원로얄듀크,온천천2차동원로얄듀크아파트,A10021577,A10021577,road_legal_address_exact,100.0,100.0,1,26470|거제천로269번길|41,26470|거제동|1513,standard,False,
26470,연산동,1261-19,해운빌라,해운빌라,,,TRADE_CB12FDB304AE,unmatched,0.0,22.22222222222222,65,26470|중앙천로70번길|19,26470|연산동|1261-19,standard,True,
26470,연산동,1405-3,동아베스트빌라,동아베스트빌라,,,TRADE_D0CA622757D1,unmatched,0.0,61.53846153846154,65,26470|거제천로124번길|35,26470|연산동|1405-3,standard,True,
26470,거제동,676-145,진흥목화,진흥목화,,,TRADE_C6C7D5A4085A,unmatched,0.0,33.333333333333336,41,26470|해맞이로43번길|19,26470|거제동|676-145,standard,True,
26470,연산동,399-5,세영,세영,,,TRADE_C219A4446E2F,unmatched,0.0,18.181818181818176,65,26470|안연로8번길|14,26470|연산동|399-5,standard,True,
26470,연산동,1293-16,대가하이츠,대가하이츠,,,TRADE_560FD8E58C0F,unmatched,0.0,40.0,65,26470|거제천로136번길|35,26470|연산동|1293-16,standard,True,
26470,연산동,704-9,더라임시티뷰,더라임시티뷰,,,TRADE_344023060318,unmatched,0.0,50.0,65,26470|중앙대로1066번길|10,26470|연산동|704-9,standard,True,
26470,연산동,418-5,태광맨션,태광맨션(418-5),,,TRADE_38F63D86C928,unmatched,0.0,40.0,65,26470|과정로|173,26470|연산동|418-5,standard,True,
26470,거제동,589-11,큐브빌,큐브빌,,,TRADE_47BD0B5A0732,unmatched,0.0,19.999999999999996,41,26470|거제시장로|36,26470|거제동|589-11,standard,True,
26470,연산동,1495-4,청우하이빌,청우하이빌,,,TRADE_AEECE52DF3C4,unmatched,0.0,60.0,65,26470|월드컵대로153번길|96,26470|연산동|1495-4,standard,True,
26470,거제동,1231-5,거제동서하이빌,거제동서하이빌,,,TRADE_C1F7579CA020,unmatched,0.0,57.14285714285714,41,26470|월드컵대로299번길|5,26470|거제동|1231-5,standard,True,
26470,연산동,408-24,명품블루파크,명품블루파크,,,TRADE_9740D1A7592A,unmatched,0.0,36.36363636363637,65,26470|과정로251번길|45,26470|연산동|408-24,standard,True,
26470,연산동,699-3,웰메이드홈,웰메이드홈,,,TRADE_4D262D5EEF1E,unmatched,0.0,22.22222222222222,65,26470|월드컵대로|64,26470|연산동|699-3,standard,True,
26500,광안동,377-14,성우센텀스카이뷰비,성우센텀스카이뷰비,,,TRADE_E5D0EFF025B6,unmatched,0.0,23.529411764705888,22,26500|수영로|535-6,26500|광안동|377-14,standard,True,
26500,광안동,735-1,협성엠파이어106동,협성엠파이어106동,광안협성엠파이어,A61380903,A61380903,road_legal_address_exact,100.0,66.66666666666667,1,26500|장대골로19번길|20,26500|광안동|735-1,standard,False,
26500,광안동,1274-1,산마루,산마루,,,TRADE_07D99918FE71,unmatched,0.0,0.0,22,26500|수영로507번길|57-9,26500|광안동|1274-1,standard,True,
26500,민락동,772,민락동신화하니엘그린시티공동주택,민락동신화하니엘그린시티공동주택,,,TRADE_58D8C93F876B,unmatched,0.0,8.695652173913048,13,26500|민락본동로|7,26500|민락동|772,standard,True,
26500,남천동,19-34,골든패밀리,골든패밀리,,,TRADE_A5E65E3E7428,unmatched,0.0,23.529411764705888,14,26500|남천동로10번길|28,26500|남천동|19-34,standard,True,
26500,광안동,1063-26,삼흥파크타운,삼흥파크타운,,,TRADE_2864DF9ADFC6,unmatched,0.0,28.57142857142857,22,26500|연수로404번길|46,26500|광안동|1063-26,standard,True,
26500,민락동,38-11,행복타운,행복타운,,,TRADE_4E60BD79DA5A,unmatched,0.0,18.181818181818176,13,26500|광남로223번길|8,26500|민락동|38-11,standard,True,
26500,광안동,199-3,가비펠리치,가비펠리치,,,TRADE_D45AFDC1AEB9,unmatched,0.0,44.44444444444444,22,26500|광남로|100,26500|광안동|199-3,standard,True,
26500,망미동,1168,수영skview2단지,수영SKVIEW2단지,수영sk뷰2차아파트,A10025468,A10025468,legal_address_exact,100.0,55.55555555555556,1,26500|망미배산로70번라길|8,26500|망미동|1168,standard,False,
26500,망미동,822-4,망미,망미,,,TRADE_1742FD24458A,unmatched,0.0,66.66666666666667,12,26500|연수로|286,26500|망미동|822-4,standard,True,
26500,남천동,51-20,대진,대진,,,TRADE_C4D5BF6B3123,unmatched,0.0,25.0,14,26500|황령산로7번길|22,26500|남천동|51-20,standard,True,
26500,광안동,733-3,세종월드,세종월드,,,TRADE_A53F5E91326A,unmatched,0.0,22.22222222222222,22,26500|장대골로39번길|11,26500|광안동|733-3,standard,True,
26500,광안동,179-8,광안하이,광안하이아파트,광안자이아파트,A10024695,A10024695,dong_fuzzy,75.0,75.0,22,26500|남천바다로9번길|58,26500|광안동|179-8,standard,True,
26500,광안동,194-5,개나리,개나리,,,TRADE_3C88D3F84E87,unmatched,0.0,22.22222222222222,22,26500|광남로|136,26500|광안동|194-5,standard,True,
26500,광안동,744-12,이린타워,이린타워,,,TRADE_627A92ECD4F3,unmatched,0.0,33.333333333333336,22,26500|수영로575번길|11,26500|광안동|744-12,standard,True,
26500,광안동,118-2,성우이린타워,성우이린타워,,,TRADE_0A8CCAB448ED,unmatched,0.0,28.57142857142857,22,26500|수영로618번길|4,26500|광안동|118-2,standard,True,
26500,광안동,1027-8,더클래스동진,더클래스동진,,,TRADE_677F2EF7F458,unmatched,0.0,19.999999999999996,22,26500|연수로|340,26500|광안동|1027-8,standard,True,
26530,덕포동,38,벽산하나로타운,벽산하나로타운,벽산하나로타운,A61704001,A61704001,road_legal_address_exact,100.0,100.0,1,26530|덕상로|26-14,26530|덕포동|38,standard,False,
26530,괘법동,541-3,올유레스틴뷰,올유레스틴뷰,,,TRADE_E48AC4675A11,unmatched,0.0,19.999999999999996,11,26530|사상로202번길|60,26530|괘법동|541-3,standard,True,
26530,괘법동,525-25,파밀리아괘법3차,파밀리아괘법3차,,,TRADE_8C1D0241BE75,unmatched,0.0,42.85714285714286,11,26530|사상로223번길|14,26530|괘법동|525-25,standard,True,
26530,모라동,656-3,부원맨션,부원맨션,,,TRADE_11F311E6E72B,unmatched,0.0,19.999999999999996,19,26530|사상로489번길|60,26530|모라동|656-3,standard,True,
26710,기장읍동부리,374-11,동산그린타워,동산그린타워,,,TRADE_AA5EDB58C832,unmatched,0.0,28.57142857142857,4,26710|차성동로122번길|30,26710|기장읍동부리|374-11,standard,True,
26710,일광읍삼성리,820,일광신도시비스타동원1차,일광신도시비스타동원1차,일광신도시비스타동원1차아파트,A10024919,A10024919,road_legal_address_exact,100.0,100.0,1,26710|해빛2로|24,26710|일광읍삼성리|820,standard,False,
26710,기장읍동부리,159-10,동보시티빌,동보시티빌,,,TRADE_BC6E6271DD6E,unmatched,0.0,18.181818181818176,4,26710|차성로322번길|39,26710|기장읍동부리|159-10,standard,True,
26710,기장읍대라리,89-2,동국에버리치,동국에버리치,,,TRADE_C2FD7F179506,unmatched,0.0,0.0,4,26710|차성동로50번길|5,26710|기장읍대라리|89-2,standard,True,
26710,기장읍대라리,418-22,금광타워,금광타워,,,TRADE_E9F355A85C8D,unmatched,0.0,19.999999999999996,4,26710|차성로|284-9,26710|기장읍대라리|418-22,standard,True,
26710,정관읍달산리,141-3,대우,대우아파트,,,TRADE_75EFE0D8C2A0,unmatched,0.0,0.0,5,26710|정관로|750-8,26710|정관읍달산리|141-3,standard,True,
26710,기장읍내리,776,동부산동원로얄듀크,동부산동원로얄듀크,동부산동원로얄듀크,A61990107,A61990107,road_legal_address_exact,100.0,100.0,1,26710|기장대로|67,26710|기장읍내리|776,standard,False,
26710,일광읍삼성리,713-1,선우,선우,,,TRADE_8491838D068E,unmatched,0.0,0.0,11,26710|일역길|75-38,26710|일광읍삼성리|713-1,standard,True,
26710,기장읍대라리,903,펠리스빌3,펠리스빌3,,,TRADE_E5EA906975CA,unmatched,0.0,40.0,4,26710|차성서로77번길|36-10,26710|기장읍대라리|903,standard,True,
48250,어방동,457-2,소라,소라아파트,,,TRADE_4A67C72E7C8B,unmatched,0.0,0.0,0,48250|활천로237번길|4,48250|어방동|457-2,strict_full_lot,True,
48250,진례면청천리,787-1,진례장원하이드파크,진례장원하이드파크,장원하이드파크,A10020680,A10020680,road_legal_address_exact,100.0,87.5,1,48250|진례로371번길|24,48250|진례면청천리|787-1,strict_full_lot,False,
48250,어방동,720-10,동신쉐르빌8차,동신쉐르빌8차,,,TRADE_46CF7E684610,unmatched,0.0,0.0,0,48250|활천로202번길|66,48250|어방동|720-10,strict_full_lot,True,
48250,삼정동,594-4,화창빌라,화창빌라,,,TRADE_1236DF5FCB5F,unmatched,0.0,0.0,0,48250|활천로36번길|22-37,48250|삼정동|594-4,strict_full_lot,True,
48250,어방동,355-5,화목궁전빌라,화목궁전빌라,,,TRADE_C35E2A99E3DE,unmatched,0.0,0.0,0,48250|활천로186번길|7,48250|어방동|355-5,strict_full_lot,True,
48250,봉황동,450-8,백조빌라,백조빌라(450-8),,,TRADE_205E23B19069,unmatched,0.0,0.0,0,48250|가야의길|112-12,48250|봉황동|450-8,strict_full_lot,True,
48250,삼정동,656-6,경성빌,경성빌,,,TRADE_5DE3DDBFEA79,unmatched,0.0,0.0,0,48250|인제로11번길|38,48250|삼정동|656-6,strict_full_lot,True,
48250,삼정동,75-5,럭키그린,럭키그린,,,TRADE_555915E4B9E9,unmatched,0.0,0.0,0,48250|활천로74번길|20,48250|삼정동|75-5,strict_full_lot,True,
48250,봉황동,18-4,회현,회현아파트,,,TRADE_ADAA56302A47,unmatched,0.0,0.0,0,48250|가락로7번길|43-1,48250|봉황동|18-4,strict_full_lot,True,
48250,삼정동,647-1,삼영빌라,삼영빌라,,,TRADE_F75B14A936CE,unmatched,0.0,0.0,0,48250|인제로25번길|48-25,48250|삼정동|647-1,strict_full_lot,True,
48250,진영읍여래리,431-2,대영,대영,,,TRADE_F06B5DD66CAA,unmatched,0.0,0.0,0,48250|진영로218번길|18,48250|진영읍여래리|431-2,strict_full_lot,True,
48250,삼정동,75-9,덕삼빌라,덕삼빌라(9차),,,TRADE_522C52FFB659,unmatched,0.0,0.0,0,48250|활천로68번길|21,48250|삼정동|75-9,strict_full_lot,True,
48250,부원동,69-5,화성,화성,,,TRADE_DDE9A9CE5338,unmatched,0.0,0.0,0,48250|호계로472번길|42,48250|부원동|69-5,strict_full_lot,True,
48250,서상동,333-9,범환맨션,범환맨션,,,TRADE_D0FE16150701,unmatched,0.0,0.0,0,48250|분성로302번길|7-1,48250|서상동|333-9,strict_full_lot,True,
48250,대성동,55-3,북부,북부아파트,,,TRADE_5D37C70A5B43,unmatched,0.0,0.0,0,48250|가락로|172-1,48250|대성동|55-3,strict_full_lot,True,
48250,삼정동,660-8,경화빌라,경화빌라,,,TRADE_A5C004AF748C,unmatched,0.0,0.0,0,48250|김해대로2505번길|9,48250|삼정동|660-8,strict_full_lot,True,
48250,대성동,411-6,부림,부림,,,TRADE_5F4492BC77B3,unmatched,0.0,0.0,0,48250|구지로124번길|26,48250|대성동|411-6,strict_full_lot,True,
48250,삼정동,650-13,신성빌라,신성빌라(9차),,,TRADE_D379D2AFCCB6,unmatched,0.0,0.0,0,48250|김해대로2511번길|36,48250|삼정동|650-13,strict_full_lot,True,
48250,어방동,485-1,더블리안,더블리안,,,TRADE_FCD5EA645863,unmatched,0.0,0.0,0,48250|활천로|233,48250|어방동|485-1,strict_full_lot,True,
48250,진영읍여래리,790-2,원창시인의마을,원창시인의마을,원창시인의마을,A62180603,A62180603,road_legal_address_exact,100.0,100.0,1,48250|하계로|415,48250|진영읍여래리|790-2,strict_full_lot,False,
48250,진례면초전리,558-2,진례동원,진례동원,진례동원,A62188401,A62188401,road_legal_address_exact,100.0,100.0,1,48250|송현로|56,48250|진례면초전리|558-2,strict_full_lot,False,
48330,상북면석계리,505,한영,한영,한영,A62685401,A62685401,road_legal_address_exact,100.0,100.0,1,48330|반회서1길|6,48330|상북면석계리|505,strict_full_lot,False,
48330,명동,994,석호가람휘,석호가람휘,석호가람휘아파트,A62625001,A62625001,road_legal_address_exact,100.0,100.0,1,48330|덕명로|320,48330|명동|994,strict_full_lot,False,
48330,다방동,498,새진흥,새진흥,,,TRADE_D85235F494FB,unmatched,0.0,0.0,0,48330|다방길|20,48330|다방동|498,strict_full_lot,True,
48330,물금읍물금리,496,삼전무지개,삼전무지개,삼전무지개,A62681201,A62681201,road_legal_address_exact,100.0,100.0,1,48330|원동로|59,48330|물금읍물금리|496,strict_full_lot,False,
48330,삼호동,986-1,대근파크2차,대근파크2차,,,TRADE_DF75FC0ADFE0,unmatched,0.0,0.0,0,48330|삼호4길|36,48330|삼호동|986-1,strict_full_lot,True,
48330,삼호동,654-1,대진칸트리타운3,대진칸트리타운3,대진컨트리3차,A62683601,A62683601,road_legal_address_exact,100.0,66.66666666666667,1,48330|삼호로|206,48330|삼호동|654-1,strict_full_lot,False,
48330,하북면용연리,437,진흥목화,진흥목화,진흥목화,A62686201,A62686201,road_legal_address_exact,100.0,100.0,1,48330|용연로|59,48330|하북면용연리|437,strict_full_lot,False,
48330,신기동,653,양산유탑유블레스하늘리에,양산유탑유블레스하늘리에,양산유탑유블레스하늘리에아파트,A10025326,A10025326,road_legal_address_exact,100.0,100.0,1,48330|명곡로|141,48330|신기동|653,strict_full_lot,False,
26110,대창동1가,54-43,선경뉴빌apt,선경뉴빌APT,,,TRADE_74C1C48FCE69,unmatched,0.0,0.0,1,26110|동광길|102,26110|대창동1가|54-43,standard,True,
26110,영주동,450-25,흥아거북,흥아거북,,,TRADE_3792A458DB7E,unmatched,0.0,19.999999999999996,5,26110|동영로31번길|11,26110|영주동|450-25,standard,True,
26110,대청동2가,19-2,그린시티,그린시티,,,TRADE_C8C0032D3A57,unmatched,0.0,0.0,0,26110|대청로|91-6,26110|대청동2가|19-2,standard,True,
26110,보수동3가,29-17,7차청탑그린빌라,7차청탑그린빌라,,,TRADE_247AB149A10E,unmatched,0.0,0.0,0,26110|흑교로71번길|18-1,26110|보수동3가|29-17,standard,True,
26110,신창동2가,22,신생,신생,,,TRADE_061E9CF329CF,unmatched,0.0,0.0,0,26110|광복로43번길|11,26110|신창동2가|22,standard,True,
26140,서대신동1가,143,에르모사,에르모사,,,TRADE_76829B2F7AA3,unmatched,0.0,19.999999999999996,1,26140|대영로38번길|18,26140|서대신동1가|143,standard,True,
26140,서대신동3가,288-4,부백웨스턴타워,부백웨스턴타워,,,TRADE_5B90697C233F,unmatched,0.0,26.66666666666667,8,26140|구덕로339번길|8,26140|서대신동3가|288-4,standard,True,
26140,동대신동1가,339-5,진흥목화,진흥목화,,,TRADE_BCF2FD52607E,unmatched,0.0,0.0,1,26140|흑교로|106,26140|동대신동1가|339-5,standard,True,
26140,서대신동3가,276,대신센츄럴타운,대신센츄럴타운,,,TRADE_6F2F4EA2DA55,unmatched,0.0,36.36363636363637,8,26140|구덕로345번길|19,26140|서대신동3가|276,standard,True,
26140,서대신동1가,50-6,유니온캐슬,유니온캐슬,,,TRADE_047A728E9893,unmatched,0.0,0.0,1,26140|부용로|15,26140|서대신동1가|50-6,standard,True,
26140,부민동1가,36-13,부민부백자연애,부민부백자연애,,,TRADE_84F5CAB44553,unmatched,0.0,0.0,0,26140|구덕로194번길|15,26140|부민동1가|36-13,standard,True,
26140,서대신동1가,50-3,미소드림,미소드림,,,TRADE_ED511AB5082C,unmatched,0.0,0.0,1,26140|구덕로|275-24,26140|서대신동1가|50-3,standard,True,
26140,남부민동,647-14,마린포시즌2차,마린포시즌2차,,,TRADE_8568841ED938,unmatched,0.0,30.76923076923077,6,26140|충무대로241번길|5-28,26140|남부민동|647-14,standard,True,
26140,서대신동2가,195,보현빌리지,보현빌리지,,,TRADE_AFC462E0A80E,unmatched,0.0,19.999999999999996,3,26140|대영로45번길|53,26140|서대신동2가|195,standard,True,
26140,서대신동3가,293-10,서대센츄럴타운,서대센츄럴타운,,,TRADE_1F1233C4F23D,unmatched,0.0,26.66666666666667,8,26140|구덕로|335-1,26140|서대신동3가|293-10,standard,True,
26170,초량동,1143-15,신우,신우,,,TRADE_03B1D7BF0470,unmatched,0.0,33.333333333333336,10,26170|고관로|70,26170|초량동|1143-15,standard,True,
26170,초량동,1053-15,지성하이츠빌라,지성하이츠빌라,,,TRADE_24608598D4BB,unmatched,0.0,13.33333333333333,10,26170|초량중로33번길|10,26170|초량동|1053-15,standard,True,
26170,초량동,588-17,썬리치,썬리치,,,TRADE_E551C4722B9C,unmatched,0.0,18.181818181818176,10,26170|초량중로|28,26170|초량동|588-17,standard,True,
26170,초량동,106-7,초량하이츠빌리지,초량하이츠빌리지,,,TRADE_81C34CDA0806,unmatched,0.0,33.333333333333336,10,26170|고관로13번길|36,26170|초량동|106-7,standard,True,
26170,초량동,1161-1,지원더뷰오션1차,지원더뷰오션1차,지원더뷰오션1차,A10025939,A10025939,legal_address_exact,100.0,100.0,1,26170|중앙대로286번길|7-1,26170|초량동|1161-1,standard,False,
26170,수정동,872-46,양지빌라,양지빌라,,,TRADE_BCF495EF737A,unmatched,0.0,0.0,3,26170|수정로|45,26170|수정동|872-46,standard,True,
26170,초량동,1043-8,늘푸른포스트빌,늘푸른포스트빌,,,TRADE_C549BD8F03B6,unmatched,0.0,23.529411764705888,10,26170|초량중로|49,26170|초량동|1043-8,standard,True,
26170,수정동,1175-1,수정,수정(1175-1),,,TRADE_4B3EA1127D62,unmatched,0.0,0.0,3,26170|망양로689번길|19,26170|수정동|1175-1,standard,True,
26200,봉래동2가,49,오션블루,오션블루,,,TRADE_AA0C739BACFA,unmatched,0.0,26.66666666666667,2,26200|대교로|19,26200|봉래동2가|49,standard,True,
26200,대교동2가,160-4,그린팰리스,그린팰리스,,,TRADE_C9B9202D5DF5,unmatched,0.0,0.0,0,26200|남항로25번길|46,26200|대교동2가|160-4,standard,True,
26200,남항동3가,34-1,남항무궁화맨션,남항무궁화맨션,,,TRADE_2DAF3863E20C,unmatched,0.0,0.0,0,26200|남항남로19번길|30,26200|남항동3가|34-1,standard,True,
26200,남항동1가,51-1,한울시너스,한울시너스,,,TRADE_032A43C9D297,unmatched,0.0,0.0,1,26200|남항로9번길|5,26200|남항동1가|51-1,standard,True,
26200,대평동1가,7,하나빌,하나빌,,,TRADE_EA82A4F5F59B,unmatched,0.0,0.0,1,26200|대평로20번길|23,26200|대평동1가|7,standard,True,
26200,봉래동5가,123-1,유정,유정,,,TRADE_8AAB1EB54F07,unmatched,0.0,0.0,0,26200|봉래길|147,26200|봉래동5가|123-1,standard,True,
26200,동삼동,363-47,삼창파크타운1동2동,삼창파크타운1동2동,,,TRADE_EA4938BBEFEB,unmatched,0.0,66.66666666666667,23,26200|절영로|553,26200|동삼동|363-47,standard,True,
26230,연지동,42-4,연지우성스마트시티뷰,연지우성스마트시티뷰,연지우성스마트시티뷰,A10020156,A10020156,road_legal_address_exact,100.0,100.0,1,26230|동평로|269,26230|연지동|42-4,standard,False,
26230,부전동,674-1,해오름2차,해오름2차,,,TRADE_62CA75D71CED,unmatched,0.0,22.22222222222222,7,26230|신천대로165번길|38,26230|부전동|674-1,standard,True,
26230,당감동,69-4,서면시즈빌,서면시즈빌,,,TRADE_B9FC5356E8B4,unmatched,0.0,44.44444444444444,17,26230|가야대로703번길|30,26230|당감동|69-4,standard,True,
26230,당감동,109-4,금호그랜드타운,금호그랜드타운,금호그랜드타운아파트,A10022080,A10022080,road_legal_address_exact,100.0,100.0,1,26230|가야대로|635-12,26230|당감동|109-4,standard,False,
26230,당감동,515-1,동원타워,동원타워,당감동원타워아파트,A61482201,A61482201,legal_address_exact,100.0,80.0,1,26230|동평로|18,26230|당감동|515-1,standard,False,
26230,범천동,1284-7,한일하나로,한일하나로,,,TRADE_A817029ACA5D,unmatched,0.0,19.999999999999996,24,26230|만리산로|46,26230|범천동|1284-7,standard,True,
26230,가야동,2,영림로즈빌,영림로즈빌,,,TRADE_9BDC14CEDFE0,unmatched,0.0,22.22222222222222,12,26230|가야대로673번길|9,26230|가야동|2,standard,True,
26230,전포동,317-40,일산,일산(317-40),,,TRADE_465A7A3B3FA2,unmatched,0.0,19.999999999999996,23,26230|진남로356번길|16,26230|전포동|317-40,standard,True,
26230,부전동,424-2,성원더프라임,성원더프라임아파트,,,TRADE_5365B9D8EE9D,unmatched,0.0,16.666666666666664,7,26230|부전로95번길|33,26230|부전동|424-2,standard,True,
26230,개금동,177-149,개금동아이리스5차애비뉴,개금동아이리스5차애비뉴,,,TRADE_8FC9CC3A4B5B,unmatched,0.0,44.44444444444444,23,26230|가야대로468번길|11,26230|개금동|177-149,standard,True,
26230,개금동,627-1,시영,시영(1~5동),개금시영아파트,A61477403,A61477403,road_legal_address_exact,100.0,66.66666666666667,1,26230|진사로61번길|29,26230|개금동|627-1,standard,False,
26230,가야동,657-50,동원,동원,,,TRADE_6F2D6D289F2F,unmatched,0.0,40.0,12,26230|엄광로|70,26230|가야동|657-50,standard,True,
26230,범천동,1298-97,린다비스타,린다비스타,,,TRADE_2F15CAA41D7D,unmatched,0.0,19.047619047619047,24,26230|신암로5번길|12,26230|범천동|1298-97,standard,True,
26230,당감동,767-1,삼성빌라,삼성빌라,,,TRADE_16760BA607E8,unmatched,0.0,25.0,17,26230|당감서로|110,26230|당감동|767-1,standard,True,
26230,초읍동,293-6,태림,태림아파트,,,TRADE_C0692AACBD50,unmatched,0.0,0.0,10,26230|초읍천로108번길|20,26230|초읍동|293-6,standard,True,
26230,개금동,177-77,현대드림타워,현대드림타워,,,TRADE_ACA2DDAA96D4,unmatched,0.0,40.0,23,26230|가야대로468번길|30,26230|개금동|177-77,standard,True,
26230,양정동,387-19,메리온시티,메리온시티,,,TRADE_262C40D8727F,unmatched,0.0,16.666666666666664,13,26230|거제대로|52,26230|양정동|387-19,standard,True,
26230,가야동,617-8,보광,보광(617-8),,,TRADE_D0E637AD00FA,unmatched,0.0,22.22222222222222,12,26230|냉정로|265,26230|가야동|617-8,standard,True,
26230,개금동,540-236,더블루,더블루,,,TRADE_9483DEA2B20B,unmatched,0.0,15.384615384615385,23,26230|엄광로|36-7,26230|개금동|540-236,standard,True,
26230,범천동,1067-39,서면그린빌,서면그린빌,,,TRADE_2DD30A3736F9,unmatched,0.0,54.54545454545454,24,26230|가야대로|708,26230|범천동|1067-39,standard,True,
26260,수안동,39-40,금광타워빌,금광타워빌,,,TRADE_0554E3177744,unmatched,0.0,25.0,11,26260|온천천로337번길|47,26260|수안동|39-40,standard,True,
26260,온천동,78-64,온천보현빌라,온천보현빌라,,,TRADE_DEC5856F7E9B,unmatched,0.0,47.05882352941176,42,26260|금강로145번길|48,26260|온천동|78-64,standard,True,
26260,사직동,75-5,신동아755,신동아(가)75-5,,,TRADE_5E3F8A2117CD,unmatched,0.0,22.22222222222222,19,26260|아시아드대로161번길|62,26260|사직동|75-5,standard,True,
26260,온천동,447-6,트레비앙,트레비앙,,,TRADE_77EEB6CE5D05,unmatched,0.0,40.0,42,26260|차밭골로21번길|10,26260|온천동|447-6,standard,True,
26260,온천동,190-10,해피타운,해피타운,,,TRADE_7B3EC0806A44,unmatched,0.0,30.76923076923077,42,26260|차밭골로24번길|23,26260|온천동|190-10,standard,True,
26260,온천동,1129-2,온천화신,온천화신아파트,온천화신아파트,A60783703,A60783703,road_legal_address_exact,100.0,100.0,1,26260|쇠미로235번길|9,26260|온천동|1129-2,standard,False,
26260,명장동,29-27,봉황맨션a,봉황맨션A,,,TRADE_D378F4D56B77,unmatched,0.0,36.36363636363637,13,26260|반송로247번길|26,26260|명장동|29-27,standard,True,
26260,명장동,29-102,봉황맨션bc,"봉황맨션B,C",,,TRADE_7DF057E39300,unmatched,0.0,33.333333333333336,13,26260|반송로247번길|26,26260|명장동|29-102,standard,True,
26260,명장동,29-101,봉황맨션d,봉황맨션D,,,TRADE_4C56F4AAC9D3,unmatched,0.0,36.36363636363637,13,26260|반송로247번길|26,26260|명장동|29-101,standard,True,
26260,사직동,50-15,오름파크,오름파크,,,TRADE_3F0C765DB317,unmatched,0.0,0.0,19,26260|석사로|21,26260|사직동|50-15,standard,True,
26260,명장동,624,e편한세상동래명장2단지,e편한세상동래명장2단지,e편한세상동래명장,A10025342,A10025342,road_address_exact,100.0,85.71428571428572,1,26260|명장로|65,26260|명장동|624,standard,False,
26260,수안동,334-4,청우빌리지,청우빌리지,,,TRADE_9863D382F087,unmatched,0.0,12.5,11,26260|충렬대로237번가길|60-4,26260|수안동|334-4,standard,True,
26260,사직동,115-7,리치빌,리치빌,,,TRADE_010BF464D2B6,unmatched,0.0,19.999999999999996,19,26260|아시아드대로114번길|43,26260|사직동|115-7,standard,True,
26260,수안동,39-36,장미3,장미3,,,TRADE_7D45A092CBBD,unmatched,0.0,57.14285714285714,11,26260|수안로|14,26260|수안동|39-36,standard,True,
26260,수안동,35-7,수안동신맨션,수안동신맨션,,,TRADE_85D9720DD35B,unmatched,0.0,42.85714285714286,11,26260|수안로|37,26260|수안동|35-7,standard,True,
26260,온천동,1378-3,더블루원3차,더블루원3차,,,TRADE_1077613A2E49,unmatched,0.0,25.0,42,26260|미남로|99,26260|온천동|1378-3,standard,True,
26260,수안동,7-9,삼부,삼부,,,TRADE_B66426B47576,unmatched,0.0,0.0,11,26260|충렬대로202번길|78,26260|수안동|7-9,standard,True,
26260,온천동,1410-1,홍림그린피아2차,홍림그린피아2차,,,TRADE_2FE1F6D5E5F0,unmatched,0.0,37.5,42,26260|아시아드대로220번길|14,26260|온천동|1410-1,standard,True,
26260,온천동,725-5,동해맨션,동해맨션,,,TRADE_0A3656601F26,unmatched,0.0,26.66666666666667,42,26260|충렬대로95번길|12,26260|온천동|725-5,standard,True,
26260,수안동,11-28,프랜즈원룸,프랜즈원룸,,,TRADE_2AFB163BBE0C,unmatched,0.0,0.0,11,26260|온천천로|255,26260|수안동|11-28,standard,True,
26260,수안동,7-4,부일산호맨션,부일산호맨션,,,TRADE_8D71BBAA42AC,unmatched,0.0,19.999999999999996,11,26260|명륜로75번길|57,26260|수안동|7-4,standard,True,
26260,온천동,338-5,일천그린빌,일천그린빌,,,TRADE_72ADA7627632,unmatched,0.0,46.15384615384615,42,26260|우장춘로|108,26260|온천동|338-5,standard,True,
26260,온천동,1448-1,명보,명보,,,TRADE_06C2EDF05138,unmatched,0.0,19.999999999999996,42,26260|충렬대로86번길|62,26260|온천동|1448-1,standard,True,
26260,온천동,444-73,금오에코팰리스,금오에코팰리스,,,TRADE_CD5A97EEFAD7,unmatched,0.0,30.76923076923077,42,26260|금강로74번길|23,26260|온천동|444-73,standard,True,
26260,사직동,112-7,금샘하이클래스,금샘하이클래스,,,TRADE_E40BFED61C90,unmatched,0.0,23.529411764705888,19,26260|아시아드대로114번길|1,26260|사직동|112-7,standard,True,
26260,사직동,631-1,유림하이츠2차,유림하이츠2차,,,TRADE_123D9F5D3D1E,unmatched,0.0,30.76923076923077,19,26260|쇠미로|97,26260|사직동|631-1,standard,True,
26290,문현동,15-5,정호베스트빌,정호베스트빌,,,TRADE_B7F75F3F1318,unmatched,0.0,33.333333333333336,23,26290|고동골로|113-11,26290|문현동|15-5,standard,True,
26290,대연동,561-16,신우맨션,신우맨션,,,TRADE_03382344A7C1,unmatched,0.0,25.0,33,26290|유엔평화로47번길|153-6,26290|대연동|561-16,standard,True,
26290,대연동,893-12,도남하이츠,도남하이츠,,,TRADE_A677B6FD8781,unmatched,0.0,22.22222222222222,33,26290|천제등로|59-17,26290|대연동|893-12,standard,True,
26290,대연동,1741-6,투윈빌리지,투윈빌리지,,,TRADE_2C7A760D5605,unmatched,0.0,18.181818181818176,33,26290|못골로|96,26290|대연동|1741-6,standard,True,
26290,대연동,1733-10,삼원그린,삼원그린(1733-10),,,TRADE_F3685EBECB50,unmatched,0.0,60.0,33,26290|유엔로157번나길|9,26290|대연동|1733-10,standard,True,
26290,감만동,176-28,정원,정원(176-28),,,TRADE_53DC109F6205,unmatched,0.0,0.0,9,26290|홍곡로57번길|20,26290|감만동|176-28,standard,True,
26290,대연동,255-9,장백,장백,,,TRADE_58F63433D9F4,unmatched,0.0,50.0,33,26290|황령대로319번길|110,26290|대연동|255-9,standard,True,
26290,용호동,148-2,삼성맨션,삼성맨션,,,TRADE_B677AF477873,unmatched,0.0,40.0,22,26290|용호로90번길|24,26290|용호동|148-2,standard,True,
26290,용당동,580-10,용당창조,용당창조,,,TRADE_A4C977959061,unmatched,0.0,50.0,4,26290|유엔평화로|136-1,26290|용당동|580-10,standard,True,
26290,대연동,1463-7,더샵월드타워,더샵월드타워,,,TRADE_DBED2AF880BB,unmatched,0.0,33.333333333333336,33,26290|진남로46번길|3,26290|대연동|1463-7,standard,True,
26290,용호동,산20-1,한라,한라,,,TRADE_1A3A11F3C880,unmatched,0.0,25.0,22,26290|이기대공원로26번길|21-7,26290|용호동|산20-1,standard,True,
26320,구포동,741-3,대진,대진,구포대진,A61609001,A61609001,road_address_exact,100.0,66.66666666666667,1,26320|백양대로1124번길|70,26320|구포동|741-3,standard,False,
26320,구포동,857-5,곡산주택,곡산주택,,,TRADE_58EFC3C2B5E0,unmatched,0.0,19.999999999999996,22,26320|모분재로149번길|35,26320|구포동|857-5,standard,True,
26320,구포동,1121-13,천양리버빌,천양리버빌,,,TRADE_4409F6B290D9,unmatched,0.0,28.57142857142857,22,26320|사상로|599-1,26320|구포동|1121-13,standard,True,
26350,우동,1549,해운대비스타동원,해운대비스타동원,해운대비스타동원,A10025214,A10025214,road_legal_address_exact,100.0,100.0,1,26350|해운대로|663,26350|우동|1549,standard,False,
26350,우동,1544,해운대동백두산위브더제니스,해운대동백두산위브더제니스,해운대동백두산위브더제니스,A10025763,A10025763,road_legal_address_exact,100.0,100.0,1,26350|해운대로|540,26350|우동|1544,standard,False,
26350,우동,1553,해운대센텀미진이지비아,해운대센텀미진이지비아아파트,해운대센텀 미진이지비아,A10024806,A10024806,road_legal_address_exact,100.0,100.0,1,26350|해운대로394번길|17,26350|우동|1553,standard,False,
26350,재송동,1121-28,센텀스카이a,센텀스카이A,,,TRADE_BE1C90282D6C,unmatched,0.0,71.42857142857143,31,26350|재반로84번길|62,26350|재송동|1121-28,standard,True,
26350,우동,266-7,서광골드타워,서광골드타워,,,TRADE_9C0554838108,unmatched,0.0,15.384615384615385,49,26350|우동3로11번길|36,26350|우동|266-7,standard,True,
26350,재송동,273-3,센텀재송빌,센텀재송빌,,,TRADE_57D9FE26163A,unmatched,0.0,60.0,31,26350|재반로63번길|17,26350|재송동|273-3,standard,True,
26350,송정동,190-2,세종스마트빌,세종스마트빌,,,TRADE_144488FC56B1,unmatched,0.0,13.33333333333333,5,26350|송정중앙로9번길|66,26350|송정동|190-2,standard,True,
26350,우동,1405-1,마린시티자이,마린시티자이,마린시티자이,A10025231,A10025231,road_legal_address_exact,100.0,100.0,1,26350|마린시티1로|9,26350|우동|1405-1,standard,False,
26350,중동,1150-7,백조,백조,,,TRADE_2A0FD6F21993,unmatched,0.0,0.0,29,26350|달맞이길|16-12,26350|중동|1150-7,standard,True,
26350,송정동,194-2,송정비체하임,송정비체하임,,,TRADE_DD31EA4C20AF,unmatched,0.0,30.76923076923077,5,26350|송정강변로|31,26350|송정동|194-2,standard,True,
26350,재송동,1071-8,센텀시티더블유,센텀시티더블유,,,TRADE_33D66F0796E2,unmatched,0.0,36.36363636363637,31,26350|해운대로123번길|5,26350|재송동|1071-8,standard,True,
26350,재송동,1144-2,신성레포츠빌리지,신성레포츠빌리지,,,TRADE_13DD81B8C495,unmatched,0.0,26.66666666666667,31,26350|재반로118번길|45,26350|재송동|1144-2,standard,True,
26350,우동,1529,해운대자이2단지,해운대자이2단지,해운대자이,A61202009,A61202009,road_address_exact,100.0,76.92307692307692,1,26350|해운대로|435,26350|우동|1529,standard,False,
26350,재송동,1360,센텀천일스카이원,센텀천일스카이원,센텀 천일스카이원,A10024903,A10024903,road_address_exact,100.0,100.0,1,26350|해운대로|265,26350|재송동|1360,standard,False,
26350,재송동,188,,(188-0),,,TRADE_6AED6951C5DF,unmatched,0.0,0.0,0,26350|해운대로89번길|13,26350|재송동|188,standard,True,
26350,중동,277,청목마리안,청목마리안,,,TRADE_679672994F1E,unmatched,0.0,18.181818181818176,29,26350|해운대로767번길|15,26350|중동|277,standard,True,
26380,하단동,88-4,하단시티빌,하단시티빌(88-4),,,TRADE_D9593139618F,unmatched,0.0,44.44444444444444,12,26380|제석로|3,26380|하단동|88-4,standard,True,
26380,괴정동,268-6,에코펠리스,에코펠리스,,,TRADE_3CAED835B617,unmatched,0.0,19.999999999999996,29,26380|사리로27번길|48,26380|괴정동|268-6,standard,True,
26380,괴정동,563-50,남양빌리지,남양빌리지,,,TRADE_E3EB72882B69,unmatched,0.0,25.0,29,26380|괴정로|210,26380|괴정동|563-50,standard,True,
26380,하단동,529-13,섬진1,섬진1,,,TRADE_8D87D1BD5E2E,unmatched,0.0,28.57142857142857,12,26380|승학로3번길|23,26380|하단동|529-13,standard,True,
26380,하단동,511-4,보해이브빌,보해이브빌,,,TRADE_BAFCA032FEC1,unmatched,0.0,0.0,12,26380|낙동대로|493,26380|하단동|511-4,standard,True,
26380,신평동,99-15,정우빌라,정우빌라,,,TRADE_519046900E76,unmatched,0.0,25.0,15,26380|다대로|112,26380|신평동|99-15,standard,True,
26380,괴정동,447-13,우림그린,우림그린,,,TRADE_7B42127C8682,unmatched,0.0,44.44444444444444,29,26380|사하로166번길|57,26380|괴정동|447-13,standard,True,
26380,괴정동,1283,괴정신동아파밀리에,괴정신동아파밀리에,괴정신동아파밀리에 아파트,A10024844,A10024844,road_legal_address_exact,100.0,100.0,1,26380|사하로142번길|38,26380|괴정동|1283,standard,False,
26380,장림동,333-2,지원시티파크,지원시티파크,장림지원시티파크,A10026369,A10026369,road_legal_address_exact,100.0,85.71428571428572,1,26380|장림번영로|50,26380|장림동|333-2,standard,False,
26380,장림동,60-42,장림현대,장림현대(60-42),장림현대그린아파트,A60484001,A60484001,road_legal_address_exact,100.0,80.0,1,26380|두송로|47,26380|장림동|60-42,standard,False,
26380,당리동,17,당리4차혜성,당리4차혜성,당리혜성아파트,A60472010,A60472010,legal_address_main,80.0,80.0,1,26380|제석로|126,26380|당리동|17,standard,True,
26380,괴정동,545-1,한성,한성,,,TRADE_7609D7334334,unmatched,0.0,33.333333333333336,29,26380|괴정로|234,26380|괴정동|545-1,standard,True,
26410,장전동,74-77,장전현대,장전현대,장전현대1차아파트,A60983601,A60983601,road_legal_address_exact,100.0,80.0,1,26410|수림로|107,26410|장전동|74-77,standard,False,
26410,구서동,84-2,구서건흥,구서건흥,,,TRADE_8987E2DCE9EB,unmatched,0.0,50.0,25,26410|금정로237번길|16,26410|구서동|84-2,standard,True,
26410,남산동,85-2,경원골든b동,경원골든B동,,,TRADE_613B861C2DA6,unmatched,0.0,36.36363636363637,8,26410|범어천로28번길|14,26410|남산동|85-2,standard,True,
26410,남산동,388-1,국제그린파크,국제그린파크,,,TRADE_387D84321E99,unmatched,0.0,16.666666666666664,8,26410|벅구산로|7,26410|남산동|388-1,standard,True,
26410,남산동,21-7,휴림아르페,휴림아르페(남산동21-7),,,TRADE_613FA6FD9CB8,unmatched,0.0,0.0,8,26410|팔송로7번길|7,26410|남산동|21-7,standard,True,
26410,남산동,989-8,나경유닉스빌라트,나경유닉스빌라트,,,TRADE_818F228F598B,unmatched,0.0,15.384615384615385,8,26410|남산로|57,26410|남산동|989-8,standard,True,
26410,청룡동,380-5,금정산경동메르빌,금정산경동메르빌아파트,금정산 경동 메르빌,A60984401,A60984401,road_legal_address_exact,100.0,100.0,1,26410|청룡예전로|100-12,26410|청룡동|380-5,standard,False,
26410,청룡동,28-12,세왕자이연,세왕자이연,,,TRADE_E87A15015D01,unmatched,0.0,15.384615384615385,4,26410|청룡예전로|6,26410|청룡동|28-12,standard,True,
26410,부곡동,396-2,온천리젠시타워,온천리젠시타워아파트,,,TRADE_84C8337F06E7,unmatched,0.0,61.53846153846154,27,26410|부곡로|28,26410|부곡동|396-2,standard,True,
26410,청룡동,45-7,골든팰리스더파크,골든팰리스-더파크,,,TRADE_121CE139FFB8,unmatched,0.0,12.5,4,26410|청룡로|38,26410|청룡동|45-7,standard,True,
26410,남산동,980-7,세화빌라,세화빌라,,,TRADE_7B580F815E13,unmatched,0.0,18.181818181818176,8,26410|금강로681번길|64,26410|남산동|980-7,standard,True,
26410,장전동,204-11,우소재,우소재,,,TRADE_EE5B6C1C0BF4,unmatched,0.0,25.0,17,26410|금정로161번길|14,26410|장전동|204-11,standard,True,
26410,청룡동,44-13,해뜰채,해뜰채,,,TRADE_F89441EC947E,unmatched,0.0,0.0,4,26410|청룡로|26,26410|청룡동|44-13,standard,True,
26410,부곡동,397-8,전원파크뷰,전원파크뷰,,,TRADE_1F80683FAEF4,unmatched,0.0,26.66666666666667,27,26410|부곡로|25-3,26410|부곡동|397-8,standard,True,
26410,구서동,1006-1,구서쌍용스윗닷홈,구서쌍용스윗닷홈,,,TRADE_C1D1F16B56E0,unmatched,0.0,47.05882352941176,25,26410|두실로|69,26410|구서동|1006-1,standard,True,
26410,남산동,959-2,아신빌라,아신빌라,,,TRADE_C58DD8971AE3,unmatched,0.0,18.181818181818176,8,26410|금샘로582번길|24,26410|남산동|959-2,standard,True,
26440,녹산동,262-1,유나베네스1차,유나베네스1차,,,TRADE_D880A4C67CCE,unmatched,0.0,0.0,0,26440|화전산업대로|272-9,26440|녹산동|262-1,standard,True,
26470,연산동,603-25,골든타워,골든타워,,,TRADE_4013F8EA6BBF,unmatched,0.0,40.0,65,26470|고분로13번길|5-12,26470|연산동|603-25,standard,True,
26470,연산동,1259-12,연산역휴그린,연산역휴그린,,,TRADE_563DCBEE4A65,unmatched,0.0,54.54545454545454,65,26470|거제천로152번길|34,26470|연산동|1259-12,standard,True,
26470,연산동,382-22,어반스퀘어,어반스퀘어,,,TRADE_44BC6DFB9E6D,unmatched,0.0,18.181818181818176,65,26470|안연로7번길|43,26470|연산동|382-22,standard,True,
26470,연산동,1873-70,국제,국제,,,TRADE_6878022C6CF7,unmatched,0.0,22.22222222222222,65,26470|연수로|184,26470|연산동|1873-70,standard,True,
26470,연산동,1135-127,동우,동우,,,TRADE_06A2E7D22520,unmatched,0.0,57.14285714285714,65,26470|쌍미천로84번길|86,26470|연산동|1135-127,standard,True,
26470,연산동,346-11,동원베네스트,동원베네스트,동원베네스트,A61181601,A61181601,road_legal_address_exact,100.0,100.0,1,26470|과정로294번길|10,26470|연산동|346-11,standard,False,
26470,연산동,1495-10,연산지음,연산지음,,,TRADE_7F8434C16427,unmatched,0.0,50.0,65,26470|신촌로|24-10,26470|연산동|1495-10,standard,True,
26470,연산동,1480-12,엔학미지앙,엔학미지앙,,,TRADE_7CCAEBB0853C,unmatched,0.0,22.22222222222222,65,26470|거제천로118번길|23,26470|연산동|1480-12,standard,True,
26470,연산동,1480-7,신진테마빌,신진테마빌,,,TRADE_E34DC3C76565,unmatched,0.0,19.999999999999996,65,26470|거제천로124번길|32,26470|연산동|1480-7,standard,True,
26470,연산동,305-40,창신,창신,,,TRADE_6922E60A5460,unmatched,0.0,0.0,65,26470|과정로348번길|28,26470|연산동|305-40,standard,True,
26500,남천동,556-7,남천우성스마트시티뷰,남천우성스마트시티뷰,남천 우성스마트시티뷰,A10024057,A10024057,road_legal_address_exact,100.0,100.0,1,26500|황령대로509번길|9,26500|남천동|556-7,standard,False,
26500,민락동,163-3,금토그랑프리빌,금토그랑프리빌,,,TRADE_AFE6070C92C2,unmatched,0.0,14.28571428571429,13,26500|광남로|222,26500|민락동|163-3,standard,True,
26500,망미동,208-6,복음,복음,,,TRADE_4DF08531FDFB,unmatched,0.0,0.0,12,26500|구락로|90,26500|망미동|208-6,standard,True,
26500,망미동,212-7,우성골든빌,우성골든빌,,,TRADE_61204228A141,unmatched,0.0,22.22222222222222,12,26500|수미로|61,26500|망미동|212-7,standard,True,
26500,광안동,177-6,태림,태림,,,TRADE_3C7B3C79D5FE,unmatched,0.0,19.999999999999996,22,26500|남천바다로21번길|79,26500|광안동|177-6,standard,True,
26500,광안동,93-3,광안화목,광안화목,,,TRADE_8098CF253695,unmatched,0.0,50.0,22,26500|무학로49번길|62,26500|광안동|93-3,standard,True,
26500,광안동,97-8,센텀빌리지,센텀빌리지,,,TRADE_B638A586D7F4,unmatched,0.0,18.181818181818176,22,26500|수영로660번길|19,26500|광안동|97-8,standard,True,
26500,남천동,19-10,남천시티빌,남천시티빌,,,TRADE_9993F334273A,unmatched,0.0,53.333333333333336,14,26500|남천동로10번길|38,26500|남천동|19-10,standard,True,
26500,광안동,1025-6,중경,중경,,,TRADE_EBB2AD9CCE3A,unmatched,0.0,25.0,22,26500|망미번영로38번길|17,26500|광안동|1025-6,standard,True,
26500,광안동,158-9,일호센텀누리,일호센텀누리,,,TRADE_AE24A8CA48AA,unmatched,0.0,16.666666666666664,22,26500|광남로|161,26500|광안동|158-9,standard,True,
26500,광안동,736-1,남강스위트홈,남강스위트홈,,,TRADE_61EA0E2B3911,unmatched,0.0,46.15384615384615,22,26500|장대골로19번길|4,26500|광안동|736-1,standard,True,
26500,민락동,783,e편한세상오션테라스3단지,e편한세상오션테라스3단지,e편한세상 오션테라스,A10025075,A10025075,dong_fuzzy,86.95652173913044,86.95652173913044,13,26500|광안해변로326번길|32,26500|민락동|783,standard,True,
26500,광안동,191-13,동산오차드힐,동산오차드힐,,,TRADE_F8E6B8A09758,unmatched,0.0,18.181818181818176,22,26500|광남로|144,26500|광안동|191-13,standard,True,
26500,망미동,795-11,백광월드타워,백광월드타워,,,TRADE_2C0C8C5FB67F,unmatched,0.0,0.0,12,26500|연수로336번길|48,26500|망미동|795-11,standard,True,
26500,민락동,34-11,민락동화맨션나동,민락동화맨션나동,,,TRADE_79A811418268,unmatched,0.0,13.33333333333333,13,26500|민락본동로11번길|54,26500|민락동|34-11,standard,True,
26500,광안동,1046-14,광안동하나그린힐,광안동하나그린힐,,,TRADE_3D1B0D7D470E,unmatched,0.0,58.82352941176471,22,26500|광서로|78,26500|광안동|1046-14,standard,True,
26500,광안동,181-7,금보맨션,금보맨션,,,TRADE_9DE88A60D605,unmatched,0.0,15.384615384615385,22,26500|남천바다로9번길|42-8,26500|광안동|181-7,standard,True,
26500,광안동,776-11,광안명진웰리치,광안명진웰리치,,,TRADE_6FCB69C9DD9E,unmatched,0.0,46.15384615384615,22,26500|수영로521번가길|14,26500|광안동|776-11,standard,True,
26500,광안동,733-1,이린타워빌7,이린타워빌7,,,TRADE_092D99F0F160,unmatched,0.0,28.57142857142857,22,26500|장대골로39번길|3,26500|광안동|733-1,standard,True,
26500,광안동,738-4,정원타워,정원타워Ⅰ,,,TRADE_513DD95EF750,unmatched,0.0,33.333333333333336,22,26500|장대골로|20-8,26500|광안동|738-4,standard,True,
26500,광안동,192-4,반달,반달,,,TRADE_2378949F7791,unmatched,0.0,0.0,22,26500|광안로62번길|17,26500|광안동|192-4,standard,True,
26500,광안동,168-3,여명비치,여명비치,,,TRADE_AEC70B5975FA,unmatched,0.0,50.0,22,26500|수영로|538,26500|광안동|168-3,standard,True,
26500,수영동,50-3,신익탑스빌,신익탑스빌,,,TRADE_ACAFE8E76016,unmatched,0.0,13.33333333333333,3,26500|연수로415번길|55,26500|수영동|50-3,standard,True,
26530,덕포동,416-7,비룡벨로스텔라,비룡벨로스텔라,사상덕포비룡벨로스텔라,A10020827,A10020827,road_legal_address_exact,100.0,77.77777777777779,1,26530|사상로|320,26530|덕포동|416-7,standard,False,
26530,괘법동,547-19,레스틴뷰,레스틴뷰(restynv),,,TRADE_AF3C8AB84591,unmatched,0.0,25.0,11,26530|광장로86번길|14,26530|괘법동|547-19,standard,True,
26530,주례동,54-3,주례일산맨션,주례일산맨션,주례맨션,A10021467,A10021467,dong_fuzzy,80.0,80.0,23,26530|가야대로388번길|5,26530|주례동|54-3,standard,True,
26530,괘법동,547-20,대성캐슬2,대성캐슬2,,,TRADE_F31CF1D9E1EA,unmatched,0.0,18.181818181818176,11,26530|광장로86번길|18,26530|괘법동|547-20,standard,True,
26530,모라동,421,학산그린타운,학산그린타운,학산그린타운,A61772809,A61772809,road_legal_address_exact,100.0,100.0,1,26530|모라로|136-20,26530|모라동|421,standard,False,
26530,주례동,1162-35,진영프라임제이,진영프라임제이,,,TRADE_FCF19637D809,unmatched,0.0,13.33333333333333,23,26530|가야대로282번길|58,26530|주례동|1162-35,standard,True,
26710,정관읍달산리,1244,두산위브더테라스,두산위브더테라스,정관두산위브더테라스,A10026255,A10026255,road_legal_address_exact,100.0,88.88888888888889,1,26710|산단6로|33-8,26710|정관읍달산리|1244,standard,False,
26710,일광읍삼성리,783,일광자이푸르지오1단지,일광자이푸르지오1단지,일광자이푸르지오1단지,A10024906,A10024906,legal_address_exact,100.0,100.0,1,26710|해빛로|39-1,26710|일광읍삼성리|783,standard,False,
26710,일광읍이천리,369-4,삼보맨션,삼보맨션,,,TRADE_7464F493EDA3,unmatched,0.0,0.0,3,26710|이천4길|16,26710|일광읍이천리|369-4,standard,True,
26710,일광읍이천리,767,부전비치,부전비치,,,TRADE_5015EC14BAB2,unmatched,0.0,19.999999999999996,3,26710|이화로|17,26710|일광읍이천리|767,standard,True,
26710,기장읍청강리,291-7,대동레미안센트럴시티,대동레미안센트럴시티,,,TRADE_3199A83FC3C3,unmatched,0.0,26.086956521739136,7,26710|기장대로|465-4,26710|기장읍청강리|291-7,standard,True,
26710,기장읍교리,361-1,전원그린맨션b동,전원그린맨션B동,,,TRADE_4B93E36F5D57,unmatched,0.0,50.0,7,26710|차성동로154번길|28,26710|기장읍교리|361-1,standard,True,
26710,기장읍청강리,226-1,삼보무궁화,삼보무궁화,,,TRADE_6FB962A3A95E,unmatched,0.0,0.0,7,26710|기장대로|460-14,26710|기장읍청강리|226-1,standard,True,
26710,일광읍삼성리,107-1,남평파크뷰,남평파크뷰,,,TRADE_B7210B7570CE,unmatched,0.0,15.384615384615385,11,26710|기장해안로|1333-31,26710|일광읍삼성리|107-1,standard,True,
26710,기장읍동부리,158-5,더포인트,더포인트,,,TRADE_036B1FDD2699,unmatched,0.0,18.181818181818176,4,26710|차성로326번길|23,26710|기장읍동부리|158-5,standard,True,
26710,기장읍동부리,159-1,동보빌라,동보빌라,,,TRADE_1383463CC29E,unmatched,0.0,19.999999999999996,4,26710|차성로326번길|14,26710|기장읍동부리|159-1,standard,True,
48250,흥동,5-3,두산리츠빌,두산리츠빌,,,TRADE_6207823BCCC3,unmatched,0.0,0.0,0,48250|흥동로171번길|32,48250|흥동|5-3,strict_full_lot,True,
48250,구산동,562,ak휴웰,AK휴웰아파트,,,TRADE_F2DFCEE26C35,unmatched,0.0,0.0,0,48250|가락로|346,48250|구산동|562,strict_full_lot,True,
48250,풍유동,36,청담,청담,,,TRADE_846B4B27C5F1,unmatched,0.0,0.0,0,48250|흥동로|23,48250|풍유동|36,strict_full_lot,True,
48250,부원동,630-1,부원가야,부원가야,,,TRADE_0C32DB25CF4B,unmatched,0.0,0.0,0,48250|활천로15번길|26-1,48250|부원동|630-1,strict_full_lot,True,
48250,삼정동,658-1,가야2차,가야2차아파트,,,TRADE_4AEDAD101C65,unmatched,0.0,0.0,0,48250|인제로11번길|48-23,48250|삼정동|658-1,strict_full_lot,True,
48250,동상동,716-1,동광,동광,,,TRADE_6FE34734AEF8,unmatched,0.0,0.0,0,48250|분성로376번길|3,48250|동상동|716-1,strict_full_lot,True,
48250,어방동,1114-8,우림아트빌라,우림아트빌라,,,TRADE_D8102E217F2A,unmatched,0.0,0.0,0,48250|김해대로2541번길|9,48250|어방동|1114-8,strict_full_lot,True,
48250,어방동,1058-9,에이케이,에이케이,,,TRADE_BB215FCA2708,unmatched,0.0,0.0,0,48250|활천로36번길|76-12,48250|어방동|1058-9,strict_full_lot,True,
48250,어방동,1105-6,ak2차,AK2차,,,TRADE_4C0AEFCADC6F,unmatched,0.0,0.0,0,48250|인제로39번길|6,48250|어방동|1105-6,strict_full_lot,True,
48250,부원동,859-16,남일빌라,남일빌라,,,TRADE_6652BFA649B4,unmatched,0.0,0.0,0,48250|분성로318번길|34-3,48250|부원동|859-16,strict_full_lot,True,
48250,어방동,1101-1,송학빌라,송학빌라,,,TRADE_EBBBD2871718,unmatched,0.0,0.0,0,48250|활천로36번길|76-22,48250|어방동|1101-1,strict_full_lot,True,
48250,삼정동,647-14,삼성빌라트,삼성빌라트,,,TRADE_2FE1C37E8D99,unmatched,0.0,0.0,0,48250|인제로25번길|54-26,48250|삼정동|647-14,strict_full_lot,True,
48250,어방동,1109-9,금림3차,금림3차,,,TRADE_498E390ABF41,unmatched,0.0,0.0,0,48250|인제로25번길|12,48250|어방동|1109-9,strict_full_lot,True,
48330,상북면석계리,236-6,광림그린파크,광림그린파크,,,TRADE_CF59EEDD9A01,unmatched,0.0,0.0,0,48330|삼계1길|9-3,48330|상북면석계리|236-6,strict_full_lot,True,
48330,하북면순지리,616-1,윤창홈타운,윤창홈타운,,,TRADE_B514AC507334,unmatched,0.0,0.0,0,48330|통도사로|47,48330|하북면순지리|616-1,strict_full_lot,True,
48330,북부동,462-33,해동,해동,,,TRADE_C4393910D66B,unmatched,0.0,0.0,0,48330|북안남1길|27,48330|북부동|462-33,strict_full_lot,True,
48330,물금읍범어리,476,양산경동메르빌,양산경동메르빌,경동메르빌아파트,A10023122,A10023122,road_legal_address_exact,100.0,83.33333333333334,1,48330|동중7길|24,48330|물금읍범어리|476,strict_full_lot,False,
48330,신기동,124-6,행복빌라,행복빌라,,,TRADE_032E4A92AD17,unmatched,0.0,0.0,0,48330|고향의봄10길|46,48330|신기동|124-6,strict_full_lot,True,
48330,상북면석계리,239-13,우신스포렉스프라자,우신스포렉스프라자,,,TRADE_BE93851A8245,unmatched,0.0,0.0,0,48330|반회서5길|16,48330|상북면석계리|239-13,strict_full_lot,True,
26110,신창동1가,4,용두산맨션,용두산맨션,,,TRADE_B5C0FE27273C,unmatched,0.0,0.0,0,26110|광복중앙로|27,26110|신창동1가|4,standard,True,
26140,서대신동1가,156-1,오션포레스타,오션포레스타,,,TRADE_16D05C9C2C7E,unmatched,0.0,16.666666666666664,1,26140|대영로|34-6,26140|서대신동1가|156-1,standard,True,
26140,토성동1가,5-1,수근에이스타운,수근에이스타운,,,TRADE_675099EBD204,unmatched,0.0,12.5,2,26140|보수대로|41-12,26140|토성동1가|5-1,standard,True,
26140,서대신동3가,544-2,송천,송천,,,TRADE_9DD46019E617,unmatched,0.0,0.0,8,26140|대신로|74,26140|서대신동3가|544-2,standard,True,
26140,서대신동1가,33-3,리치w도시형생활주택,리치W도시형생활주택,,,TRADE_78832EF81FD4,unmatched,0.0,0.0,1,26140|부용로|39-5,26140|서대신동1가|33-3,standard,True,
26140,충무동2가,36-3,대륙타워a,대륙타워A,,,TRADE_6AC8AB0105E4,unmatched,0.0,0.0,0,26140|천마로205번길|37-5,26140|충무동2가|36-3,standard,True,
26140,충무동1가,26-4,충무에코팰리스2차,충무에코팰리스2차,,,TRADE_329820340303,unmatched,0.0,0.0,0,26140|충무대로|277,26140|충무동1가|26-4,standard,True,
26140,아미동2가,126-5,성원맨션,성원맨션,,,TRADE_DD25344A1A1D,unmatched,0.0,0.0,1,26140|해돋이로269번길|12,26140|아미동2가|126-5,standard,True,
26140,남부민동,647-17,충무대로봄여름가을겨울,충무대로봄여름가을겨울,충무대로 봄여름가을겨울 아파트,A10024915,A10024915,road_legal_address_exact,100.0,100.0,1,26140|충무대로|229,26140|남부민동|647-17,standard,False,
26140,암남동,354-1,기산비치타운,기산비치타운,,,TRADE_C9F5D23B6A03,unmatched,0.0,66.66666666666667,14,26140|충무대로|8,26140|암남동|354-1,standard,True,
26140,서대신동2가,278-2,서대신엔스타,서대신엔스타(278-2),,,TRADE_3C5453073E2E,unmatched,0.0,28.57142857142857,3,26140|대영로6번길|6,26140|서대신동2가|278-2,standard,True,
26140,동대신동2가,139,신익빌라,신익빌라,,,TRADE_677F081CB9B1,unmatched,0.0,33.333333333333336,1,26140|대영로112번길|40,26140|동대신동2가|139,standard,True,
26140,암남동,334-10,송도혜성주상복합빌딩,송도혜성주상복합빌딩,,,TRADE_8382453A37E8,unmatched,0.0,40.0,14,26140|충무대로|24,26140|암남동|334-10,standard,True,
26170,수정동,101-6,센텀동원,센텀동원아파트,,,TRADE_0A8E452C2E08,unmatched,0.0,14.28571428571429,3,26170|고관로|86,26170|수정동|101-6,standard,True,
26200,영선동3가,18-2,영도궁전빌라,영도궁전빌라,,,TRADE_17FF11D71854,unmatched,0.0,0.0,0,26200|절영로93번길|8-3,26200|영선동3가|18-2,standard,True,
26200,대교동2가,135-7,로얄팰리스,로얄팰리스,,,TRADE_D8CECE0D675A,unmatched,0.0,0.0,0,26200|태종로|86,26200|대교동2가|135-7,standard,True,
26200,봉래동3가,62-1,봉래,봉래,,,TRADE_EEDB6AE2799C,unmatched,0.0,0.0,0,26200|영봉길|182,26200|봉래동3가|62-1,standard,True,
26200,동삼동,207-6,형제오션뷰,형제오션뷰,,,TRADE_246454B70F39,unmatched,0.0,30.76923076923077,23,26200|태종로|496,26200|동삼동|207-6,standard,True,
26200,대교동1가,1,원광브릿지타워,원광브릿지타워,,,TRADE_55EAF9304E1B,unmatched,0.0,0.0,1,26200|태종로|40,26200|대교동1가|1,standard,True,
26200,동삼동,363-38,삼창파크맨션1동,삼창파크맨션1동,,,TRADE_5EC0DDA501EE,unmatched,0.0,62.5,23,26200|절영로|555,26200|동삼동|363-38,standard,True,
26200,동삼동,265,경전,경전,경전아파트,A60680703,A60680703,road_legal_address_exact,100.0,100.0,1,26200|동삼동로|10,26200|동삼동|265,standard,False,
26230,초읍동,288-7,블루스카이빌,블루스카이빌(3차),,,TRADE_A4E028A253B5,unmatched,0.0,13.33333333333333,10,26230|새싹로266번길|7,26230|초읍동|288-7,standard,True,
26230,연지동,381,경동,경동,경동,A61486001,A61486001,road_legal_address_exact,100.0,100.0,1,26230|초연로21번길|102,26230|연지동|381,standard,False,
26230,전포동,327-84,대산,대산,,,TRADE_AFC132C74C16,unmatched,0.0,19.999999999999996,23,26230|진남로356번길|30,26230|전포동|327-84,standard,True,
26230,양정동,367-14,양정이즈카운티,양정이즈카운티,양정 이즈카운티,A10024747,A10024747,road_legal_address_exact,100.0,100.0,1,26230|양지로14번길|24,26230|양정동|367-14,standard,False,
26230,당감동,976,건오힐타워,건오힐타워,,,TRADE_4858FCC03A89,unmatched,0.0,36.36363636363637,17,26230|가야대로|711,26230|당감동|976,standard,True,
26230,전포동,554-2,대우리치빌,대우리치빌,,,TRADE_3C48EA82018F,unmatched,0.0,46.15384615384615,23,26230|전포대로306번길|10,26230|전포동|554-2,standard,True,
26230,연지동,172,일동대영,일동대영,,,TRADE_E76CB80D9FC5,unmatched,0.0,33.333333333333336,14,26230|동평로229번길|5,26230|연지동|172,standard,True,
26230,전포동,346-5,목연정m팰리스,목연정M팰리스,,,TRADE_DFEAAB2C3CF9,unmatched,0.0,15.384615384615385,23,26230|전포대로|186,26230|전포동|346-5,standard,True,
26230,개금동,171-66,대양에이스,대양에이스,,,TRADE_1488A5F9A125,unmatched,0.0,22.22222222222222,23,26230|냉정로|209,26230|개금동|171-66,standard,True,
26230,초읍동,360-1,삼환,삼환,성지곡삼환아파트,A61487303,A61487303,road_legal_address_exact,100.0,57.14285714285714,1,26230|성지곡로|67,26230|초읍동|360-1,standard,False,
26230,부전동,424-5,서면동화더파크,서면동화더파크,,,TRADE_41E4F45F02BC,unmatched,0.0,37.5,7,26230|가야대로747번길|11,26230|부전동|424-5,standard,True,
26230,전포동,207-7,서면팰리스,서면팰리스,,,TRADE_FF7BFC029F3F,unmatched,0.0,44.44444444444444,23,26230|서전로58번길|22,26230|전포동|207-7,standard,True,
26230,부전동,560-16,유원타워,유원타워,,,TRADE_818B682FAC53,unmatched,0.0,30.76923076923077,7,26230|신천대로165번길|13,26230|부전동|560-16,standard,True,
26230,부전동,42-1,코이노빌,코이노빌,,,TRADE_0B5449293D5B,unmatched,0.0,15.384615384615385,7,26230|부전로|191,26230|부전동|42-1,standard,True,
26230,부암동,98-8,문화,문화,,,TRADE_86879A43436D,unmatched,0.0,33.333333333333336,27,26230|시민공원로|38,26230|부암동|98-8,standard,True,
26230,전포동,591-1,한울트라움,한울트라움,,,TRADE_38CBD8B30721,unmatched,0.0,40.0,23,26230|전포대로275번길|13,26230|전포동|591-1,standard,True,
26230,연지동,38-12,남경,남경,,,TRADE_CE226C998B51,unmatched,0.0,50.0,14,26230|성지로14번길|44,26230|연지동|38-12,standard,True,
26230,당감동,651,파인트리,파인트리,,,TRADE_3AD7A7ACEA4C,unmatched,0.0,22.22222222222222,17,26230|백양순환로|37,26230|당감동|651,standard,True,
26230,초읍동,402-10,창신그린힐,창신그린힐,,,TRADE_2246E41AFF77,unmatched,0.0,46.15384615384615,10,26230|성지로114번길|59,26230|초읍동|402-10,standard,True,
26230,범천동,886-41,범일역이즈,범일역이즈,범일역이즈아파트,A10025131,A10025131,road_legal_address_exact,100.0,100.0,1,26230|범일로131번길|46,26230|범천동|886-41,standard,False,
26260,낙민동,294-22,아델리아,아델리아,,,TRADE_703A98C94B00,unmatched,0.0,16.666666666666664,13,26260|충렬대로238번가길|49-1,26260|낙민동|294-22,standard,True,
26260,수안동,38-9,승웅아트빌b동,승웅아트빌B동,,,TRADE_E05F6D5F29E7,unmatched,0.0,16.666666666666664,11,26260|온천천로319번나길|21,26260|수안동|38-9,standard,True,
26260,온천동,193-1,씨티포레,씨티포레,,,TRADE_7F7D8B020972,unmatched,0.0,33.333333333333336,42,26260|금강로106번길|14-1,26260|온천동|193-1,standard,True,
26260,온천동,192-6,은우아일레,은우아일레,,,TRADE_2519B858165C,unmatched,0.0,23.529411764705888,42,26260|금강로|100,26260|온천동|192-6,standard,True,
26260,안락동,603-13,안락지음,안락지음,,,TRADE_4C412682A997,unmatched,0.0,50.0,15,26260|충렬대로428번길|40,26260|안락동|603-13,standard,True,
26260,명장동,산62-8,개나리,개나리,,,TRADE_16A268E1C60C,unmatched,0.0,19.999999999999996,13,26260|옥봉로14번길|11,26260|명장동|산62-8,standard,True,
26260,온천동,1846,e편한세상동래아시아드,e편한세상동래아시아드,e편한세상 동래아시아드,A10024800,A10024800,road_address_exact,100.0,100.0,1,26260|아시아드대로|202,26260|온천동|1846,standard,False,
26260,안락동,466-19,덕경네오빌,덕경네오빌,,,TRADE_DAD7F2747FB5,unmatched,0.0,18.181818181818176,15,26260|안락로125번길|31,26260|안락동|466-19,standard,True,
26260,온천동,186-60,초원스마트빌,초원스마트빌,,,TRADE_ADDFD36757C1,unmatched,0.0,28.57142857142857,42,26260|차밭골로20번길|11,26260|온천동|186-60,standard,True,
26260,수안동,4-5,경보이리스힐,경보이리스힐,,,TRADE_77913943999E,unmatched,0.0,23.529411764705888,11,26260|명륜로|69,26260|수안동|4-5,standard,True,
26260,온천동,1186,동서산장,동서산장,,,TRADE_8B3747EB4D17,unmatched,0.0,25.0,42,26260|쇠미로|209-3,26260|온천동|1186,standard,True,
26260,명륜동,533-24,금림필2차,금림필2차,,,TRADE_09AB4B6642B2,unmatched,0.0,30.76923076923077,12,26260|온천천로|181,26260|명륜동|533-24,standard,True,
26260,낙민동,297-3,대신리치플러스,대신리치플러스,,,TRADE_6891CE77A612,unmatched,0.0,18.181818181818176,13,26260|충렬대로256번가길|22,26260|낙민동|297-3,standard,True,
26260,수안동,35-3,삼경맨션,삼경맨션,,,TRADE_FBC36BF0DD6D,unmatched,0.0,13.33333333333333,11,26260|수안로|39,26260|수안동|35-3,standard,True,
26260,사직동,98-6,삼정지성빌라,삼정지성빌라,,,TRADE_A9F1350AF8F3,unmatched,0.0,30.76923076923077,19,26260|아시아드대로133번길|20,26260|사직동|98-6,standard,True,
26260,안락동,470-2,도시안락,도시안락,,,TRADE_130CB72EE5E1,unmatched,0.0,50.0,15,26260|명안로26번길|122,26260|안락동|470-2,standard,True,
26260,사직동,149-55,고은타워,고은타워,,,TRADE_6507F6E99530,unmatched,0.0,0.0,19,26260|중앙대로1277번길|97,26260|사직동|149-55,standard,True,
26260,온천동,1428-5,청송,청송,,,TRADE_221F54E165CB,unmatched,0.0,0.0,42,26260|중앙대로1333번길|110,26260|온천동|1428-5,standard,True,
26260,온천동,1074-10,세종빌비동,세종빌비동,,,TRADE_6878DBF6975C,unmatched,0.0,25.0,42,26260|우장춘로|71,26260|온천동|1074-10,standard,True,
26290,용호동,497-2,동산그린맨션,동산그린맨션,,,TRADE_AB25077B19F0,unmatched,0.0,66.66666666666667,22,26290|용호로159번길|18,26290|용호동|497-2,standard,True,
26290,대연동,1482-2,대동레미안,대동레미안,,,TRADE_840532670F5C,unmatched,0.0,44.44444444444444,33,26290|못골번영로66번길|18,26290|대연동|1482-2,standard,True,
26290,대연동,884-10,태백1,태백-1,,,TRADE_7F3CF6EF514E,unmatched,0.0,22.22222222222222,33,26290|유엔평화로41번길|17,26290|대연동|884-10,standard,True,
26290,대연동,1738-14,뉴골든,뉴골든(1738-14),,,TRADE_5F0258751CC8,unmatched,0.0,0.0,33,26290|유엔평화로13번길|7,26290|대연동|1738-14,standard,True,
26290,감만동,44-2,하얏트,하얏트,,,TRADE_6FE0B65C8E9D,unmatched,0.0,19.999999999999996,9,26290|전선등로|31,26290|감만동|44-2,standard,True,
26290,대연동,1731-1,항도맨션,항도맨션,,,TRADE_21E8AE394CC5,unmatched,0.0,0.0,33,26290|유엔평화로9번길|42,26290|대연동|1731-1,standard,True,
26290,대연동,1800-12,디어하임a,디어하임A,,,TRADE_DAF12D14BC89,unmatched,0.0,36.36363636363637,33,26290|진남로96번가길|24,26290|대연동|1800-12,standard,True,
26290,대연동,876-13,명진프라임빌,명진프라임빌,,,TRADE_B60632468ADA,unmatched,0.0,16.666666666666664,33,26290|용소로64번길|134,26290|대연동|876-13,standard,True,
26290,문현동,408-18,문현동월가,문현동월가아파트,,,TRADE_68D6E7026711,unmatched,0.0,60.0,23,26290|수영로13번길|6-20,26290|문현동|408-18,standard,True,
26290,우암동,3-4,동림리라,동림리라,,,TRADE_5D8F881CEA96,unmatched,0.0,19.999999999999996,10,26290|유엔로75번길|5,26290|우암동|3-4,standard,True,
26290,대연동,1725-4,광이하이빌b동,광이하이빌B동,,,TRADE_67AD7F132E7B,unmatched,0.0,18.181818181818176,33,26290|유엔로157번나길|35,26290|대연동|1725-4,standard,True,
26320,덕천동,384-9,낙원타워,낙원타워,,,TRADE_A8A89A51FE67,unmatched,0.0,0.0,16,26320|덕천1길|85,26320|덕천동|384-9,standard,True,
26320,구포동,1246-5,동부제강사원,동부제강사원,,,TRADE_6E80DC675ADA,unmatched,0.0,26.66666666666667,22,26320|시랑로|184,26320|구포동|1246-5,standard,True,
26350,중동,1494-5,스카이파크1차,스카이파크1차,,,TRADE_6698FD4092CE,unmatched,0.0,23.529411764705888,29,26350|달맞이길117번라길|22,26350|중동|1494-5,standard,True,
26350,중동,1405-10,대림맨션,대림맨션,,,TRADE_7DD9E221B938,unmatched,0.0,28.57142857142857,29,26350|해운대해변로|302,26350|중동|1405-10,standard,True,
26350,중동,1487-4,신동양코스모,신동양코스모,,,TRADE_DFD1C42296D1,unmatched,0.0,23.529411764705888,29,26350|달맞이길117번나길|64,26350|중동|1487-4,standard,True,
26350,송정동,183-17,태림그린빌,태림그린빌,,,TRADE_D0D9602EF7FD,unmatched,0.0,14.28571428571429,5,26350|송정강변로|51,26350|송정동|183-17,standard,True,
26350,재송동,1057-14,참빛마을2,참빛마을2,,,TRADE_E830541EEBF8,unmatched,0.0,15.384615384615385,31,26350|재반로103번가길|23,26350|재송동|1057-14,standard,True,
26350,재송동,1059-1,센텀에코하임,센텀에코하임,,,TRADE_72ACF9DBBFB6,unmatched,0.0,54.54545454545454,31,26350|재반로|119-15,26350|재송동|1059-1,standard,True,
26350,반송동,638-5,동삼초원,동삼초원,,,TRADE_0BE13941D02E,unmatched,0.0,25.0,13,26350|운봉길|89,26350|반송동|638-5,standard,True,
26350,우동,506-1,신춘하나빌,신춘하나빌,,,TRADE_981DADC60BEC,unmatched,0.0,22.22222222222222,49,26350|우동1로20번길|3,26350|우동|506-1,standard,True,
26350,재송동,1162-1,혜성골든타운,혜성골든타운,,,TRADE_BB82C4E84963,unmatched,0.0,40.0,31,26350|재송2로|80,26350|재송동|1162-1,standard,True,
26380,괴정동,171-2,부영나동,부영아파트나동,,,TRADE_FA0E876D5DAA,unmatched,0.0,28.57142857142857,29,26380|낙동대로|96,26380|괴정동|171-2,standard,True,
26380,괴정동,484-4,괴정동그린시티,괴정동그린시티,,,TRADE_6664E8F35DFF,unmatched,0.0,50.0,29,26380|사하로|169,26380|괴정동|484-4,standard,True,
26380,괴정동,1076-8,은하,은하,,,TRADE_68780D421703,unmatched,0.0,28.57142857142857,29,26380|승학로161번길|30,26380|괴정동|1076-8,standard,True,
26380,괴정동,563-2,승경하이츠,승경하이츠,,,TRADE_0BBA42CA4C4C,unmatched,0.0,60.0,29,26380|괴정로|212,26380|괴정동|563-2,standard,True,
26380,당리동,327-17,아리랑빌,아리랑빌,,,TRADE_31F081F140E9,unmatched,0.0,25.0,16,26380|동매로|147,26380|당리동|327-17,standard,True,
26380,괴정동,1120-1,가람리버빌,가람리버빌,,,TRADE_8C382760734C,unmatched,0.0,30.76923076923077,29,26380|낙동대로|330,26380|괴정동|1120-1,standard,True,
26380,장림동,321-28,나산리버빌,나산리버빌,장림나산리버빌아파트,A10026102,A10026102,road_legal_address_exact,100.0,83.33333333333334,1,26380|장림번영로|53,26380|장림동|321-28,standard,False,
26380,괴정동,240-80,협진신태양,협진신태양(240-80),,,TRADE_1A50D119C87A,unmatched,0.0,50.0,29,26380|사리로55번길|11,26380|괴정동|240-80,standard,True,
26380,괴정동,552-10,더월드,더월드,,,TRADE_88F351FD1915,unmatched,0.0,22.22222222222222,29,26380|괴정로|213,26380|괴정동|552-10,standard,True,
26380,괴정동,922-3,한우5동,한우5동,,,TRADE_D79ADE0626DC,unmatched,0.0,28.57142857142857,29,26380|낙동대로234번길|19,26380|괴정동|922-3,standard,True,
26380,장림동,60-34,장림신도,장림신도,,,TRADE_D5B467050982,unmatched,0.0,66.66666666666667,26,26380|두송로|57,26380|장림동|60-34,standard,True,
26380,하단동,608-31,동방,동방,,,TRADE_291AB6D75ECA,unmatched,0.0,0.0,12,26380|동매로|59,26380|하단동|608-31,standard,True,
26380,하단동,595-40,하단센토빌,하단센토빌,,,TRADE_584BCD209D06,unmatched,0.0,44.44444444444444,12,26380|하신중앙로335번길|65,26380|하단동|595-40,standard,True,
26380,하단동,589-34,충우드림라이프,충우드림라이프,,,TRADE_E4B027E2ADB7,unmatched,0.0,0.0,12,26380|하신중앙로|337,26380|하단동|589-34,standard,True,
26380,괴정동,530-19,영신목화,영신목화,,,TRADE_A60CE506B059,unmatched,0.0,36.36363636363637,29,26380|사하로141번길|50,26380|괴정동|530-19,standard,True,
26380,구평동,293-7,구평,구평(293-7),,,TRADE_0EEE061AA15E,unmatched,0.0,66.66666666666667,6,26380|감천항로190번안길|9,26380|구평동|293-7,standard,True,
26380,하단동,888-11,티파니빌라트,티파니빌라트,,,TRADE_CD658B1C21CD,unmatched,0.0,11.764705882352944,12,26380|하신번영로|294,26380|하단동|888-11,standard,True,
26380,하단동,529-14,한울엠비시어스,한울엠비시어스,,,TRADE_86D9B1ABF534,unmatched,0.0,18.181818181818176,12,26380|승학로3번길|25,26380|하단동|529-14,standard,True,
26410,서동,203-2,lks노빌리티,LKS노빌리티,,,TRADE_253C688F97AC,unmatched,0.0,15.384615384615385,4,26410|서곡로|3,26410|서동|203-2,standard,True,
26410,청룡동,45-8,태림아르페,태림아르페,,,TRADE_D75C48617108,unmatched,0.0,15.384615384615385,4,26410|청룡로|34,26410|청룡동|45-8,standard,True,
26410,서동,119-1,신동아,신동아,,,TRADE_456752E83FF5,unmatched,0.0,28.57142857142857,4,26410|개좌로27번길|27,26410|서동|119-1,standard,True,
26410,청룡동,33-4,동산오챠드힐,동산오챠드힐,,,TRADE_CB4BD0840A17,unmatched,0.0,19.999999999999996,4,26410|청룡예전로|17,26410|청룡동|33-4,standard,True,
26410,구서동,184-9,꿈꾸는가,꿈꾸는가,,,TRADE_4BE8A9ECD5BD,unmatched,0.0,15.384615384615385,25,26410|두실로7번길|111,26410|구서동|184-9,standard,True,
26410,남산동,84-4,해성비발디,해성비발디,,,TRADE_1C8FDCC32E58,unmatched,0.0,22.22222222222222,8,26410|범어천로38번길|14,26410|남산동|84-4,standard,True,
26410,부곡동,225-7,삼백크라시앙,삼백크라시앙,,,TRADE_8B213CCA2662,unmatched,0.0,19.999999999999996,27,26410|중앙대로1719번길|13,26410|부곡동|225-7,standard,True,
26410,구서동,177-9,석탑그레이스빌,석탑그레이스빌,,,TRADE_0D2DF199FD5E,unmatched,0.0,15.384615384615385,25,26410|중앙대로|1938,26410|구서동|177-9,standard,True,
26410,부곡동,387-3,태안에버빌,태안에버빌,,,TRADE_C62E89EDE4D8,unmatched,0.0,15.384615384615385,27,26410|오시게로54번길|27,26410|부곡동|387-3,standard,True,
26410,남산동,116-24,세진,세진,,,TRADE_432C66B7A507,unmatched,0.0,14.28571428571429,8,26410|학산로21번길|11,26410|남산동|116-24,standard,True,
26410,부곡동,895-17,sg이너스,SG이너스Ⅱ,,,TRADE_6692C7409E60,unmatched,0.0,22.22222222222222,27,26410|시실로|9-1,26410|부곡동|895-17,standard,True,
26410,청룡동,128,금정산롯데인벤스84,금정산롯데인벤스84,,,TRADE_626B7748CC33,unmatched,0.0,33.333333333333336,4,26410|놀이마당로|26,26410|청룡동|128,standard,True,
26410,남산동,48-1,지성캐슬,지성캐슬,,,TRADE_85C7F0C751B1,unmatched,0.0,25.0,8,26410|중앙대로|2089-11,26410|남산동|48-1,standard,True,
26410,남산동,975-33,삼성사원,삼성사원,,,TRADE_71A87DFC80F1,unmatched,0.0,50.0,8,26410|팔송로39번길|46,26410|남산동|975-33,standard,True,
26410,남산동,45-2,우석쉐르빌,우석쉐르빌,,,TRADE_2E12C1ABCD17,unmatched,0.0,16.666666666666664,8,26410|범어천로46번길|12,26410|남산동|45-2,standard,True,
26410,구서동,175-2,구서동피닉스빌,구서동피닉스빌,,,TRADE_A557E784933F,unmatched,0.0,54.54545454545454,25,26410|중앙대로1945번길|11,26410|구서동|175-2,standard,True,
26410,구서동,201-7,진흥목화,진흥목화,,,TRADE_FAF65060E522,unmatched,0.0,0.0,25,26410|중앙대로1901번길|19,26410|구서동|201-7,standard,True,
26410,장전동,541-6,금정맨션,금정맨션,,,TRADE_9D8E34C5027D,unmatched,0.0,50.0,17,26410|식물원로44번길|7,26410|장전동|541-6,standard,True,
26410,부곡동,292-5,수정골든빌,수정골든빌,,,TRADE_1BFB5772D24C,unmatched,0.0,25.0,27,26410|동부곡로5번길|14,26410|부곡동|292-5,standard,True,
26410,장전동,511-4,금강캐슬,금강캐슬(511-4),,,TRADE_297ADB0AE1CC,unmatched,0.0,25.0,17,26410|식물원로|85,26410|장전동|511-4,standard,True,
26470,연산동,578-15,로얄,로얄,,,TRADE_D2B572C94FF3,unmatched,0.0,18.181818181818176,65,26470|중앙대로|1158,26470|연산동|578-15,standard,True,
26470,연산동,325-7,연산맨션,연산맨션(325-7),,,TRADE_616E9E0C9F66,unmatched,0.0,66.66666666666667,65,26470|쌍미천로162번길|20,26470|연산동|325-7,standard,True,
26470,연산동,579-9,산호,산호,,,TRADE_C894DFFD7E2C,unmatched,0.0,33.333333333333336,65,26470|중앙대로1150번길|49,26470|연산동|579-9,standard,True,
26470,연산동,2367,연산롯데캐슬골드포레,연산롯데캐슬골드포레,연산롯데캐슬골드포레,A10024627,A10024627,road_legal_address_exact,100.0,100.0,1,26470|황령산로|615,26470|연산동|2367,standard,False,
26470,거제동,1472,거제동3차동원로얄듀크,거제동3차동원로얄듀크,,,TRADE_D8CC1AAC27BA,unmatched,0.0,63.63636363636363,41,26470|법원북로41번길|5,26470|거제동|1472,standard,True,
26470,연산동,1230-22,연산스카이힐,연산스카이힐,,,TRADE_97C597A5D04C,unmatched,0.0,60.0,65,26470|대리로5번길|41,26470|연산동|1230-22,standard,True,
26500,광안동,1046-4,상아아트빌라,상아아트빌라(101동),상아아파트,A61381101,A61381101,road_address_exact,100.0,50.0,1,26500|광서로|54,26500|광안동|1046-4,standard,False,
26500,광안동,149-9,섬강스위트빌,섬강스위트빌,,,TRADE_AF2CCDA509C4,unmatched,0.0,46.15384615384615,22,26500|수영로582번길|60,26500|광안동|149-9,standard,True,
26500,광안동,99-28,다인빌,다인빌(99-28),,,TRADE_35503A913F24,unmatched,0.0,25.0,22,26500|수영로642번길|7,26500|광안동|99-28,standard,True,
26500,광안동,751-30,강산해오름,강산해오름,,,TRADE_245DB52286E4,unmatched,0.0,14.28571428571429,22,26500|장대골로7번길|42,26500|광안동|751-30,standard,True,
26500,광안동,116-5,동트레,동트레,,,TRADE_CD00CFA4C3D9,unmatched,0.0,40.0,22,26500|무학로9번길|15,26500|광안동|116-5,standard,True,
26500,남천동,46-5,화남밴빌라,화남밴빌라,,,TRADE_FE76CDDCCE50,unmatched,0.0,36.36363636363637,14,26500|황령산로8번길|29,26500|남천동|46-5,standard,True,
26500,망미동,202-5,경동리브,경동리브,,,TRADE_ADC01342D7ED,unmatched,0.0,28.57142857142857,12,26500|좌수영로|155-11,26500|망미동|202-5,standard,True,
26500,광안동,776-21,동원맨션,동원맨션(776-21),,,TRADE_10C44348A576,unmatched,0.0,33.333333333333336,22,26500|수영로521번길|10,26500|광안동|776-21,standard,True,
26500,광안동,1077-16,pops아트빌38,POPS아트빌38,,,TRADE_5E23AD777219,unmatched,0.0,18.181818181818176,22,26500|광서로10번길|38,26500|광안동|1077-16,standard,True,
26500,망미동,970,그린빌,그린빌,,,TRADE_B28CC8DCBAA3,unmatched,0.0,22.22222222222222,12,26500|연수로252번길|28,26500|망미동|970,standard,True,
26500,민락동,782,e편한세상오션테라스4단지,e편한세상오션테라스4단지,e편한세상 오션테라스,A10025075,A10025075,dong_fuzzy,86.95652173913044,86.95652173913044,13,26500|광안해변로326번길|31,26500|민락동|782,standard,True,
26500,광안동,142-12,세종엠스테이3차,세종엠스테이3차,,,TRADE_4AF76F997538,unmatched,0.0,33.333333333333336,22,26500|광안로7번길|17,26500|광안동|142-12,standard,True,
26500,민락동,542,극동,극동아파트,,,TRADE_C8AC209252A7,unmatched,0.0,22.22222222222222,13,26500|무학로69번길|80,26500|민락동|542,standard,True,
26500,광안동,98-8,광안시티빌,광안시티빌,,,TRADE_5208E52F57EB,unmatched,0.0,46.15384615384615,22,26500|무학로9번길|55,26500|광안동|98-8,standard,True,
26500,민락동,36-3,이진빌라,이진빌라,,,TRADE_EF65EFD08190,unmatched,0.0,25.0,13,26500|민락로6번길|49,26500|민락동|36-3,standard,True,
26500,광안동,736-15,정원골드,정원골드,,,TRADE_2D989699EA21,unmatched,0.0,33.333333333333336,22,26500|수영로587번길|46,26500|광안동|736-15,standard,True,
26500,광안동,167-57,세진비치빌라,세진비치빌라,,,TRADE_9D1A53D0CA95,unmatched,0.0,40.0,22,26500|수영로540번길|21,26500|광안동|167-57,standard,True,
26500,민락동,159-2,진흥목화,진흥목화,,,TRADE_377BF55FD0E5,unmatched,0.0,25.0,13,26500|감포로8번길|39,26500|민락동|159-2,standard,True,
26500,광안동,565-12,희망파크빌,희망파크빌,,,TRADE_DC822EFAC927,unmatched,0.0,19.999999999999996,22,26500|수영로595번길|22-4,26500|광안동|565-12,standard,True,
26500,민락동,129-3,카라디움,카라디움,,,TRADE_A6F56E6ADC6C,unmatched,0.0,18.181818181818176,13,26500|감포로|100,26500|민락동|129-3,standard,True,
26530,주례동,57-17,팍스타운,팍스타운,,,TRADE_411242F652DF,unmatched,0.0,33.333333333333336,23,26530|가야대로378번길|1,26530|주례동|57-17,standard,True,
26530,모라동,991,모라리버빌,모라리버빌,모라리버빌아파트,A61772810,A61772810,road_legal_address_exact,100.0,100.0,1,26530|사상로|512,26530|모라동|991,standard,False,
26710,기장읍동부리,158-3,서린에코빌,서린에코빌아파트,,,TRADE_8986B5152758,unmatched,0.0,30.76923076923077,4,26710|차성로326번길|19,26710|기장읍동부리|158-3,standard,True,
26710,기장읍청강리,114-1,비룡벨로스텔라,비룡벨로스텔라,,,TRADE_F90EEC1D931E,unmatched,0.0,16.666666666666664,7,26710|기장대로|482-5,26710|기장읍청강리|114-1,standard,True,
26710,일광읍삼성리,792,일광한신더휴센트럴포레2단지,일광한신더휴센트럴포레2단지,일광한신더휴센트럴포레,A10023912,A10023912,road_legal_address_exact,100.0,88.0,1,26710|해빛3로|62,26710|일광읍삼성리|792,standard,False,
48250,흥동,410-3,두산함박빌라트1,두산함박빌라트1,,,TRADE_4A413A55FDFF,unmatched,0.0,0.0,0,48250|전하로147번길|6-16,48250|흥동|410-3,strict_full_lot,True,
48250,어방동,352-1,극동빌라,극동빌라,,,TRADE_FDA06F3D49AA,unmatched,0.0,0.0,0,48250|활천로214번길|1,48250|어방동|352-1,strict_full_lot,True,
48250,진영읍여래리,411-1,금강하우징파크,금강하우징파크,,,TRADE_9A8DBF5AD13D,unmatched,0.0,0.0,0,48250|진영산복로|186,48250|진영읍여래리|411-1,strict_full_lot,True,
48250,생림면봉림리,659,ak휴엘,AK휴엘아파트,,,TRADE_55E705DF0EBC,unmatched,0.0,0.0,0,48250|봉림로|46,48250|생림면봉림리|659,strict_full_lot,True,
48250,삼정동,87-3,한덕하이츠빌리지,한덕하이츠빌리지,,,TRADE_F7B3B2F8C896,unmatched,0.0,0.0,0,48250|분성로|472-1,48250|삼정동|87-3,strict_full_lot,True,
48250,진례면송정리,252-1,성우,성우,성우아파트,A10021686,A10021686,road_legal_address_exact,100.0,100.0,1,48250|진례로256번길|10-1,48250|진례면송정리|252-1,strict_full_lot,False,
48250,동상동,626-4,효성빌라,효성빌라,,,TRADE_36B77F8564C7,unmatched,0.0,0.0,0,48250|가야로521번길|8,48250|동상동|626-4,strict_full_lot,True,
48250,삼정동,82-9,목화빌라,목화빌라,,,TRADE_A89C0D494E1E,unmatched,0.0,0.0,0,48250|활천로57번길|12,48250|삼정동|82-9,strict_full_lot,True,
48250,부원동,170-18,부원,부원아파트,,,TRADE_5F7E38579213,unmatched,0.0,0.0,0,48250|활천로|11,48250|부원동|170-18,strict_full_lot,True,
48330,하북면순지리,166-7,통도빌리지,통도빌리지,,,TRADE_05D67DCA8231,unmatched,0.0,0.0,0,48330|통도사로|15,48330|하북면순지리|166-7,strict_full_lot,True,
48330,북정동,635-4,녹원,녹원,북정녹원 아파트,A10021356,A10021356,road_legal_address_exact,100.0,66.66666666666667,1,48330|고향의봄로|80,48330|북정동|635-4,strict_full_lot,False,
48330,평산동,83-2,장원하이드파크,장원하이드파크,장원하이드파크아파트,A10020655,A10020655,road_legal_address_exact,100.0,100.0,1,48330|평산6길|22,48330|평산동|83-2,strict_full_lot,False,
48330,상북면대석리,821-14,,(821-14),,,TRADE_65829587CFF8,unmatched,0.0,0.0,0,48330|민등대길|32,48330|상북면대석리|821-14,strict_full_lot,True,
48330,북정동,710-6,명성타워빌라,명성타워빌라,,,TRADE_7175EAC2D257,unmatched,0.0,0.0,0,48330|고향의봄6길|11,48330|북정동|710-6,strict_full_lot,True,
48330,물금읍가촌리,1324,양산물금한신더휴,양산물금한신더휴아파트,,,TRADE_A3E141095A83,unmatched,0.0,0.0,0,48330|가촌서로|11,48330|물금읍가촌리|1324,strict_full_lot,True,
48330,삼호동,995-2,모아,모아,,,TRADE_C90C93BF1845,unmatched,0.0,0.0,0,48330|삼호3길|12,48330|삼호동|995-2,strict_full_lot,True,
26110,보수동3가,27-6,보수에코팰리스,보수에코팰리스,,,TRADE_F6E2CEAC06F0,unmatched,0.0,0.0,0,26110|흑교로71번길|24,26110|보수동3가|27-6,standard,True,
26110,부평동4가,45,향원부평타워,향원부평타워,,,TRADE_94378180F4D1,unmatched,0.0,0.0,0,26110|대청로|22,26110|부평동4가|45,standard,True,
26110,부평동4가,2-2,대근하버빌타운,대근하버빌타운,,,TRADE_E2FA8C561F7B,unmatched,0.0,0.0,0,26110|대청로|32,26110|부평동4가|2-2,standard,True,
26110,대청동4가,75-120,유한빌라,유한빌라,,,TRADE_6B69B10919DD,unmatched,0.0,0.0,1,26110|대청북길|9,26110|대청동4가|75-120,standard,True,
26110,대청동4가,78-76,동림,동림,,,TRADE_3C57B3A7CEFF,unmatched,0.0,0.0,1,26110|대청북길16번길|8,26110|대청동4가|78-76,standard,True,
26140,서대신동1가,87-1,하은빌라,하은빌라,,,TRADE_0F73C6300FD1,unmatched,0.0,0.0,1,26140|부용로|14-13,26140|서대신동1가|87-1,standard,True,
26140,동대신동2가,8-1,영산,영산,,,TRADE_AAD0DC963EA5,unmatched,0.0,0.0,1,26140|망양로|155,26140|동대신동2가|8-1,standard,True,
26140,충무동2가,34,충무제1,충무제1,,,TRADE_B02EABCE70DA,unmatched,0.0,0.0,0,26140|천마로205번길|39,26140|충무동2가|34,standard,True,
26140,충무동2가,37-1,구성빌라,구성빌라,,,TRADE_E67776AE1EA0,unmatched,0.0,0.0,0,26140|천마로205번길|31,26140|충무동2가|37-1,standard,True,
26140,토성동5가,48-3,서원블루오션c동,서원블루오션C동,,,TRADE_5569710636CF,unmatched,0.0,0.0,0,26140|초장로|51-10,26140|토성동5가|48-3,standard,True,
26140,부민동1가,26-1,천우그린빌라,천우그린빌라,,,TRADE_ED1767D8BA65,unmatched,0.0,0.0,0,26140|대청로6번길|8,26140|부민동1가|26-1,standard,True,
26140,남부민동,51-19,우림빌라,우림빌라,,,TRADE_071D6F8B9D94,unmatched,0.0,25.0,6,26140|천마로|173,26140|남부민동|51-19,standard,True,
26140,서대신동3가,384-5,대신썬빌리지a,대신썬빌리지A,,,TRADE_0C1E0BEA9616,unmatched,0.0,36.36363636363637,8,26140|구덕로333번길|11,26140|서대신동3가|384-5,standard,True,
26140,아미동2가,261-128,아미전원빌라,아미전원빌라,,,TRADE_A84855757BDA,unmatched,0.0,21.052631578947366,1,26140|까치고개로|91,26140|아미동2가|261-128,standard,True,
26140,서대신동1가,53-11,대신타워펠리스,대신타워펠리스,,,TRADE_D9390B93D25E,unmatched,0.0,30.76923076923077,1,26140|구덕로279번길|22-5,26140|서대신동1가|53-11,standard,True,
26170,수정동,116-4,베스안오션뷰,베스안오션뷰,,,TRADE_3A42E523F0DF,unmatched,0.0,33.333333333333336,3,26170|고관로|90,26170|수정동|116-4,standard,True,
26170,초량동,598-12,하버씨티,하버씨티,,,TRADE_14774A96AA57,unmatched,0.0,13.33333333333333,10,26170|대영로239번길|17,26170|초량동|598-12,standard,True,
26170,좌천동,808-76,주원쉐르빌,주원쉐르빌,,,TRADE_AD1B10911EF3,unmatched,0.0,15.384615384615385,5,26170|증산로|57,26170|좌천동|808-76,standard,True,
26170,초량동,1056-36,예그린,예그린,,,TRADE_2DC59F96C5D7,unmatched,0.0,0.0,10,26170|초량상로|34,26170|초량동|1056-36,standard,True,
26170,초량동,1056-10,오션스타,오션스타,,,TRADE_909A207C1BD1,unmatched,0.0,33.333333333333336,10,26170|초량중로|25,26170|초량동|1056-10,standard,True,
26170,초량동,1056-56,한사랑빌라트,한사랑빌라트,,,TRADE_65127CF674CE,unmatched,0.0,14.28571428571429,10,26170|초량상로|28,26170|초량동|1056-56,standard,True,
26200,봉래동5가,45-2,한성맨션,한성맨션,,,TRADE_8DD2A5318310,unmatched,0.0,0.0,0,26200|태종로|188,26200|봉래동5가|45-2,standard,True,
26200,동삼동,356-20,신흥동백맨션8,신흥동백맨션8,,,TRADE_BB60B03FFA07,unmatched,0.0,30.76923076923077,23,26200|와치로|261,26200|동삼동|356-20,standard,True,
26230,개금동,523-27,개금동포르투나,개금동포르투나,개금포르투나,A10021102,A10021102,road_legal_address_exact,100.0,92.3076923076923,1,26230|복지로|15,26230|개금동|523-27,standard,False,
26230,양정동,7-9,아세만화니트,아세만화니트,,,TRADE_4EE44B77B49C,unmatched,0.0,21.052631578947366,13,26230|연수로|62,26230|양정동|7-9,standard,True,
26230,부암동,577-1,대진에이스빌,대진에이스빌,,,TRADE_A3D979B83C6F,unmatched,0.0,30.76923076923077,27,26230|백양순환로|77,26230|부암동|577-1,standard,True,
26230,범천동,1650,서면3차봄여름가을겨울,서면3차봄여름가을겨울,서면3차 봄여름가을겨울 아파트,A10024852,A10024852,road_address_exact,100.0,100.0,1,26230|가야대로|694,26230|범천동|1650,standard,False,
26230,가야동,48-274,가야삼한사랑채,가야삼한사랑채,가야삼한사랑채아파트,A10021678,A10021678,legal_address_exact,100.0,100.0,1,26230|엄광로|286,26230|가야동|48-274,standard,False,
26230,부전동,420-15,대동하이츠,대동하이츠,,,TRADE_F17F13639B32,unmatched,0.0,14.28571428571429,7,26230|가야대로755번길|31,26230|부전동|420-15,standard,True,
26230,연지동,175-6,연지보해이브더파크,연지보해이브더파크,보해이브더파크아파트,A10024430,A10024430,road_legal_address_exact,100.0,87.5,1,26230|동평로225번길|14,26230|연지동|175-6,standard,False,
26230,연지동,156-1,다해미네스트,다해미네스트,,,TRADE_15BB06A17141,unmatched,0.0,25.0,14,26230|동평로223번길|17-7,26230|연지동|156-1,standard,True,
26230,개금동,11,성도빌라,성도빌라,,,TRADE_03EE770ED233,unmatched,0.0,50.0,23,26230|개금본동로22번길|24,26230|개금동|11,standard,True,
26230,범천동,1055-1,서면라이포레,서면라이포레,,,TRADE_49B4673399A1,unmatched,0.0,46.15384615384615,24,26230|신천대로165번길|10,26230|범천동|1055-1,standard,True,
26260,온천동,1248-12,허브센티움,허브센티움Ⅱ,,,TRADE_7C2AAE846EA2,unmatched,0.0,28.57142857142857,42,26260|아시아드대로231번길|12,26260|온천동|1248-12,standard,True,
26260,온천동,1414-7,더블루원,더블루원,,,TRADE_8FE24FC94DFA,unmatched,0.0,25.0,42,26260|여고북로23번길|54,26260|온천동|1414-7,standard,True,
26260,사직동,351-1,협성,협성,,,TRADE_403428EB4067,unmatched,0.0,0.0,19,26260|여고북로46번길|25,26260|사직동|351-1,standard,True,
26260,온천동,337-11,필라뷰,필라뷰,,,TRADE_3B81AE0A3E2E,unmatched,0.0,28.57142857142857,42,26260|우장춘로|104,26260|온천동|337-11,standard,True,
26260,온천동,1249-2,동래효산벨뷰,동래효산벨뷰,,,TRADE_71942DBA2461,unmatched,0.0,54.54545454545454,42,26260|아시아드대로231번길|3,26260|온천동|1249-2,standard,True,
26260,명륜동,450-2,건원안단테,건원안단테,,,TRADE_C82733165D5A,unmatched,0.0,15.384615384615385,12,26260|삼성대길|12,26260|명륜동|450-2,standard,True,
26260,안락동,632-4,태성맨션,태성맨션,,,TRADE_EF486EC19180,unmatched,0.0,0.0,15,26260|온천천로431번길|28,26260|안락동|632-4,standard,True,
26260,온천동,1447-8,동경쉐르빌102동,동경쉐르빌102동,,,TRADE_994E22344644,unmatched,0.0,50.0,42,26260|미남로116번길|5,26260|온천동|1447-8,standard,True,
26260,온천동,1446-82,비룡벨로스텔라,비룡벨로스텔라,,,TRADE_68EFDC4EDE93,unmatched,0.0,25.0,42,26260|미남로132번길|20,26260|온천동|1446-82,standard,True,
26260,명륜동,56-1,송오레스트빌,송오레스트빌,,,TRADE_CFA90E09DFF9,unmatched,0.0,28.57142857142857,12,26260|명륜로242번길|3,26260|명륜동|56-1,standard,True,
26260,명장동,29-2,명선하이츠,명선하이츠,,,TRADE_9F4A7AE04C29,unmatched,0.0,26.66666666666667,13,26260|반송로273번길|7,26260|명장동|29-2,standard,True,
26260,온천동,1457-16,부원,부원,,,TRADE_7625BDAADE00,unmatched,0.0,19.999999999999996,42,26260|중앙대로1301번길|12,26260|온천동|1457-16,standard,True,
26260,온천동,1056-30,삼성금정,삼성금정,,,TRADE_F6D46AA1464A,unmatched,0.0,33.333333333333336,42,26260|우장춘로67번길|56,26260|온천동|1056-30,standard,True,
26260,온천동,1410-25,석화스위트빌,석화스위트빌,,,TRADE_FDC566300C9F,unmatched,0.0,25.0,42,26260|아시아드대로208번가길|12,26260|온천동|1410-25,standard,True,
26260,온천동,1832,명륜역대원칸타빌,명륜역대원칸타빌,명륜역대원칸타빌,A60706001,A60706001,road_address_exact,100.0,100.0,1,26260|온천장로|21,26260|온천동|1832,standard,False,
26290,용호동,496-32,성도파인힐,성도파인힐,,,TRADE_113C4C1FCBA3,unmatched,0.0,18.181818181818176,22,26290|동명로146번길|87,26290|용호동|496-32,standard,True,
26290,대연동,1749-6,송원아트빌,송원아트빌,,,TRADE_762DFC80E4C1,unmatched,0.0,23.529411764705888,33,26290|유엔평화로10번길|39,26290|대연동|1749-6,standard,True,
26290,대연동,1748-7,한솔아트빌,한솔아트빌,,,TRADE_0EF0CE8EEF27,unmatched,0.0,23.529411764705888,33,26290|유엔평화로14번길|8,26290|대연동|1748-7,standard,True,
26290,문현동,31-87,부림빌라,부림빌라(31-87),,,TRADE_78BD0349422C,unmatched,0.0,30.76923076923077,23,26290|고동골로97번길|78,26290|문현동|31-87,standard,True,
26290,대연동,877-1,동경에이스,동경에이스,,,TRADE_8938E31D07F2,unmatched,0.0,33.333333333333336,33,26290|유엔로169번길|29,26290|대연동|877-1,standard,True,
26290,용호동,368-17,분포맨션,분포맨션(나),,,TRADE_646107F79324,unmatched,0.0,40.0,22,26290|용호로109번길|10,26290|용호동|368-17,standard,True,
26290,대연동,874-10,송산아트빌,송산아트빌,,,TRADE_62FE9B15EF87,unmatched,0.0,23.529411764705888,33,26290|유엔평화로29번길|61,26290|대연동|874-10,standard,True,
26290,용호동,482-8,목련5차,목련5차,,,TRADE_34F335CE01A8,unmatched,0.0,0.0,22,26290|용호로198번길|66,26290|용호동|482-8,standard,True,
26290,용호동,369-8,조광빌로체,조광빌로체,,,TRADE_08983261B670,unmatched,0.0,18.181818181818176,22,26290|용호로|124,26290|용호동|369-8,standard,True,
26290,문현동,321-5,남문빌라,남문빌라,,,TRADE_6A1CFDFD0D8E,unmatched,0.0,30.76923076923077,23,26290|지게골로|196,26290|문현동|321-5,standard,True,
26290,문현동,474-6,스카이빌리지,스카이빌리지,,,TRADE_3AC87236AAE5,unmatched,0.0,19.999999999999996,23,26290|전포대로40번길|33,26290|문현동|474-6,standard,True,
26290,대연동,876-11,삼정그린타운,삼정그린타운,삼익그린타운,A60877710,A60877710,dong_fuzzy,83.33333333333334,83.33333333333334,33,26290|용소로64번길|138,26290|대연동|876-11,standard,True,
26320,구포동,1060-45,효산벨루스,효산벨루스,,,TRADE_1FBF3582EC4D,unmatched,0.0,18.181818181818176,22,26320|구포만세길|115,26320|구포동|1060-45,standard,True,
26320,구포동,1250-2,신진2차,신진2차,,,TRADE_7B5F03719631,unmatched,0.0,26.66666666666667,22,26320|시랑로170번길|51,26320|구포동|1250-2,standard,True,
26320,구포동,1243-9,백양,백양,,,TRADE_2FD80CCA590F,unmatched,0.0,28.57142857142857,22,26320|시랑로|183,26320|구포동|1243-9,standard,True,
26350,재송동,1058-3,상록캐스빌,상록캐스빌,,,TRADE_C3428BDB5934,unmatched,0.0,50.0,31,26350|재반로|123,26350|재송동|1058-3,standard,True,
26350,재송동,1123-1,센텀드림힐,센텀드림힐,,,TRADE_00B167FEF1CB,unmatched,0.0,44.44444444444444,31,26350|재반로64번길|90,26350|재송동|1123-1,standard,True,
26350,반송동,697,동화마을5,동화마을5,,,TRADE_C0CE7CF33067,unmatched,0.0,22.22222222222222,13,26350|반송로|816,26350|반송동|697,standard,True,
26350,재송동,1071-15,재송아이빌,재송아이빌,,,TRADE_64CAE52C3704,unmatched,0.0,44.44444444444444,31,26350|재송1로14번길|12,26350|재송동|1071-15,standard,True,
26350,송정동,311-1,송정세양시에당,송정세양시에당,,,TRADE_816E268E8D2C,unmatched,0.0,37.5,5,26350|송정광어골로82번길|160,26350|송정동|311-1,standard,True,
26350,송정동,198-5,센텀더웰,센텀더웰,,,TRADE_FD254D962EA5,unmatched,0.0,18.181818181818176,5,26350|송정중앙로15번길|15,26350|송정동|198-5,standard,True,
26380,하단동,485-2,삼경,삼경,,,TRADE_E43FCC2C8C3F,unmatched,0.0,33.333333333333336,12,26380|낙동대로575번길|46,26380|하단동|485-2,standard,True,
26380,괴정동,488-4,괴정신동화,괴정신동화,,,TRADE_80FE1972D7BE,unmatched,0.0,57.14285714285714,29,26380|괴정로270번길|29,26380|괴정동|488-4,standard,True,
26380,괴정동,882-6,예그린숲,예그린숲,,,TRADE_9B9D9E7456CC,unmatched,0.0,44.44444444444444,29,26380|사하로185번길|12,26380|괴정동|882-6,standard,True,
26380,장림동,325-89,누리아띠,누리아띠,,,TRADE_1BD5871386EB,unmatched,0.0,18.181818181818176,26,26380|장림로196번길|28,26380|장림동|325-89,standard,True,
26380,하단동,893-2,섬진2,섬진2,,,TRADE_FBB6D79AB8DC,unmatched,0.0,22.22222222222222,12,26380|낙동남로|1352,26380|하단동|893-2,standard,True,
26380,감천동,13-1105,제일,제일(13-1105),,,TRADE_F295554D28CB,unmatched,0.0,25.0,10,26380|옥천로75번안길|10,26380|감천동|13-1105,standard,True,
26380,하단동,381-15,대영파크맨션,대영파크맨션,,,TRADE_63980C1C75D9,unmatched,0.0,19.999999999999996,12,26380|동매로66번길|31,26380|하단동|381-15,standard,True,
26380,괴정동,386-13,삼부,삼부,,,TRADE_8EBAB6A47CF5,unmatched,0.0,0.0,29,26380|사리로|9,26380|괴정동|386-13,standard,True,
26380,하단동,590-3,청호2차,청호2차,,,TRADE_F82E9671D56C,unmatched,0.0,40.0,12,26380|하신중앙로|325,26380|하단동|590-3,standard,True,
26380,하단동,616-8,보해이브빌2차,보해이브빌2차,,,TRADE_4F5A03005196,unmatched,0.0,30.76923076923077,12,26380|하신중앙로|324,26380|하단동|616-8,standard,True,
26410,남산동,9,우남이채롬,우남이채롬,남산우남이채롬아파트,A10021544,A10021544,road_legal_address_exact,100.0,83.33333333333334,1,26410|금단로|113-5,26410|남산동|9,standard,False,
26410,구서동,1078,구서역두산위브포세이돈,구서역두산위브포세이돈,구서역 두산위브포세이돈,A10024675,A10024675,road_legal_address_exact,100.0,100.0,1,26410|금정로233번길|63,26410|구서동|1078,standard,False,
26410,서동,209-7,부성파크빌,부성파크빌,,,TRADE_FFE71C9A2872,unmatched,0.0,18.181818181818176,4,26410|서동로186번길|11,26410|서동|209-7,standard,True,
26410,구서동,465-2,산들마을,산들마을,,,TRADE_48D94ED850F3,unmatched,0.0,25.0,25,26410|금정로219번길|3,26410|구서동|465-2,standard,True,
26410,남산동,952-8,한아름,한아름,,,TRADE_978EDDEB9497,unmatched,0.0,13.33333333333333,8,26410|금샘로|591,26410|남산동|952-8,standard,True,
26410,부곡동,873-74,새온천협성,새온천협성,,,TRADE_69F86435CA09,unmatched,0.0,36.36363636363637,27,26410|오시게로12번길|21,26410|부곡동|873-74,standard,True,
26410,남산동,116-23,송림7차,송림7차,,,TRADE_38B3E2EFE5E3,unmatched,0.0,0.0,8,26410|학산로21번길|15,26410|남산동|116-23,standard,True,
26410,남산동,957-6,대명빌라1차,대명빌라1차,,,TRADE_B9127DB8CDDD,unmatched,0.0,16.666666666666664,8,26410|청룡로45번길|35,26410|남산동|957-6,standard,True,
26410,구서동,774-3,삼부맨션,삼부맨션,,,TRADE_F48AFC728D91,unmatched,0.0,25.0,25,26410|중앙대로1841번안길|6,26410|구서동|774-3,standard,True,
26440,명지동,3595-3,더샵명지퍼스트월드3단지,더샵명지퍼스트월드3단지,더샵명지퍼스트월드3단지,A10024664,A10024664,road_legal_address_exact,100.0,100.0,1,26440|명지국제2로|41,26440|명지동|3595-3,standard,False,
26470,거제동,1463-10,경동,경동,,,TRADE_A66340829FBF,unmatched,0.0,33.333333333333336,41,26470|거제천로|277,26470|거제동|1463-10,standard,True,
26470,거제동,1528,아시아드코오롱하늘채,아시아드코오롱하늘채,아시아드코오롱하늘채,A10025258,A10025258,dong_fuzzy,100.0,100.0,41,26470|종합운동장로40번길|8,26470|거제동|1528,standard,False,
26470,연산동,704-6,에이스빌리지,에이스빌리지,,,TRADE_661AC3E4E3BA,unmatched,0.0,36.36363636363637,65,26470|중앙대로1066번길|24,26470|연산동|704-6,standard,True,
26470,연산동,859-10,욱영아트빌,욱영아트빌,,,TRADE_5BF69BED6368,unmatched,0.0,22.22222222222222,65,26470|연제로9번길|15,26470|연산동|859-10,standard,True,
26470,거제동,576-12,세경미가,세경미가,,,TRADE_7978694123EE,unmatched,0.0,25.0,41,26470|거제시장로22번길|23,26470|거제동|576-12,standard,True,
26470,연산동,1343-24,포세이돈투,포세이돈투,,,TRADE_410AF0F5415E,unmatched,0.0,22.22222222222222,65,26470|월드컵대로145번길|99,26470|연산동|1343-24,standard,True,
26470,연산동,1825-2,새연산,새연산(1825-2),,,TRADE_3D15ACEB677F,unmatched,0.0,57.14285714285714,65,26470|연수로208번길|34,26470|연산동|1825-2,standard,True,
26470,연산동,1384-3,홍익푸르미,홍익푸르미,,,TRADE_162A92443469,unmatched,0.0,30.76923076923077,65,26470|월드컵대로145번길|55,26470|연산동|1384-3,standard,True,
26470,연산동,1837-5,신일아트빌,신일아트빌,,,TRADE_4D2906D17E70,unmatched,0.0,28.57142857142857,65,26470|연수로|191,26470|연산동|1837-5,standard,True,
26470,거제동,676-40,병산한마음빌,병산한마음빌,,,TRADE_E387773D437E,unmatched,0.0,19.999999999999996,41,26470|해맞이로73번길|28,26470|거제동|676-40,standard,True,
26500,광안동,139-1,금잔디,금잔디,,,TRADE_3FA5301971E0,unmatched,0.0,16.666666666666664,22,26500|광안로7번길|42,26500|광안동|139-1,standard,True,
26500,광안동,1334,광안자이,광안자이,광안자이아파트,A10024695,A10024695,road_address_exact,100.0,100.0,1,26500|호암로29번길|50,26500|광안동|1334,standard,False,
26500,광안동,107-6,부덕그린,부덕그린,,,TRADE_44490F5C193B,unmatched,0.0,50.0,22,26500|수영로636번길|85,26500|광안동|107-6,standard,True,
26500,수영동,453-17,우창빌리지,우창빌리지,,,TRADE_08CD8381E902,unmatched,0.0,0.0,3,26500|연수로391번길|16,26500|수영동|453-17,standard,True,
26500,광안동,569-1,정원스카이,정원스카이,,,TRADE_66D372FCE1ED,unmatched,0.0,28.57142857142857,22,26500|장대골로45번길|5,26500|광안동|569-1,standard,True,
26500,광안동,139-16,남강하이츠,남강하이츠,,,TRADE_7E24B9C2B463,unmatched,0.0,46.15384615384615,22,26500|수영로594번길|27,26500|광안동|139-16,standard,True,
26500,민락동,37-2,대웅맨션,대웅맨션,,,TRADE_985B95BE0059,unmatched,0.0,15.384615384615385,13,26500|광남로|234,26500|민락동|37-2,standard,True,
26500,망미동,212-6,우성파크빌,우성파크빌,,,TRADE_448078BC3033,unmatched,0.0,26.66666666666667,12,26500|수미로|63,26500|망미동|212-6,standard,True,
26500,광안동,203-1,광안마티나,광안마티나,,,TRADE_6BDE54EC1A30,unmatched,0.0,44.44444444444444,22,26500|광남로84번길|4,26500|광안동|203-1,standard,True,
26500,망미동,823-1,최신망미apt,최신망미APT,,,TRADE_8C25E2FC231C,unmatched,0.0,36.36363636363637,12,26500|연수로|276,26500|망미동|823-1,standard,True,
26500,광안동,372-13,대성타워,대성타워,,,TRADE_754FB96BF47E,unmatched,0.0,16.666666666666664,22,26500|수영로522번길|13,26500|광안동|372-13,standard,True,
26500,광안동,165-10,남강맨션,남강맨션,,,TRADE_14B3892DDDFD,unmatched,0.0,15.384615384615385,22,26500|광안로16번길|66,26500|광안동|165-10,standard,True,
26500,광안동,505-11,금오파크빌,금오파크빌,,,TRADE_46059D474989,unmatched,0.0,19.999999999999996,22,26500|광일로20번가길|60,26500|광안동|505-11,standard,True,
26500,망미동,822-3,동방,동방(822-3),,,TRADE_8D712A10AD6A,unmatched,0.0,16.666666666666664,12,26500|연수로282번길|7,26500|망미동|822-3,standard,True,
26500,광안동,951-22,초원빌라,초원빌라,,,TRADE_4331DC1DE3C5,unmatched,0.0,33.333333333333336,22,26500|망미번영로16번나길|33,26500|광안동|951-22,standard,True,
26530,모라동,648-1,모라a,모라A,,,TRADE_BAA999EBCC24,unmatched,0.0,57.14285714285714,19,26530|모라로37번길|16,26530|모라동|648-1,standard,True,
26530,주례동,506,창조센추리,창조센추리,,,TRADE_AA6D8994C0ED,unmatched,0.0,22.22222222222222,23,26530|가야대로|288,26530|주례동|506,standard,True,
26530,엄궁동,11-41,엄궁로얄화교,엄궁로얄화교아파트,,,TRADE_F1BAB253A9BF,unmatched,0.0,50.0,12,26530|대동로|38,26530|엄궁동|11-41,standard,True,
26530,괘법동,499-3,은하하우스,은하하우스,,,TRADE_0901A873E011,unmatched,0.0,18.181818181818176,11,26530|사상로148번길|39,26530|괘법동|499-3,standard,True,
26530,괘법동,228-8,위드한빛,위드한빛,,,TRADE_276514896412,unmatched,0.0,25.0,11,26530|백양대로|660,26530|괘법동|228-8,standard,True,
26710,기장읍대라리,891,센트럴파크7,센트럴파크7,,,TRADE_D9988E454745,unmatched,0.0,0.0,4,26710|차성서로77번길|36-11,26710|기장읍대라리|891,standard,True,
26710,기장읍대라리,418-1,동양주택,동양주택,,,TRADE_0C9C5033C273,unmatched,0.0,0.0,4,26710|차성로|290,26710|기장읍대라리|418-1,standard,True,
26710,기장읍대라리,643-1,가화랜드빌5차,가화랜드빌5차,,,TRADE_9A79B5B1A67E,unmatched,0.0,16.666666666666664,4,26710|차성서로|61-15,26710|기장읍대라리|643-1,standard,True,
26710,기장읍대라리,94-13,에이원더시티,에이원더시티,,,TRADE_A93CE6732BC7,unmatched,0.0,18.181818181818176,4,26710|차성남로89번길|6-1,26710|기장읍대라리|94-13,standard,True,
26710,일광읍삼성리,746,이지더원1차오션포레,이지더원1차오션포레,일광 이지더원1차오션포레,A10024933,A10024933,road_legal_address_exact,100.0,90.9090909090909,1,26710|해빛4로|1,26710|일광읍삼성리|746,standard,False,
48250,봉황동,26-3,봉황,봉황,,,TRADE_B732257E1919,unmatched,0.0,0.0,0,48250|가락로15번길|21,48250|봉황동|26-3,strict_full_lot,True,
48250,동상동,795-13,늘해랑,늘해랑아파트,,,TRADE_0956C63E297F,unmatched,0.0,0.0,0,48250|호계로|508-13,48250|동상동|795-13,strict_full_lot,True,
48250,봉황동,342,부림맨션,부림맨션,,,TRADE_CC138445BADE,unmatched,0.0,0.0,0,48250|분성로|266,48250|봉황동|342,strict_full_lot,True,
48250,삼정동,598-2,경남캐스빌,경남캐스빌,,,TRADE_5745187B7992,unmatched,0.0,0.0,0,48250|활천로30번길|6,48250|삼정동|598-2,strict_full_lot,True,
48250,진영읍진영리,163-15,중앙파크빌,중앙파크빌,,,TRADE_F96A11D535A5,unmatched,0.0,0.0,0,48250|진영산복로|88-8,48250|진영읍진영리|163-15,strict_full_lot,True,
48250,삼정동,656-7,경성빌라2,경성빌라2,,,TRADE_211FE812DDB7,unmatched,0.0,0.0,0,48250|인제로11번길|40,48250|삼정동|656-7,strict_full_lot,True,
48250,안동,343,신일아트맨션,신일아트맨션,,,TRADE_1F2AD21AFAFA,unmatched,0.0,0.0,0,48250|삼안로131번길|11,48250|안동|343,strict_full_lot,True,
48330,북정동,518-1,금풍스웰빌,금풍스웰빌,,,TRADE_AABFA3B18608,unmatched,0.0,0.0,0,48330|북정10길|7,48330|북정동|518-1,strict_full_lot,True,
48330,북부동,384-10,안전빌라트,안전빌라트,,,TRADE_3B717A170932,unmatched,0.0,0.0,0,48330|북안남7길|12,48330|북부동|384-10,strict_full_lot,True,
48330,덕계동,1577,경동스마트홈,경동스마트홈,경동스마트홈,A62672501,A62672501,road_legal_address_exact,100.0,100.0,1,48330|신덕계로|34,48330|덕계동|1577,strict_full_lot,False,
26110,보수동2가,74-9,송파지오스빌라트,송파지오스빌라트,,,TRADE_D85C3ED1B300,unmatched,0.0,0.0,0,26110|흑교로|67,26110|보수동2가|74-9,standard,True,
26140,동대신동3가,340-18,호운빌라,호운빌라,,,TRADE_656EB7404FC9,unmatched,0.0,25.0,3,26140|구덕로334번길|15,26140|동대신동3가|340-18,standard,True,
26140,서대신동2가,78,향원에이스타운,향원에이스타운(78),,,TRADE_20200EE77F80,unmatched,0.0,0.0,3,26140|구덕로301번길|22,26140|서대신동2가|78,standard,True,
26140,남부민동,121,부승,부승,,,TRADE_4E0BA0CA127D,unmatched,0.0,25.0,6,26140|천마로|143,26140|남부민동|121,standard,True,
26140,암남동,350-1,고려빌라맨션,고려빌라맨션,,,TRADE_C27B6E67CDAE,unmatched,0.0,33.333333333333336,14,26140|충무대로34번길|15,26140|암남동|350-1,standard,True,
26140,서대신동2가,52,경남비,경남비,,,TRADE_D4F395C4A923,unmatched,0.0,0.0,3,26140|구덕로305번길|13,26140|서대신동2가|52,standard,True,
26140,부용동1가,9-2,크로바빌리지,크로바빌리지,,,TRADE_D90D03BD4E5D,unmatched,0.0,16.666666666666664,1,26140|흑교로|103,26140|부용동1가|9-2,standard,True,
26170,초량동,1226,범양레우스센트럴베이,범양레우스센트럴베이,범양레우스 센트럴베이,A10024998,A10024998,road_address_exact,100.0,100.0,1,26170|초량중로|114,26170|초량동|1226,standard,False,
26170,초량동,1053-22,한울시너스,한울시너스,,,TRADE_89FD71EAC86F,unmatched,0.0,15.384615384615385,10,26170|초량상로|38,26170|초량동|1053-22,standard,True,
26170,수정동,1162-1,청광,청광,,,TRADE_4A83316C1C9E,unmatched,0.0,0.0,3,26170|수정공원남로|77,26170|수정동|1162-1,standard,True,
26170,수정동,1186-1,수정,수정(1186-1),,,TRADE_59D755FAB1E8,unmatched,0.0,0.0,3,26170|수정공원남로|28,26170|수정동|1186-1,standard,True,
26170,수정동,1006-14,대근아트빌라1,대근아트빌라-1,,,TRADE_5DFC99F09A92,unmatched,0.0,18.181818181818176,3,26170|고관로63번길|10,26170|수정동|1006-14,standard,True,
26170,범일동,1486-17,아름빌103동,아름빌103동,,,TRADE_A370127370D5,unmatched,0.0,0.0,9,26170|망양로|942,26170|범일동|1486-17,standard,True,
26170,좌천동,832-1,대근아트빌라,대근아트빌라,,,TRADE_8ABD94647E71,unmatched,0.0,15.384615384615385,5,26170|능풍길|16,26170|좌천동|832-1,standard,True,
26170,수정동,1048-4,덕림,덕림아파트,,,TRADE_B94C9EA479E7,unmatched,0.0,0.0,3,26170|망양로668번길|28,26170|수정동|1048-4,standard,True,
26170,초량동,994-428,동양빌라,동양빌라,,,TRADE_8EC65C5FC489,unmatched,0.0,26.66666666666667,10,26170|영초윗길|8,26170|초량동|994-428,standard,True,
26200,영선동1가,13-9,하이스카이,하이스카이,,,TRADE_1C631901E519,unmatched,0.0,0.0,0,26200|태종로113번길|12,26200|영선동1가|13-9,standard,True,
26200,봉래동5가,177-1,삼신,삼신,,,TRADE_F751F1BD988C,unmatched,0.0,0.0,0,26200|봉래길|172,26200|봉래동5가|177-1,standard,True,
26200,남항동1가,116,혜광드림팰리스,혜광드림팰리스,,,TRADE_3937865B3468,unmatched,0.0,0.0,1,26200|절영로|43,26200|남항동1가|116,standard,True,
26200,봉래동2가,36-3,동진,동진,,,TRADE_97927D5CCF99,unmatched,0.0,0.0,2,26200|태종로99번길|28,26200|봉래동2가|36-3,standard,True,
26230,범천동,1287-1,새롬하이빌2차,새롬하이빌2차,,,TRADE_E9BADB136710,unmatched,0.0,30.76923076923077,24,26230|신암로39번길|4,26230|범천동|1287-1,standard,True,
26230,전포동,648,서면엘리시움,서면엘리시움,,,TRADE_DDD341C94FDF,unmatched,0.0,42.85714285714286,23,26230|서전로37번길|46,26230|전포동|648,standard,True,
26230,범천동,1230-66,드림하이츠,드림하이츠,,,TRADE_3FAF63BA896A,unmatched,0.0,30.76923076923077,24,26230|신암로85번길|36,26230|범천동|1230-66,standard,True,
26230,전포동,191-464,협성그린피아,협성그린피아,,,TRADE_18B365466AAA,unmatched,0.0,28.57142857142857,23,26230|진남로356번길|51,26230|전포동|191-464,standard,True,
26230,부암동,751,협성휴포레시티즌파크,협성휴포레시티즌파크,협성휴포레 시티즌파크,A10024696,A10024696,road_legal_address_exact,100.0,100.0,1,26230|동평로|173,26230|부암동|751,standard,False,
26230,당감동,95-9,홍림로즈빌,홍림로즈빌,,,TRADE_1847CCF198AF,unmatched,0.0,0.0,17,26230|가야대로691번길|10-7,26230|당감동|95-9,standard,True,
26230,양정동,236-2,산들파르테,산들파르테,,,TRADE_031A6475193E,unmatched,0.0,11.111111111111116,13,26230|중앙대로989번길|28,26230|양정동|236-2,standard,True,
26230,양정동,145-12,전원타워빌,전원타워빌,,,TRADE_63BC47497E60,unmatched,0.0,46.15384615384615,13,26230|연수로11번길|57,26230|양정동|145-12,standard,True,
26230,부암동,117-35,숭웅아트빌,숭웅아트빌,,,TRADE_88CF0778D339,unmatched,0.0,21.052631578947366,27,26230|신천대로216번길|39,26230|부암동|117-35,standard,True,
26230,개금동,177-164,락우하이빌,락우하이빌,,,TRADE_65BC38D4CC2B,unmatched,0.0,40.0,23,26230|냉정로|195,26230|개금동|177-164,standard,True,
26230,범천동,1291-18,유인인터빌,유인인터빌,,,TRADE_FE02DA1E7FE9,unmatched,0.0,19.999999999999996,24,26230|신암로|25-6,26230|범천동|1291-18,standard,True,
26230,양정동,386-3,양정클래스원,양정클래스원,,,TRADE_AAC9B89296F7,unmatched,0.0,46.15384615384615,13,26230|동평로|400,26230|양정동|386-3,standard,True,
26260,온천동,1449-1,삼성빌라,삼성빌라,,,TRADE_05EDF24577FC,unmatched,0.0,30.76923076923077,42,26260|미남로116번길|12,26260|온천동|1449-1,standard,True,
26260,수안동,11-11,수안동하나로4차,수안동하나로아파트4차,,,TRADE_2005D1FB5F9F,unmatched,0.0,50.0,11,26260|명륜로|39,26260|수안동|11-11,standard,True,
26260,온천동,1410-20,덕성아트빌,덕성아트빌,,,TRADE_45423518755C,unmatched,0.0,36.36363636363637,42,26260|여고북로23번길|31,26260|온천동|1410-20,standard,True,
26260,명장동,152-51,삼정그린빌라,삼정그린빌라,,,TRADE_DA7E956E1815,unmatched,0.0,18.181818181818176,13,26260|명장로106번길|19,26260|명장동|152-51,standard,True,
26260,온천동,210-16,케이에이치마이우스,케이에이치마이우스,,,TRADE_743EE702C26D,unmatched,0.0,26.66666666666667,42,26260|금강공원로|27,26260|온천동|210-16,standard,True,
26260,온천동,435-27,동래센트럴파크,동래센트럴파크,,,TRADE_14B3D458EEC2,unmatched,0.0,62.5,42,26260|금강로|63,26260|온천동|435-27,standard,True,
26260,온천동,1186-10,그린힐타운c동,그린힐타운C동,,,TRADE_E51A5FE21665,unmatched,0.0,26.66666666666667,42,26260|쇠미로|189-24,26260|온천동|1186-10,standard,True,
26260,명륜동,433-4,엘리유리안,엘리유리안,,,TRADE_D57B625E54DA,unmatched,0.0,0.0,12,26260|명륜로103번길|3,26260|명륜동|433-4,standard,True,
26260,사직동,42-10,태양연립,태양연립,,,TRADE_41F143A3C34A,unmatched,0.0,0.0,19,26260|사직북로19번길|44,26260|사직동|42-10,standard,True,
26290,대연동,888-7,푸른마을,푸른마을(888-7),,,TRADE_BEBEED3C7735,unmatched,0.0,19.999999999999996,33,26290|유엔평화로41번가길|35,26290|대연동|888-7,standard,True,
26290,용호동,371-34,더베이하우스,더베이하우스,,,TRADE_981E7E8F732E,unmatched,0.0,19.999999999999996,22,26290|동명로145번길|29,26290|용호동|371-34,standard,True,
26290,용호동,494-34,동림상가타운,동림상가타운,,,TRADE_5D92A5EACA6B,unmatched,0.0,50.0,22,26290|용호로|161-1,26290|용호동|494-34,standard,True,
26290,문현동,805-3,홍익빌레트,홍익빌레트Ⅱ,,,TRADE_CAE1FE91500A,unmatched,0.0,19.999999999999996,23,26290|전포대로|21,26290|문현동|805-3,standard,True,
26290,문현동,426-285,성창빌라,성창빌라,,,TRADE_12C52037DA0C,unmatched,0.0,22.22222222222222,23,26290|전포대로40번길|34-12,26290|문현동|426-285,standard,True,
26290,대연동,1281-8,광이골드타워,광이골드타워,,,TRADE_3282F5EF5DE7,unmatched,0.0,33.333333333333336,33,26290|못골로41번길|20,26290|대연동|1281-8,standard,True,
26290,용호동,363-1,신일맨션,신일맨션,,,TRADE_26AE6691E4C9,unmatched,0.0,40.0,22,26290|용호로123번길|70,26290|용호동|363-1,standard,True,
26290,용호동,368-1,분포맨션,분포맨션,,,TRADE_87BD7D2A9706,unmatched,0.0,40.0,22,26290|용호로109번길|10,26290|용호동|368-1,standard,True,
26290,용호동,307-9,중경맨션,중경맨션,,,TRADE_879471284595,unmatched,0.0,40.0,22,26290|용호로42번길|112,26290|용호동|307-9,standard,True,
26290,대연동,572-11,새한빌리지,새한빌리지,,,TRADE_99028EB727AF,unmatched,0.0,18.181818181818176,33,26290|유엔평화로41번길|113,26290|대연동|572-11,standard,True,
26320,덕천동,388-5,덕천대성,덕천대성,덕천대방아파트,A61681904,A61681904,legal_address_main,75.0,75.0,1,26320|의성로115번길|93,26320|덕천동|388-5,standard,True,
26320,구포동,1297,태성캐슬,태성캐슬,,,TRADE_45E83CD82A76,unmatched,0.0,25.0,22,26320|낙동북로|752,26320|구포동|1297,standard,True,
26320,구포동,577,어반펠리체,어반펠리체,,,TRADE_3148E4CEC36F,unmatched,0.0,18.181818181818176,22,26320|낙동대로1766번길|17,26320|구포동|577,standard,True,
26320,덕천동,128-3,승산벽산,승산벽산,덕천벽산아파트,A61681501,A61681501,road_legal_address_exact,100.0,50.0,1,26320|만덕3로16번길|51,26320|덕천동|128-3,standard,False,
26350,재송동,1183-3,대원,대원,,,TRADE_2F9A28CB66A8,unmatched,0.0,33.333333333333336,31,26350|재송2로|115,26350|재송동|1183-3,standard,True,
26350,중동,1498-9,뷔센하우스,뷔센하우스,,,TRADE_BDB4F40C5FDE,unmatched,0.0,25.0,29,26350|달맞이길117번가길|107-30,26350|중동|1498-9,standard,True,
26380,괴정동,935-1,창우블루빌,창우블루빌,,,TRADE_0D1E5C532264,unmatched,0.0,22.22222222222222,29,26380|낙동대로|232,26380|괴정동|935-1,standard,True,
26380,괴정동,399-2,동조리젠시,동조리젠시,,,TRADE_E84BDC08D225,unmatched,0.0,28.57142857142857,29,26380|오작로|51,26380|괴정동|399-2,standard,True,
26380,괴정동,1018-14,대근,대근아파트,,,TRADE_6FD787B21895,unmatched,0.0,22.22222222222222,29,26380|낙동대로|202,26380|괴정동|1018-14,standard,True,
26380,감천동,632-1,무지개,무지개,,,TRADE_9FF96C595500,unmatched,0.0,0.0,10,26380|감천로73번길|69,26380|감천동|632-1,standard,True,
26380,괴정동,566-58,정우아트빌,정우아트빌,,,TRADE_7E99DE93A502,unmatched,0.0,33.333333333333336,29,26380|괴정로|198,26380|괴정동|566-58,standard,True,
26380,하단동,870-30,그린시티,그린시티,,,TRADE_8FB20FE99DC3,unmatched,0.0,53.333333333333336,12,26380|낙동남로|1364,26380|하단동|870-30,standard,True,
26380,다대동,1548-15,조성하이츠,조성하이츠,조성하이츠아파트,A10020161,A10020161,road_legal_address_exact,100.0,100.0,1,26380|다대낙조2길|7,26380|다대동|1548-15,standard,False,
26380,당리동,341-1,두산하이빌,두산하이빌,,,TRADE_8C2C315A07F2,unmatched,0.0,18.181818181818176,16,26380|낙동대로372번길|8,26380|당리동|341-1,standard,True,
26380,신평동,14-1,청솔맨션,청솔맨션,,,TRADE_1D21D540DACE,unmatched,0.0,19.999999999999996,15,26380|장평로|336,26380|신평동|14-1,standard,True,
26380,당리동,237-33,호성빌라맨션,호성빌라맨션,,,TRADE_8266FF2C6563,unmatched,0.0,19.999999999999996,16,26380|승학로19번길|15,26380|당리동|237-33,standard,True,
26380,하단동,870-93,섬진3차,섬진3차,,,TRADE_4175A81F308B,unmatched,0.0,25.0,12,26380|하신중앙로313번길|74,26380|하단동|870-93,standard,True,
26380,장림동,1153,장림역베스티움2차,장림역베스티움2차,장림역 베스티움2차,A10024859,A10024859,road_legal_address_exact,100.0,100.0,1,26380|장림번영로|76,26380|장림동|1153,standard,False,
26380,하단동,592-15,우방빌아트,우방빌아트,,,TRADE_DF8B214E9F3E,unmatched,0.0,18.181818181818176,12,26380|하신중앙로335번길|36,26380|하단동|592-15,standard,True,
26380,하단동,492-5,하구언1,하구언1,,,TRADE_051A62A4198C,unmatched,0.0,50.0,12,26380|낙동대로536번길|5,26380|하단동|492-5,standard,True,
26410,남산동,51-1,남산누리마을,남산누리마을,,,TRADE_19F1CE0BB442,unmatched,0.0,40.0,8,26410|벅구산로|2,26410|남산동|51-1,standard,True,
26410,남산동,262-4,수민위즈빌,수민위즈빌,,,TRADE_DC848D2C9F6B,unmatched,0.0,0.0,8,26410|금단로|171,26410|남산동|262-4,standard,True,
26410,구서동,183-12,아름베스트빌5,아름베스트빌5,,,TRADE_04610DF98259,unmatched,0.0,16.666666666666664,25,26410|중앙대로1926번길|10,26410|구서동|183-12,standard,True,
26410,구서동,183-14,아름베스트빌3,아름베스트빌3,,,TRADE_8468EFC45DD9,unmatched,0.0,16.666666666666664,25,26410|안뜰로7번길|21,26410|구서동|183-14,standard,True,
26410,청룡동,45-1,아카데미빌라,아카데미빌라,,,TRADE_E78B14517058,unmatched,0.0,14.28571428571429,4,26410|청룡로34번길|13-17,26410|청룡동|45-1,standard,True,
26410,부곡동,266-1,엘스퀘어,엘스퀘어,,,TRADE_E94A0360D65E,unmatched,0.0,16.666666666666664,27,26410|부곡로|165,26410|부곡동|266-1,standard,True,
26410,남산동,122-7,태경그린빌,태경그린빌,,,TRADE_31607A7A722E,unmatched,0.0,19.999999999999996,8,26410|학산로13번길|3,26410|남산동|122-7,standard,True,
26410,부곡동,334-1,동현맨션,동현맨션,,,TRADE_75EC46721014,unmatched,0.0,40.0,27,26410|부곡로|78,26410|부곡동|334-1,standard,True,
26410,부곡동,9-21,태창빌라,태창빌라,,,TRADE_A7C7B9F5DBEC,unmatched,0.0,16.666666666666664,27,26410|오륜대로|46,26410|부곡동|9-21,standard,True,
26470,연산동,405-2,양지마을,양지마을,,,TRADE_C135EE3E19A2,unmatched,0.0,25.0,65,26470|과정로191번가길|26,26470|연산동|405-2,standard,True,
26470,거제동,15-1,거제,거제아파트,,,TRADE_0C9ECE6556CA,unmatched,0.0,66.66666666666667,41,26470|거제천로|177,26470|거제동|15-1,standard,True,
26470,거제동,1180-1,화인상아,화인상아,,,TRADE_BA35C4B45660,unmatched,0.0,33.333333333333336,41,26470|아시아드대로46번길|46,26470|거제동|1180-1,standard,True,
26470,연산동,1405-2,도심하이트,도심하이트,,,TRADE_A864E27FBBE2,unmatched,0.0,40.0,65,26470|월드컵대로153번길|74,26470|연산동|1405-2,standard,True,
26470,연산동,642-13,대은그린,대은그린,,,TRADE_716CC2DFA698,unmatched,0.0,60.0,65,26470|쌍미천로125번길|12,26470|연산동|642-13,standard,True,
26470,거제동,676-15,미르빌,미르빌,,,TRADE_98A636F34C56,unmatched,0.0,18.181818181818176,41,26470|해맞이로77번길|46,26470|거제동|676-15,standard,True,
26470,거제동,584,한신,한신,,,TRADE_1CACC8EEEE9B,unmatched,0.0,33.333333333333336,41,26470|거제대로178번길|6,26470|거제동|584,standard,True,
26470,연산동,328-16,고은아트,고은아트,,,TRADE_F6C0DB44824B,unmatched,0.0,23.529411764705888,65,26470|고분로67번길|13,26470|연산동|328-16,standard,True,
26470,연산동,342-41,청마,청마,,,TRADE_0A592AA1E46F,unmatched,0.0,50.0,65,26470|과정로291번길|4,26470|연산동|342-41,standard,True,
26470,연산동,327-1,부림,부림(327-1),,,TRADE_82299B4E1BC7,unmatched,0.0,25.0,65,26470|고분로67번길|30,26470|연산동|327-1,standard,True,
26470,거제동,1470-11,전원시티빌,전원시티빌,,,TRADE_E1E0D08648A3,unmatched,0.0,22.22222222222222,41,26470|중앙대로|1178-2,26470|거제동|1470-11,standard,True,
26470,연산동,1341-7,시청역이즈팰리스2차,시청역이즈팰리스2차,시청역이즈팰리스1차,A10021542,A10021542,dong_fuzzy,90.0,90.0,65,26470|중앙대로1043번길|6,26470|연산동|1341-7,standard,False,
26500,광안동,379-12,성우스카이뷰,성우스카이뷰,,,TRADE_A0114A70BF6E,unmatched,0.0,28.57142857142857,22,26500|수영로545번길|13,26500|광안동|379-12,standard,True,
26500,광안동,736-2,늘푸른마을,늘푸른마을,,,TRADE_11697B978501,unmatched,0.0,0.0,22,26500|장대골로|25,26500|광안동|736-2,standard,True,
26500,남천동,70-7,남천팰리스,남천팰리스,,,TRADE_A5943B94E57C,unmatched,0.0,44.44444444444444,14,26500|남천서로|26,26500|남천동|70-7,standard,True,
26500,광안동,536-142,협성센트로2차,협성센트로2차,,,TRADE_F1533B5451AA,unmatched,0.0,47.05882352941176,22,26500|장대골로|32,26500|광안동|536-142,standard,True,
26500,망미동,408-1,협진태양맨션a동,협진태양맨션A동,,,TRADE_50EAACCA8697,unmatched,0.0,13.33333333333333,12,26500|망미번영로63번길|69,26500|망미동|408-1,standard,True,
26500,망미동,208-9,크라운,크라운,,,TRADE_D8DB72E3B524,unmatched,0.0,15.384615384615385,12,26500|좌수영로125번길|7,26500|망미동|208-9,standard,True,
26500,광안동,734-2,정원부르네오,정원부르네오,,,TRADE_72AAD86230D7,unmatched,0.0,25.0,22,26500|수영로587번길|39,26500|광안동|734-2,standard,True,
26530,괘법동,525-10,사상역경보센트리안,사상역경보센트리안,,,TRADE_4D07957F6F3B,unmatched,0.0,40.0,11,26530|사상로223번길|24,26530|괘법동|525-10,standard,True,
26710,일광읍삼성리,794,일광한신더휴센트럴포레1단지,일광한신더휴센트럴포레1단지,일광한신더휴센트럴포레,A10023912,A10023912,dong_fuzzy,88.0,88.0,11,26710|해빛1로|62,26710|일광읍삼성리|794,standard,True,
26710,기장읍대라리,905,행복리치빌,행복리치빌아파트,,,TRADE_42B38FA3D379,unmatched,0.0,19.999999999999996,4,26710|차성서로77번길|36-1,26710|기장읍대라리|905,standard,True,
26710,기장읍대라리,924,스카이아트빌,스카이아트빌,,,TRADE_E98D0641F140,unmatched,0.0,36.36363636363637,4,26710|차성남로|5,26710|기장읍대라리|924,standard,True,
26710,기장읍서부리,64-5,서인드림빌10차,서인드림빌10차,,,TRADE_BDA5F58465C8,unmatched,0.0,15.384615384615385,2,26710|읍내로15번길|27,26710|기장읍서부리|64-5,standard,True,
26710,정관읍달산리,141-5,성림,성림,,,TRADE_2FCEB8EAD140,unmatched,0.0,0.0,5,26710|정관로|744-41,26710|정관읍달산리|141-5,standard,True,
26710,기장읍동부리,335-13,대정베스트빌,대정베스트빌,,,TRADE_B6633DAF7B38,unmatched,0.0,33.333333333333336,4,26710|차성로321번길|11,26710|기장읍동부리|335-13,standard,True,
26710,기장읍대라리,172-6,동환라온제나기장,동환라온제나기장,,,TRADE_67C3E757D866,unmatched,0.0,28.57142857142857,4,26710|대청로36번길|37-7,26710|기장읍대라리|172-6,standard,True,
48250,외동,1325,다온채,다온채,,,TRADE_BA10A9D81EC9,unmatched,0.0,0.0,0,48250|분성로172번길|38,48250|외동|1325,strict_full_lot,True,
48250,풍유동,71-11,청호아트빌,청호아트빌(71-11),,,TRADE_C0448EC4F745,unmatched,0.0,0.0,0,48250|전하로27번길|10-13,48250|풍유동|71-11,strict_full_lot,True,
48250,외동,263,임호산파크빌,임호산파크빌(263-0),,,TRADE_CDACB54A3C5C,unmatched,0.0,0.0,0,48250|분성로|162-80,48250|외동|263,strict_full_lot,True,
48250,삼방동,181-2,아르테미스,아르테미스,,,TRADE_229B73140527,unmatched,0.0,0.0,0,48250|활천로267번길|6-12,48250|삼방동|181-2,strict_full_lot,True,
48250,삼방동,173-2,백송,백송,,,TRADE_C53D195817B5,unmatched,0.0,0.0,0,48250|활천로255번길|32-20,48250|삼방동|173-2,strict_full_lot,True,
48250,진영읍여래리,233-7,대건빌라트102동,대건빌라트102동,,,TRADE_4EFD66AC16B0,unmatched,0.0,0.0,0,48250|진영로|304-23,48250|진영읍여래리|233-7,strict_full_lot,True,
48250,어방동,1058-3,화목궁전빌라,화목궁전빌라(1058-3),,,TRADE_4EA918B2619F,unmatched,0.0,0.0,0,48250|인제로65번길|30,48250|어방동|1058-3,strict_full_lot,True,
48250,지내동,379,스타뷰,스타뷰,,,TRADE_8C85DA62E4BB,unmatched,0.0,0.0,0,48250|김해대로2715번길|64,48250|지내동|379,strict_full_lot,True,
48250,삼정동,660-9,성우타운,성우타운,,,TRADE_1DC7D6E192E8,unmatched,0.0,0.0,0,48250|김해대로2491번길|6-25,48250|삼정동|660-9,strict_full_lot,True,
48250,무계동,578,무계서희스타힐스,무계서희스타힐스,,,TRADE_96F39C382E87,unmatched,0.0,0.0,0,48250|장유로307번길|17,48250|무계동|578,strict_full_lot,True,
48250,삼정동,89-11,성우art빌,성우ART빌,,,TRADE_C338DEB8D77B,unmatched,0.0,0.0,0,48250|활천로|55,48250|삼정동|89-11,strict_full_lot,True,
48250,진영읍좌곤리,2-11,대근,대근(다라),,,TRADE_FAFE912A7062,unmatched,0.0,0.0,0,48250|진남로|9,48250|진영읍좌곤리|2-11,strict_full_lot,True,
48250,진영읍좌곤리,2-14,대근,대근(가나),대근아파트,A10021875,A10021875,manual_override,100.0,100.0,1,48250|진남로|3,48250|진영읍좌곤리|2-14,strict_full_lot,False,K-apt 법정주소와 지번 일치
48250,진영읍여래리,228,경도101동,경도아파트101동,,,TRADE_D6AEB973E29B,unmatched,0.0,0.0,0,48250|진영로265번길|47,48250|진영읍여래리|228,strict_full_lot,True,
48250,삼정동,602-7,금림,금림,,,TRADE_6DAED53A408D,unmatched,0.0,0.0,0,48250|김해대로2471번길|18,48250|삼정동|602-7,strict_full_lot,True,
48250,어방동,1114-5,삼성맥스빌5차,삼성맥스빌5차,,,TRADE_427FCB8D9B85,unmatched,0.0,0.0,0,48250|김해대로2529번길|6-3,48250|어방동|1114-5,strict_full_lot,True,
48250,진영읍진영리,343-46,하모니빌2,하모니빌-2,,,TRADE_7BE1514A47DC,unmatched,0.0,0.0,0,48250|진영로|72-3,48250|진영읍진영리|343-46,strict_full_lot,True,
48250,진영읍여래리,228-2,경도102동,경도아파트102동,,,TRADE_DA398B54D1D2,unmatched,0.0,0.0,0,48250|진영로265번길|49,48250|진영읍여래리|228-2,strict_full_lot,True,
48330,동면금산리,763,금산훼미리,금산훼미리,금산훼미리타운아파트,A10021445,A10021445,road_legal_address_exact,100.0,83.33333333333334,1,48330|금산3길|7,48330|동면금산리|763,strict_full_lot,False,
48330,남부동,467-3,무지개타운,무지개타운,,,TRADE_7820749F9F03,unmatched,0.0,0.0,0,48330|옥곡6길|14,48330|남부동|467-3,strict_full_lot,True,
48330,물금읍가촌리,553-2,문화아트빌,문화아트빌,,,TRADE_B3D33C6A8B05,unmatched,0.0,0.0,0,48330|가촌서7길|7,48330|물금읍가촌리|553-2,strict_full_lot,True,
48330,하북면순지리,636,통도위플러스,통도위플러스,,,TRADE_335042374970,unmatched,0.0,0.0,0,48330|신평5길|9,48330|하북면순지리|636,strict_full_lot,True,
48330,중부동,152-5,수근에이스타운,수근에이스타운,,,TRADE_311CFB2078AE,unmatched,0.0,0.0,0,48330|일동6길|11,48330|중부동|152-5,strict_full_lot,True,
48330,명동,709-1,대동빌라3차,대동빌라3차,,,TRADE_CC521C4C5A0A,unmatched,0.0,0.0,0,48330|외홈3길|10,48330|명동|709-1,strict_full_lot,True,
48330,삼호동,994-7,청구그린빌,청구그린빌,,,TRADE_4F855619C15E,unmatched,0.0,0.0,0,48330|삼호5길|5,48330|삼호동|994-7,strict_full_lot,True,
26110,영주동,1-92,동남파크,동남파크,,,TRADE_6CE0FCFA009D,unmatched,0.0,22.22222222222222,5,26110|망양로|459,26110|영주동|1-92,standard,True,
26110,대창동1가,54-30,양지,양지,,,TRADE_50DAD4AA8435,unmatched,0.0,0.0,1,26110|중앙대로115번길|2,26110|대창동1가|54-30,standard,True,
26110,보수동2가,35-1,해오름,해오름,,,TRADE_83F5DF695345,unmatched,0.0,0.0,0,26110|흑교로81번길|6,26110|보수동2가|35-1,standard,True,
26110,대청동4가,75-197,대청타워,대청타워,,,TRADE_CC75FB4C9610,unmatched,0.0,0.0,1,26110|대청북길|7,26110|대청동4가|75-197,standard,True,
26140,부용동1가,41-5,동양하이츠,동양하이츠,,,TRADE_2E6B838F02BA,unmatched,0.0,0.0,1,26140|흑교로105번길|21,26140|부용동1가|41-5,standard,True,
26140,암남동,산26-2,송도힐타운,송도힐타운,,,TRADE_6C37CA58E908,unmatched,0.0,44.44444444444444,14,26140|천해로13번라길|56,26140|암남동|산26-2,standard,True,
26140,토성동2가,6-4,스타파크,스타파크아파트,,,TRADE_92B97286386D,unmatched,0.0,0.0,0,26140|보수대로|63,26140|토성동2가|6-4,standard,True,
26140,충무동3가,1-114,에코팰리스3,에코팰리스3,,,TRADE_1767B385C7E8,unmatched,0.0,0.0,0,26140|충무시장길|50,26140|충무동3가|1-114,standard,True,
26140,서대신동1가,122-3,효정빌라,효정빌라,,,TRADE_EB2F3E0C3E8B,unmatched,0.0,0.0,1,26140|고운들로|110,26140|서대신동1가|122-3,standard,True,
26140,서대신동1가,50-4,우주그랜져빌리지,우주그랜져빌리지,,,TRADE_3047ACA93324,unmatched,0.0,14.28571428571429,1,26140|구덕로279번길|17,26140|서대신동1가|50-4,standard,True,
26140,서대신동2가,256-3,진은빌리지,진은빌리지,,,TRADE_1F4B27C8CBD2,unmatched,0.0,15.384615384615385,3,26140|대영로|13-10,26140|서대신동2가|256-3,standard,True,
26140,토성동2가,7-4,문화,문화,,,TRADE_303C3DC1DEFD,unmatched,0.0,0.0,0,26140|구덕로186번길|37,26140|토성동2가|7-4,standard,True,
26140,동대신동3가,553,브라운스톤하이포레,브라운스톤하이포레,동대신동 브라운스톤하이포레아파트,A10024875,A10024875,road_address_exact,100.0,81.81818181818181,1,26140|동대로19번길|32,26140|동대신동3가|553,standard,False,
26170,좌천동,832-5,하승빌라,하승빌라,,,TRADE_35D3319FEBDD,unmatched,0.0,13.33333333333333,5,26170|좌천로|40,26170|좌천동|832-5,standard,True,
26170,초량동,588-10,썬라이즈a동,썬라이즈A동,,,TRADE_8757AA37A562,unmatched,0.0,23.529411764705888,10,26170|초량중로|30,26170|초량동|588-10,standard,True,
26170,초량동,754-1362,선빌리지,선빌리지,,,TRADE_A4DAAAC36E99,unmatched,0.0,16.666666666666664,10,26170|구봉북길|5,26170|초량동|754-1362,standard,True,
26200,동삼동,335-1,건아맨션,건아맨션(335-1),,,TRADE_CD7A72EBE172,unmatched,0.0,40.0,23,26200|동삼로50번길|30,26200|동삼동|335-1,standard,True,
26200,남항동3가,100,남항화랑맨션,남항화랑맨션,,,TRADE_D0923CBA55F2,unmatched,0.0,0.0,0,26200|절영로94번길|14,26200|남항동3가|100,standard,True,
26200,남항동2가,230-2,유진캐슬3차,유진캐슬3차아파트,,,TRADE_3163C2DE8144,unmatched,0.0,0.0,0,26200|절영로93번길|35,26200|남항동2가|230-2,standard,True,
26200,청학동,49-25,대경위너스,대경위너스,,,TRADE_F0E8166DC357,unmatched,0.0,15.384615384615385,9,26200|태종로|404,26200|청학동|49-25,standard,True,
26200,청학동,460-2,청운,청운,,,TRADE_30DD5CD5BAFE,unmatched,0.0,33.333333333333336,9,26200|와치로|23,26200|청학동|460-2,standard,True,
26200,동삼동,399-14,전원그린빌라,전원그린빌라,,,TRADE_569B90DBA04A,unmatched,0.0,40.0,23,26200|태종로|664,26200|동삼동|399-14,standard,True,
26230,전포동,178-70,한성타운,한성타운(101동),,,TRADE_A4F043D39BF3,unmatched,0.0,36.36363636363637,23,26230|동성로118번길|16,26230|전포동|178-70,standard,True,
26230,양정동,388-6,타워팰리스,타워팰리스,,,TRADE_20511A1317C3,unmatched,0.0,50.0,13,26230|거제대로36번가길|30,26230|양정동|388-6,standard,True,
26230,전포동,344-12,새한아트빌,새한아트빌,,,TRADE_D5D628FC215D,unmatched,0.0,40.0,23,26230|동성로39번길|35,26230|전포동|344-12,standard,True,
26230,초읍동,359-1,성지잉카빌리지,성지잉카빌리지,,,TRADE_13CF6B1C2784,unmatched,0.0,33.333333333333336,10,26230|성지곡로51번길|30,26230|초읍동|359-1,standard,True,
26230,전포동,890-35,경원프라우드빌i,경원프라우드빌-I,,,TRADE_644C5896A971,unmatched,0.0,25.0,23,26230|전포대로171번길|23,26230|전포동|890-35,standard,True,
26230,부암동,452-35,한림,한림,,,TRADE_D72B17ED7013,unmatched,0.0,0.0,27,26230|백양순환로123번길|30,26230|부암동|452-35,standard,True,
26230,개금동,523-11,남경캐슬,남경캐슬,,,TRADE_A93671D55C12,unmatched,0.0,40.0,23,26230|복지로8번길|27,26230|개금동|523-11,standard,True,
26230,부전동,454-2,서면tk골드뷰,서면TK골드뷰,,,TRADE_7293E429854A,unmatched,0.0,28.57142857142857,7,26230|신천대로|100,26230|부전동|454-2,standard,True,
26230,범천동,1287-2,협동,협동,,,TRADE_F52D6291D5CB,unmatched,0.0,22.22222222222222,24,26230|신암로39번길|32,26230|범천동|1287-2,standard,True,
26230,양정동,141-5,다사랑빌,다사랑빌,,,TRADE_AE772FEE4564,unmatched,0.0,19.999999999999996,13,26230|중앙대로980번길|33,26230|양정동|141-5,standard,True,
26230,연지동,156-12,금광예다움,금광예다움,,,TRADE_D7C8A5838995,unmatched,0.0,0.0,14,26230|동평로223번길|17-9,26230|연지동|156-12,standard,True,
26260,온천동,1443-4,듀오빌,듀오빌,,,TRADE_65D4789D1A7B,unmatched,0.0,18.181818181818176,42,26260|충렬대로|114,26260|온천동|1443-4,standard,True,
26260,온천동,1056-6,일신하일라빌리지,일신하일라빌리지,,,TRADE_D93CDBCE017E,unmatched,0.0,25.0,42,26260|우장춘로63번길|46,26260|온천동|1056-6,standard,True,
26260,온천동,1378-17,골드리버,골드리버,,,TRADE_AF32080559C7,unmatched,0.0,19.999999999999996,42,26260|여고북로73번길|32,26260|온천동|1378-17,standard,True,
26260,수안동,535-1,화승빌라,화승빌라,,,TRADE_35F319F1C9D8,unmatched,0.0,25.0,11,26260|명륜로98번길|23,26260|수안동|535-1,standard,True,
26260,낙민동,327,온천천경동리인타워,온천천경동리인타워,온천천경동리인타워,A10025464,A10025464,road_address_exact,100.0,100.0,1,26260|수안로8번길|62,26260|낙민동|327,standard,False,
26260,온천동,1424-16,휴림아르페,휴림아르페,,,TRADE_62C2051B0AD5,unmatched,0.0,26.66666666666667,42,26260|미남로|138,26260|온천동|1424-16,standard,True,
26260,온천동,1234-13,m포레뷰,M포레뷰,,,TRADE_3F125DD94492,unmatched,0.0,33.333333333333336,42,26260|석사북로|105,26260|온천동|1234-13,standard,True,
26260,온천동,1055,명조빌라,명조빌라,,,TRADE_EFDAD08C908B,unmatched,0.0,33.333333333333336,42,26260|금정마을로139번길|54,26260|온천동|1055,standard,True,
26260,온천동,1448-18,태경에버리치2차,태경에버리치2차,,,TRADE_8CBE80276B7F,unmatched,0.0,22.22222222222222,42,26260|미남로102번길|7,26260|온천동|1448-18,standard,True,
26260,온천동,1242-23,삼성월드빌,삼성월드빌,,,TRADE_468FFF426279,unmatched,0.0,22.22222222222222,42,26260|사직북로48번길|159,26260|온천동|1242-23,standard,True,
26260,온천동,1212-1,신보빌라,신보빌라,,,TRADE_35EDA0C23395,unmatched,0.0,26.66666666666667,42,26260|쇠미로|209-8,26260|온천동|1212-1,standard,True,
26260,온천동,1222-11,대곡그린빌라,대곡그린빌라,,,TRADE_773127E0839A,unmatched,0.0,28.57142857142857,42,26260|사직북로48번길|194,26260|온천동|1222-11,standard,True,
26260,명륜동,450-20,명륜소도베르크,명륜소도베르크,,,TRADE_7F17D2D9DAB3,unmatched,0.0,46.15384615384615,12,26260|삼성대길|16,26260|명륜동|450-20,standard,True,
26260,온천동,1632-28,현대빌라,현대빌라,,,TRADE_D5E9B9A71F2C,unmatched,0.0,66.66666666666667,42,26260|쇠미로121번길|48-15,26260|온천동|1632-28,standard,True,
26260,온천동,189-18,신화하니엘더라임,신화하니엘더라임,,,TRADE_8E71514F97AF,unmatched,0.0,33.333333333333336,42,26260|금강로106번길|41,26260|온천동|189-18,standard,True,
26260,온천동,1220-1,현대그랜드빌라,현대그랜드빌라,,,TRADE_3D58C95AC370,unmatched,0.0,44.44444444444444,42,26260|석사북로95번길|48-26,26260|온천동|1220-1,standard,True,
26260,명장동,147-29,영화맨션,영화맨션,,,TRADE_F605EE2BCFC1,unmatched,0.0,40.0,13,26260|명장로|85,26260|명장동|147-29,standard,True,
26290,용호동,364-3,영신맨션1동,영신맨션1동,,,TRADE_A685DD3D39F9,unmatched,0.0,33.333333333333336,22,26290|용호로123번길|69,26290|용호동|364-3,standard,True,
26290,대연동,875-8,정원힐타워,정원힐타워,,,TRADE_82A75F6B0833,unmatched,0.0,36.36363636363637,33,26290|유엔평화로29번길|29,26290|대연동|875-8,standard,True,
26290,대연동,871-20,태백하우징빌라,태백하우징빌라(871-20),,,TRADE_64E66495DD1A,unmatched,0.0,30.76923076923077,33,26290|유엔평화로41번길|67,26290|대연동|871-20,standard,True,
26290,용호동,296-3,일성주택,일성주택,,,TRADE_4BDA583B3932,unmatched,0.0,28.57142857142857,22,26290|동명로101번길|27,26290|용호동|296-3,standard,True,
26290,문현동,238-5,금호천지맨션,금호천지맨션,,,TRADE_5A08F21C604A,unmatched,0.0,33.333333333333336,23,26290|수영로39번가길|71-24,26290|문현동|238-5,standard,True,
26290,문현동,805-1,홍익빌레트,홍익빌레트Ⅲ,,,TRADE_6044F3CDB74B,unmatched,0.0,19.999999999999996,23,26290|전포대로|23,26290|문현동|805-1,standard,True,
26290,용호동,485-8,목련4차,목련4차,,,TRADE_DC0ACB77001E,unmatched,0.0,0.0,22,26290|동명로132번길|98,26290|용호동|485-8,standard,True,
26290,대연동,1171-19,부마힐타워,부마힐타워,,,TRADE_B0D9BC254554,unmatched,0.0,36.36363636363637,33,26290|석포로|70,26290|대연동|1171-19,standard,True,
26290,대연동,893-9,광이드림타워,광이드림타워,,,TRADE_5F0A6F025E21,unmatched,0.0,33.333333333333336,33,26290|유엔평화로42번길|35,26290|대연동|893-9,standard,True,
26290,대연동,852-9,대정빌라,대정빌라(852-9),,,TRADE_B53035E66516,unmatched,0.0,36.36363636363637,33,26290|유엔평화로47번길|101,26290|대연동|852-9,standard,True,
26290,대연동,1748-12,교보타워,교보타워,,,TRADE_BBB98C44AC01,unmatched,0.0,40.0,33,26290|유엔평화로10번길|15,26290|대연동|1748-12,standard,True,
26320,구포동,1120-4,명굉강변맨션,명굉강변맨션,,,TRADE_4ED5AA0140CD,unmatched,0.0,0.0,22,26320|낙동대로|1586,26320|구포동|1120-4,standard,True,
26320,덕천동,409-18,소호,소호(7동),,,TRADE_9220E11F9CE9,unmatched,0.0,0.0,16,26320|의성로115번길|117,26320|덕천동|409-18,standard,True,
26320,구포동,1242-6,전망좋은방,전망좋은방,,,TRADE_7EF754407215,unmatched,0.0,0.0,22,26320|시랑로185번길|57,26320|구포동|1242-6,standard,True,
26320,구포동,1248-7,백조그린타운,백조그린타운,,,TRADE_EAEA854FCAE1,unmatched,0.0,66.66666666666667,22,26320|시랑로|158,26320|구포동|1248-7,standard,True,
26320,구포동,431-1,지움포유,지움포유,,,TRADE_46474B51026F,unmatched,0.0,30.76923076923077,22,26320|낙동대로1766번길|50,26320|구포동|431-1,standard,True,
26320,구포동,896-1,부송빌라,부송빌라,,,TRADE_6CA3ED580F6E,unmatched,0.0,19.999999999999996,22,26320|백양대로1016번가길|7,26320|구포동|896-1,standard,True,
26320,화명동,1567-1,새진흥맨션,새진흥맨션,,,TRADE_6861278F3A2B,unmatched,0.0,0.0,29,26320|산성로|17-7,26320|화명동|1567-1,standard,True,
26320,구포동,782-25,삼현,삼현,,,TRADE_9E965362EEE4,unmatched,0.0,33.333333333333336,22,26320|시랑로48번길|48,26320|구포동|782-25,standard,True,
26350,재송동,152,명유그린,명유그린,,,TRADE_409AF37D7EBD,unmatched,0.0,50.0,31,26350|재반로64번길|42,26350|재송동|152,standard,True,
26350,우동,493-1,아림비치,아림비치,,,TRADE_7E128ECCEFBE,unmatched,0.0,50.0,49,26350|우동1로|37,26350|우동|493-1,standard,True,
26350,중동,1488-1,동보하이츠,동보하이츠,,,TRADE_585EBBAEF896,unmatched,0.0,42.85714285714286,29,26350|달맞이길117번가길|190,26350|중동|1488-1,standard,True,
26350,우동,182-3,태석102동,태석102동,,,TRADE_938C680F9FC6,unmatched,0.0,28.57142857142857,49,26350|우동2로30번가길|23,26350|우동|182-3,standard,True,
26350,재송동,1130-10,늘푸른아트빌,늘푸른아트빌,,,TRADE_44271408EE83,unmatched,0.0,28.57142857142857,31,26350|재반로112번길|15,26350|재송동|1130-10,standard,True,
26350,재송동,1123-26,유원임페리얼빌리지,유원임페리얼빌리지,,,TRADE_30465298CCB8,unmatched,0.0,28.57142857142857,31,26350|재반로84번길|116,26350|재송동|1123-26,standard,True,
26350,재송동,104-2,센텀대원,센텀대원,,,TRADE_246ABAB4EA86,unmatched,0.0,50.0,31,26350|재반로|24,26350|재송동|104-2,standard,True,
26350,우동,265-44,덕성빌라,덕성빌라,,,TRADE_C084FE7046E6,unmatched,0.0,40.0,49,26350|우동2로30번길|103,26350|우동|265-44,standard,True,
26350,중동,1503-7,동부스타빌라,동부스타빌라,,,TRADE_9E2561D30EC3,unmatched,0.0,36.36363636363637,29,26350|달맞이길65번길|129,26350|중동|1503-7,standard,True,
26350,중동,1497-7,벽산첼시빌,벽산첼시빌,,,TRADE_40814FAAC299,unmatched,0.0,23.529411764705888,29,26350|달맞이길117번다길|66,26350|중동|1497-7,standard,True,
26350,중동,1501-5,디마크하우스,디마크하우스,,,TRADE_A130B2C2EE4E,unmatched,0.0,28.57142857142857,29,26350|달맞이길117번가길|94,26350|중동|1501-5,standard,True,
26380,하단동,870-67,동조리젠시2,동조리젠시2,,,TRADE_B8EAF3685600,unmatched,0.0,16.666666666666664,12,26380|낙동남로1353번길|31,26380|하단동|870-67,standard,True,
26380,하단동,870-90,한주,한주,,,TRADE_6CC34BBE3152,unmatched,0.0,33.333333333333336,12,26380|낙동남로|1366,26380|하단동|870-90,standard,True,
26380,당리동,354-2,대암가든,대암가든,,,TRADE_A8C1E04200E4,unmatched,0.0,0.0,16,26380|승학로131번길|41,26380|당리동|354-2,standard,True,
26380,당리동,325-19,휴누리,휴누리,,,TRADE_FAA4D1C6344C,unmatched,0.0,28.57142857142857,16,26380|제석로18번길|61,26380|당리동|325-19,standard,True,
26380,하단동,509-6,문화,문화,,,TRADE_63C67A9D7057,unmatched,0.0,0.0,12,26380|승학로17번길|69,26380|하단동|509-6,standard,True,
26380,괴정동,772-29,강진노블레스,강진노블레스,,,TRADE_14B43AB3A5C1,unmatched,0.0,18.181818181818176,29,26380|승학로|191,26380|괴정동|772-29,standard,True,
26380,괴정동,577-2,한아루시빌,한아루시빌,,,TRADE_A81849DDF531,unmatched,0.0,22.22222222222222,29,26380|낙동대로|318,26380|괴정동|577-2,standard,True,
26380,장림동,60-39,삼경제일,삼경제일,,,TRADE_3C01CFC70611,unmatched,0.0,50.0,26,26380|두송로|68,26380|장림동|60-39,standard,True,
26380,괴정동,891-8,아람,아람,,,TRADE_6A41782D05D8,unmatched,0.0,22.22222222222222,29,26380|낙동대로233번길|4,26380|괴정동|891-8,standard,True,
26380,하단동,517-18,유원블루파크비동,유원블루파크비동,,,TRADE_E13279858129,unmatched,0.0,0.0,12,26380|낙동남로1389번길|13-12,26380|하단동|517-18,standard,True,
26380,감천동,361,신흥동백,신흥동백(361),,,TRADE_4DD717E1C56A,unmatched,0.0,25.0,10,26380|암남공원로521번길|30,26380|감천동|361,standard,True,
26380,하단동,589-9,무진,무진,,,TRADE_EB33ADAF8768,unmatched,0.0,0.0,12,26380|하신중앙로335번길|10,26380|하단동|589-9,standard,True,
26410,장전동,521-85,금정초원,금정초원,,,TRADE_110F690D8E0F,unmatched,0.0,50.0,17,26410|금샘로18번길|5,26410|장전동|521-85,standard,True,
26410,남산동,265-25,더존빌,더존빌,,,TRADE_3E110C83AD0C,unmatched,0.0,0.0,8,26410|금단로170번길|63,26410|남산동|265-25,standard,True,
26410,서동,40-13,정원맨션,정원맨션,,,TRADE_4BFD0FE695D9,unmatched,0.0,0.0,4,26410|금사로51번길|54,26410|서동|40-13,standard,True,
26410,부곡동,64-20,금정빌리지,금정빌리지,,,TRADE_A33D1D792DFF,unmatched,0.0,16.666666666666664,27,26410|중앙대로1763번길|36-11,26410|부곡동|64-20,standard,True,
26410,남산동,84-7,경원a동,경원A동,,,TRADE_57A4DFBB735D,unmatched,0.0,44.44444444444444,8,26410|범어천로28번길|11,26410|남산동|84-7,standard,True,
26410,남산동,991-1,거성경원,거성경원,,,TRADE_25901E00E7EC,unmatched,0.0,25.0,8,26410|금샘로|497,26410|남산동|991-1,standard,True,
26410,구서동,420-23,남영하이빌,남영하이빌,,,TRADE_1F08D07EC5D1,unmatched,0.0,22.22222222222222,25,26410|부곡온천천로|202,26410|구서동|420-23,standard,True,
26410,남산동,3-28,평광청솔,평광청솔,,,TRADE_B4362E4982B7,unmatched,0.0,0.0,8,26410|금단로|104,26410|남산동|3-28,standard,True,
26410,구서동,87-16,천양스카이빌,천양스카이빌,,,TRADE_8A4E71471F75,unmatched,0.0,18.181818181818176,25,26410|금강로446번길|8,26410|구서동|87-16,standard,True,
26410,부곡동,775-5,부곡,부곡,,,TRADE_3D21DF082FE9,unmatched,0.0,66.66666666666667,27,26410|서동로|40,26410|부곡동|775-5,standard,True,
26410,금사동,30-19,안성빌라,안성빌라(30-19),,,TRADE_FACB08F6D0EA,unmatched,0.0,0.0,2,26410|금사로107번길|16,26410|금사동|30-19,standard,True,
26410,구서동,258-11,송림빌라,송림빌라,,,TRADE_17D040225FFD,unmatched,0.0,19.999999999999996,25,26410|금강로|456,26410|구서동|258-11,standard,True,
26410,구서동,265-1,한진,한진아파트,,,TRADE_DB613622B154,unmatched,0.0,22.22222222222222,25,26410|금단로|37,26410|구서동|265-1,standard,True,
26410,청룡동,315,로얄팰리스,로얄팰리스,,,TRADE_969C35AF7F9F,unmatched,0.0,14.28571428571429,4,26410|청룡예전로|78,26410|청룡동|315,standard,True,
26410,구서동,458-1,라경유닉스빌라트,라경유닉스빌라트,,,TRADE_332C3E254E02,unmatched,0.0,16.666666666666664,25,26410|금강로423번길|11,26410|구서동|458-1,standard,True,
26410,구서동,415-8,한진스카이,한진스카이,,,TRADE_F4373A02FA12,unmatched,0.0,16.666666666666664,25,26410|금정로233번길|21,26410|구서동|415-8,standard,True,
26410,남산동,84-22,해성,해성,,,TRADE_610167B349DB,unmatched,0.0,33.333333333333336,8,26410|범어천로|28,26410|남산동|84-22,standard,True,
26410,남산동,48-3,우남카사벨라,우남카사벨라,,,TRADE_FC598129D427,unmatched,0.0,30.76923076923077,8,26410|중앙대로|2085,26410|남산동|48-3,standard,True,
26470,연산동,1261-14,우일빌라,우일빌라,,,TRADE_94F840638322,unmatched,0.0,26.66666666666667,65,26470|중앙천로80번길|40,26470|연산동|1261-14,standard,True,
26470,거제동,211-4,한성,한성,,,TRADE_F3CC5F71AC5B,unmatched,0.0,33.333333333333336,41,26470|교대로24번길|63,26470|거제동|211-4,standard,True,
26470,연산동,1777-11,연산훼미리타운,연산훼미리타운,,,TRADE_A72258ACCFC4,unmatched,0.0,53.333333333333336,65,26470|쌍미천로|58,26470|연산동|1777-11,standard,True,
26470,연산동,469-8,모던아트빌,모던아트빌,,,TRADE_6947D2E4034D,unmatched,0.0,28.57142857142857,65,26470|고분로235번길|47,26470|연산동|469-8,standard,True,
26470,연산동,1289-1,kh파인빌,KH파인빌,,,TRADE_4A6C07BD556C,unmatched,0.0,19.999999999999996,65,26470|월드컵대로153번길|34,26470|연산동|1289-1,standard,True,
26470,연산동,1829-3,중경,중경,,,TRADE_85C7224EFDBC,unmatched,0.0,33.333333333333336,65,26470|연미로13번길|16,26470|연산동|1829-3,standard,True,
26470,거제동,1470-12,전원빌리지,전원빌리지,,,TRADE_57EE60ABFC70,unmatched,0.0,22.22222222222222,41,26470|중앙대로|1178-3,26470|거제동|1470-12,standard,True,
26470,거제동,739-10,진흥하늘이,진흥하늘이,,,TRADE_977BE8DA5CD7,unmatched,0.0,33.333333333333336,41,,26470|거제동|739-10,standard,True,
26470,연산동,2141-5,동양,동양,,,TRADE_62D9B6BFF0C1,unmatched,0.0,33.333333333333336,65,26470|배산북로23번길|31,26470|연산동|2141-5,standard,True,
26470,연산동,420-1,서연하이츠,서연하이츠,,,TRADE_A68F75BAE2AA,unmatched,0.0,60.0,65,26470|과정로192번길|42,26470|연산동|420-1,standard,True,
26470,연산동,1005-11,늘푸른파크,늘푸른파크,,,TRADE_DCDEA829E6ED,unmatched,0.0,40.0,65,26470|연동로13번길|30,26470|연산동|1005-11,standard,True,
26470,연산동,1645-2,동해,동해,,,TRADE_E0072AE0E050,unmatched,0.0,33.333333333333336,65,26470|중앙천로73번길|11,26470|연산동|1645-2,standard,True,
26470,연산동,1936-21,루미랑스,루미랑스,,,TRADE_C6D22CFF28A8,unmatched,0.0,26.66666666666667,65,26470|연수로|157,26470|연산동|1936-21,standard,True,
26500,민락동,156-15,이화맨션가동,이화맨션가동,,,TRADE_A55CC370B4EF,unmatched,0.0,15.384615384615385,13,26500|감포로|10,26500|민락동|156-15,standard,True,
26500,민락동,29-7,홍익라이프가동,홍익라이프가동,,,TRADE_D7C4C89B77C1,unmatched,0.0,14.28571428571429,13,26500|광남로|251,26500|민락동|29-7,standard,True,
26500,광안동,741-15,삼강네오빌,삼강네오빌,,,TRADE_E57006390284,unmatched,0.0,15.384615384615385,22,26500|장대골로7번길|15,26500|광안동|741-15,standard,True,
26500,광안동,517-7,한울베스트빌라,한울베스트빌라,,,TRADE_7CA9E851514C,unmatched,0.0,28.57142857142857,22,26500|광일로56번길|5,26500|광안동|517-7,standard,True,
26500,민락동,14-22,대유빌아트,대유빌아트,,,TRADE_F64CA2787881,unmatched,0.0,16.666666666666664,13,26500|광남로|262,26500|민락동|14-22,standard,True,
26500,광안동,546-1,광안센템빌,광안센템빌,,,TRADE_FBEAD503BDC9,unmatched,0.0,46.15384615384615,22,26500|장대골로|51-4,26500|광안동|546-1,standard,True,
26500,남천동,52-1,홍성,홍성,,,TRADE_4241FE37CB3B,unmatched,0.0,25.0,14,26500|황령산로7번길|3,26500|남천동|52-1,standard,True,
26500,수영동,450-14,엑스젠플레이스,엑스젠플레이스,,,TRADE_74F330CEF42E,unmatched,0.0,11.764705882352944,3,26500|연수로|403,26500|수영동|450-14,standard,True,
26500,망미동,458-4,영미,영미(나동),,,TRADE_BC3FF9EC6475,unmatched,0.0,33.333333333333336,12,26500|과정로91번길|52,26500|망미동|458-4,standard,True,
26500,남천동,72-4,다사랑빌,다사랑빌,,,TRADE_E195C1392C3E,unmatched,0.0,0.0,14,26500|남천서로25번길|17,26500|남천동|72-4,standard,True,
26500,광안동,546-3,세종타워,세종타워,,,TRADE_B9E73B5789C4,unmatched,0.0,16.666666666666664,22,26500|장대골로57번길|3,26500|광안동|546-3,standard,True,
26500,광안동,184-12,블루빌,블루빌아파트,,,TRADE_412376001AD9,unmatched,0.0,22.22222222222222,22,26500|광남로|87,26500|광안동|184-12,standard,True,
26500,광안동,1073-2,로타리,로타리,,,TRADE_8E2086CF6E03,unmatched,0.0,22.22222222222222,22,26500|광서로10번길|65,26500|광안동|1073-2,standard,True,
26500,광안동,199-2,에이스로얄팰리스,에이스로얄팰리스,,,TRADE_705746285D1C,unmatched,0.0,16.666666666666664,22,26500|광남로|102,26500|광안동|199-2,standard,True,
26500,민락동,34-9,민락동화맨션가동,민락동화맨션가동,,,TRADE_1E5001E44E0C,unmatched,0.0,13.33333333333333,13,26500|민락본동로19번길|63,26500|민락동|34-9,standard,True,
26530,괘법동,524-46,대현101동,대현101동,,,TRADE_E39E749875E3,unmatched,0.0,16.666666666666664,11,26530|사상로233번길|12,26530|괘법동|524-46,standard,True,
26530,괘법동,547-15,대성캐슬,대성캐슬,,,TRADE_6284D9728CE6,unmatched,0.0,0.0,11,26530|광장로86번길|12,26530|괘법동|547-15,standard,True,
26530,괘법동,521-1,사상센텀,사상센텀아파트,,,TRADE_6256D1491271,unmatched,0.0,50.0,11,26530|광장로21번길|46,26530|괘법동|521-1,standard,True,
26530,엄궁동,37-8,강남,강남,,,TRADE_AB060400224F,unmatched,0.0,0.0,12,26530|엄궁로|180,26530|엄궁동|37-8,standard,True,
26530,학장동,585-19,삼광,삼광(585-19),,,TRADE_476D5AD14FA8,unmatched,0.0,33.333333333333336,17,26530|대동로159번길|117,26530|학장동|585-19,standard,True,
26530,괘법동,524-15,파밀리아2,파밀리아2,,,TRADE_7F4207256818,unmatched,0.0,18.181818181818176,11,26530|광장로37번길|66,26530|괘법동|524-15,standard,True,
26710,기장읍동부리,362-4,센텀스위트홈,센텀스위트홈,,,TRADE_B1D516480E07,unmatched,0.0,16.666666666666664,4,26710|차성동로102번길|17,26710|기장읍동부리|362-4,standard,True,
26710,기장읍동부리,362-3,선아베스트빌,선아베스트빌,,,TRADE_5C3823B3350C,unmatched,0.0,33.333333333333336,4,26710|차성동로102번길|11,26710|기장읍동부리|362-3,standard,True,
26710,기장읍대라리,1024,한평드림빌,한평드림빌,,,TRADE_2A8A8FF824D1,unmatched,0.0,19.999999999999996,4,26710|차성남로35번길|3,26710|기장읍대라리|1024,standard,True,
26710,정관읍방곡리,380,가화만사성정관타운,가화만사성정관타운,가화만사성정관타운아파트,A10028142,A10028142,road_legal_address_exact,100.0,100.0,1,26710|방곡로|39,26710|정관읍방곡리|380,standard,False,
26710,기장읍대라리,97-6,남평파크뷰,남평파크뷰,,,TRADE_EEF9948DF779,unmatched,0.0,0.0,4,26710|차성남로89번길|5-7,26710|기장읍대라리|97-6,standard,True,
26710,기장읍동부리,376-5,리츠,리츠아파트,,,TRADE_1F1AF724DF86,unmatched,0.0,0.0,4,26710|차성로436번길|78,26710|기장읍동부리|376-5,standard,True,
48250,무계동,110-3,백조,백조,,,TRADE_084A66073835,unmatched,0.0,0.0,0,48250|장유로307번길|39-12,48250|무계동|110-3,strict_full_lot,True,
48250,삼계동,1547,해반천한라비발디,해반천한라비발디,해반천 한라비발디,A10024556,A10024556,road_legal_address_exact,100.0,100.0,1,48250|김해대로1765번길|7,48250|삼계동|1547,strict_full_lot,False,
48250,전하동,448-1,플러스,플러스,,,TRADE_F3FC52E3D3AB,unmatched,0.0,0.0,0,48250|전하로222번길|17-7,48250|전하동|448-1,strict_full_lot,True,
48250,삼방동,579-6,경성,경성,,,TRADE_94096A30F581,unmatched,0.0,0.0,0,48250|삼안로297번길|29-5,48250|삼방동|579-6,strict_full_lot,True,
48250,흥동,6-3,두산임호빌,두산임호빌,,,TRADE_95E73ABDC20A,unmatched,0.0,0.0,0,48250|흥동로171번길|20,48250|흥동|6-3,strict_full_lot,True,
48250,어방동,467,더블리안주상복합3차,더블리안주상복합3차,,,TRADE_5520996454F2,unmatched,0.0,0.0,0,48250|활천로237번길|5-5,48250|어방동|467,strict_full_lot,True,
48250,진례면송정리,165-2,송정,송정,,,TRADE_DDD81C3F1AFE,unmatched,0.0,0.0,0,48250|송현로52번길|25-1,48250|진례면송정리|165-2,strict_full_lot,True,
48330,동면석산리,961-6,신우석산,신우석산아파트,,,TRADE_AD4E97B8AAD1,unmatched,0.0,0.0,0,48330|월리길|1,48330|동면석산리|961-6,strict_full_lot,True,
26110,영주동,248-1,청운2동,청운아파트2동,,,TRADE_9A04BFD77164,unmatched,0.0,19.999999999999996,5,26110|망양로|375,26110|영주동|248-1,standard,True,
26140,서대신동2가,570,대신푸르지오2차,대신푸르지오2차,대신2차푸르지오,A10024535,A10024535,road_address_exact,100.0,75.0,1,26140|고운들로|181,26140|서대신동2가|570,standard,False,
26140,부민동1가,12-2,다사랑빌,다사랑빌,,,TRADE_3BDB6C6CBDD6,unmatched,0.0,0.0,0,26140|구덕로222번길|14,26140|부민동1가|12-2,standard,True,
26140,서대신동3가,293-6,대승스위트,대승스위트,,,TRADE_C235EF7ADDD2,unmatched,0.0,26.66666666666667,8,26140|구덕로333번길|18,26140|서대신동3가|293-6,standard,True,
26140,토성동5가,37-1,도경나나빌,도경나나빌,,,TRADE_0B7BE7534A07,unmatched,0.0,0.0,0,26140|구덕로142번길|20,26140|토성동5가|37-1,standard,True,
26140,동대신동3가,357-2,한영리더스,한영리더스,,,TRADE_3D330C6408A5,unmatched,0.0,11.111111111111116,3,26140|대영로73번길|75,26140|동대신동3가|357-2,standard,True,
26140,토성동5가,22-2,헤리츠,헤리츠아파트,,,TRADE_91D2363E399D,unmatched,0.0,0.0,0,26140|구덕로148번길|10,26140|토성동5가|22-2,standard,True,
26140,토성동3가,4-3,부백자연애,부백자연애,,,TRADE_FBA3A6E33748,unmatched,0.0,0.0,0,26140|대청로6번길|39,26140|토성동3가|4-3,standard,True,
26140,동대신동3가,477-3,세전은화빌라,세전은화빌라,,,TRADE_DD03FE79C4FE,unmatched,0.0,19.999999999999996,3,26140|구덕로322번길|21,26140|동대신동3가|477-3,standard,True,
26140,남부민동,30-1,문화,문화,,,TRADE_EF6549D1791D,unmatched,0.0,0.0,6,26140|천마로187번길|20,26140|남부민동|30-1,standard,True,
26140,암남동,552-2,일원타워맨션,일원타워맨션,,,TRADE_31E19E352B88,unmatched,0.0,16.666666666666664,14,26140|장군산로46번길|27,26140|암남동|552-2,standard,True,
26140,동대신동3가,140,구덕금호,구덕금호,구덕금호아파트,A10022287,A10022287,road_legal_address_exact,100.0,100.0,1,26140|보수대로242번길|6,26140|동대신동3가|140,standard,False,
26140,충무동2가,36-1,대륙타워b,대륙타워B,,,TRADE_03F9ABB0F1DD,unmatched,0.0,0.0,0,26140|천마로205번길|37-3,26140|충무동2가|36-1,standard,True,
26140,서대신동3가,249-20,대신타워빌,대신타워빌,,,TRADE_739DE861E49C,unmatched,0.0,44.44444444444444,8,26140|망양로|50-1,26140|서대신동3가|249-20,standard,True,
26170,수정동,1043-21,수정동하이츠빌리지,수정동하이츠빌리지,,,TRADE_6CCD7C92264B,unmatched,0.0,10.526315789473683,3,26170|홍곡남로18번길|23-4,26170|수정동|1043-21,standard,True,
26170,초량동,106-10,그린시티빌,그린시티빌,,,TRADE_C4EAB5FF2C98,unmatched,0.0,12.5,10,26170|고관로13번길|33,26170|초량동|106-10,standard,True,
26170,초량동,110-37,큰소나무빌라,큰소나무빌라,,,TRADE_36DF6070C1B7,unmatched,0.0,11.764705882352944,10,26170|홍곡로|18,26170|초량동|110-37,standard,True,
26170,초량동,824-152,성보리치빌,성보리치빌,,,TRADE_F4CA64879670,unmatched,0.0,15.384615384615385,10,26170|초량남로|16,26170|초량동|824-152,standard,True,
26170,초량동,424-3,동성아트빌,동성아트빌,,,TRADE_DAE5E04E8682,unmatched,0.0,13.33333333333333,10,26170|중앙대로195번가길|39,26170|초량동|424-3,standard,True,
26170,수정동,1-74,오름castle,오름CASTLE,,,TRADE_B21CA0978735,unmatched,0.0,9.999999999999998,3,26170|중앙대로389번길|10,26170|수정동|1-74,standard,True,
26200,동삼동,360-1,신흥동백1차,신흥동백1차,,,TRADE_2D732FA0C5CD,unmatched,0.0,36.36363636363637,23,26200|태종로|644,26200|동삼동|360-1,standard,True,
26200,봉래동2가,65-1,대교마루빌,대교마루빌,,,TRADE_1B83B32F2BAF,unmatched,0.0,18.181818181818176,2,26200|태종로95번길|36,26200|봉래동2가|65-1,standard,True,
26200,영선동1가,101-1,대성타운,대성타운,,,TRADE_AEA069883F76,unmatched,0.0,0.0,0,26200|한사랑길|75,26200|영선동1가|101-1,standard,True,
26230,연지동,72-30,지산오차드힐,지산오차드힐,,,TRADE_308B035721D5,unmatched,0.0,33.333333333333336,14,26230|동평로|263,26230|연지동|72-30,standard,True,
26230,양정동,463-1,초원,초원,,,TRADE_9FCDC949D87B,unmatched,0.0,25.0,13,26230|동평로|329-1,26230|양정동|463-1,standard,True,
26230,전포동,33-453,동광하이빌,동광하이빌(102),,,TRADE_A4A08CC0C616,unmatched,0.0,30.76923076923077,23,26230|전포대로276번길|36-9,26230|전포동|33-453,standard,True,
26230,양정동,319-6,청보,청보,,,TRADE_1A3EAEF46675,unmatched,0.0,0.0,13,26230|거제대로72번길|31,26230|양정동|319-6,standard,True,
26230,가야동,160,삼우,삼우,,,TRADE_B6FB95A15BC7,unmatched,0.0,22.22222222222222,12,26230|가야공원로14번길|18,26230|가야동|160,standard,True,
26230,부전동,390-19,록명하이빌,록명하이빌,,,TRADE_3E93D5BEF53F,unmatched,0.0,14.28571428571429,7,26230|부전로140번길|13,26230|부전동|390-19,standard,True,
26230,초읍동,288-3,벽송수피아,벽송수피아,,,TRADE_9D699437D1BF,unmatched,0.0,30.76923076923077,10,26230|성지로153번길|38,26230|초읍동|288-3,standard,True,
26230,전포동,194-5,남경하이츠빌라,남경하이츠빌라,,,TRADE_FCDBD6AE1241,unmatched,0.0,40.0,23,26230|서전로57번길|19,26230|전포동|194-5,standard,True,
26230,부암동,669-6,신서면,신서면,,,TRADE_43FC793F3C51,unmatched,0.0,40.0,27,26230|새싹로|57,26230|부암동|669-6,standard,True,
26230,개금동,177-87,성동하이빌,성동하이빌,,,TRADE_2FF0373FF8E8,unmatched,0.0,22.22222222222222,23,26230|복지로21번길|47,26230|개금동|177-87,standard,True,
26230,전포동,33-450,동광하이빌,동광하이빌(105),,,TRADE_81BAB627D72D,unmatched,0.0,30.76923076923077,23,26230|전포대로276번길|36-9,26230|전포동|33-450,standard,True,
26230,양정동,370-4,대원플러스빌,대원플러스빌,대원플러스빌아파트,A10023407,A10023407,road_legal_address_exact,100.0,100.0,1,26230|동평로|416,26230|양정동|370-4,standard,False,
26260,사직동,50-4,더팰리스,더팰리스,,,TRADE_15CA00AC72FF,unmatched,0.0,21.052631578947366,19,26260|석사로33번길|7,26260|사직동|50-4,standard,True,
26260,안락동,455-1,진흥상가,진흥상가,,,TRADE_DF6A4D5C3B5D,unmatched,0.0,25.0,15,26260|명안로|46,26260|안락동|455-1,standard,True,
26260,명장동,142-1,무지개타운d동,무지개타운D동,,,TRADE_A68B49300485,unmatched,0.0,71.42857142857143,13,26260|명안로72번길|40,26260|명장동|142-1,standard,True,
26260,온천동,440-21,남영아트펠리체,남영아트펠리체,,,TRADE_D66BFBBD8E1B,unmatched,0.0,21.052631578947366,42,26260|금강로|80-8,26260|온천동|440-21,standard,True,
26260,수안동,39-27,우신,우신,,,TRADE_809B02F04C22,unmatched,0.0,0.0,11,26260|수안로|20,26260|수안동|39-27,standard,True,
26260,온천동,1236-5,경우골드빌라,경우골드빌라,,,TRADE_BD8197A229F1,unmatched,0.0,19.999999999999996,42,26260|석사북로95번길|17,26260|온천동|1236-5,standard,True,
26260,사직동,22-34,유성빌라,유성빌라,,,TRADE_936FF16F36CD,unmatched,0.0,25.0,19,26260|아시아드대로181번길|34,26260|사직동|22-34,standard,True,
26260,사직동,101-7,궁전스카이,궁전스카이,,,TRADE_8F0634F7B8B6,unmatched,0.0,22.22222222222222,19,26260|여고로|11,26260|사직동|101-7,standard,True,
26260,사직동,91-10,대영캐슬,대영캐슬,,,TRADE_F94389AEFDBD,unmatched,0.0,28.57142857142857,19,26260|사직북로5번길|10,26260|사직동|91-10,standard,True,
26260,온천동,1380-22,서강빌트,서강빌트,,,TRADE_187DD8855667,unmatched,0.0,16.666666666666664,42,26260|여고북로23번길|34,26260|온천동|1380-22,standard,True,
26260,사직동,391,동산201동,동산201동,,,TRADE_5FEEE8A2CF4B,unmatched,0.0,50.0,19,26260|아시아드대로164번길|45,26260|사직동|391,standard,True,
26260,명장동,497-44,동남파크가,동남파크가,,,TRADE_A6F860E44D39,unmatched,0.0,36.36363636363637,13,26260|명서로|137,26260|명장동|497-44,standard,True,
26260,사직동,981-9,글로벌빌라트,글로벌빌라트,,,TRADE_1748CEF5F4F1,unmatched,0.0,15.384615384615385,19,26260|쇠미로31번길|1,26260|사직동|981-9,standard,True,
26290,용호동,396-8,동산뉴그린맨션,동산뉴그린맨션,,,TRADE_CA387CD4485C,unmatched,0.0,61.53846153846154,22,26290|동명로132번길|12,26290|용호동|396-8,standard,True,
26290,대연동,1750-11,대동레미안7,대동레미안7,,,TRADE_DC820E59F7F3,unmatched,0.0,40.0,33,26290|수영로208번길|15,26290|대연동|1750-11,standard,True,
26290,대연동,882-5,썬그린빌리지,썬그린빌리지,,,TRADE_AD34F99C841A,unmatched,0.0,40.0,33,26290|유엔평화로41번길|14,26290|대연동|882-5,standard,True,
26290,용호동,371-15,삼정,삼정,,,TRADE_22354043190C,unmatched,0.0,0.0,22,26290|동명로145번길|5,26290|용호동|371-15,standard,True,
26290,대연동,639-45,남강하이츠,남강하이츠,,,TRADE_6C3943DC35A8,unmatched,0.0,22.22222222222222,33,26290|용소로64번길|61,26290|대연동|639-45,standard,True,
26290,대연동,919-5,새천년,새천년,,,TRADE_7EC229474BFD,unmatched,0.0,0.0,33,26290|유엔로|118-7,26290|대연동|919-5,standard,True,
26290,대연동,1482-1,대동아이파크,대동아이파크,,,TRADE_F53E77C97822,unmatched,0.0,42.85714285714286,33,26290|진남로46번길|61,26290|대연동|1482-1,standard,True,
26290,대연동,1802-8,부림,부림(1802-8),,,TRADE_42C9BFF74A5F,unmatched,0.0,18.181818181818176,33,26290|진남로|100,26290|대연동|1802-8,standard,True,
26290,대연동,877-12,파크뷰빌리지,파크뷰빌리지,,,TRADE_D243E0121846,unmatched,0.0,42.85714285714286,33,26290|유엔평화로41번길|41,26290|대연동|877-12,standard,True,
26290,대연동,894-14,경천골드빌,경천골드빌,,,TRADE_43AED17A4A87,unmatched,0.0,33.333333333333336,33,26290|유엔평화로42번길|34,26290|대연동|894-14,standard,True,
26320,덕천동,409-2,삼화,삼화,,,TRADE_38F3E3F2ECD0,unmatched,0.0,19.999999999999996,16,26320|만덕대로102번길|17-5,26320|덕천동|409-2,standard,True,
26320,덕천동,419-10,정광주택,정광주택,,,TRADE_8EF01156154A,unmatched,0.0,18.181818181818176,16,26320|의성로115번길|38,26320|덕천동|419-10,standard,True,
26320,덕천동,395-6,부원,부원,,,TRADE_595E1C735363,unmatched,0.0,22.22222222222222,16,26320|만덕3로16번길|32,26320|덕천동|395-6,standard,True,
26350,중동,1494-1,스카이파크2차,스카이파크2차,,,TRADE_A037109629C1,unmatched,0.0,26.66666666666667,29,26350|달맞이길117번라길|28,26350|중동|1494-1,standard,True,
26350,중동,1496-3,오양카멜리아,오양카멜리아,,,TRADE_132BC3787288,unmatched,0.0,23.529411764705888,29,26350|달맞이길117번다길|86,26350|중동|1496-3,standard,True,
26350,재송동,1121-7,한영비치,한영비치,,,TRADE_D1AF6434753D,unmatched,0.0,25.0,31,26350|재반로64번길|83,26350|재송동|1121-7,standard,True,
26350,중동,1735,대주자유,대주자유,,,TRADE_51C69F78B98D,unmatched,0.0,23.529411764705888,29,26350|중동1로17번길|10-17,26350|중동|1735,standard,True,
26350,중동,1488-2,그린힐2차,그린힐2차,,,TRADE_4C6782539F01,unmatched,0.0,28.57142857142857,29,26350|달맞이길|215,26350|중동|1488-2,standard,True,
26350,중동,1483-7,삼안리젠시6차,삼안리젠시6차,,,TRADE_5A748DBC26CA,unmatched,0.0,23.529411764705888,29,26350|달맞이길117번나길|103-1,26350|중동|1483-7,standard,True,
26350,중동,1503-15,동부문빌라,동부문빌라,,,TRADE_B169FA44EAA0,unmatched,0.0,33.333333333333336,29,26350|달맞이길65번길|141,26350|중동|1503-15,standard,True,
26350,우동,640-2,삼영일리아,삼영일리아,,,TRADE_19CCFDD331AA,unmatched,0.0,36.36363636363637,49,26350|우동1로|5,26350|우동|640-2,standard,True,
26350,재송동,212,정원센텀스카이,정원센텀스카이,,,TRADE_5A1C9A0E965E,unmatched,0.0,66.66666666666667,31,26350|해운대로91번길|32,26350|재송동|212,standard,True,
26350,중동,1487-9,동아해운대빌라,동아해운대빌라,,,TRADE_9D19E84E1BE8,unmatched,0.0,50.0,29,26350|달맞이길117번나길|56,26350|중동|1487-9,standard,True,
26350,재송동,1094-12,진달래,진달래,,,TRADE_F3D4F19867A6,unmatched,0.0,19.999999999999996,31,26350|재송1로20번길|66,26350|재송동|1094-12,standard,True,
26350,중동,1508-3,달맞이아르미안,달맞이아르미안,,,TRADE_C88D8A5B84C5,unmatched,0.0,53.333333333333336,29,26350|달맞이길65번길|100,26350|중동|1508-3,standard,True,
26350,중동,1199-4,럭키골든스위트,럭키골든스위트,럭키골든스위트,A10021160,A10021160,road_legal_address_exact,100.0,100.0,1,26350|해운대해변로|346,26350|중동|1199-4,standard,False,
26350,송정동,438-4,협성파라다이스,협성파라다이스,,,TRADE_05566415FA3E,unmatched,0.0,25.0,5,26350|송정광어골로82번길|80,26350|송정동|438-4,standard,True,
26380,하단동,888-25,펄스트빌b,펄스트빌B,,,TRADE_40DDDDF47D10,unmatched,0.0,15.384615384615385,12,26380|낙동남로1347번길|21,26380|하단동|888-25,standard,True,
26380,하단동,501,신일,신일,,,TRADE_CC55784B7CC5,unmatched,0.0,33.333333333333336,12,26380|낙동대로519번길|80,26380|하단동|501,standard,True,
26380,괴정동,1075-3,송곡,송곡,,,TRADE_23C796E0DDD7,unmatched,0.0,0.0,29,26380|승학로161번길|70,26380|괴정동|1075-3,standard,True,
26380,하단동,503-12,,(503-12),,,TRADE_71CFE46E961E,unmatched,0.0,0.0,0,26380|하신번영로312번길|35,26380|하단동|503-12,standard,True,
26380,감천동,359-1,신흥동백,신흥동백(359-1),,,TRADE_F780448DFB49,unmatched,0.0,25.0,10,26380|암남공원로521번길|33,26380|감천동|359-1,standard,True,
26380,다대동,1119,한영리더스,한영리더스,,,TRADE_24137EC85F9E,unmatched,0.0,18.181818181818176,28,26380|다대로539번길|26,26380|다대동|1119,standard,True,
26380,괴정동,484-22,동조신현트레빌,동조신현트레빌,,,TRADE_3E5136D6981F,unmatched,0.0,28.57142857142857,29,26380|괴정로|291,26380|괴정동|484-22,standard,True,
26380,하단동,534-8,하단동천아하늘정원,하단동천아하늘정원,,,TRADE_ABC70C8E5A93,unmatched,0.0,40.0,12,26380|승학로3번길|7,26380|하단동|534-8,standard,True,
26380,하단동,889-6,베네스빌리지,베네스빌리지(889-6),,,TRADE_50B2ADCAEC23,unmatched,0.0,16.666666666666664,12,26380|낙동남로1353번길|7,26380|하단동|889-6,standard,True,
26380,하단동,888-1,,(888-1),,,TRADE_8E0292048AAD,unmatched,0.0,0.0,0,26380|하신번영로|300,26380|하단동|888-1,standard,True,
26380,하단동,510-4,영동힐타운,영동힐타운,,,TRADE_9320BAE5E249,unmatched,0.0,33.333333333333336,12,26380|낙동대로|504,26380|하단동|510-4,standard,True,
26380,하단동,506-1,하구언2,하구언2,,,TRADE_B1EB020FDDB8,unmatched,0.0,50.0,12,26380|낙동대로520번길|8,26380|하단동|506-1,standard,True,
26380,괴정동,764-59,대양그린힐,대양그린힐,,,TRADE_0E0243759DA9,unmatched,0.0,60.0,29,26380|낙동대로280번길|14,26380|괴정동|764-59,standard,True,
26380,감천동,589,더웰리스,더웰리스,,,TRADE_8DF58C9F63A2,unmatched,0.0,19.999999999999996,10,26380|감천로21번길|41,26380|감천동|589,standard,True,
26380,하단동,521-1,두꺼비맨션,두꺼비맨션,,,TRADE_9941D469EE25,unmatched,0.0,0.0,12,26380|낙동남로1361번길|22,26380|하단동|521-1,standard,True,
26380,하단동,596-19,청호,청호,,,TRADE_B3919845A959,unmatched,0.0,33.333333333333336,12,26380|낙동남로|1384,26380|하단동|596-19,standard,True,
26380,하단동,521-8,조일센토빌,조일센토빌,,,TRADE_EF5148799CEC,unmatched,0.0,0.0,12,26380|낙동남로1367번길|7,26380|하단동|521-8,standard,True,
26380,하단동,870-76,프론티어빌,프론티어빌,,,TRADE_B3C54F691638,unmatched,0.0,12.5,12,26380|낙동남로1353번길|8,26380|하단동|870-76,standard,True,
26380,괴정동,1126-2,부일홈퓨처,부일홈퓨처,,,TRADE_5FD769B31521,unmatched,0.0,16.666666666666664,29,26380|낙동대로343번길|7,26380|괴정동|1126-2,standard,True,
26380,괴정동,172-1,으뜸빌라,으뜸빌라,,,TRADE_C23BEAD79FD1,unmatched,0.0,18.181818181818176,29,26380|낙동대로140번길|74,26380|괴정동|172-1,standard,True,
26380,괴정동,1222-8,성경로즈힐101,성경로즈힐(1차)-101,,,TRADE_06F92E7857CE,unmatched,0.0,15.384615384615385,29,26380|다대로|47,26380|괴정동|1222-8,standard,True,
26380,하단동,870-243,호성에이스빌,호성에이스빌,,,TRADE_743034A314DE,unmatched,0.0,19.999999999999996,12,26380|낙동남로1361번길|21,26380|하단동|870-243,standard,True,
26380,괴정동,352-104,로즈빌라,로즈빌라,,,TRADE_BA422AE30AF8,unmatched,0.0,18.181818181818176,29,26380|오작로|104-3,26380|괴정동|352-104,standard,True,
26410,부곡동,777-5,동아국민,동아국민,,,TRADE_EB525DE2120D,unmatched,0.0,44.44444444444444,27,26410|부곡로42번길|62,26410|부곡동|777-5,standard,True,
26410,구서동,1005-15,세진에버그린a동,세진에버그린A동,,,TRADE_29A09B406CFA,unmatched,0.0,28.57142857142857,25,26410|금샘로|447,26410|구서동|1005-15,standard,True,
26410,장전동,505-83,금강스위트,금강스위트,,,TRADE_EEC5650CA344,unmatched,0.0,50.0,17,26410|금샘로17번길|7,26410|장전동|505-83,standard,True,
26410,구서동,162-1,명승명가,명승명가,,,TRADE_A2517760ED5E,unmatched,0.0,15.384615384615385,25,26410|두실로|5,26410|구서동|162-1,standard,True,
26410,구서동,163-26,소도베르크,소도베르크,,,TRADE_59606EDE2A8E,unmatched,0.0,16.666666666666664,25,26410|두실로7번길|39,26410|구서동|163-26,standard,True,
26410,부곡동,396-4,미소드리움부곡1차,미소드리움부곡1차,,,TRADE_D7337A5F4355,unmatched,0.0,30.76923076923077,27,26410|부곡로18번안길|19,26410|부곡동|396-4,standard,True,
26410,구서동,681,구서다움,구서다움,,,TRADE_818A3DF5D42A,unmatched,0.0,50.0,25,26410|금샘로|266,26410|구서동|681,standard,True,
26410,구서동,194-4,금화,금화,,,TRADE_AA12AF5EAA9D,unmatched,0.0,33.333333333333336,25,26410|구서중앙로15번길|11,26410|구서동|194-4,standard,True,
26410,남산동,968-6,청암,청암,,,TRADE_1D0C5E35CE92,unmatched,0.0,0.0,8,26410|팔송로59번길|21,26410|남산동|968-6,standard,True,
26410,구서동,1009-3,로얄캐슬,로얄캐슬,,,TRADE_90B1B4B55125,unmatched,0.0,30.76923076923077,25,26410|두실로|41,26410|구서동|1009-3,standard,True,
26410,구서동,162-8,청아리치타운,청아리치타운,,,TRADE_C7966341962E,unmatched,0.0,33.333333333333336,25,26410|중앙대로|1963-1,26410|구서동|162-8,standard,True,
26410,장전동,612-3,용진힐타운,용진힐타운,,,TRADE_C5B04FEA0DC3,unmatched,0.0,16.666666666666664,17,26410|식물원로|35,26410|장전동|612-3,standard,True,
26410,남산동,117-1,기수빌라,기수빌라,,,TRADE_219D31B691A8,unmatched,0.0,0.0,8,26410|중앙대로2035번길|7,26410|남산동|117-1,standard,True,
26410,서동,203-25,서전미네르빌,서전미네르빌,,,TRADE_EA6C281ACFFF,unmatched,0.0,19.999999999999996,4,26410|금사로|9-5,26410|서동|203-25,standard,True,
26410,구서동,413-8,새천년골든밸류빌,새천년골든밸류빌,,,TRADE_29E2A747027D,unmatched,0.0,26.66666666666667,25,26410|수림로72번길|146,26410|구서동|413-8,standard,True,
26410,구서동,415-20,경희빌리지,경희빌리지,,,TRADE_7956075B4312,unmatched,0.0,22.22222222222222,25,26410|수림로50번길|130,26410|구서동|415-20,standard,True,
26410,부곡동,392-4,영화,영화,,,TRADE_9C75AE64C93A,unmatched,0.0,33.333333333333336,27,26410|동현로16번길|65,26410|부곡동|392-4,standard,True,
26410,구서동,177-8,대성파크,대성파크,,,TRADE_B1A37FAEE85C,unmatched,0.0,33.333333333333336,25,26410|중앙대로1944번길|16,26410|구서동|177-8,standard,True,
26440,명지동,3594,더샵명지퍼스트월드2단지,더샵명지퍼스트월드2단지,더샵명지퍼스트월드2단지아파트,A10024697,A10024697,road_legal_address_exact,100.0,100.0,1,26440|명지국제7로|37,26440|명지동|3594,standard,False,
26470,연산동,412-1,남산,남산,,,TRADE_3C38768F03D8,unmatched,0.0,33.333333333333336,65,26470|과정로225번길|15,26470|연산동|412-1,standard,True,
26470,연산동,1492-2,해피모아빌,해피모아빌,,,TRADE_DB96121845A7,unmatched,0.0,42.85714285714286,65,26470|거제천로118번길|60,26470|연산동|1492-2,standard,True,
26470,연산동,1386-4,목련빌라,목련빌라,,,TRADE_BE82643AF322,unmatched,0.0,22.22222222222222,65,26470|거제천로124번길|53,26470|연산동|1386-4,standard,True,
26470,연산동,1502-18,디아이하우스,디아이하우스,,,TRADE_243922B4D958,unmatched,0.0,36.36363636363637,65,26470|신촌로23번길|40-6,26470|연산동|1502-18,standard,True,
26470,연산동,719-6,태경썬하우스텔,태경썬하우스텔,,,TRADE_262D2BD32264,unmatched,0.0,18.181818181818176,65,26470|월드컵대로79번길|11,26470|연산동|719-6,standard,True,
26470,연산동,719-5,태경썬하우스텔,태경썬하우스텔(719-5),,,TRADE_6F752E08CC5F,unmatched,0.0,18.181818181818176,65,26470|월드컵대로73번길|10,26470|연산동|719-5,standard,True,
26470,연산동,1829-11,성림,성림(1829-11),,,TRADE_BD6F6808DCBB,unmatched,0.0,33.333333333333336,65,26470|연미로13번길|8,26470|연산동|1829-11,standard,True,
26470,연산동,408-14,부림,부림(408-14),,,TRADE_AA4F6621D15E,unmatched,0.0,25.0,65,26470|과정로251번길|25,26470|연산동|408-14,standard,True,
26470,연산동,472-8,공영,공영,,,TRADE_720BC1C5B4D2,unmatched,0.0,33.333333333333336,65,26470|과정로164번길|31,26470|연산동|472-8,standard,True,
26470,연산동,405-4,태광,태광(405-4),,,TRADE_E4A896CC1ABC,unmatched,0.0,0.0,65,26470|과정로191번가길|16,26470|연산동|405-4,standard,True,
26470,연산동,706-2,동양,동양(706-2),,,TRADE_A204D7B0921D,unmatched,0.0,33.333333333333336,65,26470|중앙대로1076번길|18,26470|연산동|706-2,standard,True,
26470,연산동,1495-3,수강드림빌라드,수강드림빌라드,,,TRADE_93A3497B08FA,unmatched,0.0,25.0,65,26470|거제천로118번길|38,26470|연산동|1495-3,standard,True,
26470,연산동,588-5,연산아이브,연산아이브,,,TRADE_1B704DDFC9A8,unmatched,0.0,66.66666666666667,65,26470|중앙대로1134번길|46,26470|연산동|588-5,standard,True,
26470,연산동,1310-15,홍림베스트빌,홍림베스트빌,,,TRADE_7AE2AB3EDAA3,unmatched,0.0,50.0,65,26470|중앙대로1054번길|18,26470|연산동|1310-15,standard,True,
26470,연산동,579-10,상아노블빌라,상아노블빌라,,,TRADE_B0BC0F2A9D5E,unmatched,0.0,18.181818181818176,65,26470|중앙대로1150번길|45,26470|연산동|579-10,standard,True,
26500,광안동,775-3,동신빌라트,동신빌라트(775-3),,,TRADE_2D07876CF1D6,unmatched,0.0,33.333333333333336,22,26500|수영로|553-9,26500|광안동|775-3,standard,True,
26500,민락동,1-4,화인아트,화인아트,,,TRADE_D5652CFE5CFF,unmatched,0.0,18.181818181818176,13,26500|광안해변로|459-5,26500|민락동|1-4,standard,True,
26500,광안동,175-3,월드파크5,월드파크5,,,TRADE_A5A3D0B5A20D,unmatched,0.0,40.0,22,26500|남천바다로21번길|70,26500|광안동|175-3,standard,True,
26500,광안동,740-5,황희그린빌,황희그린빌,,,TRADE_F8FB24F2A8F9,unmatched,0.0,44.44444444444444,22,26500|장대골로|8,26500|광안동|740-5,standard,True,
26500,광안동,739-5,이수빌라,이수빌라,,,TRADE_E8422C6CBDA4,unmatched,0.0,25.0,22,26500|장대골로|14,26500|광안동|739-5,standard,True,
26500,광안동,116-22,장원드림타워,장원드림타워,,,TRADE_F7F70940A26D,unmatched,0.0,25.0,22,26500|무학로9번길|11,26500|광안동|116-22,standard,True,
26500,광안동,490-9,대로베스타빌,대로베스타빌,,,TRADE_B918EE5C34EA,unmatched,0.0,15.384615384615385,22,26500|광일로|8-8,26500|광안동|490-9,standard,True,
26500,망미동,962-6,부일,부일,,,TRADE_FE32441BDE82,unmatched,0.0,0.0,12,26500|연수로249번길|11,26500|망미동|962-6,standard,True,
26500,망미동,413-1,망미스위트빌,망미스위트빌,,,TRADE_67AF35F819D8,unmatched,0.0,61.53846153846154,12,26500|망미번영로55번길|93,26500|망미동|413-1,standard,True,
26500,수영동,50-27,수영동아성퍼스트힐,수영동아성퍼스트힐,,,TRADE_2D17A41A732F,unmatched,0.0,42.10526315789473,3,26500|수영로705번길|37-18,26500|수영동|50-27,standard,True,
26500,민락동,1-10,리버힐즈,리버힐즈,,,TRADE_B550CC487661,unmatched,0.0,15.384615384615385,13,26500|광안해변로|459-10,26500|민락동|1-10,standard,True,
26500,남천동,486-3,남강하이빌,남강하이빌,,,TRADE_E1D77375DA0A,unmatched,0.0,44.44444444444444,14,26500|수영로383번길|49,26500|남천동|486-3,standard,True,
26500,망미동,404-15,햇살가득한집,햇살가득한집,,,TRADE_61A10498CFDE,unmatched,0.0,19.999999999999996,12,26500|과정로42번길|50,26500|망미동|404-15,standard,True,
26500,수영동,456-10,해운맨숀,해운맨숀,,,TRADE_3410240F329B,unmatched,0.0,14.28571428571429,3,26500|연수로391번길|5,26500|수영동|456-10,standard,True,
26500,남천동,69-14,세종엠스테이,세종엠-스테이Ⅱ,,,TRADE_F565230433ED,unmatched,0.0,35.29411764705882,14,26500|수영로|413-1,26500|남천동|69-14,standard,True,
26530,주례동,630,금오리치,금오리치,,,TRADE_7C30D6675A2D,unmatched,0.0,19.999999999999996,23,26530|동주로16번길|6-7,26530|주례동|630,standard,True,
26530,주례동,152-20,주례,주례,,,TRADE_C7D6A01FCD3D,unmatched,0.0,66.66666666666667,23,26530|가야대로344번길|10,26530|주례동|152-20,standard,True,
26530,주례동,1231-12,한영빌라,한영빌라,,,TRADE_1C47A82EF0C5,unmatched,0.0,25.0,23,26530|주감로|164,26530|주례동|1231-12,standard,True,
26530,괘법동,161,두송그린파크빌a동,두송그린파크빌A동,,,TRADE_0ADB1C17B05B,unmatched,0.0,22.22222222222222,11,26530|광장로105번길|76,26530|괘법동|161,standard,True,
26530,학장동,585-78,삼광,삼광(585-78),,,TRADE_211CBB17385E,unmatched,0.0,33.333333333333336,17,26530|대동로159번길|123,26530|학장동|585-78,standard,True,
26530,괘법동,549-6,파밀리아,파밀리아,,,TRADE_0868E1534B2D,unmatched,0.0,15.384615384615385,11,26530|사상로170번길|27,26530|괘법동|549-6,standard,True,
26710,기장읍청강리,60-1,청강리더스빌,청강리더스빌,,,TRADE_A51678C0AA39,unmatched,0.0,36.36363636363637,7,26710|차성남로|105,26710|기장읍청강리|60-1,standard,True,
26710,기장읍동부리,378-3,동호그린빌라,동호그린빌라,,,TRADE_70F0709C7D9D,unmatched,0.0,28.57142857142857,4,26710|차성동로|136,26710|기장읍동부리|378-3,standard,True,
26710,기장읍대라리,125-6,모드니하이츠,모드니하이츠,,,TRADE_B30F8E291C56,unmatched,0.0,18.181818181818176,4,26710|차성동로45번길|32,26710|기장읍대라리|125-6,standard,True,
26710,기장읍동부리,166,동부스위트,동부스위트,,,TRADE_D6A7CD60822E,unmatched,0.0,18.181818181818176,4,26710|차성로|304-4,26710|기장읍동부리|166,standard,True,
26710,기장읍동부리,395-3,혜성빌라,혜성빌라,,,TRADE_7F1C1C195466,unmatched,0.0,19.999999999999996,4,26710|배산로68번길|3,26710|기장읍동부리|395-3,standard,True,
26710,기장읍교리,352-2,전원그린맨션a,전원그린맨션A,,,TRADE_1DC9F2A8C04B,unmatched,0.0,53.333333333333336,7,26710|차성동로|164,26710|기장읍교리|352-2,standard,True,
48250,삼정동,638-9,삼성맥스빌1차,삼성맥스빌1차,,,TRADE_BF07195A9CDB,unmatched,0.0,0.0,0,48250|분성로512번길|29,48250|삼정동|638-9,strict_full_lot,True,
48250,외동,518,풍림1차,풍림1차,,,TRADE_5B665BD08A53,unmatched,0.0,0.0,0,48250|분성로114번길|8,48250|외동|518,strict_full_lot,True,
48250,구산동,704,신우트윈스101동,신우트윈스101동(704),,,TRADE_BF4796332339,unmatched,0.0,0.0,0,48250|가락로356번길|4,48250|구산동|704,strict_full_lot,True,
48250,삼정동,80-2,청해,청해,,,TRADE_1D66DF1F9A2E,unmatched,0.0,0.0,0,48250|활천로67번길|6-4,48250|삼정동|80-2,strict_full_lot,True,
48250,흥동,48-7,우림파크빌,우림파크빌,,,TRADE_821C05BB5943,unmatched,0.0,0.0,0,48250|전하로73번길|8-13,48250|흥동|48-7,strict_full_lot,True,
48250,흥동,555-2,청호그린101동,청호그린101동,,,TRADE_7E9DFBCC950C,unmatched,0.0,0.0,0,48250|흥동로53번길|14,48250|흥동|555-2,strict_full_lot,True,
48250,삼정동,76-1,백제삼정데파트,백제삼정데파트,백제삼정데파트,A10021450,A10021450,road_legal_address_exact,100.0,100.0,1,48250|활천로68번길|27,48250|삼정동|76-1,strict_full_lot,False,
48250,삼정동,661-12,성우그랜드빌a,성우그랜드빌A,,,TRADE_DC5E2A1A905A,unmatched,0.0,0.0,0,48250|김해대로2491번길|6-6,48250|삼정동|661-12,strict_full_lot,True,
48250,외동,1428,쌍용더플래티넘김해,쌍용더플래티넘김해,,,TRADE_BDDCBC70105C,unmatched,0.0,0.0,0,48250|금관대로1134번길|16,48250|외동|1428,strict_full_lot,True,
48250,동상동,1117,김해캐슬아리스타궁,김해캐슬아리스타궁,캐슬아리스타궁,A10026577,A10026577,road_legal_address_exact,100.0,87.5,1,48250|가야로|470,48250|동상동|1117,strict_full_lot,False,
48250,삼방동,179-1,국제,국제,,,TRADE_7650D2F12762,unmatched,0.0,0.0,0,48250|활천로267번길|13,48250|삼방동|179-1,strict_full_lot,True,
48250,진영읍진영리,1555,서원래온빌2차,서원래온빌2차,,,TRADE_56BF52DE415A,unmatched,0.0,0.0,0,48250|김해대로332번길|37-4,48250|진영읍진영리|1555,strict_full_lot,True,
48250,동상동,626-11,행운빌라트,행운빌라트,,,TRADE_0D84A08FFDA8,unmatched,0.0,0.0,0,48250|가야로527번길|7,48250|동상동|626-11,strict_full_lot,True,
48250,삼정동,612-1,청구쉐르타운,청구쉐르타운,,,TRADE_83D859F29115,unmatched,0.0,0.0,0,48250|김해대로2471번길|8,48250|삼정동|612-1,strict_full_lot,True,
48330,하북면순지리,691-118,미소하우스와숲,미소하우스와숲,,,TRADE_CFBAAAD11F6A,unmatched,0.0,0.0,0,48330|신평로|25,48330|하북면순지리|691-118,strict_full_lot,True,
48330,하북면순지리,729-2,삼보맨션,삼보맨션,,,TRADE_6FDFD68F496E,unmatched,0.0,0.0,0,48330|신평로|11-1,48330|하북면순지리|729-2,strict_full_lot,True,
48330,중부동,162-2,진흥에이원,진흥에이원,,,TRADE_F2301BC48F2D,unmatched,0.0,0.0,0,48330|일동6길|2,48330|중부동|162-2,strict_full_lot,True,
26110,대청동4가,81-48,대청맨션,대청맨션,,,TRADE_10621B2B48AD,unmatched,0.0,50.0,1,26110|중구로75번길|14,26110|대청동4가|81-48,standard,True,
26110,영주동,94-1,영주빌라,영주빌라,,,TRADE_640C5B4BF7E7,unmatched,0.0,40.0,5,26110|영초길|56,26110|영주동|94-1,standard,True,
26110,영주동,285-3,한성,한성,,,TRADE_7D1F207E8A60,unmatched,0.0,0.0,5,26110|영주로12번길|10-1,26110|영주동|285-3,standard,True,
26140,암남동,482-2,대륙빌라,대륙빌라,,,TRADE_57F1AB8923C0,unmatched,0.0,40.0,14,26140|암남로|82,26140|암남동|482-2,standard,True,
26140,서대신동2가,118-7,한우리빌리지5차,한우리빌리지5차,,,TRADE_3AF59EF754C3,unmatched,0.0,12.5,3,26140|구덕로295번길|13,26140|서대신동2가|118-7,standard,True,
26140,토성동5가,32,서원스위트홈,서원스위트홈,,,TRADE_1CC48800C813,unmatched,0.0,0.0,0,26140|구덕로|138,26140|토성동5가|32,standard,True,
26140,부민동1가,10-1,서원블루오션d동,서원블루오션D동,,,TRADE_829CFFA77877,unmatched,0.0,0.0,0,26140|구덕로222번길|13,26140|부민동1가|10-1,standard,True,
26140,남부민동,643-13,민송베른시티,민송베른시티,,,TRADE_9F940BC3D3A8,unmatched,0.0,19.999999999999996,6,26140|충무대로241번길|12,26140|남부민동|643-13,standard,True,
26140,서대신동1가,112-1,정서,정서,,,TRADE_A6C09649722D,unmatched,0.0,0.0,1,26140|부용로|8,26140|서대신동1가|112-1,standard,True,
26140,서대신동2가,55-2,경남,경남,,,TRADE_412FDDB08B86,unmatched,0.0,0.0,3,26140|구덕로305번길|9,26140|서대신동2가|55-2,standard,True,
26170,초량동,920-4,구봉빌리지,구봉빌리지,,,TRADE_B8B4B1C21B14,unmatched,0.0,15.384615384615385,10,26170|초량상로65번길|29,26170|초량동|920-4,standard,True,
26170,수정동,773-1,필우파크,필우파크,,,TRADE_809A66B2E57E,unmatched,0.0,0.0,3,26170|수정공원로|36,26170|수정동|773-1,standard,True,
26170,초량동,122-22,동이라메르,동이라메르,,,TRADE_A3B081447F9A,unmatched,0.0,25.0,10,26170|홍곡로|24,26170|초량동|122-22,standard,True,
26200,남항동1가,170-1,퀸페로스,퀸페로스,,,TRADE_C7A0AF9864DE,unmatched,0.0,0.0,1,26200|남항로31번길|15,26200|남항동1가|170-1,standard,True,
26200,봉래동3가,154,오페라하우스,오페라하우스,,,TRADE_6A1CAD3C6E43,unmatched,0.0,0.0,0,26200|대교로2번길|36,26200|봉래동3가|154,standard,True,
26200,봉래동2가,112-20,페로스타워,페로스타워,,,TRADE_95CA83CFBBF6,unmatched,0.0,36.36363636363637,2,26200|대교로14번길|35,26200|봉래동2가|112-20,standard,True,
26200,봉래동1가,202-2,대교타운,대교타운,,,TRADE_8869CAC6D7ED,unmatched,0.0,0.0,0,26200|대교로46번길|21,26200|봉래동1가|202-2,standard,True,
26230,가야동,699,가야센트레빌,가야센트레빌,가야센트레빌,A10024754,A10024754,road_legal_address_exact,100.0,100.0,1,26230|가야공원로|6,26230|가야동|699,standard,False,
26230,연지동,41-5,연지동백리명가에덴,연지동백리명가에덴,,,TRADE_B324B843A364,unmatched,0.0,37.5,14,26230|성지로8번길|40,26230|연지동|41-5,standard,True,
26230,가야동,599-5,마마,마마,,,TRADE_6DC8D6238C51,unmatched,0.0,0.0,12,26230|가야공원로|36,26230|가야동|599-5,standard,True,
26230,가야동,159,동아,동아,,,TRADE_E7AED6E4C4C7,unmatched,0.0,19.999999999999996,12,26230|가야공원로14번길|8,26230|가야동|159,standard,True,
26230,초읍동,379-1,협성베스트하우스,협성베스트하우스,,,TRADE_B846FD6779B8,unmatched,0.0,23.529411764705888,10,26230|성지로122번길|59-12,26230|초읍동|379-1,standard,True,
26230,개금동,515-6,글로벌타워,글로벌타워,,,TRADE_CB483EEB6F58,unmatched,0.0,14.28571428571429,23,26230|가야대로|458,26230|개금동|515-6,standard,True,
26230,부전동,417-8,hy원룸,HY원룸,,,TRADE_56BBD016647D,unmatched,0.0,15.384615384615385,7,26230|부전로|101,26230|부전동|417-8,standard,True,
26230,전포동,553-1,광후빌리지,광후빌리지,,,TRADE_03CF0D6A13C1,unmatched,0.0,19.999999999999996,23,26230|전포대로300번길|17,26230|전포동|553-1,standard,True,
26230,가야동,416-44,금수하이빌,금수하이빌,,,TRADE_C65E675BA908,unmatched,0.0,18.181818181818176,12,26230|대학로|76-6,26230|가야동|416-44,standard,True,
26230,부전동,390-26,크로바,크로바,,,TRADE_47D926DB3C54,unmatched,0.0,0.0,7,26230|부전로152번길|22,26230|부전동|390-26,standard,True,
26230,양정동,7-8,일신스카이빌,일신스카이빌,,,TRADE_C6AD05A7A9B2,unmatched,0.0,42.85714285714286,13,26230|연수로|64,26230|양정동|7-8,standard,True,
26230,범천동,881-3,서면6차봄여름가을겨울,서면6차봄여름가을겨울,서면6차봄여름가을겨울,A10024910,A10024910,road_legal_address_exact,100.0,100.0,1,26230|중앙대로|582,26230|범천동|881-3,standard,False,
26230,초읍동,103-4,팬츠하우스,팬츠하우스,,,TRADE_C209AE6372F9,unmatched,0.0,28.57142857142857,10,26230|성지곡로6번길|29,26230|초읍동|103-4,standard,True,
26230,양정동,141-10,수목하우스,수목하우스,,,TRADE_E8C049221C05,unmatched,0.0,18.181818181818176,13,26230|중앙대로980번길|41,26230|양정동|141-10,standard,True,
26230,가야동,617-1,보광,보광(617-1),,,TRADE_45DE34FE7363,unmatched,0.0,22.22222222222222,12,26230|냉정로|265,26230|가야동|617-1,standard,True,
26260,온천동,1434-1,보수스위트홈,보수스위트홈,,,TRADE_860ECC6C53FF,unmatched,0.0,25.0,42,26260|중앙대로1333번길|45,26260|온천동|1434-1,standard,True,
26260,온천동,1380-19,광명캐슬,광명캐슬,,,TRADE_DD55C742BD49,unmatched,0.0,16.666666666666664,42,26260|여고북로33번길|29,26260|온천동|1380-19,standard,True,
26260,온천동,1378-9,대화빌,대화빌,,,TRADE_D03A0E31F1FC,unmatched,0.0,40.0,42,26260|여고북로73번길|34,26260|온천동|1378-9,standard,True,
26260,사직동,47-4,대성하이빌,대성하이빌,,,TRADE_325BDAC6EFEC,unmatched,0.0,22.22222222222222,19,26260|사직북로28번길|24,26260|사직동|47-4,standard,True,
26260,온천동,1074-9,세종빌에이동,세종빌에이동,,,TRADE_BE82FD19515A,unmatched,0.0,26.66666666666667,42,26260|우장춘로|73,26260|온천동|1074-9,standard,True,
26290,용호동,481-4,목련6차,목련6차,,,TRADE_6B8A287D0825,unmatched,0.0,0.0,22,26290|동명로92번길|86,26290|용호동|481-4,standard,True,
26290,대연동,40-4,영광드림타워,영광드림타워,,,TRADE_DBF5FDF693BC,unmatched,0.0,33.333333333333336,33,26290|용소로7번길|60,26290|대연동|40-4,standard,True,
26290,대연동,1797-8,동경리치타운,동경리치타운(1797-8),,,TRADE_B6D1494239B5,unmatched,0.0,33.333333333333336,33,26290|진남로|114,26290|대연동|1797-8,standard,True,
26290,문현동,250-4,대암,대암,,,TRADE_AB59927701C7,unmatched,0.0,33.333333333333336,23,26290|수영로|52,26290|문현동|250-4,standard,True,
26290,대연동,1786-1,일신,일신,,,TRADE_10A93C8E02E5,unmatched,0.0,25.0,33,26290|진남로127번길|26-8,26290|대연동|1786-1,standard,True,
26290,대연동,1802-15,부림1차,부림1차,,,TRADE_18F035704FF4,unmatched,0.0,19.999999999999996,33,26290|진남로|100,26290|대연동|1802-15,standard,True,
26290,문현동,474-1,스카이빌리지2,스카이빌리지2,,,TRADE_FF5A4DF0ED62,unmatched,0.0,18.181818181818176,23,26290|전포대로40번길|37,26290|문현동|474-1,standard,True,
26290,대연동,882-18,동경시티빌,동경시티빌,,,TRADE_BA3236D92C10,unmatched,0.0,33.333333333333336,33,26290|유엔평화로47번길|9,26290|대연동|882-18,standard,True,
26320,덕천동,347-5,북부맨션,북부맨션,,,TRADE_D2EB5168F49D,unmatched,0.0,40.0,16,26320|만덕대로15번길|30,26320|덕천동|347-5,standard,True,
26320,구포동,1235-20,신진1차,신진1차,,,TRADE_492E2240A77F,unmatched,0.0,33.333333333333336,22,26320|시랑로141번길|9,26320|구포동|1235-20,standard,True,
26320,화명동,892,프라임시티,프라임시티,,,TRADE_CB4582776187,unmatched,0.0,18.181818181818176,29,26320|금곡대로200번길|31,26320|화명동|892,standard,True,
26320,구포동,307,어반빌리지,어반빌리지,,,TRADE_5B078C1007AA,unmatched,0.0,18.181818181818176,22,26320|구포만세길|163,26320|구포동|307,standard,True,
26320,덕천동,811,청우파크맨션,청우파크맨션,청우파크맨션,A61682301,A61682301,road_legal_address_exact,100.0,100.0,1,26320|덕천로|107,26320|덕천동|811,standard,False,
26350,재송동,1051-1,남양로얄타운,남양로얄타운,,,TRADE_32E378FF42B5,unmatched,0.0,40.0,31,26350|해운대로81번길|78,26350|재송동|1051-1,standard,True,
26350,중동,1508-16,크라운빌라,크라운빌라,,,TRADE_1A1B43614056,unmatched,0.0,30.76923076923077,29,26350|달맞이길65번길|128,26350|중동|1508-16,standard,True,
26380,괴정동,1071-7,동아빌,동아빌,,,TRADE_6AFEAD6F876D,unmatched,0.0,40.0,29,26380|승학로161번길|90,26380|괴정동|1071-7,standard,True,
26380,하단동,605-1,궁전시티빌,궁전시티빌,,,TRADE_78BCE55BE7CA,unmatched,0.0,25.0,12,26380|동매로29번길|22,26380|하단동|605-1,standard,True,
26380,괴정동,203-57,대티은하,대티은하,,,TRADE_23E457C1CAEA,unmatched,0.0,36.36363636363637,29,26380|대티로59번길|50,26380|괴정동|203-57,standard,True,
26380,당리동,33-4,당리동신동아,당리동신동아(33-4),,,TRADE_5B7CF550365C,unmatched,0.0,60.0,16,26380|제석로95번길|22-3,26380|당리동|33-4,standard,True,
26380,감천동,578-1,삼정동백,삼정동백,,,TRADE_5E6887A2BE25,unmatched,0.0,25.0,10,26380|감천로21번길|20,26380|감천동|578-1,standard,True,
26380,괴정동,1076-19,은하,은하(1076-19),,,TRADE_0B4441B21B26,unmatched,0.0,28.57142857142857,29,26380|승학로161번길|30,26380|괴정동|1076-19,standard,True,
26380,다대동,854,유림예다움,유림예다움,,,TRADE_AACAE10599C8,unmatched,0.0,25.0,28,26380|다대동로|49-1,26380|다대동|854,standard,True,
26380,괴정동,764-50,부경솔리드101동,부경솔리드101동,,,TRADE_B68F77495C5C,unmatched,0.0,25.0,29,26380|낙동대로280번길|32,26380|괴정동|764-50,standard,True,
26380,하단동,898-1,더클래식시티,더클래식시티,,,TRADE_6E427169D79F,unmatched,0.0,35.29411764705882,12,26380|동매로5번길|20,26380|하단동|898-1,standard,True,
26380,괴정동,172-2,부영,부영(172-2),,,TRADE_6A418B83A14D,unmatched,0.0,0.0,29,26380|낙동대로|96,26380|괴정동|172-2,standard,True,
26380,괴정동,764-112,노블레스,노블레스(764-112),,,TRADE_0305F15C3833,unmatched,0.0,22.22222222222222,29,26380|승학로|185,26380|괴정동|764-112,standard,True,
26380,괴정동,467,호암르네상스,호암르네상스,,,TRADE_CAEF7B8BCA4E,unmatched,0.0,18.181818181818176,29,26380|오작로|6,26380|괴정동|467,standard,True,
26380,하단동,589-12,부영,부영,,,TRADE_02DC76FE711D,unmatched,0.0,33.333333333333336,12,26380|낙동남로|1416,26380|하단동|589-12,standard,True,
26380,괴정동,207-10,퍼스트클래스,퍼스트클래스,,,TRADE_ECEF8096FDF9,unmatched,0.0,61.53846153846154,29,26380|대티로|23,26380|괴정동|207-10,standard,True,
26380,하단동,870-98,지오빌1,지오빌1(A동),,,TRADE_CFFCB937494E,unmatched,0.0,40.0,12,26380|하신중앙로313번길|84,26380|하단동|870-98,standard,True,
26380,하단동,616-7,유진1,유진1,,,TRADE_0AD70139355B,unmatched,0.0,28.57142857142857,12,26380|낙동대로457번길|46,26380|하단동|616-7,standard,True,
26380,하단동,870-311,프론티어빌2,프론티어빌2,,,TRADE_775198AE98B5,unmatched,0.0,16.666666666666664,12,26380|낙동남로1353번길|8,26380|하단동|870-311,standard,True,
26380,하단동,885-2,에덴빌리지,에덴빌리지,,,TRADE_9F936EB0BDC9,unmatched,0.0,18.181818181818176,12,26380|하신번영로320번길|6,26380|하단동|885-2,standard,True,
26380,하단동,617-6,아람,아람,,,TRADE_62CC5528B8CF,unmatched,0.0,25.0,12,26380|낙동대로457번길|16,26380|하단동|617-6,standard,True,
26410,구서동,86-17,아름베스트빌6차,아름베스트빌6차,,,TRADE_E491DC3F07EB,unmatched,0.0,15.384615384615385,25,26410|금정로233번길|53,26410|구서동|86-17,standard,True,
26410,구서동,819,홍원주택,홍원주택,,,TRADE_7D51A1248206,unmatched,0.0,19.999999999999996,25,26410|금강로578번길|20-6,26410|구서동|819,standard,True,
26410,장전동,505-26,금강가든빌,금강가든빌,,,TRADE_6ED3E4CC6F29,unmatched,0.0,33.333333333333336,17,26410|금샘로17번길|21,26410|장전동|505-26,standard,True,
26410,구서동,86-49,한진스카이뷰,한진스카이뷰,,,TRADE_A216FF32D655,unmatched,0.0,30.76923076923077,25,26410|금정로233번길|79,26410|구서동|86-49,standard,True,
26410,남산동,48-5,우일아내트,우일아내트,,,TRADE_0E51632E3C57,unmatched,0.0,16.666666666666664,8,26410|팔송로7번길|39,26410|남산동|48-5,standard,True,
26410,청룡동,142-10,네오밸리스,네오밸리스,,,TRADE_4F86977FF0A7,unmatched,0.0,14.28571428571429,4,26410|놀이마당로|14,26410|청룡동|142-10,standard,True,
26410,서동,64,서동아신,서동아신,,,TRADE_877DB02D8164,unmatched,0.0,50.0,4,26410|서금로67번길|34,26410|서동|64,standard,True,
26410,부곡동,64-28,위클라우드16차,위클라우드16차,,,TRADE_A35AF7AF079E,unmatched,0.0,16.666666666666664,27,26410|중앙대로1763번길|36-10,26410|부곡동|64-28,standard,True,
26410,구서동,1018-19,구서빌라1동,구서빌라1동,,,TRADE_1E040D62374E,unmatched,0.0,60.0,25,26410|두실로45번길|71,26410|구서동|1018-19,standard,True,
26410,구서동,775-9,일화그린,일화그린,,,TRADE_CD76DEEC66F3,unmatched,0.0,40.0,25,26410|중앙대로1841번안길|11,26410|구서동|775-9,standard,True,
26470,연산동,1480-9,세명플러스빌,세명플러스빌,,,TRADE_B2FB1AE133A0,unmatched,0.0,23.529411764705888,65,26470|거제천로118번길|27,26470|연산동|1480-9,standard,True,
26470,연산동,1495-22,신화시티빌,신화시티빌,,,TRADE_9858D38EB19D,unmatched,0.0,36.36363636363637,65,26470|거제천로118번길|34,26470|연산동|1495-22,standard,True,
26470,연산동,655-36,하이텔빌리지,하이텔빌리지,,,TRADE_767D475E1D9D,unmatched,0.0,54.54545454545454,65,26470|월드컵대로58번길|47,26470|연산동|655-36,standard,True,
26470,연산동,472-2,부영맨션,부영맨션,,,TRADE_FDF3FDEB87C5,unmatched,0.0,40.0,65,26470|고분로241번길|50,26470|연산동|472-2,standard,True,
26470,연산동,1288-21,태안,태안,,,TRADE_C0DDE7A3D748,unmatched,0.0,25.0,65,26470|중앙대로1075번길|26,26470|연산동|1288-21,standard,True,
26500,남천동,44-10,진흥목화,진흥목화,,,TRADE_16C4E460FF2C,unmatched,0.0,19.999999999999996,14,26500|수영로481번길|14,26500|남천동|44-10,standard,True,
26500,광안동,1059-22,광민파크빌,광민파크빌,,,TRADE_B821D4F1F32E,unmatched,0.0,30.76923076923077,22,26500|망미번영로38번길|55,26500|광안동|1059-22,standard,True,
26500,남천동,48-3,오션스카이남천,오션스카이남천,,,TRADE_F63E4A063087,unmatched,0.0,44.44444444444444,14,26500|수영로|471,26500|남천동|48-3,standard,True,
26500,광안동,107-1,부흥맨션,부흥맨션,,,TRADE_AF4C327321DB,unmatched,0.0,15.384615384615385,22,26500|감포로|47,26500|광안동|107-1,standard,True,
26500,민락동,144-3,백산타워빌라,백산타워빌라,,,TRADE_81B7BB04C1D7,unmatched,0.0,15.384615384615385,13,26500|무학로63번길|82,26500|민락동|144-3,standard,True,
26530,감전동,252-1,진원하이빌1차,진원하이빌1차,,,TRADE_219B468861F4,unmatched,0.0,15.384615384615385,2,26530|백양대로572번길|17-5,26530|감전동|252-1,standard,True,
26530,엄궁동,567-9,휴그린,휴그린,,,TRADE_3E791B15DB06,unmatched,0.0,0.0,12,26530|낙동대로|784-13,26530|엄궁동|567-9,standard,True,
26530,괘법동,564-8,사상역포르투나더테라스,사상역포르투나더테라스,사상역 포르투나 더테라스,A10024370,A10024370,road_legal_address_exact,100.0,100.0,1,26530|광장로|54,26530|괘법동|564-8,standard,False,
26530,괘법동,480-9,협성베스트빌,협성베스트빌,,,TRADE_683854F83B27,unmatched,0.0,50.0,11,26530|광장로104번길|7,26530|괘법동|480-9,standard,True,
26530,괘법동,545-4,네오리더스사상,네오리더스사상,부산 사상 네오리더스,A10021604,A10021604,road_legal_address_exact,100.0,62.5,1,26530|광장로87번길|17,26530|괘법동|545-4,standard,False,
26710,기장읍대라리,185-3,주명a동,주명아파트A동,,,TRADE_2D0BED1A9548,unmatched,0.0,0.0,4,26710|대청로22번길|54,26710|기장읍대라리|185-3,standard,True,
26710,기장읍대라리,172-12,가화랜드빌기장1차,가화랜드빌기장1차,,,TRADE_CDEE45B4F683,unmatched,0.0,26.66666666666667,4,26710|차성로216번길|26,26710|기장읍대라리|172-12,standard,True,
26710,일광읍삼성리,35-2,해찬솔,해찬솔,,,TRADE_61D3A99A8D30,unmatched,0.0,0.0,11,26710|삼성2길|10,26710|일광읍삼성리|35-2,standard,True,
26710,기장읍대라리,165-14,베로나,베로나,,,TRADE_D7CBB5688666,unmatched,0.0,0.0,4,26710|대청로|24,26710|기장읍대라리|165-14,standard,True,
26710,기장읍대라리,921,지우푸른마을,지우푸른마을,,,TRADE_13E453BEC1B3,unmatched,0.0,0.0,4,26710|차성서로101번길|13,26710|기장읍대라리|921,standard,True,
48250,삼정동,660-10,성우,성우,,,TRADE_6526F43B64AB,unmatched,0.0,0.0,0,48250|김해대로2491번길|6-19,48250|삼정동|660-10,strict_full_lot,True,
48250,삼정동,638-1,동신쉐르빌,동신쉐르빌,,,TRADE_B59B02F34B04,unmatched,0.0,0.0,0,48250|인제로51번길|19,48250|삼정동|638-1,strict_full_lot,True,
48250,부원동,111-7,대건,대건아파트,,,TRADE_D955F23DF522,unmatched,0.0,0.0,0,48250|분성로390번길|41,48250|부원동|111-7,strict_full_lot,True,
48250,삼정동,658-6,한송그린빌라트,한송그린빌라트,,,TRADE_81E3B3617562,unmatched,0.0,0.0,0,48250|인제로11번길|48-15,48250|삼정동|658-6,strict_full_lot,True,
48250,풍유동,70-4,경남캐슬,경남캐슬(70-4),,,TRADE_95ADA02EE656,unmatched,0.0,0.0,0,48250|흥동로|16,48250|풍유동|70-4,strict_full_lot,True,
48250,진영읍진영리,352-4,그린힐타운,그린힐타운,,,TRADE_D254D739C295,unmatched,0.0,0.0,0,48250|진영로|88,48250|진영읍진영리|352-4,strict_full_lot,True,
48250,외동,1104,성평그린빌,성평그린빌,,,TRADE_1D0C383BF605,unmatched,0.0,0.0,0,48250|금관대로|1125,48250|외동|1104,strict_full_lot,True,
48250,무계동,193-16,삼진민미,삼진민미,,,TRADE_7CD2B5585750,unmatched,0.0,0.0,0,48250|장유로301번길|6,48250|무계동|193-16,strict_full_lot,True,
48250,부원동,86-1,태경,태경아파트,,,TRADE_5C2D8C99E419,unmatched,0.0,0.0,0,48250|호계로472번길|48,48250|부원동|86-1,strict_full_lot,True,
48250,흥동,555-7,청호그린105동,청호그린105동,,,TRADE_AA3F713AD25F,unmatched,0.0,0.0,0,48250|흥동로|57,48250|흥동|555-7,strict_full_lot,True,
48250,삼정동,88-7,동신쉐르빌2차,동신쉐르빌2차,,,TRADE_0F7D9BD22C96,unmatched,0.0,0.0,0,48250|활천로|59,48250|삼정동|88-7,strict_full_lot,True,
48250,삼방동,564-1,정원빌라,정원빌라,,,TRADE_181F8CE579B9,unmatched,0.0,0.0,0,48250|삼안로310번길|11-27,48250|삼방동|564-1,strict_full_lot,True,
48250,삼정동,653-5,자연빛,자연빛아파트(2차),,,TRADE_9984C0C309D2,unmatched,0.0,0.0,0,48250|김해대로2529번길|15,48250|삼정동|653-5,strict_full_lot,True,
48250,풍유동,71-14,청호아트빌,청호아트빌(71-14),,,TRADE_4EE3CCA4B39D,unmatched,0.0,0.0,0,48250|전하로27번길|10-13,48250|풍유동|71-14,strict_full_lot,True,
48250,삼정동,644-1,샛별메르디앙,샛별메르디앙,,,TRADE_6CE1F2250314,unmatched,0.0,0.0,0,48250|인제로51번길|55,48250|삼정동|644-1,strict_full_lot,True,
48330,하북면지산리,17-14,초원3,초원3,,,TRADE_07C3780D33B9,unmatched,0.0,0.0,0,48330|지산로|29,48330|하북면지산리|17-14,strict_full_lot,True,
48330,하북면순지리,616-3,미소드리움2차,미소드리움2차,,,TRADE_CD99B34D9514,unmatched,0.0,0.0,0,48330|신평5길|30,48330|하북면순지리|616-3,strict_full_lot,True,
48330,동면석산리,961-3,신우석산102동,신우석산아파트102동,,,TRADE_8032FF633CAB,unmatched,0.0,0.0,0,48330|월리길|9,48330|동면석산리|961-3,strict_full_lot,True,
48330,북부동,462-16,신우,신우,,,TRADE_39EABD9B8C53,unmatched,0.0,0.0,0,48330|북안남4길|30,48330|북부동|462-16,strict_full_lot,True,
48330,중부동,599-23,재천에이스빌라,재천에이스빌라,,,TRADE_0B8CE508D5AB,unmatched,0.0,0.0,0,48330|서일동2길|25,48330|중부동|599-23,strict_full_lot,True,
48330,어곡동,8-1,삼성파크빌,삼성파크빌,삼성파크빌(임대),A62676903,A62676903,road_legal_address_exact,100.0,100.0,1,48330|두전길|42,48330|어곡동|8-1,strict_full_lot,False,
26110,보수동3가,58,신보수맨션,신보수맨션,,,TRADE_1CE73E07E106,unmatched,0.0,0.0,0,26110|흑교로67번길|37,26110|보수동3가|58,standard,True,
26140,서대신동3가,35-1,화인,화인,,,TRADE_F9E18A9D484F,unmatched,0.0,0.0,8,26140|보수대로|311,26140|서대신동3가|35-1,standard,True,
26140,동대신동1가,333-8,동대신동미소지음3차주상복합,동대신동미소지음3차주상복합아파트,,,TRADE_59316CA8B255,unmatched,0.0,34.78260869565217,1,26140|흑교로|102,26140|동대신동1가|333-8,standard,True,
26140,동대신동2가,367,골든캐슬,골든캐슬,,,TRADE_E016F6F51B3F,unmatched,0.0,0.0,1,26140|구덕로|310,26140|동대신동2가|367,standard,True,
26140,초장동,75-20,초원맨션,초원맨션,,,TRADE_C80E96ACFCBA,unmatched,0.0,0.0,0,26140|초장로27번길|38,26140|초장동|75-20,standard,True,
26170,범일동,182,로젠하임,로젠하임,,,TRADE_FC2C4081ADEA,unmatched,0.0,12.5,9,26170|정공단로|44,26170|범일동|182,standard,True,
26170,좌천동,476-1,센텀타워,센텀타워,,,TRADE_0F9BDB1C2BE0,unmatched,0.0,16.666666666666664,5,26170|중앙대로|459-7,26170|좌천동|476-1,standard,True,
26200,동삼동,227-233,태종파크맨션,태종파크맨션(227-233),,,TRADE_66A58DF589CA,unmatched,0.0,33.333333333333336,23,26200|웃서발로|15,26200|동삼동|227-233,standard,True,
26230,양정동,271-9,양정퀸즈더블유에디션,양정퀸즈더블유에디션,,,TRADE_A45D7D44A3B9,unmatched,0.0,47.05882352941176,13,26230|연수로|37,26230|양정동|271-9,standard,True,
26230,초읍동,540-11,초읍그린,초읍그린,,,TRADE_B3EBBCE01E41,unmatched,0.0,66.66666666666667,10,26230|성지로114번길|48,26230|초읍동|540-11,standard,True,
26230,부전동,410-5,부영,부영,,,TRADE_4BBF939403E6,unmatched,0.0,0.0,7,26230|가야대로755번길|55-4,26230|부전동|410-5,standard,True,
26230,범천동,735-6,토운모닝톤,토운모닝톤,,,TRADE_3B57348A6103,unmatched,0.0,0.0,24,26230|범일로131번길|43,26230|범천동|735-6,standard,True,
26230,개금동,177-380,파스텔하이빌,파스텔하이빌,,,TRADE_4179A452E22F,unmatched,0.0,18.181818181818176,23,26230|냉정로|205,26230|개금동|177-380,standard,True,
26260,온천동,345-18,행복한집,행복한집,,,TRADE_A920E9FC5033,unmatched,0.0,18.181818181818176,42,26260|금강로61번길|28,26260|온천동|345-18,standard,True,
26260,온천동,94-20,용진스타티스,용진스타티스,,,TRADE_C2A7D4199828,unmatched,0.0,36.36363636363637,42,26260|금강로|148,26260|온천동|94-20,standard,True,
26260,온천동,345-6,태건빌리지,태건빌리지,,,TRADE_9547F151FA60,unmatched,0.0,30.76923076923077,42,26260|차밭골로37번길|50,26260|온천동|345-6,standard,True,
26260,사직동,72-13,미소마을,미소마을,,,TRADE_FE7249F7FE1C,unmatched,0.0,0.0,19,26260|아시아드대로171번길|42,26260|사직동|72-13,standard,True,
26260,명륜동,567-3,로얄캐슬,로얄캐슬,,,TRADE_8136A0444116,unmatched,0.0,36.36363636363637,12,26260|명륜로|140,26260|명륜동|567-3,standard,True,
26260,온천동,1380-25,화성빌라트,화성빌라트,,,TRADE_3CDC443F6E6B,unmatched,0.0,28.57142857142857,42,26260|여고북로33번길|43,26260|온천동|1380-25,standard,True,
26290,대연동,1748-5,동경쉐르빌,동경쉐르빌,,,TRADE_5EFCFF167FF6,unmatched,0.0,50.0,33,26290|유엔평화로10번길|5,26290|대연동|1748-5,standard,True,
26290,대연동,1509-26,대동그린빌,대동그린빌,,,TRADE_1A4B87AE7293,unmatched,0.0,66.66666666666667,33,26290|진남로|64,26290|대연동|1509-26,standard,True,
26290,대연동,1375-1,크로바,크로바(2동),,,TRADE_0D22C4A34246,unmatched,0.0,22.22222222222222,33,26290|수영로219번길|11,26290|대연동|1375-1,standard,True,
26290,용호동,524-1,금호천지,금호천지,,,TRADE_0247343880E0,unmatched,0.0,30.76923076923077,22,26290|용호로231번길|100,26290|용호동|524-1,standard,True,
26320,구포동,1059,중앙,중앙,,,TRADE_2571EAD65090,unmatched,0.0,0.0,22,26320|가람로|12-2,26320|구포동|1059,standard,True,
26320,덕천동,291-4,동성베스트빌라,동성베스트빌라,,,TRADE_1DC564D06812,unmatched,0.0,22.22222222222222,16,26320|덕천로|46-2,26320|덕천동|291-4,standard,True,
26350,재송동,1145-1,보라스카이타운,보라스카이타운,,,TRADE_C8E0043CB207,unmatched,0.0,40.0,31,26350|재반로|150,26350|재송동|1145-1,standard,True,
26380,괴정동,1284,사하역비스타동원,사하역비스타동원,사하역비스타동원,A10024383,A10024383,road_legal_address_exact,100.0,100.0,1,26380|낙동대로|280,26380|괴정동|1284,standard,False,
26380,괴정동,314-42,목련,목련(B),,,TRADE_CD6F7F27EECD,unmatched,0.0,0.0,29,26380|낙동대로140번길|27,26380|괴정동|314-42,standard,True,
26380,신평동,166-4,그린파크,그린파크,,,TRADE_06970E9FE683,unmatched,0.0,19.999999999999996,15,26380|장평로301번길|15,26380|신평동|166-4,standard,True,
26380,감천동,828-27,경림감천,경림감천,,,TRADE_781BF22EE9E2,unmatched,0.0,50.0,10,26380|사하로|105,26380|감천동|828-27,standard,True,
26380,하단동,885-1,옥돌골든아르빌2,옥돌골든아르빌2,,,TRADE_C536F90DAE85,unmatched,0.0,14.28571428571429,12,26380|하신번영로|320,26380|하단동|885-1,standard,True,
26380,다대동,1201,광남하이츠빌라a동,광남하이츠빌라A동,,,TRADE_9B4CD56CDA2A,unmatched,0.0,42.85714285714286,28,26380|다대로530번길|6,26380|다대동|1201,standard,True,
26410,장전동,365-4,동아,동아,,,TRADE_7677B83782E0,unmatched,0.0,28.57142857142857,17,26410|장전온천천로105번길|3,26410|장전동|365-4,standard,True,
26410,구서동,260-20,대신하이츠빌라,대신하이츠빌라,,,TRADE_7BBC0E650C36,unmatched,0.0,18.181818181818176,25,26410|금강로445번길|20,26410|구서동|260-20,standard,True,
26410,구서동,184-24,산들파르테2차,산들파르테2차,,,TRADE_26AA1EC2E1A5,unmatched,0.0,18.181818181818176,25,26410|구서중앙로|6,26410|구서동|184-24,standard,True,
26410,구서동,86-11,조은,조은아파트,,,TRADE_C02A6229A53E,unmatched,0.0,0.0,25,26410|수림로50번길|196-3,26410|구서동|86-11,standard,True,
26410,청룡동,632-4,우창그랜드빌라,우창그랜드빌라,,,TRADE_78FB24A0A958,unmatched,0.0,13.33333333333333,4,26410|청룡로62번길|15-5,26410|청룡동|632-4,standard,True,
26410,구서동,86-25,에이스하임,에이스하임,,,TRADE_FF6255ECEC1D,unmatched,0.0,15.384615384615385,25,26410|수림로50번길|202-5,26410|구서동|86-25,standard,True,
26410,남산동,73-4,삼보하이빌,삼보하이빌,,,TRADE_A81509CD545B,unmatched,0.0,40.0,8,26410|중앙대로2001번길|32,26410|남산동|73-4,standard,True,
26470,연산동,70-3,토곡경림빌라,토곡경림빌라,,,TRADE_5E7895A8AC4B,unmatched,0.0,30.76923076923077,65,26470|토곡로9번길|16,26470|연산동|70-3,standard,True,
26470,연산동,1480-8,석주아트빌,석주아트빌,,,TRADE_234D218985BD,unmatched,0.0,22.22222222222222,65,26470|거제천로118번길|31,26470|연산동|1480-8,standard,True,
26470,연산동,346-1,삼경,삼경,,,TRADE_8F629F1E3FC4,unmatched,0.0,33.333333333333336,65,26470|과정로294번가길|26,26470|연산동|346-1,standard,True,
26470,연산동,1498-2,우정하이빌,우정하이빌,,,TRADE_41BCE54F1FA0,unmatched,0.0,60.0,65,26470|월드컵대로165번길|91,26470|연산동|1498-2,standard,True,
26470,거제동,1088-2,거제센텀,거제센텀,,,TRADE_1EF97FF4B92B,unmatched,0.0,54.54545454545454,41,26470|월드컵대로252번길|13,26470|거제동|1088-2,standard,True,
26500,남천동,10-14,남천알파타워,남천알파타워,,,TRADE_36F0AEA7D410,unmatched,0.0,61.53846153846154,14,26500|광남로10번길|15-8,26500|남천동|10-14,standard,True,
26500,망미동,407-2,협진태양맨션b동,협진태양맨션B동,,,TRADE_CF5E3663A9BB,unmatched,0.0,13.33333333333333,12,26500|망미번영로63번길|68,26500|망미동|407-2,standard,True,
26500,광안동,122-6,이린타워빌8,이린타워빌8,,,TRADE_AE1F729C8CE1,unmatched,0.0,28.57142857142857,22,26500|수영로606번길|73,26500|광안동|122-6,standard,True,
26530,괘법동,552-18,괘법맨션,괘법맨션,,,TRADE_4FAB5EAC16E8,unmatched,0.0,50.0,11,26530|사상로|148,26530|괘법동|552-18,standard,True,
26530,감전동,272-1,한영,한영,,,TRADE_732161062C11,unmatched,0.0,0.0,2,26530|백양대로561번길|26,26530|감전동|272-1,standard,True,
26710,장안읍명례리,924-12,명례솔터시티,명례솔터시티,,,TRADE_B255FA848FE2,unmatched,0.0,0.0,0,26710|명례산단3로|15,26710|장안읍명례리|924-12,standard,True,
26710,기장읍교리,345-9,원남빌라,원남빌라,,,TRADE_D68214AD87E4,unmatched,0.0,15.384615384615385,7,26710|차성동로|159-8,26710|기장읍교리|345-9,standard,True,
48250,동상동,1035,대성마마,대성마마,,,TRADE_0BB4E7DE644B,unmatched,0.0,0.0,0,48250|호계로|481,48250|동상동|1035,strict_full_lot,True,
48250,진영읍여래리,437,금오,금오,,,TRADE_90F528A1D56D,unmatched,0.0,0.0,0,48250|진영로218번길|4,48250|진영읍여래리|437,strict_full_lot,True,
48250,삼정동,651-9,가야,가야아파트,,,TRADE_5A15A6C79E66,unmatched,0.0,0.0,0,48250|김해대로2517번길|38,48250|삼정동|651-9,strict_full_lot,True,
48250,진영읍진영리,1535,수홍하이랜드5차,수홍하이랜드5차,,,TRADE_FDB5C6A0DD6F,unmatched,0.0,0.0,0,48250|김해대로332번길|31-12,48250|진영읍진영리|1535,strict_full_lot,True,
48250,삼정동,79-4,유신파크맨션,유신파크맨션,,,TRADE_6C88BD7DB896,unmatched,0.0,0.0,0,48250|활천로68번길|10,48250|삼정동|79-4,strict_full_lot,True,
48250,삼방동,571-1,선경주상복합,선경주상복합,,,TRADE_B512B493EB2F,unmatched,0.0,0.0,0,48250|인제로|262,48250|삼방동|571-1,strict_full_lot,True,
48250,지내동,47,4차동원,4차동원(47-0),,,TRADE_A8B06FE3C226,unmatched,0.0,0.0,0,48250|분성로727번길|30,48250|지내동|47,strict_full_lot,True,
48250,흥동,392-12,제일베스트빌,제일베스트빌,,,TRADE_029665D8E2A2,unmatched,0.0,0.0,0,48250|전하로133번길|6-23,48250|흥동|392-12,strict_full_lot,True,
48250,삼정동,597-4,삼성빌라,삼성빌라(597-4),,,TRADE_09975CECAB5A,unmatched,0.0,0.0,0,48250|활천로24번길|11,48250|삼정동|597-4,strict_full_lot,True,
48250,동상동,835,광남,광남,,,TRADE_0DB2C5CCFFDB,unmatched,0.0,0.0,0,48250|분성로335번길|38,48250|동상동|835,strict_full_lot,True,
48250,진영읍진영리,1570,수홍하이랜드2차,수홍하이랜드2차,,,TRADE_124AC0561212,unmatched,0.0,0.0,0,48250|김해대로332번길|46-5,48250|진영읍진영리|1570,strict_full_lot,True,
48250,삼정동,143-26,유신그린코아맨션,유신그린코아맨션,,,TRADE_C93B7B67B404,unmatched,0.0,0.0,0,48250|분성로494번길|27,48250|삼정동|143-26,strict_full_lot,True,
48330,동면금산리,577-3,드림아트빌,드림아트빌,,,TRADE_9F798F43864D,unmatched,0.0,0.0,0,48330|석금산로|59,48330|동면금산리|577-3,strict_full_lot,True,
26110,부평동4가,24-2,목연정m팰리스,목연정M팰리스,,,TRADE_41390F2E8FBF,unmatched,0.0,0.0,0,26110|흑교로21번길|17,26110|부평동4가|24-2,standard,True,
26140,암남동,29-9,보강빌라,보강빌라,,,TRADE_AA9C11777BB9,unmatched,0.0,40.0,14,26140|성산길|23,26140|암남동|29-9,standard,True,
26140,토성동3가,13-2,중보빌라,중보빌라,,,TRADE_421A7B1F1EA0,unmatched,0.0,0.0,0,26140|구덕로150번길|25,26140|토성동3가|13-2,standard,True,
26140,서대신동3가,453-2,구덕,구덕,,,TRADE_5AF409A89B0A,unmatched,0.0,66.66666666666667,8,26140|망양로|10,26140|서대신동3가|453-2,standard,True,
26170,수정동,489-16,용문아트빌,용문아트빌,,,TRADE_40DDBA6A5BD6,unmatched,0.0,22.22222222222222,3,26170|수정공원로|122,26170|수정동|489-16,standard,True,
26170,초량동,865-171,화신2,화신2,,,TRADE_B2C03E365C9D,unmatched,0.0,57.14285714285714,10,26170|망양로|516,26170|초량동|865-171,standard,True,
26170,범일동,547-11,센추리빌라,센추리빌라,,,TRADE_B4E315915B85,unmatched,0.0,16.666666666666664,9,26170|자성로|104-5,26170|범일동|547-11,standard,True,
26200,영선동1가,33-5,청성아트,청성아트(33-5),,,TRADE_A4192B2F9C19,unmatched,0.0,0.0,0,26200|절영로29번길|58,26200|영선동1가|33-5,standard,True,
26230,부전동,27-1,전자종합상가,전자종합상가,,,TRADE_E977A8F421CA,unmatched,0.0,0.0,7,26230|부전로|196,26230|부전동|27-1,standard,True,
26230,부전동,122-1,삼성비치타운,삼성비치타운,,,TRADE_881B7692D27A,unmatched,0.0,26.66666666666667,7,26230|중앙대로756번길|18-10,26230|부전동|122-1,standard,True,
26230,가야동,5-43,영진,영진(5-43),,,TRADE_5F68CE9A331D,unmatched,0.0,0.0,12,26230|가야대로668번가길|9,26230|가야동|5-43,standard,True,
26230,양정동,319-1,피렌체,피렌체,,,TRADE_4FD90EAD6EB8,unmatched,0.0,0.0,13,26230|중앙대로941번길|43,26230|양정동|319-1,standard,True,
26230,초읍동,270-15,동아블루시아,동아블루시아,,,TRADE_7754B52A8F04,unmatched,0.0,14.28571428571429,10,26230|성지로153번길|190,26230|초읍동|270-15,standard,True,
26230,범천동,1115,폴더윈하이츠,폴더윈하이츠,,,TRADE_5745E558D080,unmatched,0.0,18.181818181818176,24,26230|신암로155번길|11,26230|범천동|1115,standard,True,
26260,명장동,508-68,까치,까치,,,TRADE_1B4775B6C549,unmatched,0.0,0.0,13,26260|시실로167번길|53,26260|명장동|508-68,standard,True,
26260,낙민동,222-7,동우빌라,동우빌라,,,TRADE_A8315480041F,unmatched,0.0,50.0,13,26260|충렬대로272번길|8,26260|낙민동|222-7,standard,True,
26260,낙민동,265,부일스톤캐슬,부일스톤캐슬,,,TRADE_B11D28641313,unmatched,0.0,25.0,13,26260|충렬대로255번길|12,26260|낙민동|265,standard,True,
26290,대연동,1797-12,동경리치타운102동,동경리치타운102동,,,TRADE_66B4B21B3035,unmatched,0.0,25.0,33,26290|진남로|112,26290|대연동|1797-12,standard,True,
26290,대연동,1509-7,대동하이츠빌,대동하이츠빌,,,TRADE_E5920ED6A69D,unmatched,0.0,46.15384615384615,33,26290|못골번영로39번길|9,26290|대연동|1509-7,standard,True,
26290,대연동,376-1,린다비스타,린다비스타,,,TRADE_CD2CC3E67A4E,unmatched,0.0,36.36363636363637,33,26290|수영로266번길|15-1,26290|대연동|376-1,standard,True,
26290,용호동,40-1,태창맨션,태창맨션,,,TRADE_A5B68C044BE4,unmatched,0.0,40.0,22,26290|동명로101번길|144,26290|용호동|40-1,standard,True,
26290,우암동,129-1,석천,석천,,,TRADE_26E6B7887A58,unmatched,0.0,0.0,10,26290|우암양달로75번길|21,26290|우암동|129-1,standard,True,
26290,용호동,555-1,,(용호맨션),,,TRADE_FA7A48A8B617,unmatched,0.0,0.0,0,26290|용호로232번길|7,26290|용호동|555-1,standard,True,
26290,문현동,466-11,문현오름캐슬,문현오름캐슬,,,TRADE_FC9E269CCAB2,unmatched,0.0,40.0,23,26290|전포대로40번길|23,26290|문현동|466-11,standard,True,
26350,재송동,1041-9,이화맨션,이화맨션,,,TRADE_0CEBA92B16CF,unmatched,0.0,22.22222222222222,31,26350|해운대로81번가길|16,26350|재송동|1041-9,standard,True,
26350,재송동,1144-6,송남맨션,송남맨션,,,TRADE_24F9ED627FAB,unmatched,0.0,25.0,31,26350|재반로|142-11,26350|재송동|1144-6,standard,True,
26350,송정동,198-6,서진늘해랑,서진늘해랑,,,TRADE_D6649A180D34,unmatched,0.0,14.28571428571429,5,26350|송정중앙로9번길|12,26350|송정동|198-6,standard,True,
26350,송정동,203-19,시엘더숲,시엘더숲,,,TRADE_B143E9C1FBF7,unmatched,0.0,18.181818181818176,5,26350|송정중앙로33번길|12,26350|송정동|203-19,standard,True,
26350,반여동,1581-22,홍림센텀,홍림센텀아파트,홍림센텀아파트,A10021249,A10021249,road_legal_address_exact,100.0,100.0,1,26350|재반로282번길|83,26350|반여동|1581-22,standard,False,
26350,중동,1490-8,상림팰리스빌,상림팰리스빌,,,TRADE_957C1B2ED811,unmatched,0.0,36.36363636363637,29,26350|달맞이길117번가길|120-24,26350|중동|1490-8,standard,True,
26350,중동,1506-3,아남하이츠4,아남하이츠4,,,TRADE_CB9AD7A33475,unmatched,0.0,40.0,29,26350|달맞이길117번가길|3,26350|중동|1506-3,standard,True,
26350,반여동,1593-19,장산상가맨션,장산상가맨션,,,TRADE_0A008E84EF09,unmatched,0.0,16.666666666666664,31,26350|재반로256번길|13-54,26350|반여동|1593-19,standard,True,
26380,괴정동,762-3,부경솔리드102동,부경솔리드102동,,,TRADE_C717EAFFC1B4,unmatched,0.0,25.0,29,26380|낙동대로280번길|28,26380|괴정동|762-3,standard,True,
26380,괴정동,1068-49,성림,성림,,,TRADE_4F70C28D0F28,unmatched,0.0,22.22222222222222,29,26380|승학로161번안길|6,26380|괴정동|1068-49,standard,True,
26380,괴정동,1282,리뷰캐슬,리뷰캐슬아파트,,,TRADE_5C463A4ED45B,unmatched,0.0,22.22222222222222,29,26380|오작로76번길|8,26380|괴정동|1282,standard,True,
26380,하단동,529-20,m타워,M타워,,,TRADE_3A6B45175ADA,unmatched,0.0,19.999999999999996,12,26380|승학로3번길|19,26380|하단동|529-20,standard,True,
26380,괴정동,34-2,남도그린빌라,남도그린빌라,,,TRADE_875CF1B4BC2F,unmatched,0.0,36.36363636363637,29,26380|까치고개로|43,26380|괴정동|34-2,standard,True,
26380,하단동,888-2,펄스트빌a,펄스트빌A,,,TRADE_39B8A80160A9,unmatched,0.0,15.384615384615385,12,26380|낙동남로1347번길|25,26380|하단동|888-2,standard,True,
26380,하단동,888-4,오현리버뷰,오현리버뷰,,,TRADE_EC44A19E22F1,unmatched,0.0,18.181818181818176,12,26380|하신번영로|298,26380|하단동|888-4,standard,True,
26410,구서동,472-2,신일,신일,,,TRADE_B52379628BE8,unmatched,0.0,33.333333333333336,25,26410|수림로66번길|91,26410|구서동|472-2,standard,True,
26410,장전동,608-33,효산,효산,,,TRADE_14EEB4C968F3,unmatched,0.0,28.57142857142857,17,26410|온천장로|148,26410|장전동|608-33,standard,True,
26410,남산동,989-21,전원아트빌,전원아트빌,,,TRADE_335B6396123C,unmatched,0.0,0.0,8,26410|금샘로488번길|15,26410|남산동|989-21,standard,True,
26410,남산동,38-4,거성빌라,거성빌라(38-4),,,TRADE_F95DC655188B,unmatched,0.0,25.0,8,26410|금단로|151,26410|남산동|38-4,standard,True,
26410,부곡동,218-1,동백,동백,,,TRADE_E8892F6768D2,unmatched,0.0,28.57142857142857,27,26410|무학송로|86,26410|부곡동|218-1,standard,True,
26410,남산동,993-38,석산6차,석산6차,,,TRADE_4EBE36FC1020,unmatched,0.0,25.0,8,26410|금강로611번길|48,26410|남산동|993-38,standard,True,
26410,부곡동,64-45,금계빌라트,금계빌라트,,,TRADE_A2A13529F179,unmatched,0.0,15.384615384615385,27,26410|중앙대로1763번길|12,26410|부곡동|64-45,standard,True,
26410,부곡동,64-36,위클라우드7차,위클라우드7차,,,TRADE_5AFB796114D9,unmatched,0.0,18.181818181818176,27,26410|중앙대로1793번길|64,26410|부곡동|64-36,standard,True,
26410,구서동,184-17,서원,서원,,,TRADE_03870DEB60CB,unmatched,0.0,33.333333333333336,25,26410|두실로7번길|97,26410|구서동|184-17,standard,True,
26410,남산동,978-3,덕산에이스빌라,덕산에이스빌라,,,TRADE_B94A20B149F7,unmatched,0.0,33.333333333333336,8,26410|팔송로53번길|81,26410|남산동|978-3,standard,True,
26410,구서동,260-8,구서동나우빌라트,구서동나우빌라트,,,TRADE_29DA5330C854,unmatched,0.0,50.0,25,26410|금강로453번길|7,26410|구서동|260-8,standard,True,
26410,남산동,978-7,진흥목화,진흥목화,,,TRADE_42FBE6CA8C07,unmatched,0.0,18.181818181818176,8,26410|팔송로45번길|68,26410|남산동|978-7,standard,True,
26470,연산동,603-6,동서상가,동서상가,,,TRADE_B8908751D01C,unmatched,0.0,44.44444444444444,65,26470|반송로|22,26470|연산동|603-6,standard,True,
26470,연산동,1261-6,대림그린빌라,대림그린빌라,,,TRADE_A49695AEBA6D,unmatched,0.0,50.0,65,26470|월드컵대로73번길|36,26470|연산동|1261-6,standard,True,
26470,연산동,1293-6,태안에버빌,태안에버빌,,,TRADE_53BDB3CCF135,unmatched,0.0,19.999999999999996,65,26470|중앙대로1075번길|53,26470|연산동|1293-6,standard,True,
26470,연산동,1386-11,명일리치빌,명일리치빌,,,TRADE_E18A431F437A,unmatched,0.0,19.999999999999996,65,26470|거제천로124번길|55,26470|연산동|1386-11,standard,True,
26470,거제동,572-20,태영아트빌,태영아트빌,,,TRADE_CDC67B7AC951,unmatched,0.0,19.999999999999996,41,26470|거제대로114번길|8,26470|거제동|572-20,standard,True,
26470,연산동,704-13,포세이돈,포세이돈,,,TRADE_9AF6D5E4609A,unmatched,0.0,25.0,65,26470|중앙대로1056번길|19-5,26470|연산동|704-13,standard,True,
26470,연산동,1092,연산오성빌라맨션,연산오성빌라맨션,,,TRADE_B52DB7A4F5E6,unmatched,0.0,62.5,65,26470|고분로|140,26470|연산동|1092,standard,True,
26500,광안동,168-12,금양드림타워,금양드림타워,,,TRADE_289B6FD27E13,unmatched,0.0,28.57142857142857,22,26500|수영로536번길|13-3,26500|광안동|168-12,standard,True,
26500,광안동,1078-1,송파지오스v,송파지오스V,,,TRADE_FD1E94616D30,unmatched,0.0,18.181818181818176,22,26500|수영로|665,26500|광안동|1078-1,standard,True,
26500,남천동,30-8,삼인스카이뷰,삼인스카이뷰,,,TRADE_2CC05A99DC99,unmatched,0.0,25.0,14,26500|남천바다로10번길|56,26500|남천동|30-8,standard,True,
26500,광안동,500-5,나래아트빌,나래아트빌,,,TRADE_11E5CB7DFF50,unmatched,0.0,28.57142857142857,22,26500|광서로39번길|20,26500|광안동|500-5,standard,True,
26710,기장읍대라리,172-4,센트럴파크빌라1차,센트럴파크빌라1차,,,TRADE_C560C414B659,unmatched,0.0,14.28571428571429,4,26710|차성로216번길|32,26710|기장읍대라리|172-4,standard,True,
26710,기장읍대라리,141-14,페리a동,페리A동,,,TRADE_FFF84D96A3D9,unmatched,0.0,0.0,4,26710|차성동로25번길|25,26710|기장읍대라리|141-14,standard,True,
26710,일광읍삼성리,810,일광대성베르힐,일광대성베르힐,일광 대성베르힐,A10024606,A10024606,road_address_exact,100.0,100.0,1,26710|해빛5로|14,26710|일광읍삼성리|810,standard,False,
26710,일광읍삼성리,716-6,세진오션파크빌,세진오션파크빌,,,TRADE_0061CD5567B6,unmatched,0.0,21.052631578947366,11,26710|일역길|62,26710|일광읍삼성리|716-6,standard,True,
26710,기장읍서부리,61-15,노이하우스2차,노이하우스2차,,,TRADE_14FF6D5FAE97,unmatched,0.0,16.666666666666664,2,26710|읍내로15번길|14,26710|기장읍서부리|61-15,standard,True,
26710,일광읍삼성리,713-3,세흥비치,세흥비치,,,TRADE_102A1D454524,unmatched,0.0,18.181818181818176,11,26710|일역길|75,26710|일광읍삼성리|713-3,standard,True,
26710,기장읍대라리,100-1,가화만사성4차,가화만사성4차,,,TRADE_7D5893D4086C,unmatched,0.0,0.0,4,26710|차성동로30번길|6,26710|기장읍대라리|100-1,standard,True,
26710,기장읍동부리,155-13,유한빌라,유한빌라,,,TRADE_6E50122A06B4,unmatched,0.0,19.999999999999996,4,26710|차성로334번길|29,26710|기장읍동부리|155-13,standard,True,
48250,봉황동,26-6,명굉맨션,명굉맨션,,,TRADE_6A7A22B3CCA2,unmatched,0.0,0.0,0,48250|가락로7번길|22,48250|봉황동|26-6,strict_full_lot,True,
48250,서상동,255-2,금오,금오아파트,,,TRADE_B06C39CDB032,unmatched,0.0,0.0,0,48250|가락로63번길|11,48250|서상동|255-2,strict_full_lot,True,
48250,삼정동,81-1,금농드림빌,금농드림빌,,,TRADE_31E4811A80E8,unmatched,0.0,0.0,0,48250|활천로67번길|12,48250|삼정동|81-1,strict_full_lot,True,
48250,흥동,7-4,두산프리빌리지,두산프리빌리지,,,TRADE_1210424A9717,unmatched,0.0,0.0,0,48250|흥동로|177,48250|흥동|7-4,strict_full_lot,True,
48250,삼정동,611-3,그라니아,그라니아아파트,,,TRADE_859FD674AF13,unmatched,0.0,0.0,0,48250|김해대로2471번길|7,48250|삼정동|611-3,strict_full_lot,True,
48250,풍유동,71-12,청호아트빌,청호아트빌(71-12),,,TRADE_F173BB24E770,unmatched,0.0,0.0,0,48250|전하로27번길|10-13,48250|풍유동|71-12,strict_full_lot,True,
48250,무계동,가-,김해장유삼정그린코아더베스트,김해장유삼정그린코아더베스트,,,TRADE_A5C6FCA58ACA,unmatched,0.0,0.0,0,48250|무계한빛길|50,,strict_full_lot,True,
48250,무계동,199,삼진민정,삼진민정,,,TRADE_ABE3DEC4D37D,unmatched,0.0,0.0,0,48250|장유로301번길|22-7,48250|무계동|199,strict_full_lot,True,
48330,북부동,147-1,양산,양산,,,TRADE_D532CCB688A6,unmatched,0.0,0.0,0,48330|북안북7길|39,48330|북부동|147-1,strict_full_lot,True,
48330,동면금산리,587-2,센스빌라트,센스빌라트,,,TRADE_08F425E95879,unmatched,0.0,0.0,0,48330|금산5길|8-14,48330|동면금산리|587-2,strict_full_lot,True,
48330,명동,708-9,대동빌라2차,대동빌라2차,,,TRADE_9798F3F20A90,unmatched,0.0,0.0,0,48330|외홈3길|3,48330|명동|708-9,strict_full_lot,True,
48330,삼호동,723,동전,동전,,,TRADE_F852AB2BC5DB,unmatched,0.0,0.0,0,48330|서창로|119-2,48330|삼호동|723,strict_full_lot,True,
48330,명동,703-10,명신주택,명신주택,,,TRADE_20BEFC346E3F,unmatched,0.0,0.0,0,48330|삼호동부로|53,48330|명동|703-10,strict_full_lot,True,
26110,보수동2가,65-2,보수동해마루2차,보수동해마루아파트2차,,,TRADE_14A505BC1FF1,unmatched,0.0,0.0,0,26110|흑교로75번길|12,26110|보수동2가|65-2,standard,True,
26110,대청동4가,81-49,대청맨션1,대청맨션-1,,,TRADE_687FA00F8288,unmatched,0.0,44.44444444444444,1,26110|중구로75번길|12,26110|대청동4가|81-49,standard,True,
26140,서대신동2가,35-7,gl타운a,GL타운A,,,TRADE_BF85BB449398,unmatched,0.0,0.0,3,26140|구덕로315번길|9,26140|서대신동2가|35-7,standard,True,
26140,동대신동1가,130-4,고암시티텔,고암시티텔,,,TRADE_5F8A92122978,unmatched,0.0,0.0,1,26140|대영로|68,26140|동대신동1가|130-4,standard,True,
26140,동대신동2가,182-1,카멜롯,카멜롯,,,TRADE_0048CC450DA6,unmatched,0.0,0.0,1,26140|대영로105번길|21,26140|동대신동2가|182-1,standard,True,
26140,서대신동1가,54-17,유니온캐슬2차,유니온캐슬2차,,,TRADE_75D81A53D360,unmatched,0.0,0.0,1,26140|대영로46번길|17,26140|서대신동1가|54-17,standard,True,
26140,암남동,13-4,금강송도타운,금강송도타운,,,TRADE_04A91813CE00,unmatched,0.0,40.0,14,26140|성산길|51-8,26140|암남동|13-4,standard,True,
26140,서대신동1가,156,오션펠리체,오션펠리체,,,TRADE_ABDAC495075F,unmatched,0.0,18.181818181818176,1,26140|대영로|34-4,26140|서대신동1가|156,standard,True,
26140,서대신동3가,33-7,한신,한신,,,TRADE_684AE176D9DD,unmatched,0.0,33.333333333333336,8,26140|꽃마을로|65,26140|서대신동3가|33-7,standard,True,
26170,초량동,576-1,썬플라워빌,썬플라워빌,,,TRADE_026CA894565A,unmatched,0.0,12.5,10,26170|대영로239번길|48,26170|초량동|576-1,standard,True,
26170,초량동,1160-11,장원하이드파크,장원하이드파크,,,TRADE_7B88D84394F8,unmatched,0.0,19.047619047619047,10,26170|중앙대로296번길|11,26170|초량동|1160-11,standard,True,
26170,초량동,1051-22,온누리,온누리,,,TRADE_EBB4BDF2B736,unmatched,0.0,18.181818181818176,10,26170|초량중로|39-1,26170|초량동|1051-22,standard,True,
26170,초량동,106-11,대근아트빌라,대근아트빌라(106-11),,,TRADE_8157CA3BA921,unmatched,0.0,12.5,10,26170|고관로13번길|35,26170|초량동|106-11,standard,True,
26200,동삼동,344-1,동광세화맨션,동광세화맨션,,,TRADE_E92BAB8CA4FC,unmatched,0.0,33.333333333333336,23,26200|동삼로28번길|22,26200|동삼동|344-1,standard,True,
26200,신선동2가,177-7,샛별나동,샛별나동,,,TRADE_827AFBBAC897,unmatched,0.0,0.0,1,26200|중복길|306,26200|신선동2가|177-7,standard,True,
26200,청학동,239,퀸즈팰리스,퀸즈팰리스,,,TRADE_4411BF3A7EA1,unmatched,0.0,19.999999999999996,9,26200|청학로|81,26200|청학동|239,standard,True,
26200,대교동2가,125-3,두선빌라,두선빌라,,,TRADE_16882F08DDEB,unmatched,0.0,0.0,0,26200|절영로29번길|27,26200|대교동2가|125-3,standard,True,
26200,봉래동2가,86-2,봉래마을,봉래마을,,,TRADE_72766AF2A5B3,unmatched,0.0,19.999999999999996,2,26200|태종로83번길|38,26200|봉래동2가|86-2,standard,True,
26200,동삼동,400,동산파크타운,동산파크타운,,,TRADE_E12D0B9A9556,unmatched,0.0,42.85714285714286,23,26200|절영로|538,26200|동삼동|400,standard,True,
26230,부암동,380-7,금호천지,금호천지,,,TRADE_58110612A4CA,unmatched,0.0,18.181818181818176,27,26230|동평로119번길|59,26230|부암동|380-7,standard,True,
26230,개금동,188-10,개금코아팰리스,개금코아팰리스,,,TRADE_5B5D2B8CF539,unmatched,0.0,46.15384615384615,23,26230|개금온정로|6-1,26230|개금동|188-10,standard,True,
26230,전포동,687-21,서면베스트빌,서면베스트빌,,,TRADE_27B6813BD5E5,unmatched,0.0,42.85714285714286,23,26230|서전로38번길|57,26230|전포동|687-21,standard,True,
26230,양정동,96-24,크레빌,크레빌,,,TRADE_10E348AA630A,unmatched,0.0,22.22222222222222,13,26230|양정로6번길|6,26230|양정동|96-24,standard,True,
26230,초읍동,268-1,성림,성림,,,TRADE_9F65D3D81428,unmatched,0.0,28.57142857142857,10,26230|성지로153번길|148,26230|초읍동|268-1,standard,True,
26260,사직동,77-10,해금리더스,해금리더스,,,TRADE_FDC9A8C6349B,unmatched,0.0,22.22222222222222,19,26260|아시아드대로171번길|78,26260|사직동|77-10,standard,True,
26260,명륜동,533-229,동래롯데캐슬퀸,동래롯데캐슬퀸,동래롯데캐슬퀸,A10024460,A10024460,road_legal_address_exact,100.0,100.0,1,26260|온천천로|165,26260|명륜동|533-229,standard,False,
26260,온천동,358-7,동우빌라,동우빌라,,,TRADE_E05BD454B09F,unmatched,0.0,50.0,42,26260|우장춘로74번길|17,26260|온천동|358-7,standard,True,
26260,온천동,1379-32,세롬스카이빌,세롬스카이빌,,,TRADE_CE41C526E97B,unmatched,0.0,40.0,42,26260|여고북로33번길|32,26260|온천동|1379-32,standard,True,
26290,문현동,119-33,영아빌라,영아빌라,,,TRADE_67D014A427A6,unmatched,0.0,22.22222222222222,23,26290|고동골로72번길|39,26290|문현동|119-33,standard,True,
26290,대연동,1482-11,뉴록원하이츠,뉴록원하이츠,,,TRADE_271D482486FF,unmatched,0.0,19.999999999999996,33,26290|못골번영로60번길|3,26290|대연동|1482-11,standard,True,
26290,용호동,516-1,용호맨션,용호맨션,,,TRADE_F002974D5E71,unmatched,0.0,50.0,22,26290|동명로152번길|77,26290|용호동|516-1,standard,True,
26290,감만동,44-151,성지,성지,,,TRADE_7286AA80DE43,unmatched,0.0,22.22222222222222,9,26290|전선등로3번길|23,26290|감만동|44-151,standard,True,
26290,대연동,1608-9,록원월드타워,록원월드타워,,,TRADE_F146B8F01667,unmatched,0.0,33.333333333333336,33,26290|수영로|150,26290|대연동|1608-9,standard,True,
26290,문현동,805-4,동천맨션,동천맨션,,,TRADE_A38B1863ADFC,unmatched,0.0,40.0,23,26290|전포대로|19,26290|문현동|805-4,standard,True,
26320,구포동,1060-178,용진스타티스,용진스타티스,,,TRADE_43CD85B246A4,unmatched,0.0,30.76923076923077,22,26320|가람로48번길|22,26320|구포동|1060-178,standard,True,
26350,중동,1839,롯데캐슬스타,롯데캐슬스타,해운대 롯데캐슬 스타 아파트,A10024591,A10024591,dong_fuzzy,80.0,80.0,29,26350|중동2로34번길|15,26350|중동|1839,standard,True,
26350,중동,1511-2,스카이파크빌라3차,스카이파크빌라3차,,,TRADE_FB8B7B91CBD1,unmatched,0.0,35.29411764705882,29,26350|달맞이길117번길|71,26350|중동|1511-2,standard,True,
26350,송정동,194-1,신우비치맨션,신우비치맨션,,,TRADE_E93640ADA580,unmatched,0.0,15.384615384615385,5,26350|송정중앙로27번길|46,26350|송정동|194-1,standard,True,
26380,괴정동,762-43,사하빌라,사하빌라,,,TRADE_B5A28D9E55AC,unmatched,0.0,40.0,29,26380|낙동대로280번길|22,26380|괴정동|762-43,standard,True,
26380,괴정동,296-1,지광베르디아,지광베르디아,,,TRADE_B88B8C92C1D8,unmatched,0.0,15.384615384615385,29,26380|사리로|22,26380|괴정동|296-1,standard,True,
26380,감천동,828-31,한성,한성,,,TRADE_3D1F6D211F65,unmatched,0.0,25.0,10,26380|사하로|101,26380|감천동|828-31,standard,True,
26380,괴정동,381-4,효성빌라,효성빌라,,,TRADE_6C5E2F1D79E7,unmatched,0.0,18.181818181818176,29,26380|사리로8번길|8,26380|괴정동|381-4,standard,True,
26380,괴정동,352-25,현대캐스빌,현대캐스빌,,,TRADE_9FA239102B9D,unmatched,0.0,33.333333333333336,29,26380|오작로|108,26380|괴정동|352-25,standard,True,
26380,다대동,871,재성힐링파크,재성힐링파크,,,TRADE_1B2C2B25A9E0,unmatched,0.0,25.0,28,26380|다대로543번길|10,26380|다대동|871,standard,True,
26380,괴정동,304-1,화신거화젠틀빌라,화신거화젠틀빌라,,,TRADE_4240BDF89019,unmatched,0.0,26.66666666666667,29,26380|사리로18번길|9-3,26380|괴정동|304-1,standard,True,
26410,서동,203-4,동남아트빌,동남아트빌,,,TRADE_D097FDA30E4C,unmatched,0.0,22.22222222222222,4,26410|금사로|13,26410|서동|203-4,standard,True,
26410,청룡동,633-9,도완시티빌,도완시티빌,,,TRADE_6BA4622A250F,unmatched,0.0,15.384615384615385,4,26410|청룡로54번길|21,26410|청룡동|633-9,standard,True,
26410,서동,38-1,백산상가빌라,백산상가빌라,,,TRADE_B50584F294D0,unmatched,0.0,0.0,4,26410|서곡로34번길|72,26410|서동|38-1,standard,True,
26410,구서동,1018-5,구서빌라2동,구서빌라2동,,,TRADE_9056B923E641,unmatched,0.0,60.0,25,26410|두실로45번길|63,26410|구서동|1018-5,standard,True,
26410,남산동,265-16,콜트힐,콜트힐,,,TRADE_BE6B79CDBF88,unmatched,0.0,0.0,8,26410|금단로|168,26410|남산동|265-16,standard,True,
26410,청룡동,17-21,청룡예뜨랑1,청룡예뜨랑1,,,TRADE_4CEB1FAF2614,unmatched,0.0,40.0,4,26410|청룡예전로|1-3,26410|청룡동|17-21,standard,True,
26410,장전동,607-9,새온천,새온천,,,TRADE_1DDE1AF8A0FC,unmatched,0.0,30.76923076923077,17,26410|식물원로17번길|25,26410|장전동|607-9,standard,True,
26410,구서동,1032-1,푸른마을,푸른마을,,,TRADE_C9C297E4DB3E,unmatched,0.0,0.0,25,26410|금샘로|363,26410|구서동|1032-1,standard,True,
26410,남산동,248-1,아름베스트7차,아름베스트7차,,,TRADE_3DB13BE073C5,unmatched,0.0,15.384615384615385,8,26410|금단로175번길|21,26410|남산동|248-1,standard,True,
26410,남산동,973-3,일번파크맨션에이동,일번파크맨션에이동,,,TRADE_59364CA47691,unmatched,0.0,14.28571428571429,8,26410|팔송로59번길|35,26410|남산동|973-3,standard,True,
26410,부곡동,64-29,남신베르디,남신베르디,,,TRADE_6EF68586E989,unmatched,0.0,44.44444444444444,27,26410|중앙대로1763번길|36-8,26410|부곡동|64-29,standard,True,
26470,연산동,1405-16,하나파크빌,하나파크빌,,,TRADE_C56643D8DF72,unmatched,0.0,40.0,65,26470|월드컵대로165번길|65,26470|연산동|1405-16,standard,True,
26470,연산동,1288-3,전원에스빌,전원에스빌,,,TRADE_5BA0B8E0AE10,unmatched,0.0,36.36363636363637,65,26470|중앙대로1075번길|28,26470|연산동|1288-3,standard,True,
26470,연산동,1357-4,우일아내트,우일아내트,,,TRADE_065CCA638C5B,unmatched,0.0,28.57142857142857,65,26470|중앙대로1039번길|21,26470|연산동|1357-4,standard,True,
26470,연산동,1255-7,흑석파크빌,흑석파크빌,,,TRADE_7249DE172C2F,unmatched,0.0,40.0,65,26470|거제천로152번길|35,26470|연산동|1255-7,standard,True,
26470,연산동,1259-25,창광,창광,,,TRADE_8DD09A99E8D0,unmatched,0.0,0.0,65,26470|거제천로146번길|33,26470|연산동|1259-25,standard,True,
26470,연산동,1293-18,창광빌리지,창광빌리지(1293-18),,,TRADE_0E9585B35413,unmatched,0.0,19.999999999999996,65,26470|중앙대로1075번길|43,26470|연산동|1293-18,standard,True,
26470,연산동,1492-42,발원시티,발원시티,,,TRADE_6FD8C694DD1C,unmatched,0.0,40.0,65,26470|거제천로118번길|50,26470|연산동|1492-42,standard,True,
26500,광안동,774-13,주안골드빌리지,주안골드빌리지,,,TRADE_4C8D6028ECBA,unmatched,0.0,40.0,22,26500|호암로9번길|17,26500|광안동|774-13,standard,True,
26500,광안동,1265-1,태백타워,태백타워,,,TRADE_761039DD1FEB,unmatched,0.0,33.333333333333336,22,26500|수영로521번길|34,26500|광안동|1265-1,standard,True,
26500,남천동,44-18,뉴하이츠빌라,뉴하이츠빌라,,,TRADE_B24BFE6E10DF,unmatched,0.0,19.999999999999996,14,26500|수영로481번길|6,26500|남천동|44-18,standard,True,
26500,광안동,491-3,부흥4차,부흥4차,,,TRADE_E35EC3A69B1F,unmatched,0.0,14.28571428571429,22,26500|광일로9번길|13,26500|광안동|491-3,standard,True,
26500,광안동,91-2,삼흥탑스빌,삼흥탑스빌,,,TRADE_0540550DC20B,unmatched,0.0,18.181818181818176,22,26500|무학로21번길|82,26500|광안동|91-2,standard,True,
26500,민락동,166-8,미진타워빌,미진타워빌,,,TRADE_3222E241030E,unmatched,0.0,22.22222222222222,13,26500|민락로33번길|15-1,26500|민락동|166-8,standard,True,
26530,모라동,420-3,부창스카이빌,부창스카이빌,,,TRADE_621AEAB1413E,unmatched,0.0,18.181818181818176,19,26530|모라로110번길|55,26530|모라동|420-3,standard,True,
26530,모라동,647-7,모라새상가,모라새상가,,,TRADE_EF2D04A54190,unmatched,0.0,44.44444444444444,19,26530|모라로51번길|42,26530|모라동|647-7,standard,True,
26530,괘법동,521-5,에버그린,에버그린,,,TRADE_E69EB08B05B0,unmatched,0.0,15.384615384615385,11,26530|사상로223번길|58,26530|괘법동|521-5,standard,True,
26530,모라동,648-2,모라b,모라B,,,TRADE_6D5A5C652469,unmatched,0.0,57.14285714285714,19,26530|모라로37번길|14,26530|모라동|648-2,standard,True,
26530,덕포동,191-9,대하덕포,"대하덕포(2,3호동)",,,TRADE_303ED65292F0,unmatched,0.0,50.0,13,26530|사상로310번길|88,26530|덕포동|191-9,standard,True,
26710,기장읍교리,160-2,리츠빌리지,리츠빌리지,,,TRADE_BB1F97BA004B,unmatched,0.0,18.181818181818176,7,26710|차성로365번길|63,26710|기장읍교리|160-2,standard,True,
26710,기장읍동부리,335-9,금강센스빌제102동,금강센스빌제102동,,,TRADE_0D4B45AB57C5,unmatched,0.0,25.0,4,26710|차성서로|152-10,26710|기장읍동부리|335-9,standard,True,
26710,기장읍대라리,160-7,대원빌라5,대원빌라5,,,TRADE_5979F26FE23F,unmatched,0.0,19.999999999999996,4,26710|차성로215번길|22,26710|기장읍대라리|160-7,standard,True,
26710,기장읍대라리,126-12,페리ii,페리II,,,TRADE_C2B5FD2D256C,unmatched,0.0,0.0,4,26710|차성남로|61,26710|기장읍대라리|126-12,standard,True,
26710,기장읍대라리,185-2,센트럴파크빌라6차,센트럴파크빌라6차,,,TRADE_8FCAE0E637A3,unmatched,0.0,14.28571428571429,4,26710|차성로201번길|9,26710|기장읍대라리|185-2,standard,True,
26710,기장읍교리,160-1,리츠빌리지,리츠빌리지,,,TRADE_57AFFD162D8F,unmatched,0.0,18.181818181818176,7,26710|차성로365번길|63,26710|기장읍교리|160-1,standard,True,
48250,흥동,555-8,청호그린106동,청호그린106동,,,TRADE_A135413842F1,unmatched,0.0,0.0,0,48250|흥동로|57,48250|흥동|555-8,strict_full_lot,True,
48250,삼정동,664-15,삼성맥스빌10차,삼성맥스빌10차,,,TRADE_9489084F55EE,unmatched,0.0,0.0,0,48250|김해대로2517번길|6-17,48250|삼정동|664-15,strict_full_lot,True,
48250,동상동,1111-5,로얄팰리스,로얄팰리스,,,TRADE_C20460216BC3,unmatched,0.0,0.0,0,48250|가야로497번길|10-3,48250|동상동|1111-5,strict_full_lot,True,
48250,삼정동,592-6,연화빌라,연화빌라,,,TRADE_34AE80A48C2F,unmatched,0.0,0.0,0,48250|활천로36번길|22-17,48250|삼정동|592-6,strict_full_lot,True,
48250,삼방동,181-4,블루스카이,블루스카이,,,TRADE_FE5637509D12,unmatched,0.0,0.0,0,48250|활천로285번길|5-7,48250|삼방동|181-4,strict_full_lot,True,
48250,삼방동,554-15,명보그린빌,명보그린빌,,,TRADE_F482A3622A50,unmatched,0.0,0.0,0,48250|삼안로310번길|11-20,48250|삼방동|554-15,strict_full_lot,True,
48250,어방동,359-25,우성골드빌라,우성골드빌라,,,TRADE_ACC254D5FA1F,unmatched,0.0,0.0,0,48250|활천로214번길|16,48250|어방동|359-25,strict_full_lot,True,
48250,어방동,358-3,동일궁전빌라,동일궁전빌라,,,TRADE_924A82D59663,unmatched,0.0,0.0,0,48250|활천로202번길|13,48250|어방동|358-3,strict_full_lot,True,
48250,외동,518-13,풍림2차,풍림2차,,,TRADE_F8314988CC6B,unmatched,0.0,0.0,0,48250|분성로114번길|8,48250|외동|518-13,strict_full_lot,True,
48250,지내동,525,동원하우스,동원하우스,,,TRADE_9769A23041C2,unmatched,0.0,0.0,0,48250|분성로677번길|19,48250|지내동|525,strict_full_lot,True,
48250,삼정동,652-6,청구하이트빌라,청구하이트빌라,,,TRADE_3FF3789FD831,unmatched,0.0,0.0,0,48250|김해대로2529번길|29,48250|삼정동|652-6,strict_full_lot,True,
48250,삼정동,597-6,화인아트1차,화인아트1차,,,TRADE_6B366812CAFB,unmatched,0.0,0.0,0,48250|김해대로2463번길|25-1,48250|삼정동|597-6,strict_full_lot,True,
48330,명동,708-6,동우b,동우B,,,TRADE_CA8DECF00047,unmatched,0.0,0.0,0,48330|외홈2길|8,48330|명동|708-6,strict_full_lot,True,
48330,평산동,340-5,백산빌,백산빌,,,TRADE_23A89D8E060B,unmatched,0.0,0.0,0,48330|평산12길|15,48330|평산동|340-5,strict_full_lot,True,
48330,북부동,484-13,,(484-13),,,TRADE_737DE6B46494,unmatched,0.0,0.0,0,48330|북안남2길|25,48330|북부동|484-13,strict_full_lot,True,
48330,하북면순지리,626-4,힐튼펠리스,힐튼펠리스,,,TRADE_8D6C10E0B2FC,unmatched,0.0,0.0,0,48330|신평강변6길|12,48330|하북면순지리|626-4,strict_full_lot,True,
26110,대청동4가,75-171,근영빌라3동,근영빌라3동,,,TRADE_7981EF9B33D9,unmatched,0.0,0.0,1,26110|대청북길|12,26110|대청동4가|75-171,standard,True,
26110,대청동4가,75-128,선우대청빌라,선우대청빌라,,,TRADE_63EBA8ACC4E4,unmatched,0.0,0.0,1,26110|대청북길|13,26110|대청동4가|75-128,standard,True,
26110,보수동3가,61-3,동서빌라,동서빌라,,,TRADE_B5B4A1E9DFB7,unmatched,0.0,0.0,0,26110|흑교로59번길|16,26110|보수동3가|61-3,standard,True,
26110,대청동4가,75-176,근영빌라2동,근영빌라2동,,,TRADE_6D1D15CBDE28,unmatched,0.0,0.0,1,26110|대청북길|10,26110|대청동4가|75-176,standard,True,
26110,중앙동4가,40-15,동광맨션,동광맨션,,,TRADE_813EF981ECDA,unmatched,0.0,0.0,1,26110|동광길|66,26110|중앙동4가|40-15,standard,True,
26140,암남동,118-4,태림맨션,태림맨션,,,TRADE_BEAB689B2438,unmatched,0.0,19.999999999999996,14,26140|천마로|42,26140|암남동|118-4,standard,True,
26140,부용동1가,12-3,청산,청산,,,TRADE_FE4E811D0C95,unmatched,0.0,0.0,1,26140|흑교로105번길|10,26140|부용동1가|12-3,standard,True,
26170,초량동,994-5,초량마마맨션,초량마마맨션,,,TRADE_7A11D2FD6CDE,unmatched,0.0,40.0,10,26170|영초윗길|19,26170|초량동|994-5,standard,True,
26200,동삼동,572-2,페로스타워,페로스타워,,,TRADE_1EAD6D7F67A7,unmatched,0.0,19.999999999999996,23,26200|절영로|469,26200|동삼동|572-2,standard,True,
26200,청학동,62-31,청학태림맨션,청학태림맨션,,,TRADE_0D7D4A13C5FF,unmatched,0.0,40.0,9,26200|태종로|422,26200|청학동|62-31,standard,True,
26230,초읍동,159-3,블루스카이빌,블루스카이빌(159-3),,,TRADE_8AB7EDA48FB3,unmatched,0.0,13.33333333333333,10,26230|초읍천로|63,26230|초읍동|159-3,standard,True,
26230,양정동,272-15,덕포그랜드힐,덕포그랜드힐,,,TRADE_0F1C697594B1,unmatched,0.0,26.66666666666667,13,26230|연수로11번길|31,26230|양정동|272-15,standard,True,
26230,당감동,1022,골드스카이80,골드스카이80,,,TRADE_7D54AD21816C,unmatched,0.0,14.28571428571429,17,26230|가야대로|695,26230|당감동|1022,standard,True,
26230,전포동,328-4,전포대진,전포대진,,,TRADE_E6F2519B8AC8,unmatched,0.0,50.0,23,26230|진남로328번길|24,26230|전포동|328-4,standard,True,
26230,부전동,508-22,보영미네르빌,보영미네르빌,,,TRADE_AFB14BC64C79,unmatched,0.0,19.999999999999996,7,26230|가야대로750번길|6,26230|부전동|508-22,standard,True,
26260,온천동,1218-19,한맥타운,한맥타운,,,TRADE_F49DE35A1079,unmatched,0.0,30.76923076923077,42,26260|쇠미로|198,26260|온천동|1218-19,standard,True,
26290,용호동,481-3,동산파크맨션,동산파크맨션,,,TRADE_3A2AE5AA0D66,unmatched,0.0,33.333333333333336,22,26290|동명로92번길|72,26290|용호동|481-3,standard,True,
26290,문현동,15-17,정호베스트빌,정호베스트빌(15-17),,,TRADE_E71272DDE262,unmatched,0.0,33.333333333333336,23,26290|고동골로|113-8,26290|문현동|15-17,standard,True,
26290,대연동,873-9,투윈빌리지1,투윈빌리지-1,,,TRADE_547737BF8E89,unmatched,0.0,16.666666666666664,33,26290|용소로64번길|106,26290|대연동|873-9,standard,True,
26290,용호동,487-38,해림발리빌,해림발리빌,,,TRADE_C88661B34FC5,unmatched,0.0,28.57142857142857,22,26290|동명로132번길|47,26290|용호동|487-38,standard,True,
26290,대연동,1754-12,청보화이트,청보화이트,,,TRADE_A4C92C91C210,unmatched,0.0,26.66666666666667,33,26290|수영로208번길|46,26290|대연동|1754-12,standard,True,
26290,대연동,1724-14,흑석타워빌,흑석타워빌,,,TRADE_40BDECE31873,unmatched,0.0,36.36363636363637,33,26290|유엔로183번길|61,26290|대연동|1724-14,standard,True,
26320,덕천동,417-21,새진흥,새진흥,,,TRADE_A9DD89744771,unmatched,0.0,0.0,16,26320|의성로122번길|16,26320|덕천동|417-21,standard,True,
26320,화명동,2341,화명푸르지오헤리센트,화명푸르지오헤리센트,화명푸르지오헤리센트,A10024341,A10024341,road_address_exact,100.0,100.0,1,26320|산성로|28,26320|화명동|2341,standard,False,
26350,중동,1375-9,한영아르미안,한영아르미안,,,TRADE_4E8707F6EA79,unmatched,0.0,33.333333333333336,29,26350|중동2로24번길|13-4,26350|중동|1375-9,standard,True,
26350,송정동,198-4,해피투모로우,해피투모로우,,,TRADE_323151E4B9E3,unmatched,0.0,26.66666666666667,5,26350|송정중앙로9번길|16,26350|송정동|198-4,standard,True,
26350,재송동,1045-2,화송빌라,화송빌라,,,TRADE_107FAB2CBA5F,unmatched,0.0,25.0,31,26350|해운대로81번길|108-10,26350|재송동|1045-2,standard,True,
26350,중동,1198-6,토명비치빌,토명비치빌,,,TRADE_56A8A71A1667,unmatched,0.0,37.5,29,26350|해운대해변로|342,26350|중동|1198-6,standard,True,
26350,중동,1491-5,대림엠파이어빌라,대림엠파이어빌라,,,TRADE_76C5DD5A71B2,unmatched,0.0,37.5,29,26350|달맞이길117번가길|138,26350|중동|1491-5,standard,True,
26350,송정동,182-7,송원빌리지,송원빌리지,,,TRADE_0184B8C8231A,unmatched,0.0,33.333333333333336,5,26350|송정중앙로9번길|72-7,26350|송정동|182-7,standard,True,
26380,괴정동,764-11,노블레스,노블레스(764-11),,,TRADE_8B3D48FC50F3,unmatched,0.0,22.22222222222222,29,26380|승학로|185,26380|괴정동|764-11,standard,True,
26380,하단동,517-6,지오빌,지오빌,,,TRADE_5A4EE57D0A3B,unmatched,0.0,44.44444444444444,12,26380|하신번영로300번길|62,26380|하단동|517-6,standard,True,
26410,구서동,174-1,우영클래식파크,우영클래식파크,,,TRADE_1959D5982B44,unmatched,0.0,18.181818181818176,25,26410|중앙대로1944번길|13,26410|구서동|174-1,standard,True,
26410,구서동,747-12,금샘빌라,금샘빌라(747-12),,,TRADE_2FEE67BA5A7C,unmatched,0.0,25.0,25,26410|구서중앙로40번길|21,26410|구서동|747-12,standard,True,
26410,부곡동,9-9,신한탑스빌,신한탑스빌,,,TRADE_EB01431CBD5F,unmatched,0.0,28.57142857142857,27,26410|중앙대로1778번길|57,26410|부곡동|9-9,standard,True,
26410,구서동,466-9,동보3,동보3,,,TRADE_C26D92F4E1A4,unmatched,0.0,28.57142857142857,25,26410|구서온천천로|51,26410|구서동|466-9,standard,True,
26410,구서동,184-35,궁전쉐르빌,궁전쉐르빌,,,TRADE_F09179810A21,unmatched,0.0,18.181818181818176,25,26410|중앙대로|1915-1,26410|구서동|184-35,standard,True,
26410,청룡동,631-5,대흥타워,대흥타워,,,TRADE_9B74AEC6E5E5,unmatched,0.0,0.0,4,26410|놀이마당로|27,26410|청룡동|631-5,standard,True,
26470,연산동,414-22,동광,동광,,,TRADE_0C2706DBDE0E,unmatched,0.0,33.333333333333336,65,26470|과정로191번가길|13,26470|연산동|414-22,standard,True,
26470,연산동,408-23,성연파크,성연파크,,,TRADE_8D0E4F09C079,unmatched,0.0,54.54545454545454,65,26470|과정로237번길|6,26470|연산동|408-23,standard,True,
26470,연산동,480-11,석탑빌,석탑빌,,,TRADE_93B0CACA5C8F,unmatched,0.0,25.0,65,26470|고분로236번길|14,26470|연산동|480-11,standard,True,
26470,연산동,1279-17,홍림3차,홍림3차,,,TRADE_1A4D2E272A45,unmatched,0.0,14.28571428571429,65,26470|거제천로146번길|59,26470|연산동|1279-17,standard,True,
26470,연산동,418-31,금광타워,금광타워,,,TRADE_07B3606DEECE,unmatched,0.0,40.0,65,26470|과정로|169,26470|연산동|418-31,standard,True,
26500,광안동,148-3,금수하이빌,금수하이빌,,,TRADE_BAF9B4419277,unmatched,0.0,30.76923076923077,22,26500|수영로582번길|49,26500|광안동|148-3,standard,True,
26500,광안동,91-7,행복홈타운,행복홈타운,,,TRADE_8887240D2072,unmatched,0.0,30.76923076923077,22,26500|무학로21번길|78,26500|광안동|91-7,standard,True,
26500,광안동,184-8,글로벌,글로벌,,,TRADE_CB8FDF169D8B,unmatched,0.0,18.181818181818176,22,26500|광남로|89,26500|광안동|184-8,standard,True,
26500,민락동,174-12,동우,동우,,,TRADE_13F1DAB38E9A,unmatched,0.0,22.22222222222222,13,26500|민락로27번길|33,26500|민락동|174-12,standard,True,
26500,광안동,74-8,일성센텀스카이뷰,일성센텀스카이뷰,,,TRADE_1CB341F5322C,unmatched,0.0,26.66666666666667,22,26500|수영로680번길|9,26500|광안동|74-8,standard,True,
26500,광안동,116-2,삼호빌라,삼호빌라(116-2),,,TRADE_817D574D236E,unmatched,0.0,16.666666666666664,22,26500|무학로9번길|3,26500|광안동|116-2,standard,True,
26500,광안동,1078-12,삼흥드림월드,삼흥드림월드,,,TRADE_2EE246E6EFDA,unmatched,0.0,18.181818181818176,22,26500|수영로665번길|13,26500|광안동|1078-12,standard,True,
26710,기장읍대라리,88-22,센트리움기장,센트리움기장,,,TRADE_4ACB67809A09,unmatched,0.0,33.333333333333336,4,26710|차성동로51번길|1,26710|기장읍대라리|88-22,standard,True,
26710,일광읍이천리,944,일광신도시비스타동원2차,일광신도시비스타동원2차,일광신도시 비스타동원2차아파트,A10024476,A10024476,road_legal_address_exact,100.0,100.0,1,26710|해송1로|33,26710|일광읍이천리|944,standard,False,
26710,기장읍동부리,117-1,유한아트,유한아트,,,TRADE_642B934DC25D,unmatched,0.0,33.333333333333336,4,26710|차성로321번길|20,26710|기장읍동부리|117-1,standard,True,
26710,기장읍대라리,162-9,동우그린빌라가동,동우그린빌라가동,,,TRADE_BE4C8C0861B4,unmatched,0.0,15.384615384615385,4,26710|차성로215번길|18,26710|기장읍대라리|162-9,standard,True,
26710,기장읍교리,368,경보이리스힐,경보이리스힐아파트,,,TRADE_4765EA819176,unmatched,0.0,26.66666666666667,7,26710|차성로417번길|5,26710|기장읍교리|368,standard,True,
26710,기장읍대라리,949,지우센텀,지우센텀,,,TRADE_5CEBFF9C0958,unmatched,0.0,0.0,4,26710|차성남로|13-7,26710|기장읍대라리|949,standard,True,
26710,기장읍대라리,81-8,양지,양지,,,TRADE_0C59E0C6F927,unmatched,0.0,0.0,4,26710|차성동로45번길|8,26710|기장읍대라리|81-8,standard,True,
26710,기장읍대라리,269-5,대정르네상스빌,대정르네상스빌,,,TRADE_24AF0FB26E97,unmatched,0.0,33.333333333333336,4,26710|대청로|49,26710|기장읍대라리|269-5,standard,True,
48250,삼정동,74-5,세종빌라,세종빌라,,,TRADE_BDA45B9C60B2,unmatched,0.0,0.0,0,48250|활천로74번길|8,48250|삼정동|74-5,strict_full_lot,True,
48250,안동,333-17,한효가든맨션102동,한효가든맨션102동,,,TRADE_3906D5732A4D,unmatched,0.0,0.0,0,48250|삼안로112번길|10-13,48250|안동|333-17,strict_full_lot,True,
48250,진영읍진영리,1555-1,서원래온빌3차,서원래온빌3차,,,TRADE_476B76AA29F3,unmatched,0.0,0.0,0,48250|김해대로332번길|37-10,48250|진영읍진영리|1555-1,strict_full_lot,True,
48250,진영읍진영리,1540,수홍하이랜드4차,수홍하이랜드4차,,,TRADE_76973B3B25B8,unmatched,0.0,0.0,0,48250|김해대로332번길|37-15,48250|진영읍진영리|1540,strict_full_lot,True,
48250,부원동,627-27,성우솔빌,성우솔빌,,,TRADE_0348FB6E2D8B,unmatched,0.0,0.0,0,48250|김해대로2415번길|8-19,48250|부원동|627-27,strict_full_lot,True,
48250,봉황동,447,광남백조맨션,광남백조맨션(6동),,,TRADE_EA46B5B82BA7,unmatched,0.0,0.0,0,48250|가야의길|112-32,48250|봉황동|447,strict_full_lot,True,
48250,부원동,169-1,삼성리치빌,삼성리치빌,,,TRADE_AF40C389CFDA,unmatched,0.0,0.0,0,48250|활천로15번길|9,48250|부원동|169-1,strict_full_lot,True,
48250,외동,258,금화,금화아파트,,,TRADE_FB0591578E98,unmatched,0.0,0.0,0,48250|분성로134번길|53,48250|외동|258,strict_full_lot,True,
48250,어방동,1112-1,가야5차,가야아파트5차,,,TRADE_91F954F71482,unmatched,0.0,0.0,0,48250|인제로11번길|12-24,48250|어방동|1112-1,strict_full_lot,True,
48250,진영읍여래리,233-1,대건빌라트103동,대건빌라트103동,,,TRADE_617D833A3079,unmatched,0.0,0.0,0,48250|진영로|304-21,48250|진영읍여래리|233-1,strict_full_lot,True,
48250,동상동,497-7,영곡플러스빌,영곡플러스빌,,,TRADE_BEC4C9F9B45D,unmatched,0.0,0.0,0,48250|가야로521번길|5-5,48250|동상동|497-7,strict_full_lot,True,
48250,삼정동,589-10,수복빌라,수복빌라,,,TRADE_D706DEFEF563,unmatched,0.0,0.0,0,48250|김해대로2453번길|33-2,48250|삼정동|589-10,strict_full_lot,True,
48250,흥동,555-4,청호그린103동,청호그린103동,,,TRADE_67C08A52D50F,unmatched,0.0,0.0,0,48250|흥동로53번길|14,48250|흥동|555-4,strict_full_lot,True,
48250,진영읍진영리,274-96,성은상가,성은상가(성은맨션),,,TRADE_36B221E1C700,unmatched,0.0,0.0,0,48250|진영로|133,48250|진영읍진영리|274-96,strict_full_lot,True,
48250,진영읍진영리,369-7,거광한빛빌라트,거광한빛빌라트,,,TRADE_3535F7A33B7E,unmatched,0.0,0.0,0,48250|진영로120번길|16-1,48250|진영읍진영리|369-7,strict_full_lot,True,
48330,덕계동,1590,양산두산위브2차,양산두산위브2차(1단지),양산두산위브2차1단지,A10024373,A10024373,road_legal_address_exact,100.0,84.21052631578947,1,48330|신덕계8길|37,48330|덕계동|1590,strict_full_lot,False,
48330,삼호동,795-2,영원id빌,영원ID빌,,,TRADE_9A6B35AA90A2,unmatched,0.0,0.0,0,48330|삼호동부3길|3,48330|삼호동|795-2,strict_full_lot,True,
48330,하북면백록리,872-2,옥수,옥수,,,TRADE_7EB6E4883830,unmatched,0.0,0.0,0,48330|진목1길|30,48330|하북면백록리|872-2,strict_full_lot,True,
48330,덕계동,1595,양산두산위브2차,양산두산위브2차(2단지),양산두산위브2차2단지,A10024392,A10024392,road_legal_address_exact,100.0,84.21052631578947,1,48330|신덕계8길|40,48330|덕계동|1595,strict_full_lot,False,
48330,하북면순지리,662-4,일삼보맨션,일삼보맨션,,,TRADE_8A668C214D02,unmatched,0.0,0.0,0,48330|신평3길|11,48330|하북면순지리|662-4,strict_full_lot,True,
26110,대청동4가,75-167,근영빌라4동,근영빌라4동,,,TRADE_744B8C8D9B1E,unmatched,0.0,0.0,1,26110|대청북길|14,26110|대청동4가|75-167,standard,True,
26110,영주동,13-28,세광플러스빌,세광플러스빌,,,TRADE_F896634D0054,unmatched,0.0,16.666666666666664,5,26110|중동길|46,26110|영주동|13-28,standard,True,
26140,서대신동2가,3-19,석포로얄캐슬3차,석포로얄캐슬3차,,,TRADE_617E7042F90E,unmatched,0.0,12.5,3,26140|구덕로315번길|14,26140|서대신동2가|3-19,standard,True,
26140,토성동5가,18-1,서원에이동,서원에이동,,,TRADE_CD488B479BFA,unmatched,0.0,0.0,0,26140|구덕로134번길|20,26140|토성동5가|18-1,standard,True,
26140,서대신동2가,83-1,,(83-1),,,TRADE_A78914339016,unmatched,0.0,0.0,0,26140|구덕로301번길|15,26140|서대신동2가|83-1,standard,True,
26140,동대신동2가,72-8,한마음빌리지,한마음빌리지,,,TRADE_FA3846C69CAC,unmatched,0.0,0.0,1,26140|보동길|277-32,26140|동대신동2가|72-8,standard,True,
26170,범일동,1386-2,성지하나로,성지하나로,,,TRADE_B5DBE6FF1E43,unmatched,0.0,19.999999999999996,9,26170|증산로|128,26170|범일동|1386-2,standard,True,
26170,초량동,593,부산역삼정그린코아더시티,부산역삼정그린코아더시티,,,TRADE_F825D2D4A068,unmatched,0.0,30.000000000000004,10,26170|중앙대로179번길|27,26170|초량동|593,standard,True,
26200,청학동,7-46,혜광마린팰리스,혜광마린팰리스,,,TRADE_802D358657CB,unmatched,0.0,33.333333333333336,9,26200|산업로|10,26200|청학동|7-46,standard,True,
26230,전포동,268,서면아이파크,서면아이파크,서면아이파크아파트,A10024602,A10024602,road_legal_address_exact,100.0,100.0,1,26230|동성로|50,26230|전포동|268,standard,False,
26230,초읍동,263-6,초읍,초읍,,,TRADE_89B0E58DA8F1,unmatched,0.0,66.66666666666667,10,26230|성지로153번길|138,26230|초읍동|263-6,standard,True,
26230,범천동,1215-12,블루스카이,블루스카이,,,TRADE_5B82A7AE3FBA,unmatched,0.0,19.999999999999996,24,26230|신암로117번길|37-5,26230|범천동|1215-12,standard,True,
26230,전포동,356-13,전포센티움,전포센티움,,,TRADE_324CDA4EB23F,unmatched,0.0,44.44444444444444,23,26230|전포대로176번길|17,26230|전포동|356-13,standard,True,
26260,온천동,1458-38,푸른마을나동,푸른마을나동,,,TRADE_1F2E889B393A,unmatched,0.0,19.999999999999996,42,26260|여고북로|219,26260|온천동|1458-38,standard,True,
26260,수안동,38-7,승웅아트빌a동,승웅아트빌A동,,,TRADE_7165CFEFAAC9,unmatched,0.0,16.666666666666664,11,26260|온천천로319번나길|22,26260|수안동|38-7,standard,True,
26260,사직동,46-7,상우다솜,상우다솜,,,TRADE_40B5724A5F3C,unmatched,0.0,18.181818181818176,19,26260|사직북로47번길|43,26260|사직동|46-7,standard,True,
26260,낙민동,293-1,블리시움,블리시움,,,TRADE_746820BD3EBE,unmatched,0.0,15.384615384615385,13,26260|충렬대로256번길|25-10,26260|낙민동|293-1,standard,True,
26260,온천동,1379-15,시티하임,시티하임,,,TRADE_B66AD2CF0F96,unmatched,0.0,30.76923076923077,42,26260|아시아드대로208번길|43,26260|온천동|1379-15,standard,True,
26260,수안동,749,온천천경동리인타워2차,온천천경동리인타워2차,온천천경동리인타워2차아파트,A10024628,A10024628,road_address_exact,100.0,100.0,1,26260|수안로8번길|38,26260|수안동|749,standard,False,
26260,안락동,445-8,삼성,삼성,,,TRADE_ADA9624F3ECF,unmatched,0.0,0.0,15,26260|안락로|59-6,26260|안락동|445-8,standard,True,
26260,온천동,1380-6,춘당탑스빌,춘당탑스빌,,,TRADE_6155E2623D2D,unmatched,0.0,19.999999999999996,42,26260|여고북로23번길|38,26260|온천동|1380-6,standard,True,
26290,용호동,534-5,동산로즈맨션,동산로즈맨션,,,TRADE_F63773697251,unmatched,0.0,33.333333333333336,22,26290|동명로118번길|133,26290|용호동|534-5,standard,True,
26290,감만동,3-495,남부빌라,남부빌라,,,TRADE_E7F9AA0A886F,unmatched,0.0,0.0,9,26290|양지골로251번길|13,26290|감만동|3-495,standard,True,
26290,용호동,494-57,엘리움,엘리움,,,TRADE_597AE928BFA7,unmatched,0.0,19.999999999999996,22,26290|동명로146번길|56,26290|용호동|494-57,standard,True,
26320,구포동,1261-32,한창데파트,한창데파트,,,TRADE_2D61032E6A58,unmatched,0.0,18.181818181818176,22,26320|시랑로|94,26320|구포동|1261-32,standard,True,
26320,덕천동,326-11,삼양파크빌,삼양파크빌(326-11),,,TRADE_C64C6F93F71A,unmatched,0.0,36.36363636363637,16,26320|금곡대로|32-11,26320|덕천동|326-11,standard,True,
26350,송정동,199-17,코스마,코스마,,,TRADE_46693604E46B,unmatched,0.0,16.666666666666664,5,26350|송정중앙로|19,26350|송정동|199-17,standard,True,
26350,중동,1497-1,에이스빌라,에이스빌라,,,TRADE_572652EC3436,unmatched,0.0,60.0,29,26350|달맞이길117번다길|42-9,26350|중동|1497-1,standard,True,
26350,중동,1481-9,대림썬라이츠2차,대림썬라이츠2차,,,TRADE_D26B1B0E021B,unmatched,0.0,35.29411764705882,29,26350|달맞이길117번가길|200,26350|중동|1481-9,standard,True,
26380,괴정동,1218-1,성경로즈힐1차102,성경로즈힐1차-102,,,TRADE_0505CD7228D3,unmatched,0.0,25.0,29,26380|다대로|49,26380|괴정동|1218-1,standard,True,
26380,신평동,408-10,덕경네오빌,덕경네오빌,,,TRADE_F1406606D78C,unmatched,0.0,15.384615384615385,15,26380|하신중앙로|180-2,26380|신평동|408-10,standard,True,
26380,하단동,618-6,아람센트럴시티,아람센트럴시티,,,TRADE_B4FF67D555DB,unmatched,0.0,33.333333333333336,12,26380|낙동대로451번안길|8,26380|하단동|618-6,standard,True,
26380,하단동,590-4,성원빌리지,성원빌리지(590-4),,,TRADE_C027D143BF57,unmatched,0.0,22.22222222222222,12,26380|하신중앙로335번길|17,26380|하단동|590-4,standard,True,
26410,장전동,501-52,삼성하이츠,삼성하이츠,,,TRADE_123E6D9F2931,unmatched,0.0,19.999999999999996,17,26410|금샘로18번길|79-7,26410|장전동|501-52,standard,True,
26410,남산동,967-7,석산7,석산7,,,TRADE_7BC18AB596E6,unmatched,0.0,28.57142857142857,8,26410|팔송로45번길|18,26410|남산동|967-7,standard,True,
26410,남산동,695-1,해성체르니,해성체르니,,,TRADE_C3C6A4522625,unmatched,0.0,22.22222222222222,8,26410|금샘로578번길|43,26410|남산동|695-1,standard,True,
26440,신호동,298-1,부산신호사랑으로부영2차,부산신호사랑으로부영2차,부산신호 사랑으로 부영2차아파트,A61872202,A61872202,legal_address_exact,100.0,100.0,1,26440|신호산단4로|27,26440|신호동|298-1,standard,False,
26470,연산동,1836-19,금호천지,금호천지,,,TRADE_D03283A19BED,unmatched,0.0,19.999999999999996,65,26470|연미로13번길|5,26470|연산동|1836-19,standard,True,
26470,연산동,9,유성단풍빌라,유성단풍빌라,,,TRADE_1C5069A90AFC,unmatched,0.0,19.999999999999996,65,26470|토곡로|54,26470|연산동|9,standard,True,
26470,연산동,1135-25,해운하이츠,해운하이츠,,,TRADE_59C1929912FD,unmatched,0.0,40.0,65,26470|쌍미천로84번길|49,26470|연산동|1135-25,standard,True,
26470,연산동,578-21,창성골든빌에이동,창성골든빌에이동,,,TRADE_A675D691B572,unmatched,0.0,28.57142857142857,65,26470|중앙대로1150번길|25,26470|연산동|578-21,standard,True,
26470,거제동,593-5,태광리치뷰,태광리치뷰,,,TRADE_BB9317B7DC8A,unmatched,0.0,19.999999999999996,41,26470|거제시장로|27,26470|거제동|593-5,standard,True,
26470,거제동,728-1,대원,대원,,,TRADE_52C5C09ABA9E,unmatched,0.0,33.333333333333336,41,26470|거제대로108번길|16,26470|거제동|728-1,standard,True,
26470,연산동,708-8,나경위너스,나경위너스,,,TRADE_EE18736D8974,unmatched,0.0,22.22222222222222,65,26470|월드컵대로111번길|14,26470|연산동|708-8,standard,True,
26500,광안동,158-4,wpark,W-PARKⅡ,,,TRADE_B675C4420F87,unmatched,0.0,15.384615384615385,22,26500|광남로|167,26500|광안동|158-4,standard,True,
26500,망미동,190-1,원정프린스,원정프린스,,,TRADE_EF12FDDDDA4C,unmatched,0.0,18.181818181818176,12,26500|구락로|151,26500|망미동|190-1,standard,True,
26500,남천동,74-18,마리나프리텔,마리나프리텔,,,TRADE_F6B5F66FA1FB,unmatched,0.0,13.33333333333333,14,26500|수영로|397-17,26500|남천동|74-18,standard,True,
26500,광안동,139-15,흑석하이츠,흑석하이츠,,,TRADE_5A6A3E80B5E1,unmatched,0.0,46.15384615384615,22,26500|수영로594번길|19,26500|광안동|139-15,standard,True,
26500,광안동,89-1,센텀디아이리더스,센텀디아이리더스,,,TRADE_49F58333FAD3,unmatched,0.0,21.052631578947366,22,26500|수영로680번길|6,26500|광안동|89-1,standard,True,
26530,괘법동,532-4,태양원스빌,태양원스빌,,,TRADE_868C944644F8,unmatched,0.0,18.181818181818176,11,26530|사상로211번길|63,26530|괘법동|532-4,standard,True,
48250,대성동,68,해강하이츠,해강하이츠,,,TRADE_5414A933A81B,unmatched,0.0,0.0,0,48250|가락로|167-12,48250|대성동|68,strict_full_lot,True,
48250,삼정동,68-5,포세이돈,포세이돈,,,TRADE_01D7E4179C86,unmatched,0.0,0.0,0,48250|분성로|486,48250|삼정동|68-5,strict_full_lot,True,
48250,외동,1331,청아빌라,청아빌라,,,TRADE_04D98275EEFA,unmatched,0.0,0.0,0,48250|분성로172번길|44,48250|외동|1331,strict_full_lot,True,
48250,서상동,152-18,더킹스카이,더킹스카이,,,TRADE_74D5A8D1F00B,unmatched,0.0,0.0,0,48250|분성로318번길|3,48250|서상동|152-18,strict_full_lot,True,
48250,진영읍진영리,1554,수홍하이랜드1차,수홍하이랜드1차,,,TRADE_9A6B69525CCC,unmatched,0.0,0.0,0,48250|김해대로332번길|69-20,48250|진영읍진영리|1554,strict_full_lot,True,
48250,삼정동,211-6,대안맨션,대안맨션,,,TRADE_2E28958F75B0,unmatched,0.0,0.0,0,48250|활천로36번길|5,48250|삼정동|211-6,strict_full_lot,True,
48250,진영읍진영리,345-10,대건102동,대건102동,,,TRADE_EE1447107EA0,unmatched,0.0,0.0,0,48250|진영로|88-14,48250|진영읍진영리|345-10,strict_full_lot,True,
48250,삼정동,657-4,성광스카이빌라,성광스카이빌라,,,TRADE_4DF8CA0A1E0D,unmatched,0.0,0.0,0,48250|김해대로2505번길|17,48250|삼정동|657-4,strict_full_lot,True,
48250,삼정동,210-22,백송,백송,,,TRADE_ACDB129EF77E,unmatched,0.0,0.0,0,48250|분성로442번길|30-14,48250|삼정동|210-22,strict_full_lot,True,
48250,진영읍진영리,1568,수홍하이랜드8차,수홍하이랜드8차,,,TRADE_C48F09D3D921,unmatched,0.0,0.0,0,48250|김해대로332번길|46-17,48250|진영읍진영리|1568,strict_full_lot,True,
48250,삼정동,77-3,진성빌라,진성빌라,,,TRADE_A6090743BCE1,unmatched,0.0,0.0,0,48250|활천로68번길|28,48250|삼정동|77-3,strict_full_lot,True,
48250,삼정동,652-8,가야,가야아파트(3차),,,TRADE_D239487406A6,unmatched,0.0,0.0,0,48250|인제로25번길|22,48250|삼정동|652-8,strict_full_lot,True,
48330,신기동,122-5,프라임빌라트,프라임빌라트,,,TRADE_DD08223B256E,unmatched,0.0,0.0,0,48330|고향의봄4길|17,48330|신기동|122-5,strict_full_lot,True,
48330,물금읍가촌리,713-2,신정언더우드빌라,신정언더우드빌라,,,TRADE_CA39AE8A6396,unmatched,0.0,0.0,0,48330|가촌서7길|51,48330|물금읍가촌리|713-2,strict_full_lot,True,
26110,중앙동4가,19,서린엘마르센트로뷰,서린엘마르센트로뷰,서린엘마르센트로뷰 ,A10021108,A10021108,road_legal_address_exact,100.0,100.0,1,26110|대교로|157,26110|중앙동4가|19,standard,False,
26140,서대신동3가,294-5,크로바b동,크로바B동,,,TRADE_93CBFB568522,unmatched,0.0,0.0,8,26140|구덕로339번길|17,26140|서대신동3가|294-5,standard,True,
26140,서대신동3가,277-1,크로바c동,크로바C동,,,TRADE_80EA8D6AE01E,unmatched,0.0,0.0,8,26140|구덕로339번길|22,26140|서대신동3가|277-1,standard,True,
26170,초량동,865-42,영림,영림,,,TRADE_AFAB4CC8A0D3,unmatched,0.0,19.999999999999996,10,26170|영초길247번길|26,26170|초량동|865-42,standard,True,
26200,청학동,446-4,청학스카이파크,청학스카이파크,,,TRADE_AFDC59D218CB,unmatched,0.0,37.5,9,26200|청학남로13번길|11,26200|청학동|446-4,standard,True,
26200,동삼동,229-10,영도도남,영도도남,,,TRADE_DEB6D394AF28,unmatched,0.0,33.333333333333336,23,26200|웃서발로31번길|22,26200|동삼동|229-10,standard,True,
26200,남항동3가,1-2,남일,남일,,,TRADE_37E654EF6CDA,unmatched,0.0,0.0,0,26200|남항서로82번길|12,26200|남항동3가|1-2,standard,True,
26200,청학동,64,제이메르시,제이메르시아파트,,,TRADE_5B42F416085D,unmatched,0.0,14.28571428571429,9,26200|태종로422번길|10,26200|청학동|64,standard,True,
26230,가야동,619-7,다산몽레브,다산몽레브,,,TRADE_58738F334685,unmatched,0.0,22.22222222222222,12,26230|가야공원로14번길|37,26230|가야동|619-7,standard,True,
26230,범천동,1230-76,궁전아이브더파크,궁전아이브더파크,,,TRADE_8305F36E260D,unmatched,0.0,25.0,24,26230|신암로|87,26230|범천동|1230-76,standard,True,
26230,양정동,390,양정상가,양정상가,,,TRADE_4A9E689B534A,unmatched,0.0,50.0,13,26230|동평로420번길|18,26230|양정동|390,standard,True,
26260,온천동,360-16,동성빌라트,동성빌라트,,,TRADE_5EF9D99202F1,unmatched,0.0,28.57142857142857,42,26260|우장춘로|74,26260|온천동|360-16,standard,True,
26260,온천동,407-31,효림시티빌,효림시티빌,,,TRADE_DEB51D82966B,unmatched,0.0,28.57142857142857,42,26260|금강로|31,26260|온천동|407-31,standard,True,
26260,온천동,1214-2,온천명화빌리지,온천명화빌리지,,,TRADE_75131BD336CB,unmatched,0.0,54.54545454545454,42,26260|아시아드대로247번길|96,26260|온천동|1214-2,standard,True,
26290,대연동,1737-5,흑석,흑석(1737-5),,,TRADE_7ADFA91F6147,unmatched,0.0,0.0,33,26290|유엔평화로17번길|15,26290|대연동|1737-5,standard,True,
26290,대연동,1787-1,한백아트빌,한백아트빌,,,TRADE_5E8B45B61F49,unmatched,0.0,23.529411764705888,33,26290|진남로|142,26290|대연동|1787-1,standard,True,
26320,금곡동,64-4,대성하이츠빌,대성하이츠빌,,,TRADE_21FF184D46A3,unmatched,0.0,19.999999999999996,22,26320|효열로203번길|6,26320|금곡동|64-4,standard,True,
26350,송정동,174-15,태원빌리지,태원빌리지,,,TRADE_FFE056CFA891,unmatched,0.0,16.666666666666664,5,26350|송정중앙로15번길|120-3,26350|송정동|174-15,standard,True,
26350,중동,1497-3,공림비치힐,공림비치힐,,,TRADE_292AD3DF3563,unmatched,0.0,25.0,29,26350|달맞이길117번다길|54,26350|중동|1497-3,standard,True,
26350,중동,1477-2,보현빌라,보현빌라,,,TRADE_307846BE7804,unmatched,0.0,33.333333333333336,29,26350|달맞이길117번나길|155,26350|중동|1477-2,standard,True,
26350,반송동,250-1995,민화그린빌라,민화그린빌라,,,TRADE_BBF82E5B265B,unmatched,0.0,28.57142857142857,13,26350|아랫반송로70번길|57-12,26350|반송동|250-1995,standard,True,
26380,하단동,885-17,옥돌골든아르빌,옥돌골든아르빌,,,TRADE_CB6E8F30BAA0,unmatched,0.0,15.384615384615385,12,26380|하신번영로|320,26380|하단동|885-17,standard,True,
26410,장전동,21,임페리얼빌라,임페리얼빌라,,,TRADE_B563E08B16DE,unmatched,0.0,15.384615384615385,17,26410|수림로|134,26410|장전동|21,standard,True,
26410,남산동,335-2,태인빌라,태인빌라,,,TRADE_791704ACDF24,unmatched,0.0,0.0,8,26410|금강로|679,26410|남산동|335-2,standard,True,
26410,부곡동,23-4,정원맨션,정원맨션,,,TRADE_653E9EFA1AE5,unmatched,0.0,40.0,27,26410|중앙대로1778번길|8,26410|부곡동|23-4,standard,True,
26410,부곡동,285-24,연막곡빌라트,연막곡빌라트,,,TRADE_39C7017292EE,unmatched,0.0,28.57142857142857,27,26410|동부곡로15번길|32,26410|부곡동|285-24,standard,True,
26410,남산동,481-3,남산삼전빌라,남산삼전빌라,,,TRADE_286350683B0B,unmatched,0.0,60.0,8,26410|금강로|659,26410|남산동|481-3,standard,True,
26410,남산동,96-1,거성리젠시,거성리젠시,,,TRADE_BD13737DE028,unmatched,0.0,22.22222222222222,8,26410|금강로|694,26410|남산동|96-1,standard,True,
26410,남산동,115-4,남석빌라,남석빌라,,,TRADE_3253B5C210C6,unmatched,0.0,25.0,8,26410|중앙대로2035번길|37,26410|남산동|115-4,standard,True,
26470,거제동,730-2,동성,동성,,,TRADE_05A79C0A0B7D,unmatched,0.0,33.333333333333336,41,26470|거제대로108번길|49,26470|거제동|730-2,standard,True,
26470,연산동,969-20,조은빌라,조은빌라,,,TRADE_D06A8097B20D,unmatched,0.0,22.22222222222222,65,26470|고분로112번길|32,26470|연산동|969-20,standard,True,
26470,연산동,1289-3,대운파크빌,대운파크빌,,,TRADE_663A2878C42B,unmatched,0.0,40.0,65,26470|중앙대로1075번길|46,26470|연산동|1289-3,standard,True,
26470,연산동,1481-2,건용베르빌,건용베르빌,,,TRADE_885C02F1EC24,unmatched,0.0,33.333333333333336,65,26470|거제천로124번길|64,26470|연산동|1481-2,standard,True,
26470,연산동,1386-23,청아시티빌,청아시티빌,,,TRADE_CCB98F18E782,unmatched,0.0,36.36363636363637,65,26470|거제천로124번길|49,26470|연산동|1386-23,standard,True,
26500,광안동,501-13,금오그린빌라,금오그린빌라,,,TRADE_234704320010,unmatched,0.0,40.0,22,26500|광일로20번가길|46,26500|광안동|501-13,standard,True,
26500,광안동,1077-17,우일하이츠빌라,우일하이츠빌라,,,TRADE_369E29B99818,unmatched,0.0,40.0,22,26500|광서로10번길|42,26500|광안동|1077-17,standard,True,
26500,민락동,18-5,선경하모니,선경하모니,,,TRADE_CD2A46D77FF2,unmatched,0.0,16.666666666666664,13,26500|민락본동로|21,26500|민락동|18-5,standard,True,
26530,모라동,702-4,마스터빌,마스터빌,,,TRADE_ACF031A6BA26,unmatched,0.0,22.22222222222222,19,26530|사상로|466,26530|모라동|702-4,standard,True,
26530,괘법동,541-1,윈저빌타운,윈저빌타운,,,TRADE_AA225E6C4A37,unmatched,0.0,16.666666666666664,11,26530|사상로202번길|52,26530|괘법동|541-1,standard,True,
26710,기장읍대라리,167-13,황중베르빌,황중베르빌,,,TRADE_B6A398F5FF46,unmatched,0.0,19.999999999999996,4,26710|차성로216번길|19,26710|기장읍대라리|167-13,standard,True,
26710,기장읍대변리,584,대변그린비치빌,대변그린비치빌,,,TRADE_B990385075F2,unmatched,0.0,42.85714285714286,1,26710|무양로|16,26710|기장읍대변리|584,standard,True,
26710,기장읍대라리,178-3,부강빌라가동,부강빌라가동,,,TRADE_2A488C4D8475,unmatched,0.0,18.181818181818176,4,26710|대청로22번길|36,26710|기장읍대라리|178-3,standard,True,
48250,삼정동,589-15,자연빛,자연빛,,,TRADE_D48959CE420D,unmatched,0.0,0.0,0,48250|활천로30번길|5,48250|삼정동|589-15,strict_full_lot,True,
48250,삼정동,652-10,금림4차,금림4차,,,TRADE_EBD1811149F6,unmatched,0.0,0.0,0,48250|분성로512번길|49,48250|삼정동|652-10,strict_full_lot,True,
48250,진영읍여래리,736-1,대원빌라,대원빌라(736-1),,,TRADE_1FF15DFA5A57,unmatched,0.0,0.0,0,48250|여래로|46-12,48250|진영읍여래리|736-1,strict_full_lot,True,
48250,봉황동,450-4,백조빌라b동,백조빌라(450-4)B동,,,TRADE_332F4EE7A271,unmatched,0.0,0.0,0,48250|가야의길|112-12,48250|봉황동|450-4,strict_full_lot,True,
48250,삼정동,99-10,유신,유신아파트,,,TRADE_720CA8C26C67,unmatched,0.0,0.0,0,48250|활천로29번길|6-13,48250|삼정동|99-10,strict_full_lot,True,
48250,동상동,639-9,동신쉐르빌,동신쉐르빌,,,TRADE_ECAD5274FB95,unmatched,0.0,0.0,0,48250|분성로396번길|20,48250|동상동|639-9,strict_full_lot,True,
48250,삼정동,599-2,엘도라도,엘도라도아파트,,,TRADE_508D9CC9D678,unmatched,0.0,0.0,0,48250|활천로24번길|4,48250|삼정동|599-2,strict_full_lot,True,
48330,하북면순지리,576-14,노블리안,노블리안,,,TRADE_FCB6D6691F2D,unmatched,0.0,0.0,0,48330|신평로|17,48330|하북면순지리|576-14,strict_full_lot,True,
26110,보수동1가,24-2,그린빌,그린빌,,,TRADE_1527FC9DBB6F,unmatched,0.0,0.0,1,26110|보수북길|5,26110|보수동1가|24-2,standard,True,
26110,영주동,252-3,청운1동,청운아파트1동,,,TRADE_EC979B4D0449,unmatched,0.0,19.999999999999996,5,26110|망양로|375,26110|영주동|252-3,standard,True,
26140,서대신동2가,213-1,대진골든빌리지,대진골든빌리지,,,TRADE_BCE69C3A073B,unmatched,0.0,26.66666666666667,3,26140|구덕로321번길|63,26140|서대신동2가|213-1,standard,True,
26140,서대신동1가,78,성현빌리지,성현빌리지,,,TRADE_5C76E7196819,unmatched,0.0,18.181818181818176,1,26140|부용로|23,26140|서대신동1가|78,standard,True,
26140,서대신동2가,473-2,자유,자유,,,TRADE_381DC97DA629,unmatched,0.0,0.0,3,26140|시약로|11,26140|서대신동2가|473-2,standard,True,
26140,충무동2가,4-1,태양아르떼,태양아르떼,,,TRADE_B9D171228754,unmatched,0.0,0.0,0,26140|구덕로119번길|30,26140|충무동2가|4-1,standard,True,
26140,충무동2가,33-6,대륙천마a,대륙천마A,,,TRADE_26785C7BCC39,unmatched,0.0,0.0,0,26140|천마로205번길|45-3,26140|충무동2가|33-6,standard,True,
26140,동대신동3가,333-4,동신그린빌,동신그린빌,,,TRADE_CB2BDF8E1D25,unmatched,0.0,22.22222222222222,3,26140|구덕로334번길|25,26140|동대신동3가|333-4,standard,True,
26200,대교동1가,95,영도봄여름가을겨울,영도봄여름가을겨울,영도 봄여름가을겨울,A10021797,A10021797,road_legal_address_exact,100.0,100.0,1,26200|남항서로|131,26200|대교동1가|95,standard,False,
26230,전포동,685-5,동남하이츠빌라트,동남하이츠빌라트,,,TRADE_B0338AA3C7DE,unmatched,0.0,37.5,23,26230|전포대로199번길|40-10,26230|전포동|685-5,standard,True,
26230,전포동,194-26,홍익빌레트,홍익빌레트,,,TRADE_37DCFB91938E,unmatched,0.0,25.0,23,26230|서전로57번길|23,26230|전포동|194-26,standard,True,
26260,온천동,1218-1,하림빌라트,하림빌라트,,,TRADE_98D3659CE9FC,unmatched,0.0,15.384615384615385,42,26260|아시아드대로247번길|97,26260|온천동|1218-1,standard,True,
26290,대연동,639-27,아침마을에이동,아침마을에이동,,,TRADE_20D83F5C5A31,unmatched,0.0,30.76923076923077,33,26290|유엔평화로41번길|83,26290|대연동|639-27,standard,True,
26290,대연동,42-2,삼호,삼호,,,TRADE_D0BD69BD3B96,unmatched,0.0,33.333333333333336,33,26290|수영로346번길|36,26290|대연동|42-2,standard,True,
26290,문현동,271-21,청보빌라,청보빌라,,,TRADE_4AC7920F266B,unmatched,0.0,22.22222222222222,23,26290|지게골로|139-20,26290|문현동|271-21,standard,True,
26320,덕천동,419-20,진흥,진흥,,,TRADE_434565313C9F,unmatched,0.0,0.0,16,26320|의성로121번길|39,26320|덕천동|419-20,standard,True,
26350,재송동,1050-1,유림빌라,유림빌라,,,TRADE_29481871CE11,unmatched,0.0,22.22222222222222,31,26350|재반로125번가길|42,26350|재송동|1050-1,standard,True,
26350,재송동,1159-24,승부그린코아,승부그린코아,,,TRADE_FBE80D2A64BC,unmatched,0.0,40.0,31,26350|재송2로|220,26350|재송동|1159-24,standard,True,
26350,중동,1496-1,신화코스탈빌라,신화코스탈빌라,,,TRADE_8DF9C7B3023D,unmatched,0.0,33.333333333333336,29,26350|달맞이길117번다길|78,26350|중동|1496-1,standard,True,
26380,다대동,857-2,우성로얄캐슬,우성로얄캐슬,,,TRADE_095E5402E268,unmatched,0.0,28.57142857142857,28,26380|다대로543번길|17-1,26380|다대동|857-2,standard,True,
26410,남산동,973-50,일번파크맨션비동,일번파크맨션비동,,,TRADE_5206C8B0107A,unmatched,0.0,15.384615384615385,8,26410|팔송로59번길|41,26410|남산동|973-50,standard,True,
26410,남산동,958-5,대명하이츠4차,대명하이츠4차,,,TRADE_5A0F8AE48B2B,unmatched,0.0,50.0,8,26410|청룡로45번길|40,26410|남산동|958-5,standard,True,
26410,남산동,972-10,대명2차,대명2차,,,TRADE_C5C1F5402431,unmatched,0.0,19.999999999999996,8,26410|팔송로59번길|42,26410|남산동|972-10,standard,True,
26410,남산동,966-1,삼성하이츠,삼성하이츠,,,TRADE_7D68399E0E7C,unmatched,0.0,60.0,8,26410|팔송로|43,26410|남산동|966-1,standard,True,
26410,남산동,976-1,석산2차,석산2차,,,TRADE_47F9083F7081,unmatched,0.0,25.0,8,26410|금강로709번길|9,26410|남산동|976-1,standard,True,
26410,남산동,967-8,석산8차,석산8차,,,TRADE_BA4C025C5547,unmatched,0.0,25.0,8,26410|팔송로45번길|12,26410|남산동|967-8,standard,True,
26410,남산동,332-7,금성파크빌,금성파크빌,,,TRADE_DEF29CF99188,unmatched,0.0,22.22222222222222,8,26410|팔송로39번길|73,26410|남산동|332-7,standard,True,
26410,구서동,466-21,조광,조광,,,TRADE_D35AF0588781,unmatched,0.0,33.333333333333336,25,26410|구서온천천로|49,26410|구서동|466-21,standard,True,
26410,남산동,987-13,영화,영화,,,TRADE_8D4AA7A032A3,unmatched,0.0,22.22222222222222,8,26410|남산로37번길|14,26410|남산동|987-13,standard,True,
26410,남산동,958-7,대명5차,대명5차,,,TRADE_54414EB83BFF,unmatched,0.0,19.999999999999996,8,26410|청룡로45번길|30,26410|남산동|958-7,standard,True,
26410,남산동,17-3,석산3차,석산3차,,,TRADE_B5BEF5F2B166,unmatched,0.0,25.0,8,26410|금강로740번길|10,26410|남산동|17-3,standard,True,
26410,청룡동,634-4,드림파크빌리지,드림파크빌리지,,,TRADE_245E42E805EE,unmatched,0.0,13.33333333333333,4,26410|놀이마당로|7,26410|청룡동|634-4,standard,True,
26410,남산동,32-8,아름베스트빌2차,아름베스트빌2차,,,TRADE_0CE5806F1CB5,unmatched,0.0,14.28571428571429,8,26410|금단로|123-13,26410|남산동|32-8,standard,True,
26410,남산동,35-9,왕신하이츠빌라,왕신하이츠빌라,,,TRADE_54C1C9A32165,unmatched,0.0,50.0,8,26410|금단로|140,26410|남산동|35-9,standard,True,
26470,연산동,469-13,라인빌라트,라인빌라트,,,TRADE_386F5FD94D24,unmatched,0.0,19.999999999999996,65,26470|고분로235번길|39,26470|연산동|469-13,standard,True,
26470,거제동,1292-2,아시아드힐,아시아드힐,,,TRADE_144E3B44DAB2,unmatched,0.0,72.72727272727273,41,26470|월드컵대로|337,26470|거제동|1292-2,standard,True,
26470,거제동,676-27,황제빌리지,황제빌리지,,,TRADE_E29FC6D7C08D,unmatched,0.0,26.66666666666667,41,26470|해맞이로77번길|27,26470|거제동|676-27,standard,True,
26470,연산동,303-1,서광빌라트,서광빌라트,,,TRADE_8A5615C0F047,unmatched,0.0,40.0,65,26470|신금로23번길|17,26470|연산동|303-1,standard,True,
26470,연산동,1259-17,블레스힐타운,블레스힐타운,,,TRADE_096527F58AD1,unmatched,0.0,37.5,65,26470|거제천로152번길|38,26470|연산동|1259-17,standard,True,
26500,광안동,1057-18,lk뉴탑5차,LK뉴탑5차,,,TRADE_FA7D459F759B,unmatched,0.0,16.666666666666664,22,26500|망미번영로38번길|50,26500|광안동|1057-18,standard,True,
26500,광안동,343,광안하이캐슬,광안하이캐슬,,,TRADE_813E8C915FA8,unmatched,0.0,60.0,22,26500|남천바다로9번길|41-4,26500|광안동|343,standard,True,
26500,광안동,170-13,로즈빌라,로즈빌라(170-13),,,TRADE_C20D856C2DC7,unmatched,0.0,33.333333333333336,22,26500|수영로540번길|56-3,26500|광안동|170-13,standard,True,
26530,주례동,94,창신,창신,,,TRADE_430F0EC9E7DE,unmatched,0.0,33.333333333333336,23,26530|가야대로318번길|59,26530|주례동|94,standard,True,
26710,기장읍대라리,185-12,주명b동,주명아파트B동,,,TRADE_A20F528C6879,unmatched,0.0,0.0,4,26710|대청로22번길|60,26710|기장읍대라리|185-12,standard,True,
26710,일광읍삼성리,716-12,노블비치,노블비치,,,TRADE_093578404EED,unmatched,0.0,12.5,11,26710|기장해안로|1295,26710|일광읍삼성리|716-12,standard,True,
26710,기장읍대라리,148-6,테마파크빌1차,테마파크빌1차,,,TRADE_787F158CCCA5,unmatched,0.0,16.666666666666664,4,26710|차성동로5번길|32,26710|기장읍대라리|148-6,standard,True,
26710,일광읍삼성리,715-12,세진오션리조트빌,세진오션리조트빌,,,TRADE_6783775E679E,unmatched,0.0,19.999999999999996,11,26710|일역길|66,26710|일광읍삼성리|715-12,standard,True,
48250,주촌면천곡리,1532,김해주촌서희스타힐스,김해주촌서희스타힐스,김해주촌 서희스타힐스,A10024183,A10024183,legal_address_exact,100.0,100.0,1,48250|천곡로|52-1,48250|주촌면천곡리|1532,strict_full_lot,False,
48250,어방동,721-11,화목궁전빌라5차,화목궁전빌라5차,,,TRADE_E5B813337721,unmatched,0.0,0.0,0,48250|활천로208번길|72,48250|어방동|721-11,strict_full_lot,True,
48250,흥동,416-5,청호아트빌,청호아트빌,,,TRADE_CE12FFCF87DE,unmatched,0.0,0.0,0,48250|흥동로|147,48250|흥동|416-5,strict_full_lot,True,
48250,진영읍여래리,700-39,대방,대방(700-39),,,TRADE_2B91A37731D5,unmatched,0.0,0.0,0,48250|여래로20번길|17-21,48250|진영읍여래리|700-39,strict_full_lot,True,
26110,부평동4가,2-30,향원인터빌,향원인터빌,,,TRADE_DA6D5B22D5B8,unmatched,0.0,0.0,0,26110|흑교로35번길|18-1,26110|부평동4가|2-30,standard,True,
26140,서대신동1가,38-1,일진스카이빌,일진스카이빌,,,TRADE_3C70E8B737FD,unmatched,0.0,0.0,1,26140|구덕로265번길|14-9,26140|서대신동1가|38-1,standard,True,
26140,서대신동1가,34-15,영촌아트빌,영촌아트빌,,,TRADE_5690F2A75E58,unmatched,0.0,0.0,1,26140|부용로|35,26140|서대신동1가|34-15,standard,True,
26140,서대신동2가,18-1,오현스위트,오현스위트,,,TRADE_2819FC83601C,unmatched,0.0,15.384615384615385,3,26140|대영로45번길|52,26140|서대신동2가|18-1,standard,True,
26140,서대신동3가,438,도영빌리지,도영빌리지,,,TRADE_059D4B48CED5,unmatched,0.0,0.0,8,26140|구덕로321번길|50,26140|서대신동3가|438,standard,True,
26170,수정동,1010-1,태안하버빌,태안하버빌,,,TRADE_F42A500E22B9,unmatched,0.0,13.33333333333333,3,26170|홍곡로|73,26170|수정동|1010-1,standard,True,
26200,영선동2가,39,궁전그린파크빌라,궁전그린파크빌라,,,TRADE_B08B73C8E853,unmatched,0.0,13.33333333333333,1,26200|영선대로67번길|14,26200|영선동2가|39,standard,True,
26200,대교동2가,135-2,제이스빌,제이스빌,,,TRADE_89769BBFBC19,unmatched,0.0,0.0,0,26200|남항로25번길|53,26200|대교동2가|135-2,standard,True,
26230,초읍동,356-3,그린파크,그린파크,,,TRADE_E5EF11F4A981,unmatched,0.0,33.333333333333336,10,26230|성지곡로33번길|11-12,26230|초읍동|356-3,standard,True,
26230,부전동,384-13,서면퀸즈w에디션,서면퀸즈W에디션,,,TRADE_6E88B1ADC825,unmatched,0.0,26.66666666666667,7,26230|신천대로126번길|48,26230|부전동|384-13,standard,True,
26230,개금동,356-1,대훈아트빌,대훈아트빌,,,TRADE_FD7E5E379BA6,unmatched,0.0,22.22222222222222,23,26230|개금본동로9번길|7-6,26230|개금동|356-1,standard,True,
26230,초읍동,279-9,신화하이빌,신화하이빌,,,TRADE_15B937170504,unmatched,0.0,22.22222222222222,10,26230|초읍천로108번길|56,26230|초읍동|279-9,standard,True,
26230,가야동,82-11,퍼스트클래스,퍼스트클래스,,,TRADE_499182611480,unmatched,0.0,16.666666666666664,12,26230|가야대로587번길|13,26230|가야동|82-11,standard,True,
26230,연지동,23-1,새롬하이빌,새롬하이빌,,,TRADE_F609199FC0D4,unmatched,0.0,18.181818181818176,14,26230|동평로291번길|54,26230|연지동|23-1,standard,True,
26260,온천동,345-74,센스빌,센스빌,,,TRADE_2135D8A1CF4F,unmatched,0.0,25.0,42,26260|차밭골로49번길|34,26260|온천동|345-74,standard,True,
26260,온천동,1218-4,성동빌라,성동빌라,,,TRADE_B2C104CF5291,unmatched,0.0,30.76923076923077,42,26260|석사북로95번길|60-19,26260|온천동|1218-4,standard,True,
26260,명륜동,533-128,금림필3차,금림필3차,,,TRADE_C8590805856B,unmatched,0.0,15.384615384615385,12,26260|온천천로|179,26260|명륜동|533-128,standard,True,
26260,명장동,524-4,동국빌라,동국빌라,,,TRADE_2CB0E97C1A71,unmatched,0.0,19.999999999999996,13,26260|시실로|144,26260|명장동|524-4,standard,True,
26290,용호동,394-35,금산,금산,,,TRADE_A6EBD83643DB,unmatched,0.0,25.0,22,26290|동명로146번길|14,26290|용호동|394-35,standard,True,
26290,대연동,328,대연로얄,대연로얄,,,TRADE_60F397A536A1,unmatched,0.0,66.66666666666667,33,26290|수영로|253-8,26290|대연동|328,standard,True,
26320,구포동,782-29,우정맨션가동,우정맨션가동,,,TRADE_BF79C86310F7,unmatched,0.0,19.999999999999996,22,26320|시랑로48번길|56,26320|구포동|782-29,standard,True,
26320,만덕동,696-6,동남뷰,동남뷰,,,TRADE_0BE35F188063,unmatched,0.0,28.57142857142857,25,26320|만덕1로104번가길|16,26320|만덕동|696-6,standard,True,
26320,덕천동,394-2,미진파크맨션,미진파크맨션,,,TRADE_6869B2655C4C,unmatched,0.0,66.66666666666667,16,26320|만덕대로142번가길|61,26320|덕천동|394-2,standard,True,
26320,만덕동,957,백양디이스트,백양디이스트(4단지),백양디이스트,A10027832,A10027832,dong_fuzzy,100.0,100.0,25,26320|상리로|23,26320|만덕동|957,standard,False,
26350,중동,1496-7,반석비치빌라2차,반석비치빌라2차,,,TRADE_B2F5E35231C1,unmatched,0.0,31.57894736842105,29,26350|달맞이길117번나길|23,26350|중동|1496-7,standard,True,
26350,재송동,1148-3,어반빌리지,어반빌리지,,,TRADE_3944762F7931,unmatched,0.0,19.999999999999996,31,26350|재반로152번길|39,26350|재송동|1148-3,standard,True,
26410,남산동,51-5,남산미네르빌,남산미네르빌,,,TRADE_0BF40E5D6FD5,unmatched,0.0,40.0,8,26410|중앙대로|2086-2,26410|남산동|51-5,standard,True,
26410,남산동,973-21,신풍아트빌라,신풍아트빌라,,,TRADE_51FE5CDDB012,unmatched,0.0,15.384615384615385,8,26410|팔송로53번길|50,26410|남산동|973-21,standard,True,
26410,남산동,117-9,정구팰리스,정구팰리스,,,TRADE_D078CBCF25A4,unmatched,0.0,18.181818181818176,8,26410|학산로|16,26410|남산동|117-9,standard,True,
26410,남산동,104-1,행복이가득한집,행복이가득한집,,,TRADE_8663D67F95D8,unmatched,0.0,16.666666666666664,8,26410|범어천로|3,26410|남산동|104-1,standard,True,
26410,남산동,116-10,남산그린파크맨션,남산그린파크맨션,,,TRADE_528BC5C65C4C,unmatched,0.0,33.333333333333336,8,26410|학산로21번길|3,26410|남산동|116-10,standard,True,
26470,연산동,784-44,디오빌에이동,디오빌에이동,,,TRADE_87CF65B5EA08,unmatched,0.0,19.999999999999996,65,26470|월드컵대로19번길|13,26470|연산동|784-44,standard,True,
26470,연산동,1299-32,전원금강빌,전원금강빌,,,TRADE_8B7FF2B94D04,unmatched,0.0,19.999999999999996,65,26470|거제천로136번길|34,26470|연산동|1299-32,standard,True,
26470,연산동,1268-8,대은시티빌,대은시티빌,,,TRADE_1BBC6AEA41A8,unmatched,0.0,36.36363636363637,65,26470|중앙대로1048번길|52,26470|연산동|1268-8,standard,True,
26470,연산동,1288-27,조광네오빌,조광네오빌,,,TRADE_134EC34AA19C,unmatched,0.0,19.999999999999996,65,26470|중앙대로1075번길|20,26470|연산동|1288-27,standard,True,
26470,연산동,469-34,세븐빌,세븐빌,,,TRADE_45A09D261645,unmatched,0.0,25.0,65,26470|고분로235번길|63,26470|연산동|469-34,standard,True,
26470,연산동,478-4,송파지오스4,송파지오스4,,,TRADE_45D89F6381C2,unmatched,0.0,36.36363636363637,65,26470|고분로235번길|23,26470|연산동|478-4,standard,True,
26470,연산동,469-36,윤강하이츠빌라,윤강하이츠빌라,,,TRADE_41655A94D36C,unmatched,0.0,50.0,65,26470|고분로235번길|61,26470|연산동|469-36,standard,True,
26500,남천동,19-37,남천현대빌,남천현대빌,,,TRADE_05A0AB37995F,unmatched,0.0,44.44444444444444,14,26500|수영로|398-6,26500|남천동|19-37,standard,True,
26500,광안동,1078-2,삼흥토인월드,삼흥토인월드,,,TRADE_997D434950D1,unmatched,0.0,18.181818181818176,22,26500|수영로665번길|11,26500|광안동|1078-2,standard,True,
26500,남천동,74-6,리부스남천,리부스남천,,,TRADE_6B57BAECCE69,unmatched,0.0,44.44444444444444,14,26500|남천서로|5-6,26500|남천동|74-6,standard,True,
26500,광안동,536-143,협성센트로1차,협성센트로1차,,,TRADE_FCE7828F1D73,unmatched,0.0,35.29411764705882,22,26500|장대골로|30,26500|광안동|536-143,standard,True,
26500,광안동,191-6,류빈비치빌,류빈비치빌,,,TRADE_7858A307D043,unmatched,0.0,44.44444444444444,22,26500|광남로|150,26500|광안동|191-6,standard,True,
26500,민락동,159-14,한울비치빌,한울비치빌,,,TRADE_9C7FC051D21D,unmatched,0.0,44.44444444444444,13,26500|감포로8번길|43,26500|민락동|159-14,standard,True,
26500,광안동,116-26,솔내음파비르,솔내음파비르,,,TRADE_677D69F2ED2C,unmatched,0.0,19.999999999999996,22,26500|수영로|632-1,26500|광안동|116-26,standard,True,
26710,기장읍동부리,335-11,월드파크빌b동,월드파크빌B동,,,TRADE_FC653D216CA8,unmatched,0.0,15.384615384615385,4,26710|차성서로|152-14,26710|기장읍동부리|335-11,standard,True,
26710,철마면고촌리,668,현대프라힐스동부산,현대프라힐스 동부산,현대프라힐스동부산,A10027639,A10027639,legal_address_exact,100.0,100.0,1,26710|고촌로|58,26710|철마면고촌리|668,standard,False,
48250,지내동,67-1,청솔1차,청솔1차,,,TRADE_4F3AB81380F0,unmatched,0.0,0.0,0,48250|김해대로2725번길|50,48250|지내동|67-1,strict_full_lot,True,
48250,대성동,66-1,동호맨션,동호맨션,,,TRADE_A2F35B85FD13,unmatched,0.0,0.0,0,48250|구지로135번길|25,48250|대성동|66-1,strict_full_lot,True,
48250,진영읍진영리,1531-2,주도하이페리온,주도하이페리온,,,TRADE_90A63369E7D1,unmatched,0.0,0.0,0,48250|김해대로332번길|36,48250|진영읍진영리|1531-2,strict_full_lot,True,
48250,삼정동,590-2,한도,한도,,,TRADE_479B596D2865,unmatched,0.0,0.0,0,48250|김해대로2453번길|40,48250|삼정동|590-2,strict_full_lot,True,
48250,삼방동,571-4,우리빌리지에이,우리빌리지에이,,,TRADE_9F3CE518A6E1,unmatched,0.0,0.0,0,48250|삼안로|317-1,48250|삼방동|571-4,strict_full_lot,True,
26110,부평동4가,51-1,목연정빌라,목연정빌라,,,TRADE_B324C5164FA1,unmatched,0.0,0.0,0,26110|보수대로64번길|17,26110|부평동4가|51-1,standard,True,
26140,토성동5가,18-4,서원비동,서원비동,,,TRADE_A70C802D46C8,unmatched,0.0,0.0,0,26140|구덕로134번길|20,26140|토성동5가|18-4,standard,True,
26140,남부민동,611-11,대동맨션,대동맨션,,,TRADE_855F8ED8CCB5,unmatched,0.0,25.0,6,26140|천마로|57,26140|남부민동|611-11,standard,True,
26140,부민동1가,18-8,향원밸리빌,향원밸리빌,,,TRADE_380E7502E698,unmatched,0.0,0.0,0,26140|대청로|7,26140|부민동1가|18-8,standard,True,
26170,수정동,1043-38,하이츠빌리지,하이츠빌리지,,,TRADE_1AA8A68D3517,unmatched,0.0,12.5,3,26170|홍곡남로|22,26170|수정동|1043-38,standard,True,
26170,초량동,1056-71,배룡비치텔,배룡비치텔,,,TRADE_36042A627ABE,unmatched,0.0,10.526315789473683,10,26170|초량중로21번길|10,26170|초량동|1056-71,standard,True,
26170,범일동,1308-10,금초파크,금초파크,,,TRADE_4B485BB38EDD,unmatched,0.0,0.0,9,26170|범곡북로|7,26170|범일동|1308-10,standard,True,
26200,봉래동2가,62-14,성인아르빌,성인아르빌,,,TRADE_EDBC70B21818,unmatched,0.0,0.0,2,26200|절영로7번길|37-3,26200|봉래동2가|62-14,standard,True,
26230,범천동,1230-193,동우주택,동우주택,,,TRADE_CBFF4CB3DD16,unmatched,0.0,22.22222222222222,24,26230|신암로|89,26230|범천동|1230-193,standard,True,
26260,온천동,1249-1,시티하임3차,시티하임3차,,,TRADE_A06EFE50BA3A,unmatched,0.0,26.66666666666667,42,26260|아시아드대로231번길|11,26260|온천동|1249-1,standard,True,
26260,사직동,391-6,동산,동산(202동),,,TRADE_ACEE8BC5CE92,unmatched,0.0,50.0,19,26260|아시아드대로164번길|45,26260|사직동|391-6,standard,True,
26260,온천동,1434-2,온천건흥,온천건흥,,,TRADE_30CC7E4C3668,unmatched,0.0,50.0,42,26260|중앙대로1333번길|39,26260|온천동|1434-2,standard,True,
26260,온천동,1411-26,월드리빙필,월드리빙필,,,TRADE_8DDBBF531E8D,unmatched,0.0,18.181818181818176,42,26260|아시아드대로208번가길|9,26260|온천동|1411-26,standard,True,
26260,온천동,189-42,일성아이앤유2차,일성아이앤유2차,,,TRADE_37682CB70E1A,unmatched,0.0,42.85714285714286,42,26260|금강로106번길|8-22,26260|온천동|189-42,standard,True,
26260,온천동,1182,현은,현은,,,TRADE_53C330727483,unmatched,0.0,50.0,42,26260|쇠미로217번길|27,26260|온천동|1182,standard,True,
26260,온천동,1250-6,태경에버리치,태경에버리치,,,TRADE_8A9F364C2120,unmatched,0.0,25.0,42,26260|사직북로28번길|154,26260|온천동|1250-6,standard,True,
26260,온천동,1266-1,온천유림,온천유림,,,TRADE_37A8CEA7184B,unmatched,0.0,57.14285714285714,42,26260|아시아드대로207번길|9,26260|온천동|1266-1,standard,True,
26290,대연동,1734-5,태흥이오니아빌,태흥이오니아빌,,,TRADE_D58416AEAF80,unmatched,0.0,22.22222222222222,33,26290|유엔로157번가길|7,26290|대연동|1734-5,standard,True,
26290,대연동,1738-10,뉴금양타워빌,뉴금양타워빌,,,TRADE_0E5186DE7461,unmatched,0.0,33.333333333333336,33,26290|유엔평화로9번길|8,26290|대연동|1738-10,standard,True,
26290,용호동,83-2,성지빌라,성지빌라,,,TRADE_3BF1A01BCC2C,unmatched,0.0,40.0,22,26290|용호로|98-24,26290|용호동|83-2,standard,True,
26290,대연동,888-6,보람시티빌,보람시티빌,,,TRADE_BBC89621D48B,unmatched,0.0,18.181818181818176,33,26290|유엔평화로41번가길|39,26290|대연동|888-6,standard,True,
26320,덕천동,256-3,써니아르빌,써니아르빌,,,TRADE_A5FE40571393,unmatched,0.0,19.999999999999996,16,26320|모분재로15번길|111,26320|덕천동|256-3,standard,True,
26320,만덕동,956,백양디이스트,백양디이스트(3단지),백양디이스트,A10027832,A10027832,dong_fuzzy,100.0,100.0,25,26320|덕천로276번길|21,26320|만덕동|956,standard,False,
26350,중동,1505-1,삼안리젠시3,삼안리젠시3,,,TRADE_95C9A88B92CB,unmatched,0.0,25.0,29,26350|달맞이길117번다길|28,26350|중동|1505-1,standard,True,
26350,반여동,1581-9,세진,세진,,,TRADE_BA5003006D6D,unmatched,0.0,22.22222222222222,31,26350|재반로282번길|109,26350|반여동|1581-9,standard,True,
26350,중동,1500-9,대림선라이즈1,대림선라이즈1,,,TRADE_CBF1B76E8910,unmatched,0.0,30.000000000000004,29,26350|달맞이길117번가길|97,26350|중동|1500-9,standard,True,
26350,중동,1505-3,우성빌라,우성빌라(백세해운대빌라2차),,,TRADE_EE13A82326DC,unmatched,0.0,66.66666666666667,29,26350|달맞이길117번가길|15,26350|중동|1505-3,standard,True,
26380,장림동,349-14,제일,제일,,,TRADE_E9266D073CD6,unmatched,0.0,25.0,26,26380|장림시장5길|165,26380|장림동|349-14,standard,True,
26380,하단동,893-3,호주하이츠빌라,호주하이츠빌라,,,TRADE_7D179CAB3D65,unmatched,0.0,18.181818181818176,12,26380|낙동남로|1352-6,26380|하단동|893-3,standard,True,
26410,구서동,201-9,산들파르테,산들파르테,,,TRADE_5E4ABB2082EC,unmatched,0.0,22.22222222222222,25,26410|구서중앙로15번길|27,26410|구서동|201-9,standard,True,
26410,청룡동,634-7,금룡빌라,금룡빌라,,,TRADE_635DE4EC0628,unmatched,0.0,33.333333333333336,4,26410|청룡로|52,26410|청룡동|634-7,standard,True,
26410,부곡동,64-32,우일아내트,우일아내트,,,TRADE_47297453500D,unmatched,0.0,22.22222222222222,27,26410|중앙대로1793번길|52,26410|부곡동|64-32,standard,True,
26410,장전동,653-12,골든팰리스,골든팰리스,,,TRADE_C53BFF95A9AF,unmatched,0.0,50.0,17,26410|식물원로27번길|45,26410|장전동|653-12,standard,True,
26410,남산동,481-8,삼진빌라,삼진빌라(481-8),,,TRADE_992462CBF058,unmatched,0.0,25.0,8,26410|금강로647번길|8,26410|남산동|481-8,standard,True,
26410,구서동,161-5,석산빌라9,석산빌라9,,,TRADE_8F36C89CC7D2,unmatched,0.0,22.22222222222222,25,26410|두실로7번길|14,26410|구서동|161-5,standard,True,
26410,남산동,131-7,석산5차,석산5차,,,TRADE_AE42EF077D94,unmatched,0.0,25.0,8,26410|두실로16번길|11,26410|남산동|131-7,standard,True,
26470,거제동,676-28,태승타워,태승타워,,,TRADE_B46B41E7C3D1,unmatched,0.0,40.0,41,26470|해맞이로77번길|19,26470|거제동|676-28,standard,True,
26470,연산동,1293-2,에이스빌,에이스빌(1293-2),,,TRADE_7A362315C9A5,unmatched,0.0,44.44444444444444,65,26470|월드컵대로153번길|50,26470|연산동|1293-2,standard,True,
26500,광안동,535-3,지성타워빌,지성타워빌,,,TRADE_2972BDD3E84F,unmatched,0.0,30.76923076923077,22,26500|광일로29번가길|4,26500|광안동|535-3,standard,True,
26500,광안동,191-1,광안비치올리브씨,광안비치올리브씨,광안비치올리브씨아파트,A10023802,A10023802,legal_address_exact,100.0,100.0,1,26500|광안로62번길|10,26500|광안동|191-1,standard,False,
26710,정관읍용수리,1275,정관양우내안,정관양우내안愛,정관양우내안애,A10027503,A10027503,road_legal_address_exact,100.0,92.3076923076923,1,26710|정관5로|144,26710|정관읍용수리|1275,standard,False,
26710,기장읍대변리,391,주은해변빌라,주은해변빌라,,,TRADE_1C1318D62EF7,unmatched,0.0,0.0,1,26710|대변1로|15,26710|기장읍대변리|391,standard,True,
48250,어방동,352-8,효성빌라,효성빌라,,,TRADE_6775889A1BDD,unmatched,0.0,0.0,0,48250|활천로186번길|23-15,48250|어방동|352-8,strict_full_lot,True,
48250,흥동,6-6,청호아트빌302동,청호아트빌302동,,,TRADE_03F394CDAE35,unmatched,0.0,0.0,0,48250|흥동로171번길|22,48250|흥동|6-6,strict_full_lot,True,
48250,진례면송정리,205,태신,태신아파트,,,TRADE_FD48265E1345,unmatched,0.0,0.0,0,48250|진례로|226-31,48250|진례면송정리|205,strict_full_lot,True,
48250,부원동,86-2,성우메르빌,성우메르빌,,,TRADE_8037D99821E4,unmatched,0.0,0.0,0,48250|호계로438번길|29-16,48250|부원동|86-2,strict_full_lot,True,
48250,삼정동,661-1,성우그랜드빌b,성우그랜드빌B,,,TRADE_4B7F6E4D433E,unmatched,0.0,0.0,0,48250|김해대로2491번길|6-6,48250|삼정동|661-1,strict_full_lot,True,
48250,삼정동,39-9,도완빌리지2차,도완빌리지2차,,,TRADE_4CB1D561D003,unmatched,0.0,0.0,0,48250|활천로|116-5,48250|삼정동|39-9,strict_full_lot,True,
48330,삼호동,986-5,화목빌라트,화목빌라트,,,TRADE_F5160C93CD67,unmatched,0.0,0.0,0,48330|서창동2길|19,48330|삼호동|986-5,strict_full_lot,True,
26140,서대신동2가,36-6,한우리빌리지2차,한우리빌리지2차,,,TRADE_C52956689550,unmatched,0.0,25.0,3,26140|구덕로305번길|4-10,26140|서대신동2가|36-6,standard,True,
26140,서대신동3가,360-3,크로바a동,크로바A동,,,TRADE_8875A1DACBD9,unmatched,0.0,0.0,8,26140|구덕로333번길|19,26140|서대신동3가|360-3,standard,True,
26140,동대신동3가,63-183,덕산,덕산,,,TRADE_CB5E18DE35A8,unmatched,0.0,33.333333333333336,3,26140|망양로111번길|12,26140|동대신동3가|63-183,standard,True,
26140,서대신동1가,54-14,대우빌라,대우빌라,,,TRADE_6245742C00DF,unmatched,0.0,19.999999999999996,1,26140|구덕로285번길|15,26140|서대신동1가|54-14,standard,True,
26140,동대신동2가,7-1,전원빌라,전원빌라,,,TRADE_3EA376BF215A,unmatched,0.0,0.0,1,26140|중앙공원로|24,26140|동대신동2가|7-1,standard,True,
26140,서대신동2가,77,향원에이스타운,향원에이스타운(77),,,TRADE_0E5A78B5A2A9,unmatched,0.0,0.0,3,26140|구덕로301번길|22,26140|서대신동2가|77,standard,True,
26170,범일동,1486-19,아름빌106동,아름빌106동,,,TRADE_3907E085B343,unmatched,0.0,0.0,9,26170|범곡북로|27,26170|범일동|1486-19,standard,True,
26170,범일동,26-8,서면베스티움더시티,서면베스티움더시티,,,TRADE_BA09D051E0DE,unmatched,0.0,28.57142857142857,9,26170|중앙대로|539,26170|범일동|26-8,standard,True,
26200,동삼동,326-9,대성타워,대성타워,,,TRADE_146A819AEB35,unmatched,0.0,19.999999999999996,23,26200|동삼로|47,26200|동삼동|326-9,standard,True,
26200,동삼동,327-3,유나맨션,유나맨션,,,TRADE_30DCCB952EA6,unmatched,0.0,40.0,23,26200|동삼로|46,26200|동삼동|327-3,standard,True,
26200,동삼동,349-3,선마린빌라트,선마린빌라트,,,TRADE_C0FF739F1357,unmatched,0.0,19.999999999999996,23,26200|태종로|638,26200|동삼동|349-3,standard,True,
26230,개금동,177-218,풍신,풍신,,,TRADE_28529FDDD513,unmatched,0.0,28.57142857142857,23,26230|복지로13번길|16,26230|개금동|177-218,standard,True,
26230,개금동,424-6,개금미네스트,개금미네스트,,,TRADE_CF4166BB2257,unmatched,0.0,66.66666666666667,23,26230|개금본동로9번길|69,26230|개금동|424-6,standard,True,
26230,부암동,304-14,시민공원일동미라주시티,시민공원일동미라주시티,시민공원일동미라주시티,A10023896,A10023896,road_legal_address_exact,100.0,100.0,1,26230|동평로|192,26230|부암동|304-14,standard,False,
26260,온천동,1850,동래3차skview,동래3차SKVIEW,동래3차 SK VIEW 아파트,A10024005,A10024005,road_address_exact,100.0,100.0,1,26260|온천장로65번길|9,26260|온천동|1850,standard,False,
26260,명륜동,526-11,이삭빌,이삭빌,,,TRADE_3D786679DAC9,unmatched,0.0,28.57142857142857,12,26260|충렬대로182번나길|22,26260|명륜동|526-11,standard,True,
26290,대연동,635-9,남강파크,남강파크,,,TRADE_A88013215FF0,unmatched,0.0,33.333333333333336,33,26290|유엔로157번가길|70,26290|대연동|635-9,standard,True,
26290,대연동,1465-5,미림크라운맨션,미림크라운맨션(1465-5),,,TRADE_BC447EFE9ACC,unmatched,0.0,15.384615384615385,33,26290|못골번영로46번길|32,26290|대연동|1465-5,standard,True,
26290,용호동,419-12,로얄맨션,로얄맨션,,,TRADE_F41AC68C1854,unmatched,0.0,40.0,22,26290|동명로100번길|48,26290|용호동|419-12,standard,True,
26290,대연동,888-12,흑석파크,흑석파크,,,TRADE_43BAB80D4F34,unmatched,0.0,33.333333333333336,33,26290|유엔평화로29번길|5,26290|대연동|888-12,standard,True,
26290,대연동,874-3,중앙월드타워,중앙월드타워,,,TRADE_53EE9369A413,unmatched,0.0,33.333333333333336,33,26290|유엔평화로29번길|73,26290|대연동|874-3,standard,True,
26410,부곡동,60-13,금정아트빌,금정아트빌,,,TRADE_501058A0BFF9,unmatched,0.0,28.57142857142857,27,26410|무학송로|101,26410|부곡동|60-13,standard,True,
26410,남산동,981-8,학산코스모빌라,학산코스모빌라,,,TRADE_64990EF4746B,unmatched,0.0,18.181818181818176,8,26410|금샘로|511,26410|남산동|981-8,standard,True,
26410,부곡동,9-5,중앙시티빌,중앙시티빌,,,TRADE_1B34F2A9312D,unmatched,0.0,22.22222222222222,27,26410|중앙대로1778번길|55,26410|부곡동|9-5,standard,True,
26410,부곡동,11-18,청수하이빌,청수하이빌,,,TRADE_6F5A644BA078,unmatched,0.0,15.384615384615385,27,26410|무학송로138번길|11,26410|부곡동|11-18,standard,True,
26410,부곡동,873-15,부호하이츠,부호하이츠,,,TRADE_C3D22324C35C,unmatched,0.0,22.22222222222222,27,26410|오시게로|16,26410|부곡동|873-15,standard,True,
26410,구서동,445-20,그린빌,그린빌,,,TRADE_365B94BE9B84,unmatched,0.0,44.44444444444444,25,26410|금정로|227,26410|구서동|445-20,standard,True,
26410,구서동,444-3,삼부,삼부,,,TRADE_5BB13D4B66C8,unmatched,0.0,33.333333333333336,25,26410|금정로|224,26410|구서동|444-3,standard,True,
26470,연산동,578-4,창성골든빌비동,창성골든빌비동,,,TRADE_071EE3371D77,unmatched,0.0,26.66666666666667,65,26470|중앙대로1150번길|25,26470|연산동|578-4,standard,True,
26470,연산동,1480-35,하나화이트빌,하나화이트빌,,,TRADE_5EEEE8FD6304,unmatched,0.0,54.54545454545454,65,26470|거제천로118번길|43,26470|연산동|1480-35,standard,True,
26470,연산동,300-58,미림맨션,미림맨션,,,TRADE_C214B3E7D805,unmatched,0.0,40.0,65,26470|과정로348번길|45,26470|연산동|300-58,standard,True,
26500,광안동,567-12,부일에코캐슬,부일에코캐슬,,,TRADE_A207D40DD568,unmatched,0.0,15.384615384615385,22,26500|수영로595번길|12,26500|광안동|567-12,standard,True,
26530,엄궁동,37-1,청송,청송,,,TRADE_EDA4D0BFF07F,unmatched,0.0,0.0,12,26530|엄궁로|184,26530|엄궁동|37-1,standard,True,
26710,기장읍대라리,129-9,금강로즈맨션,금강로즈맨션,,,TRADE_16E45072BD39,unmatched,0.0,33.333333333333336,4,26710|차성동로31번길|26,26710|기장읍대라리|129-9,standard,True,
26710,기장읍대라리,183-10,테마하이츠빌,테마하이츠빌,,,TRADE_315DE1941026,unmatched,0.0,36.36363636363637,4,26710|대청로8번길|47,26710|기장읍대라리|183-10,standard,True,
26710,정관읍방곡리,269-6,두리아,두리아,,,TRADE_D32C3B79AA82,unmatched,0.0,0.0,5,26710|정관덕산1길|8-1,26710|정관읍방곡리|269-6,standard,True,
26710,기장읍대라리,306-2,에스디빌라트,에스디빌라트,,,TRADE_54B2166EF48F,unmatched,0.0,36.36363636363637,4,26710|대청로13번길|30,26710|기장읍대라리|306-2,standard,True,
26710,기장읍대라리,838,갤러리하우스,갤러리하우스,,,TRADE_D951B7B7F7D7,unmatched,0.0,18.181818181818176,4,26710|차성서로109번길|23,26710|기장읍대라리|838,standard,True,
48250,외동,1373,진풍아트빌,진풍아트빌,,,TRADE_68B380DAE284,unmatched,0.0,0.0,0,48250|분성로172번길|64,48250|외동|1373,strict_full_lot,True,
48250,외동,1334,우림파크빌,우림파크빌,,,TRADE_41FEE7C22969,unmatched,0.0,0.0,0,48250|분성로194번길|29,48250|외동|1334,strict_full_lot,True,
48250,삼정동,640-10,경남,경남,,,TRADE_8C0C4B82F3C7,unmatched,0.0,0.0,0,48250|김해대로2511번길|44,48250|삼정동|640-10,strict_full_lot,True,
48250,삼정동,637-5,삼성골드빌라,삼성골드빌라,,,TRADE_F36BCF904D68,unmatched,0.0,0.0,0,48250|인제로51번길|24,48250|삼정동|637-5,strict_full_lot,True,
48250,흥동,산64-3,한빛드림빌2차,한빛드림빌2차,,,TRADE_8139E441F8FD,unmatched,0.0,0.0,0,48250|흥동로|116,48250|흥동|산64-3,strict_full_lot,True,
48330,남부동,467-2,삼한,삼한아파트,,,TRADE_40116A36B1CA,unmatched,0.0,0.0,0,48330|옥곡4길|18,48330|남부동|467-2,strict_full_lot,True,
48330,삼호동,779-14,동주맨션,동주맨션,,,TRADE_3F1BE3F48B31,unmatched,0.0,0.0,0,48330|삼호9길|2,48330|삼호동|779-14,strict_full_lot,True,
26140,동대신동1가,420,동대신역비스타동원,동대신역비스타동원아파트,동대신역비스타동원아파트,A10024328,A10024328,road_address_exact,100.0,100.0,1,26140|보수대로154번길|29,26140|동대신동1가|420,standard,False,
26140,서대신동1가,35-10,무궁화,무궁화,,,TRADE_F945232E9E9B,unmatched,0.0,0.0,1,26140|구덕로265번길|30,26140|서대신동1가|35-10,standard,True,
26230,부전동,38,허브팰리스서면,허브팰리스서면,허브팰리스서면,A10021181,A10021181,road_legal_address_exact,100.0,100.0,1,26230|부전로|193,26230|부전동|38,standard,False,
26230,부전동,474-107,창덕더파크,창덕더파크,,,TRADE_518D0D15D00B,unmatched,0.0,0.0,7,26230|부전로|102,26230|부전동|474-107,standard,True,
26230,부암동,669-18,야긴다하임,야긴다하임,,,TRADE_D576478B7FB5,unmatched,0.0,0.0,27,26230|신천대로220번길|77-10,26230|부암동|669-18,standard,True,
26290,대연동,967-2,대호,대호(967-2),,,TRADE_7058B4626310,unmatched,0.0,33.333333333333336,33,26290|유엔평화로66번길|26,26290|대연동|967-2,standard,True,
26290,대연동,961-17,송림,송림아파트,,,TRADE_2FC6C606E538,unmatched,0.0,0.0,33,26290|유엔평화로76번길|20,26290|대연동|961-17,standard,True,
26290,우암동,189-1677,광이골드힐a,광이골드힐A,,,TRADE_EB134E28D9D7,unmatched,0.0,16.666666666666664,10,26290|동항로|53-6,26290|우암동|189-1677,standard,True,
26290,용호동,486-41,태양빌라트,태양빌라트,,,TRADE_133287BB1AFF,unmatched,0.0,36.36363636363637,22,26290|용호로|188-1,26290|용호동|486-41,standard,True,
26320,구포동,1300,리버파크반도유보라,리버파크반도유보라,리버파크반도유보라,A10024201,A10024201,road_legal_address_exact,100.0,100.0,1,26320|백양대로|1136,26320|구포동|1300,standard,False,
26350,송정동,137-7,조희바다풍경,조희바다풍경,,,TRADE_DB653C1F0E0B,unmatched,0.0,13.33333333333333,5,26350|송정1로8번길|34,26350|송정동|137-7,standard,True,
26380,하단동,597-19,동조리젠시,동조리젠시,,,TRADE_729D111D2C1B,unmatched,0.0,15.384615384615385,12,26380|하신중앙로313번길|60,26380|하단동|597-19,standard,True,
26380,하단동,870-95,나산리츠,나산리츠,,,TRADE_A65B1D732479,unmatched,0.0,33.333333333333336,12,26380|낙동남로|1362,26380|하단동|870-95,standard,True,
26410,구서동,164-10,광이드림타워,광이드림타워,,,TRADE_76CDD3E07DB9,unmatched,0.0,33.333333333333336,25,26410|두실로15번길|45,26410|구서동|164-10,standard,True,
26470,연산동,306-5,유영,유영,,,TRADE_B936A014BF30,unmatched,0.0,28.57142857142857,65,26470|신금로17번길|59,26470|연산동|306-5,standard,True,
26470,연산동,1293-10,해오름빌리지1차,해오름빌리지1차,,,TRADE_E570DA919D5B,unmatched,0.0,33.333333333333336,65,26470|월드컵대로153번길|48,26470|연산동|1293-10,standard,True,
26470,연산동,1386-25,형제아트빌,형제아트빌,,,TRADE_C50D96A82C2D,unmatched,0.0,33.333333333333336,65,26470|월드컵대로153번길|75,26470|연산동|1386-25,standard,True,
26470,연산동,2380,e편한세상연산더퍼스트,e편한세상연산더퍼스트,이편한세상 연산 더퍼스트,A10024113,A10024113,road_address_exact,100.0,90.9090909090909,1,26470|반송로|40,26470|연산동|2380,standard,False,
26470,거제동,681-24,대주,대주,,,TRADE_A7387C7069E1,unmatched,0.0,33.333333333333336,41,26470|해맞이로77번길|34-8,26470|거제동|681-24,standard,True,
26470,연산동,480-32,강산해오름,강산해오름,,,TRADE_19FC832DA3E9,unmatched,0.0,30.76923076923077,65,26470|고분로236번길|6,26470|연산동|480-32,standard,True,
26500,광안동,536-137,광안타워,광안타워,,,TRADE_9C5D32E83012,unmatched,0.0,50.0,22,26500|장대골로|36,26500|광안동|536-137,standard,True,
26530,덕포동,404-8,아카페타운,아카페타운,,,TRADE_5197D5907A9E,unmatched,0.0,40.0,13,26530|삼덕로|71,26530|덕포동|404-8,standard,True,
26530,감전동,118-35,엘크루센트로,엘크루센트로아파트,,,TRADE_3C1ADAC39171,unmatched,0.0,16.666666666666664,2,26530|학감대로267번길|20,26530|감전동|118-35,standard,True,
48250,구산동,748-8,리첸퍼스트,리첸퍼스트,,,TRADE_32EB0FCD8C31,unmatched,0.0,0.0,0,48250|김해대로|1894-27,48250|구산동|748-8,strict_full_lot,True,
48250,삼정동,638-7,청구골드빌라,청구골드빌라,,,TRADE_476E148E2BFC,unmatched,0.0,0.0,0,48250|인제로39번길|24,48250|삼정동|638-7,strict_full_lot,True,
48250,흥동,390-2,한빛드림빌,한빛드림빌,,,TRADE_6AC691112108,unmatched,0.0,0.0,0,48250|흥동로|124,48250|흥동|390-2,strict_full_lot,True,
48250,진영읍여래리,233-6,대건빌라트104동,대건빌라트104동,,,TRADE_03D6FCD3F11C,unmatched,0.0,0.0,0,48250|진영로|304-23,48250|진영읍여래리|233-6,strict_full_lot,True,
48250,삼정동,599-11,경주,경주,,,TRADE_C578C2FD12FE,unmatched,0.0,0.0,0,48250|활천로16번길|7,48250|삼정동|599-11,strict_full_lot,True,
48250,진영읍진영리,369-15,무학한빛빌라트,무학한빛빌라트,,,TRADE_3A6FF1325BD2,unmatched,0.0,0.0,0,48250|진영로120번길|2-29,48250|진영읍진영리|369-15,strict_full_lot,True,
48250,진영읍진영리,275-26,길림선빌라,길림선빌라,,,TRADE_43601FC183C8,unmatched,0.0,0.0,0,48250|여래로20번길|59,48250|진영읍진영리|275-26,strict_full_lot,True,
48330,명동,708-5,대동빌라1차,대동빌라1차,,,TRADE_BB05131F47E1,unmatched,0.0,0.0,0,48330|외홈3길|7,48330|명동|708-5,strict_full_lot,True,
26140,부용동1가,69-7,남명더라우부용,남명더라우부용,,,TRADE_81458F6FB5CF,unmatched,0.0,0.0,1,26140|구덕로|234,26140|부용동1가|69-7,standard,True,
26140,서대신동3가,384-2,대신썬빌리지b,대신썬빌리지B,,,TRADE_28F6383C696B,unmatched,0.0,36.36363636363637,8,26140|구덕로333번길|11,26140|서대신동3가|384-2,standard,True,
26140,서대신동2가,209,진성시티라이프,진성시티라이프,,,TRADE_785C09312093,unmatched,0.0,0.0,3,26140|대영로27번길|40,26140|서대신동2가|209,standard,True,
26140,서대신동2가,54,리더스향원,리더스향원,,,TRADE_70D7983C80B5,unmatched,0.0,19.999999999999996,3,26140|구덕로301번길|8,26140|서대신동2가|54,standard,True,
26140,동대신동1가,218-1,아젤리아빌라,아젤리아빌라,,,TRADE_3C08590E1EDB,unmatched,0.0,0.0,1,26140|구덕로280번길|8-1,26140|동대신동1가|218-1,standard,True,
26170,범일동,105-1,어반오션시티,어반오션시티,,,TRADE_8EE4A653B013,unmatched,0.0,36.36363636363637,9,26170|중앙대로|501-1,26170|범일동|105-1,standard,True,
26200,봉래동4가,266,유진캐슬,유진캐슬,,,TRADE_ACE550EE0699,unmatched,0.0,25.0,2,26200|봉래길|92-4,26200|봉래동4가|266,standard,True,
26230,부암동,38-5,그린센트,그린센트,,,TRADE_CD10342DB464,unmatched,0.0,36.36363636363637,27,26230|시민공원로19번길|94,26230|부암동|38-5,standard,True,
26260,명장동,136-9,아이뷰파크,아이뷰파크,,,TRADE_FAF8701F5D68,unmatched,0.0,54.54545454545454,13,26260|명안로78번길|25,26260|명장동|136-9,standard,True,
26380,하단동,618-1,헤리츠리더스하단,헤리츠리더스하단,헤리츠리더스하단,A10021191,A10021191,road_legal_address_exact,100.0,100.0,1,26380|낙동대로457번길|5,26380|하단동|618-1,standard,False,
26410,청룡동,30-7,지성캐슬,지성캐슬,,,TRADE_36FE70CF9474,unmatched,0.0,16.666666666666664,4,26410|팔송로18번길|52,26410|청룡동|30-7,standard,True,
26410,장전동,505-76,벽산그린빌라,벽산그린빌라,,,TRADE_06D17CFA15AC,unmatched,0.0,25.0,17,26410|금샘로17번길|43-6,26410|장전동|505-76,standard,True,
26410,장전동,501-25,금정리치빌,금정리치빌,,,TRADE_DC59C9AE2618,unmatched,0.0,44.44444444444444,17,26410|금샘로18번길|75,26410|장전동|501-25,standard,True,
26410,서동,79,그린빌,그린빌,,,TRADE_1C4B59523F6C,unmatched,0.0,0.0,4,26410|서금로67번길|4,26410|서동|79,standard,True,
26410,구서동,177-4,우석쉐르빌,우석쉐르빌,,,TRADE_7C95AF5C757C,unmatched,0.0,22.22222222222222,25,26410|중앙대로1944번길|12,26410|구서동|177-4,standard,True,
26500,민락동,184-2,광안리슈빌ds,광안리슈빌DS,,,TRADE_6723552957B5,unmatched,0.0,37.5,13,26500|광남로|166,26500|민락동|184-2,standard,True,
26500,남천동,21-9,봉황파크,봉황파크,,,TRADE_1F22A112897C,unmatched,0.0,50.0,14,26500|남천동로24번길|30,26500|남천동|21-9,standard,True,
26710,기장읍교리,371,기장유림노르웨이숲,기장유림노르웨이숲,기장유림노르웨이숲아파트,A10024065,A10024065,road_legal_address_exact,100.0,100.0,1,26710|차성로436번길|46,26710|기장읍교리|371,standard,False,
48250,삼계동,1549,삼계한라비발디센텀시티,삼계한라비발디센텀시티,삼계 한라비발디 센텀시티,A10023972,A10023972,road_legal_address_exact,100.0,100.0,1,48250|두곡로|15,48250|삼계동|1549,strict_full_lot,False,
48250,삼정동,98-1,광명타운,광명타운,,,TRADE_DE06B6499BE7,unmatched,0.0,0.0,0,48250|활천로47번길|3,48250|삼정동|98-1,strict_full_lot,True,
48250,삼정동,634-7,샛별그랜드빌,샛별그랜드빌,,,TRADE_90343176A49D,unmatched,0.0,0.0,0,48250|인제로51번길|50,48250|삼정동|634-7,strict_full_lot,True,
48250,지내동,67-2,성민빌라,성민빌라,,,TRADE_EF096E7CA0E1,unmatched,0.0,0.0,0,48250|김해대로2715번길|14-1,48250|지내동|67-2,strict_full_lot,True,
48250,진영읍진영리,345-6,대건101동,대건101동,,,TRADE_3CBE49F83770,unmatched,0.0,0.0,0,48250|진영로|88-18,48250|진영읍진영리|345-6,strict_full_lot,True,
48330,하북면순지리,673-1,송원월드타워,송원월드타워,,,TRADE_4BFE6466A5E5,unmatched,0.0,0.0,0,48330|신평5길|3,48330|하북면순지리|673-1,strict_full_lot,True,
26170,좌천동,784-3,좌천현대,좌천현대,,,TRADE_8756263E0E81,unmatched,0.0,33.333333333333336,5,26170|증산로|95,26170|좌천동|784-3,standard,True,
26170,초량동,723,초량베스티움센트럴베이,초량베스티움센트럴베이,초량베스티움센트럴베이,A10024393,A10024393,road_address_exact,100.0,100.0,1,26170|홍곡로|37,26170|초량동|723,standard,False,
26200,대평동1가,94,태림맨션,태림맨션(94-0),,,TRADE_4AF303AB4B2A,unmatched,0.0,0.0,1,26200|대평로|15,26200|대평동1가|94,standard,True,
26230,부암동,80-7,서면지원더뷰파크,서면지원더뷰파크,서면지원더뷰파크아파트,A10024194,A10024194,road_legal_address_exact,100.0,100.0,1,26230|새싹로|99,26230|부암동|80-7,standard,False,
26230,당감동,623-2,동남주상복합,동남주상복합,,,TRADE_FE1B3F77D36A,unmatched,0.0,16.666666666666664,17,26230|백양순환로|9,26230|당감동|623-2,standard,True,
26290,감만동,73-209,동성아트a,동성아트A,,,TRADE_FB36773A293B,unmatched,0.0,33.333333333333336,9,26290|우암로70번길|45,26290|감만동|73-209,standard,True,
26290,대연동,281-11,은하,은하,,,TRADE_E1060FB1F1CE,unmatched,0.0,25.0,33,26290|못골번영로66번길|55,26290|대연동|281-11,standard,True,
26380,신평동,674,사하코오롱하늘채,사하코오롱하늘채,사하코오롱하늘채아파트,A10023928,A10023928,road_legal_address_exact,100.0,100.0,1,26380|신산북로|41,26380|신평동|674,standard,False,
26380,괴정동,906-1,화목하이츠빌,화목하이츠빌,,,TRADE_602DB6E47F94,unmatched,0.0,54.54545454545454,29,26380|낙동대로244번길|1,26380|괴정동|906-1,standard,True,
26380,하단동,515,동산,동산,,,TRADE_B9E1FECE04A8,unmatched,0.0,0.0,12,26380|하신번영로300번길|90,26380|하단동|515,standard,True,
26410,구서동,1005-3,세진에버그린b동,세진에버그린B동,,,TRADE_0070D9F696D7,unmatched,0.0,28.57142857142857,25,26410|금샘로|447,26410|구서동|1005-3,standard,True,
26440,대저1동,1728-1,우창팰리스,우창팰리스,,,TRADE_75253573B3C2,unmatched,0.0,0.0,0,26440|낙동북로187번길|10,26440|대저1동|1728-1,standard,True,
26470,연산동,469-15,대동레미안,대동레미안,,,TRADE_06CFDF42528E,unmatched,0.0,25.0,65,26470|과정로|168,26470|연산동|469-15,standard,True,
26500,광안동,1078-3,토명비취빌,토명비취빌,,,TRADE_8E1047F6A21F,unmatched,0.0,22.22222222222222,22,26500|광서로10번길|24,26500|광안동|1078-3,standard,True,
48250,풍유동,37-3,청담102동,청담102동,,,TRADE_9F0C93AE1E11,unmatched,0.0,0.0,0,48250|흥동로|21,48250|풍유동|37-3,strict_full_lot,True,
48250,봉황동,126,그린,그린,,,TRADE_211488039165,unmatched,0.0,0.0,0,48250|가야의길|34,48250|봉황동|126,strict_full_lot,True,
48250,어방동,1113-12,삼덕빌라,삼덕빌라,,,TRADE_4F1E0F5E55A0,unmatched,0.0,0.0,0,48250|인제로11번길|12-17,48250|어방동|1113-12,strict_full_lot,True,
48250,삼정동,88-8,대정엘리시아,대정엘리시아,,,TRADE_E41445915C70,unmatched,0.0,0.0,0,48250|활천로|61,48250|삼정동|88-8,strict_full_lot,True,
48250,풍유동,37,청담103동,청담103동,,,TRADE_9FC12E76FDF5,unmatched,0.0,0.0,0,48250|흥동로|19,48250|풍유동|37,strict_full_lot,True,
48250,삼정동,648-8,성우메르빌,성우메르빌,,,TRADE_9159B9394830,unmatched,0.0,0.0,0,48250|인제로25번길|44,48250|삼정동|648-8,strict_full_lot,True,
48330,명동,704-15,우진빌리지1차,우진빌리지1차,,,TRADE_46415D152141,unmatched,0.0,0.0,0,48330|외홈5길|20,48330|명동|704-15,strict_full_lot,True,
48330,물금읍가촌리,1272-4,양산물금사랑으로부영2단지,양산물금사랑으로부영2단지,양산물금 사랑으로 부영2단지 아파트,A10027723,A10027723,road_legal_address_exact,100.0,100.0,1,48330|청운로|131,48330|물금읍가촌리|1272-4,strict_full_lot,False,
48330,하북면초산리,285,금호빌라,금호빌라,,,TRADE_BB9FB2A50B85,unmatched,0.0,0.0,0,48330|초산1길|2,48330|하북면초산리|285,strict_full_lot,True,
48330,중부동,174,센트럴스타,센트럴스타,,,TRADE_7870D3D7089B,unmatched,0.0,0.0,0,48330|삼동2길|6,48330|중부동|174,strict_full_lot,True,
26200,동삼동,314-3,협성네오빌,협성네오빌,,,TRADE_47CDA4C23065,unmatched,0.0,15.384615384615385,23,26200|웃서발로94번길|1,26200|동삼동|314-3,standard,True,
26200,청학동,307-60,페로스빌,페로스빌,,,TRADE_2C2C9099337D,unmatched,0.0,19.999999999999996,9,26200|태종로|304,26200|청학동|307-60,standard,True,
26230,전포동,908,서면아이파크1단지,서면아이파크1단지,서면아이파크아파트,A10024602,A10024602,road_address_exact,100.0,80.0,1,26230|동성로|50,26230|전포동|908,standard,False,
26230,당감동,880-4,골든엠파이어,골든엠파이어,,,TRADE_DD6E2FAA28FD,unmatched,0.0,18.181818181818176,17,26230|신천대로|191,26230|당감동|880-4,standard,True,
26260,온천동,1426-9,glg스파타운,GLG스파타운,,,TRADE_D3F588FF4839,unmatched,0.0,33.333333333333336,42,26260|충렬대로100번길|12,26260|온천동|1426-9,standard,True,
26290,문현동,1250,대연양우내안애퍼스트,대연양우내안애퍼스트,대연양우내안애 아파트,A10023872,A10023872,road_address_exact,100.0,82.35294117647058,1,26290|수영로|117,26290|문현동|1250,standard,False,
26320,화명동,2270-5,아덴펜트하우스,아덴펜트하우스,,,TRADE_C7DC15AF59E8,unmatched,0.0,26.66666666666667,29,26320|화명대로|5,26320|화명동|2270-5,standard,True,
26350,중동,1476-1,동경빌라,동경빌라,,,TRADE_E2B4408B59E7,unmatched,0.0,36.36363636363637,29,26350|달맞이길117번나길|179,26350|중동|1476-1,standard,True,
26380,다대동,1201-1,광남하이츠빌b동,광남하이츠빌B동,,,TRADE_8FD76D50B364,unmatched,0.0,46.15384615384615,28,26380|다대로530번길|6,26380|다대동|1201-1,standard,True,
26380,괴정동,379-1,화성맨션,화성맨션,,,TRADE_48826ED82FF3,unmatched,0.0,54.54545454545454,29,26380|사리로8번길|14,26380|괴정동|379-1,standard,True,
26410,청룡동,631-11,대신빌라,대신빌라(631-11),,,TRADE_993DC0ACC63C,unmatched,0.0,16.666666666666664,4,26410|청룡로62번길|15-12,26410|청룡동|631-11,standard,True,
26410,장전동,521-95,광후빌리지,광후빌리지,,,TRADE_F2F1A8A361BF,unmatched,0.0,16.666666666666664,17,26410|금샘로|12,26410|장전동|521-95,standard,True,
26470,연산동,859-4,아림시티빌,아림시티빌,,,TRADE_BC4918285DD2,unmatched,0.0,36.36363636363637,65,26470|연제로9번길|9,26470|연산동|859-4,standard,True,
26470,연산동,1289-23,대양그린빌,대양그린빌,,,TRADE_DBE046DF5069,unmatched,0.0,54.54545454545454,65,26470|거제천로146번길|36,26470|연산동|1289-23,standard,True,
26470,연산동,1279-24,홍림빌리지,홍림빌리지,,,TRADE_DDA32D2C7FDD,unmatched,0.0,19.999999999999996,65,26470|거제천로146번길|55,26470|연산동|1279-24,standard,True,
26500,광안동,140-10,보람빌리지,보람빌리지,,,TRADE_2A1BBD4E3BA1,unmatched,0.0,18.181818181818176,22,26500|수영로600번길|19,26500|광안동|140-10,standard,True,
26500,남천동,556-20,남천세원수,남천세원수아파트,,,TRADE_07FF264442B4,unmatched,0.0,46.15384615384615,14,26500|황령대로497번길|19,26500|남천동|556-20,standard,True,
26710,기장읍대라리,148-1,금강로즈,금강로즈,,,TRADE_0A7D41DB2D42,unmatched,0.0,40.0,4,26710|차성로242번길|16,26710|기장읍대라리|148-1,standard,True,
48250,어방동,1101-4,동일궁전빌라,동일궁전빌라(1101-4),,,TRADE_B228470D4DF0,unmatched,0.0,0.0,0,48250|인제로65번길|28,48250|어방동|1101-4,strict_full_lot,True,
48250,부원동,168-4,에이케이,에이케이,,,TRADE_CA008F59E583,unmatched,0.0,0.0,0,48250|활천로15번길|6-7,48250|부원동|168-4,strict_full_lot,True,
48250,흥동,410-2,두산함박빌라트2차,두산함박빌라트2차,,,TRADE_CD43314650F0,unmatched,0.0,0.0,0,48250|전하로147번길|6-12,48250|흥동|410-2,strict_full_lot,True,
48250,어방동,505-2,화목궁전빌라6차,화목궁전빌라6차,,,TRADE_5E3F327B133E,unmatched,0.0,0.0,0,48250|활천로166번길|4,48250|어방동|505-2,strict_full_lot,True,
48330,물금읍가촌리,1272-1,양산물금사랑으로부영1단지,양산물금사랑으로부영1단지,양산 물금 부영 1단지 아파트,A10027724,A10027724,road_legal_address_exact,100.0,81.81818181818181,1,48330|물금로|134,48330|물금읍가촌리|1272-1,strict_full_lot,False,
26140,동대신동2가,1-46,로얄이스트,로얄이스트,,,TRADE_B04FBAB83A7F,unmatched,0.0,0.0,1,26140|중앙공원로|39,26140|동대신동2가|1-46,standard,True,
26140,서대신동3가,31-13,화인아트빌리지,화인아트빌리지,,,TRADE_7556908AF118,unmatched,0.0,0.0,8,26140|시약로|122,26140|서대신동3가|31-13,standard,True,
26200,영선동2가,67-1,청성,청성,,,TRADE_C1BD6346E923,unmatched,0.0,0.0,1,26200|영선대로|89,26200|영선동2가|67-1,standard,True,
26200,청학동,537,청학우성스마트시티뷰,청학우성스마트시티뷰,청학 우성 스마트시티 뷰 아파트,A10023733,A10023733,road_legal_address_exact,100.0,100.0,1,26200|태종로|405,26200|청학동|537,standard,False,
26230,양정동,7-12,샛별스위트,샛별스위트,,,TRADE_D74D594C9797,unmatched,0.0,28.57142857142857,13,26230|양연로6번길|12,26230|양정동|7-12,standard,True,
26230,전포동,661-2,예일프라자,예일프라자,,,TRADE_F28E1A121F72,unmatched,0.0,19.999999999999996,23,26230|서전로37번길|25-9,26230|전포동|661-2,standard,True,
26260,낙민동,214-3,대신탑스빌,대신탑스빌,,,TRADE_7930B6F73816,unmatched,0.0,22.22222222222222,13,26260|충렬대로272번길|32,26260|낙민동|214-3,standard,True,
26290,대연동,67-1,금보,금보,,,TRADE_64803AFCE080,unmatched,0.0,0.0,33,26290|수영로298번길|18,26290|대연동|67-1,standard,True,
26320,덕천동,337-7,미래프라임,미래프라임,,,TRADE_690A2749FBFF,unmatched,0.0,40.0,16,26320|의성로83번길|5,26320|덕천동|337-7,standard,True,
26320,덕천동,776-8,화목빌라,화목빌라(776-8),,,TRADE_C47CC0C79F1E,unmatched,0.0,22.22222222222222,16,26320|덕천로|149-1,26320|덕천동|776-8,standard,True,
26350,중동,1217,성완아이렉스원룸,성완아이렉스원룸,,,TRADE_830D70630C37,unmatched,0.0,30.76923076923077,29,26350|중동2로10번길|32-15,26350|중동|1217,standard,True,
26410,남산동,988-2,일신파크빌,일신파크빌,,,TRADE_51C8748C22A3,unmatched,0.0,16.666666666666664,8,26410|남산로|47,26410|남산동|988-2,standard,True,
26410,남산동,680-14,해성체르니2차,해성체르니아파트2차,,,TRADE_8F33AC20CBD7,unmatched,0.0,18.181818181818176,8,26410|금샘로578번길|50,26410|남산동|680-14,standard,True,
26470,연산동,469-20,영일아트빌,영일아트빌,,,TRADE_D97F7AA8AA97,unmatched,0.0,28.57142857142857,65,26470|과정로164번길|5,26470|연산동|469-20,standard,True,
26500,광안동,116-15,강산마을,강산마을,,,TRADE_D2D79D55DA7B,unmatched,0.0,0.0,22,26500|무학로9번길|7,26500|광안동|116-15,standard,True,
26500,광안동,1077-7,한솔,한솔,,,TRADE_ED7B49EE8167,unmatched,0.0,0.0,22,26500|광서로10번길|50,26500|광안동|1077-7,standard,True,
26530,모라동,1375-1,모라역베스티움더시티,모라역베스티움더시티,모라역 베스티움 더 시티,A10024394,A10024394,road_legal_address_exact,100.0,100.0,1,26530|모라로64번길|82,26530|모라동|1375-1,standard,False,
26530,엄궁동,165-18,선진무지개,선진무지개,,,TRADE_D7BCA49FC7C7,unmatched,0.0,18.181818181818176,12,26530|엄궁남로|9,26530|엄궁동|165-18,standard,True,
26710,기장읍대라리,148-7,테마파크빌3차,테마파크빌3차,,,TRADE_1601AC7CBA80,unmatched,0.0,16.666666666666664,4,26710|차성동로5번길|28,26710|기장읍대라리|148-7,standard,True,
48250,삼방동,172-7,이호스위트,이호스위트,,,TRADE_F2FEADB45CDC,unmatched,0.0,0.0,0,48250|활천로255번길|32-21,48250|삼방동|172-7,strict_full_lot,True,
48250,진영읍진영리,537,연합,연합(1동2동),,,TRADE_9879F76A5D86,unmatched,0.0,0.0,0,48250|진영로50번길|10,48250|진영읍진영리|537,strict_full_lot,True,
26110,보수동3가,61-36,동양빌라,동양빌라,,,TRADE_EE1082BD4718,unmatched,0.0,0.0,0,26110|흑교로59번길|20,26110|보수동3가|61-36,standard,True,
26140,서대신동2가,36-11,신우빌라,신우빌라,,,TRADE_C7EBE3DECA09,unmatched,0.0,16.666666666666664,3,26140|구덕로315번길|11,26140|서대신동2가|36-11,standard,True,
26170,수정동,248-36,모티더베스트빌,모티더베스트빌,,,TRADE_0AEDD7F07839,unmatched,0.0,11.764705882352944,3,26170|수정동로16번길|9,26170|수정동|248-36,standard,True,
26200,대교동1가,176,어반젠트리,어반젠트리,,,TRADE_E1E9A8FCB9E4,unmatched,0.0,0.0,1,26200|태종로65번길|8,26200|대교동1가|176,standard,True,
26200,남항동2가,253-20,골든에이지,골든에이지,,,TRADE_7C67617A9434,unmatched,0.0,0.0,0,26200|남항로|32-5,26200|남항동2가|253-20,standard,True,
26260,온천동,1378-8,청수하이빌,청수하이빌,,,TRADE_AE82D09D6B60,unmatched,0.0,19.999999999999996,42,26260|미남로|91,26260|온천동|1378-8,standard,True,
26260,온천동,361-8,태건아트빌,태건아트빌,,,TRADE_9F70E5E4D357,unmatched,0.0,23.529411764705888,42,26260|우장춘로74번길|11,26260|온천동|361-8,standard,True,
26260,온천동,1307,한사랑빌라,한사랑빌라,,,TRADE_DB48372CA9ED,unmatched,0.0,50.0,42,26260|아시아드대로255번길|37,26260|온천동|1307,standard,True,
26260,온천동,189-112,일성아이앤유,일성아이앤유,,,TRADE_1E070744E72A,unmatched,0.0,50.0,42,26260|차밭골로24번길|24,26260|온천동|189-112,standard,True,
26290,감만동,73-210,동성아트b,동성아트B,,,TRADE_90DDC6E358F8,unmatched,0.0,33.333333333333336,9,26290|우암로70번길|49,26290|감만동|73-210,standard,True,
26320,구포동,676-3,금강빌리지,금강빌리지,,,TRADE_EC38E84A3C80,unmatched,0.0,18.181818181818176,22,26320|모분재로|28,26320|구포동|676-3,standard,True,
26320,덕천동,384-10,대원,대원,,,TRADE_61CBD2E39EF1,unmatched,0.0,33.333333333333336,16,26320|덕천1길|83,26320|덕천동|384-10,standard,True,
26380,감천동,296-44,신도,신도,,,TRADE_8EF0B7A7D8D7,unmatched,0.0,0.0,10,26380|감천로|207,26380|감천동|296-44,standard,True,
26380,하단동,502-12,이한,이한,,,TRADE_150AB6231E0A,unmatched,0.0,33.333333333333336,12,26380|하신번영로320번길|9,26380|하단동|502-12,standard,True,
26410,부곡동,64-11,해마루3,해마루3,,,TRADE_FCE3EAB6B5F9,unmatched,0.0,19.999999999999996,27,26410|중앙대로1763번길|36-26,26410|부곡동|64-11,standard,True,
26410,부곡동,396-35,행운빌라트,행운빌라트,,,TRADE_F1E1C44B97ED,unmatched,0.0,19.999999999999996,27,26410|부곡로18번안길|23,26410|부곡동|396-35,standard,True,
26470,연산동,1299-7,리벤빌라,리벤빌라,,,TRADE_088633A2D047,unmatched,0.0,22.22222222222222,65,26470|거제천로136번길|30,26470|연산동|1299-7,standard,True,
26470,거제동,491-14,우정하이츠빌라,우정하이츠빌라(491-14),,,TRADE_30D87E17DF04,unmatched,0.0,42.85714285714286,41,26470|거제대로178번길|18,26470|거제동|491-14,standard,True,
26470,거제동,114-9,우성로얄,우성로얄,,,TRADE_FB4C70EACA84,unmatched,0.0,50.0,41,26470|교대로22번길|39,26470|거제동|114-9,standard,True,
26500,민락동,181-79,광안kcc스위첸하버뷰,광안KCC스위첸하버뷰,광안KCC스위첸하버뷰,A10023958,A10023958,legal_address_exact,100.0,100.0,1,26500|민락수변로|49,26500|민락동|181-79,standard,False,
26500,민락동,32-8,병산프리덤,병산프리덤,,,TRADE_98C071185655,unmatched,0.0,15.384615384615385,13,26500|민락본동로27번길|64,26500|민락동|32-8,standard,True,
26710,기장읍대라리,141-3,페리b동,페리B동,,,TRADE_DAB067067C8F,unmatched,0.0,0.0,4,26710|차성동로25번길|29,26710|기장읍대라리|141-3,standard,True,
48250,화목동,487-3,화목어울림,화목어울림,,,TRADE_F86CC113845C,unmatched,0.0,0.0,0,48250|칠산로361번길|8-19,48250|화목동|487-3,strict_full_lot,True,
48250,안동,333-16,한효가든맨션101동,한효가든맨션101동,,,TRADE_D4DB8087871C,unmatched,0.0,0.0,0,48250|삼안로112번길|10-3,48250|안동|333-16,strict_full_lot,True,
48250,삼정동,649-5,궁전아트빌,궁전아트빌,,,TRADE_9EFECB946A0C,unmatched,0.0,0.0,0,48250|인제로25번길|38,48250|삼정동|649-5,strict_full_lot,True,
48250,삼정동,652-9,동주빌리지,동주빌리지,,,TRADE_A3FF671047A4,unmatched,0.0,0.0,0,48250|분성로512번길|51,48250|삼정동|652-9,strict_full_lot,True,
26140,암남동,457-1,청탑그린빌라,청탑그린빌라,,,TRADE_D7BC8693D8E8,unmatched,0.0,36.36363636363637,14,26140|암남로58번길|10,26140|암남동|457-1,standard,True,
26140,서대신동3가,36-7,대신빌라,대신빌라,,,TRADE_6F303777E569,unmatched,0.0,50.0,8,26140|보수대로|321,26140|서대신동3가|36-7,standard,True,
26140,부민동3가,34-10,장산스위트홈,장산스위트홈,,,TRADE_C9C3FFDC8710,unmatched,0.0,0.0,1,26140|임시수도기념로|29-8,26140|부민동3가|34-10,standard,True,
26140,서대신동2가,47,대신메트로빌,대신메트로빌,,,TRADE_A1C8C492D7FF,unmatched,0.0,42.85714285714286,3,26140|대영로45번길|26,26140|서대신동2가|47,standard,True,
26170,범일동,1486-16,아름빌102동,아름빌102동,,,TRADE_CD155D5B7E58,unmatched,0.0,0.0,9,26170|망양로|944,26170|범일동|1486-16,standard,True,
26200,영선동2가,71-1,남항동썬플라자,남항동썬플라자,,,TRADE_2B6527C7EF5F,unmatched,0.0,14.28571428571429,1,26200|영선대로|95,26200|영선동2가|71-1,standard,True,
26200,영선동2가,36,청송,청송,,,TRADE_254ECD6B53A7,unmatched,0.0,0.0,1,26200|절영로93번길|32-6,26200|영선동2가|36,standard,True,
26230,개금동,524-4,남경하이빌,남경하이빌,,,TRADE_7F0FBED5A873,unmatched,0.0,19.999999999999996,23,26230|복지로8번길|11,26230|개금동|524-4,standard,True,
26230,부전동,410-13,뜨락,뜨락,,,TRADE_AEBEA6C2C4E6,unmatched,0.0,0.0,7,26230|가야대로755번길|67-8,26230|부전동|410-13,standard,True,
26230,초읍동,182-3,한일하나로,한일하나로,,,TRADE_63DE4FB98697,unmatched,0.0,22.22222222222222,10,26230|성지로114번길|14,26230|초읍동|182-3,standard,True,
26230,범천동,847-2,서면스위트엠골드에비뉴,서면스위트엠골드에비뉴,서면 스위트엠골드에비뉴,A10023796,A10023796,road_legal_address_exact,100.0,100.0,1,26230|범일로|158,26230|범천동|847-2,standard,False,
26230,초읍동,277-8,일신파크빌,일신파크빌,,,TRADE_D73D51B316D2,unmatched,0.0,26.66666666666667,10,26230|성지로153번길|68,26230|초읍동|277-8,standard,True,
26260,온천동,204-3,삼오에펠빌리지,삼오에펠빌리지,,,TRADE_DFB799CC45D5,unmatched,0.0,26.66666666666667,42,26260|차밭골로50번가길|4,26260|온천동|204-3,standard,True,
26290,대연동,877-6,대호,대호(877-6),,,TRADE_B9FC97FCBA7A,unmatched,0.0,33.333333333333336,33,26290|용소로64번길|135,26290|대연동|877-6,standard,True,
26290,대연동,882-19,글로리성보빌라트,글로리성보빌라트,,,TRADE_4BDAEC242220,unmatched,0.0,28.57142857142857,33,26290|유엔평화로41번길|8,26290|대연동|882-19,standard,True,
26320,덕천동,451-2,동주광명맨션나동,동주광명맨션나동,,,TRADE_762248AAAF05,unmatched,0.0,28.57142857142857,16,26320|의성로128번길|33,26320|덕천동|451-2,standard,True,
26350,중동,1554-3,정목까사,정목까사,,,TRADE_202274B59A99,unmatched,0.0,15.384615384615385,29,26350|해운대로|677,26350|중동|1554-3,standard,True,
26380,괴정동,352-27,태평양프린스,태평양프린스,,,TRADE_FBA125C38AC2,unmatched,0.0,22.22222222222222,29,26380|오작로|104-4,26380|괴정동|352-27,standard,True,
26380,하단동,596-7,성우파크,성우파크,,,TRADE_C4BCE66EA4CE,unmatched,0.0,25.0,12,26380|낙동남로|1386,26380|하단동|596-7,standard,True,
26380,다대동,857-1,금천베스트원,금천베스트원,,,TRADE_C79CA50709F9,unmatched,0.0,25.0,28,26380|다대로543번길|17-3,26380|다대동|857-1,standard,True,
26410,남산동,16-8,석산4,석산4,,,TRADE_74CF3C26DFF0,unmatched,0.0,28.57142857142857,8,26410|팔송로24번길|10,26410|남산동|16-8,standard,True,
26410,남산동,984-3,동보5차,동보5차,,,TRADE_B7E39DD9DDEC,unmatched,0.0,22.22222222222222,8,26410|팔송로53번길|99,26410|남산동|984-3,standard,True,
26410,장전동,501-76,금강빌라,금강빌라,,,TRADE_26E6100F2F51,unmatched,0.0,25.0,17,26410|금샘로|46-22,26410|장전동|501-76,standard,True,
26410,구서동,199-8,삼화빌라,삼화빌라,,,TRADE_0313308B025D,unmatched,0.0,19.999999999999996,25,26410|안뜰로|17,26410|구서동|199-8,standard,True,
26470,연산동,1262-8,보성하이츠빌라2차,보성하이츠빌라2차,,,TRADE_97FDD5699FE1,unmatched,0.0,42.85714285714286,65,26470|중앙천로80번길|30,26470|연산동|1262-8,standard,True,
26470,연산동,469-38,삼주카라빌,삼주카라빌,,,TRADE_5FB66D3632E9,unmatched,0.0,22.22222222222222,65,26470|고분로235번길|45,26470|연산동|469-38,standard,True,
26470,거제동,1470-13,부원골드빌,부원골드빌,,,TRADE_45C396142219,unmatched,0.0,22.22222222222222,41,26470|거제천로225번길|19,26470|거제동|1470-13,standard,True,
26470,거제동,242-23,국제,국제,,,TRADE_18B8A4C25539,unmatched,0.0,33.333333333333336,41,26470|중앙대로1235번길|23-6,26470|거제동|242-23,standard,True,
26470,연산동,469-12,뉴리버빌,뉴리버빌,,,TRADE_B266FD673D6D,unmatched,0.0,36.36363636363637,65,26470|고분로235번길|43,26470|연산동|469-12,standard,True,
26500,광안동,74-5,광안스윗팰리스,광안스윗팰리스,,,TRADE_054C286F3796,unmatched,0.0,46.15384615384615,22,26500|무학로9번길|105,26500|광안동|74-5,standard,True,
26500,광안동,202-1,광일,광일,,,TRADE_B4CB3B7F0579,unmatched,0.0,50.0,22,26500|광남로94번길|2,26500|광안동|202-1,standard,True,
48250,풍유동,70-11,가야그린빌,가야그린빌(70-11),,,TRADE_7B54F3BFC1D0,unmatched,0.0,0.0,0,48250|전하로13번길|10-13,48250|풍유동|70-11,strict_full_lot,True,
48250,삼정동,641-12,청구이트,청구이트,,,TRADE_B1C20A1E5BD3,unmatched,0.0,0.0,0,48250|김해대로2505번길|46,48250|삼정동|641-12,strict_full_lot,True,
48250,흥동,418-9,한빛빌라5차,한빛빌라5차,,,TRADE_1E77C32A531A,unmatched,0.0,0.0,0,48250|흥동로|162,48250|흥동|418-9,strict_full_lot,True,
48330,물금읍가촌리,553-5,중앙로얄빌리지,중앙로얄빌리지,,,TRADE_D7DB42ED54F9,unmatched,0.0,0.0,0,48330|가촌서8길|16,48330|물금읍가촌리|553-5,strict_full_lot,True,
26140,서대신동1가,35-3,에메랄드21,에메랄드21,,,TRADE_5F9B3FE53993,unmatched,0.0,0.0,1,26140|구덕로265번길|14-5,26140|서대신동1가|35-3,standard,True,
26170,범일동,830-62,범일역삼정그린코아더시티,범일역삼정그린코아더시티,,,TRADE_96C3ADB9F054,unmatched,0.0,33.333333333333336,9,26170|범일로90번길|17,26170|범일동|830-62,standard,True,
26200,동삼동,1180,부산오션시티푸르지오,부산오션시티푸르지오,부산오션시티푸르지오,A10023837,A10023837,road_legal_address_exact,100.0,100.0,1,26200|동삼오션로|30,26200|동삼동|1180,standard,False,
26230,초읍동,288-2,성지그린빌,성지그린빌,,,TRADE_E7C415F11093,unmatched,0.0,40.0,10,26230|성지로153번길|34,26230|초읍동|288-2,standard,True,
26230,개금동,167-5,모닝빌라트,모닝빌라트,,,TRADE_033C951161D3,unmatched,0.0,19.999999999999996,23,26230|가야대로492번길|22,26230|개금동|167-5,standard,True,
26230,개금동,171-59,삼경,삼경,,,TRADE_219793BDAB42,unmatched,0.0,33.333333333333336,23,26230|복지로21번길|46,26230|개금동|171-59,standard,True,
26260,온천동,151-22,금강빌,금강빌,,,TRADE_132656BD7CDF,unmatched,0.0,18.181818181818176,42,26260|온천장로125번길|9-13,26260|온천동|151-22,standard,True,
26350,송정동,440-1,라온힐즈,라온힐즈,,,TRADE_2C2C3A3E55B7,unmatched,0.0,15.384615384615385,5,26350|송정광어골로82번길|85-16,26350|송정동|440-1,standard,True,
26410,청룡동,45-2,금정더유엘프리미어,금정더유엘프리미어,금정더유엘프리미엄,A10020637,A10020637,road_legal_address_exact,100.0,88.88888888888889,1,26410|청룡로|42,26410|청룡동|45-2,standard,False,
26500,광안동,195-9,경동리인,경동리인,광안경동리인,A10023518,A10023518,legal_address_exact,100.0,80.0,1,26500|광남로|122,26500|광안동|195-9,standard,False,
26500,광안동,777-1,광안동일빌라,광안동일빌라,,,TRADE_1E39B05EBFE7,unmatched,0.0,61.53846153846154,22,26500|수영로521번가길|17,26500|광안동|777-1,standard,True,
26500,광안동,498-3,대곡타워,대곡타워,,,TRADE_3039EF6DD911,unmatched,0.0,16.666666666666664,22,26500|광일로20번가길|10,26500|광안동|498-3,standard,True,
26710,일광읍삼성리,36-4,삼양비치빌라활어센타,삼양비치빌라.활어센타,,,TRADE_3A069B072866,unmatched,0.0,18.181818181818176,11,26710|삼성2길|6,26710|일광읍삼성리|36-4,standard,True,
26710,기장읍교리,360-2,원재아트빌,원재아트빌,,,TRADE_E331A9290EB4,unmatched,0.0,14.28571428571429,7,26710|차성동로178번길|22,26710|기장읍교리|360-2,standard,True,
48250,삼정동,652-13,샛별아트힐,샛별아트힐,,,TRADE_2D9436428B4B,unmatched,0.0,0.0,0,48250|분성로512번길|41,48250|삼정동|652-13,strict_full_lot,True,
48250,내동,121-2,연지공원푸르지오,연지공원푸르지오,연지공원푸르지오아파트,A10023873,A10023873,road_legal_address_exact,100.0,100.0,1,48250|금관대로|1407,48250|내동|121-2,strict_full_lot,False,
26140,암남동,775,힐스테이트이진베이시티,힐스테이트이진베이시티아파트,힐스테이트이진베이시티,A10023790,A10023790,road_address_exact,100.0,100.0,1,26140|송도해변로|192,26140|암남동|775,standard,False,
26170,수정동,609-1,필우빌라맨션,필우빌라맨션,,,TRADE_B88398ACC4EA,unmatched,0.0,11.111111111111116,3,26170|수성로|2-1,26170|수정동|609-1,standard,True,
26230,개금동,9-2,성도주택,성도주택,,,TRADE_E525596104C2,unmatched,0.0,50.0,23,26230|개금본동로22번길|24,26230|개금동|9-2,standard,True,
26260,온천동,1378-7,혜성파크빌,혜성파크빌,,,TRADE_781B4BAC2ABE,unmatched,0.0,28.57142857142857,42,26260|미남로|93-2,26260|온천동|1378-7,standard,True,
26320,만덕동,963,백양산베스티움에코포레,백양산베스티움에코포레,백양산 베스티움에코포레,A10023725,A10023725,road_address_exact,100.0,100.0,1,26320|상리로|86,26320|만덕동|963,standard,False,
26350,우동,391-35,동경위너스빌라,동경위너스빌라,,,TRADE_E9D717CF96CC,unmatched,0.0,30.76923076923077,49,26350|우동2로60번길|26,26350|우동|391-35,standard,True,
26380,신평동,19-15,그리심힐102,그리심힐102,,,TRADE_0590F82D4E2A,unmatched,0.0,14.28571428571429,15,26380|다대로|91,26380|신평동|19-15,standard,True,
26410,부곡동,338-3,희재하이빌,희재하이빌,,,TRADE_8F4FF98426FD,unmatched,0.0,15.384615384615385,27,26410|서동로5번길|41,26410|부곡동|338-3,standard,True,
26410,서동,204-4,서동동국에버리치,서동동국에버리치,,,TRADE_19514AA98466,unmatched,0.0,33.333333333333336,4,26410|금사로|12,26410|서동|204-4,standard,True,
26470,연산동,711-10,로터스빌리지,로터스빌리지,,,TRADE_9B7C513B5FB7,unmatched,0.0,36.36363636363637,65,26470|중앙대로1076번길|45,26470|연산동|711-10,standard,True,
48250,어방동,502-5,칠호아트빌라,칠호아트빌라,,,TRADE_4B1F48D49062,unmatched,0.0,0.0,0,48250|활천로202번길|25,48250|어방동|502-5,strict_full_lot,True,
48330,동면내송리,903,사송더샵데시앙3단지,사송더샵데시앙3단지,,,TRADE_D690A875A91B,unmatched,0.0,0.0,0,48330|내송큰들로|107,48330|동면내송리|903,strict_full_lot,True,
26110,대창동1가,54-25,,(54-25),,,TRADE_A79D76D88E25,unmatched,0.0,0.0,1,26110|동광길|134,26110|대창동1가|54-25,standard,True,
26140,부용동1가,12-6,대근아트,대근아트,,,TRADE_E508FF584514,unmatched,0.0,0.0,1,26140|구덕로250번길|13,26140|부용동1가|12-6,standard,True,
26140,동대신동3가,355-1,타워별장,타워별장,,,TRADE_ED1381B71A6D,unmatched,0.0,0.0,3,26140|구덕로334번길|26,26140|동대신동3가|355-1,standard,True,
26170,초량동,1056-7,선빌오피스텔,선빌오피스텔,,,TRADE_CC442C5DF4A2,unmatched,0.0,14.28571428571429,10,26170|초량중로33번길|3,26170|초량동|1056-7,standard,True,
26230,부전동,532-9,에스엔디파인빌,에스엔디파인빌,,,TRADE_A2EC34833E46,unmatched,0.0,18.181818181818176,7,26230|부전로|7,26230|부전동|532-9,standard,True,
26230,범천동,1652,e편한세상서면더센트럴,e편한세상서면더센트럴,e편한세상 서면 더센트럴,A10023750,A10023750,road_address_exact,100.0,100.0,1,26230|신암로|133,26230|범천동|1652,standard,False,
26290,대연동,1736-2,금양빌리지,금양빌리지(1736-2),,,TRADE_075308B6C129,unmatched,0.0,18.181818181818176,33,26290|유엔평화로17번길|16,26290|대연동|1736-2,standard,True,
26320,덕천동,817,포레나부산덕천1차,포레나부산덕천1차,포레나부산덕천아파트,A10023684,A10023684,road_address_exact,100.0,87.5,1,26320|만덕대로|81,26320|덕천동|817,standard,False,
26350,중동,1492-17,대림힐빌라,대림힐빌라,,,TRADE_2C159129694B,unmatched,0.0,30.76923076923077,29,26350|달맞이길117번가길|117,26350|중동|1492-17,standard,True,
26410,남산동,105-13,건흥,건흥,,,TRADE_A06270190971,unmatched,0.0,0.0,8,26410|중앙대로2035번길|12,26410|남산동|105-13,standard,True,
26470,연산동,1310-7,홍림써니빌,홍림써니빌,,,TRADE_889FA4797060,unmatched,0.0,19.999999999999996,65,26470|중앙대로1056번길|10,26470|연산동|1310-7,standard,True,
26500,남천동,599,더샵남천프레스티지,더샵남천프레스티지,더샵남천프레스티지아파트,A10023607,A10023607,road_legal_address_exact,100.0,100.0,1,26500|수영로|389,26500|남천동|599,standard,False,
26500,민락동,162-19,현명빌라,현명빌라,,,TRADE_0AF2B2BF9D0F,unmatched,0.0,18.181818181818176,13,26500|민락로34번길|5,26500|민락동|162-19,standard,True,
26500,광안동,90-66,명산아트빌,명산아트빌,,,TRADE_56D44998CC2C,unmatched,0.0,28.57142857142857,22,26500|무학로21번길|83,26500|광안동|90-66,standard,True,
48250,부원동,87,대림팰리스,대림팰리스,,,TRADE_13CCCD5C9D03,unmatched,0.0,0.0,0,48250|호계로438번길|29-12,48250|부원동|87,strict_full_lot,True,
26200,남항동1가,116-23,골든팰리스,골든팰리스,,,TRADE_D60516D065D2,unmatched,0.0,0.0,1,26200|남항로19번길|17,26200|남항동1가|116-23,standard,True,
26200,영선동3가,17,영선궁전빌라,영선궁전빌라,,,TRADE_3E235233931B,unmatched,0.0,0.0,0,26200|절영로93번길|8-15,26200|영선동3가|17,standard,True,
26230,연지동,250-76,래미안어반파크,래미안어반파크아파트,래미안 어반파크,A10023616,A10023616,road_legal_address_exact,100.0,100.0,1,26230|성지로|37,26230|연지동|250-76,standard,False,
26260,온천동,1410-16,센텀빌,센텀빌,,,TRADE_25E41FB1F482,unmatched,0.0,18.181818181818176,42,26260|아시아드대로208번길|17,26260|온천동|1410-16,standard,True,
26320,만덕동,962,이편한세상금정산,이편한세상금정산,e편한세상 금정산 아파트,A10024318,A10024318,road_address_exact,100.0,87.5,1,26320|상학로|36,26320|만덕동|962,standard,False,
26380,하단동,517-36,영림더채움,영림더채움,,,TRADE_EDD80C5CDDD3,unmatched,0.0,22.22222222222222,12,26380|낙동남로1373번길|18-5,26380|하단동|517-36,standard,True,
26530,괘법동,583-2,일자맨션,일자맨션,,,TRADE_A6CB8DEC8214,unmatched,0.0,0.0,11,26530|사상로181번길|79,26530|괘법동|583-2,standard,True,
26710,기장읍대라리,169-1,태윤리더스,태윤리더스,,,TRADE_138C50F07DED,unmatched,0.0,19.999999999999996,4,26710|대청로|46-3,26710|기장읍대라리|169-1,standard,True,
26710,기장읍동부리,117-3,진동선빌리지,진동선빌리지,,,TRADE_D2D45EB38A33,unmatched,0.0,33.333333333333336,4,26710|차성로|327-10,26710|기장읍동부리|117-3,standard,True,
48250,흥동,408-2,휴먼팰리스,휴먼팰리스,,,TRADE_16D7E4C9DB4F,unmatched,0.0,0.0,0,48250|전하로133번길|6-8,48250|흥동|408-2,strict_full_lot,True,
48250,어방동,345-2,한빛빌라,한빛빌라,,,TRADE_B5D28A564380,unmatched,0.0,0.0,0,48250|분성로501번길|43-12,48250|어방동|345-2,strict_full_lot,True,
48330,삼호동,994-1,동서,동서,,,TRADE_E595DCF663EC,unmatched,0.0,0.0,0,48330|서창동1길|18,48330|삼호동|994-1,strict_full_lot,True,
48330,북부동,258,동원아트빌,동원아트빌,,,TRADE_17C5100A0DC4,unmatched,0.0,0.0,0,48330|희망1길|24-1,48330|북부동|258,strict_full_lot,True,
26320,화명동,263-3,해림비이동,해림아파트비이동,,,TRADE_999EACA68604,unmatched,0.0,26.66666666666667,29,26320|대천천길|91-19,26320|화명동|263-3,standard,True,
26350,반여동,1691,센텀kcc스위첸,센텀KCC스위첸,센텀KCC스위첸아파트,A10023647,A10023647,road_address_exact,100.0,100.0,1,26350|반여로|42,26350|반여동|1691,standard,False,
26500,광안동,153-41,광안비치빌리지,광안비치빌리지(101),,,TRADE_1E113CD0EA9B,unmatched,0.0,66.66666666666667,22,26500|광안로45번길|2,26500|광안동|153-41,standard,True,
48250,삼정동,11-6,그린힐빌라,그린힐빌라Ⅱ,,,TRADE_B216402136D9,unmatched,0.0,0.0,0,48250|가야로405번길|148,48250|삼정동|11-6,strict_full_lot,True,
48250,부원동,65-3,경동,경동,,,TRADE_1ADE5DBB3A3E,unmatched,0.0,0.0,0,48250|김해대로2385번길|45,48250|부원동|65-3,strict_full_lot,True,
48250,삼정동,70-9,드림캐슬,드림캐슬,,,TRADE_641C3471F33B,unmatched,0.0,0.0,0,48250|활천로74번길|29,48250|삼정동|70-9,strict_full_lot,True,
48250,흥동,392-7,선경빌라,선경빌라,,,TRADE_38F46CEDE151,unmatched,0.0,0.0,0,48250|전하로133번길|6-19,48250|흥동|392-7,strict_full_lot,True,
48250,삼정동,650-1,샛별빌라트,샛별빌라트,,,TRADE_DBE251867ABA,unmatched,0.0,0.0,0,48250|김해대로2517번길|37,48250|삼정동|650-1,strict_full_lot,True,
26140,충무동1가,29-8,충무6차에코팰리스,충무6차에코팰리스,,,TRADE_0867EFFFDB73,unmatched,0.0,0.0,0,26140|충무시장길|34,26140|충무동1가|29-8,standard,True,
26140,토성동3가,15-5,건한,건한,,,TRADE_6C9B3D60449F,unmatched,0.0,0.0,0,26140|까치고개로|226,26140|토성동3가|15-5,standard,True,
26200,동삼동,213-19,조은아크로빌,조은아크로빌,,,TRADE_583FC8CBF91F,unmatched,0.0,18.181818181818176,23,26200|태종로|519,26200|동삼동|213-19,standard,True,
26230,개금동,171-95,gk하늘숲,GK하늘숲,,,TRADE_321C69CF554C,unmatched,0.0,19.999999999999996,23,26230|가야대로|476-10,26230|개금동|171-95,standard,True,
26230,전포동,924,서면아이파크2단지,서면아이파크2단지,서면아이파크아파트,A10024602,A10024602,road_address_exact,100.0,80.0,1,26230|동성로|50,26230|전포동|924,standard,False,
26260,명륜동,338-2,한우리아트빌,한우리아트빌,,,TRADE_6A54A63984F0,unmatched,0.0,19.999999999999996,12,26260|충렬대로237번길|114,26260|명륜동|338-2,standard,True,
26290,우암동,266,이안오션파크w,이안오션파크W,이안오션파크W,A10023711,A10023711,road_legal_address_exact,100.0,100.0,1,26290|우암로154번길|25,26290|우암동|266,standard,False,
26320,화명동,2342,화명플리체비스타동원,화명플리체비스타동원,화명플리체비스타동원아파트,A10023708,A10023708,road_address_exact,100.0,100.0,1,26320|대천천길|109,26320|화명동|2342,standard,False,
26350,송정동,182-8,대원하이츠1차,대원하이츠1차,,,TRADE_40C5604EBAE7,unmatched,0.0,25.0,5,26350|송정중앙로9번길|72-3,26350|송정동|182-8,standard,True,
26530,괘법동,984,센트럴스타힐스,센트럴스타힐스,센트럴 스타힐스,A10023544,A10023544,road_address_exact,100.0,100.0,1,26530|사상로223번길|23,26530|괘법동|984,standard,False,
26530,주례동,1231-30,자연아트빌,자연아트빌,,,TRADE_BB6FB4094248,unmatched,0.0,16.666666666666664,23,26530|주감로|168,26530|주례동|1231-30,standard,True,
26530,감전동,262-1,한주,한주,,,TRADE_CB7E2C13EEF5,unmatched,0.0,0.0,2,26530|백양대로572번길|17-21,26530|감전동|262-1,standard,True,
26710,기장읍청강리,868,웨이브리즈,웨이브리즈,웨이브리즈아파트,A10023692,A10023692,road_address_exact,100.0,100.0,1,26710|대변로|43,26710|기장읍청강리|868,standard,False,
26710,기장읍대라리,269-3,삼흥빌라,삼흥빌라,,,TRADE_FB7DF34C9AC7,unmatched,0.0,22.22222222222222,4,26710|차성동로|3,26710|기장읍대라리|269-3,standard,True,
48250,진영읍진영리,1541,수홍하이랜드3차,수홍하이랜드3차,,,TRADE_BA30FB340CE6,unmatched,0.0,0.0,0,48250|김해대로332번길|37-9,48250|진영읍진영리|1541,strict_full_lot,True,
26410,청룡동,43-15,한양탑스빌,한양탑스빌,,,TRADE_37CFA411416F,unmatched,0.0,15.384615384615385,4,26410|청룡로34번길|30,26410|청룡동|43-15,standard,True,
26470,연산동,705-36,중앙하이츠,중앙하이츠,,,TRADE_E5488CB7EEF2,unmatched,0.0,40.0,65,26470|중앙대로1066번길|15,26470|연산동|705-36,standard,True,
26500,광안동,1335,광안에일린의뜰,광안에일린의뜰,광안에일린의뜰,A10024377,A10024377,road_address_exact,100.0,100.0,1,26500|호암로|45,26500|광안동|1335,standard,False,
48250,삼정동,648-1,성우주택,성우주택,,,TRADE_171F517F5292,unmatched,0.0,0.0,0,48250|김해대로2505번길|37,48250|삼정동|648-1,strict_full_lot,True,
48250,삼정동,76-8,성도골든타운,성도골든타운,,,TRADE_B60824B45F87,unmatched,0.0,0.0,0,48250|활천로68번길|31,48250|삼정동|76-8,strict_full_lot,True,
26110,보수동3가,61-19,한웅드리머스,한웅드리머스,,,TRADE_881742249080,unmatched,0.0,0.0,0,26110|흑교로59번길|16-1,26110|보수동3가|61-19,standard,True,
26110,중앙동4가,85-5,엘스퀘어,엘스퀘어,,,TRADE_8107E222C5F9,unmatched,0.0,15.384615384615385,1,26110|충장대로9번길|20-1,26110|중앙동4가|85-5,standard,True,
26140,동대신동2가,1-81,한국빌라,한국빌라,,,TRADE_94A8E2EF1A38,unmatched,0.0,0.0,1,26140|중앙공원로|33,26140|동대신동2가|1-81,standard,True,
26140,충무동2가,38-1,충무,충무(38-1),,,TRADE_1EE1C7D7D24E,unmatched,0.0,0.0,0,26140|천마로205번길|27,26140|충무동2가|38-1,standard,True,
26170,초량동,598-18,애뜰안,애뜰안,,,TRADE_6C1AC25911FE,unmatched,0.0,0.0,10,26170|초량중로|14,26170|초량동|598-18,standard,True,
26230,양정동,272-18,송백그린,송백그린,,,TRADE_44954A226A79,unmatched,0.0,25.0,13,26230|연수로11번길|27,26230|양정동|272-18,standard,True,
26230,개금동,878,이진젠시티개금,이진젠시티개금,이진젠시티,A10023409,A10023409,road_address_exact,100.0,83.33333333333334,1,26230|가야대로|497,26230|개금동|878,standard,False,
26260,온천동,1853,동래래미안아이파크,동래래미안아이파크,동래래미안아이파크아파트,A10023975,A10023975,legal_address_exact,100.0,100.0,1,26260|금정마을로|147,26260|온천동|1853,standard,False,
26290,문현동,1255,오션파라곤,오션파라곤아파트,오션파라곤,A10023533,A10023533,road_legal_address_exact,100.0,100.0,1,26290|우암로|300,26290|문현동|1255,standard,False,
26320,만덕동,106-1,오페라하우스,오페라하우스,,,TRADE_927EC147DC72,unmatched,0.0,16.666666666666664,25,26320|덕천로|385,26320|만덕동|106-1,standard,True,
26350,중동,1491-13,대림해운대빌라,대림해운대빌라,,,TRADE_8A586066B05A,unmatched,0.0,50.0,29,26350|달맞이길117번가길|124,26350|중동|1491-13,standard,True,
26380,하단동,525-26,에덴영진,에덴영진,,,TRADE_07461AE6C118,unmatched,0.0,25.0,12,26380|낙동남로1405번길|9-3,26380|하단동|525-26,standard,True,
26470,연산동,1259-26,전원덕수궁빌,전원덕수궁빌,,,TRADE_9BD3D9A4E272,unmatched,0.0,19.999999999999996,65,26470|거제천로146번길|37,26470|연산동|1259-26,standard,True,
26500,남천동,613,남천자이,남천자이,남천자이아파트,A10023420,A10023420,road_address_exact,100.0,100.0,1,26500|남천동로|46,26500|남천동|613,standard,False,
26500,수영동,562,수영에코하임리베,수영에코하임리베,,,TRADE_7F07202AC5D7,unmatched,0.0,33.333333333333336,3,26500|망미번영로|48,26500|수영동|562,standard,True,
48250,삼정동,71-7,그린힐빌라,그린힐빌라,,,TRADE_0390C7B9DCCC,unmatched,0.0,0.0,0,48250|활천로74번길|21,48250|삼정동|71-7,strict_full_lot,True,
48330,동면사송리,1164,사송더샵데시앙2차5단지,사송더샵데시앙2차5단지,,,TRADE_CE540E19D02E,unmatched,0.0,0.0,0,48330|외송로|60,48330|동면사송리|1164,strict_full_lot,True,
26110,보수동3가,40-13,신흥빌라트,신흥빌라트,,,TRADE_764931903DF8,unmatched,0.0,0.0,0,26110|흑교로71번길|17,26110|보수동3가|40-13,standard,True,
26170,좌천동,1176,부산항일동미라주더오션,부산항일동미라주더오션(1지구),부산항일동미라주더오션아파트,A10023963,A10023963,dong_fuzzy,100.0,100.0,5,26170|자성로|6,26170|좌천동|1176,standard,False,
26200,대교동2가,185-3,더퍼스트,더퍼스트아파트,,,TRADE_9CA4ABCBAB33,unmatched,0.0,0.0,0,26200|태종로100번길|15,26200|대교동2가|185-3,standard,True,
26230,연지동,415,래미안어반파크1단지,래미안어반파크1단지,래미안 어반파크,A10023616,A10023616,road_address_exact,100.0,82.35294117647058,1,26230|성지로|37,26230|연지동|415,standard,False,
26290,용호동,980,데시앙해링턴플레이스파크시티,데시앙해링턴플레이스파크시티,데시앙해링턴플레이스파크시티,A10023436,A10023436,road_legal_address_exact,100.0,100.0,1,26290|용주로|36,26290|용호동|980,standard,False,
26380,괴정동,1286,괴정한신더휴,괴정한신더휴,사하한신더휴아파트,A10023969,A10023969,road_address_exact,100.0,66.66666666666667,1,26380|사리로|106,26380|괴정동|1286,standard,False,
26410,부곡동,981,삼한골든뷰에듀스테이션,삼한골든뷰에듀스테이션,삼한골든뷰에듀스테이션,A10024226,A10024226,road_legal_address_exact,100.0,100.0,1,26410|중앙대로1629번길|16,26410|부곡동|981,standard,False,
26410,장전동,588-9,행운아트빌,행운아트빌,,,TRADE_C71C02E4C143,unmatched,0.0,40.0,17,26410|식물원로75번길|25,26410|장전동|588-9,standard,True,
26410,남산동,48-12,남산하이츠,남산하이츠,남산하이츠아파트,A60981403,A60981403,dong_fuzzy,100.0,100.0,8,26410|중앙대로|2075-8,26410|남산동|48-12,standard,False,
26470,연산동,1289-20,신풍골든,신풍골든,,,TRADE_B843BFD93DA2,unmatched,0.0,14.28571428571429,65,26470|중앙대로1075번길|52,26470|연산동|1289-20,standard,True,
26470,거제동,1530,쌍용더플래티넘거제아시아드,쌍용더플래티넘거제아시아드,쌍용더플래티넘거제아시아드,A10023405,A10023405,road_address_exact,100.0,100.0,1,26470|아시아드대로|7,26470|거제동|1530,standard,False,
26470,연산동,1262-13,반명빌라,반명빌라,,,TRADE_29221164224F,unmatched,0.0,40.0,65,26470|중앙천로70번길|3,26470|연산동|1262-13,standard,True,
26500,광안동,490-8,대로해도지빌,대로해도지빌,,,TRADE_3B5130D34D8C,unmatched,0.0,14.28571428571429,22,26500|광일로|8-6,26500|광안동|490-8,standard,True,
26710,기장읍대라리,147-4,던힐즈,던힐즈아파트,,,TRADE_BC5CE69B14A6,unmatched,0.0,0.0,4,26710|대청로35번길|13,26710|기장읍대라리|147-4,standard,True,
26710,기장읍대라리,408-1,상마타운,상마타운,,,TRADE_5E0DFDE8D72D,unmatched,0.0,0.0,4,26710|차성로|272,26710|기장읍대라리|408-1,standard,True,
48330,동면내송리,908,사송트루엘,사송트루엘,,,TRADE_FDCDFBF7A923,unmatched,0.0,0.0,0,48330|내송큰들로|84,48330|동면내송리|908,strict_full_lot,True,
48330,동면내송리,902,사송더샵데시앙1단지,사송더샵데시앙1단지,,,TRADE_65F231080B32,unmatched,0.0,0.0,0,48330|내송큰들로|141,48330|동면내송리|902,strict_full_lot,True,
26140,서대신동3가,249-3,배서티안타워,배서티안타워,,,TRADE_896BB69D8074,unmatched,0.0,14.28571428571429,8,26140|망양로|48,26140|서대신동3가|249-3,standard,True,
26140,토성동5가,29-7,대신빌라,대신빌라,,,TRADE_EC8A8F4691FD,unmatched,0.0,0.0,0,26140|구덕로|135-6,26140|토성동5가|29-7,standard,True,
26170,범일동,156,예그리나,예그리나,,,TRADE_E10385DE0C9F,unmatched,0.0,0.0,9,26170|정공단로47번길|2,26170|범일동|156,standard,True,
26200,동삼동,383-1,오션라이프에일린의뜰2단지,오션라이프에일린의뜰2단지,오션라이프에일린의 뜰,A10022267,A10022267,legal_address_exact,100.0,86.95652173913044,1,26200|태종로|675,26200|동삼동|383-1,standard,False,
26230,초읍동,105-3,팰리스타워,팰리스타워,,,TRADE_A0EE918E5CB9,unmatched,0.0,14.28571428571429,10,26230|성지곡로6번길|10,26230|초읍동|105-3,standard,True,
26230,가야동,226-6,푸른마을,푸른마을,,,TRADE_09E33B6A6A0E,unmatched,0.0,0.0,12,26230|가야대로572번가길|26,26230|가야동|226-6,standard,True,
26290,대연동,327-5,대연백리명가에덴,대연백리명가에덴,,,TRADE_D15B59806449,unmatched,0.0,33.333333333333336,33,26290|수영로|260,26290|대연동|327-5,standard,True,
26320,덕천동,375-9,대진상가,대진상가,,,TRADE_3C7ADB73A2C0,unmatched,0.0,25.0,16,26320|만덕대로|125,26320|덕천동|375-9,standard,True,
26410,남산동,988-9,남산하이시티,남산하이시티,,,TRADE_B79255641BB9,unmatched,0.0,72.72727272727273,8,26410|남산로43번길|32,26410|남산동|988-9,standard,True,
26470,연산동,1310-29,홍림시티빌,홍림시티빌,,,TRADE_0E4709EAFB09,unmatched,0.0,36.36363636363637,65,26470|중앙대로1048번길|17,26470|연산동|1310-29,standard,True,
26500,수영동,456-17,대명쉐르빌,대명쉐르빌,,,TRADE_B27088BEF13E,unmatched,0.0,22.22222222222222,3,26500|연수로379번길|6,26500|수영동|456-17,standard,True,
26500,광안동,774-32,한집시티빌,한집시티빌,,,TRADE_36970C6DF0F6,unmatched,0.0,36.36363636363637,22,26500|호암로9번길|13,26500|광안동|774-32,standard,True,
26500,민락동,1-2,한백빌라,한백빌라,,,TRADE_87379A6E2CA0,unmatched,0.0,28.57142857142857,13,26500|광안해변로|467-5,26500|민락동|1-2,standard,True,
26530,괘법동,548-3,리베르캐슬,리베르캐슬,,,TRADE_ABD621F9F373,unmatched,0.0,18.181818181818176,11,26530|광장로|90,26530|괘법동|548-3,standard,True,
48250,삼정동,653-15,삼성맥스빌2차,삼성맥스빌2차,,,TRADE_E83E02E82625,unmatched,0.0,0.0,0,48250|분성로512번길|55,48250|삼정동|653-15,strict_full_lot,True,
48250,흥동,48-5,나경디아너스,나경디아너스,,,TRADE_44F0846483F6,unmatched,0.0,0.0,0,48250|흥동로|80,48250|흥동|48-5,strict_full_lot,True,
48330,동면사송리,1165,사송더샵데시앙2차6단지,사송더샵데시앙2차6단지,,,TRADE_6167DB1D3EDF,unmatched,0.0,0.0,0,48330|외송로|50,48330|동면사송리|1165,strict_full_lot,True,
26200,봉래동2가,5-2,대성아트빌라3차,대성아트빌라3차,,,TRADE_622F06F2EB84,unmatched,0.0,10.526315789473683,2,26200|태종로83번길|26,26200|봉래동2가|5-2,standard,True,
26230,개금동,177-129,개금모아블루빌,개금모아블루빌,,,TRADE_59E74AF24A68,unmatched,0.0,50.0,23,26230|가야대로454번길|33,26230|개금동|177-129,standard,True,
26230,부암동,755,시민공원삼정그린코아더베스트,시민공원삼정그린코아더베스트,시민공원삼정그린코아더베스트,A10023494,A10023494,road_legal_address_exact,100.0,100.0,1,26230|동평로|176,26230|부암동|755,standard,False,
26290,용호동,93-6,플로이온,플로이온,,,TRADE_ACA312207BFA,unmatched,0.0,22.22222222222222,22,26290|용호로106번길|18,26290|용호동|93-6,standard,True,
26290,용호동,390-6,동림하이츠,동림하이츠,,,TRADE_BABFC21EA2CD,unmatched,0.0,50.0,22,26290|동명로164번길|10,26290|용호동|390-6,standard,True,
26350,중동,1843,해운대경동리인뷰1차,해운대경동리인뷰1차,해운대경동리인뷰1차,A10024189,A10024189,road_address_exact,100.0,100.0,1,26350|달맞이길|23,26350|중동|1843,standard,False,
26350,우동,1562,해운대센트럴푸르지오,해운대센트럴푸르지오,해운대센트럴푸르지오,A10023542,A10023542,road_address_exact,100.0,100.0,1,26350|해운대로|650,26350|우동|1562,standard,False,
26380,괴정동,1295,힐스테이트사하역,힐스테이트사하역,힐스테이트사하역 아파트,A10023440,A10023440,road_address_exact,100.0,100.0,1,26380|괴정로|166,26380|괴정동|1295,standard,False,
48250,진영읍여래리,233-8,대건빌라트101동,대건빌라트101동,,,TRADE_8E1E9C07C11C,unmatched,0.0,0.0,0,48250|진영로|304-23,48250|진영읍여래리|233-8,strict_full_lot,True,
48250,어방동,1110-5,영진아트빌,영진아트빌(2),,,TRADE_401C0E01462B,unmatched,0.0,0.0,0,48250|김해대로2541번길|30,48250|어방동|1110-5,strict_full_lot,True,
48330,동면내송리,904,사송더샵데시앙4단지,사송더샵데시앙4단지,,,TRADE_BE6B0810CBEE,unmatched,0.0,0.0,0,48330|내송큰들로|73,48330|동면내송리|904,strict_full_lot,True,
48330,소주동,396-7,태길빌라,태길빌라,,,TRADE_6622928E3019,unmatched,0.0,0.0,0,48330|백동길|7,48330|소주동|396-7,strict_full_lot,True,
26200,동삼동,383-1,오션라이프에일린의뜰1단지,오션라이프에일린의뜰1단지,오션라이프에일린의 뜰,A10022267,A10022267,road_legal_address_exact,100.0,86.95652173913044,1,26200|태종로|611,26200|동삼동|383-1,standard,False,
26230,초읍동,107-2,리첸타워,리첸타워,,,TRADE_AD5FEFADD173,unmatched,0.0,0.0,10,26230|성지곡로6번길|30,26230|초읍동|107-2,standard,True,
26230,가야동,700,가야롯데캐슬골드아너,가야롯데캐슬골드아너,가야롯데캐슬 골드아너,A10023627,A10023627,road_address_exact,100.0,100.0,1,26230|가야대로|538,26230|가야동|700,standard,False,
26230,양정동,387-6,노블파크,노블파크,,,TRADE_C383B88EF303,unmatched,0.0,0.0,13,26230|거제대로36번가길|41,26230|양정동|387-6,standard,True,
26260,낙민동,222-9,에스더,에스더,,,TRADE_8A92DB6A89EE,unmatched,0.0,13.33333333333333,13,26260|충렬대로270번길|13,26260|낙민동|222-9,standard,True,
26260,온천동,1448-3,삼정그린빌라,삼정그린빌라,,,TRADE_A98C3AC3BBAC,unmatched,0.0,57.14285714285714,42,26260|충렬대로86번길|68,26260|온천동|1448-3,standard,True,
26350,재송동,1026-8,디어하임센텀,디어하임센텀,,,TRADE_7BB63210021F,unmatched,0.0,40.0,31,26350|해운대로61번가길|40,26350|재송동|1026-8,standard,True,
26380,당리동,317-10,당리빌타운,당리빌타운,,,TRADE_A23CEAEF7BBE,unmatched,0.0,54.54545454545454,16,26380|낙동대로410번길|6,26380|당리동|317-10,standard,True,
26380,하단동,517-21,유원블루파크에이동,유원블루파크에이동,,,TRADE_6CDD3072B32B,unmatched,0.0,0.0,12,26380|낙동남로1389번길|13-10,26380|하단동|517-21,standard,True,
26470,연산동,382-14,햇살마루,햇살마루,,,TRADE_BDADE465F35F,unmatched,0.0,19.999999999999996,65,26470|안연로7번길|53,26470|연산동|382-14,standard,True,
26500,광안동,97-15,우호윌러스빌,우호윌러스빌,,,TRADE_7A648E3C3173,unmatched,0.0,15.384615384615385,22,26500|무학로9번길|68-7,26500|광안동|97-15,standard,True,
26530,덕포동,33-4,초원펠레스빌b동,초원펠레스빌B동,,,TRADE_6BA759484DC7,unmatched,0.0,16.666666666666664,13,26530|백양대로768번길|59,26530|덕포동|33-4,standard,True,
48250,삼정동,99-2,신일파크맨션,신일파크맨션,,,TRADE_BBFBF260D719,unmatched,0.0,0.0,0,48250|김해대로2431번길|34-1,48250|삼정동|99-2,strict_full_lot,True,
48250,삼정동,649-8,해비치카운티,해비치카운티,,,TRADE_921C082F94A8,unmatched,0.0,0.0,0,48250|김해대로2505번길|32,48250|삼정동|649-8,strict_full_lot,True,
48330,동면사송리,1166,사송더샵데시앙2차7단지,사송더샵데시앙2차7단지,사송더샵데시앙2차 7단지아파트,A10023241,A10023241,road_legal_address_exact,100.0,100.0,1,48330|외송로|30,48330|동면사송리|1166,strict_full_lot,False,
26140,충무동1가,15-7,서원블루오션e동,서원블루오션E동,,,TRADE_1B8EC9FEA7B9,unmatched,0.0,0.0,0,26140|충무대로281번길|6,26140|충무동1가|15-7,standard,True,
26140,서대신동2가,35-6,툇마루,툇마루家,,,TRADE_CD082B303F35,unmatched,0.0,0.0,3,26140|구덕로315번길|5,26140|서대신동2가|35-6,standard,True,
26170,범일동,1664,두산위브더제니스하버시티,두산위브더제니스하버시티,두산위브더제니스 하버시티,A10023208,A10023208,road_address_exact,100.0,100.0,1,26170|범일로|21,26170|범일동|1664,standard,False,
26200,봉래동4가,343,영도센트럴에일린의뜰,영도센트럴에일린의뜰,영도 센트럴 에일린의뜰,A10024303,A10024303,road_address_exact,100.0,100.0,1,26200|태종로|172,26200|봉래동4가|343,standard,False,
26230,부전동,425-18,세영,세영,,,TRADE_DEFA63A8D182,unmatched,0.0,0.0,7,26230|가야대로747번길|10-3,26230|부전동|425-18,standard,True,
26230,연지동,40-1,삼산프리빌리지,삼산프리빌리지,,,TRADE_A958E25AF9D5,unmatched,0.0,18.181818181818176,14,26230|성지로8번길|68,26230|연지동|40-1,standard,True,
26230,부전동,474-51,대동레미안센트럴시티,대동레미안센트럴시티,,,TRADE_2783F92AFB6E,unmatched,0.0,35.29411764705882,7,26230|부전로|108,26230|부전동|474-51,standard,True,
26290,대연동,1733-3,대륙빌라,대륙빌라,,,TRADE_0558FFD461CA,unmatched,0.0,36.36363636363637,33,26290|유엔로157번나길|15,26290|대연동|1733-3,standard,True,
26290,대연동,1505-10,태백,태백(1505-10),,,TRADE_50CE12322225,unmatched,0.0,25.0,33,26290|못골번영로39번길|8,26290|대연동|1505-10,standard,True,
26440,화전동,558,명지화전우방아이유쉘,명지화전우방아이유쉘,명지화전지구우방아이유쉘아파트,A10025154,A10025154,road_legal_address_exact,100.0,90.9090909090909,1,26440|화전산단4로|74,26440|화전동|558,standard,False,
26470,연산동,2382,힐스테이트연산,힐스테이트연산,힐스테이트연산 아파트,A10023526,A10023526,road_legal_address_exact,100.0,100.0,1,26470|봉수로|2,26470|연산동|2382,standard,False,
26470,연산동,2397,연제skviewcentral,연제SKVIEWCentral,연제SK뷰센트럴,A10023114,A10023114,road_address_exact,100.0,34.78260869565217,1,26470|중앙천로|81-12,26470|연산동|2397,standard,True,
26530,괘법동,550-2,사상역봄여름가을겨울,사상역봄여름가을겨울,사상역봄여름가을겨울,A10023295,A10023295,road_legal_address_exact,100.0,100.0,1,26530|사상로170번길|34,26530|괘법동|550-2,standard,False,
48250,삼문동,1275,이안센트럴포레장유1단지,이안센트럴포레장유1단지,,,TRADE_55F9A01E656D,unmatched,0.0,0.0,0,48250|대청로261번길|7,48250|삼문동|1275,strict_full_lot,True,
48250,삼계동,1561,삼계삼정그린코아더베스트,삼계삼정그린코아더베스트,삼계삼정그린코아 더베스트 아파트,A10023202,A10023202,road_legal_address_exact,100.0,100.0,1,48250|생림대로|31,48250|삼계동|1561,strict_full_lot,False,
48250,삼문동,1276,이안센트럴포레장유2단지,이안센트럴포레장유2단지,,,TRADE_90E035BA90EE,unmatched,0.0,0.0,0,48250|대청로261번길|9,48250|삼문동|1276,strict_full_lot,True,
48330,물금읍범어리,2837,양산브라운스톤,양산브라운스톤,,,TRADE_6F6E6A6404D1,unmatched,0.0,0.0,0,48330|황산로|699,48330|물금읍범어리|2837,strict_full_lot,True,
26200,청학동,100-12,영광맨션,영광맨션,,,TRADE_C77F2F0EA97C,unmatched,0.0,19.999999999999996,9,26200|태종로394번길|50,26200|청학동|100-12,standard,True,
26230,부전동,466-3,프로그캐슬,프로그캐슬,,,TRADE_369DFC44A8E5,unmatched,0.0,28.57142857142857,7,26230|가야대로755번길|14,26230|부전동|466-3,standard,True,
26260,온천동,358-18,보인빌라,보인빌라,,,TRADE_950CBCF97FD6,unmatched,0.0,33.333333333333336,42,26260|우장춘로74번길|13,26260|온천동|358-18,standard,True,
26290,용호동,394-8,정상리치스,정상리치스,,,TRADE_CE3B62917378,unmatched,0.0,22.22222222222222,22,26290|동명로146번길|32,26290|용호동|394-8,standard,True,
26290,대연동,294-8,송원쉐르빌,송원쉐르빌,,,TRADE_3B6EC571C30C,unmatched,0.0,33.333333333333336,33,26290|진남로25번길|6,26290|대연동|294-8,standard,True,
26350,우동,1559,센텀마티안,센텀마티안,센텀마티안아파트,A10023895,A10023895,road_address_exact,100.0,100.0,1,26350|해운대로469번길|181,26350|우동|1559,standard,False,
26500,광안동,1265-8,유림아트빌,유림아트빌,,,TRADE_E3087BF2C0B5,unmatched,0.0,40.0,22,26500|수영로521번길|27,26500|광안동|1265-8,standard,True,
48250,풍유동,71-10,청호아트빌,청호아트빌(71-10),,,TRADE_738CAFD442B9,unmatched,0.0,0.0,0,48250|전하로27번길|10-13,48250|풍유동|71-10,strict_full_lot,True,
48250,주촌면선지리,1475,김해주촌일동미라주더네스트,김해주촌일동미라주더네스트,주촌일동미라주더네스트아파트,A10023354,A10023354,road_legal_address_exact,100.0,91.66666666666666,1,48250|선지로|59,48250|주촌면선지리|1475,strict_full_lot,False,
26110,대청동4가,23,경우빌라,경우빌라,,,TRADE_8E99C5BAA3C5,unmatched,0.0,0.0,1,26110|중구로111번길|8,26110|대청동4가|23,standard,True,
26230,양정동,531,양정포레힐즈스위첸1단지,양정포레힐즈스위첸1단지,양정 포레힐즈 스위첸,A10023040,A10023040,road_address_exact,100.0,85.71428571428572,1,26230|양연로|36,26230|양정동|531,standard,False,
26260,온천동,1854,더샵동래,더샵동래,더샵 동래,A10023417,A10023417,road_address_exact,100.0,100.0,1,26260|온천장로|38,26260|온천동|1854,standard,False,
26290,대연동,1481-3,주안파크빌,주안파크빌(1481-3),,,TRADE_7B527B098FE3,unmatched,0.0,36.36363636363637,33,26290|못골번영로60번길|31,26290|대연동|1481-3,standard,True,
26440,신호동,296-1,부산신호사랑으로부영1차,부산신호사랑으로부영1차,부산신호사랑으로부영1차아파트,A61872201,A61872201,legal_address_exact,100.0,100.0,1,26440|신호산단3로|27,26440|신호동|296-1,standard,False,
26530,주례동,1289,주례롯데캐슬골드스마트,주례롯데캐슬골드스마트,주례롯데캐슬골드스마트,A10023571,A10023571,road_legal_address_exact,100.0,100.0,1,26530|가야대로255번길|5,26530|주례동|1289,standard,False,
26530,덕포동,795,사상중흥에스클래스그랜드센트럴,사상중흥에스-클래스그랜드센트럴,사상 중흥S-클래스 그랜드센트럴,A10023104,A10023104,road_legal_address_exact,100.0,89.65517241379311,1,26530|사상로|300,26530|덕포동|795,standard,False,
48330,덕계동,724-14,포레스트퀸102동,포레스트퀸102동,,,TRADE_4448A8EC1F00,unmatched,0.0,0.0,0,48330|덕계10길|7,48330|덕계동|724-14,strict_full_lot,True,
26200,남항동2가,236-7,혜광나인힐빌라,혜광나인힐빌라,,,TRADE_B1BFBB9DC215,unmatched,0.0,0.0,0,26200|절영로73번길|3,26200|남항동2가|236-7,standard,True,
26230,개금동,177-209,남경,남경,,,TRADE_9E91BB9611EC,unmatched,0.0,0.0,23,26230|가야대로454번길|32,26230|개금동|177-209,standard,True,
26290,대연동,1281-15,록원골든빌a동,록원골든빌A동,,,TRADE_FBA8D9FD3CAD,unmatched,0.0,18.181818181818176,33,26290|진남로69번길|41,26290|대연동|1281-15,standard,True,
26290,대연동,1489-25,국제아트빌a,국제아트빌A,,,TRADE_9AD6740D73BF,unmatched,0.0,22.22222222222222,33,26290|진남로46번길|87,26290|대연동|1489-25,standard,True,
26410,청룡동,285-3,진산아트빌라,진산아트빌라,,,TRADE_7503A7A9B1DA,unmatched,0.0,28.57142857142857,4,26410|청룡예전로99번길|7-1,26410|청룡동|285-3,standard,True,
26440,대저2동,2033-1,공항마을리베르하임주상복합,공항마을리베르하임주상복합,공항마을 리베르하임,A10024210,A10024210,legal_address_exact,100.0,81.81818181818181,1,26440|공항앞길13번길|53,26440|대저2동|2033-1,standard,False,
26500,망미동,452-21,아신빌라,아신빌라,,,TRADE_A7F074AE689C,unmatched,0.0,25.0,12,26500|망미배산로36번길|42,26500|망미동|452-21,standard,True,
48250,안동,BL-2-2,김해푸르지오하이엔드,김해푸르지오하이엔드,,,TRADE_6D30153D5A61,unmatched,0.0,0.0,0,48250|안동길|31,48250|안동|2-2,strict_full_lot,True,
48250,삼정동,651-1,청구하트,청구하트,,,TRADE_362D9E915E1B,unmatched,0.0,0.0,0,48250|분성로512번길|42,48250|삼정동|651-1,strict_full_lot,True,
26110,보수동2가,1-3,센텀엘카사,센텀엘카사,,,TRADE_E818A9CF40A0,unmatched,0.0,0.0,0,26110|흑교로|91,26110|보수동2가|1-3,standard,True,
26230,가야동,585,가야봄여름가을겨울,가야봄여름가을겨울,,,TRADE_781C3E10CD2C,unmatched,0.0,30.76923076923077,12,26230|가야대로552번길|79,26230|가야동|585,standard,True,
26230,당감동,1028,서면비스타동원,서면비스타동원,서면 비스타동원,A10023021,A10023021,road_address_exact,100.0,100.0,1,26230|마철로|114,26230|당감동|1028,standard,False,
26230,부전동,420-16,동진,동진,,,TRADE_D8F7CECBBB6B,unmatched,0.0,18.181818181818176,7,26230|가야대로755번길|29-6,26230|부전동|420-16,standard,True,
26230,개금동,879,상우다솜,상우다솜,상우다솜아파트,A10022583,A10022583,road_legal_address_exact,100.0,100.0,1,26230|가야대로406번길|15-4,26230|개금동|879,standard,False,
26260,명륜동,805,힐스테이트명륜트라디움,힐스테이트명륜트라디움,힐스테이트 명륜 트라디움,A10023781,A10023781,road_address_exact,100.0,100.0,1,26260|동래로57번길|94,26260|명륜동|805,standard,False,
26260,온천동,1186-34,그린힐타운a동,그린힐타운A동,,,TRADE_8904299C781E,unmatched,0.0,26.66666666666667,42,26260|쇠미로|189-11,26260|온천동|1186-34,standard,True,
26260,온천동,444-41,청산빌리지,청산빌리지,,,TRADE_44C7B924C6AA,unmatched,0.0,30.76923076923077,42,26260|금강로62번길|25,26260|온천동|444-41,standard,True,
26260,명륜동,172-1,청은빌라트,청은빌라트,,,TRADE_2E9DC0BF131B,unmatched,0.0,15.384615384615385,12,26260|명륜로|214,26260|명륜동|172-1,standard,True,
26320,덕천동,307-1,신우하이츠빌라,신우하이츠빌라,,,TRADE_2C76F4702A29,unmatched,0.0,16.666666666666664,16,26320|만덕대로27번가길|27,26320|덕천동|307-1,standard,True,
26410,남산동,265,남촌빌라,남촌빌라,,,TRADE_731DA9B7191A,unmatched,0.0,25.0,8,26410|금단로|167,26410|남산동|265,standard,True,
26140,암남동,771,비스타동원더비치테라스,비스타동원더비치테라스,비스타동원 더비치테라스,A10023102,A10023102,road_address_exact,100.0,100.0,1,26140|암남공원로|16,26140|암남동|771,standard,False,
26260,온천동,1119-81,일화그린빌라,일화그린빌라,,,TRADE_555849B1C516,unmatched,0.0,28.57142857142857,42,26260|금정마을로|92,26260|온천동|1119-81,standard,True,
26290,대연동,1734-9,보람빌라2차,보람빌라2차,,,TRADE_07E602235D3A,unmatched,0.0,33.333333333333336,33,26290|유엔로157번가길|15,26290|대연동|1734-9,standard,True,
26350,중동,1369-8,쌍용더플래티넘해운대,쌍용더플래티넘해운대,쌍용 더 플래티넘 해운대,A10023929,A10023929,road_legal_address_exact,100.0,100.0,1,26350|중동2로24번길|24,26350|중동|1369-8,standard,False,
26350,중동,784-14,삼주빌리지,삼주빌리지,,,TRADE_EE9068F194AF,unmatched,0.0,28.57142857142857,29,26350|좌동순환로446번길|56,26350|중동|784-14,standard,True,
26350,반송동,401-7,회현하이츠빌라,회현하이츠빌라,,,TRADE_189320718E39,unmatched,0.0,18.181818181818176,13,26350|반송로877번길|94,26350|반송동|401-7,standard,True,
26380,감천동,20-125,경민맨션,경민맨션,,,TRADE_EF8776C7F9C5,unmatched,0.0,40.0,10,26380|감내1로|35-2,26380|감천동|20-125,standard,True,
26410,청룡동,50-27,범어사역더리체,범어사역더리체,,,TRADE_F93875BF40B6,unmatched,0.0,25.0,4,26410|금강로|759,26410|청룡동|50-27,standard,True,
26410,남산동,988-10,신풍주택,신풍주택,,,TRADE_B43749AEACA0,unmatched,0.0,18.181818181818176,8,26410|남산로43번길|26,26410|남산동|988-10,standard,True,
26440,대저1동,2338-2,태원더블루원,태원더블루원,,,TRADE_20E37E7058A8,unmatched,0.0,0.0,0,26440|대저로|286,26440|대저1동|2338-2,standard,True,
48250,어방동,1108-12,엠피세르빌,엠피세르빌,,,TRADE_38E43D285D0F,unmatched,0.0,0.0,0,48250|인제로25번길|12-5,48250|어방동|1108-12,strict_full_lot,True,
48250,진례면송정리,314-6,한채,한채,,,TRADE_1C58414B9C76,unmatched,0.0,0.0,0,48250|송현로|19-33,48250|진례면송정리|314-6,strict_full_lot,True,
48330,평산동,564-20,석천빌라,석천빌라,,,TRADE_73AF2F8C3105,unmatched,0.0,0.0,0,48330|신명2길|34,48330|평산동|564-20,strict_full_lot,True,
26140,서대신동3가,279-15,로즈빌리지,로즈빌리지,,,TRADE_747453F68B13,unmatched,0.0,0.0,8,26140|구덕로345번길|9-14,26140|서대신동3가|279-15,standard,True,
26140,토성동5가,18-3,목연정빌라,목연정빌라,,,TRADE_0871D3426907,unmatched,0.0,0.0,0,26140|구덕로134번길|16,26140|토성동5가|18-3,standard,True,
26230,전포동,556-1,승정빌라,승정빌라,,,TRADE_4998A3150BC9,unmatched,0.0,22.22222222222222,23,26230|전포대로306번길|18,26230|전포동|556-1,standard,True,
26320,덕천동,823,포레나부산덕천2차,포레나부산덕천2차,포레나부산덕천2차,A10022905,A10022905,road_address_exact,100.0,100.0,1,26320|만덕대로|101,26320|덕천동|823,standard,False,
26410,장전동,605-13,최신빌라,최신빌라,,,TRADE_E84D6DA1D5C8,unmatched,0.0,22.22222222222222,17,26410|식물원로27번길|12,26410|장전동|605-13,standard,True,
26470,연산동,469-6,진명드림빌,진명드림빌,,,TRADE_C00D26A31B56,unmatched,0.0,19.999999999999996,65,26470|고분로235번길|55,26470|연산동|469-6,standard,True,
26530,괘법동,524-13,삼화그린빌,삼화그린빌,,,TRADE_A8C6B15AB6A4,unmatched,0.0,0.0,11,26530|사상로233번길|16,26530|괘법동|524-13,standard,True,
48250,삼방동,570-8,명원나이스빌,명원나이스빌,,,TRADE_27CC9E7B1A88,unmatched,0.0,0.0,0,48250|삼안로297번길|4,48250|삼방동|570-8,strict_full_lot,True,
48250,신문동,1522,대청천경동리인뷰,대청천경동리인뷰,,,TRADE_949151F3E7EF,unmatched,0.0,0.0,0,48250|장유로334번길|30,48250|신문동|1522,strict_full_lot,True,
26230,전포동,927,e편한세상시민공원1단지,e편한세상시민공원1단지,e편한세상 시민공원 아파트,A10023625,A10023625,legal_address_exact,100.0,85.71428571428572,1,26230|진남로|455,26230|전포동|927,standard,False,
26230,개금동,525-8,남경이즈빌,남경이즈빌,,,TRADE_DD2E3FF53535,unmatched,0.0,19.999999999999996,23,26230|복지로8번길|29,26230|개금동|525-8,standard,True,
26290,대연동,1920,대연삼정그린코아더베스트,대연삼정그린코아더베스트,대연삼정그린코아더베스트,A10023635,A10023635,road_legal_address_exact,100.0,100.0,1,26290|수영로325번길|159-30,26290|대연동|1920,standard,False,
26410,구서동,465-4,헤리티지우석,헤리티지우석,,,TRADE_748DEE3ACAE1,unmatched,0.0,19.999999999999996,25,26410|금정로|213,26410|구서동|465-4,standard,True,
26410,청룡동,30-9,나경빌라3동,나경빌라3동,,,TRADE_98182C5D6E7D,unmatched,0.0,40.0,4,26410|팔송로18번길|34,26410|청룡동|30-9,standard,True,
26470,연산동,1299-8,에스케이드림피아,에스케이드림피아,,,TRADE_9A8ECA385BEF,unmatched,0.0,26.66666666666667,65,26470|거제천로136번길|28,26470|연산동|1299-8,standard,True,
26530,괘법동,551-33,서현빌라,서현빌라,,,TRADE_0D14A3F3DF61,unmatched,0.0,13.33333333333333,11,26530|광장로104번길|38,26530|괘법동|551-33,standard,True,
26140,서대신동3가,31-195,코포스빌,코포스빌,,,TRADE_1EE89442D3D6,unmatched,0.0,16.666666666666664,8,26140|꽃마을로|67,26140|서대신동3가|31-195,standard,True,
26260,수안동,541-2,동래다솜시티,동래다솜시티,,,TRADE_D19DB75A6B0D,unmatched,0.0,36.36363636363637,11,26260|명륜로98번길|29,26260|수안동|541-2,standard,True,
26290,감만동,627,감만우성스마트시티뷰,감만우성스마트시티뷰,감만 우성스마트시티뷰,A10023300,A10023300,road_legal_address_exact,100.0,100.0,1,26290|우암로104번길|20,26290|감만동|627,standard,False,
26500,광안동,199-7,광안포디움프레스티지,광안포디움프레스티지,광안포디움프레스티지1,A10022575,A10022575,road_legal_address_exact,100.0,95.23809523809523,1,26500|광남로|96,26500|광안동|199-7,standard,False,
48250,삼정동,638-10,청구파크,청구파크,,,TRADE_6731FF1C1072,unmatched,0.0,0.0,0,48250|분성로512번길|27,48250|삼정동|638-10,strict_full_lot,True,
26140,서대신동2가,576,대신해모로센트럴,대신해모로센트럴아파트,대신해모로센트럴아파트,A10023704,A10023704,road_address_exact,100.0,100.0,1,26140|대티로|178,26140|서대신동2가|576,standard,False,
26260,온천동,1859,더샵온천헤리티지,더샵온천헤리티지,더샵온천헤리티지아파트,A10023141,A10023141,road_legal_address_exact,100.0,100.0,1,26260|온천장로119번길|56,26260|온천동|1859,standard,False,
26260,온천동,189-20,온천동산들파르테,온천동산들파르테,,,TRADE_1588A03FD7D1,unmatched,0.0,50.0,42,26260|금강공원로33번길|9,26260|온천동|189-20,standard,True,
26260,온천동,182-9,이안동래센트럴시티,이안동래센트럴시티,이안동래센트럴시티,A10023025,A10023025,road_legal_address_exact,100.0,100.0,1,26260|온천장로65번길|10,26260|온천동|182-9,standard,False,
26290,대연동,1933,대연푸르지오클라센트1단지,대연푸르지오클라센트1단지,대연푸르지오클라센트,A10022999,A10022999,road_address_exact,100.0,86.95652173913044,1,26290|유엔로|81,26290|대연동|1933,standard,False,
26290,대연동,1946,더비치푸르지오써밋,더비치푸르지오써밋,더비치푸르지오써밋,A10022847,A10022847,road_address_exact,100.0,100.0,1,26290|황령대로|504,26290|대연동|1946,standard,False,
26350,재송동,1060-3,장산하이츠빌라,장산하이츠빌라,,,TRADE_90510EDD2D66,unmatched,0.0,36.36363636363637,31,26350|재반로|113-13,26350|재송동|1060-3,standard,True,
26410,부곡동,60-6,유나베네스타운,유나베네스타운,,,TRADE_23A43CCAA91E,unmatched,0.0,33.333333333333336,27,26410|무학송로|103,26410|부곡동|60-6,standard,True,
26410,청룡동,9-1,삼부,삼부,,,TRADE_B3FB2FDBD5FD,unmatched,0.0,0.0,4,26410|금정도서관로|3,26410|청룡동|9-1,standard,True,
26410,남산동,973-1,일양하이츠빌라,일양하이츠빌라,,,TRADE_CA70359AD6F8,unmatched,0.0,50.0,8,26410|금강로709번길|49,26410|남산동|973-1,standard,True,
26500,광안동,119-3,이린타워빌10,이린타워빌10,,,TRADE_31E1A4669F2E,unmatched,0.0,26.66666666666667,22,26500|무학로22번길|46,26500|광안동|119-3,standard,True,
48250,삼정동,643-11,샛별메이플,샛별메이플,,,TRADE_007A8F32E524,unmatched,0.0,0.0,0,48250|인제로39번길|54-46,48250|삼정동|643-11,strict_full_lot,True,
48330,동면사송리,가-,사송에비뉴원,사송에비뉴원,,,TRADE_ED4AFB3B26CA,unmatched,0.0,0.0,0,48330|외송로|49,,strict_full_lot,True,
26260,안락동,603-3,안락스위첸,안락스위첸,안락스위첸,A10022830,A10022830,road_legal_address_exact,100.0,100.0,1,26260|연안로59번길|90,26260|안락동|603-3,standard,False,
26260,명륜동,450-3,락우아트빌,락우아트빌,,,TRADE_2ADA40E8B11A,unmatched,0.0,18.181818181818176,12,26260|삼성대길|6,26260|명륜동|450-3,standard,True,
26290,문현동,511-19,국제금융센터퀸즈w,국제금융센터퀸즈W,국제금융센터 퀸즈W아파트,A10022835,A10022835,road_legal_address_exact,100.0,100.0,1,26290|전포대로|84-1,26290|문현동|511-19,standard,False,
26290,대연동,877-9,남산타워,남산타워,,,TRADE_1E1BABF72B57,unmatched,0.0,40.0,33,26290|유엔로157번길|26,26290|대연동|877-9,standard,True,
26380,하단동,596-17,하단파미르빌,하단파미르빌,,,TRADE_2768E23CF0A8,unmatched,0.0,40.0,12,26380|하신중앙로335번길|82,26380|하단동|596-17,standard,True,
26410,구서동,162-9,구서태성에버리치,구서태성에버리치,,,TRADE_E6094356C9DD,unmatched,0.0,50.0,25,26410|두실로7번길|15,26410|구서동|162-9,standard,True,
26470,연산동,1261-24,해운스위트빌,해운스위트빌,,,TRADE_0FC673C417A0,unmatched,0.0,33.333333333333336,65,26470|월드컵대로73번길|31,26470|연산동|1261-24,standard,True,
26470,거제동,1536,레이카운티,레이카운티(4단지),레이카운티 아파트,A10022890,A10022890,road_legal_address_exact,100.0,100.0,1,26470|아시아드대로|39,26470|거제동|1536,standard,False,
48250,흥동,555-6,청호그린104동,청호그린104동,,,TRADE_2D5A9AD6C95A,unmatched,0.0,0.0,0,48250|흥동로|57,48250|흥동|555-6,strict_full_lot,True,
26140,부용동1가,61-1,선경,선경아파트,,,TRADE_D97384459ACB,unmatched,0.0,0.0,1,26140|구덕로238번길|3,26140|부용동1가|61-1,standard,True,
26230,전포동,662-14,포세이돈에이,포세이돈에이,,,TRADE_6390724761FE,unmatched,0.0,28.57142857142857,23,26230|동천로108번길|19,26230|전포동|662-14,standard,True,
26260,사직동,1061,사직하늘채리센티아,사직하늘채리센티아,사직 하늘채 리센티아,A10022591,A10022591,road_address_exact,100.0,100.0,1,26260|사직북로48번길|77,26260|사직동|1061,standard,False,
26410,구서동,162-10,남평ncity,남평N-CITY,,,TRADE_C2E67F97F821,unmatched,0.0,16.666666666666664,25,26410|두실로7번길|19,26410|구서동|162-10,standard,True,
26410,남산동,120-8,휴림아르페,휴림아르페,,,TRADE_FF7A451516DA,unmatched,0.0,0.0,8,26410|학산로|8,26410|남산동|120-8,standard,True,
26410,청룡동,50-7,남산그린,남산그린,,,TRADE_312E087FEFCB,unmatched,0.0,16.666666666666664,4,26410|금강로|739,26410|청룡동|50-7,standard,True,
26410,남산동,966-2,영광주택,영광주택,,,TRADE_5E58B1802500,unmatched,0.0,0.0,8,26410|팔송로45번길|9,26410|남산동|966-2,standard,True,
26500,남천동,340-1,힐스테이트남천더퍼스트,힐스테이트남천더퍼스트,힐스테이트 남천 더퍼스트,A10022855,A10022855,road_legal_address_exact,100.0,100.0,1,26500|수영로|377,26500|남천동|340-1,standard,False,
26500,광안동,380-63,jm글로리아,JM글로리아,,,TRADE_B2D686309470,unmatched,0.0,25.0,22,26500|수영로545번가길|32,26500|광안동|380-63,standard,True,
26500,광안동,774-12,범바우빌라,범바우빌라,,,TRADE_062657AE3D39,unmatched,0.0,15.384615384615385,22,26500|호암로9번길|15,26500|광안동|774-12,standard,True,
48250,어방동,356-10,경성하이츠빌라,경성하이츠빌라,,,TRADE_6F27529A618B,unmatched,0.0,0.0,0,48250|활천로186번길|3,48250|어방동|356-10,strict_full_lot,True,
26140,암남동,180-7,송도태경시티빌,송도태경시티빌,,,TRADE_95297754F10E,unmatched,0.0,61.53846153846154,14,26140|충무대로|76,26140|암남동|180-7,standard,True,
26230,전포동,928,e편한세상시민공원2단지,e편한세상시민공원2단지,e편한세상 시민공원 아파트,A10023625,A10023625,road_address_exact,100.0,85.71428571428572,1,26230|진남로|460,26230|전포동|928,standard,False,
26230,범전동,329-15,범전시영2동,범전시영2동,,,TRADE_4CBC8520C630,unmatched,0.0,0.0,1,26230|범양로|6,26230|범전동|329-15,standard,True,
26260,온천동,1250-16,지음시그너스인동래,지음시그너스인동래,,,TRADE_AE02AD2321A5,unmatched,0.0,30.76923076923077,42,26260|사직북로28번길|148,26260|온천동|1250-16,standard,True,
26290,대연동,1954,힐스테이트대연센트럴,힐스테이트대연센트럴,힐스테이트대연센트럴,A10022581,A10022581,road_address_exact,100.0,100.0,1,26290|진남로|95,26290|대연동|1954,standard,False,
26410,구서동,458-12,멤버스빌라트,멤버스빌라트,,,TRADE_7F470206D23D,unmatched,0.0,16.666666666666664,25,26410|금강로423번길|3,26410|구서동|458-12,standard,True,
26410,남산동,974-4,동산빌라,동산빌라,,,TRADE_BFEDBD2CBEC2,unmatched,0.0,25.0,8,26410|팔송로53번길|47,26410|남산동|974-4,standard,True,
48330,삼호동,795-3,명신드림빌,명신드림빌,,,TRADE_4722728247CF,unmatched,0.0,0.0,0,48330|삼호동부3길|5,48330|삼호동|795-3,strict_full_lot,True,
48330,명동,1077-2,청운프라자,청운프라자,,,TRADE_0A3A2AA6A0D0,unmatched,0.0,0.0,0,48330|신명동7길|15,48330|명동|1077-2,strict_full_lot,True,
48330,동면사송리,1233,더샵데시앙3차,더샵데시앙3차,더샵데시앙3차9단지아파트,A10022754,A10022754,road_legal_address_exact,100.0,82.35294117647058,1,48330|사송로|133,48330|동면사송리|1233,strict_full_lot,False,
26140,암남동,64-1,삼성비치타운,삼성비치타운,정림비치타운아파트,A60283005,A60283005,legal_address_main,66.66666666666667,66.66666666666667,1,26140|감천로|261,26140|암남동|64-1,standard,True,
26170,초량동,100-11,한성아트빌,한성아트빌,,,TRADE_43EA74037636,unmatched,0.0,15.384615384615385,10,26170|초량상로|121,26170|초량동|100-11,standard,True,
26200,영선동3가,20-7,선경하우스,선경하우스,,,TRADE_F7B6D2F9B8AB,unmatched,0.0,0.0,0,26200|절영로93번길|4,26200|영선동3가|20-7,standard,True,
26230,전포동,662-9,포세이돈비,포세이돈비,,,TRADE_0880A6FDFDB3,unmatched,0.0,30.76923076923077,23,26230|서전로37번길|17-2,26230|전포동|662-9,standard,True,
26260,온천동,1378-19,남평파크뷰,남평파크뷰,,,TRADE_AA610EE542EE,unmatched,0.0,28.57142857142857,42,26260|여고북로73번길|38,26260|온천동|1378-19,standard,True,
26260,낙민동,288-44,낙민역삼정그린코아더시티,낙민역삼정그린코아더시티,낙민역 삼정그린코아 더시티,A10022634,A10022634,road_legal_address_exact,100.0,100.0,1,26260|충렬대로|264,26260|낙민동|288-44,standard,False,
26350,재송동,210-10,협성루에나센텀,협성루에나센텀,협성루에나센텀,A10023423,A10023423,road_legal_address_exact,100.0,100.0,1,26350|재송1로|5,26350|재송동|210-10,standard,False,
26440,강동동,가-,에코델타호반써밋스마트시티,에코델타호반써밋스마트시티,부산호반써밋스마트시티아파트,A10022696,A10022696,road_address_exact,100.0,75.0,1,26440|에코대로|243,,standard,False,
26470,거제동,491-2,우정하이츠빌라,우정하이츠빌라(491-2),,,TRADE_4D41AC21DC33,unmatched,0.0,42.85714285714286,41,26470|거제대로178번길|32,26470|거제동|491-2,standard,True,
26530,괘법동,821-5,풍경,풍경아파트,,,TRADE_70E0FB6B8810,unmatched,0.0,0.0,11,26530|사상로250번길|10,26530|괘법동|821-5,standard,True,
26530,괘법동,986,사상더베스트,사상더베스트,사상더베스트아파트,A10022312,A10022312,road_address_exact,100.0,100.0,1,26530|사상로148번길|25,26530|괘법동|986,standard,False,
48250,신문동,1528,장유자이더파크,장유자이더파크,장유자이더파크,A10022703,A10022703,road_legal_address_exact,100.0,100.0,1,48250|장유로334번길|67,48250|신문동|1528,strict_full_lot,False,
26140,암남동,778,e편한세상송도더퍼스트비치,e편한세상송도더퍼스트비치,e편한세상 송도 더퍼스트비치,A10022434,A10022434,road_address_exact,100.0,100.0,1,26140|충무대로21번길|9,26140|암남동|778,standard,False,
26230,개금동,337,삼우빌라,삼우빌라,,,TRADE_A78875746506,unmatched,0.0,44.44444444444444,23,26230|개금본동로4번길|14,26230|개금동|337,standard,True,
26410,구서동,415-4,삼흥펠리스빌,삼흥펠리스빌,,,TRADE_DE3B4298ADF7,unmatched,0.0,16.666666666666664,25,26410|수림로50번길|154,26410|구서동|415-4,standard,True,
26410,구서동,203-3,구서다움파크,구서다움파크,,,TRADE_B2811E987BEF,unmatched,0.0,42.85714285714286,25,26410|중앙대로1893번길|50,26410|구서동|203-3,standard,True,
26470,연산동,1310-19,해운빌리지,해운빌리지,,,TRADE_09F7532FC9BB,unmatched,0.0,19.999999999999996,65,26470|중앙대로1050번길|1,26470|연산동|1310-19,standard,True,
26140,서대신동3가,387-9,부산빌라트,부산빌라트,,,TRADE_1009839716F6,unmatched,0.0,0.0,8,26140|구덕로327번길|12,26140|서대신동3가|387-9,standard,True,
26200,동삼동,231-52,골드클래스,골드클래스,,,TRADE_0C13F4E6B22A,unmatched,0.0,0.0,23,26200|동삼로77번길|12,26200|동삼동|231-52,standard,True,
26260,온천동,100-13,래미안포레스티지,래미안포레스티지,래미안포레스티지,A10022002,A10022002,dong_fuzzy,100.0,100.0,42,26260|금강로151번길|46,26260|온천동|100-13,standard,False,
26290,대연동,901-6,대왕골든빌리지,대왕골든빌리지,,,TRADE_68DD27027AFF,unmatched,0.0,28.57142857142857,33,26290|천제등로46번길|19,26290|대연동|901-6,standard,True,
26320,구포동,582,이음골든브릿지,이음골든브릿지,,,TRADE_89EA5C7F0E90,unmatched,0.0,36.36363636363637,22,26320|낙동대로1766번길|11,26320|구포동|582,standard,True,
26410,서동,130-38,부광아트빌,부광아트빌,,,TRADE_9DBF52E92F37,unmatched,0.0,0.0,4,26410|금사로|25,26410|서동|130-38,standard,True,
26470,연산동,478-19,강산마을,강산마을,,,TRADE_75FEB4C7C328,unmatched,0.0,25.0,65,26470|고분로235번길|31,26470|연산동|478-19,standard,True,
26500,광안동,170-10,해변빌라,해변빌라,,,TRADE_206838C4C464,unmatched,0.0,16.666666666666664,22,26500|수영로540번길|66,26500|광안동|170-10,standard,True,
26530,주례동,336,선도아트빌,선도아트빌,,,TRADE_748CA4B99BC8,unmatched,0.0,16.666666666666664,23,26530|가야대로277번길|30,26530|주례동|336,standard,True,
48330,동면석산리,1537,더샵남양산센텀포레,더샵남양산센텀포레,,,TRADE_A294DC51B50E,unmatched,0.0,0.0,0,48330|석산2길|14,48330|동면석산리|1537,strict_full_lot,True,
26140,암남동,227-1,거북맨션,거북맨션,,,TRADE_F0434FA558A4,unmatched,0.0,15.384615384615385,14,26140|충무대로|58,26140|암남동|227-1,standard,True,
26170,범일동,120-2,범일퀸즈w에디션,범일퀸즈W에디션,부산 범일퀸즈W에디션,A10022650,A10022650,road_legal_address_exact,100.0,88.88888888888889,1,26170|중앙대로|493,26170|범일동|120-2,standard,False,
26230,연지동,420,래미안어반파크2단지,래미안어반파크2단지,래미안 어반파크,A10023616,A10023616,dong_fuzzy,82.35294117647058,82.35294117647058,14,26230|성지로83번길|76,26230|연지동|420,standard,True,
26320,화명동,264-1,해림에이동,해림아파트에이동,,,TRADE_F6FD9C00777D,unmatched,0.0,22.22222222222222,29,26320|대천천길|91-21,26320|화명동|264-1,standard,True,
26500,광안동,1055-22,부전,부전,,,TRADE_B399F31B16B2,unmatched,0.0,0.0,22,26500|광서로36번길|15,26500|광안동|1055-22,standard,True,
26710,기장읍대라리,145-4,금강궁전1,금강궁전-1,,,TRADE_68B016EBEF37,unmatched,0.0,72.72727272727273,4,26710|대청로21번길|15,26710|기장읍대라리|145-4,standard,True,
48330,동면사송리,1242,사송역우미린포레스트,사송역우미린포레스트,사송역 우미린 포레스트,A10022488,A10022488,road_legal_address_exact,100.0,100.0,1,48330|사송로|55,48330|동면사송리|1242,strict_full_lot,False,
26290,대연동,1725-3,광이하이빌a동,광이하이빌A동,,,TRADE_D340FAD9B7C4,unmatched,0.0,18.181818181818176,33,26290|유엔로157번나길|35,26290|대연동|1725-3,standard,True,
26320,구포동,1030-75,창신,창신(B동),,,TRADE_7E4C665BA084,unmatched,0.0,25.0,22,26320|가람로24번길|20-1,26320|구포동|1030-75,standard,True,
26470,연산동,2416,연산포레서희스타힐스,연산포레서희스타힐스,연산포레서희스타힐스,A10022365,A10022365,road_address_exact,100.0,100.0,1,26470|묘봉산로|30,26470|연산동|2416,standard,False,
26470,거제동,1535,거제미소지움더퍼스트,거제미소지움더퍼스트,거제 미소지움 더퍼스트 아파트,A10022565,A10022565,road_address_exact,100.0,100.0,1,26470|거제대로|275,26470|거제동|1535,standard,False,
26500,민락동,784,테넌바움294,테넌바움294,테넌바움294,A10022868,A10022868,road_address_exact,100.0,100.0,1,26500|광안해변로|323,26500|민락동|784,standard,False,
48250,어방동,506-14,신성하이츠빌라,신성하이츠빌라,,,TRADE_BF925E219632,unmatched,0.0,0.0,0,48250|활천로208번길|40,48250|어방동|506-14,strict_full_lot,True,
48250,어방동,483-1,더블리안,더블리안Ⅱ,,,TRADE_A2AA4B09E8D5,unmatched,0.0,0.0,0,48250|활천로237번길|5-13,48250|어방동|483-1,strict_full_lot,True,
48330,덕계동,1580-2,트리마제양산2단지,트리마제양산2단지,트리마제 양산 2단지,A10022423,A10022423,road_legal_address_exact,100.0,100.0,1,48330|신덕계2길|49,48330|덕계동|1580-2,strict_full_lot,False,
26170,초량동,827-268,체어빌골드,체어빌골드,,,TRADE_EF75D0C53E4D,unmatched,0.0,0.0,10,26170|초량로108번길|3-6,26170|초량동|827-268,standard,True,
26230,부암동,52-8,허브팰리스더파크,허브팰리스더파크,,,TRADE_0910DFFD614E,unmatched,0.0,37.5,27,26230|시민공원로19번길|51,26230|부암동|52-8,standard,True,
26260,온천동,1249-3,메종나인,메종나인,,,TRADE_7A4B2560C471,unmatched,0.0,33.333333333333336,42,26260|아시아드대로|229,26260|온천동|1249-3,standard,True,
26410,청룡동,31-5,청산빌라,청산빌라,,,TRADE_947BA4DC6934,unmatched,0.0,33.333333333333336,4,26410|청룡로|29,26410|청룡동|31-5,standard,True,
48330,덕계동,1579-1,트리마제양산1단지,트리마제양산1단지,트리마제양산1단지,A10022437,A10022437,road_legal_address_exact,100.0,100.0,1,48330|신덕계2길|15,48330|덕계동|1579-1,strict_full_lot,False,
26200,청학동,59-23,보성아트빌,보성아트빌,,,TRADE_6B381082CF79,unmatched,0.0,26.66666666666667,9,26200|태종로|408-4,26200|청학동|59-23,standard,True,
26380,신평동,417,신선,신선(417-0),,,TRADE_DA3884F62418,unmatched,0.0,33.333333333333336,15,26380|비봉로21번길|22,26380|신평동|417,standard,True,
26410,장전동,75-1,동아썬빌라,동아썬빌라,,,TRADE_B7D815DDD97F,unmatched,0.0,19.999999999999996,17,26410|수림로|130,26410|장전동|75-1,standard,True,
26170,범일동,658-6,퍼스트빌,퍼스트빌,,,TRADE_52AFD45D995E,unmatched,0.0,15.384615384615385,9,26170|범일일길|17-1,26170|범일동|658-6,standard,True,
26230,양정동,145-5,시청역중앙하이츠,시청역중앙하이츠,,,TRADE_2953EADD00FC,unmatched,0.0,13.33333333333333,13,26230|중앙대로|974,26230|양정동|145-5,standard,True,
26260,수안동,391,동래하이츠빌라,동래하이츠빌라,,,TRADE_FD47723F21D2,unmatched,0.0,53.333333333333336,11,26260|충렬대로237번가길|29,26260|수안동|391,standard,True,
26260,사직동,62-1,아시아드삼정그린코아더시티,아시아드삼정그린코아더시티,,,TRADE_13DBAB5D21F3,unmatched,0.0,57.14285714285714,19,26260|아시아드대로|182,26260|사직동|62-1,standard,True,
26350,우동,1565,해운대경동리인뷰2차,해운대경동리인뷰2차,해운대 경동리인뷰2차,A10022568,A10022568,road_legal_address_exact,100.0,100.0,1,26350|구남로|21,26350|우동|1565,standard,False,
26710,정관읍방곡리,269-7,두리아2차,두리아2차,,,TRADE_B052CD2F09C3,unmatched,0.0,25.0,5,26710|정관덕산1길|8,26710|정관읍방곡리|269-7,standard,True,
48250,신문동,1540,더스카이시티제니스앤프라우,더스카이시티제니스앤프라우,율하 더스카이시티 제니스&프라우,A10020807,A10020807,road_legal_address_exact,100.0,88.88888888888889,1,48250|장유로|500,48250|신문동|1540,strict_full_lot,False,
26140,동대신동2가,330,세진골든빌리지,세진골든빌리지,,,TRADE_7E8E290F3E50,unmatched,0.0,0.0,1,26140|구덕로322번길|6,26140|동대신동2가|330,standard,True,
26200,동삼동,325-232,한나라빌6동7동,한나라빌6동7동,,,TRADE_14C1DE4480DA,unmatched,0.0,28.57142857142857,23,26200|와치로|175,26200|동삼동|325-232,standard,True,
26230,부암동,756,롯데캐슬라센트,롯데캐슬라센트,롯데캐슬라센트,A10022844,A10022844,road_address_exact,100.0,100.0,1,26230|백양순환로|75,26230|부암동|756,standard,False,
26260,사직동,48-7,제세하이빌,제세하이빌(48-7),,,TRADE_EB0F21DABB68,unmatched,0.0,22.22222222222222,19,26260|사직북로28번길|17,26260|사직동|48-7,standard,True,
26260,안락동,945-3,동래화목별동,동래화목별동,,,TRADE_524A86944A59,unmatched,0.0,66.66666666666667,15,26260|충렬사로|51,26260|안락동|945-3,standard,True,
26350,중동,1477-9,라메르빌라,라메르빌라,,,TRADE_D7D47DDDEE77,unmatched,0.0,50.0,29,26350|달맞이길117번나길|137,26350|중동|1477-9,standard,True,
26500,광안동,141-2,아침해오름,아침해오름,,,TRADE_1516A566E935,unmatched,0.0,28.57142857142857,22,26500|수영로606번길|12,26500|광안동|141-2,standard,True,
26500,광안동,1077-30,신라탑스빌,신라탑스빌,,,TRADE_AA9A454F1FEE,unmatched,0.0,18.181818181818176,22,26500|수영로665번길|12,26500|광안동|1077-30,standard,True,
26530,괘법동,270-9,파크블루11차,파크블루11차,,,TRADE_652CA636247C,unmatched,0.0,25.0,11,26530|광장로87번길|77,26530|괘법동|270-9,standard,True,
48250,내덕동,794,장유역중흥s클래스더퍼스트,장유역중흥S-클래스더퍼스트,,,TRADE_1E1D7DDD5E3D,unmatched,0.0,0.0,0,48250|외덕로|125,48250|내덕동|794,strict_full_lot,True,
48250,어방동,1108-4,우림아트빌,우림아트빌,,,TRADE_AB31E7E0A481,unmatched,0.0,0.0,0,48250|김해대로2529번길|34,48250|어방동|1108-4,strict_full_lot,True,
26230,초읍동,519-5,초읍포레스타,초읍포레스타아파트,,,TRADE_D791A4434B02,unmatched,0.0,66.66666666666667,10,26230|성지로74번나길|56,26230|초읍동|519-5,standard,True,
26230,부전동,423-4,다솜빌,다솜빌,,,TRADE_5BC5DDB39B9C,unmatched,0.0,0.0,7,26230|부전로95번길|40,26230|부전동|423-4,standard,True,
26230,가야동,361-55,블루스카이,블루스카이,,,TRADE_4D75D6ED6619,unmatched,0.0,37.5,12,26230|엄광로|244,26230|가야동|361-55,standard,True,
26290,대연동,1727-2,장산파크빌,장산파크빌,,,TRADE_F52EF3A4B17A,unmatched,0.0,36.36363636363637,33,26290|유엔평화로13번길|61,26290|대연동|1727-2,standard,True,
26410,구서동,260-5,용진베스트빌라,용진베스트빌라,,,TRADE_D5927C5D7BEE,unmatched,0.0,15.384615384615385,25,26410|금강로453번길|11,26410|구서동|260-5,standard,True,
26710,기장읍동부리,335-10,금강센스빌제101동,금강센스빌제101동,,,TRADE_1AA1AB9BB72E,unmatched,0.0,25.0,4,26710|차성서로|152-12,26710|기장읍동부리|335-10,standard,True,
48250,진영읍여래리,971,센텀큐브,센텀큐브,센텀 큐브아파트,A10026586,A10026586,road_legal_address_exact,100.0,100.0,1,48250|김해대로|461,48250|진영읍여래리|971,strict_full_lot,False,
48330,덕계동,724-86,포레스트퀸101동,포레스트퀸101동,,,TRADE_946CCF1FEE96,unmatched,0.0,0.0,0,48330|덕계10길|9,48330|덕계동|724-86,strict_full_lot,True,
48330,상북면석계리,1176,두산위브더제니스양산,두산위브더제니스양산,두산위브더제니스양산,A10022561,A10022561,road_legal_address_exact,100.0,100.0,1,48330|석계로|15,48330|상북면석계리|1176,strict_full_lot,False,
48330,물금읍가촌리,1276-3,양산신도시엘에이치5단지,양산신도시엘에이치아파트5단지,양산신도시엘에이치아파트 5단지,A10027564,A10027564,road_legal_address_exact,100.0,100.0,1,48330|새실로|54,48330|물금읍가촌리|1276-3,strict_full_lot,False,
26140,서대신동1가,139,창조드림빌라,창조드림빌라,,,TRADE_7D73882B0ACE,unmatched,0.0,0.0,1,26140|대영로38번길|8,26140|서대신동1가|139,standard,True,
26200,동삼동,1195,오션라이프에일린의뜰1단지,오션라이프에일린의뜰1단지,오션라이프에일린의 뜰,A10022267,A10022267,road_address_exact,100.0,86.95652173913044,1,26200|태종로|611,26200|동삼동|1195,standard,False,
26230,초읍동,681,초읍하늘채포레스원,초읍하늘채포레스원,초읍하늘채포레스원아파트,A10022574,A10022574,road_address_exact,100.0,100.0,1,26230|성지로|117,26230|초읍동|681,standard,False,
26230,부암동,610-88,백양산서희스타힐스,백양산서희스타힐스,백양산서희스타힐스(백양산서희스타힐스),A10020721,A10020721,road_legal_address_exact,100.0,100.0,1,26230|백양산로|22,26230|부암동|610-88,standard,False,
26260,온천동,1862,래미안포레스티지2단지,래미안포레스티지2단지,래미안포레스티지,A10022002,A10022002,road_address_exact,100.0,84.21052631578947,1,26260|금강로131번길|42,26260|온천동|1862,standard,False,
26290,대연동,1725-7,삼원파크,삼원파크,,,TRADE_793DDB2ACD1A,unmatched,0.0,33.333333333333336,33,26290|유엔로157번나길|29,26290|대연동|1725-7,standard,True,
26320,덕천동,326-7,삼양파크빌,삼양파크빌(326-7),,,TRADE_737F13A470A2,unmatched,0.0,36.36363636363637,16,26320|금곡대로|38-1,26320|덕천동|326-7,standard,True,
26320,덕천동,361,포레나부산덕천3차,포레나부산덕천3차,포레나 부산덕천3차,A10020621,A10020621,road_legal_address_exact,100.0,100.0,1,26320|만덕대로|127,26320|덕천동|361,standard,False,
26350,반여동,1699,드파인센텀,드파인센텀,드파인센텀아파트,A10022405,A10022405,road_address_exact,100.0,100.0,1,26350|선수촌로|30,26350|반여동|1699,standard,False,
26410,부곡동,64-25,까치빌라트,까치빌라트,,,TRADE_A54B3F3694BF,unmatched,0.0,15.384615384615385,27,26410|중앙대로1763번길|36-14,26410|부곡동|64-25,standard,True,
26470,연산동,1405-26,새둥지빌라,새둥지빌라(1405-26),,,TRADE_CF19AF7B9F68,unmatched,0.0,19.999999999999996,65,26470|중앙대로1065번길|47,26470|연산동|1405-26,standard,True,
26500,광안동,165-14,예담빌라,예담빌라,,,TRADE_DD0F9CFF2430,unmatched,0.0,18.181818181818176,22,26500|광안로16번길|54,26500|광안동|165-14,standard,True,
26530,감전동,134-1,엘메르,엘메르,,,TRADE_2B8BD07EAE92,unmatched,0.0,22.22222222222222,2,26530|학감대로267번길|21,26530|감전동|134-1,standard,True,
48250,부원동,8-5,한샘빌라트,한샘빌라트,,,TRADE_1F7B9DDAE292,unmatched,0.0,0.0,0,48250|분성로390번길|29,48250|부원동|8-5,strict_full_lot,True,
48330,동면내송리,901,양산사송제일풍경채퍼스트파크,양산사송제일풍경채퍼스트파크,사송제일풍경채 퍼스트파크,A10022676,A10022676,road_legal_address_exact,100.0,92.3076923076923,1,48330|내송큰들로|140,48330|동면내송리|901,strict_full_lot,False,
26170,좌천동,822-55,노블시티,노블시티,,,TRADE_65C7B5C4330F,unmatched,0.0,0.0,5,26170|좌천로|57,26170|좌천동|822-55,standard,True,
26170,초량동,432,배룡그린빌라,배룡그린빌라,,,TRADE_05E639A00C8A,unmatched,0.0,11.764705882352944,10,26170|초량중로|58,26170|초량동|432,standard,True,
26200,동삼동,1203,오션라이프에일린의뜰2단지,오션라이프에일린의뜰2단지,오션라이프에일린의 뜰,A10022267,A10022267,dong_fuzzy,86.95652173913044,86.95652173913044,23,26200|태종로|675,26200|동삼동|1203,standard,True,
26230,개금동,177-210,남경,남경(177-210),,,TRADE_6CD30431BBAC,unmatched,0.0,0.0,23,26230|가야대로454번길|34,26230|개금동|177-210,standard,True,
26230,양정동,541,양정자이더샵skview,양정자이더샵SKVIEW아파트(2단지),양정자이더샵SKVIEW,A10020870,A10020870,road_address_exact,100.0,100.0,1,26230|진남로|554,26230|양정동|541,standard,False,
26380,장림동,1154,두산위브더제니스센트럴사하,두산위브더제니스센트럴사하,두산위브더센트럴사하,A10022280,A10022280,road_legal_address_exact,100.0,86.95652173913044,1,26380|장림로|199,26380|장림동|1154,standard,False,
26380,괴정동,335-10,목련아트빌,목련아트빌,,,TRADE_71C2059A12E4,unmatched,0.0,16.666666666666664,29,26380|낙동대로140번길|21,26380|괴정동|335-10,standard,True,
26410,장전동,135-7,덕한빌라,덕한빌라,,,TRADE_C08D77E81C35,unmatched,0.0,22.22222222222222,17,26410|수림로85번길|39,26410|장전동|135-7,standard,True,
26530,괘법동,551-11,대현빌라,대현빌라,,,TRADE_7084D524EDEA,unmatched,0.0,13.33333333333333,11,26530|광장로104번길|26,26530|괘법동|551-11,standard,True,
48250,부원동,720,금림5차,금림5차,,,TRADE_830178076B21,unmatched,0.0,0.0,0,48250|가락로64번길|20-5,48250|부원동|720,strict_full_lot,True,
26410,장전동,204-9,화신,화신,,,TRADE_15BEACDA6817,unmatched,0.0,28.57142857142857,17,26410|수림로49번길|15,26410|장전동|204-9,standard,True,
26230,초읍동,679,초읍월드메르디앙에듀포레,초읍월드메르디앙에듀포레,초읍 월드메르디앙 에듀포레,A10020675,A10020675,road_legal_address_exact,100.0,100.0,1,26230|성지로94번길|74,26230|초읍동|679,standard,False,
26230,부전동,423-9,대원빌라2차,대원빌라2차,,,TRADE_B7DF946C6AE2,unmatched,0.0,16.666666666666664,7,26230|가야대로747번길|25,26230|부전동|423-9,standard,True,
26320,구포동,1030-64,도형리치빌a동,도형리치빌A동,,,TRADE_B97BD68C7605,unmatched,0.0,15.384615384615385,22,26320|가람로8번길|9,26320|구포동|1030-64,standard,True,
26140,서대신동3가,409,대윤스위트,대윤스위트,,,TRADE_0557CA5FA175,unmatched,0.0,26.66666666666667,8,26140|구덕로321번길|22,26140|서대신동3가|409,standard,True,
26230,범천동,1123-124,서면서한이다음,서면서한이다음,서면서한이다음,A10020754,A10020754,road_legal_address_exact,100.0,100.0,1,26230|엄광로384번길|48,26230|범천동|1123-124,standard,False,
26350,중동,909,해운대석포로얄캐슬,해운대석포로얄캐슬,,,TRADE_49767A466AD8,unmatched,0.0,55.55555555555556,29,26350|좌동순환로|422,26350|중동|909,standard,True,
48250,진영읍진영리,1572,수홍하이랜드9차,수홍하이랜드9차,,,TRADE_110983B5247F,unmatched,0.0,0.0,0,48250|김해대로332번길|56,48250|진영읍진영리|1572,strict_full_lot,True,
26230,부전동,674,태석해오름a,태석해오름A,,,TRADE_5BAAAA9550CE,unmatched,0.0,19.999999999999996,7,26230|신천대로165번길|36,26230|부전동|674,standard,True,
26290,대연동,1281-9,명성빌리지,명성빌리지,,,TRADE_41FA3B9FBFC9,unmatched,0.0,25.0,33,26290|진남로69번길|30,26290|대연동|1281-9,standard,True,
26320,덕천동,315-9,미금기찰빌라,미금기찰빌라,,,TRADE_9A45C978F639,unmatched,0.0,18.181818181818176,16,26320|의성로74번길|38,26320|덕천동|315-9,standard,True,
26350,송정동,191-5,신우빌라,신우빌라,,,TRADE_28AA562307B4,unmatched,0.0,15.384615384615385,5,26350|송정중앙로15번길|29,26350|송정동|191-5,standard,True,
26380,하단동,510-15,사하삼정그린코아더시티,사하삼정그린코아더시티,사하삼정그린코아더시티,A10020808,A10020808,road_address_exact,100.0,100.0,1,26380|승학로3번길|47,26380|하단동|510-15,standard,False,
26440,강동동,BL-20,강서자이에코델타,강서자이에코델타,강서자이 에코델타,A10020645,A10020645,road_address_exact,100.0,100.0,1,26440|에코델타1로|24,26440|강동동|20,standard,False,
26470,연산동,1480-14,서진하이트빌,서진하이트빌,,,TRADE_D4A8D6AEBF76,unmatched,0.0,72.72727272727273,65,26470|거제천로124번길|28,26470|연산동|1480-14,standard,True,
26500,광안동,774-26,광안에코하임센트럴뷰,광안에코하임센트럴뷰,,,TRADE_F22B812AB314,unmatched,0.0,35.29411764705882,22,26500|수영로|557-1,26500|광안동|774-26,standard,True,
48250,삼정동,596-5,경남리더빌,경남리더빌,,,TRADE_54082750FA1C,unmatched,0.0,0.0,0,48250|활천로24번길|41,48250|삼정동|596-5,strict_full_lot,True,
48250,삼정동,654-4,가야일동빌라,가야일동빌라,,,TRADE_E5B6C83167EF,unmatched,0.0,0.0,0,48250|분성로512번길|60,48250|삼정동|654-4,strict_full_lot,True,
26230,초읍동,292-28,,(292-28),,,TRADE_A563C92A840D,unmatched,0.0,0.0,0,26230|새싹로|281,26230|초읍동|292-28,standard,True,
26260,온천동,1863,래미안포레스티지3단지,래미안포레스티지3단지,래미안포레스티지,A10022002,A10022002,dong_fuzzy,84.21052631578947,84.21052631578947,42,26260|금강로131번길|41,26260|온천동|1863,standard,True,
26290,대연동,573-20,금양에이스,금양에이스,,,TRADE_110E0C75F924,unmatched,0.0,22.22222222222222,33,26290|용소로64번길|46,26290|대연동|573-20,standard,True,
26410,구서동,177-22,궁전빌리지,궁전빌리지,,,TRADE_35C742C0FFF9,unmatched,0.0,18.181818181818176,25,26410|중앙대로1930번길|14,26410|구서동|177-22,standard,True,
26410,구서동,86-73,구서1차봄여름가을겨울,구서1차봄여름가을겨울,,,TRADE_BB7093042AF7,unmatched,0.0,35.29411764705882,25,26410|수림로50번길|190,26410|구서동|86-73,standard,True,
26200,청학동,48-98,플러스원,플러스원,,,TRADE_52FDAFB62300,unmatched,0.0,19.999999999999996,9,26200|태종로|417-25,26200|청학동|48-98,standard,True,
26230,부전동,573-5,서면동원시티비스타,서면동원시티비스타,서면동원시티비스타,A10022733,A10022733,road_legal_address_exact,100.0,100.0,1,26230|중앙대로783번길|11,26230|부전동|573-5,standard,False,
26380,감천동,547-5,태린비주펠리스,태린비주펠리스,,,TRADE_9B716C7CEBD8,unmatched,0.0,30.76923076923077,10,26380|옥천로|25,26380|감천동|547-5,standard,True,
26410,장전동,233-22,반야빌라,반야빌라,,,TRADE_C0B8896E1EA0,unmatched,0.0,0.0,17,26410|금강로|309,26410|장전동|233-22,standard,True,
26440,강동동,가-,에코델타스마트시티수자인,에코델타스마트시티수자인,에코델타 스마트시티 수자인,A10022541,A10022541,road_address_exact,100.0,100.0,1,26440|에코중앙1로|33,,standard,False,
26470,연산동,2404,시청역삼정그린코아포레스트,시청역삼정그린코아포레스트,시청역삼정그린코아포레스트,A10023308,A10023308,road_legal_address_exact,100.0,100.0,1,26470|거제천로|82,26470|연산동|2404,standard,False,
26470,연산동,2398,시청역동원시티비스타,시청역동원시티비스타,,,TRADE_626773232AAD,unmatched,0.0,66.66666666666667,65,26470|신촌로17번길|8,26470|연산동|2398,standard,True,
26530,감전동,332-1,스카이뷰,스카이뷰,,,TRADE_18ED07203308,unmatched,0.0,19.999999999999996,2,26530|백양대로|546,26530|감전동|332-1,standard,True,
26710,기장읍연화리,517,쌍용더플래티넘오시리아,쌍용더플래티넘오시리아,쌍용 더 플래티넘 오시리아,A10021016,A10021016,road_address_exact,100.0,100.0,1,26710|연화길|24,26710|기장읍연화리|517,standard,False,
26710,기장읍대라리,260-3,대라하이츠,대라하이츠,,,TRADE_C8BF5A7A7013,unmatched,0.0,19.999999999999996,4,26710|대청로|13,26710|기장읍대라리|260-3,standard,True,
26710,기장읍동부리,335-12,월드파크a동,월드파크A동,,,TRADE_0C71CF6F704E,unmatched,0.0,0.0,4,26710|차성로321번길|15,26710|기장읍동부리|335-12,standard,True,
48250,무계동,575,남명더라우1단지,남명더라우1단지,김해 무계 남명 더라우 아파트 1단지,A10027132,A10027132,road_legal_address_exact,100.0,80.0,1,48250|무계로|80,48250|무계동|575,strict_full_lot,False,
48330,상북면소토리,591-9,토원,토원,,,TRADE_DD1A09716745,unmatched,0.0,0.0,0,48330|양산대로|1260,48330|상북면소토리|591-9,strict_full_lot,True,
26230,부전동,679,서면롯데캐슬엘루체,서면롯데캐슬엘루체,서면롯데캐슬엘루체,A10022984,A10022984,road_address_exact,100.0,100.0,1,26230|신천대로126번길|42,26230|부전동|679,standard,False,
26260,온천동,1861,래미안포레스티지1단지,래미안포레스티지1단지,래미안포레스티지,A10022002,A10022002,legal_address_exact,100.0,84.21052631578947,1,26260|금강로151번길|46,26260|온천동|1861,standard,False,
26530,괘법동,527-2,보해썬시티리버파크,보해썬시티리버파크,보해썬시티리버파크,A10022174,A10022174,road_legal_address_exact,100.0,100.0,1,26530|사상로223번길|61,26530|괘법동|527-2,standard,False,
48250,무계동,574,남명더라우2단지,남명더라우2단지,김해무계 남명더라우아파트2단지,A10027140,A10027140,road_legal_address_exact,100.0,80.0,1,48250|무계로|79,48250|무계동|574,strict_full_lot,False,
48250,삼계동,301-2,을지뷰어빌102동,을지뷰어빌102동,,,TRADE_9266CD23AB41,unmatched,0.0,0.0,0,48250|김해대로|1830-2,48250|삼계동|301-2,strict_full_lot,True,
26380,신평동,444-1,중앙하이츠더힐,중앙하이츠더힐,중앙하이즈더힐 ,A10020042,A10020042,road_address_exact,100.0,85.71428571428572,1,26380|비봉로|77,26380|신평동|444-1,standard,False,
26500,망미동,253-12,예광스카이파크,예광스카이파크,,,TRADE_A521EDC9E03F,unmatched,0.0,23.529411764705888,12,26500|구락로75번길|26,26500|망미동|253-12,standard,True,
26140,부용동1가,61,서원블루오션g동,서원블루오션G동,,,TRADE_1F8240EF6911,unmatched,0.0,0.0,1,26140|구덕로244번길|6,26140|부용동1가|61,standard,True,
26230,부암동,759,시민공원비스타동원,시민공원비스타동원,시민공원비스타동원,A10020458,A10020458,road_legal_address_exact,100.0,100.0,1,26230|동평로|149,26230|부암동|759,standard,False,
26290,대연동,877-4,주원,주원,,,TRADE_96BBC7F44344,unmatched,0.0,33.333333333333336,33,26290|유엔평화로41번길|33,26290|대연동|877-4,standard,True,
26380,괴정동,764,금일아트빌,금일아트빌,,,TRADE_8BD919B2CB17,unmatched,0.0,16.666666666666664,29,26380|낙동대로280번길|8,26380|괴정동|764,standard,True,
26410,장전동,752,래미안포레스티지1단지,래미안포레스티지1단지(장전동),,,TRADE_8FA1FD466922,unmatched,0.0,37.5,17,26410|식물원로75번길|20,26410|장전동|752,standard,True,
26410,구서동,1007-7,일신크리스탈빌라,일신크리스탈빌라,,,TRADE_0798E7A3E8CB,unmatched,0.0,33.333333333333336,25,26410|두실로|55-20,26410|구서동|1007-7,standard,True,
48250,신문동,가-,더샵신문그리니티,더샵신문그리니티,,,TRADE_1563866A0E4D,unmatched,0.0,0.0,0,48250|신문중앙로|110,,strict_full_lot,True,
48250,구산동,1096,김해구산푸르지오파크테르,김해구산푸르지오파크테르,김해구산푸르지오파크테르아파트,A10020763,A10020763,road_legal_address_exact,100.0,100.0,1,48250|가락로|354,48250|구산동|1096,strict_full_lot,False,
48330,북부동,694-7,플리체힐,플리체힐,,,TRADE_2DFAD8BDFAD4,unmatched,0.0,0.0,0,48330|북안북2길|22-17,48330|북부동|694-7,strict_full_lot,True,
26140,서대신동2가,76,,(76-0),,,TRADE_D3C269C98075,unmatched,0.0,0.0,0,26140|구덕로301번길|12,26140|서대신동2가|76,standard,True,
26170,수정동,389-20,북항에코하임센트럴뷰,북항에코하임센트럴뷰,북항에코하임센트럴뷰,A10020980,A10020980,road_legal_address_exact,100.0,100.0,1,26170|초량상로|138,26170|수정동|389-20,standard,False,
26230,개금동,177-143,대정그린빌,대정그린빌,,,TRADE_107828D9695C,unmatched,0.0,22.22222222222222,23,26230|가야대로468번길|7-5,26230|개금동|177-143,standard,True,
26230,전포동,33-433,동광하이빌,동광하이빌(103),,,TRADE_27E56F1CA086,unmatched,0.0,30.76923076923077,23,26230|전포대로276번길|36-9,26230|전포동|33-433,standard,True,
26260,온천동,300-5,디아트50,디아트50,,,TRADE_6A99A86DC0F9,unmatched,0.0,23.529411764705888,42,26260|차밭골로50번길|11,26260|온천동|300-5,standard,True,
26380,하단동,870-22,선경쉐르빌,선경쉐르빌,,,TRADE_2E96E0F1B5F0,unmatched,0.0,0.0,12,26380|낙동남로1347번길|46,26380|하단동|870-22,standard,True,
26500,광안동,379-35,디아이세라뷰,디아이세라뷰,,,TRADE_C45E5392F6DA,unmatched,0.0,25.0,22,26500|수영로545번가길|8,26500|광안동|379-35,standard,True,
48250,삼정동,598-8,삼성맥스빌4차,삼성맥스빌4차,,,TRADE_01AE4C56F659,unmatched,0.0,0.0,0,48250|활천로24번길|3,48250|삼정동|598-8,strict_full_lot,True,
48250,주촌면선지리,1535,e편한세상주촌더프리미어,e편한세상주촌더프리미어,e편한세상 주촌 더프리미어,A10020301,A10020301,road_legal_address_exact,100.0,100.0,1,48250|주선로|140,48250|주촌면선지리|1535,strict_full_lot,False,
48250,내덕동,788,김해장유역한라비발디센트로,김해장유역한라비발디센트로아파트,,,TRADE_AD207774DD72,unmatched,0.0,0.0,0,48250|신내덕로|50,48250|내덕동|788,strict_full_lot,True,
48330,주진동,710,양산천년가더힐,양산천년가더힐,양산천년가더힐아파트,A10022796,A10022796,road_legal_address_exact,100.0,100.0,1,48330|번영로|209,48330|주진동|710,strict_full_lot,False,
26140,서대신동2가,79,향원에이스타운,향원에이스타운(79),,,TRADE_12C8AF5FE47F,unmatched,0.0,0.0,3,26140|구덕로301번길|22,26140|서대신동2가|79,standard,True,
26230,양정동,540,양정자이더샵skview,양정자이더샵SKVIEW아파트(1단지),양정자이더샵SKVIEW,A10020870,A10020870,dong_fuzzy,100.0,100.0,13,26230|연수로|38,26230|양정동|540,standard,False,
26230,범천동,881-11,모닝하우스,모닝하우스,,,TRADE_39053A176F5A,unmatched,0.0,19.999999999999996,24,26230|범일로131번길|73,26230|범천동|881-11,standard,True,
26230,초읍동,349-12,화지빌라트,화지빌라트,,,TRADE_A785CD3332BF,unmatched,0.0,19.999999999999996,10,26230|월드컵대로472번길|45,26230|초읍동|349-12,standard,True,
26350,송정동,422-7,영동써니,영동써니,,,TRADE_C34776DB26B6,unmatched,0.0,0.0,5,26350|송정광어골로82번길|122,26350|송정동|422-7,standard,True,
26350,우동,1072-56,프린스빌라,프린스빌라,,,TRADE_EB758A33EA93,unmatched,0.0,44.44444444444444,49,26350|해운대로469번나길|9-6,26350|우동|1072-56,standard,True,
48250,삼문동,1280,김해대청천에피트,김해대청천에피트,,,TRADE_1E87CD5F8221,unmatched,0.0,0.0,0,48250|삼문로|61,48250|삼문동|1280,strict_full_lot,True,
48330,중부동,158,양산우방아이유쉘중부센트럴,양산우방아이유쉘중부센트럴,,,TRADE_C97A8FA50B09,unmatched,0.0,0.0,0,48330|일동6길|4,48330|중부동|158,strict_full_lot,True,
26230,양정동,542,양정자이더샵skview,양정자이더샵SKVIEW아파트(3단지),양정자이더샵SKVIEW,A10020870,A10020870,dong_fuzzy,100.0,100.0,13,26230|진남로|552,26230|양정동|542,standard,False,
26290,대연동,294-7,희성수빌리지,희성수빌리지,,,TRADE_526768F54AAC,unmatched,0.0,22.22222222222222,33,26290|진남로25번길|2,26290|대연동|294-7,standard,True,
26380,다대동,1125,정원포트빌,정원포트빌,,,TRADE_84DD7C141902,unmatched,0.0,28.57142857142857,28,26380|다대로543번길|17-5,26380|다대동|1125,standard,True,
26110,영주동,68-5,로얄플러스빌라,로얄플러스빌라,,,TRADE_42B734725697,unmatched,0.0,15.384615384615385,5,26110|중앙공원로|107,26110|영주동|68-5,standard,True,
26230,양정동,406-5,아틀리에933,아틀리에933,,,TRADE_723A8296C90B,unmatched,0.0,14.28571428571429,13,26230|중앙대로|933,26230|양정동|406-5,standard,True,
26230,가야동,702,가야역롯데캐슬스카이엘,가야역롯데캐슬스카이엘,가야역롯데캐슬스카이엘아파트,A10020213,A10020213,road_address_exact,100.0,100.0,1,26230|가야대로|661,26230|가야동|702,standard,False,
26290,문현동,1257,롯데캐슬인피니엘,롯데캐슬인피니엘,롯데캐슬 인피니엘,A10020004,A10020004,road_address_exact,100.0,100.0,1,26290|지게골로|102,26290|문현동|1257,standard,False,
26290,대연동,1724-1,지산로얄,지산로얄(1724-1),,,TRADE_550817E56C10,unmatched,0.0,33.333333333333336,33,26290|유엔로157번나길|48,26290|대연동|1724-1,standard,True,
26440,강동동,4831-16,에코델타시티푸르지오센터파크,에코델타시티푸르지오센터파크,에코델타시티 푸르지오 센터파크,A10020569,A10020569,road_address_exact,100.0,100.0,1,26440|에코델타1로|66,26440|강동동|4831-16,standard,False,
26530,괘법동,550-16,어진빌라,어진빌라,,,TRADE_DBC8E42C4DBB,unmatched,0.0,13.33333333333333,11,26530|사상로162번길|15,26530|괘법동|550-16,standard,True,
26380,하단동,592-10,대운스카이뷰1차,대운스카이뷰1차,,,TRADE_CEEA98BA24C0,unmatched,0.0,33.333333333333336,12,26380|하신중앙로335번길|32,26380|하단동|592-10,standard,True,
26410,구서동,415-5,구서역포르투나,구서역포르투나,구서역포르투나,A10021202,A10021202,road_legal_address_exact,100.0,100.0,1,26410|수림로50번길|150,26410|구서동|415-5,standard,False,
26410,구서동,420-14,대림포레,대림포레,,,TRADE_D1696300FB6A,unmatched,0.0,18.181818181818176,25,26410|중앙대로1793번길|10,26410|구서동|420-14,standard,True,
26440,강동동,가-,에코델타더베르힐,에코델타더베르힐,에코델타 더 베르힐 아파트,A10020264,A10020264,road_address_exact,100.0,100.0,1,26440|에코델타5로|60,,standard,False,
26440,강동동,BL-19,이편한세상에코델타센터포인트,이편한세상에코델타센터포인트,e편한세상 에코델타 센터포인트,A10020649,A10020649,road_address_exact,100.0,92.85714285714286,1,26440|에코델타1로|42,26440|강동동|19,standard,False,
26440,명지동,3325,스위트팰리스,스위트팰리스,스위트팰리스,A10025923,A10025923,road_legal_address_exact,100.0,100.0,1,26440|명지국제5로|165,26440|명지동|3325,standard,False,
26710,기장읍대변리,442-1,창신빌라,창신빌라,,,TRADE_494C4B83C742,unmatched,0.0,0.0,1,26710|무양2길|8,26710|기장읍대변리|442-1,standard,True,
48330,중부동,402,양산금호리첸시아시그니처,양산금호리첸시아시그니처,금호리첸시아시그니처,A10022579,A10022579,road_legal_address_exact,100.0,90.9090909090909,1,48330|서일동1길|60,48330|중부동|402,strict_full_lot,False,
26140,암남동,115-18,송도자이르네디오션,송도자이르네디오션,송도자이르네디오션 아파트,A10020717,A10020717,road_legal_address_exact,100.0,100.0,1,26140|충무대로|91,26140|암남동|115-18,standard,False,
26290,대연동,455-25,한화포레나부산대연,한화포레나부산대연,한화포레나 부산대연,A10020083,A10020083,road_legal_address_exact,100.0,100.0,1,26290|황령대로492번길|35,26290|대연동|455-25,standard,False,
26350,우동,1566,해운대역푸르지오더원,해운대역푸르지오더원,해운대역푸르지오더원아파트,A10022519,A10022519,road_address_exact,100.0,100.0,1,26350|구남로11번길|30,26350|우동|1566,standard,False,
26470,연산동,1279-13,일천베스파,일천베스파,,,TRADE_D641A384BF35,unmatched,0.0,36.36363636363637,65,26470|거제천로146번길|53,26470|연산동|1279-13,standard,True,
26710,기장읍대라리,89-6,네오빌리즈,네오빌리즈,,,TRADE_F513CA3DBC69,unmatched,0.0,19.999999999999996,4,26710|차성동로50번길|6,26710|기장읍대라리|89-6,standard,True,
48250,어방동,501-8,삼성플러스,삼성플러스,,,TRADE_080B9AAC71B8,unmatched,0.0,0.0,0,48250|활천로214번길|40,48250|어방동|501-8,strict_full_lot,True,
48330,덕계동,1622,양산5차비스타동원솔라스타,양산5차비스타동원솔라스타,양산5차 비스타동원 솔라스타,A10020468,A10020468,road_legal_address_exact,100.0,100.0,1,48330|덕계7길|14,48330|덕계동|1622,strict_full_lot,False,
