lawd_cd,dong,jibun,complex_name_normalized,trade_complex_name,kapt_complex_name,kapt_code,internal_complex_id,match_method,match_score,name_similarity,candidate_count,trade_road_address_key,trade_legal_address_key,manual_review
26110,대청동4가,60-3,형수빌라,형수빌라,,,TRADE_F660740AE1B1,unmatched,0.0,0.0,1,중구|대청북길39번길|3,중구|대청동4가|60-3,True
26110,보수동3가,75-1,서원블루오션f동,서원블루오션F동,,,TRADE_80C5612305BA,unmatched,0.0,0.0,0,중구|대청로|17,중구|보수동3가|75-1,True
26110,부평동2가,47-6,금성,금성,,,TRADE_3BAB9A0534E1,unmatched,0.0,0.0,0,중구|광복로6번길|10-2,중구|부평동2가|47-6,True
26110,대청동4가,34-2,동호이루마시티,동호이루마시티,,,TRADE_C6E745AFCB8F,unmatched,0.0,0.0,1,중구|중구로97번길|3,중구|대청동4가|34-2,True
26110,영주동,91-1,은하,은하아파트,,,TRADE_0F9985F310D1,unmatched,0.0,0.0,5,중구|영주로|87,중구|영주동|91-1,True
26110,동광동5가,16-290,동광,동광,,,TRADE_76E2DD2CFFD2,unmatched,0.0,50.0,1,중구|중구로|124-12,중구|동광동5가|16-290,True
26110,부평동4가,2-1,대근하버빌30차,대근하버빌30차,,,TRADE_49B3C63B4E25,unmatched,0.0,0.0,0,중구|대청로|34,중구|부평동4가|2-1,True
26110,보수동2가,89-5,보수동한웅베어스,보수동한웅베어스,,,TRADE_5EEA0CF68EDE,unmatched,0.0,0.0,0,중구|흑교로|55,중구|보수동2가|89-5,True
26110,부평동4가,57-1,부평부백자연애,부평부백자연애,,,TRADE_D03D2F3E3023,unmatched,0.0,0.0,0,중구|보수대로64번길|11,중구|부평동4가|57-1,True
26110,보수동2가,81-2,보수동봄여름가을겨울,보수동봄여름가을겨울,,,TRADE_3DA3791C8E17,unmatched,0.0,0.0,0,중구|보수대로124번길|59,중구|보수동2가|81-2,True
26110,부평동4가,37-1,부평파크,부평파크,,,TRADE_7A22C5172D09,unmatched,0.0,0.0,0,중구|보수대로64번길|8,중구|부평동4가|37-1,True
26140,암남동,614-5,송도타워맨션,송도타워맨션,,,TRADE_E9187A17F456,unmatched,0.0,40.0,14,서구|송도해변로|33,서구|암남동|614-5,True
26140,서대신동1가,54-5,서대신부백더자연애,서대신부백더자연애아파트,,,TRADE_6F859D44166C,unmatched,0.0,26.66666666666667,1,서구|대영로46번길|7,서구|서대신동1가|54-5,True
26140,토성동5가,34-3,해오름,해오름,,,TRADE_E3D6EDFD126C,unmatched,0.0,0.0,0,서구|구덕로|130,서구|토성동5가|34-3,True
26140,충무동2가,1-5,에코펠리스,에코펠리스,,,TRADE_1CF6CABF4C26,unmatched,0.0,0.0,0,서구|충무대로275번길|20,서구|충무동2가|1-5,True
26140,동대신동1가,334-1,미소지음6차,미소지음6차,,,TRADE_60C7FE6E0266,unmatched,0.0,0.0,1,서구|대영로86번길|70,서구|동대신동1가|334-1,True
26140,암남동,81-89,그린비치맨션,그린비치맨션,,,TRADE_3B76731C5E37,unmatched,0.0,33.333333333333336,14,서구|천해로7번길|55-16,서구|암남동|81-89,True
26140,토성동2가,8-7,한성그린,한성그린아파트,,,TRADE_DD547DEF3DEC,unmatched,0.0,0.0,0,서구|까치고개로239번길|17-8,서구|토성동2가|8-7,True
26140,암남동,602-5,전원비치맨션,전원비치맨션,,,TRADE_0C9D6053639C,unmatched,0.0,35.29411764705882,14,서구|송도해변로|31-1,서구|암남동|602-5,True
26140,암남동,201-1,송도봄여름가을겨울,송도봄여름가을겨울,,,TRADE_ADBF981AB9B2,unmatched,0.0,30.76923076923077,14,서구|충무대로|72,서구|암남동|201-1,True
26140,토성동5가,46-1,아크로폴리스,아크로폴리스,,,TRADE_5906D560E714,unmatched,0.0,0.0,0,서구|구덕로|135,서구|토성동5가|46-1,True
26140,토성동1가,3-2,토성동봄여름가을겨울,토성동봄여름가을겨울,봄여름가을겨울아파트,A60276401,A60276401,dong_fuzzy,82.35294117647058,82.35294117647058,2,서구|까치고개로245번길|17-20,서구|토성동1가|3-2,True
26140,서대신동3가,360-4,세영엘도라도a동,세영엘도라도A동,,,TRADE_88393F704354,unmatched,0.0,0.0,8,서구|구덕로333번길|15,서구|서대신동3가|360-4,True
26140,서대신동1가,52-17,대호그린빌라,대호그린빌라,,,TRADE_4988419CC348,unmatched,0.0,16.666666666666664,1,서구|구덕로279번길|10,서구|서대신동1가|52-17,True
26140,서대신동1가,34-2,대신에코팰리스,대신에코팰리스,,,TRADE_5B92A30C594D,unmatched,0.0,30.76923076923077,1,서구|부용로|33,서구|서대신동1가|34-2,True
26140,남부민동,23-29,신흥동백빌라,신흥동백빌라,,,TRADE_F89707273E3D,unmatched,0.0,0.0,6,서구|천마로199번길|23,서구|남부민동|23-29,True
26140,서대신동3가,285,서대신부백자연애,서대신부백자연애,,,TRADE_311630EF7E01,unmatched,0.0,33.333333333333336,8,서구|구덕로345번길|7,서구|서대신동3가|285,True
26140,서대신동3가,294-10,백리휴먼빌리지,백리휴먼빌리지,,,TRADE_2B1001285720,unmatched,0.0,11.764705882352944,8,서구|대영로45번길|86,서구|서대신동3가|294-10,True
26140,충무동1가,17-5,헤리츠3차,헤리츠아파트3차,,,TRADE_F315A7264692,unmatched,0.0,0.0,0,서구|충무시장길|6,서구|충무동1가|17-5,True
26140,토성동5가,19-1,서영펠로우,서영펠로우,,,TRADE_A48B703A50DD,unmatched,0.0,0.0,0,서구|구덕로134번길|19,서구|토성동5가|19-1,True
26170,범일동,830-90,한양,한양아파트,,,TRADE_70853A0D6A42,unmatched,0.0,22.22222222222222,9,동구|조방로16번길|17,동구|범일동|830-90,True
26170,초량동,422-2,대영아르피나,대영아르피나,,,TRADE_A092B4BA0D08,unmatched,0.0,0.0,10,동구|초량중로|59,동구|초량동|422-2,True
26170,초량동,1161-8,kcb센트리움,KCB센트리움,,,TRADE_1634A7F1EBBD,unmatched,0.0,23.529411764705888,10,동구|중앙대로286번길|7-4,동구|초량동|1161-8,True
26170,수정동,290,베스안하우스2동,베스안하우스2동,,,TRADE_C2EA063B1D36,unmatched,0.0,11.111111111111116,3,동구|고관로|107-5,동구|수정동|290,True
26170,초량동,110-41,유승아트,유승아트(110-41),,,TRADE_1FFA50341996,unmatched,0.0,16.666666666666664,10,동구|고관로13번길|51,동구|초량동|110-41,True
26170,좌천동,741-1,좌천시민,좌천시민(741-1),,,TRADE_D69C291481D1,unmatched,0.0,33.333333333333336,5,동구|성북로22번길|17,동구|좌천동|741-1,True
26170,좌천동,728-3,문화,문화,,,TRADE_7B542212F7FE,unmatched,0.0,0.0,5,동구|증산동로|51,동구|좌천동|728-3,True
26170,초량동,807-10,하이츠빌리지1,하이츠빌리지-1,,,TRADE_A97FF2EEA0A5,unmatched,0.0,26.66666666666667,10,동구|초량로40번길|14-3,동구|초량동|807-10,True
26170,초량동,1056-82,보라빌,보라빌,,,TRADE_A4479F8D087E,unmatched,0.0,28.57142857142857,10,동구|초량중로21번길|12,동구|초량동|1056-82,True
26170,좌천동,737-1,좌천시민,좌천시민(737-1),,,TRADE_9F688BEC0332,unmatched,0.0,33.333333333333336,5,동구|성북로22번길|29,동구|좌천동|737-1,True
26170,수정동,1011-51,동남,동남,,,TRADE_3CD48FD8DB8D,unmatched,0.0,0.0,3,동구|홍곡로|67,동구|수정동|1011-51,True
26170,초량동,1057-34,배룡하나빌,배룡하나빌,,,TRADE_80227A2C9D78,unmatched,0.0,0.0,10,동구|초량중로21번길|9,동구|초량동|1057-34,True
26200,대교동1가,129-2,한우리6차,한우리6차,,,TRADE_3C97F8FB9E0A,unmatched,0.0,0.0,1,영도구|남항서로|132,영도구|대교동1가|129-2,True
26200,영선동2가,44-1,힐링파크,힐링파크,,,TRADE_34476F3C135B,unmatched,0.0,0.0,1,영도구|영선대로|69,영도구|영선동2가|44-1,True
26200,영선동1가,6,에코팰리스,에코팰리스,,,TRADE_BC849F52B6D9,unmatched,0.0,0.0,0,영도구|절영로19번길|57,영도구|영선동1가|6,True
26200,영선동4가,1298,영선2동4동,영선2동4동,,,TRADE_4D145433E4CC,unmatched,0.0,46.15384615384615,2,영도구|절영로|227,영도구|영선동4가|1298,True
26200,대교동1가,64-1,로웰타워,로웰타워,,,TRADE_8072E45DF208,unmatched,0.0,0.0,1,영도구|봉래나루로|48,영도구|대교동1가|64-1,True
26200,남항동1가,86,더킹페로스,더킹페로스아파트,,,TRADE_5A901934D33A,unmatched,0.0,0.0,1,영도구|절영로|48,영도구|남항동1가|86,True
26200,신선동3가,89-16,동일,동일,,,TRADE_71B6E94E0E2A,unmatched,0.0,0.0,0,영도구|하나길|143,영도구|신선동3가|89-16,True
26200,청학동,214-5,천지해오름,천지해오름,,,TRADE_AB18585A6683,unmatched,0.0,15.384615384615385,9,영도구|태종로|335,영도구|청학동|214-5,True
26200,신선동2가,141-1,신선,신선,,,TRADE_10A69620F777,unmatched,0.0,0.0,1,영도구|중복길|384,영도구|신선동2가|141-1,True
26200,대교동2가,151-3,아이블리스,아이블리스,,,TRADE_8C381F051EB2,unmatched,0.0,0.0,0,영도구|절영로|33,영도구|대교동2가|151-3,True
26200,봉래동5가,30-1,한진중공업사원,한진중공업사원,,,TRADE_D57F6C36F3B8,unmatched,0.0,0.0,0,영도구|하나길|753,영도구|봉래동5가|30-1,True
26200,영선동4가,1278,영선1동,영선1동,,,TRADE_537EFFB8E3D8,unmatched,0.0,54.54545454545454,2,영도구|절영로|227,영도구|영선동4가|1278,True
26200,동삼동,1191,비룡벨로스텔라,비룡벨로스텔라,,,TRADE_93A350C66062,unmatched,0.0,16.666666666666664,23,영도구|중리북로21번길|10,영도구|동삼동|1191,True
26200,봉래동3가,137,오양대교맨션,오양대교맨션,,,TRADE_175846C8D0F1,unmatched,0.0,0.0,0,영도구|대교로6번길|33,영도구|봉래동3가|137,True
26200,동삼동,231-1,봉황주택,봉황주택,,,TRADE_9CBFA1AB61E9,unmatched,0.0,18.181818181818176,23,영도구|동삼로|88,영도구|동삼동|231-1,True
26200,봉래동3가,91-2,성우펠리체리움,성우펠리체리움,,,TRADE_30180BE73EB0,unmatched,0.0,0.0,0,영도구|대교로2번길|15,영도구|봉래동3가|91-2,True
26200,봉래동1가,128-1,유원블루파크,유원블루파크,,,TRADE_3CA7F2E42B28,unmatched,0.0,0.0,0,영도구|대교로40번길|8,영도구|봉래동1가|128-1,True
26200,동삼동,1145,유림노르웨이숲비치,유림노르웨이숲비치,,,TRADE_4C4345CD891E,unmatched,0.0,25.0,23,영도구|태종로|705,영도구|동삼동|1145,True
26200,청학동,216-26,비온뒤,비온뒤,,,TRADE_52C542ACA327,unmatched,0.0,28.57142857142857,9,영도구|해양로|78,영도구|청학동|216-26,True
26200,남항동2가,202,진명드림빌,진명드림빌,,,TRADE_C08750E19FCD,unmatched,0.0,0.0,0,영도구|절영로|89,영도구|남항동2가|202,True
26200,청학동,419,영광마린타워,영광마린타워,,,TRADE_7D78350229C8,unmatched,0.0,18.181818181818176,9,영도구|청학서로|1,영도구|청학동|419,True
26200,영선동3가,8,더페로스,더페로스,,,TRADE_FCE45A0A9045,unmatched,0.0,0.0,0,영도구|영선대로67번길|17,영도구|영선동3가|8,True
26200,봉래동5가,169-1,시영,시영(169-1),,,TRADE_C4ADAA707ACB,unmatched,0.0,0.0,0,영도구|봉래길|134,영도구|봉래동5가|169-1,True
26230,범천동,859-2,대승메종더어반,대승메종더어반,,,TRADE_0626A79049B1,unmatched,0.0,18.181818181818176,24,부산진구|중앙대로644번길|60-1,부산진구|범천동|859-2,True
26230,양정동,401-8,우호스카이빌,우호스카이빌,,,TRADE_EF582FCFC701,unmatched,0.0,42.85714285714286,13,부산진구|거제대로|16-7,부산진구|양정동|401-8,True
26230,범천동,980-4,동조리젠시,동조리젠시,,,TRADE_CDDEDCB87D44,unmatched,0.0,26.66666666666667,24,부산진구|신암로|86-1,부산진구|범천동|980-4,True
26230,범천동,842-11,가야누리애,가야누리애,,,TRADE_2DE9CFE017D3,unmatched,0.0,66.66666666666667,24,부산진구|범일로154번길|49,부산진구|범천동|842-11,True
26230,당감동,495-9,무궁화101동102동103동105동106동,"무궁화아파트101동,102동,103동,105동,106동",,,TRADE_4B84CAF09E82,unmatched,0.0,13.793103448275868,17,부산진구|당감로17번길|90,부산진구|당감동|495-9,True
26230,전포동,691-2,kh마이우스,KH마이우스,,,TRADE_7FA9B41EEA9F,unmatched,0.0,19.999999999999996,23,부산진구|전포대로199번길|27,부산진구|전포동|691-2,True
26230,당감동,768-1,백산,백산,,,TRADE_91BACA88EEFC,unmatched,0.0,33.333333333333336,17,부산진구|백양순환로|55,부산진구|당감동|768-1,True
26230,전포동,172-3,한성시티빌,한성시티빌,,,TRADE_37140AB8233C,unmatched,0.0,40.0,23,부산진구|전포대로|280,부산진구|전포동|172-3,True
26230,양정동,271-2,산호맨션,산호맨션,,,TRADE_E58891430D12,unmatched,0.0,11.764705882352944,13,부산진구|연수로|29,부산진구|양정동|271-2,True
26230,초읍동,215-22,한일맨션,한일맨션,,,TRADE_F247FD985A74,unmatched,0.0,25.0,10,부산진구|성지로|84,부산진구|초읍동|215-22,True
26230,범천동,875-24,범천동프렌빌,범천동프렌빌,,,TRADE_1FC4A0CA75C0,unmatched,0.0,40.0,24,부산진구|신천대로71번길|49,부산진구|범천동|875-24,True
26230,당감동,479-2,무궁화,무궁화(108-116동),,,TRADE_65DCE1C49323,unmatched,0.0,22.22222222222222,17,부산진구|당감로17번길|90,부산진구|당감동|479-2,True
26230,양정동,406-6,부원맨션,부원맨션,,,TRADE_DAEBBADFCD66,unmatched,0.0,19.999999999999996,13,부산진구|중앙대로941번길|11,부산진구|양정동|406-6,True
26230,부암동,680-18,서면루미랑스,서면루미랑스,,,TRADE_CBCE519679E3,unmatched,0.0,37.5,27,부산진구|가야대로747번길|62,부산진구|부암동|680-18,True
26230,부전동,514-8,서면블리체,서면블리체,,,TRADE_2250EA7C6504,unmatched,0.0,42.85714285714286,7,부산진구|가야대로750번길|71,부산진구|부전동|514-8,True
26230,전포동,194-7,동양팰리스,동양팰리스,,,TRADE_976484110898,unmatched,0.0,16.666666666666664,23,부산진구|전포대로246번길|6,부산진구|전포동|194-7,True
26230,가야동,5-56,영진,영진(5-56),,,TRADE_88D7E9A53FEB,unmatched,0.0,0.0,12,부산진구|가야대로668번가길|9,부산진구|가야동|5-56,True
26230,전포동,147-2,더샵골드6,더샵골드6,,,TRADE_98BA2687FFBE,unmatched,0.0,15.384615384615385,23,부산진구|전포대로300번길|49,부산진구|전포동|147-2,True
26230,전포동,694-6,메리온시티,메리온시티,,,TRADE_3D5B73AD4B31,unmatched,0.0,22.22222222222222,23,부산진구|서전로46번길|90,부산진구|전포동|694-6,True
26230,개금동,613-1,신양맨션,신양맨션,,,TRADE_69C4A6542F98,unmatched,0.0,22.22222222222222,23,부산진구|진사로|27,부산진구|개금동|613-1,True
26230,개금동,540-51,다온미즈,다온미즈,,,TRADE_AD804BE1B50C,unmatched,0.0,25.0,23,부산진구|복지로|57,부산진구|개금동|540-51,True
26230,초읍동,173-8,세원,세원秀아파트,,,TRADE_C687FA15EA3E,unmatched,0.0,18.181818181818176,10,부산진구|성지로|130,부산진구|초읍동|173-8,True
26230,범천동,1127,로얄,로얄,,,TRADE_3452582C612D,unmatched,0.0,0.0,24,부산진구|엄광로|394,부산진구|범천동|1127,True
26230,개금동,산52-6,태림,태림,,,TRADE_AB169777E260,unmatched,0.0,0.0,23,부산진구|엄광로44번길|21,부산진구|개금동|산52-6,True
26230,개금동,596,엘지신개금,엘지신개금(2-2),,,TRADE_0214E83E38C8,unmatched,0.0,60.0,23,부산진구|백양대로300번길|19,부산진구|개금동|596,True
26230,범천동,841-1,더샵골드3,더샵골드3,,,TRADE_76FD625D7D6C,unmatched,0.0,25.0,24,부산진구|자유평화로37번길|51,부산진구|범천동|841-1,True
26230,전포동,890-37,경원프라우드2,경원프라우드-2,,,TRADE_945DF7C08AB3,unmatched,0.0,26.66666666666667,23,부산진구|전포대로|163,부산진구|전포동|890-37,True
26230,당감동,770,삼성,삼성,,,TRADE_E1B49E7226F0,unmatched,0.0,33.333333333333336,17,부산진구|당감서로|112,부산진구|당감동|770,True
26230,가야동,5-44,새영진,새영진,,,TRADE_DF8253050B21,unmatched,0.0,0.0,12,부산진구|가야대로668번가길|28,부산진구|가야동|5-44,True
26230,초읍동,349,대림파크빌,대림파크빌,,,TRADE_51E5C68F7B46,unmatched,0.0,26.66666666666667,10,부산진구|성지곡로16번길|11,부산진구|초읍동|349,True
26230,부전동,415-1,대동레미안더오션,대동레미안더오션,,,TRADE_871050CEA190,unmatched,0.0,16.666666666666664,7,부산진구|부전로111번길|15,부산진구|부전동|415-1,True
26230,가야동,35,가야동그린시티,가야동그린시티,,,TRADE_341EB15911B3,unmatched,0.0,53.333333333333336,12,부산진구|가야대로679번길|61,부산진구|가야동|35,True
26230,개금동,219-3,남평파크빌,남평파크빌,,,TRADE_C7E6E02149A4,unmatched,0.0,36.36363636363637,23,부산진구|개금본동로9번길|61,부산진구|개금동|219-3,True
26230,당감동,1023,한울트라움,한울트라움아파트,,,TRADE_618B54E8AE6D,unmatched,0.0,19.999999999999996,17,부산진구|백양순환로|36,부산진구|당감동|1023,True
26230,가야동,산32-1,해운,해운,,,TRADE_8AAE412C0441,unmatched,0.0,25.0,12,부산진구|엄광로|159,부산진구|가야동|산32-1,True
26230,연지동,376-8,삼익,삼익아파트,,,TRADE_58E22D14B044,unmatched,0.0,0.0,14,부산진구|새싹로|149,부산진구|연지동|376-8,True
26230,가야동,385-2,시영,시영,,,TRADE_9782D4985FF3,unmatched,0.0,0.0,12,부산진구|엄광로|270,부산진구|가야동|385-2,True
26230,당감동,480-12,무궁화,무궁화(117-119동),,,TRADE_F7AB6583136E,unmatched,0.0,22.22222222222222,17,부산진구|당감서로|21,부산진구|당감동|480-12,True
26230,전포동,33-432,동광하이빌,동광하이빌(106),,,TRADE_9E968C9BE9C4,unmatched,0.0,30.76923076923077,23,부산진구|전포대로276번길|36-9,부산진구|전포동|33-432,True
26230,부암동,114-5,거승수정빌라트,거승수정빌라트,,,TRADE_0DDCAF131EAB,unmatched,0.0,28.57142857142857,27,부산진구|신천대로216번길|12,부산진구|부암동|114-5,True
26230,당감동,797,백양뜨란채주공,"백양뜨란채,주공아파트(1단지)",백양뜨란채아파트,A61482302,A61482302,road_legal_address_exact_name,83.33333333333334,83.33333333333334,2,부산진구|백양산로53번길|125,부산진구|당감동|797,True
26230,범천동,875-11,평광우리가,평광우리가,,,TRADE_04DCB23CC5F7,unmatched,0.0,19.999999999999996,24,부산진구|신천대로65번길|90,부산진구|범천동|875-11,True
26230,당감동,70-5,세원수,세원수아파트,,,TRADE_55A58179EA32,unmatched,0.0,22.22222222222222,17,부산진구|가야대로703번길|26,부산진구|당감동|70-5,True
26230,전포동,산99-46,서면,서면,,,TRADE_401D3850D5D3,unmatched,0.0,66.66666666666667,23,부산진구|진남로435번길|47,부산진구|전포동|산99-46,True
26230,전포동,881-5,더블루오피스텔,더블루오피스텔,,,TRADE_0A5F85C2513A,unmatched,0.0,22.22222222222222,23,부산진구|전포대로171번길|26,부산진구|전포동|881-5,True
26230,양정동,270-5,포세이돈,포세이돈,,,TRADE_0982C4847C77,unmatched,0.0,18.181818181818176,13,부산진구|연수로11번길|43,부산진구|양정동|270-5,True
26230,범천동,1197-8,동원퀸스빌,동원퀸스빌,,,TRADE_CEAA108C03CB,unmatched,0.0,33.333333333333336,24,부산진구|신암로|107,부산진구|범천동|1197-8,True
26230,당감동,479-8,동원,동원,,,TRADE_DB98F451FD78,unmatched,0.0,50.0,17,부산진구|백양대로136번길|80,부산진구|당감동|479-8,True
26230,전포동,171-2,서면앙쥬빌주상복합,서면앙쥬빌주상복합,,,TRADE_1404C14AF02B,unmatched,0.0,35.29411764705882,23,부산진구|전포대로|282,부산진구|전포동|171-2,True
26230,범천동,1589-27,탑패밀리,탑패밀리,,,TRADE_547FDE7512B2,unmatched,0.0,16.666666666666664,24,부산진구|신천대로|167,부산진구|범천동|1589-27,True
26230,범천동,859-16,세운이노빌,세운이노빌,,,TRADE_5896D6BFF29F,unmatched,0.0,19.999999999999996,24,부산진구|황령대로|23,부산진구|범천동|859-16,True
26230,양정동,86-4,화성빌라트,화성빌라트,,,TRADE_93B10921C5F4,unmatched,0.0,18.181818181818176,13,부산진구|진남로|601,부산진구|양정동|86-4,True
26230,개금동,492-10,협성맨션,협성맨션,,,TRADE_3FC790A17711,unmatched,0.0,25.0,23,부산진구|가야대로|432,부산진구|개금동|492-10,True
26230,전포동,194-14,신화골든뷰,신화골든뷰,,,TRADE_C4872B8BB222,unmatched,0.0,36.36363636363637,23,부산진구|전포대로|250,부산진구|전포동|194-14,True
26260,명륜동,702-48,세창,세창(702-48),,,TRADE_07B37F54EE02,unmatched,0.0,0.0,12,동래구|온천천로|83,동래구|명륜동|702-48,True
26260,수안동,10-1,수안,수안,,,TRADE_1CFD69D37FF6,unmatched,0.0,40.0,11,동래구|명륜로45번길|31,동래구|수안동|10-1,True
26260,복천동,561,명륜아이파크2단지,명륜아이파크2단지,,,TRADE_7D17B90FEC70,unmatched,0.0,12.5,2,동래구|동래로|117,동래구|복천동|561,True
26260,사직동,634-1,로얄1,로얄1,,,TRADE_0C383FD0B76E,unmatched,0.0,11.111111111111116,19,동래구|사직북로50번길|33,동래구|사직동|634-1,True
26260,안락동,1229-2,충렬,충렬,,,TRADE_8AA14AD34FB6,unmatched,0.0,0.0,15,동래구|안락로101번길|16,동래구|안락동|1229-2,True
26260,온천동,1056-37,남도그린빌라,남도그린빌라,,,TRADE_A10B51D0E6B2,unmatched,0.0,28.57142857142857,42,동래구|금정마을로139번길|53,동래구|온천동|1056-37,True
26260,온천동,189-134,반도,반도,,,TRADE_ED21BE5ACE3F,unmatched,0.0,30.76923076923077,42,동래구|금강공원로|37,동래구|온천동|189-134,True
26260,명륜동,788,명륜2차아이파크2단지,명륜2차아이파크2단지,명륜2차아이파크아파트,A10027690,A10027690,dong_fuzzy,84.21052631578947,84.21052631578947,12,동래구|시실로|73-6,동래구|명륜동|788,True
26260,온천동,1464-8,우석쉐르빌,우석쉐르빌,,,TRADE_9A5B65727F45,unmatched,0.0,22.22222222222222,42,동래구|미남로|94,동래구|온천동|1464-8,True
26260,온천동,138-24,용진스타티스7차,용진스타티스7차,,,TRADE_925266D987CD,unmatched,0.0,30.76923076923077,42,동래구|온천장로107번길|38-1,동래구|온천동|138-24,True
26260,사직동,630,로얄3차,로얄3차,,,TRADE_B9F3DA54D5DD,unmatched,0.0,19.999999999999996,19,동래구|쇠미로|95,동래구|사직동|630,True
26260,사직동,588-6,대건빌라,대건빌라,,,TRADE_58F9AE1094B8,unmatched,0.0,18.181818181818176,19,동래구|쇠미로|93,동래구|사직동|588-6,True
26260,안락동,668,한성기린,한성기린(668-0),,,TRADE_E8F29259661D,unmatched,0.0,25.0,15,동래구|안남로|67,동래구|안락동|668,True
26260,온천동,154-18,포르투나,포르투나,,,TRADE_378B421D7716,unmatched,0.0,19.999999999999996,42,동래구|온천장로|115,동래구|온천동|154-18,True
26260,명장동,612-3,안락시영,안락시영(충렬),,,TRADE_924B1EA84CE9,unmatched,0.0,18.181818181818176,13,동래구|안락로101번길|16,동래구|명장동|612-3,True
26260,명장동,29-104,삼성,삼성아파트,,,TRADE_E06C6E98E179,unmatched,0.0,50.0,13,동래구|반송로273번길|19,동래구|명장동|29-104,True
26260,온천동,1378-24,성원빌,성원빌,,,TRADE_5CF707738CD0,unmatched,0.0,36.36363636363637,42,동래구|미남로|93-1,동래구|온천동|1378-24,True
26260,낙민동,296-1,동일센트럴,동일센트럴,,,TRADE_7562B40726E5,unmatched,0.0,28.57142857142857,13,동래구|충렬대로256번가길|12,동래구|낙민동|296-1,True
26260,복천동,295-3,오성빌라트,오성빌라트,,,TRADE_A17D6FF366F2,unmatched,0.0,16.666666666666664,2,동래구|동래로148번길|27,동래구|복천동|295-3,True
26260,온천동,1464-11,지성캐슬,지성캐슬,,,TRADE_6ECC8F19E4E2,unmatched,0.0,25.0,42,동래구|충렬대로86번길|102,동래구|온천동|1464-11,True
26260,낙민동,190,한신1,한신1,,,TRADE_AB7F7D638D6C,unmatched,0.0,57.14285714285714,13,동래구|낙민로|7,동래구|낙민동|190,True
26260,명륜동,782,명륜2차아이파크1단지,명륜2차아이파크1단지,명륜2차아이파크아파트,A10027690,A10027690,dong_fuzzy,84.21052631578947,84.21052631578947,12,동래구|시실로|49,동래구|명륜동|782,True
26260,수안동,9-44,동래센트리움,동래센트리움아파트,,,TRADE_A20DEB697FF7,unmatched,0.0,36.36363636363637,11,동래구|명륜로|62,동래구|수안동|9-44,True
26260,온천동,1467-6,동남온천맨션,동남온천맨션,,,TRADE_D9BDAF9EAE4B,unmatched,0.0,40.0,42,동래구|여고북로|141,동래구|온천동|1467-6,True
26260,낙민동,185-1,한신2,한신2,,,TRADE_369E63920668,unmatched,0.0,57.14285714285714,13,동래구|낙민로|17,동래구|낙민동|185-1,True
26260,온천동,1421-35,허브센티움,허브센티움Ⅲ,,,TRADE_38B145953202,unmatched,0.0,28.57142857142857,42,동래구|아시아드대로246번길|7,동래구|온천동|1421-35,True
26260,온천동,1468-6,대가하이츠,대가하이츠,,,TRADE_E7BB0B8178EB,unmatched,0.0,28.57142857142857,42,동래구|충렬대로100번길|109,동래구|온천동|1468-6,True
26260,수안동,8-6,대진,대진,,,TRADE_0F1DC958FEB5,unmatched,0.0,33.333333333333336,11,동래구|충렬대로218번길|54,동래구|수안동|8-6,True
26260,칠산동,240,덕산,덕산,,,TRADE_E162B49101C0,unmatched,0.0,0.0,0,동래구|동래로152번길|9,동래구|칠산동|240,True
26260,사직동,113-1,대륙코리아나,대륙코리아나,,,TRADE_53D5148F0F05,unmatched,0.0,28.57142857142857,19,동래구|아시아드대로114번길|10,동래구|사직동|113-1,True
26260,온천동,1379-12,남평파크빌,남평파크빌,,,TRADE_63F584A3810C,unmatched,0.0,28.57142857142857,42,동래구|여고북로33번길|40,동래구|온천동|1379-12,True
26260,낙민동,187-1,광림,광림,,,TRADE_677CBF2A0509,unmatched,0.0,0.0,13,동래구|낙민로|13,동래구|낙민동|187-1,True
26260,명륜동,714-45,훼밀리빌라트,훼밀리빌라트,,,TRADE_DC501F063EEB,unmatched,0.0,14.28571428571429,12,동래구|온천천로|31,동래구|명륜동|714-45,True
26260,사직동,104-5,오름캐슬,오름캐슬,,,TRADE_D3EB796C0045,unmatched,0.0,28.57142857142857,19,동래구|여고로12번길|13,동래구|사직동|104-5,True
26260,명륜동,679,청마,청마,,,TRADE_5CB7B4B263BB,unmatched,0.0,0.0,12,동래구|동래로|61,동래구|명륜동|679,True
26260,안락동,632-1,한성기린,한성기린,,,TRADE_846224B017A8,unmatched,0.0,25.0,15,동래구|온천천로431번길|42,동래구|안락동|632-1,True
26260,온천동,1462-30,태림맨션,태림맨션,,,TRADE_9697A269ACC8,unmatched,0.0,14.28571428571429,42,동래구|여고북로123번길|23,동래구|온천동|1462-30,True
26260,온천동,100-13,세명빌라,세명빌라,,,TRADE_C2AAEA0A8F23,unmatched,0.0,33.333333333333336,42,동래구|금강로145번길|25,동래구|온천동|100-13,True
26260,사직동,71-4,고은파크,고은파크,,,TRADE_70A539574263,unmatched,0.0,0.0,19,동래구|아시아드대로171번길|10,동래구|사직동|71-4,True
26260,사직동,585-25,남평파크뷰,남평파크뷰,,,TRADE_CD71CE11785D,unmatched,0.0,0.0,19,동래구|쇠미로121번길|33,동래구|사직동|585-25,True
26260,사직동,28-4,신공영,신공영,,,TRADE_6FA7E75A73D3,unmatched,0.0,33.333333333333336,19,동래구|사직북로63번길|17,동래구|사직동|28-4,True
26260,사직동,143-10,백산1,백산1,,,TRADE_41BEE1EB626A,unmatched,0.0,44.44444444444444,19,동래구|여고로127번길|68,동래구|사직동|143-10,True
26260,안락동,466-38,크로바맨션,크로바맨션,,,TRADE_1AD354185ECE,unmatched,0.0,0.0,15,동래구|안락로|109,동래구|안락동|466-38,True
26260,명장동,497-1,협진태양,협진태양,,,TRADE_3ECE04C2BB59,unmatched,0.0,25.0,13,동래구|반송로339번길|8,동래구|명장동|497-1,True
26260,온천동,1425-14,허브팰리스,허브팰리스,,,TRADE_006F35A5B794,unmatched,0.0,26.66666666666667,42,동래구|미남로132번길|25,동래구|온천동|1425-14,True
26260,복천동,67,동호,동호,,,TRADE_4EBB47610842,unmatched,0.0,0.0,2,동래구|동래로159번길|58-7,동래구|복천동|67,True
26260,사직동,158-3,부림맨션,부림맨션,,,TRADE_3B1BF19BB42F,unmatched,0.0,50.0,19,동래구|여고로113번길|14,동래구|사직동|158-3,True
26260,온천동,1447-16,동경쉐르빌,동경쉐르빌,,,TRADE_D6A68F464214,unmatched,0.0,28.57142857142857,42,동래구|미남로|122,동래구|온천동|1447-16,True
26260,복천동,378,동래더씨드,동래더씨드,,,TRADE_B06946A90281,unmatched,0.0,0.0,2,동래구|동래로116번길|32,동래구|복천동|378,True
26290,용호동,369-4,로얄하임,로얄하임,,,TRADE_99FE97539511,unmatched,0.0,18.181818181818176,22,남구|동명로131번길|50,남구|용호동|369-4,True
26290,대연동,1764-6,아이홈대연,아이홈대연,,,TRADE_DD62CE833E53,unmatched,0.0,44.44444444444444,33,남구|수영로|180,남구|대연동|1764-6,True
26290,대연동,1764-4,남산하이빌,남산하이빌,,,TRADE_448B9EC5C007,unmatched,0.0,22.22222222222222,33,남구|천제등로|4,남구|대연동|1764-4,True
26290,대연동,455-25,반도보라맨션,반도보라맨션,한화포레나 부산대연,A10020083,A10020083,legal_address_exact,100.0,0.0,1,남구|황령대로492번길|23-12,남구|대연동|455-25,True
26290,감만동,181-71,이원,이원,,,TRADE_D573FCA62FCD,unmatched,0.0,0.0,9,남구|양지골로|192,남구|감만동|181-71,True
26290,감만동,208-3,삼일,삼일,,,TRADE_45DD41411B63,unmatched,0.0,22.22222222222222,9,남구|우암로52번길|71,남구|감만동|208-3,True
26290,대연동,375-3,보해이브,보해이브아파트,,,TRADE_69FB7C520903,unmatched,0.0,25.0,33,남구|수영로266번길|10,남구|대연동|375-3,True
26290,대연동,986-2,더샵시티,더샵시티,,,TRADE_E9D35C3A54AA,unmatched,0.0,15.384615384615385,33,남구|유엔평화로14번길|7,남구|대연동|986-2,True
26290,문현동,788-1,성동,성동,,,TRADE_3E50E0A66B40,unmatched,0.0,28.57142857142857,23,남구|남동천로|58,남구|문현동|788-1,True
26290,대연동,1740-13,예광스카이빌라,예광스카이빌라,,,TRADE_4CA8A5D3F000,unmatched,0.0,23.529411764705888,33,남구|유엔평화로3번길|15,남구|대연동|1740-13,True
26290,용호동,392-6,동림빌라,동림빌라(B),,,TRADE_1645495B9E42,unmatched,0.0,60.0,22,남구|동명로145번가길|16,남구|용호동|392-6,True
26290,대연동,1536-12,오양양지,오양양지,힐스테이트대연센트럴,A10022581,A10022581,legal_address_exact,100.0,0.0,1,남구|진남로|95-11,남구|대연동|1536-12,True
26290,대연동,1781-66,마마,마마(1781-66),,,TRADE_7C9E093E63D1,unmatched,0.0,25.0,33,남구|진남로127번길|76,남구|대연동|1781-66,True
26290,용호동,487-10,정상네이처빌5차,정상네이처빌5차,,,TRADE_B52D96F0B019,unmatched,0.0,14.28571428571429,22,남구|동명로132번길|69,남구|용호동|487-10,True
26290,용호동,488-3,영신맨션,영신맨션,,,TRADE_AE49FD2E9102,unmatched,0.0,40.0,22,남구|동명로157번길|29,남구|용호동|488-3,True
26290,대연동,40-3,아침햇살,아침햇살,,,TRADE_EE3F0AE04252,unmatched,0.0,12.5,33,남구|용소로13번길|61,남구|대연동|40-3,True
26290,대연동,901-3,삼흥골드빌,삼흥골드빌,,,TRADE_942C40D51515,unmatched,0.0,22.22222222222222,33,남구|천제등로|50-6,남구|대연동|901-3,True
26290,대연동,405,대연맨션,대연맨션,,,TRADE_DD40C95D49AD,unmatched,0.0,50.0,33,남구|수영로|289,남구|대연동|405,True
26290,대연동,888-1,글로리에버빌,글로리에버빌,,,TRADE_6C21DC0F9428,unmatched,0.0,33.333333333333336,33,남구|유엔평화로41번가길|41,남구|대연동|888-1,True
26290,용호동,69,화신골든맨션,화신골든맨션,,,TRADE_6E3D95CA4EF4,unmatched,0.0,33.333333333333336,22,남구|이기대공원로26번길|21-4,남구|용호동|69,True
26290,문현동,1152,한일하나로,한일하나로(문현동1152),,,TRADE_5AFA0547EAF5,unmatched,0.0,22.22222222222222,23,남구|장고개로63번길|7-31,남구|문현동|1152,True
26290,대연동,882-8,남동경빌,남동경빌,,,TRADE_E01E2BBE5D85,unmatched,0.0,36.36363636363637,33,남구|유엔평화로47번길|11,남구|대연동|882-8,True
26290,문현동,648-13,대성문문현3차퀸즈w,대성문문현3차퀸즈W,,,TRADE_5BEF062CD9EB,unmatched,0.0,37.5,23,남구|전포대로40번길|9,남구|문현동|648-13,True
26290,대연동,1506-19,햇살좋은집,햇살좋은집,,,TRADE_7A42988A438A,unmatched,0.0,0.0,33,남구|못골번영로49번길|17,남구|대연동|1506-19,True
26290,대연동,1472-14,한우맨션1동,한우맨션1동,,,TRADE_6A072595137C,unmatched,0.0,19.999999999999996,33,남구|진남로46번길|28,남구|대연동|1472-14,True
26290,문현동,414-10,문현베스티움더스퀘어,문현베스티움더스퀘어,문현베스티움아파트,A10025508,A10025508,dong_fuzzy,75.0,75.0,23,남구|고동골로|19,남구|문현동|414-10,True
26290,문현동,303-7,문현,문현,,,TRADE_7D70E1122281,unmatched,0.0,66.66666666666667,23,남구|지게골로|156,남구|문현동|303-7,True
26290,문현동,523-1,강진융프라우2차,강진융프라우2차,,,TRADE_52FA54CCDD99,unmatched,0.0,28.57142857142857,23,남구|전포대로|90,남구|문현동|523-1,True
26290,대연동,281-5,동남,동남,,,TRADE_A1A70E4116B6,unmatched,0.0,33.333333333333336,33,남구|진남로36번길|101,남구|대연동|281-5,True
26290,우암동,17,영남빌로체,영남빌로체,,,TRADE_795737963E32,unmatched,0.0,0.0,10,남구|유엔로38번길|41,남구|우암동|17,True
26290,용호동,537-11,삼성,삼성,,,TRADE_E5B775A94B47,unmatched,0.0,0.0,22,남구|용호로232번길|49,남구|용호동|537-11,True
26290,감만동,8-22,한울시너스,한울시너스아파트,,,TRADE_7098093EBC46,unmatched,0.0,16.666666666666664,9,남구|석포로26번가길|4,남구|감만동|8-22,True
26290,감만동,189-77,유창1,유창1,,,TRADE_7363D1DF6D4D,unmatched,0.0,40.0,9,남구|양지골로|152,남구|감만동|189-77,True
26290,용호동,494-11,이정팰리스,이정팰리스,,,TRADE_AD6A18D8E3F9,unmatched,0.0,21.052631578947366,22,남구|동명로146번길|64,남구|용호동|494-11,True
26290,대연동,1757-5,드림,드림,,,TRADE_27F44C252BD0,unmatched,0.0,18.181818181818176,33,남구|유엔평화로4번길|76,남구|대연동|1757-5,True
26290,대연동,285-2,삼성맨션,삼성맨션,,,TRADE_E493D6B9CC7E,unmatched,0.0,50.0,33,남구|진남로30번가길|32,남구|대연동|285-2,True
26290,문현동,464-2,대성문문현퀸즈더블유101,대성문문현퀸즈더블유101,,,TRADE_1081C854444C,unmatched,0.0,28.57142857142857,23,남구|고동골로47번길|52,남구|문현동|464-2,True
26320,덕천동,361,목화,목화,포레나 부산덕천3차,A10020621,A10020621,legal_address_exact,100.0,0.0,1,북구|만덕대로115번길|14,북구|덕천동|361,True
26320,구포동,782-30,우정맨션나동,우정맨션나동,,,TRADE_361CFCBA6163,unmatched,0.0,19.999999999999996,22,북구|시랑로48번길|40,북구|구포동|782-30,True
26320,구포동,1060-180,을숙도아침,을숙도아침,,,TRADE_1B2703FA0101,unmatched,0.0,18.181818181818176,22,북구|가람로|38,북구|구포동|1060-180,True
26320,덕천동,354-1,부국2,부국2,,,TRADE_28CF0598C8C9,unmatched,0.0,33.333333333333336,16,북구|만덕대로27번길|20,북구|덕천동|354-1,True
26320,덕천동,431-9,동주광명맨션가동,동주광명맨션가동,,,TRADE_0C04B23399C0,unmatched,0.0,28.57142857142857,16,북구|의성로128번길|33,북구|덕천동|431-9,True
26320,덕천동,362,삼진,삼진,,,TRADE_5C938254CD3B,unmatched,0.0,19.999999999999996,16,북구|만덕대로127번길|14-7,북구|덕천동|362,True
26320,덕천동,376-13,덕천시영,덕천시영,,,TRADE_7C3426AC8997,unmatched,0.0,50.0,16,북구|만덕대로101번길|6,북구|덕천동|376-13,True
26320,덕천동,250-9,한성맨션1동3동,한성맨션1동~3동,,,TRADE_0D75DDC00968,unmatched,0.0,40.0,16,북구|의성로127번길|28,북구|덕천동|250-9,True
26320,덕천동,409-14,소호,소호(8동),,,TRADE_DD651F4DFEA6,unmatched,0.0,0.0,16,북구|의성로115번길|107,북구|덕천동|409-14,True
26320,덕천동,344-2,신도,신도,,,TRADE_EDB2779F6BDF,unmatched,0.0,15.384615384615385,16,북구|만덕대로65번길|29,북구|덕천동|344-2,True
26320,덕천동,359-1,한효,한효,포레나부산덕천2차,A10022905,A10022905,legal_address_exact,100.0,0.0,1,북구|만덕대로89번길|20,북구|덕천동|359-1,True
26320,구포동,401-1,구포오바드빌,구포오바드빌,,,TRADE_1BEFF09201D3,unmatched,0.0,40.0,22,북구|가람로52번길|29,북구|구포동|401-1,True
26320,덕천동,365-11,일동파크맨션,일동파크맨션,,,TRADE_91D826C35936,unmatched,0.0,66.66666666666667,16,북구|만덕대로155번길|42,북구|덕천동|365-11,True
26320,구포동,405-7,묘성폴라리스,묘성폴라리스,,,TRADE_359243987D89,unmatched,0.0,33.333333333333336,22,북구|가람로|60-3,북구|구포동|405-7,True
26320,덕천동,357-1,덕천시영,덕천시영,,,TRADE_F0CF5583636B,unmatched,0.0,50.0,16,북구|기찰로|66,북구|덕천동|357-1,True
26320,화명동,2274-4,엘가,엘가,,,TRADE_1655BADE7970,unmatched,0.0,0.0,29,북구|금곡대로285번길|94,북구|화명동|2274-4,True
26320,덕천동,365-6,정남,정남,,,TRADE_0E24D6A31AC6,unmatched,0.0,28.57142857142857,16,북구|만덕대로155번길|40-11,북구|덕천동|365-6,True
26350,재송동,661-1,유창맨션,유창맨션,,,TRADE_7C9EE71A1A81,unmatched,0.0,0.0,31,해운대구|재반로|10,해운대구|재송동|661-1,True
26350,중동,1154-5,삼성콘도맨션,삼성콘도맨션,,,TRADE_AB564F86B567,unmatched,0.0,25.0,29,해운대구|해운대해변로|334,해운대구|중동|1154-5,True
26350,송정동,439-1,동서하이빌,동서하이빌아파트,,,TRADE_71D0F6936F38,unmatched,0.0,14.28571428571429,5,해운대구|송정광어골로82번길|87,해운대구|송정동|439-1,True
26350,반여동,763-28,대산,대산,,,TRADE_C0731E87025B,unmatched,0.0,33.333333333333336,31,해운대구|선수촌로207번가길|10,해운대구|반여동|763-28,True
26350,중동,1486-1,해운하이츠,해운하이츠,,,TRADE_B562FDB6FC5E,unmatched,0.0,71.42857142857143,29,해운대구|달맞이길117번나길|81,해운대구|중동|1486-1,True
26350,반여동,668-1,창신맨션,창신맨션,,,TRADE_9EC584793415,unmatched,0.0,25.0,31,해운대구|삼어로147번길|11,해운대구|반여동|668-1,True
26350,중동,1829,엘시티,엘시티,해운대 LCT 더샵아파트,A10025181,A10025181,road_address_exact,100.0,0.0,1,해운대구|달맞이길|30,해운대구|중동|1829,True
26350,송정동,199-3,에이스스카이뷰,에이스스카이뷰,,,TRADE_D5E5B05AB857,unmatched,0.0,25.0,5,해운대구|송정중앙로21번길|19,해운대구|송정동|199-3,True
26350,중동,784-1,삼주,삼주,,,TRADE_B68DB57B5D63,unmatched,0.0,50.0,29,해운대구|좌동순환로446번길|57,해운대구|중동|784-1,True
26350,재송동,1030,시영79년,시영79년,,,TRADE_5AD491068A05,unmatched,0.0,36.36363636363637,31,해운대구|해운대로61번길|62-7,해운대구|재송동|1030,True
26350,우동,785,현대아쿠아팰리스동백섬,현대아쿠아팰리스동백섬,,,TRADE_BB307AF3D722,unmatched,0.0,35.29411764705882,49,해운대구|동백로|23,해운대구|우동|785,True
26350,중동,1516-2,스카이맨션,스카이맨션,,,TRADE_DD6F0F1D87B0,unmatched,0.0,26.66666666666667,29,해운대구|좌동순환로|443,해운대구|중동|1516-2,True
26350,재송동,1121-10,센텀스카이b,센텀스카이B,,,TRADE_E119098B1883,unmatched,0.0,71.42857142857143,31,해운대구|재반로64번길|87,해운대구|재송동|1121-10,True
26350,반여동,763,덕광,덕광,,,TRADE_1D9662688925,unmatched,0.0,50.0,31,해운대구|선수촌로207번길|31,해운대구|반여동|763,True
26350,우동,956-42,해운대엔스타,해운대엔스타,,,TRADE_4CD1AAEB4055,unmatched,0.0,71.42857142857143,49,해운대구|해운대로483번가길|39,해운대구|우동|956-42,True
26350,반여동,1585-1,보람,보람,,,TRADE_BCCE6009241B,unmatched,0.0,50.0,31,해운대구|재반로270번길|29,해운대구|반여동|1585-1,True
26350,중동,1521-32,마마,마마아파트,,,TRADE_40601F123267,unmatched,0.0,25.0,29,해운대구|좌동순환로|405,해운대구|중동|1521-32,True
26350,송정동,137-12,럭스빌비치,럭스빌비치,,,TRADE_47C5E9DD8B0E,unmatched,0.0,14.28571428571429,5,해운대구|송정1로8번길|30,해운대구|송정동|137-12,True
26350,우동,918-3,해운대협성엠파이어,해운대협성엠파이어,,,TRADE_D7EC169D1613,unmatched,0.0,62.5,49,해운대구|우동1로85번길|57,해운대구|우동|918-3,True
26350,중동,1493-12,삼안스튜디오2차,삼안스튜디오2차,,,TRADE_6F13128E4E45,unmatched,0.0,25.0,29,해운대구|달맞이길117번다길|116,해운대구|중동|1493-12,True
26350,재송동,1093-10,센텀캐슬,센텀캐슬,,,TRADE_95F4BAF71289,unmatched,0.0,54.54545454545454,31,해운대구|해운대로143번길|21,해운대구|재송동|1093-10,True
26380,당리동,317-106,대림sm,대림SM,,,TRADE_26E436A1CA01,unmatched,0.0,33.333333333333336,16,사하구|낙동대로410번길|14,사하구|당리동|317-106,True
26380,당리동,234-1,새동림,새동림,,,TRADE_95EC9CEB3810,unmatched,0.0,40.0,16,사하구|승학로17번길|8,사하구|당리동|234-1,True
26380,당리동,345-8,일성아이앤유,일성아이앤유,,,TRADE_B72207AB3ECC,unmatched,0.0,19.999999999999996,16,사하구|승학로|105,사하구|당리동|345-8,True
26380,다대동,208,재성힐링파크2차,재성힐링파크2차,,,TRADE_1F025438746B,unmatched,0.0,28.57142857142857,28,사하구|다대동로|79-1,사하구|다대동|208,True
26380,괴정동,607,새괴정협진태양,새괴정협진태양,,,TRADE_75C17D871F28,unmatched,0.0,42.85714285714286,29,사하구|사하로141번나길|11-5,사하구|괴정동|607,True
26380,당리동,321-1,경성리치w,경성리치W,,,TRADE_6054AAD106CF,unmatched,0.0,30.76923076923077,16,사하구|낙동대로|388,사하구|당리동|321-1,True
26380,괴정동,1100-3,미광,미광,,,TRADE_44EA9D308371,unmatched,0.0,0.0,29,사하구|마하로12번길|16,사하구|괴정동|1100-3,True
26380,괴정동,614-2,한일하나로,한일하나로,,,TRADE_3837EE591BAD,unmatched,0.0,22.22222222222222,29,사하구|사하로141번나길|35-3,사하구|괴정동|614-2,True
26380,당리동,320-31,신동아,신동아(320-31),,,TRADE_BC033F315974,unmatched,0.0,40.0,16,사하구|승학로|90,사하구|당리동|320-31,True
26380,하단동,592-4,나산리버빌,나산리버빌,,,TRADE_28A3CD84981F,unmatched,0.0,15.384615384615385,12,사하구|낙동남로1390번길|5,사하구|하단동|592-4,True
26380,괴정동,544-11,월드빌리지,월드빌리지,,,TRADE_0F4E12E40A0F,unmatched,0.0,19.999999999999996,29,사하구|사하로141번길|104,사하구|괴정동|544-11,True
26380,감천동,315-2,남성타워,남성타워,,,TRADE_E263A70E4F76,unmatched,0.0,40.0,10,사하구|암남공원로|527,사하구|감천동|315-2,True
26380,괴정동,530-2,천일로얄,천일로얄,,,TRADE_C490BF65FF2C,unmatched,0.0,18.181818181818176,29,사하구|괴정로|270,사하구|괴정동|530-2,True
26380,괴정동,491-3,새괴정화신,새괴정화신,,,TRADE_D8D1FAE0256F,unmatched,0.0,66.66666666666667,29,사하구|사하로155번길|9,사하구|괴정동|491-3,True
26380,괴정동,550-12,삼익,삼익,,,TRADE_48015407223F,unmatched,0.0,25.0,29,사하구|낙동대로|287,사하구|괴정동|550-12,True
26380,당리동,339-4,마마,마마,,,TRADE_8A76F264E329,unmatched,0.0,0.0,16,사하구|낙동대로343번길|14,사하구|당리동|339-4,True
26380,괴정동,487-6,삼풍,삼풍아파트,,,TRADE_644B52C437F7,unmatched,0.0,0.0,29,사하구|사하로|157,사하구|괴정동|487-6,True
26380,괴정동,530-13,협진태양,협진태양,,,TRADE_D5EF2B385B51,unmatched,0.0,28.57142857142857,29,사하구|괴정로270번길|34,사하구|괴정동|530-13,True
26380,하단동,511-24,하단지음주상복합,하단지음주상복합,,,TRADE_B0E94D83027E,unmatched,0.0,42.85714285714286,12,사하구|낙동대로|499,사하구|하단동|511-24,True
26380,하단동,887-7,헤를리치,헤를리치,,,TRADE_D2255023CCEC,unmatched,0.0,33.333333333333336,12,사하구|하신번영로|302,사하구|하단동|887-7,True
26380,하단동,477-9,칠산주택조합,칠산주택조합,,,TRADE_BDAFE7F1A7FA,unmatched,0.0,0.0,12,사하구|낙동대로549번길|6,사하구|하단동|477-9,True
26380,괴정동,956,동조리젠시타워,동조리젠시타워,,,TRADE_C5944BAB8CBC,unmatched,0.0,36.36363636363637,29,사하구|사하로|178,사하구|괴정동|956,True
26380,하단동,88-3,하단시티빌101동,하단시티빌101동,,,TRADE_53DFED146D12,unmatched,0.0,30.76923076923077,12,사하구|제석로|3,사하구|하단동|88-3,True
26380,하단동,616-9,하단동한웅드리머스,하단동한웅드리머스,,,TRADE_016166127E51,unmatched,0.0,30.76923076923077,12,사하구|낙동대로457번길|52,사하구|하단동|616-9,True
26380,괴정동,1270-6,사하오성빌라맨션,사하오성빌라맨션,,,TRADE_26D46744A748,unmatched,0.0,40.0,29,사하구|다대로|72,사하구|괴정동|1270-6,True
26380,괴정동,306-1,그린시티,그린시티,,,TRADE_062EC69D1F2B,unmatched,0.0,44.44444444444444,29,사하구|사리로|28,사하구|괴정동|306-1,True
26380,하단동,589-11,kcb센트리움,KCB센트리움,,,TRADE_2F37CD5E6C7A,unmatched,0.0,13.33333333333333,12,사하구|하신중앙로335번길|2,사하구|하단동|589-11,True
26380,괴정동,188-9,삼성타워,삼성타워,,,TRADE_AB9071588774,unmatched,0.0,50.0,29,사하구|낙동대로140번길|99,사하구|괴정동|188-9,True
26380,당리동,338-1,소라,소라,,,TRADE_1B9FB4FE3173,unmatched,0.0,25.0,16,사하구|괴정로|135,사하구|당리동|338-1,True
26380,장림동,853-29,센텀바인하츠,센텀바인하츠,,,TRADE_7905A0F8D888,unmatched,0.0,25.0,26,사하구|장림시장9길|56,사하구|장림동|853-29,True
26380,괴정동,11-2,괴정한일하나로타운,괴정한일하나로타운,,,TRADE_C4D597E710DD,unmatched,0.0,53.333333333333336,29,사하구|오작로|152,사하구|괴정동|11-2,True
26380,괴정동,890-4,유성해네스타워,유성해네스타워,,,TRADE_231429BCE551,unmatched,0.0,36.36363636363637,29,사하구|사하로197번길|40,사하구|괴정동|890-4,True
26380,괴정동,1074-2,세운,세운,,,TRADE_226EA4A466FC,unmatched,0.0,25.0,29,사하구|마하로|60,사하구|괴정동|1074-2,True
26380,괴정동,496-6,삼정부영,삼정부영,,,TRADE_7AF5AB96754B,unmatched,0.0,25.0,29,사하구|사하로141번길|29,사하구|괴정동|496-6,True
26380,구평동,106,영생비치,영생비치,,,TRADE_5FE85CAAFC39,unmatched,0.0,0.0,6,사하구|을숙도대로|741,사하구|구평동|106,True
26380,당리동,338-2,크로바,크로바,,,TRADE_C79B232FA9DE,unmatched,0.0,0.0,16,사하구|낙동대로355번길|23,사하구|당리동|338-2,True
26380,괴정동,586-7,나산리츠빌라,나산리츠빌라,,,TRADE_ECFC0E3E6468,unmatched,0.0,36.36363636363637,29,사하구|장평로443번길|93,사하구|괴정동|586-7,True
26380,괴정동,197-1,초원빌,초원빌,,,TRADE_3FFEF7F916DD,unmatched,0.0,19.999999999999996,29,사하구|대티로|45,사하구|괴정동|197-1,True
26380,장림동,193-6,성경센스빌,성경센스빌,,,TRADE_B203839F1955,unmatched,0.0,33.333333333333336,26,사하구|장림번영로|104,사하구|장림동|193-6,True
26380,괴정동,1273,보해이브빌,보해이브빌,,,TRADE_539EC4154426,unmatched,0.0,30.76923076923077,29,사하구|승학로|216,사하구|괴정동|1273,True
26380,하단동,717-2,하단한신원룸,하단한신원룸,,,TRADE_F8BEAE346959,unmatched,0.0,40.0,12,사하구|승학로17번길|82,사하구|하단동|717-2,True
26380,장림동,223,장림,장림,,,TRADE_FE082A95E642,unmatched,0.0,66.66666666666667,26,사하구|장림번영로104번길|25,사하구|장림동|223,True
26380,괴정동,457,흥아거북,흥아거북,,,TRADE_7D24C849B2C2,unmatched,0.0,18.181818181818176,29,사하구|오작로8번길|50,사하구|괴정동|457,True
26380,하단동,605-31,하단대진,하단대진,,,TRADE_84D537F961E8,unmatched,0.0,50.0,12,사하구|하신중앙로|291,사하구|하단동|605-31,True
26410,구서동,415-16,스카이엘,스카이엘,,,TRADE_BA288B5CD044,unmatched,0.0,16.666666666666664,25,금정구|금정로231번길|4,금정구|구서동|415-16,True
26410,장전동,718,벽산블루밍장전디자인시티1단지,벽산블루밍장전디자인시티1단지,벽산블루밍장전디자인시티,A60939003,A60939003,road_address_exact_name,88.88888888888889,88.88888888888889,2,금정구|금강로|225,금정구|장전동|718,True
26410,구서동,86-52,태진팰리스,태진팰리스,,,TRADE_83010F41C678,unmatched,0.0,19.999999999999996,25,금정구|수림로50번길|176,금정구|구서동|86-52,True
26410,구서동,184-36,보성오페라,보성오페라,,,TRADE_51EEC9DB715D,unmatched,0.0,22.22222222222222,25,금정구|중앙대로|1913,금정구|구서동|184-36,True
26410,구서동,413-43,구서백리명가에덴,구서백리명가에덴,,,TRADE_FB48E8240033,unmatched,0.0,35.29411764705882,25,금정구|금강로|431,금정구|구서동|413-43,True
26410,장전동,717,벽산블루밍장전디자인시티2단지,벽산블루밍장전디자인시티2단지,벽산블루밍장전디자인시티,A60939003,A60939003,road_legal_address_exact_name,88.88888888888889,88.88888888888889,2,금정구|금강로|225,금정구|장전동|717,True
26410,장전동,721,벽산블루밍장전디자인시티3단지,벽산블루밍장전디자인시티3단지,벽산블루밍장전디자인시티,A60939003,A60939003,road_address_exact_name,88.88888888888889,88.88888888888889,2,금정구|금강로|225,금정구|장전동|721,True
26410,부곡동,980,부곡아름채,부곡아름채아파트,,,TRADE_725DD3FF0709,unmatched,0.0,60.0,27,금정구|부곡로18번안길|20,금정구|부곡동|980,True
26410,장전동,576-8,온천아이브,온천아이브,,,TRADE_91911ED5EF2F,unmatched,0.0,40.0,17,금정구|금강로|184,금정구|장전동|576-8,True
26410,회동동,551,금성타운,금성타운,,,TRADE_072131337E11,unmatched,0.0,0.0,0,금정구|금사로|156,금정구|회동동|551,True
26410,부곡동,64-34,티아이더코어,티아이더코어,,,TRADE_44B0AC3F3921,unmatched,0.0,26.66666666666667,27,금정구|중앙대로1793번길|58,금정구|부곡동|64-34,True
26410,구서동,252-7,한일,한일,,,TRADE_6133F1DEBB1D,unmatched,0.0,33.333333333333336,25,금정구|금강로468번길|19,금정구|구서동|252-7,True
26410,장전동,163,소망빌라,소망빌라,,,TRADE_799D02DE1EC7,unmatched,0.0,0.0,17,금정구|수림로|63,금정구|장전동|163,True
26410,남산동,707,남도그린파크,남도그린파크,,,TRADE_E7C9A75CCCC8,unmatched,0.0,19.999999999999996,8,금정구|청룡로53번길|45,금정구|남산동|707,True
26410,서동,208-22,대묵mpark,대묵M-PARK(베스트로즈힐),,,TRADE_E1D2889FDA66,unmatched,0.0,18.181818181818176,4,금정구|반송로|397,금정구|서동|208-22,True
26410,부곡동,296-15,동원,동원,,,TRADE_3DE619A42785,unmatched,0.0,33.333333333333336,27,금정구|부곡로|121,금정구|부곡동|296-15,True
26410,장전동,601-9,금정산태진팰리스,금정산태진팰리스,,,TRADE_B4FAEE558368,unmatched,0.0,46.15384615384615,17,금정구|온천장로125번길|48,금정구|장전동|601-9,True
26410,청룡동,7-9,화신골든맨션,화신골든맨션,,,TRADE_3A9328A78378,unmatched,0.0,0.0,4,금정구|금정도서관로|13,금정구|청룡동|7-9,True
26410,남산동,115-12,성화빌라트,성화빌라트,,,TRADE_02C1C7670B66,unmatched,0.0,22.22222222222222,8,금정구|학산로21번길|6,금정구|남산동|115-12,True
26410,부곡동,324-9,홍원메르디앙,홍원메르디앙,,,TRADE_DD5B6B6C0220,unmatched,0.0,15.384615384615385,27,금정구|동부곡로6번길|54,금정구|부곡동|324-9,True
26410,구서동,1017-32,거성경원골든빌라,거성경원골든빌라,,,TRADE_0101B62BAE35,unmatched,0.0,42.85714285714286,25,금정구|두실로37번길|3,금정구|구서동|1017-32,True
26410,남산동,987-6,남산파크빌리지,남산파크빌리지,,,TRADE_DEC7EF9D5741,unmatched,0.0,36.36363636363637,8,금정구|남산로43번길|13,금정구|남산동|987-6,True
26410,부곡동,64-40,부곡동프리미엄안단테,부곡동프리미엄안단테아파트,,,TRADE_A05D49AA70A8,unmatched,0.0,40.0,27,금정구|중앙대로1763번길|20,금정구|부곡동|64-40,True
26410,남산동,981-3,샘하이츠,샘하이츠,,,TRADE_E13201913CC7,unmatched,0.0,66.66666666666667,8,금정구|금샘로|519,금정구|남산동|981-3,True
26410,남산동,989-2,남산그린파크,남산그린파크,,,TRADE_5B145D9F2B62,unmatched,0.0,40.0,8,금정구|남산로|67,금정구|남산동|989-2,True
26410,남산동,956-2,대명하이츠3차,대명하이츠3차,,,TRADE_DAF1EA907467,unmatched,0.0,50.0,8,금정구|금샘로582번길|45,금정구|남산동|956-2,True
26410,장전동,596-12,재우카라디움,재우카라디움,,,TRADE_146CFD80DFE1,unmatched,0.0,18.181818181818176,17,금정구|식물원로75번길|46,금정구|장전동|596-12,True
26410,부곡동,215-1,장미,장미(215-1),,,TRADE_AE4AD4B8AC78,unmatched,0.0,25.0,27,금정구|기찰로|97,금정구|부곡동|215-1,True
26410,청룡동,42-1,소암파크,소암파크,,,TRADE_B098D98E5683,unmatched,0.0,16.666666666666664,4,금정구|남산냇길|106,금정구|청룡동|42-1,True
26410,구서동,775-13,일화아트빌라,일화아트빌라,,,TRADE_B771669556C4,unmatched,0.0,19.999999999999996,25,금정구|금강로|465,금정구|구서동|775-13,True
26410,부곡동,337-3,동양부곡,동양부곡,,,TRADE_E28322B418F2,unmatched,0.0,50.0,27,금정구|동부곡로6번길|71,금정구|부곡동|337-3,True
26410,청룡동,87-2,범양빌라,범양빌라,,,TRADE_4C944B884A39,unmatched,0.0,16.666666666666664,4,금정구|중앙대로|2128-12,금정구|청룡동|87-2,True
26410,장전동,604-48,정우골든시티,정우골든시티,,,TRADE_E3FF01AA29A3,unmatched,0.0,22.22222222222222,17,금정구|온천장로125번길|28-14,금정구|장전동|604-48,True
26410,구서동,162-6,금광예다움,금광예다움,,,TRADE_6D0A61FC12C4,unmatched,0.0,44.44444444444444,25,금정구|두실로7번길|11,금정구|구서동|162-6,True
26410,남산동,116-30,미주빌리지,미주빌리지,,,TRADE_771213840495,unmatched,0.0,0.0,8,금정구|학산로13번길|6,금정구|남산동|116-30,True
26410,남산동,121-9,남산그린,남산그린,,,TRADE_AFC0244132E9,unmatched,0.0,50.0,8,금정구|금강로633번길|32,금정구|남산동|121-9,True
26410,서동,207-4,다온미즈,다온미즈,,,TRADE_9A4945EF5230,unmatched,0.0,0.0,4,금정구|서동로|193-12,금정구|서동|207-4,True
26410,남산동,981-2,동보6차,동보6차,,,TRADE_8150D89FD44E,unmatched,0.0,22.22222222222222,8,금정구|금샘로|521,금정구|남산동|981-2,True
26440,명지동,3243,엘크루블루오션,엘크루블루오션,,,TRADE_8B81851DF631,address_conflict,0.0,0.0,2,강서구|명지오션시티12로|92,강서구|명지동|3243,True
26440,대저1동,2388-17,외진가센트럴타워,외진가센트럴타워,,,TRADE_785E53F0A3E7,unmatched,0.0,0.0,0,강서구|대저로273번길|25,강서구|대저1동|2388-17,True
26440,명지동,3361,에일린의뜰,에일린의 뜰,명지에일린의뜰아파트,A10027953,A10027953,road_address_exact_name,83.33333333333334,83.33333333333334,3,강서구|명지국제5로|60,강서구|명지동|3361,True
26440,대저1동,7375,우창더뷰,우창더뷰,,,TRADE_FAD12E226CB3,unmatched,0.0,0.0,0,강서구|대저중앙로|9,강서구|대저1동|7375,True
26440,녹산동,287,유나베네스2차,유나베네스2차,,,TRADE_5F7B80C3F921,unmatched,0.0,0.0,0,강서구|화전산업대로|272-11,강서구|녹산동|287,True
26470,연산동,2331,브라운스톤연제2단지,브라운스톤연제2단지,브라운스톤연제,A10027159,A10027159,dong_fuzzy,82.35294117647058,82.35294117647058,65,연제구|연제로8번길|30,연제구|연산동|2331,True
26470,연산동,675-3,엘리시움,엘리시움,,,TRADE_A5DAF74F8943,unmatched,0.0,19.999999999999996,65,연제구|중앙대로1124번길|14,연제구|연산동|675-3,True
26470,연산동,1123-5,삼원,삼원,,,TRADE_FD260E5E347D,unmatched,0.0,33.333333333333336,65,연제구|중앙대로1133번길|20,연제구|연산동|1123-5,True
26470,연산동,1299-2,지성캐슬,지성캐슬,,,TRADE_BEC24D9B86AF,unmatched,0.0,28.57142857142857,65,연제구|월드컵대로153번길|64,연제구|연산동|1299-2,True
26470,연산동,684-2,어반힐즈,어반힐즈,,,TRADE_22C4A8D27332,unmatched,0.0,22.22222222222222,65,연제구|월드컵대로|30,연제구|연산동|684-2,True
26470,연산동,580-4,삼보맨션,삼보맨션,,,TRADE_83E5172C6DB9,unmatched,0.0,50.0,65,연제구|세병로|34,연제구|연산동|580-4,True
26470,연산동,588-1,새연산,새연산(588-1),연산하늘채엘센트로,A10020475,A10020475,legal_address_exact,100.0,33.333333333333336,1,연제구|세병로|5,연제구|연산동|588-1,True
26470,거제동,212-1,화신거림,화신거림(212-1),,,TRADE_EBE9B9239709,unmatched,0.0,40.0,41,연제구|교대로24번길|68,연제구|거제동|212-1,True
26470,연산동,1849-6,오양,오양,,,TRADE_89DF8F73CAF9,unmatched,0.0,33.333333333333336,65,연제구|배산북로|31,연제구|연산동|1849-6,True
26470,연산동,1873-85,동서타워,동서타워,동서연천타워,A10025411,A10025411,dong_fuzzy,80.0,80.0,65,연제구|연수로|192,연제구|연산동|1873-85,True
26470,연산동,585-7,진흥목화,진흥목화,,,TRADE_05EF23BBF0C0,unmatched,0.0,19.999999999999996,65,연제구|세병로|15,연제구|연산동|585-7,True
26470,연산동,1481-9,신우피렌체,신우피렌체,,,TRADE_B21CDB6822FA,unmatched,0.0,19.999999999999996,65,연제구|거제천로118번길|51,연제구|연산동|1481-9,True
26470,연산동,1498-9,시청역더리체,시청역더리체,,,TRADE_BBADD3EDF919,unmatched,0.0,50.0,65,연제구|신촌로|27,연제구|연산동|1498-9,True
26470,거제동,1469-6,부원,부원,,,TRADE_AD733185E5FD,unmatched,0.0,33.333333333333336,41,연제구|중앙대로|1180-1,연제구|거제동|1469-6,True
26470,연산동,969-2,청마파크,청마파크,,,TRADE_C3A2EEC69E64,unmatched,0.0,44.44444444444444,65,연제구|고분로|106,연제구|연산동|969-2,True
26470,연산동,460,무궁화,무궁화,,,TRADE_A9455CCC6D22,unmatched,0.0,0.0,65,연제구|온천천남로160번길|23,연제구|연산동|460,True
26470,연산동,399-9,강일프라임빌,강일프라임빌,,,TRADE_438396BC723B,unmatched,0.0,23.529411764705888,65,연제구|안연로8번길|22,연제구|연산동|399-9,True
26470,연산동,1299-6,에이젠,에이젠아파트,,,TRADE_5A8CC947A054,unmatched,0.0,28.57142857142857,65,연제구|중앙대로1065번길|50,연제구|연산동|1299-6,True
26470,연산동,1507-1,세화,세화,,,TRADE_B05568AADF47,unmatched,0.0,15.384615384615385,65,연제구|시청로31번길|4,연제구|연산동|1507-1,True
26470,연산동,2121-4,배산프라임타워,배산프라임타워,,,TRADE_29DF152A5537,unmatched,0.0,46.15384615384615,65,연제구|배산로|34,연제구|연산동|2121-4,True
26470,연산동,1604-6,협성센트로,협성센트로,,,TRADE_22154C179AF8,unmatched,0.0,42.85714285714286,65,연제구|연제로8번길|37,연제구|연산동|1604-6,True
26470,연산동,784-1,디오빌비동,디오빌비동,,,TRADE_108563CC5AD0,unmatched,0.0,30.76923076923077,65,연제구|월드컵대로19번길|17,연제구|연산동|784-1,True
26470,연산동,1122-3,흥아거북,흥아거북,,,TRADE_21C9CB6DEED8,unmatched,0.0,22.22222222222222,65,연제구|중앙대로1149번길|10,연제구|연산동|1122-3,True
26470,거제동,588-4,희망센트럴뷰,희망센트럴뷰,,,TRADE_617E154B0C88,unmatched,0.0,46.15384615384615,41,연제구|거제시장로22번길|5,연제구|거제동|588-4,True
26500,광안동,165-9,광안지음주상복합,광안지음주상복합,,,TRADE_A3EA99984BF2,unmatched,0.0,37.5,22,수영구|수영로|542,수영구|광안동|165-9,True
26500,광안동,539-1,광명,광명(539-1),,,TRADE_8054542BC0E4,unmatched,0.0,50.0,22,수영구|광일로67번길|68,수영구|광안동|539-1,True
26500,민락동,781,e편한세상오션테라스2단지,e편한세상오션테라스2단지,e편한세상 오션테라스,A10025075,A10025075,dong_fuzzy,86.95652173913044,86.95652173913044,13,수영구|광안해변로326번길|9,수영구|민락동|781,True
26500,남천동,44-15,한성그린,한성그린,,,TRADE_C3BD18AB4DF6,unmatched,0.0,19.999999999999996,14,수영구|수영로481번길|8,수영구|남천동|44-15,True
26500,망미동,443-1,디아이라뷰,디아이라뷰,,,TRADE_A7572C403F9C,unmatched,0.0,16.666666666666664,12,수영구|망미배산로18번길|14,수영구|망미동|443-1,True
26500,남천동,148-22,삼익타워,삼익타워,남천자이아파트,A10023420,A10023420,road_address_exact,100.0,0.0,1,수영구|남천동로|46,수영구|남천동|148-22,True
26500,광안동,120-296,동신빌라트,동신빌라트(120-296),,,TRADE_4775B47FEF6F,unmatched,0.0,33.333333333333336,22,수영구|수영로618번길|5,수영구|광안동|120-296,True
26500,남천동,558-2,반도보라맨션,반도보라맨션,,,TRADE_AB147927D1F4,unmatched,0.0,33.333333333333336,14,수영구|광안해변로15번길|10,수영구|남천동|558-2,True
26500,망미동,821-1,동방로얄,동방로얄,,,TRADE_3FA348EF6833,unmatched,0.0,30.76923076923077,12,수영구|연수로288번길|7,수영구|망미동|821-1,True
26500,망미동,881-90,필아트빌,필아트빌,,,TRADE_8067283146C8,unmatched,0.0,18.181818181818176,12,수영구|망미배산로70번다길|14,수영구|망미동|881-90,True
26500,망미동,820-1,동방,동방(1~5동),,,TRADE_10EFB3F67B59,unmatched,0.0,16.666666666666664,12,수영구|연수로282번길|7,수영구|망미동|820-1,True
26500,광안동,99-1,정원센텀뷰,정원센텀뷰,,,TRADE_32A42DEE0DAD,unmatched,0.0,28.57142857142857,22,수영구|수영로652번길|6,수영구|광안동|99-1,True
26500,광안동,744-6,광안부백자연애,광안부백자연애아파트,,,TRADE_BD026ECE31C4,unmatched,0.0,54.54545454545454,22,수영구|수영로575번길|10,수영구|광안동|744-6,True
26500,광안동,951-4,봉황맨션,봉황맨션,,,TRADE_51B5FB01AF6D,unmatched,0.0,15.384615384615385,22,수영구|연수로392번길|72,수영구|광안동|951-4,True
26500,남천동,10-2,금양아이파크,금양아이파크,,,TRADE_E25AAD295312,unmatched,0.0,40.0,14,수영구|남천동로9번길|38,수영구|남천동|10-2,True
26500,광안동,379-30,광안센텀스카이뷰,광안센텀스카이뷰,,,TRADE_F6FFD9298657,unmatched,0.0,50.0,22,수영구|수영로|541-1,수영구|광안동|379-30,True
26500,남천동,23-3,광남,광남,,,TRADE_97A5FFA0C8F8,unmatched,0.0,33.333333333333336,14,수영구|남천동로10번길|57,수영구|남천동|23-3,True
26500,광안동,540-4,동양맨션,동양맨션,,,TRADE_F27E6CF3F979,unmatched,0.0,19.999999999999996,22,수영구|장대골로68번길|17,수영구|광안동|540-4,True
26500,남천동,556-4,대우포르투나,대우포르투나,,,TRADE_E400F58E1B46,unmatched,0.0,16.666666666666664,14,수영구|황령대로|499,수영구|남천동|556-4,True
26500,민락동,29-5,홍익라이프나동,홍익라이프나동,,,TRADE_36E9E9FB3855,unmatched,0.0,14.28571428571429,13,수영구|광남로|251,수영구|민락동|29-5,True
26500,광안동,108-2,광안화목5,광안화목5,,,TRADE_B7CC5C7AC211,unmatched,0.0,44.44444444444444,22,수영구|감포로|33,수영구|광안동|108-2,True
26500,수영동,457-2,동양맨션,동양맨션,,,TRADE_6567C1AFC76F,unmatched,0.0,15.384615384615385,3,수영구|연수로379번길|5,수영구|수영동|457-2,True
26500,광안동,545-22,광안리치빌b,광안리치빌B,,,TRADE_D629DC54FCFA,unmatched,0.0,50.0,22,수영구|장대골로57번가길|12,수영구|광안동|545-22,True
26500,남천동,3-15,봉황,봉황(3-15),,,TRADE_FA2382D96D4B,unmatched,0.0,0.0,14,수영구|남천동로108번길|39,수영구|남천동|3-15,True
26500,광안동,645-1,라익,라익,,,TRADE_80767E487DAA,unmatched,0.0,0.0,22,수영구|수영로611번길|34,수영구|광안동|645-1,True
26500,수영동,445-4,해마루,해마루아파트,,,TRADE_D6E98E6A8BB2,unmatched,0.0,0.0,3,수영구|수영로725번길|47,수영구|수영동|445-4,True
26500,광안동,567-31,파크블루v,파크블루V,,,TRADE_AB17523E84EE,unmatched,0.0,19.999999999999996,22,수영구|장대골로|8-6,수영구|광안동|567-31,True
26500,광안동,755-16,금양타워빌,금양타워빌,,,TRADE_597C163AF3B5,unmatched,0.0,30.76923076923077,22,수영구|호암로25번길|27,수영구|광안동|755-16,True
26500,광안동,378-6,누원아트빌,누원아트빌,,,TRADE_949398D5356C,unmatched,0.0,30.76923076923077,22,수영구|수영로545번가길|14-3,수영구|광안동|378-6,True
26530,덕포동,213-1,금잔디,금잔디,,,TRADE_CDDF02EDD886,unmatched,0.0,0.0,13,사상구|사상로310번길|80-11,사상구|덕포동|213-1,True
26530,엄궁동,567-6,섬진4차,섬진4차,,,TRADE_4C9788CC6D37,unmatched,0.0,19.999999999999996,12,사상구|엄궁로|206,사상구|엄궁동|567-6,True
26530,주례동,83-1,일산맨션,일산맨션,,,TRADE_DB0042AE5217,unmatched,0.0,50.0,23,사상구|진사로36번길|9,사상구|주례동|83-1,True
26530,주례동,10-26,고려아펠리아,고려아펠리아,,,TRADE_5299EF9F506F,unmatched,0.0,16.666666666666664,23,사상구|백양대로|366,사상구|주례동|10-26,True
26530,괘법동,524-17,천아하늘정원,천아하늘정원,,,TRADE_060B93359D1A,unmatched,0.0,16.666666666666664,11,사상구|사상로243번길|7,사상구|괘법동|524-17,True
26530,주례동,92-2,태원,태원,,,TRADE_89508EA9C1BB,unmatched,0.0,19.999999999999996,23,사상구|가야대로330번길|25,사상구|주례동|92-2,True
26530,괘법동,553-4,리치플러스,리치플러스,,,TRADE_759D986860B5,unmatched,0.0,28.57142857142857,11,사상구|사상로|166,사상구|괘법동|553-4,True
26530,괘법동,523-4,굿모닝뷰,굿모닝뷰,,,TRADE_18C40A96CCBE,unmatched,0.0,0.0,11,사상구|낙동대로1210번길|84,사상구|괘법동|523-4,True
26530,주례동,279,동유네이처하우스,동유네이처하우스,,,TRADE_78CBEC439137,unmatched,0.0,25.0,23,사상구|양지로42번길|71,사상구|주례동|279,True
26530,덕포동,191-2,대하덕포,대하덕포(1호동),,,TRADE_B4A37176D203,unmatched,0.0,50.0,13,사상구|사상로310번길|88,사상구|덕포동|191-2,True
26530,괘법동,273-4,세진,세진,,,TRADE_4DA157D8BAC3,unmatched,0.0,0.0,11,사상구|광장로87번길|59,사상구|괘법동|273-4,True
26530,주례동,221-1,주례센텀,주례센텀,,,TRADE_267D4BA3D658,unmatched,0.0,50.0,23,사상구|백양대로|372-37,사상구|주례동|221-1,True
26530,괘법동,542-15,아이더블유타워,아이더블유타워,,,TRADE_16929FA978E4,unmatched,0.0,15.384615384615385,11,사상구|광장로97번길|7,사상구|괘법동|542-15,True
26530,괘법동,548-7,강일프라임빌,강일프라임빌,,,TRADE_0DA8B406E506,unmatched,0.0,16.666666666666664,11,사상구|광장로|96-8,사상구|괘법동|548-7,True
26530,괘법동,523-10,일루스타,일루스타,,,TRADE_0F733E1F7304,unmatched,0.0,36.36363636363637,11,사상구|낙동대로1210번길|94,사상구|괘법동|523-10,True
26530,주례동,80-142,광우파크,광우파크,,,TRADE_9AA930034D07,unmatched,0.0,18.181818181818176,23,사상구|가야대로366번길|104,사상구|주례동|80-142,True
26530,학장동,574-23,정남파크맨션,정남파크맨션,,,TRADE_56DE71E3955A,unmatched,0.0,25.0,17,사상구|대동로140번길|26,사상구|학장동|574-23,True
26530,주례동,55-4,송림주택,송림주택,,,TRADE_E9C91380940C,unmatched,0.0,25.0,23,사상구|가야대로378번길|46,사상구|주례동|55-4,True
26710,정관읍달산리,139,재흥,재흥,,,TRADE_742EAD55D903,unmatched,0.0,0.0,0,기장군|정관로|750-24,기장군|정관읍달산리|139,True
26710,기장읍청강리,227,덕주빌라,덕주빌라,,,TRADE_6FFB81FAD66A,unmatched,0.0,0.0,0,기장군|청강로|23,기장군|기장읍청강리|227,True
26710,기장읍대라리,92-2,기장에코하임6차,기장에코하임6차,,,TRADE_910E67BAB592,unmatched,0.0,0.0,0,기장군|차성남로89번길|9,기장군|기장읍대라리|92-2,True
26710,기장읍서부리,402,이진테마빌,이진테마빌,,,TRADE_2A616BA704BD,unmatched,0.0,0.0,0,기장군|배산로8번길|65,기장군|기장읍서부리|402,True
26710,기장읍동부리,364-2,부산기장포스코더샵,부산기장포스코더샵,,,TRADE_BCBE9DD82FE8,unmatched,0.0,0.0,0,기장군|차성동로116번길|12,기장군|기장읍동부리|364-2,True
26710,정관읍모전리,730,이지더원3차,이지더원3차,,,TRADE_C8D8824E5CC0,unmatched,0.0,0.0,0,기장군|정관로|350,기장군|정관읍모전리|730,True
26710,기장읍대라리,94-8,에코하임기장,에코하임기장,,,TRADE_EEDD993DA835,unmatched,0.0,0.0,0,기장군|차성남로89번길|4,기장군|기장읍대라리|94-8,True
26710,기장읍교리,268,부전타워,부전타워,,,TRADE_E47CA44F8C21,unmatched,0.0,0.0,0,기장군|차성로436번길|28,기장군|기장읍교리|268,True
26710,정관읍모전리,735,이지더원2차,이지더원2차,EGthe12차,A61996106,A61996106,road_address_exact,100.0,28.57142857142857,1,기장군|정관2로|9,기장군|정관읍모전리|735,True
26710,기장읍대라리,408-2,더테라스,더테라스,,,TRADE_ABE7E7C346CF,unmatched,0.0,0.0,0,기장군|차성남로51번길|1-1,기장군|기장읍대라리|408-2,True
26710,기장읍대라리,128-11,대라주공,대라주공,,,TRADE_CF2C5194F1D6,unmatched,0.0,0.0,0,기장군|대청로35번길|49,기장군|기장읍대라리|128-11,True
26710,기장읍대라리,269-6,팰리스빌1,팰리스빌1,,,TRADE_D6495F91ED15,unmatched,0.0,0.0,0,기장군|대청로|51,기장군|기장읍대라리|269-6,True
26710,기장읍동부리,509,삼화펠리스힐,삼화펠리스힐아파트,,,TRADE_5EFDA414ADC1,unmatched,0.0,0.0,0,기장군|배산로68번길|16-7,기장군|기장읍동부리|509,True
26710,정관읍매학리,41,형진강변프라자,형진강변프라자,,,TRADE_C2DE78D175B7,unmatched,0.0,0.0,0,기장군|정관중앙로|83-13,기장군|정관읍매학리|41,True
26710,기장읍대라리,85,동부산렉슬,동부산렉슬,,,TRADE_46FCDB93D734,unmatched,0.0,0.0,0,기장군|차성동로45번길|1,기장군|기장읍대라리|85,True
26710,기장읍대라리,33-9,삼협아띠랑스,삼협아띠랑스,,,TRADE_81CEDBCB66AE,unmatched,0.0,0.0,0,기장군|차성남로89번길|16,기장군|기장읍대라리|33-9,True
26710,기장읍교리,251-3,성신목화,성신목화,,,TRADE_696A49BD4A6E,unmatched,0.0,0.0,0,기장군|차성로|442,기장군|기장읍교리|251-3,True
26710,기장읍대라리,126-2,담덕기장센텀,담덕기장센텀,,,TRADE_5B91076FA799,unmatched,0.0,0.0,0,기장군|차성동로45번길|31,기장군|기장읍대라리|126-2,True
26110,보수동3가,40-5,선경에이스,선경에이스,,,TRADE_D5A41E16C4B9,unmatched,0.0,0.0,0,중구|흑교로67번길|30,중구|보수동3가|40-5,True
26110,보수동2가,38-1,흑교,흑교,,,TRADE_1906136C6B6F,unmatched,0.0,0.0,0,중구|흑교로87번길|3-1,중구|보수동2가|38-1,True
26110,영주동,106-9,동주파크,동주파크,,,TRADE_EA33ABCCD52B,unmatched,0.0,19.999999999999996,5,중구|망양로|405,중구|영주동|106-9,True
26110,보수동3가,73-35,보수3차봄여름가을겨울,보수3차봄여름가을겨울,,,TRADE_8A56B3EACC21,unmatched,0.0,0.0,0,중구|대청로|23,중구|보수동3가|73-35,True
26110,보수동1가,산3-148,시영,시영,,,TRADE_9CAA44AE0D44,unmatched,0.0,0.0,1,중구|망양로319번길|24,중구|보수동1가|산3-148,True
26110,보수동1가,11-5,미소지음주상복합,미소지음주상복합,,,TRADE_538271B9106A,unmatched,0.0,0.0,1,중구|흑교로|92,중구|보수동1가|11-5,True
26110,보수동2가,118-8,대성아르빌,대성아르빌,,,TRADE_9B674BCF7C10,unmatched,0.0,0.0,0,중구|흑교로45번길|5-1,중구|보수동2가|118-8,True
26140,아미동2가,41-1,남부,남부,,,TRADE_EB0FD844CEB6,unmatched,0.0,0.0,1,서구|까치고개로197번길|25-1,서구|아미동2가|41-1,True
26140,암남동,171-18,송도맨션,송도맨션,,,TRADE_8FF1DDBD2167,unmatched,0.0,50.0,14,서구|충무대로82번길|21,서구|암남동|171-18,True
26140,서대신동2가,5-3,석포로얄캐슬2차,석포로얄캐슬2차,,,TRADE_08A94AB1F652,unmatched,0.0,25.0,3,서구|구덕로315번길|18,서구|서대신동2가|5-3,True
26140,동대신동3가,190,동대센츄럴타운,동대센츄럴타운,,,TRADE_E0EAD94B49C5,unmatched,0.0,30.000000000000004,3,서구|구덕로346번길|4,서구|동대신동3가|190,True
26140,서대신동3가,360-5,한우리타워4차,한우리타워4차,,,TRADE_27CD45DB3FA5,unmatched,0.0,18.181818181818176,8,서구|대영로45번길|72,서구|서대신동3가|360-5,True
26140,토성동1가,23-4,토성파크,토성파크아파트,,,TRADE_A2CF23FA6C0C,unmatched,0.0,30.76923076923077,2,서구|구덕로124번길|58,서구|토성동1가|23-4,True
26140,암남동,118-5,대동맨션,대동맨션,,,TRADE_8B8529FBDEAE,unmatched,0.0,25.0,14,서구|천마로|57,서구|암남동|118-5,True
26140,충무동2가,33-1,대륙천마b,대륙천마B,,,TRADE_D4BE30996930,unmatched,0.0,0.0,0,서구|천마로205번길|45-5,서구|충무동2가|33-1,True
26140,동대신동1가,320-3,미소지음,미소지음,,,TRADE_378B978E5318,unmatched,0.0,0.0,1,서구|보수대로|145,서구|동대신동1가|320-3,True
26140,암남동,115-49,삼경맨션,삼경맨션,,,TRADE_AF73D8BB4E63,unmatched,0.0,40.0,14,서구|충무대로83번길|51,서구|암남동|115-49,True
26140,동대신동2가,287,이지벨빌리지,이지벨빌리지,,,TRADE_615B6C9B63C3,unmatched,0.0,0.0,1,서구|대영로|89,서구|동대신동2가|287,True
26140,아미동2가,123-1,일광,일광,,,TRADE_3E7471D57E3C,unmatched,0.0,0.0,1,서구|까치고개로|189,서구|아미동2가|123-1,True
26170,범일동,830-77,봄여름가을겨울,봄여름가을겨울,,,TRADE_6055190ADE71,unmatched,0.0,0.0,9,동구|자성로133번길|46,동구|범일동|830-77,True
26170,초량동,865-31,동일파크,동일파크,,,TRADE_52E151624DB5,unmatched,0.0,22.22222222222222,10,동구|망양로|483,동구|초량동|865-31,True
26170,범일동,1307-14,범일동서면영동리원,범일동서면영동리원,,,TRADE_4FD83C287C13,unmatched,0.0,22.22222222222222,9,동구|범곡북로|15,동구|범일동|1307-14,True
26170,좌천동,630,그린아일,그린아일,,,TRADE_C5D5E73C14A4,unmatched,0.0,18.181818181818176,5,동구|고관로|172-1,동구|좌천동|630,True
26170,범일동,830-197,범일역이즈팰리스,범일역이즈팰리스,,,TRADE_8BEF09701542,unmatched,0.0,33.333333333333336,9,동구|조방로26번길|7,동구|범일동|830-197,True
26170,초량동,49-6,센텀동원2차,센텀동원2차,,,TRADE_0F0845812C5E,unmatched,0.0,42.85714285714286,10,동구|고관로7번길|11,동구|초량동|49-6,True
26170,좌천동,734-4,제일,제일,,,TRADE_E9F1913E8008,unmatched,0.0,18.181818181818176,5,동구|증산로|97,동구|좌천동|734-4,True
26170,수정동,1161-7,수정,수정(1161-7),,,TRADE_E242B8901AAC,unmatched,0.0,0.0,3,동구|수정공원남로|66,동구|수정동|1161-7,True
26170,초량동,110-2,대근스카이,대근스카이,,,TRADE_F87CBA95C285,unmatched,0.0,37.5,10,동구|고관로13번길|55,동구|초량동|110-2,True
26170,초량동,890-1,전원파크맨션,전원파크맨션아파트,,,TRADE_A71774C8B051,unmatched,0.0,28.57142857142857,10,동구|망양로|475,동구|초량동|890-1,True
26170,수정동,771-11,협성파크,협성파크,,,TRADE_4F8E134026B8,unmatched,0.0,25.0,3,동구|수정공원로|55,동구|수정동|771-11,True
26170,좌천동,187-5,선경뉴빌,선경뉴빌,,,TRADE_FFD4A5F5A17C,unmatched,0.0,15.384615384615385,5,동구|자성로8번길|12,동구|좌천동|187-5,True
26170,범일동,1486-18,아름빌104동,아름빌104동,,,TRADE_190CE5F6FD8B,unmatched,0.0,0.0,9,동구|범곡북로|29,동구|범일동|1486-18,True
26170,수정동,288-5,베스안하우스,베스안하우스,,,TRADE_946BDA79047F,unmatched,0.0,12.5,3,동구|고관로|107-6,동구|수정동|288-5,True
26170,범일동,1315-3,옛고을,옛고을,,,TRADE_4E7DEAB40DE8,unmatched,0.0,0.0,9,동구|범곡로|15,동구|범일동|1315-3,True
26200,동삼동,363-46,삼창파크타운3차,삼창파크타운3차,,,TRADE_6BAFCE239EDA,unmatched,0.0,57.14285714285714,23,영도구|동삼로29번길|7,영도구|동삼동|363-46,True
26200,동삼동,219-145,대성베른시티2동,대성베른시티2동,,,TRADE_4EFB6363D48C,unmatched,0.0,22.22222222222222,23,영도구|동삼북로|19,영도구|동삼동|219-145,True
26200,봉래동1가,77,영광골든타워,영광골든타워,,,TRADE_7F206420A983,unmatched,0.0,0.0,0,영도구|절영로|4,영도구|봉래동1가|77,True
26200,동삼동,363-40,삼창파크맨션2동,삼창파크맨션2동,,,TRADE_4B57145EA843,unmatched,0.0,62.5,23,영도구|절영로|550,영도구|동삼동|363-40,True
26200,동삼동,557,전원파크맨션,전원파크맨션,,,TRADE_643D0667F831,unmatched,0.0,33.333333333333336,23,영도구|중리북로|10,영도구|동삼동|557,True
26200,동삼동,219-61,장원,장원,,,TRADE_521D15DF5505,unmatched,0.0,0.0,23,영도구|동삼서로|52,영도구|동삼동|219-61,True
26200,대평동1가,119,대동,대동,,,TRADE_E3826330E7CB,unmatched,0.0,66.66666666666667,1,영도구|대평로19번길|12,영도구|대평동1가|119,True
26200,남항동3가,141-113,현대,현대,,,TRADE_F52E2D4F5368,unmatched,0.0,0.0,0,영도구|남항남로|52,영도구|남항동3가|141-113,True
26200,영선동2가,25-7,영림,영림,,,TRADE_F280B32D4A85,unmatched,0.0,0.0,1,영도구|절영로93번길|40-12,영도구|영선동2가|25-7,True
26200,동삼동,244-8,신흥동백2,신흥동백2,,,TRADE_BF56205BB17D,unmatched,0.0,33.333333333333336,23,영도구|동삼동로|13,영도구|동삼동|244-8,True
26200,영선동4가,1106,동산,동산(1106),,,TRADE_058D2D08C7C3,unmatched,0.0,22.22222222222222,2,영도구|절영로|239,영도구|영선동4가|1106,True
26230,개금동,135-4,영화,영화,,,TRADE_97C5836A972D,unmatched,0.0,33.333333333333336,23,부산진구|가야대로507번가길|18,부산진구|개금동|135-4,True
26230,양정동,174,지산비바체,지산비바체,,,TRADE_4604AD5CDB85,unmatched,0.0,11.111111111111116,13,부산진구|동평로405번길|114,부산진구|양정동|174,True
26230,전포동,312-31,스윗팰리스,스윗팰리스,,,TRADE_7B95B50AB73A,unmatched,0.0,16.666666666666664,23,부산진구|전포대로|204,부산진구|전포동|312-31,True
26230,전포동,595-20,청아,청아,,,TRADE_40FDB9DEA82D,unmatched,0.0,25.0,23,부산진구|동성로|140,부산진구|전포동|595-20,True
26230,범천동,878-6,스타파크,스타파크,,,TRADE_A1F148D8AA97,unmatched,0.0,19.999999999999996,24,부산진구|범일로|169-1,부산진구|범천동|878-6,True
26230,범천동,1252-125,세인한아름,세인한아름,,,TRADE_E188A1526FCF,unmatched,0.0,16.666666666666664,24,부산진구|만리산로|67,부산진구|범천동|1252-125,True
26230,연지동,41-30,이즈아트빌,이즈아트빌,,,TRADE_C5844F501053,unmatched,0.0,18.181818181818176,14,부산진구|성지로8번길|26,부산진구|연지동|41-30,True
26230,양정동,401-5,대능더에스티지,대능더에스티지,,,TRADE_E7F374A26AC3,unmatched,0.0,30.76923076923077,13,부산진구|중앙대로|889-1,부산진구|양정동|401-5,True
26230,양정동,343-3,수목하우스,수목하우스,,,TRADE_EA4EDFBF2FFE,unmatched,0.0,18.181818181818176,13,부산진구|양지로5번길|77,부산진구|양정동|343-3,True
26230,부전동,418-20,대원,대원,,,TRADE_0578C0076F05,unmatched,0.0,18.181818181818176,7,부산진구|부전로95번길|18,부산진구|부전동|418-20,True
26230,전포동,695-5,보해이브빌,보해이브빌,,,TRADE_A146D8EA1DB5,unmatched,0.0,19.999999999999996,23,부산진구|전포대로|179,부산진구|전포동|695-5,True
26230,초읍동,165-7,황금빌리지,황금빌리지,,,TRADE_F226ECF0BD7E,unmatched,0.0,19.999999999999996,10,부산진구|성지로150번길|20-10,부산진구|초읍동|165-7,True
26230,연지동,41-7,연지센트럴파크,연지센트럴파크,,,TRADE_01DC674EC858,unmatched,0.0,36.36363636363637,14,부산진구|성지로8번길|30,부산진구|연지동|41-7,True
26230,범전동,43-4,범전시영1동,범전시영1동,,,TRADE_7AFFFB043E93,unmatched,0.0,0.0,1,부산진구|범양로|6,부산진구|범전동|43-4,True
26230,전포동,694-5,세경hub센트럴시티,세경HUB센트럴시티,,,TRADE_A8308D826900,unmatched,0.0,22.22222222222222,23,부산진구|서전로38번길|89,부산진구|전포동|694-5,True
26230,범천동,844-3,우일아내트,우일아내트,,,TRADE_3357921DA151,unmatched,0.0,33.333333333333336,24,부산진구|중앙번영로|12-1,부산진구|범천동|844-3,True
26230,개금동,198-1,개금블루스카이,개금블루스카이,,,TRADE_0283771D7A54,unmatched,0.0,46.15384615384615,23,부산진구|개금온정로|6,부산진구|개금동|198-1,True
26230,부암동,65-17,부암동리젠트힐,부암동리젠트힐,,,TRADE_42540E150312,unmatched,0.0,36.36363636363637,27,부산진구|신천대로|242,부산진구|부암동|65-17,True
26230,전포동,582,금오아트빌,금오아트빌,,,TRADE_71337406D160,unmatched,0.0,30.76923076923077,23,부산진구|전포대로298번길|9-11,부산진구|전포동|582,True
26230,범전동,9-151,동원,동원,,,TRADE_CB052E560F0A,unmatched,0.0,0.0,1,부산진구|양성로|23,부산진구|범전동|9-151,True
26230,범천동,859-7,대동레미안,대동레미안,,,TRADE_6FCC46BDC12D,unmatched,0.0,62.5,24,부산진구|중앙대로644번길|62,부산진구|범천동|859-7,True
26230,가야동,611-5,가야일산주택,가야일산주택,,,TRADE_CB990550D60B,unmatched,0.0,60.0,12,부산진구|가야대로510번길|78,부산진구|가야동|611-5,True
26230,전포동,193-33,명가포레스트,명가포레스트,,,TRADE_FFD104985BBC,unmatched,0.0,23.529411764705888,23,부산진구|서전로57번길|41,부산진구|전포동|193-33,True
26230,전포동,362-65,전포유림노르웨이숲,전포유림노르웨이숲,,,TRADE_F258CEB8190C,unmatched,0.0,63.1578947368421,23,부산진구|전포대로|148,부산진구|전포동|362-65,True
26230,범천동,882-24,에스제이파베르,에스제이파베르,,,TRADE_32EEB099D036,unmatched,0.0,30.76923076923077,24,부산진구|범일로|161-1,부산진구|범천동|882-24,True
26230,범천동,854-2,범내골역이즈팰리스,범내골역이즈팰리스,,,TRADE_33A6118F8C5D,unmatched,0.0,57.14285714285714,24,부산진구|황령대로18번길|22,부산진구|범천동|854-2,True
26230,부전동,417-6,대동레미안더오션2,대동레미안더오션2,,,TRADE_CDA05D79ED89,unmatched,0.0,15.384615384615385,7,부산진구|가야대로755번길|26,부산진구|부전동|417-6,True
26230,범천동,1284-1,성림타워,성림타워,,,TRADE_B88C85B1CA05,unmatched,0.0,40.0,24,부산진구|신암로|51-6,부산진구|범천동|1284-1,True
26230,초읍동,408-1,부성,부성,,,TRADE_AE71B4A4D6B7,unmatched,0.0,28.57142857142857,10,부산진구|성지로104번길|71,부산진구|초읍동|408-1,True
26230,개금동,410,진일,진일,,,TRADE_81B91504CD39,unmatched,0.0,33.333333333333336,23,부산진구|개금본동로66번길|28,부산진구|개금동|410,True
26230,초읍동,351-12,월드드림빌,월드드림빌,,,TRADE_0CE9E1205895,unmatched,0.0,23.529411764705888,10,부산진구|성지곡로|21,부산진구|초읍동|351-12,True
26230,당감동,479-6,성지백양,성지백양,,,TRADE_E6FDC129DD0C,unmatched,0.0,50.0,17,부산진구|백양대로136번길|76-15,부산진구|당감동|479-6,True
26230,전포동,192-14,서포맨션,서포맨션,,,TRADE_63F99D93CD72,unmatched,0.0,50.0,23,부산진구|서전로57번길|42,부산진구|전포동|192-14,True
26230,초읍동,670,삼정그린코아,삼정그린코아,,,TRADE_6B74ED97E0D1,unmatched,0.0,42.85714285714286,10,부산진구|월드컵대로467번길|41,부산진구|초읍동|670,True
26230,전포동,327-22,우영,우영,,,TRADE_0AE493C4F693,unmatched,0.0,33.333333333333336,23,부산진구|진남로356번길|22,부산진구|전포동|327-22,True
26230,범천동,871-1,강진융프라우,강진융프라우,,,TRADE_843F3476B05D,unmatched,0.0,18.181818181818176,24,부산진구|중앙대로621번길|25,부산진구|범천동|871-1,True
26230,가야동,82-6,가야센트리움,가야센트리움,,,TRADE_1DD9F9B67D78,unmatched,0.0,66.66666666666667,12,부산진구|가야대로587번길|11-26,부산진구|가야동|82-6,True
26230,부전동,410-9,양지코쿤,양지코쿤,,,TRADE_A1916CDF3CE5,unmatched,0.0,0.0,7,부산진구|서면문화로53번길|41,부산진구|부전동|410-9,True
26230,부암동,80-6,삼부로얄,삼부로얄,,,TRADE_2FEA3451768B,unmatched,0.0,25.0,27,부산진구|시민공원로19번길|54,부산진구|부암동|80-6,True
26230,초읍동,269-8,초읍우신,초읍우신(269-8),초읍한신아파트,A61487305,A61487305,dong_fuzzy,75.0,75.0,10,부산진구|새싹로|196-1,부산진구|초읍동|269-8,True
26230,양정동,272-9,양정이즈팰리스,양정이즈팰리스,양정퀸즈팰리스,A10027048,A10027048,dong_fuzzy,85.71428571428572,85.71428571428572,13,부산진구|연수로11번길|21,부산진구|양정동|272-9,True
26260,안락동,433-4,충렬지음,충렬지음,,,TRADE_E41DD8974371,unmatched,0.0,16.666666666666664,15,동래구|충렬대로|370,동래구|안락동|433-4,True
26260,사직동,632-4,로얄2,로얄2,,,TRADE_16DA5A43E3C3,unmatched,0.0,22.22222222222222,19,동래구|쇠미로|109,동래구|사직동|632-4,True
26260,온천동,1379-31,허브센티움,허브센티움,,,TRADE_DF8E549D2B6E,unmatched,0.0,28.57142857142857,42,동래구|여고북로73번길|31,동래구|온천동|1379-31,True
26260,낙민동,288-29,동서허브h,동서허브H,,,TRADE_D5E119E8F369,unmatched,0.0,22.22222222222222,13,동래구|충렬대로256번가길|25,동래구|낙민동|288-29,True
26260,온천동,45-13,해창쁘띠메종,해창쁘띠메종,,,TRADE_DB94624BB8C6,unmatched,0.0,13.33333333333333,42,동래구|금강로|166-10,동래구|온천동|45-13,True
26260,온천동,1441-16,신동아,신동아,,,TRADE_A93A0F25AC7D,unmatched,0.0,40.0,42,동래구|중앙대로1307번길|14,동래구|온천동|1441-16,True
26260,안락동,603-12,동래보해이브,동래보해이브,,,TRADE_02D113B4F985,unmatched,0.0,33.333333333333336,15,동래구|충렬대로428번길|30,동래구|안락동|603-12,True
26260,온천동,1431-10,정심파크빌,정심파크빌,,,TRADE_F09DB0D9E8DD,unmatched,0.0,28.57142857142857,42,동래구|중앙대로1333번길|61,동래구|온천동|1431-10,True
26260,온천동,200-27,목영해돋이,목영해돋이,,,TRADE_3460BEAB20CA,unmatched,0.0,25.0,42,동래구|금강로|81,동래구|온천동|200-27,True
26260,명륜동,702-47,삼창,삼창,,,TRADE_FCD800419D4B,unmatched,0.0,0.0,12,동래구|온천천로|79,동래구|명륜동|702-47,True
26260,명장동,139-2,무지개,무지개,,,TRADE_F261E132BB04,unmatched,0.0,60.0,13,동래구|명안로72번길|34,동래구|명장동|139-2,True
26260,명장동,616,대가하이츠,대가하이츠,,,TRADE_02457BA53777,unmatched,0.0,13.33333333333333,13,동래구|시실로|154,동래구|명장동|616,True
26260,온천동,1243-8,서림온천빌라,서림온천빌라,,,TRADE_AC041F55D8EA,unmatched,0.0,40.0,42,동래구|아시아드대로231번길|53,동래구|온천동|1243-8,True
26260,온천동,1649,서전,서전,,,TRADE_4F544C16530D,unmatched,0.0,28.57142857142857,42,동래구|쇠미로129번길|66,동래구|온천동|1649,True
26260,온천동,1436-1,금성맨션,금성맨션,,,TRADE_AE701645E10C,unmatched,0.0,19.999999999999996,42,동래구|중앙대로1335번길|3,동래구|온천동|1436-1,True
26260,온천동,1222-12,평광하이츠빌,평광하이츠빌,,,TRADE_2FC6AAA9E93E,unmatched,0.0,18.181818181818176,42,동래구|석사북로95번길|24-5,동래구|온천동|1222-12,True
26260,명장동,29-105,대호맨션,대호맨션,,,TRADE_B730C66BDD45,unmatched,0.0,40.0,13,동래구|반송로273번길|17,동래구|명장동|29-105,True
26260,명장동,300-89,한신,한신,,,TRADE_BEF7CF6DC656,unmatched,0.0,18.181818181818176,13,동래구|명서로112번길|82,동래구|명장동|300-89,True
26260,온천동,192-28,세진베스트빌,세진베스트빌,,,TRADE_FA84C84729E5,unmatched,0.0,33.333333333333336,42,동래구|금강로|94-1,동래구|온천동|192-28,True
26260,수안동,344,수안동미소지음,수안동미소지음아파트,,,TRADE_EE5E065D4FC7,unmatched,0.0,40.0,11,동래구|명륜로98번길|67-4,동래구|수안동|344,True
26260,온천동,435-1,온천프라자,온천프라자,,,TRADE_B0C3ED181925,unmatched,0.0,44.44444444444444,42,동래구|금강로|69,동래구|온천동|435-1,True
26260,온천동,1380-1,쎄븐하이츠,쎄븐하이츠,,,TRADE_8735EB334912,unmatched,0.0,19.999999999999996,42,동래구|여고북로23번길|46,동래구|온천동|1380-1,True
26260,명장동,143-2,새동양,새동양,,,TRADE_FC1AD1DC5B24,unmatched,0.0,44.44444444444444,13,동래구|명장로64번길|36,동래구|명장동|143-2,True
26260,거제동,1528,아시아드코오롱하늘채,아시아드코오롱하늘채,,,TRADE_6424A16E4B38,unmatched,0.0,0.0,0,동래구|종합운동장로40번길|8,동래구|거제동|1528,True
26260,수안동,32-5,대토,대토,,,TRADE_00D446BA7825,unmatched,0.0,0.0,11,동래구|온천천로|275,동래구|수안동|32-5,True
26290,대연동,871-12,남경힐타운,남경힐타운,,,TRADE_11E545A00588,unmatched,0.0,36.36363636363637,33,남구|용소로64번길|111,남구|대연동|871-12,True
26290,문현동,189-10,대원맨션,대원맨션,,,TRADE_AFAAFA1F53E4,unmatched,0.0,40.0,23,남구|고동골로28번길|34,남구|문현동|189-10,True
26290,대연동,1472-5,한우2동,한우아파트2동,,,TRADE_229D86FD7B20,unmatched,0.0,40.0,33,남구|진남로46번길|28,남구|대연동|1472-5,True
26290,감만동,3-320,한림맨션,한림맨션,,,TRADE_E8D28664166A,unmatched,0.0,0.0,9,남구|양지골로|276,남구|감만동|3-320,True
26290,대연동,1741-12,오름캐슬,오름캐슬,,,TRADE_B7B45379FD3F,unmatched,0.0,40.0,33,남구|못골로|92,남구|대연동|1741-12,True
26290,용당동,253,신선맨션,신선맨션,,,TRADE_AD997BA5C450,unmatched,0.0,16.666666666666664,4,남구|신선로337번길|86-14,남구|용당동|253,True
26290,문현동,264-1,대림,대림,,,TRADE_DA2C1DADF8AD,unmatched,0.0,36.36363636363637,23,남구|수영로|87,남구|문현동|264-1,True
26290,문현동,402-55,문현신보빌라,문현신보빌라,,,TRADE_654C77B39766,unmatched,0.0,42.85714285714286,23,남구|전포대로20번길|39,남구|문현동|402-55,True
26290,문현동,366-14,삼한사랑채,삼한사랑채,,,TRADE_4E0A405B984D,unmatched,0.0,22.22222222222222,23,남구|수영로|18-8,남구|문현동|366-14,True
26290,대연동,1800-40,디어하임b,디어하임B,,,TRADE_EEEB18C7510C,unmatched,0.0,36.36363636363637,33,남구|진남로96번가길|18,남구|대연동|1800-40,True
26290,문현동,125-26,지영빌라트,지영빌라트,,,TRADE_0A64F526FF57,unmatched,0.0,19.999999999999996,23,남구|고동골로72번길|17,남구|문현동|125-26,True
26290,대연동,1543-20,동부리젠시빌,동부리젠시빌,,,TRADE_C676285591A7,unmatched,0.0,33.333333333333336,33,남구|진남로|82-50,남구|대연동|1543-20,True
26290,대연동,870-20,골든빌리지,골든빌리지,,,TRADE_B224108B11FD,unmatched,0.0,18.181818181818176,33,남구|유엔로169번길|20,남구|대연동|870-20,True
26290,용호동,481-8,동방파크,동방파크,,,TRADE_E2267934B566,unmatched,0.0,25.0,22,남구|용호로198번길|39,남구|용호동|481-8,True
26290,대연동,870-18,부경킹스빌,부경킹스빌,,,TRADE_3A16BEB0D90E,unmatched,0.0,33.333333333333336,33,남구|유엔평화로47번길|53,남구|대연동|870-18,True
26290,대연동,1781-80,중앙,중앙(1781-80),,,TRADE_19F58632DA1E,unmatched,0.0,0.0,33,남구|수영로49번나길|51,남구|대연동|1781-80,True
26290,문현동,145-31,한맥현대,한맥현대,,,TRADE_C2F8674833E9,unmatched,0.0,50.0,23,남구|문현로66번길|7,남구|문현동|145-31,True
26290,감만동,176-24,정원,정원,,,TRADE_63C62AB7B121,unmatched,0.0,0.0,9,남구|홍곡로57번길|22-1,남구|감만동|176-24,True
26290,대연동,1752-11,센트럴파크,센트럴파크,,,TRADE_36433DF0FDDF,unmatched,0.0,40.0,33,남구|유엔평화로4번길|66,남구|대연동|1752-11,True
26290,문현동,405-1,대성문문현2차퀸즈w,대성문문현2차퀸즈w,,,TRADE_FED9360CDFBC,unmatched,0.0,50.0,23,남구|수영로|21-3,남구|문현동|405-1,True
26290,대연동,1480-34,명성빌라,명성빌라(1480-34),,,TRADE_CD32DDA06339,unmatched,0.0,28.57142857142857,33,남구|진남로46번길|48,남구|대연동|1480-34,True
26290,대연동,1281-6,광이골드타워2차,광이골드타워2차,,,TRADE_C539AF68FFCC,unmatched,0.0,28.57142857142857,33,남구|진남로69번길|24,남구|대연동|1281-6,True
26290,대연동,894-16,명성금강,명성금강,,,TRADE_6208C2C49C19,unmatched,0.0,28.57142857142857,33,남구|유엔평화로42번길|20,남구|대연동|894-16,True
26290,대연동,1543-47,대연힐타운,대연힐타운,,,TRADE_386540D83842,unmatched,0.0,50.0,33,남구|진남로|82-38,남구|대연동|1543-47,True
26290,용호동,394-5,동림드림빌,동림드림빌,,,TRADE_E0F450A574CC,unmatched,0.0,36.36363636363637,22,남구|동명로146번길|22,남구|용호동|394-5,True
26290,용호동,242-1,가람빌리지,가람빌리지,,,TRADE_DDD06853F2DA,unmatched,0.0,42.85714285714286,22,남구|동명로101번길|123,남구|용호동|242-1,True
26290,대연동,281-52,대연그린,대연그린(281-52),대우그린아파트,A60875509,A60875509,dong_fuzzy,75.0,75.0,33,남구|못골번영로66번길|69,남구|대연동|281-52,True
26290,대연동,1739-15,태승타워,태승타워,,,TRADE_7A5428DE7A42,unmatched,0.0,40.0,33,남구|유엔로157번길|91,남구|대연동|1739-15,True
26290,문현동,95-3,문현파크,문현파크,,,TRADE_9E23FF76CB6B,unmatched,0.0,50.0,23,남구|진남로|168,남구|문현동|95-3,True
26290,대연동,899-12,부일전원,부일전원(899-12),,,TRADE_2C98352A0F67,unmatched,0.0,25.0,33,남구|천제등로38번길|3,남구|대연동|899-12,True
26290,대연동,1457-1,글로리리치빌,글로리리치빌,,,TRADE_89C212290C26,unmatched,0.0,33.333333333333336,33,남구|못골번영로|28,남구|대연동|1457-1,True
26290,감만동,243-1,성도맨션,성도맨션,,,TRADE_2B108852D395,unmatched,0.0,14.28571428571429,9,남구|양지골로55번길|1,남구|감만동|243-1,True
26290,용호동,50-18,용마맨션,용마맨션,,,TRADE_90414D430C17,unmatched,0.0,40.0,22,남구|동명로101번다길|7,남구|용호동|50-18,True
26290,대연동,1483-24,우진타워,우진타워,,,TRADE_B863A74C3317,unmatched,0.0,40.0,33,남구|못골번영로66번길|1,남구|대연동|1483-24,True
26320,덕천동,347-3,경인,경인,,,TRADE_C8272DB19113,unmatched,0.0,0.0,16,북구|만덕대로27번길|31,북구|덕천동|347-3,True
26320,덕천동,346-3,성우,성우아파트,,,TRADE_A2FC176B4B8C,unmatched,0.0,50.0,16,북구|만덕대로39번길|31,북구|덕천동|346-3,True
26320,금곡동,1917,율리역벽산블루밍2단지,율리역벽산블루밍2단지,율리벽산블루밍,A61673902,A61673902,dong_fuzzy,77.77777777777779,77.77777777777779,22,북구|효열로|2,북구|금곡동|1917,True
26320,구포동,1060-495,파크블루9차,파크블루9차,,,TRADE_BE6A7BA0B502,unmatched,0.0,26.66666666666667,22,북구|낙동대로1694번나길|11,북구|구포동|1060-495,True
26320,화명동,2287-3,레지던스라움,레지던스라움,,,TRADE_85E474C965B7,unmatched,0.0,14.28571428571429,29,북구|금곡대로285번길|5,북구|화명동|2287-3,True
26320,만덕동,605-13,북부,북부,,,TRADE_F32C48FE3147,unmatched,0.0,18.181818181818176,25,북구|만덕대로290번길|16,북구|만덕동|605-13,True
26320,구포동,1060-205,경일,경일,,,TRADE_CC69CC27ABEA,unmatched,0.0,33.333333333333336,22,북구|가람로|28,북구|구포동|1060-205,True
26320,구포동,1053-4,대주하이빌,대주하이빌,,,TRADE_EB19B5C2C57B,unmatched,0.0,22.22222222222222,22,북구|낙동북로|639,북구|구포동|1053-4,True
26320,구포동,1224,구포동성가든타워,구포동성가든타워,,,TRADE_88A52FE2AECD,unmatched,0.0,50.0,22,북구|시랑로79번길|30-8,북구|구포동|1224,True
26350,중동,1492-16,동양힐타운,동양힐타운,,,TRADE_03CE94B91CDA,unmatched,0.0,19.999999999999996,29,해운대구|달맞이길117번나길|16,해운대구|중동|1492-16,True
26350,송정동,200-4,쏠데까사,쏠데까사,,,TRADE_4466C531AFD1,unmatched,0.0,0.0,5,해운대구|송정중앙로21번길|14,해운대구|송정동|200-4,True
26350,중동,878-1,동아에이스빌라,동아에이스빌라,,,TRADE_044FF2CE4EFA,unmatched,0.0,50.0,29,해운대구|좌동순환로468번나길|22,해운대구|중동|878-1,True
26350,반여동,1581-6,현대1차,현대1차,현대4차아파트,A10021201,A10021201,dong_fuzzy,75.0,75.0,31,해운대구|재반로282번길|112,해운대구|반여동|1581-6,True
26350,중동,797-3,성우맨션,성우맨션,,,TRADE_A2AED2291B0C,unmatched,0.0,16.666666666666664,29,해운대구|좌동순환로446번길|19-1,해운대구|중동|797-3,True
26350,중동,1503-17,동부썬빌라,동부썬빌라,,,TRADE_236A78B96092,unmatched,0.0,33.333333333333336,29,해운대구|달맞이길65번길|151,해운대구|중동|1503-17,True
26350,중동,1396-1,대림비치,대림비치,,,TRADE_AA7EAFEF2ED7,unmatched,0.0,40.0,29,해운대구|해운대해변로|295,해운대구|중동|1396-1,True
26350,재송동,1128-4,영광그린파크,영광그린파크(가),,,TRADE_E8221F8E2AF1,unmatched,0.0,40.0,31,해운대구|재반로112번길|2-25,해운대구|재송동|1128-4,True
26350,중동,1507-4,경동메르빌골드,경동메르빌골드,,,TRADE_4C532F2F2263,unmatched,0.0,71.42857142857143,29,해운대구|달맞이길65번길|89,해운대구|중동|1507-4,True
26350,중동,1520-8,중동맨션,중동맨션,,,TRADE_E3C6BDE4084B,unmatched,0.0,36.36363636363637,29,해운대구|좌동순환로|387,해운대구|중동|1520-8,True
26350,중동,1485-9,삼안스튜디오1차,삼안스튜디오1차,,,TRADE_359E6553625A,unmatched,0.0,22.22222222222222,29,해운대구|달맞이길117번다길|147,해운대구|중동|1485-9,True
26350,좌동,1356-13,경원프라우드빌,경원프라우드빌,,,TRADE_B834D1411E25,unmatched,0.0,30.76923076923077,43,해운대구|좌동순환로15번길|9-6,해운대구|좌동|1356-13,True
26350,중동,1508-17,달맞이베네치아,달맞이베네치아,,,TRADE_EC4CB8B15B10,unmatched,0.0,40.0,29,해운대구|달맞이길|127,해운대구|중동|1508-17,True
26350,중동,1501-4,아남하이츠3차,아남하이츠3차,,,TRADE_B6501C067132,unmatched,0.0,37.5,29,해운대구|달맞이길117번가길|98,해운대구|중동|1501-4,True
26350,재송동,1126-7,대신맨션,대신맨션,,,TRADE_39B91EB18106,unmatched,0.0,25.0,31,해운대구|재반로104번길|15-13,해운대구|재송동|1126-7,True
26350,재송동,1080-5,서해재송,서해재송,,,TRADE_A08F7F421462,unmatched,0.0,50.0,31,해운대구|재송1로60번길|16,해운대구|재송동|1080-5,True
26350,중동,1498-3,삼안스튜디오2000,삼안스튜디오2000,,,TRADE_F2348E1F52F3,unmatched,0.0,22.22222222222222,29,해운대구|달맞이길117번다길|42-22,해운대구|중동|1498-3,True
26350,중동,768-1,동남하이츠맨션,동남하이츠맨션,,,TRADE_8C0ACF1AD441,unmatched,0.0,37.5,29,해운대구|좌동순환로468번가길|54,해운대구|중동|768-1,True
26350,송정동,441-1,그린빌라,그린빌라,,,TRADE_3CE4637FECFB,unmatched,0.0,0.0,5,해운대구|송정광어골로82번길|62,해운대구|송정동|441-1,True
26350,우동,182-1,태석101동,태석101동,,,TRADE_49B74446CFD4,unmatched,0.0,19.999999999999996,49,해운대구|우동2로30번가길|27,해운대구|우동|182-1,True
26350,중동,1477-3,벨로스,벨로스,,,TRADE_0039881CB9D1,unmatched,0.0,28.57142857142857,29,해운대구|달맞이길117번나길|151,해운대구|중동|1477-3,True
26350,중동,1482-13,화이트빌라,화이트빌라,,,TRADE_301765349446,unmatched,0.0,46.15384615384615,29,해운대구|달맞이길117번나길|74,해운대구|중동|1482-13,True
26380,하단동,494-3,하단에덴,하단에덴,,,TRADE_9EC0860CFAA7,unmatched,0.0,50.0,12,사하구|낙동대로516번길|48,사하구|하단동|494-3,True
26380,괴정동,442-2,괴정동원,괴정동원,,,TRADE_B6ED60B0BA1E,unmatched,0.0,54.54545454545454,29,사하구|오작로|11,사하구|괴정동|442-2,True
26380,하단동,522-6,더블루원허브,더블루원허브,,,TRADE_A44A319F125A,unmatched,0.0,14.28571428571429,12,사하구|낙동남로1367번길|4,사하구|하단동|522-6,True
26380,장림동,850,평생골드타운,평생골드타운,,,TRADE_23A22938C6A3,unmatched,0.0,25.0,26,사하구|하신중앙로18번길|31,사하구|장림동|850,True
26380,괴정동,932-3,영원베네스트,영원베네스트아파트,,,TRADE_A241087172A9,unmatched,0.0,30.76923076923077,29,사하구|낙동대로234번길|1,사하구|괴정동|932-3,True
26380,당리동,329-1,성도솔밭맨션,성도솔밭맨션,,,TRADE_818389F158D7,unmatched,0.0,19.999999999999996,16,사하구|동매로|140-1,사하구|당리동|329-1,True
26380,괴정동,11-6,금화맨션,금화맨션,,,TRADE_B3F38974DC6B,unmatched,0.0,54.54545454545454,29,사하구|오작로|158,사하구|괴정동|11-6,True
26380,하단동,595-5,어반팰리스,어반팰리스,,,TRADE_387C9DED03A6,unmatched,0.0,30.76923076923077,12,사하구|하신중앙로313번길|30,사하구|하단동|595-5,True
26380,당리동,345-12,대동아람,대동아람아파트,,,TRADE_4789EC9D0DF7,unmatched,0.0,19.999999999999996,16,사하구|승학로|115,사하구|당리동|345-12,True
26380,괴정동,922,한우,한우,,,TRADE_B5FCB6D787BB,unmatched,0.0,33.333333333333336,29,사하구|낙동대로234번길|21,사하구|괴정동|922,True
26380,신평동,28-1,효산센터빌,효산센터빌,,,TRADE_70BA335ED81D,unmatched,0.0,0.0,15,사하구|다대로119번길|9,사하구|신평동|28-1,True
26380,신평동,671,동매힐스,동매힐스,,,TRADE_02F3FC7314B9,unmatched,0.0,19.999999999999996,15,사하구|신산북로|91,사하구|신평동|671,True
26380,괴정동,530-8,남정해바라기,남정해바라기,,,TRADE_7757AE447470,unmatched,0.0,19.999999999999996,29,사하구|괴정로270번길|14,사하구|괴정동|530-8,True
26380,괴정동,1026-5,화신,화신,,,TRADE_3C1918863A53,unmatched,0.0,44.44444444444444,29,사하구|승학로|252,사하구|괴정동|1026-5,True
26380,괴정동,886-2,금일아트빌라,금일아트빌라,,,TRADE_89911D42EDF6,unmatched,0.0,15.384615384615385,29,사하구|낙동대로233번길|22,사하구|괴정동|886-2,True
26380,당리동,306-16,화천승학,화천승학,,,TRADE_D8D790FB4840,unmatched,0.0,0.0,16,사하구|승학로20번길|22,사하구|당리동|306-16,True
26380,신평동,100,신평한성임호,신평한성임호,한성임호아파트,A60472602,A60472602,road_legal_address_exact_name,80.0,80.0,2,사하구|다대로|109,사하구|신평동|100,True
26380,당리동,320-54,부영,부영,,,TRADE_5B5F73C1116B,unmatched,0.0,36.36363636363637,16,사하구|당리길|7,사하구|당리동|320-54,True
26380,하단동,870-35,리버포레,리버포레(B동),,,TRADE_BA269C696E88,unmatched,0.0,16.666666666666664,12,사하구|동매로|16,사하구|하단동|870-35,True
26380,당리동,326-6,옥돌,옥돌,,,TRADE_5CC758564E5A,unmatched,0.0,0.0,16,사하구|괴정로|89,사하구|당리동|326-6,True
26380,감천동,365,우림,우림,,,TRADE_EBA76438BED0,unmatched,0.0,25.0,10,사하구|암남공원로521번길|12,사하구|감천동|365,True
26380,하단동,519-9,에덴하이츠타운,에덴하이츠타운,,,TRADE_AB25940950F5,unmatched,0.0,28.57142857142857,12,사하구|낙동남로1367번길|38,사하구|하단동|519-9,True
26380,하단동,1165-14,강변타워,강변타워,,,TRADE_A76F255B36C8,unmatched,0.0,18.181818181818176,12,사하구|하신번영로261번길|13,사하구|하단동|1165-14,True
26380,하단동,497-36,더휴,더휴,,,TRADE_D1FD5CC2C826,unmatched,0.0,19.999999999999996,12,사하구|낙동대로|532,사하구|하단동|497-36,True
26380,괴정동,398-18,신익,신익,,,TRADE_20F5CF8517DC,unmatched,0.0,50.0,29,사하구|오작로|42,사하구|괴정동|398-18,True
26380,당리동,325-8,부원,부원,,,TRADE_C9A7C0F056D2,unmatched,0.0,18.181818181818176,16,사하구|제석로18번길|67,사하구|당리동|325-8,True
26380,하단동,487-1,청목미르피아,청목미르피아,,,TRADE_5EB171478700,unmatched,0.0,33.333333333333336,12,사하구|낙동대로549번길|29,사하구|하단동|487-1,True
26380,장림동,307,장림대동맨션,장림대동맨션,,,TRADE_97B0AA2C125B,unmatched,0.0,60.0,26,사하구|다대로|289,사하구|장림동|307,True
26380,괴정동,220,협진신태양,협진신태양,,,TRADE_A9C30B9E0CDF,unmatched,0.0,50.0,29,사하구|사리로|71,사하구|괴정동|220,True
26380,괴정동,1228,금호,금호,,,TRADE_B2B4A566A637,unmatched,0.0,0.0,29,사하구|다대로|37,사하구|괴정동|1228,True
26380,하단동,588-118,라온,라온아파트,,,TRADE_2AD17D740479,unmatched,0.0,0.0,12,사하구|하신번영로312번길|63,사하구|하단동|588-118,True
26380,당리동,325-2,리치하우스,리치하우스,,,TRADE_B85AD7036D6A,unmatched,0.0,30.76923076923077,16,사하구|낙동대로|407-1,사하구|당리동|325-2,True
26380,괴정동,550-7,괴정동천아하늘정원2차,괴정동천아하늘정원2차,,,TRADE_65394FE92539,unmatched,0.0,47.05882352941176,29,사하구|장평로449번길|26,사하구|괴정동|550-7,True
26380,당리동,330-4,신동아,신동아(330-4),,,TRADE_4CB648C22D30,unmatched,0.0,40.0,16,사하구|동매로|160,사하구|당리동|330-4,True
26380,당리동,327-1,화인,화인,,,TRADE_4EE3F7DEB68D,unmatched,0.0,0.0,16,사하구|괴정로|86,사하구|당리동|327-1,True
26410,부곡동,225-56,대우우남이채롬,대우우남이채롬,,,TRADE_4F781ABD49EE,unmatched,0.0,36.36363636363637,27,금정구|중앙대로1719번길|19,금정구|부곡동|225-56,True
26410,서동,203-14,트레비앙,트레비앙,,,TRADE_7D38B425F8EB,unmatched,0.0,0.0,4,금정구|금사로|9,금정구|서동|203-14,True
26410,서동,177-2,우일아내트,우일아내트,,,TRADE_AB1574364BC1,unmatched,0.0,0.0,4,금정구|서부로|28,금정구|서동|177-2,True
26410,구서동,444-2,휴림아르페,휴림아르페,,,TRADE_FF05FA1F129D,unmatched,0.0,26.66666666666667,25,금정구|구서온천천로|75,금정구|구서동|444-2,True
26410,남산동,8,유창,유창,,,TRADE_4D96155B7195,unmatched,0.0,0.0,8,금정구|금단로|113,금정구|남산동|8,True
26410,구서동,420-35,구서동삼백크라시앙,구서동삼백크라시앙,,,TRADE_F5B3A938871B,unmatched,0.0,46.15384615384615,25,금정구|중앙대로1805번길|6,금정구|구서동|420-35,True
26410,구서동,203-24,태성캐슬,태성캐슬,,,TRADE_9548BE24DE76,unmatched,0.0,30.76923076923077,25,금정구|중앙대로1901번길|53,금정구|구서동|203-24,True
26410,구서동,415-14,덕인센추리온,덕인센추리온,,,TRADE_BACD984B84BA,unmatched,0.0,13.33333333333333,25,금정구|금정로233번길|19,금정구|구서동|415-14,True
26410,구서동,268-1,동환빌라트,동환빌라트,,,TRADE_933B4A8E707D,unmatched,0.0,22.22222222222222,25,금정구|안뜰로20번길|31,금정구|구서동|268-1,True
26410,구서동,178-8,부성타워,부성타워,,,TRADE_42DE48F157F7,unmatched,0.0,40.0,25,금정구|안뜰로7번길|34,금정구|구서동|178-8,True
26410,구서동,194-2,산호,산호,,,TRADE_DD18F9B9C75F,unmatched,0.0,33.333333333333336,25,금정구|구서중앙로|5,금정구|구서동|194-2,True
26410,부곡동,736-106,향양,향양,,,TRADE_9F41B9298DCC,unmatched,0.0,0.0,27,금정구|서동로73번길|13,금정구|부곡동|736-106,True
26410,구서동,159-5,구서하모니빌리지,구서하모니빌리지,,,TRADE_A85D91E14A2B,unmatched,0.0,35.29411764705882,25,금정구|두실로23번길|13,금정구|구서동|159-5,True
26410,서동,195-15,서동다성이룸,서동다성이룸,,,TRADE_70D3CBA78F98,unmatched,0.0,40.0,4,금정구|서동로|159-7,금정구|서동|195-15,True
26410,장전동,605-1,장전동sj타워,장전동SJ타워,,,TRADE_333F9BE3E0D0,unmatched,0.0,36.36363636363637,17,금정구|식물원로|25,금정구|장전동|605-1,True
26410,서동,237-1,서동로얄맨션,서동로얄맨션,,,TRADE_EE0150B8B42D,unmatched,0.0,40.0,4,금정구|서동로194번길|29-1,금정구|서동|237-1,True
26410,구서동,162-13,동보4차,동보4차,,,TRADE_56241E95E616,unmatched,0.0,25.0,25,금정구|중앙대로1959번길|14,금정구|구서동|162-13,True
26410,남산동,321-1,맥스빌,맥스빌,,,TRADE_246109F0541F,unmatched,0.0,22.22222222222222,8,금정구|금강로709번길|5,금정구|남산동|321-1,True
26410,구서동,258-17,위클라우드1,위클라우드1,,,TRADE_A21D49509D04,unmatched,0.0,26.66666666666667,25,금정구|금강로446번길|11,금정구|구서동|258-17,True
26410,장전동,600-4,온천장해피투모로우,온천장해피투모로우,,,TRADE_B8DB8EEF6597,unmatched,0.0,31.57894736842105,17,금정구|식물원로|49,금정구|장전동|600-4,True
26410,장전동,618-1,온천화목,온천화목,,,TRADE_014383E654EE,unmatched,0.0,28.57142857142857,17,금정구|식물원로|47,금정구|장전동|618-1,True
26410,남산동,695-4,해성체르니b동,해성체르니B동,,,TRADE_D6D18F551CAB,unmatched,0.0,18.181818181818176,8,금정구|금샘로578번길|43,금정구|남산동|695-4,True
26410,구서동,258-7,창신,창신,,,TRADE_481F81BBDA91,unmatched,0.0,33.333333333333336,25,금정구|금강로468번길|24,금정구|구서동|258-7,True
26410,남산동,987-16,모아남산블루빌,모아남산블루빌,,,TRADE_7D742198CDAB,unmatched,0.0,36.36363636363637,8,금정구|금강로647번길|24,금정구|남산동|987-16,True
26410,장전동,204-7,한사랑빌라,한사랑빌라,,,TRADE_407225F80163,unmatched,0.0,19.999999999999996,17,금정구|수림로49번길|9,금정구|장전동|204-7,True
26410,남산동,4-1,청파파크맨션,청파파크맨션,,,TRADE_0E478CA85AFA,unmatched,0.0,0.0,8,금정구|금단로101번길|18,금정구|남산동|4-1,True
26410,남산동,117-5,벽송수피아,벽송수피아,,,TRADE_E4D92BA20816,unmatched,0.0,0.0,8,금정구|학산로|24,금정구|남산동|117-5,True
26410,구서동,466-3,아름베스트빌1,아름베스트빌1,,,TRADE_8015F44DE0E2,unmatched,0.0,16.666666666666664,25,금정구|구서온천천로|63,금정구|구서동|466-3,True
26410,장전동,505-54,행복이가득한집a,행복이가득한집A,,,TRADE_5974138CF7B6,unmatched,0.0,15.384615384615385,17,금정구|금샘로17번길|25,금정구|장전동|505-54,True
26410,장전동,646-18,산수유,산수유,,,TRADE_3CAEFD07C242,unmatched,0.0,25.0,17,금정구|식물원로|3,금정구|장전동|646-18,True
26410,부곡동,297-3,부곡맨션,부곡맨션,부곡반도맨션,A60981801,A60981801,dong_fuzzy,80.0,80.0,27,금정구|중앙대로|1606,금정구|부곡동|297-3,True
26470,연산동,1310-87,희망센트럴뷰,희망센트럴뷰,,,TRADE_1EF9908D51CA,unmatched,0.0,46.15384615384615,65,연제구|중앙천로|85,연제구|연산동|1310-87,True
26470,연산동,1122-1,남일,남일,,,TRADE_B500C2FB0C57,unmatched,0.0,33.333333333333336,65,연제구|중앙대로|1159,연제구|연산동|1122-1,True
26470,연산동,1088,진일,진일,,,TRADE_BA4215B3F443,unmatched,0.0,25.0,65,연제구|고분로|136,연제구|연산동|1088,True
26470,연산동,418-8,태광맨션,태광맨션(418-8),,,TRADE_C7DDCF6EA769,unmatched,0.0,40.0,65,연제구|과정로|173,연제구|연산동|418-8,True
26470,연산동,469-7,마이네하임,마이네하임,,,TRADE_3E78928F7B45,unmatched,0.0,22.22222222222222,65,연제구|과정로|174,연제구|연산동|469-7,True
26470,연산동,344-15,연제타워,연제타워,,,TRADE_5AF4EC631419,unmatched,0.0,60.0,65,연제구|과정로294번길|21,연제구|연산동|344-15,True
26470,거제동,600,월드파크3,월드파크3,,,TRADE_31C19A29D986,unmatched,0.0,46.15384615384615,41,연제구|거제시장로|20,연제구|거제동|600,True
26470,연산동,1386-15,로얄센트로빌,로얄센트로빌,,,TRADE_6254FE07010A,unmatched,0.0,40.0,65,연제구|거제천로124번길|61,연제구|연산동|1386-15,True
26470,연산동,1836-11,태영아너스,태영아너스,,,TRADE_D581DB70D3CE,unmatched,0.0,22.22222222222222,65,연제구|연미로|3,연제구|연산동|1836-11,True
26470,연산동,1305-12,킴스힐타워,킴스힐타워,,,TRADE_91D73D8EEC68,unmatched,0.0,36.36363636363637,65,연제구|중앙대로1054번길|27,연제구|연산동|1305-12,True
26470,연산동,1481-5,sc아르피나,SC아르피나,,,TRADE_2C0CC519A7F2,unmatched,0.0,18.181818181818176,65,연제구|거제천로124번길|60,연제구|연산동|1481-5,True
26470,연산동,1481-13,타크빌,타크빌,,,TRADE_DC559FED2516,unmatched,0.0,25.0,65,연제구|월드컵대로153번길|81,연제구|연산동|1481-13,True
26470,연산동,1480-5,일호센텀누리,일호센텀누리,,,TRADE_91933BCD55CA,unmatched,0.0,46.15384615384615,65,연제구|거제천로118번길|35,연제구|연산동|1480-5,True
26470,연산동,2140-4,남정,남정,,,TRADE_7B8585770E9B,unmatched,0.0,33.333333333333336,65,연제구|쌍미천로16번길|17,연제구|연산동|2140-4,True
26470,연산동,478-2,리치w,리치W,,,TRADE_38BFDAA131DC,unmatched,0.0,22.22222222222222,65,연제구|과정로|162,연제구|연산동|478-2,True
26470,연산동,469-5,연산헤즈,연산헤즈,,,TRADE_13D23E7F1521,unmatched,0.0,66.66666666666667,65,연제구|고분로235번길|57,연제구|연산동|469-5,True
26470,연산동,1289-12,드리머스,드리머스,,,TRADE_37273B438F5E,unmatched,0.0,28.57142857142857,65,연제구|중앙대로1075번길|38,연제구|연산동|1289-12,True
26470,연산동,1288-7,에스비타운,에스비타운,,,TRADE_13ACBB4FF1A2,unmatched,0.0,30.76923076923077,65,연제구|월드컵대로153번길|39,연제구|연산동|1288-7,True
26470,연산동,1481-8,해운그린빌,해운그린빌,,,TRADE_0E099EB99660,unmatched,0.0,36.36363636363637,65,연제구|거제천로124번길|52,연제구|연산동|1481-8,True
26470,거제동,453-3,버드나무,버드나무,,,TRADE_F22162C535D5,unmatched,0.0,19.999999999999996,41,연제구|거제시장로14번길|55,연제구|거제동|453-3,True
26500,수영동,460-6,에코하임,에코하임,,,TRADE_5CAED0815BB7,unmatched,0.0,0.0,3,수영구|망미번영로60번길|31,수영구|수영동|460-6,True
26500,광안동,137-1,성남,성남,,,TRADE_B384A2C9B81F,unmatched,0.0,19.999999999999996,22,수영구|광안로21번길|64,수영구|광안동|137-1,True
26500,광안동,380,디아이하우스,디아이하우스,,,TRADE_8C36E31C2DA6,unmatched,0.0,25.0,22,수영구|수영로545번가길|22,수영구|광안동|380,True
26500,광안동,373,진흥목화,진흥목화,,,TRADE_BE56369DBC10,unmatched,0.0,0.0,22,수영구|남천바다로9번길|71,수영구|광안동|373,True
26500,남천동,44-8,태흥스위트빌라,태흥스위트빌라,,,TRADE_45DF93C59B04,unmatched,0.0,23.529411764705888,14,수영구|수영로487번길|31,수영구|남천동|44-8,True
26500,광안동,688-23,광일센텀스카이뷰,광일센텀스카이뷰,,,TRADE_1918EDE52E74,unmatched,0.0,40.0,22,수영구|광서로10번길|10,수영구|광안동|688-23,True
26500,광안동,140-18,풍림,풍림,,,TRADE_5C53DD31ACDC,unmatched,0.0,16.666666666666664,22,수영구|광안로7번길|50,수영구|광안동|140-18,True
26500,남천동,41-2,소라맨션,소라맨션,,,TRADE_7E2949DFDE6E,unmatched,0.0,19.999999999999996,14,수영구|수영로487번길|20,수영구|남천동|41-2,True
26500,광안동,1258-6,금보빌라타운,금보빌라타운,,,TRADE_F303A5E3B11E,unmatched,0.0,28.57142857142857,22,수영구|수영로521번길|74,수영구|광안동|1258-6,True
26500,광안동,119-2,고은파크뷰,고은파크뷰,,,TRADE_E5674E979FD4,unmatched,0.0,19.999999999999996,22,수영구|수영로606번길|27,수영구|광안동|119-2,True
26500,민락동,22-1,송현다미랑,송현다미랑,,,TRADE_2CEDFFFDEE7F,unmatched,0.0,14.28571428571429,13,수영구|민락본동로|15,수영구|민락동|22-1,True
26500,수영동,445-3,수영엔스타,수영엔스타Ⅱ,,,TRADE_C870420F4FB9,unmatched,0.0,53.333333333333336,3,수영구|수영로725번길|53,수영구|수영동|445-3,True
26500,광안동,373-128,스테이빌,스테이빌,,,TRADE_C4E7C2733A88,unmatched,0.0,25.0,22,수영구|수영로522번길|9,수영구|광안동|373-128,True
26500,남천동,12-22,남천블루비치,남천블루비치,,,TRADE_E3705805E6E6,unmatched,0.0,72.72727272727273,14,수영구|남천동로9번길|15,수영구|남천동|12-22,True
26500,남천동,3-11,진주,진주,,,TRADE_BF05516619F3,unmatched,0.0,25.0,14,수영구|광남로|56,수영구|남천동|3-11,True
26500,광안동,44-16,에이스센텀빌리지,에이스센텀빌리지,,,TRADE_5349160480DC,unmatched,0.0,21.052631578947366,22,수영구|감포로102번길|11,수영구|광안동|44-16,True
26500,민락동,149-1,대원리치빌,대원리치빌,,,TRADE_F96483CD848B,unmatched,0.0,28.57142857142857,13,수영구|무학로63번길|15,수영구|민락동|149-1,True
26500,광안동,100-9,수영금보,수영금보,,,TRADE_A9AEB31CB3CA,unmatched,0.0,0.0,22,수영구|수영로652번길|22,수영구|광안동|100-9,True
26500,남천동,18-5,라움팰리스타워,라움팰리스타워,,,TRADE_D63E0756127C,unmatched,0.0,28.57142857142857,14,수영구|남천동로10번길|10,수영구|남천동|18-5,True
26500,광안동,95-5,동림리라,동림리라,,,TRADE_62B5510669EE,unmatched,0.0,40.0,22,수영구|무학로33번길|51,수영구|광안동|95-5,True
26500,망미동,834-3,산호맨션,산호맨션,,,TRADE_EF39407F1462,unmatched,0.0,0.0,12,수영구|연수로249번길|20,수영구|망미동|834-3,True
26500,광안동,185-6,승우맨션,승우맨션(나동),,,TRADE_A89325F7C25C,unmatched,0.0,15.384615384615385,22,수영구|수영로510번길|38,수영구|광안동|185-6,True
26500,남천동,31-2,백산,백산,,,TRADE_CC1F2B2085FE,unmatched,0.0,0.0,14,수영구|광남로|55,수영구|남천동|31-2,True
26500,망미동,411-1,현대망미,현대망미,,,TRADE_D6F25C183DEF,unmatched,0.0,50.0,12,수영구|망미번영로55번길|112,수영구|망미동|411-1,True
26500,수영동,475-15,센텀그레이스,센텀그레이스아파트,,,TRADE_DFA55CC0F401,unmatched,0.0,12.5,3,수영구|수미로42번길|26,수영구|수영동|475-15,True
26500,광안동,170-4,산호비치,산호비치,,,TRADE_2043B98E154A,unmatched,0.0,50.0,22,수영구|수영로536번길|65,수영구|광안동|170-4,True
26500,광안동,51-3,에이스센텀스카이뷰,에이스센텀스카이뷰,,,TRADE_FDE09C8F5A88,unmatched,0.0,15.384615384615385,22,수영구|수영로702번길|10,수영구|광안동|51-3,True
26500,민락동,705-1,화신,화신,,,TRADE_C1F514794E52,unmatched,0.0,0.0,13,수영구|광남로172번길|10,수영구|민락동|705-1,True
26500,망미동,819-3,동방,동방(6~9동),,,TRADE_6B1407BE7030,unmatched,0.0,16.666666666666664,12,수영구|연수로282번길|7,수영구|망미동|819-3,True
26500,망미동,458-2,영미,영미(가동),,,TRADE_086DC66E13F3,unmatched,0.0,33.333333333333336,12,수영구|과정로91번길|46,수영구|망미동|458-2,True
26500,광안동,742-2,협성엠파이어,"협성엠파이어(101,102동)",광안협성엠파이어,A61380903,A61380903,dong_fuzzy,85.71428571428572,85.71428571428572,22,수영구|장대골로19번길|7,수영구|광안동|742-2,True
26500,민락동,11-1,태창파크,태창파크,,,TRADE_1817EE749E1C,unmatched,0.0,36.36363636363637,13,수영구|광남로|271,수영구|민락동|11-1,True
26500,망미동,433-27,신한백조,신한백조,,,TRADE_E6EF4A45044B,unmatched,0.0,25.0,12,수영구|망미배산로10번길|96,수영구|망미동|433-27,True
26500,망미동,453-3,오양,오양,,,TRADE_EC8BB66AE76B,unmatched,0.0,0.0,12,수영구|과정로67번길|47,수영구|망미동|453-3,True
26500,광안동,180-4,새광안맨션,새광안맨션,,,TRADE_F61E3F4B7C06,unmatched,0.0,44.44444444444444,22,수영구|남천바다로15번길|55,수영구|광안동|180-4,True
26500,광안동,377-18,성우센텀스카이뷰에이,성우센텀스카이뷰에이,,,TRADE_57539C0EB856,unmatched,0.0,22.22222222222222,22,수영구|수영로|533,수영구|광안동|377-18,True
26530,학장동,585-77,삼광,삼광(585-77),,,TRADE_68920BC4412B,unmatched,0.0,33.333333333333336,17,사상구|대동로159번길|121,사상구|학장동|585-77,True
26530,모라동,857,모라동비버힐,모라동비버힐아파트,,,TRADE_38D16B1F20CB,unmatched,0.0,54.54545454545454,19,사상구|사상로478번길|12,사상구|모라동|857,True
26530,괘법동,481-2,태양아트빌,태양아트빌,,,TRADE_402D49772486,unmatched,0.0,18.181818181818176,11,사상구|광장로104번길|11,사상구|괘법동|481-2,True
26530,모라동,655-7,유진맨션,유진맨션,,,TRADE_28DAED35D4C7,unmatched,0.0,0.0,19,사상구|모라로|40,사상구|모라동|655-7,True
26530,주례동,5-2,퀀텀펠리스,퀀텀펠리스,,,TRADE_614DFDCEB35F,unmatched,0.0,18.181818181818176,23,사상구|백양대로357번길|33,사상구|주례동|5-2,True
26530,모라동,1326,한일,한일,,,TRADE_F3D21EAA19CE,unmatched,0.0,0.0,19,사상구|백양대로950번나길|80-6,사상구|모라동|1326,True
26530,주례동,692-36,본동맨션,본동맨션,,,TRADE_0C3F892191DE,unmatched,0.0,50.0,23,사상구|사상로|25,사상구|주례동|692-36,True
26530,괘법동,524-23,파밀리아괘법4차,파밀리아괘법4차,,,TRADE_6D9E5CDF33F1,unmatched,0.0,42.85714285714286,11,사상구|광장로37번길|72,사상구|괘법동|524-23,True
26530,모라동,986-3,대상로웰,대상로웰아파트,,,TRADE_C904B8A9CCF4,unmatched,0.0,15.384615384615385,19,사상구|사상로|504,사상구|모라동|986-3,True
26530,삼락동,54-3,봉성맨션,봉성맨션,,,TRADE_84439EBC113B,unmatched,0.0,0.0,1,사상구|낙동대로1530번길|31,사상구|삼락동|54-3,True
26530,괘법동,273-1,괘법동포르투나,괘법동포르투나,,,TRADE_828188E3A72B,unmatched,0.0,44.44444444444444,11,사상구|사상로224번길|16,사상구|괘법동|273-1,True
26710,기장읍대라리,112-1,동부산어반리움,동부산어반리움,,,TRADE_2FD2D0218978,unmatched,0.0,0.0,0,기장군|차성남로|69,기장군|기장읍대라리|112-1,True
26710,기장읍대라리,126-1,더블유하임,더블유하임,,,TRADE_0B9D9A76B276,unmatched,0.0,0.0,0,기장군|차성동로45번길|35,기장군|기장읍대라리|126-1,True
26710,일광읍삼성리,35-4,해맞이빌,해맞이빌,,,TRADE_F2EC81162DB7,unmatched,0.0,0.0,0,기장군|삼성3길|45,기장군|일광읍삼성리|35-4,True
26710,기장읍대라리,845,대원빌라3차,대원빌라3차,,,TRADE_7EBB9D88125F,unmatched,0.0,0.0,0,기장군|차성서로77번길|56-13,기장군|기장읍대라리|845,True
26710,기장읍교리,352-4,가화랜드빌,가화랜드빌,,,TRADE_1453EB1467A9,unmatched,0.0,0.0,0,기장군|차성동로|168-20,기장군|기장읍교리|352-4,True
26710,기장읍대라리,174-1,수신,수신,,,TRADE_FA6F2B02E376,unmatched,0.0,0.0,0,기장군|대청로36번길|43,기장군|기장읍대라리|174-1,True
26710,기장읍동부리,377-2,동산백조,동산백조,,,TRADE_039446198FFA,unmatched,0.0,0.0,0,기장군|차성동로142번길|12-8,기장군|기장읍동부리|377-2,True
26110,영주동,546-3,미소지움,미소지움아파트,,,TRADE_9F82EB75AA6F,unmatched,0.0,0.0,5,중구|중구로|182-1,중구|영주동|546-3,True
26110,보수동2가,118-3,노블레스힐,노블레스힐,,,TRADE_C465E9C74561,unmatched,0.0,0.0,0,중구|대청로|37,중구|보수동2가|118-3,True
26110,부평동4가,42-1,백운집시티타워,백운집시티타워,,,TRADE_0E465B87317D,unmatched,0.0,0.0,0,중구|흑교로35번길|26,중구|부평동4가|42-1,True
26110,보수동3가,56,보수허브센티움,보수허브센티움,,,TRADE_826534174A9A,unmatched,0.0,0.0,0,중구|흑교로45번길|28,중구|보수동3가|56,True
26110,부평동4가,2-9,예그린,예그린,,,TRADE_D7D1EB313DCA,unmatched,0.0,0.0,0,중구|흑교로35번길|16-1,중구|부평동4가|2-9,True
26140,서대신동1가,90-1,프린세스빌라,프린세스빌라,,,TRADE_B9CFD1049395,unmatched,0.0,0.0,1,서구|부용로|14-34,서구|서대신동1가|90-1,True
26140,충무동2가,24-4,삼부타워,삼부타워,,,TRADE_2BF5F0343B88,unmatched,0.0,0.0,0,서구|천마로205번길|40,서구|충무동2가|24-4,True
26140,서대신동2가,120,희망센츄럴타운,희망센츄럴타운,,,TRADE_165A289C5F85,unmatched,0.0,26.66666666666667,3,서구|구덕로|293,서구|서대신동2가|120,True
26140,서대신동3가,19-6,구덕하이츠,구덕하이츠,,,TRADE_7E87C5628289,unmatched,0.0,44.44444444444444,8,서구|보수대로320번길|13-8,서구|서대신동3가|19-6,True
26140,서대신동1가,40,용문빌리지,용문빌리지,,,TRADE_D75C7E9CAC2D,unmatched,0.0,18.181818181818176,1,서구|구덕로|275-3,서구|서대신동1가|40,True
26140,부용동1가,20-15,천아드림타운,천아드림타운,,,TRADE_462CBC99EB14,unmatched,0.0,16.666666666666664,1,서구|구덕로|254,서구|부용동1가|20-15,True
26140,남부민동,643,충무쇼핑맨션,충무쇼핑맨션,,,TRADE_F2B051EAD7BA,unmatched,0.0,23.529411764705888,6,서구|충무대로255번길|9,서구|남부민동|643,True
26140,토성동5가,45-6,서원블루오션b동,서원블루오션B동,,,TRADE_B5AE14A0DDEB,unmatched,0.0,0.0,0,서구|초장로|53,서구|토성동5가|45-6,True
26140,토성동5가,53-12,한영리더스,한영리더스,,,TRADE_D186A640CD65,unmatched,0.0,0.0,0,서구|천마로205번길|63,서구|토성동5가|53-12,True
26140,서대신동2가,14,오션스카이블루,오션스카이블루,,,TRADE_EAA7CEF63DBA,unmatched,0.0,13.33333333333333,3,서구|구덕로321번길|23,서구|서대신동2가|14,True
26140,동대신동3가,258-29,정림주택,정림주택,,,TRADE_494827A7CBFB,unmatched,0.0,0.0,3,서구|망양로|142,서구|동대신동3가|258-29,True
26140,암남동,206-1,송도삼정비치맨션,송도삼정비치맨션,,,TRADE_A28A01D34B29,unmatched,0.0,57.14285714285714,14,서구|충무대로|64,서구|암남동|206-1,True
26170,초량동,1156-4,남평ncity,남평N-CITY,,,TRADE_9101224A1348,unmatched,0.0,0.0,10,동구|중앙대로308번길|7-7,동구|초량동|1156-4,True
26170,좌천동,849-10,흰돌빌라,흰돌빌라,,,TRADE_D6EE4E522ACD,unmatched,0.0,13.33333333333333,5,동구|좌천서로|12,동구|좌천동|849-10,True
26170,초량동,1057-57,초량위드빌,초량위드빌,,,TRADE_D0C945A6846B,unmatched,0.0,44.44444444444444,10,동구|초량중로17번길|13,동구|초량동|1057-57,True
26170,초량동,994-60,금광팰리스,금광팰리스,,,TRADE_ABAAE82B4776,unmatched,0.0,15.384615384615385,10,동구|영초윗길|18,동구|초량동|994-60,True
26170,수정동,512-2,동원빌라,동원빌라,,,TRADE_756AE03E70D0,unmatched,0.0,0.0,3,동구|수정공원로105번길|6,동구|수정동|512-2,True
26170,초량동,591-4,토마하우스,토마하우스,,,TRADE_CD1EF44D64B8,unmatched,0.0,26.66666666666667,10,동구|중앙대로179번길|30-1,동구|초량동|591-4,True
26170,초량동,1057-1,청명골드타워,청명골드타워,,,TRADE_9FAB34F0FDAF,unmatched,0.0,9.999999999999998,10,동구|초량중로|19,동구|초량동|1057-1,True
26170,수정동,1181-4,수정,수정(1181-4),,,TRADE_475E93A8E3E9,unmatched,0.0,0.0,3,동구|망양로685번길|30-3,동구|수정동|1181-4,True
26170,수정동,1014-8,베스안하우스2차,베스안하우스2차,,,TRADE_E0CC0554B36C,unmatched,0.0,11.111111111111116,3,동구|홍곡로|68,동구|수정동|1014-8,True
26170,범일동,154,성무아이반스타,성무아이반스타,,,TRADE_A8C1BD7C9E90,unmatched,0.0,25.0,9,동구|정공단로|47-1,동구|범일동|154,True
26170,초량동,865-32,대륙,대륙,,,TRADE_805F114700D1,unmatched,0.0,0.0,10,동구|망양로|494-10,동구|초량동|865-32,True
26170,초량동,1143-8,고관맨션,고관맨션,,,TRADE_07F2278D4792,unmatched,0.0,16.666666666666664,10,동구|고관로|76,동구|초량동|1143-8,True
26200,청학동,21-15,클래식시티,클래식시티,,,TRADE_044D72E6CCE5,unmatched,0.0,26.66666666666667,9,영도구|청학동로|77,영도구|청학동|21-15,True
26200,영선동4가,1303,영선3동,영선3동,,,TRADE_C29255DA9B49,unmatched,0.0,54.54545454545454,2,영도구|절영로|227,영도구|영선동4가|1303,True
26200,남항동1가,159,뉴스카이,뉴스카이,,,TRADE_CA726810E01F,unmatched,0.0,0.0,1,영도구|남항로31번길|31,영도구|남항동1가|159,True
26200,동삼동,556-1,우일화랑,우일화랑,,,TRADE_6550EE4B84D9,unmatched,0.0,15.384615384615385,23,영도구|중리북로|16,영도구|동삼동|556-1,True
26200,봉래동3가,166-6,골든빌리지,골든빌리지,,,TRADE_7E9CD6E3B8CF,unmatched,0.0,0.0,0,영도구|봉래나루로246번길|8,영도구|봉래동3가|166-6,True
26200,청학동,369,대유맨션,대유맨션,,,TRADE_4BD5A8700877,unmatched,0.0,16.666666666666664,9,영도구|청학서로|67,영도구|청학동|369,True
26200,봉래동5가,169-7,시영,시영(1동),,,TRADE_3586564960E1,unmatched,0.0,0.0,0,영도구|봉래길|134,영도구|봉래동5가|169-7,True
26200,청학동,135,화신,화신,,,TRADE_A3E2320A5052,unmatched,0.0,28.57142857142857,9,영도구|태종로358번길|3,영도구|청학동|135,True
26200,청학동,50-1,원우,원우,,,TRADE_A0515BB445F0,unmatched,0.0,50.0,9,영도구|태종로|393,영도구|청학동|50-1,True
26200,남항동1가,36-5,제이스힐타워,제이스힐타워,,,TRADE_A1729E8D8EEB,unmatched,0.0,0.0,1,영도구|남항로9번길|11,영도구|남항동1가|36-5,True
26200,봉래동3가,142-4,한빛타운,한빛타운,,,TRADE_636BF1B0D156,unmatched,0.0,0.0,0,영도구|대교로2번길|25,영도구|봉래동3가|142-4,True
26230,연지동,39-5,일화아트빌라,일화아트빌라,,,TRADE_85FC475827CF,unmatched,0.0,19.999999999999996,14,부산진구|동평로291번길|18,부산진구|연지동|39-5,True
26230,초읍동,281-3,한성빌리지,한성빌리지,,,TRADE_F6CD2C623016,unmatched,0.0,40.0,10,부산진구|새싹로277번길|9,부산진구|초읍동|281-3,True
26230,연지동,192-9,연지동삼정그린코아,연지동삼정그린코아,,,TRADE_DEBAE48372E1,unmatched,0.0,37.5,14,부산진구|동평로235번길|19,부산진구|연지동|192-9,True
26230,범천동,842-28,리츠캐슬,리츠캐슬,,,TRADE_6425C19B6987,unmatched,0.0,16.666666666666664,24,부산진구|중앙번영로|26,부산진구|범천동|842-28,True
26230,부암동,577-2,백양,백양,,,TRADE_9C77BCBC9E06,unmatched,0.0,36.36363636363637,27,부산진구|백양순환로|76,부산진구|부암동|577-2,True
26230,개금동,165-2,개금역대상웰리움,개금역대상웰리움,,,TRADE_5D2ED0752462,unmatched,0.0,50.0,23,부산진구|가야대로498번길|14,부산진구|개금동|165-2,True
26230,개금동,171-49,유창아이리치,유창아이리치,,,TRADE_07981205D711,unmatched,0.0,33.333333333333336,23,부산진구|냉정로|223,부산진구|개금동|171-49,True
26230,부암동,39-1,삼부본동,삼부본동,,,TRADE_923A58BFD76B,unmatched,0.0,25.0,27,부산진구|시민공원로19번길|80,부산진구|부암동|39-1,True
26230,부암동,80-8,성암,성암,,,TRADE_54FCB5EBBC66,unmatched,0.0,33.333333333333336,27,부산진구|시민공원로19번길|38,부산진구|부암동|80-8,True
26230,연지동,41-10,스윗팰리스,스윗팰리스,,,TRADE_C5D38CD99395,unmatched,0.0,50.0,14,부산진구|성지로8번길|36,부산진구|연지동|41-10,True
26230,가야동,648,한일하나로,한일하나로,,,TRADE_ACE27026D672,unmatched,0.0,19.999999999999996,12,부산진구|가야공원로38번길|81,부산진구|가야동|648,True
26230,양정동,271-4,더샵골드5,더샵골드5,,,TRADE_6B139EA7A99B,unmatched,0.0,23.529411764705888,13,부산진구|중앙대로970번길|18,부산진구|양정동|271-4,True
26230,양정동,270-3,엘리시아,엘리시아,,,TRADE_EE1EDD4CF515,unmatched,0.0,18.181818181818176,13,부산진구|중앙대로|966,부산진구|양정동|270-3,True
26230,범천동,842-10,골든,골든,,,TRADE_C1353BA0182D,unmatched,0.0,40.0,24,부산진구|중앙번영로|22,부산진구|범천동|842-10,True
26230,전포동,635-1,동연아미가,동연아미가,,,TRADE_336CEF198CAC,unmatched,0.0,18.181818181818176,23,부산진구|동성로|133,부산진구|전포동|635-1,True
26230,양정동,109-9,양정센텀,양정센텀,,,TRADE_B4D757CF26E6,unmatched,0.0,50.0,13,부산진구|연수로|57,부산진구|양정동|109-9,True
26230,부암동,35-6,삼부장미,삼부장미,,,TRADE_0FEF06CA4B7D,unmatched,0.0,50.0,27,부산진구|시민공원로19번길|72,부산진구|부암동|35-6,True
26230,부전동,410-14,광민베스토피아,광민베스토피아,,,TRADE_0A4E996C0727,unmatched,0.0,18.181818181818176,7,부산진구|가야대로755번길|67-10,부산진구|부전동|410-14,True
26230,전포동,674-1,전포동위너비타,전포동위너비타,,,TRADE_CD79016F2583,unmatched,0.0,40.0,23,부산진구|서전로|46,부산진구|전포동|674-1,True
26230,범천동,974-4,범천동이즈팰리스,범천동이즈팰리스,,,TRADE_F941CA8148CC,unmatched,0.0,46.15384615384615,24,부산진구|범천로12번길|7,부산진구|범천동|974-4,True
26230,전포동,375-6,디아이하우스,디아이하우스,,,TRADE_6525E90666C9,unmatched,0.0,33.333333333333336,23,부산진구|황령대로64번길|30,부산진구|전포동|375-6,True
26230,양정동,272-2,수정캐슬,수정캐슬,,,TRADE_7A40217231BF,unmatched,0.0,25.0,13,부산진구|중앙대로|962-2,부산진구|양정동|272-2,True
26260,수안동,10-3,무궁화,무궁화,,,TRADE_AD2807E71F70,unmatched,0.0,0.0,11,동래구|온천천로253번길|9,동래구|수안동|10-3,True
26260,수안동,11-21,새한센시빌,새한센시빌,,,TRADE_D6FA35BA9049,unmatched,0.0,22.22222222222222,11,동래구|명륜로|33,동래구|수안동|11-21,True
26260,온천동,1242-1,성도뷰크,성도뷰크,,,TRADE_B2C1C853D4EA,unmatched,0.0,26.66666666666667,42,동래구|아시아드대로231번길|91,동래구|온천동|1242-1,True
26260,사직동,99-25,사직리첸스빌,사직리첸스빌,,,TRADE_7E48936FD665,unmatched,0.0,46.15384615384615,19,동래구|종합운동장로54번길|21,동래구|사직동|99-25,True
26260,수안동,533,하나로2차,하나로2차,,,TRADE_65FA7A7B3A91,unmatched,0.0,40.0,11,동래구|명륜로98번길|21,동래구|수안동|533,True
26260,온천동,1250-8,지영아이니드빌,지영아이니드빌,,,TRADE_A2B5E4550193,unmatched,0.0,33.333333333333336,42,동래구|아시아드대로|209,동래구|온천동|1250-8,True
26260,온천동,1411-10,세경더뷰,세경더뷰,,,TRADE_D5B0BC4A3FF2,unmatched,0.0,25.0,42,동래구|아시아드대로|212,동래구|온천동|1411-10,True
26260,사직동,620-1,동일,동일,,,TRADE_3610AEC98725,unmatched,0.0,33.333333333333336,19,동래구|쇠미로|91,동래구|사직동|620-1,True
26260,명륜동,714-8,대신강변타워,대신강변타워,,,TRADE_988E53C8F50A,unmatched,0.0,19.999999999999996,12,동래구|온천천로|37,동래구|명륜동|714-8,True
26260,명륜동,447-2,명륜동위너비타,명륜동위너비타,,,TRADE_9C5853964804,unmatched,0.0,40.0,12,동래구|명륜로103번길|6,동래구|명륜동|447-2,True
26260,온천동,1370-1,공영2,공영2,,,TRADE_F156D8CE171F,unmatched,0.0,28.57142857142857,42,동래구|여고북로|39,동래구|온천동|1370-1,True
26260,명장동,497-30,동남파크다,동남파크다,,,TRADE_9C701B9BEE07,unmatched,0.0,36.36363636363637,13,동래구|명서로|137,동래구|명장동|497-30,True
26260,온천동,1445-1,더블루원2차,더블루원2차,,,TRADE_CC0568DCA906,unmatched,0.0,25.0,42,동래구|미남로146번길|24,동래구|온천동|1445-1,True
26260,온천동,1424-12,더리체,더리체,,,TRADE_3F317A1E7DE4,unmatched,0.0,36.36363636363637,42,동래구|미남로|134,동래구|온천동|1424-12,True
26260,온천동,1281,근창펠리체,근창펠리체,,,TRADE_DA3147D7B5D4,unmatched,0.0,18.181818181818176,42,동래구|아시아드대로247번길|10,동래구|온천동|1281,True
26290,대연동,1604-8,동성맨션,동성맨션,,,TRADE_A3891188AF98,unmatched,0.0,28.57142857142857,33,남구|수영로|142-6,남구|대연동|1604-8,True
26290,대연동,892-10,대성,대성아파트,,,TRADE_8C663D1F09F9,unmatched,0.0,66.66666666666667,33,남구|유엔로|127-2,남구|대연동|892-10,True
26290,문현동,351-7,세영맨션,세영맨션,,,TRADE_839365A34630,unmatched,0.0,40.0,23,남구|장고개로|108,남구|문현동|351-7,True
26290,대연동,72-23,대승타워,대승타워,,,TRADE_1C27A1A032DC,unmatched,0.0,40.0,33,남구|수영로|304,남구|대연동|72-23,True
26290,문현동,331-4,우성맨션,우성맨션,,,TRADE_E9AA9422C933,unmatched,0.0,40.0,23,남구|동제당로|61,남구|문현동|331-4,True
26290,문현동,302,동양,동양(302),,,TRADE_90A1616F9F5E,unmatched,0.0,33.333333333333336,23,남구|지게골로|128-31,남구|문현동|302,True
26290,대연동,903-16,동경하이빌,동경하이빌,,,TRADE_0791087036F0,unmatched,0.0,33.333333333333336,33,남구|천제등로|56-8,남구|대연동|903-16,True
26290,대연동,871-19,대동빌라1차,대동빌라1차(871-19),,,TRADE_2DEF0B7F715A,unmatched,0.0,46.15384615384615,33,남구|유엔평화로41번길|69,남구|대연동|871-19,True
26290,대연동,1734-18,명성리치빌,명성리치빌,,,TRADE_A9B918033956,unmatched,0.0,36.36363636363637,33,남구|유엔로157번가길|21,남구|대연동|1734-18,True
26290,대연동,901-11,썬그린타워빌,썬그린타워빌,,,TRADE_F2AAC799D447,unmatched,0.0,50.0,33,남구|천제등로|50-16,남구|대연동|901-11,True
26290,문현동,255-30,무학프라자,무학프라자,,,TRADE_4773CBAAD118,unmatched,0.0,42.85714285714286,23,남구|수영로|74-5,남구|문현동|255-30,True
26290,용호동,481-6,동부맨션,동부맨션,,,TRADE_6ED6D4C4FCEA,unmatched,0.0,40.0,22,남구|용호로198번길|61,남구|용호동|481-6,True
26290,우암동,189-22,아신,아신,,,TRADE_096517647FEA,unmatched,0.0,25.0,10,남구|장고개로|25,남구|우암동|189-22,True
26290,대연동,1281-14,록원골든빌b동,록원골든빌B동,,,TRADE_51883DE7DFD7,unmatched,0.0,18.181818181818176,33,남구|진남로69번길|41,남구|대연동|1281-14,True
26290,대연동,967-1,대영,대영(967-1),,,TRADE_4E62CA743951,unmatched,0.0,33.333333333333336,33,남구|석포로126번길|4,남구|대연동|967-1,True
26320,덕천동,342-2,부영,부영,,,TRADE_CDB86710ECC4,unmatched,0.0,44.44444444444444,16,북구|만덕대로77번길|30,북구|덕천동|342-2,True
26320,덕천동,334-1,은호,은호,,,TRADE_E125E9B15657,unmatched,0.0,0.0,16,북구|만덕대로15번길|44,북구|덕천동|334-1,True
26320,덕천동,289-22,덕천한라,덕천한라,,,TRADE_D8D4EA4F1EDA,unmatched,0.0,50.0,16,북구|덕천로52번길|20,북구|덕천동|289-22,True
26320,덕천동,385-7,홍익빌레트,홍익빌레트,,,TRADE_5D6060E4A214,unmatched,0.0,16.666666666666664,16,북구|의성로109번길|21,북구|덕천동|385-7,True
26320,구포동,1132-2,이충라온제나,이충라온제나,,,TRADE_E51F70D71DA0,unmatched,0.0,16.666666666666664,22,북구|백양대로995번길|17,북구|구포동|1132-2,True
26320,화명동,495-2,화명장원맨션,화명장원맨션,,,TRADE_2A8E1F8F8A0E,unmatched,0.0,42.85714285714286,29,북구|산성로|66,북구|화명동|495-2,True
26350,우동,450,공작맨션,공작맨션,,,TRADE_7E0B1B08E8EA,unmatched,0.0,40.0,49,해운대구|우동1로50번길|32,해운대구|우동|450,True
26350,반송동,401,삼한그린맨션,삼한그린맨션,,,TRADE_6FE26D13886A,unmatched,0.0,57.14285714285714,13,해운대구|반송로877번길|91,해운대구|반송동|401,True
26350,중동,1533-1,현우산호맨션,현우산호맨션,,,TRADE_6B0CC8E993E5,unmatched,0.0,15.384615384615385,29,해운대구|달맞이길117번나길|194,해운대구|중동|1533-1,True
26350,재송동,1042-2,현대,현대(1042-2),,,TRADE_B684F1FAABD1,unmatched,0.0,66.66666666666667,31,해운대구|해운대로81번길|137,해운대구|재송동|1042-2,True
26350,재송동,100-2,삼화파크맨션,삼화파크맨션,,,TRADE_C7A842155DCE,unmatched,0.0,33.333333333333336,31,해운대구|재반로|10-1,해운대구|재송동|100-2,True
26350,송정동,199-9,아시아나비치,아시아나비치,,,TRADE_ACBDD5E67A3F,unmatched,0.0,26.66666666666667,5,해운대구|송정중앙로21번길|9,해운대구|송정동|199-9,True
26350,송정동,199-8,금강비치빌,금강비치빌,,,TRADE_415682165743,unmatched,0.0,0.0,5,해운대구|송정중앙로21번길|11,해운대구|송정동|199-8,True
26350,중동,1521-38,삼성타워,삼성타워,,,TRADE_AA149EEF4C8D,unmatched,0.0,33.333333333333336,29,해운대구|좌동순환로|411,해운대구|중동|1521-38,True
26350,우동,894-1,대흥파크가동,대흥파크가동,,,TRADE_E3864B82DC25,unmatched,0.0,46.15384615384615,49,해운대구|우동1로|9-11,해운대구|우동|894-1,True
26380,하단동,625-3,삼창,삼창,,,TRADE_7B90F8444DF4,unmatched,0.0,66.66666666666667,12,사하구|괴정로57번길|48,사하구|하단동|625-3,True
26380,하단동,492-2,대우에덴프라자,대우에덴프라자,,,TRADE_B165E7379E7A,unmatched,0.0,15.384615384615385,12,사하구|낙동대로|542,사하구|하단동|492-2,True
26380,하단동,1218,건우리안,건우리안,,,TRADE_75F08C033AC4,unmatched,0.0,16.666666666666664,12,사하구|동매로|117,사하구|하단동|1218,True
26380,괴정동,568-6,태화,태화,,,TRADE_64CCDFB2C4F6,unmatched,0.0,22.22222222222222,29,사하구|장평로443번길|37,사하구|괴정동|568-6,True
26380,괴정동,458-45,삼경,삼경,,,TRADE_AC1AB537015F,unmatched,0.0,22.22222222222222,29,사하구|사하로166번길|28,사하구|괴정동|458-45,True
26380,괴정동,1081-1,동덕,동덕,,,TRADE_3FFFFBF92886,unmatched,0.0,40.0,29,사하구|승학로|167,사하구|괴정동|1081-1,True
26380,장림동,328-3,화천,화천아파트,,,TRADE_F86A82D14D89,unmatched,0.0,0.0,26,사하구|장림번영로|15,사하구|장림동|328-3,True
26380,장림동,1146-1,시티그린타워,시티그린타워,,,TRADE_FAE0D07C0522,unmatched,0.0,33.333333333333336,26,사하구|하신중앙로17번길|14,사하구|장림동|1146-1,True
26380,괴정동,568-10,괴정동56810공동주택,괴정동568-10공동주택(최중호),,,TRADE_54DB1EAC4500,unmatched,0.0,33.333333333333336,29,사하구|괴정로|203,사하구|괴정동|568-10,True
26380,다대동,849-1,다대대상웰리움,다대대상웰리움,,,TRADE_DC17784B5FF3,unmatched,0.0,54.54545454545454,28,사하구|다대동로|43,사하구|다대동|849-1,True
26380,괴정동,352-33,하이츠빌리지,하이츠빌리지,,,TRADE_5B5A281C14E5,unmatched,0.0,54.54545454545454,29,사하구|오작로|104-1,사하구|괴정동|352-33,True
26380,괴정동,1019-1,천아하늘정원,천아하늘정원,,,TRADE_D5B9695A6AFA,unmatched,0.0,30.76923076923077,29,사하구|낙동대로|198,사하구|괴정동|1019-1,True
26380,신평동,417-7,신선,신선(417-7),,,TRADE_44307EDEDC73,unmatched,0.0,33.333333333333336,15,사하구|비봉로21번길|22,사하구|신평동|417-7,True
26380,감천동,16-936,신한,신한,,,TRADE_4BE546D8042D,unmatched,0.0,25.0,10,사하구|감내1로|34,사하구|감천동|16-936,True
26380,하단동,616-4,은하,은하,,,TRADE_47FDD07691F8,unmatched,0.0,33.333333333333336,12,사하구|낙동대로457번길|38,사하구|하단동|616-4,True
26410,부곡동,산14-6,송림,송림,,,TRADE_4B1ABF8021A0,unmatched,0.0,0.0,27,금정구|기찰로102번길|56-4,금정구|부곡동|산14-6,True
26410,구서동,936-18,명진,명진,,,TRADE_A282FB91B0FE,unmatched,0.0,0.0,25,금정구|안뜰로19번길|17,금정구|구서동|936-18,True
26410,부곡동,812-1,협진태양,협진태양,,,TRADE_DE118170A9F8,unmatched,0.0,0.0,27,금정구|서동로|15,금정구|부곡동|812-1,True
26410,구서동,177-23,아름베스트빌4차,아름베스트빌4차,,,TRADE_77CD25266528,unmatched,0.0,15.384615384615385,25,금정구|안뜰로7번길|33,금정구|구서동|177-23,True
26410,부곡동,264-12,위스빌,위스빌,,,TRADE_A4533490CC3C,unmatched,0.0,18.181818181818176,27,금정구|동부곡로5번길|100,금정구|부곡동|264-12,True
26410,구서동,195-1,전원금강빌,전원금강빌,,,TRADE_C01ECEB50CD8,unmatched,0.0,44.44444444444444,25,금정구|안뜰로|2,금정구|구서동|195-1,True
26410,구서동,466-13,구서동하나로3,구서동하나로3,,,TRADE_3D2E10E6BEBD,unmatched,0.0,54.54545454545454,25,금정구|구서온천천로|59,금정구|구서동|466-13,True
26410,남산동,265-37,미화,미화,,,TRADE_61A60253AFC7,unmatched,0.0,22.22222222222222,8,금정구|금단로|156,금정구|남산동|265-37,True
26410,서동,520-95,가원,가원(가동),,,TRADE_AA1FA27ABD71,unmatched,0.0,0.0,4,금정구|서동로91번길|23,금정구|서동|520-95,True
26410,남산동,39-1,동광세화맨션,동광세화맨션,,,TRADE_E390D7954C53,unmatched,0.0,18.181818181818176,8,금정구|중앙대로|2000-24,금정구|남산동|39-1,True
26410,부곡동,888-12,센스,센스,,,TRADE_A5B8C66BB9E6,unmatched,0.0,19.999999999999996,27,금정구|부곡로|14,금정구|부곡동|888-12,True
26410,부곡동,325-6,부곡일천베스파,부곡일천베스파,,,TRADE_5A5C395A4186,unmatched,0.0,36.36363636363637,27,금정구|부곡로|87,금정구|부곡동|325-6,True
26410,장전동,604-12,윤성리버티,윤성리버티,,,TRADE_AABB43DEA9B0,unmatched,0.0,16.666666666666664,17,금정구|온천장로125번길|28-20,금정구|장전동|604-12,True
26410,구서동,413-2,대보드림채,대보드림채,,,TRADE_E7217DBE55A4,unmatched,0.0,22.22222222222222,25,금정구|수림로72번길|160,금정구|구서동|413-2,True
26410,서동,130-1,삼영빌라,삼영빌라,,,TRADE_D1B64FC5111F,unmatched,0.0,25.0,4,금정구|서곡로8번길|20-4,금정구|서동|130-1,True
26410,남산동,130-1,국제빌라,국제빌라,,,TRADE_1AC7B4175998,unmatched,0.0,0.0,8,금정구|중앙대로1985번길|25,금정구|남산동|130-1,True
26410,부곡동,64-35,나경위너스,나경위너스,,,TRADE_976A33082757,unmatched,0.0,22.22222222222222,27,금정구|중앙대로1793번길|60,금정구|부곡동|64-35,True
26410,부곡동,783,무지개타운,무지개타운,,,TRADE_1FB182FB6A8E,unmatched,0.0,40.0,27,금정구|부곡로42번길|33,금정구|부곡동|783,True
26410,구서동,184-4,하나로,하나로,,,TRADE_6D485584A44A,unmatched,0.0,22.22222222222222,25,금정구|두실로7번길|101,금정구|구서동|184-4,True
26410,구서동,175-10,대성타워팰리스,대성타워팰리스,,,TRADE_45E21F73C4B9,unmatched,0.0,30.76923076923077,25,금정구|두실로7번길|79,금정구|구서동|175-10,True
26410,장전동,604-11,금정산태진팰리스2차,금정산태진팰리스2차,,,TRADE_75893BF9FB14,unmatched,0.0,52.63157894736843,17,금정구|온천장로125번길|28-1,금정구|장전동|604-11,True
26410,부곡동,63-9,넥스빌,넥스빌,,,TRADE_3163703514B0,unmatched,0.0,18.181818181818176,27,금정구|중앙대로1763번길|7,금정구|부곡동|63-9,True
26410,금사동,29-3,lg스카이빌,LG스카이빌,,,TRADE_6EA3D2FC1514,unmatched,0.0,0.0,2,금정구|서금로|124,금정구|금사동|29-3,True
26410,장전동,227-5,선경에이스하임,선경에이스하임,,,TRADE_04B16365F7DF,unmatched,0.0,18.181818181818176,17,금정구|금정로|136,금정구|장전동|227-5,True
26410,구서동,178-10,거북맨션,거북맨션,,,TRADE_D5DD5B558583,unmatched,0.0,19.999999999999996,25,금정구|안뜰로15번길|33,금정구|구서동|178-10,True
26410,청룡동,633-4,구남,구남,,,TRADE_4358B60B2435,unmatched,0.0,0.0,4,금정구|청룡로|60,금정구|청룡동|633-4,True
26410,장전동,602-3,백리명가에덴,백리명가에덴,,,TRADE_711B24292A08,unmatched,0.0,15.384615384615385,17,금정구|식물원로39번길|25,금정구|장전동|602-3,True
26410,구서동,466-7,벽송,벽송,,,TRADE_9C0FDCD377CF,unmatched,0.0,33.333333333333336,25,금정구|금정로|210,금정구|구서동|466-7,True
26410,구서동,466-17,우남센스빌,우남센스빌,,,TRADE_E4CDCBEA6E82,unmatched,0.0,22.22222222222222,25,금정구|구서온천천로|57,금정구|구서동|466-17,True
26410,청룡동,31-2,남화기수타워,남화기수타워,,,TRADE_6CEC4A7C1D80,unmatched,0.0,0.0,4,금정구|금강로|758,금정구|청룡동|31-2,True
26410,구서동,182-10,동보2차,동보2차,,,TRADE_F6A967CA1AFF,unmatched,0.0,28.57142857142857,25,금정구|안뜰로7번길|2,금정구|구서동|182-10,True
26410,부곡동,278-3,삼성부곡,삼성부곡,,,TRADE_200096A2D0F4,unmatched,0.0,50.0,27,금정구|동부곡로15번길|68-7,금정구|부곡동|278-3,True
26410,부곡동,64-38,위클라우드4차,위클라우드4차,,,TRADE_A1DA91EF2A4E,unmatched,0.0,18.181818181818176,27,금정구|중앙대로1793번길|70,금정구|부곡동|64-38,True
26470,연산동,416-10,남산두맨션,남산두맨션,,,TRADE_C56C54495623,unmatched,0.0,46.15384615384615,65,연제구|과정로191번다길|29,연제구|연산동|416-10,True
26470,연산동,1492-3,케이에이치마이우스,케이에이치마이우스,,,TRADE_6ACE21034160,unmatched,0.0,21.052631578947366,65,연제구|신촌로|12,연제구|연산동|1492-3,True
26470,연산동,105-8,동원,동원,,,TRADE_3FAA4B917F13,unmatched,0.0,50.0,65,연제구|쌍미천로|190,연제구|연산동|105-8,True
26470,연산동,705-21,대산하이츠,대산하이츠,,,TRADE_41E3D2ADB093,unmatched,0.0,44.44444444444444,65,연제구|월드컵대로91번가길|33,연제구|연산동|705-21,True
26470,연산동,484-12,이화,이화,,,TRADE_83A3EFF47994,unmatched,0.0,33.333333333333336,65,연제구|고분로254번길|15,연제구|연산동|484-12,True
26470,연산동,1345-8,해운파크빌,해운파크빌,,,TRADE_810E8B3C699B,unmatched,0.0,40.0,65,연제구|월드컵대로145번길|81,연제구|연산동|1345-8,True
26470,연산동,1642-28,연산재건,연산재건,,,TRADE_9AAC2285A296,unmatched,0.0,50.0,65,연제구|중앙대로1038번길|59-6,연제구|연산동|1642-28,True
26470,연산동,1299-9,호암르네상스,호암르네상스,,,TRADE_874C655B4C03,unmatched,0.0,33.333333333333336,65,연제구|중앙대로1065번길|54,연제구|연산동|1299-9,True
26470,거제동,676-329,거성,거성,,,TRADE_7C98DAD5CFA6,unmatched,0.0,66.66666666666667,41,연제구|해맞이로43번길|16-6,연제구|거제동|676-329,True
26470,거제동,566-6,금화베르빌,금화베르빌,,,TRADE_FF6E61E9C090,unmatched,0.0,28.57142857142857,41,연제구|거제대로114번길|31,연제구|거제동|566-6,True
26470,연산동,668-5,인환파크맨션,인환파크맨션,,,TRADE_2F8440D64C8D,unmatched,0.0,36.36363636363637,65,연제구|월드컵대로20번길|47,연제구|연산동|668-5,True
26500,남천동,227-2,광남2차,광남2차,,,TRADE_E368920772EF,unmatched,0.0,25.0,14,수영구|수영로388번길|19-6,수영구|남천동|227-2,True
26500,수영동,494-4,태창빌라,태창빌라,,,TRADE_93ACE04B8DB0,unmatched,0.0,0.0,3,수영구|수영로741번길|93,수영구|수영동|494-4,True
26500,민락동,32-3,파레스빌라,파레스빌라,,,TRADE_C0118F5C0319,unmatched,0.0,16.666666666666664,13,수영구|민락본동로27번길|50,수영구|민락동|32-3,True
26500,광안동,548-4,신우피렌체,신우피렌체,,,TRADE_D7BF6ACB33F6,unmatched,0.0,0.0,22,수영구|장대골로|14-14,수영구|광안동|548-4,True
26500,광안동,736-14,흑석파크,흑석파크,,,TRADE_D1AB6D863B4B,unmatched,0.0,22.22222222222222,22,수영구|장대골로31번길|3,수영구|광안동|736-14,True
26500,망미동,426-1,국화,국화,,,TRADE_6AE657578E1C,unmatched,0.0,0.0,12,수영구|과정로15번길|7,수영구|망미동|426-1,True
26500,남천동,36-13,궁전아이브,궁전아이브,,,TRADE_6EFFA72F655F,unmatched,0.0,22.22222222222222,14,수영구|남천바다로10번길|22,수영구|남천동|36-13,True
26500,광안동,569-6,세흥빌라,세흥빌라,,,TRADE_FE78D5C28629,unmatched,0.0,16.666666666666664,22,수영구|장대골로45번길|15,수영구|광안동|569-6,True
26500,광안동,165-5,더클래스센텀,더클래스센텀,,,TRADE_4ADF17738C3B,unmatched,0.0,19.999999999999996,22,수영구|광안로16번길|52,수영구|광안동|165-5,True
26500,광안동,1070-10,지성캐슬,지성캐슬,,,TRADE_47810F6AF9BB,unmatched,0.0,16.666666666666664,22,수영구|망미번영로38번길|95,수영구|광안동|1070-10,True
26500,광안동,50-2,더폼타워,더폼타워,,,TRADE_474F6B7E5183,unmatched,0.0,25.0,22,수영구|무학로9번길|141,수영구|광안동|50-2,True
26500,광안동,519-8,광안메르빌,광안메르빌,,,TRADE_BF2C44F0AB67,unmatched,0.0,46.15384615384615,22,수영구|광일로|70,수영구|광안동|519-8,True
26500,광안동,755-19,광안아트빌리지,광안아트빌리지,,,TRADE_01AD65ED185F,unmatched,0.0,46.15384615384615,22,수영구|호암로25번길|19,수영구|광안동|755-19,True
26500,광안동,498-8,지우푸른마을,지우푸른마을,,,TRADE_77C435F1E8A0,unmatched,0.0,11.764705882352944,22,수영구|광일로20번길|21,수영구|광안동|498-8,True
26500,수영동,452-8,더썬불루,더썬불루,,,TRADE_C873222128F0,unmatched,0.0,0.0,3,수영구|연수로401번길|19,수영구|수영동|452-8,True
26500,광안동,776-9,흥림빌리지7차,흥림빌리지7차,,,TRADE_4542D604E590,unmatched,0.0,15.384615384615385,22,수영구|수영로521번가길|16,수영구|광안동|776-9,True
26500,남천동,29-4,정원센텀뷰남천,정원센텀뷰남천,,,TRADE_BB5326F8A619,unmatched,0.0,36.36363636363637,14,수영구|남천바다로10번길|70,수영구|남천동|29-4,True
26500,광안동,691-10,동진프라임빌,동진프라임빌,,,TRADE_0A3F59F85036,unmatched,0.0,16.666666666666664,22,수영구|광서로|5-6,수영구|광안동|691-10,True
26530,주례동,90-1,홍익,홍익,,,TRADE_325546ED95EE,unmatched,0.0,0.0,23,사상구|가야대로318번길|78-25,사상구|주례동|90-1,True
26530,괘법동,541-2,사상역이즈팰리스,사상역이즈팰리스,,,TRADE_FE7B7B0CDB1E,unmatched,0.0,47.05882352941176,11,사상구|사상로202번길|54,사상구|괘법동|541-2,True
26530,모라동,1341,협성,협성,,,TRADE_1848E3DFD2B3,unmatched,0.0,50.0,19,사상구|백양대로950번나길|14,사상구|모라동|1341,True
26530,괘법동,526-44,주은타워빌,주은타워빌,,,TRADE_DCC49323A77D,unmatched,0.0,16.666666666666664,11,사상구|사상로|217,사상구|괘법동|526-44,True
26710,기장읍동부리,377-1,부전베스트,부전베스트,,,TRADE_A4910A337C61,unmatched,0.0,0.0,0,기장군|차성동로142번길|12-2,기장군|기장읍동부리|377-1,True
26710,기장읍대라리,1000,월가아델리스,월가아델리스,,,TRADE_DA7678C1BA53,unmatched,0.0,0.0,0,기장군|차성남로|23,기장군|기장읍대라리|1000,True
26710,기장읍서부리,64-1,노이하우스3차,노이하우스3차,,,TRADE_759C596DEC94,unmatched,0.0,0.0,0,기장군|읍내로15번길|21,기장군|기장읍서부리|64-1,True
26710,기장읍동부리,395-1,남경캐슬,남경캐슬,,,TRADE_09D89F07BB5E,unmatched,0.0,0.0,0,기장군|배산로68번길|5,기장군|기장읍동부리|395-1,True
26710,기장읍동부리,133-10,애경아트빌,애경아트빌,,,TRADE_221C533A791A,unmatched,0.0,0.0,0,기장군|차성로332번길|2,기장군|기장읍동부리|133-10,True
26110,부평동4가,15-1,로얄스카이캐슬,로얄스카이캐슬,,,TRADE_8D698B8EE6A7,unmatched,0.0,0.0,0,중구|보수대로56번길|12,중구|부평동4가|15-1,True
26110,보수동2가,80-1,보수2차봄여름가을겨울,보수2차봄여름가을겨울,,,TRADE_6F2386BB7E2C,unmatched,0.0,0.0,0,중구|보수대로118번길|49,중구|보수동2가|80-1,True
26110,부평동2가,2,월드밸리,월드밸리,,,TRADE_906D17F13876,unmatched,0.0,0.0,0,중구|대청로|60,중구|부평동2가|2,True
26110,부평동2가,77,부평,부평,,,TRADE_89AED95DA318,unmatched,0.0,0.0,0,중구|흑교로|34,중구|부평동2가|77,True
26140,서대신동3가,360-13,세영엘도라도b동,세영엘도라도B동,,,TRADE_7F28160CFFFB,unmatched,0.0,0.0,8,서구|구덕로333번길|17,서구|서대신동3가|360-13,True
26140,남부민동,443-14,수양리치빌,수양리치빌,,,TRADE_C9CA9DA81CAA,unmatched,0.0,18.181818181818176,6,서구|천마로|81-1,서구|남부민동|443-14,True
26140,서대신동2가,50,오현예다움,오현예다움,,,TRADE_549BDCEC143F,unmatched,0.0,15.384615384615385,3,서구|구덕로305번길|17-1,서구|서대신동2가|50,True
26140,아미동2가,261-126,아미맨션,아미맨션,,,TRADE_B717BA6A2197,unmatched,0.0,23.529411764705888,1,서구|까치고개로|102,서구|아미동2가|261-126,True
26140,토성동5가,21-1,헤리츠2차,헤리츠아파트2차,,,TRADE_B48F0E16B8B9,unmatched,0.0,0.0,0,서구|구덕로142번길|3,서구|토성동5가|21-1,True
26140,서대신동1가,122-6,오션스카이,오션스카이,,,TRADE_4D1F3DF5B576,unmatched,0.0,18.181818181818176,1,서구|부용로|4,서구|서대신동1가|122-6,True
26140,서대신동3가,387-18,한우리타워,한우리타워,,,TRADE_7CF0F7DF9050,unmatched,0.0,22.22222222222222,8,서구|구덕로333번길|5,서구|서대신동3가|387-18,True
26140,서대신동3가,291-5,효정풍경채,효정풍경채,,,TRADE_F769E2E50A70,unmatched,0.0,0.0,8,서구|구덕로333번길|10,서구|서대신동3가|291-5,True
26140,토성동1가,12-7,금호아트빌,금호아트빌,,,TRADE_0C4D5B8E8224,unmatched,0.0,0.0,2,서구|까치고개로|243,서구|토성동1가|12-7,True
26140,암남동,288-1,송암파크빌,송암파크빌,,,TRADE_92B589E6AA6F,unmatched,0.0,40.0,14,서구|암남로6번길|19,서구|암남동|288-1,True
26140,동대신동1가,113-1,동대맨션,동대맨션,,,TRADE_770EE5C63B1F,unmatched,0.0,30.76923076923077,1,서구|대영로|78,서구|동대신동1가|113-1,True
26140,토성동5가,27-1,한성빌라,한성빌라,,,TRADE_4DA42E8B38B3,unmatched,0.0,0.0,0,서구|아미초장로|5,서구|토성동5가|27-1,True
26170,범일동,1486-20,아름빌107동,아름빌107동,,,TRADE_3592CC8F3579,unmatched,0.0,0.0,9,동구|범곡서로|6,동구|범일동|1486-20,True
26170,수정동,1173-3,수정,수정(1173-3),,,TRADE_9447F17B05C0,unmatched,0.0,0.0,3,동구|망양로685번길|11,동구|수정동|1173-3,True
26170,수정동,1-26,오름캐슬2차,오름캐슬2차아파트,,,TRADE_FDDE676AC71A,unmatched,0.0,11.111111111111116,3,동구|중앙대로399번길|15,동구|수정동|1-26,True
26170,수정동,440,수성,수성아파트(440-0),,,TRADE_5EDD03AC037B,unmatched,0.0,14.28571428571429,3,동구|수정공원로|145,동구|수정동|440,True
26170,초량동,939,하이츠빌리지,하이츠빌리지,,,TRADE_2CAFCE919A59,unmatched,0.0,14.28571428571429,10,동구|초량로45번길|17,동구|초량동|939,True
26170,초량동,591-3,성림빌리지,성림빌리지,,,TRADE_0B7E3C479C44,unmatched,0.0,30.76923076923077,10,동구|초량중로|24,동구|초량동|591-3,True
26200,영선동3가,28-1,청솔아트빌라,청솔아트빌라,,,TRADE_4829D2E93689,unmatched,0.0,0.0,0,영도구|절영로101번길|8,영도구|영선동3가|28-1,True
26200,봉래동3가,149,수근에이스타운,수근에이스타운,,,TRADE_0CB0059102E1,unmatched,0.0,0.0,0,영도구|대교로2번길|26,영도구|봉래동3가|149,True
26200,대교동2가,32,웰리안,웰리안아파트,,,TRADE_313B180B5CA7,unmatched,0.0,0.0,0,영도구|태종로95번길|14,영도구|대교동2가|32,True
26200,청학동,382-85,대룡파크맨션,대룡파크맨션,,,TRADE_DA76B0579F30,unmatched,0.0,14.28571428571429,9,영도구|청학서로|61,영도구|청학동|382-85,True
26200,영선동3가,53,영선무궁화맨션,영선무궁화맨션,,,TRADE_38B0B478F3E7,unmatched,0.0,0.0,0,영도구|절영로102번길|16,영도구|영선동3가|53,True
26200,대교동2가,120,모닝아일랜드,모닝아일랜드,,,TRADE_563C83616F08,unmatched,0.0,0.0,0,영도구|태종로|98,영도구|대교동2가|120,True
26200,동삼동,220-1,도시,도시,,,TRADE_2BA5A7E3C3C0,unmatched,0.0,26.66666666666667,23,영도구|동삼서로|61,영도구|동삼동|220-1,True
26230,부전동,631,현호네오빌,현호네오빌,,,TRADE_823837413ECF,unmatched,0.0,44.44444444444444,7,부산진구|신천대로|134,부산진구|부전동|631,True
26230,연지동,179-1,봉황,봉황,,,TRADE_048A95A6750A,unmatched,0.0,0.0,14,부산진구|동평로223번길|50,부산진구|연지동|179-1,True
26230,전포동,644-1,프리미엄안단테,프리미엄안단테,,,TRADE_22FF18F40BB4,unmatched,0.0,11.111111111111116,23,부산진구|동천로132번길|42,부산진구|전포동|644-1,True
26230,양정동,386-14,메종해달별,메종해.달.별,,,TRADE_20AD28FA32AA,unmatched,0.0,0.0,13,부산진구|거제대로60번길|15,부산진구|양정동|386-14,True
26230,부암동,121-9,서면센트리움,서면센트리움,,,TRADE_7926266F9DD5,unmatched,0.0,44.44444444444444,27,부산진구|신천대로220번길|15,부산진구|부암동|121-9,True
26230,개금동,523-3,시티파크,시티파크,,,TRADE_472C9395D3A2,unmatched,0.0,44.44444444444444,23,부산진구|복지로21번길|6,부산진구|개금동|523-3,True
26230,개금동,614-2,신양,신양(614-2),,,TRADE_A1AD6C65A77F,unmatched,0.0,28.57142857142857,23,부산진구|진사로|27,부산진구|개금동|614-2,True
26230,범천동,737-7,평화,평화,,,TRADE_2782DDBD030A,unmatched,0.0,0.0,24,부산진구|범일로153번길|17,부산진구|범천동|737-7,True
26230,범천동,842-4,tk골드뷰,TK골드뷰,,,TRADE_F7291CD77554,unmatched,0.0,25.0,24,부산진구|범일로154번길|61,부산진구|범천동|842-4,True
26230,전포동,178-25,한성타운,한성타운(102동),,,TRADE_102C71167084,unmatched,0.0,36.36363636363637,23,부산진구|동성로118번길|16,부산진구|전포동|178-25,True
26230,양정동,147-5,동국에버리치,동국에버리치,,,TRADE_79FAAEE8F148,unmatched,0.0,15.384615384615385,13,부산진구|연수로11번길|79,부산진구|양정동|147-5,True
26230,당감동,95-10,홍림세르빌,홍림세르빌,,,TRADE_6A7BBCD9FF20,unmatched,0.0,0.0,17,부산진구|가야대로691번길|10-11,부산진구|당감동|95-10,True
26230,개금동,171-51,태영아너스,태영아너스,,,TRADE_31F013B118C3,unmatched,0.0,22.22222222222222,23,부산진구|냉정로|221-5,부산진구|개금동|171-51,True
26230,가야동,634-1,진일,진일,,,TRADE_020AB82E4BF3,unmatched,0.0,0.0,12,부산진구|냉정로253번길|13,부산진구|가야동|634-1,True
26230,범천동,841-303,중앙,중앙,,,TRADE_C82F90C4A114,unmatched,0.0,0.0,24,부산진구|자유평화로37번길|45-8,부산진구|범천동|841-303,True
26230,가야동,385,국민,국민,,,TRADE_328756A960C0,unmatched,0.0,0.0,12,부산진구|엄광로|263-6,부산진구|가야동|385,True
26230,양정동,386-15,지오베스트빌,지오베스트빌,,,TRADE_361708EEA013,unmatched,0.0,33.333333333333336,13,부산진구|거제대로60번길|19,부산진구|양정동|386-15,True
26230,범천동,842-3,허브팰리스,허브팰리스,,,TRADE_03F2DDBE5319,unmatched,0.0,46.15384615384615,24,부산진구|범일로154번길|55,부산진구|범천동|842-3,True
26230,범천동,1119-94,조일그랜져타운,조일그랜져타운,,,TRADE_975F1EEBDC8D,unmatched,0.0,16.666666666666664,24,부산진구|신암로155번가길|4,부산진구|범천동|1119-94,True
26230,전포동,191-236,화신거화2,화신거화2,화신거화1차아파트,A10020784,A10020784,legal_address_main_name,72.72727272727273,72.72727272727273,3,부산진구|진남로356번길|78,부산진구|전포동|191-236,True
26230,양정동,388-2,굿모닝뷰,굿모닝뷰,,,TRADE_37C84E5F403B,unmatched,0.0,16.666666666666664,13,부산진구|거제대로60번길|24,부산진구|양정동|388-2,True
26230,부암동,319,동원,동원,,,TRADE_F246C68B129A,unmatched,0.0,36.36363636363637,27,부산진구|동평로181번길|29-17,부산진구|부암동|319,True
26230,가야동,459-16,이화,이화,,,TRADE_417203327EAE,unmatched,0.0,25.0,12,부산진구|엄광로|166,부산진구|가야동|459-16,True
26230,당감동,71-5,홍림로얄뷰,홍림로얄뷰,,,TRADE_28C1F373DFB7,unmatched,0.0,0.0,17,부산진구|신천대로183번길|64-15,부산진구|당감동|71-5,True
26230,양정동,213-3,양정해광빌리지,양정해광빌리지,,,TRADE_9BE0A9F24AB0,unmatched,0.0,42.85714285714286,13,부산진구|중앙대로969번길|12-12,부산진구|양정동|213-3,True
26230,연지동,42-3,금오파크뷰,금오파크뷰,,,TRADE_ABF148C38C18,unmatched,0.0,33.333333333333336,14,부산진구|동평로|273,부산진구|연지동|42-3,True
26260,복천동,41-18,현대아트빌,현대아트빌,,,TRADE_5BEDF4B0A8C5,unmatched,0.0,44.44444444444444,2,동래구|복천로|24,동래구|복천동|41-18,True
26260,사직동,432-2,청호파크빌라,청호파크빌라,,,TRADE_EB66A0E2E32E,unmatched,0.0,15.384615384615385,19,동래구|아시아드대로164번길|16,동래구|사직동|432-2,True
26260,온천동,165-2,스파맨션,스파맨션,,,TRADE_73D6B6952896,unmatched,0.0,22.22222222222222,42,동래구|금강공원로|10-1,동래구|온천동|165-2,True
26260,수안동,7-7,삼진리버뷰a동,삼진리버뷰A동,,,TRADE_104148537585,unmatched,0.0,18.181818181818176,11,동래구|온천천로|221,동래구|수안동|7-7,True
26260,안락동,1006-5,대웅그린빌리지,대웅그린빌리지,,,TRADE_897EF43AF0E4,unmatched,0.0,18.181818181818176,15,동래구|충렬대로321번길|67,동래구|안락동|1006-5,True
26260,온천동,1376-5,공작맨션,공작맨션,,,TRADE_7961CB73E9A0,unmatched,0.0,0.0,42,동래구|여고북로33번가길|13,동래구|온천동|1376-5,True
26260,안락동,733-1,석천,석천,,,TRADE_3AFEC2EE0BBC,unmatched,0.0,0.0,15,동래구|안연로|84,동래구|안락동|733-1,True
26260,온천동,1421-6,아이리스힐,아이리스힐,,,TRADE_9172A22A5A1E,unmatched,0.0,54.54545454545454,42,동래구|아시아드대로|256-6,동래구|온천동|1421-6,True
26260,명장동,145-7,창신,창신,,,TRADE_B9FB6C01E318,unmatched,0.0,0.0,13,동래구|명장로64번길|6,동래구|명장동|145-7,True
26260,온천동,1379-3,시티하임2차,시티하임2차,,,TRADE_6DB95E9BEF4F,unmatched,0.0,26.66666666666667,42,동래구|여고북로73번길|45,동래구|온천동|1379-3,True
26260,명장동,488-1,명장제일,명장제일,명장일양아파트,A10022509,A10022509,dong_fuzzy,75.0,75.0,13,동래구|반송로354번길|10,동래구|명장동|488-1,True
26260,온천동,1444-4,삼우맨션,삼우맨션,,,TRADE_D33FBA04355E,unmatched,0.0,25.0,42,동래구|미남로146번길|29,동래구|온천동|1444-4,True
26260,수안동,34-12,형제맨션,형제맨션,,,TRADE_1C96BE5FEEE7,unmatched,0.0,25.0,11,동래구|온천천로|307,동래구|수안동|34-12,True
26260,온천동,440-24,동백그린숲,동백그린숲,,,TRADE_907D0AC3162D,unmatched,0.0,36.36363636363637,42,동래구|금강로|80-1,동래구|온천동|440-24,True
26260,온천동,306-1,온천화신젠틀빌라,온천화신젠틀빌라,,,TRADE_AC0FFEA67186,unmatched,0.0,66.66666666666667,42,동래구|금강로73번길|33,동래구|온천동|306-1,True
26260,명장동,497-38,동남파크나,동남파크나,,,TRADE_9BA9E294839D,unmatched,0.0,36.36363636363637,13,동래구|명서로|137,동래구|명장동|497-38,True
26260,온천동,1462-1,아림베르빌,아림베르빌,,,TRADE_23F51A49FAC6,unmatched,0.0,26.66666666666667,42,동래구|미남로102번길|14,동래구|온천동|1462-1,True
26260,온천동,1432-1,원타워,원타워,,,TRADE_CF8273298531,unmatched,0.0,57.14285714285714,42,동래구|중앙대로1335번길|63,동래구|온천동|1432-1,True
26260,온천동,345-22,라경유닉스빌라,라경유닉스빌라,,,TRADE_C0BB1C15121C,unmatched,0.0,25.0,42,동래구|금강로61번길|35,동래구|온천동|345-22,True
26290,용호동,377-1,동보빌라맨션,동보빌라맨션,,,TRADE_EC1CD868BC7A,unmatched,0.0,50.0,22,남구|용호로159번길|118,남구|용호동|377-1,True
26290,대연동,563-7,성원빌라트,성원빌라트,,,TRADE_9BD5E04AECFA,unmatched,0.0,26.66666666666667,33,남구|유엔평화로47번길|153,남구|대연동|563-7,True
26290,대연동,639-25,아침마을비동,아침마을비동,,,TRADE_CFBF83E59150,unmatched,0.0,19.999999999999996,33,남구|유엔평화로41번길|83,남구|대연동|639-25,True
26290,대연동,1776-1,대연동에스케이뷰201동,대연동에스케이뷰201동,,,TRADE_D51A59BB7C5C,unmatched,0.0,42.10526315789473,33,남구|진남로154번길|3,남구|대연동|1776-1,True
26290,대연동,1281-32,부일힐타워,부일힐타워,,,TRADE_41D420972890,unmatched,0.0,36.36363636363637,33,남구|못골로|45,남구|대연동|1281-32,True
26290,문현동,876,보광맨션,보광맨션,,,TRADE_EB1E1AD6233A,unmatched,0.0,40.0,23,남구|장고개로|109-7,남구|문현동|876,True
26290,우암동,46,우암대진,우암대진,,,TRADE_9663751B823E,unmatched,0.0,40.0,10,남구|우암로154번길|18,남구|우암동|46,True
26290,대연동,1466-2,새진빌리지,"새진빌리지(A,B동)",,,TRADE_5463DC4FF741,unmatched,0.0,18.181818181818176,33,남구|못골번영로46번길|10,남구|대연동|1466-2,True
26290,문현동,641-2,성신탑빌,성신탑빌,,,TRADE_145F8BB9D0EF,unmatched,0.0,22.22222222222222,23,남구|전포대로|62,남구|문현동|641-2,True
26290,문현동,273-9,양산맨션,양산맨션,,,TRADE_99FE36EE9342,unmatched,0.0,40.0,23,남구|수영로|80,남구|문현동|273-9,True
26290,용호동,369-2,용연파크,용연파크,,,TRADE_FF939441C63B,unmatched,0.0,25.0,22,남구|용호로110번길|5,남구|용호동|369-2,True
26290,용호동,487-8,수피아주상복합,수피아주상복합,,,TRADE_03A4213BA50F,unmatched,0.0,18.181818181818176,22,남구|용호로|174,남구|용호동|487-8,True
26290,용호동,497-11,동보맨션,동보맨션,,,TRADE_45578DABA667,unmatched,0.0,40.0,22,남구|동명로152번길|60,남구|용호동|497-11,True
26290,대연동,1752-8,더샵골드,더샵골드,,,TRADE_69104D3A6E45,unmatched,0.0,15.384615384615385,33,남구|유엔평화로4번길|60,남구|대연동|1752-8,True
26320,구포동,433-4,비룡벨로스텔라,비룡벨로스텔라,,,TRADE_4A3D46CEF6AA,unmatched,0.0,25.0,22,북구|낙동대로1766번길|45,북구|구포동|433-4,True
26320,구포동,1030-3,창신,창신(A동),,,TRADE_81305B7B67C9,unmatched,0.0,25.0,22,북구|가람로24번길|20,북구|구포동|1030-3,True
26320,구포동,399,지평웰리브,지평웰리브,,,TRADE_A41B4FB501A9,unmatched,0.0,19.999999999999996,22,북구|낙동대로1762번길|60,북구|구포동|399,True
26320,덕천동,337-2,무궁화,무궁화(337-2),,,TRADE_21ED4EF4FE10,unmatched,0.0,0.0,16,북구|만덕대로65번길|43,북구|덕천동|337-2,True
26320,구포동,422-8,동우빌라,동우빌라,,,TRADE_66B34C57FB76,unmatched,0.0,25.0,22,북구|가람로52번길|85,북구|구포동|422-8,True
26320,화명동,886,보경그린,보경그린,,,TRADE_048EB91AD86D,unmatched,0.0,50.0,29,북구|금곡대로200번길|63,북구|화명동|886,True
26350,우동,1196-12,센텀엘카사,센텀엘카사,,,TRADE_83BBD5B8A770,unmatched,0.0,44.44444444444444,49,해운대구|해운대로394번길|23,해운대구|우동|1196-12,True
26350,재송동,97-1,센텀삼흥,센텀삼흥,센텀(재송)삼익,A61274815,A61274815,dong_fuzzy,75.0,75.0,31,해운대구|해운대로219번길|21,해운대구|재송동|97-1,True
26350,중동,1533-8,엘리트빌라,엘리트빌라,,,TRADE_78EBCD13E105,unmatched,0.0,30.76923076923077,29,해운대구|달맞이길117번나길|166,해운대구|중동|1533-8,True
26350,송정동,201-15,대원하이츠2차,대원하이츠2차,,,TRADE_D611C9FE284D,unmatched,0.0,25.0,5,해운대구|송정중앙로33번길|13,해운대구|송정동|201-15,True
26350,송정동,203-4,조희라메르,조희라메르,,,TRADE_285A14705B6E,unmatched,0.0,0.0,5,해운대구|송정중앙로33번길|16,해운대구|송정동|203-4,True
26350,송정동,200-2,쏠데까사,쏠데까사Ⅱ,,,TRADE_C691014DE9E6,unmatched,0.0,0.0,5,해운대구|송정중앙로27번길|21,해운대구|송정동|200-2,True
26350,송정동,200-11,남평엔시티,남평엔시티,,,TRADE_CE0B2D6F74E5,unmatched,0.0,14.28571428571429,5,해운대구|송정중앙로27번길|7,해운대구|송정동|200-11,True
26350,우동,598-4,해운대파크에비뉴,해운대파크에비뉴,,,TRADE_0428F485ADFC,unmatched,0.0,66.66666666666667,49,해운대구|중동1로17번길|15-7,해운대구|우동|598-4,True
26350,우동,894-4,대흥파크나동,대흥파크나동,,,TRADE_1A7173FE073A,unmatched,0.0,46.15384615384615,49,해운대구|우동1로|9-11,해운대구|우동|894-4,True
26350,재송동,1147-3,해강소라,해강소라,,,TRADE_6D23EDEF0872,unmatched,0.0,15.384615384615385,31,해운대구|재반로|162-8,해운대구|재송동|1147-3,True
26350,반송동,683-12,영화,영화,,,TRADE_7CAE733B7AF7,unmatched,0.0,28.57142857142857,13,해운대구|반송로|827,해운대구|반송동|683-12,True
26350,송정동,201-8,이담채,이담채,,,TRADE_96887EE990BC,unmatched,0.0,16.666666666666664,5,해운대구|송정중앙로27번길|8,해운대구|송정동|201-8,True
26350,중동,1481-2,에스엘하우스,에스엘하우스,,,TRADE_B1D534C3B832,unmatched,0.0,23.529411764705888,29,해운대구|달맞이길117번가길|216,해운대구|중동|1481-2,True
26350,우동,1072-15,로얄센텀빌,로얄센텀빌,,,TRADE_D85F51AFB257,unmatched,0.0,44.44444444444444,49,해운대구|해운대로469번길|156,해운대구|우동|1072-15,True
26350,재송동,1087-4,일번로얄주택,일번로얄주택,,,TRADE_7175B0C97C63,unmatched,0.0,16.666666666666664,31,해운대구|재반로|89-13,해운대구|재송동|1087-4,True
26350,반송동,227-1,센텀더세진,센텀더세진,,,TRADE_31B84D2FD1F9,unmatched,0.0,22.22222222222222,13,해운대구|신반송로|11-19,해운대구|반송동|227-1,True
26380,당리동,317-7,에스제이파베르,에스제이파베르,,,TRADE_FF34EA81A295,unmatched,0.0,18.181818181818176,16,사하구|낙동대로410번길|18,사하구|당리동|317-7,True
26380,괴정동,1073-1,장미,장미,,,TRADE_4DD0B09C900C,unmatched,0.0,0.0,29,사하구|마하로|70,사하구|괴정동|1073-1,True
26380,다대동,869,다대에코하임,다대에코하임,,,TRADE_B53102CA5569,unmatched,0.0,54.54545454545454,28,사하구|다대동로29번길|23,사하구|다대동|869,True
26380,당리동,61-15,일원파크맨션,일원파크맨션,,,TRADE_5B336A631AFC,unmatched,0.0,11.764705882352944,16,사하구|승학로71번길|100,사하구|당리동|61-15,True
26380,하단동,870-19,공작,공작,,,TRADE_F6EACFA14BD2,unmatched,0.0,0.0,12,사하구|하신번영로380번길|120,사하구|하단동|870-19,True
26380,감천동,530,감천단지,감천단지,,,TRADE_B46BA5358074,unmatched,0.0,50.0,10,사하구|감천로105번길|40,사하구|감천동|530,True
26380,괴정동,577-9,우방빌라트,우방빌라트,,,TRADE_1D03A0238D25,unmatched,0.0,22.22222222222222,29,사하구|낙동대로|308,사하구|괴정동|577-9,True
26380,하단동,888-5,세양리버빌라트,세양리버빌라트,,,TRADE_906AB8734B27,unmatched,0.0,13.33333333333333,12,사하구|하신번영로|292,사하구|하단동|888-5,True
26380,괴정동,697-11,사남신익,사남신익,,,TRADE_EFDC400167EB,unmatched,0.0,40.0,29,사하구|장평로|410,사하구|괴정동|697-11,True
26380,장림동,328-1,국제그레이트,국제그레이트,,,TRADE_0580A95DD79C,unmatched,0.0,33.333333333333336,26,사하구|장림로184번길|10,사하구|장림동|328-1,True
26380,괴정동,192-3,반도보라,반도보라,,,TRADE_5A815423B606,unmatched,0.0,18.181818181818176,29,사하구|낙동대로140번길|85,사하구|괴정동|192-3,True
26380,당리동,355,수양파크,수양파크,,,TRADE_682271BA3FF0,unmatched,0.0,19.999999999999996,16,사하구|마하로|63,사하구|당리동|355,True
26380,괴정동,350-72,동아파크,동아파크,,,TRADE_75EB3DF49E46,unmatched,0.0,46.15384615384615,29,사하구|오작로|138,사하구|괴정동|350-72,True
26380,당리동,316-10,궁전맨션,궁전맨션,,,TRADE_64710B4EFF3B,unmatched,0.0,0.0,16,사하구|낙동대로410번길|7,사하구|당리동|316-10,True
26380,괴정동,175-1,수호천사,수호천사,,,TRADE_8BBFE925023F,unmatched,0.0,19.999999999999996,29,사하구|낙동대로140번길|90,사하구|괴정동|175-1,True
26380,괴정동,554-1,괴정웰메이드홈,괴정웰메이드홈,,,TRADE_E688C388FEA2,unmatched,0.0,42.85714285714286,29,사하구|괴정로231번길|19,사하구|괴정동|554-1,True
26380,장림동,186-8,성해,성해,,,TRADE_FD64EA77AA7E,unmatched,0.0,16.666666666666664,26,사하구|두송로|1,사하구|장림동|186-8,True
26380,하단동,485-6,경인,경인,,,TRADE_25A579A8385E,unmatched,0.0,0.0,12,사하구|낙동대로575번길|52,사하구|하단동|485-6,True
26380,괴정동,484-2,럭키,럭키(484-2),,,TRADE_0FB4AE38AB37,unmatched,0.0,0.0,29,사하구|사하로|173,사하구|괴정동|484-2,True
26380,감천동,16-939,감천화흥타워,감천화흥타워,,,TRADE_292AAE43AA05,unmatched,0.0,46.15384615384615,10,사하구|감내1로|31,사하구|감천동|16-939,True
26380,하단동,529-3,다전그린,다전그린,,,TRADE_18C6CA5278AF,unmatched,0.0,26.66666666666667,12,사하구|낙동대로486번길|2,사하구|하단동|529-3,True
26410,부곡동,773-1,장미,장미(773-1),,,TRADE_45D52FA132B4,unmatched,0.0,25.0,27,금정구|서동로|41,금정구|부곡동|773-1,True
26410,부곡동,971,삼한사랑채,삼한사랑채,,,TRADE_A4CAA4BB3D27,unmatched,0.0,28.57142857142857,27,금정구|동현로47번길|22,금정구|부곡동|971,True
26410,구서동,198-3,영화맨션,영화맨션,,,TRADE_8BEACD46CEE3,unmatched,0.0,25.0,25,금정구|안뜰로|16,금정구|구서동|198-3,True
26410,부곡동,397-1,온천지음,온천지음,,,TRADE_22FBDE4109FA,unmatched,0.0,40.0,27,금정구|오시게로28번길|20,금정구|부곡동|397-1,True
26410,부곡동,64-30,천아하늘정원,천아하늘정원,,,TRADE_E56B5950AC14,unmatched,0.0,25.0,27,금정구|중앙대로1763번길|32,금정구|부곡동|64-30,True
26410,서동,207-3,,(207-3),,,TRADE_FB81EFB1B358,unmatched,0.0,0.0,0,금정구|서동로|193-18,금정구|서동|207-3,True
26410,청룡동,631-2,아스테리아,아스테리아,,,TRADE_548BACDDB803,unmatched,0.0,14.28571428571429,4,금정구|놀이마당로|31,금정구|청룡동|631-2,True
26410,부곡동,305-12,동국쉐르빌,동국쉐르빌,,,TRADE_5F9AEE7F452B,unmatched,0.0,33.333333333333336,27,금정구|동부곡로6번길|22,금정구|부곡동|305-12,True
26410,구서동,258-10,고려,고려,,,TRADE_D82FB95E8A87,unmatched,0.0,0.0,25,금정구|금강로446번길|21,금정구|구서동|258-10,True
26410,서동,27-2,한성기린,한성기린,,,TRADE_C1C1440BA053,unmatched,0.0,25.0,4,금정구|서금로|45,금정구|서동|27-2,True
26410,남산동,21-8,나경위너스,나경위너스,,,TRADE_C70F7700B36D,unmatched,0.0,19.999999999999996,8,금정구|팔송로7번길|11,금정구|남산동|21-8,True
26410,장전동,505-111,벽산파라다이스빌라3,벽산파라다이스빌라3,,,TRADE_07321A5490F2,unmatched,0.0,18.181818181818176,17,금정구|금샘로7번길|42,금정구|장전동|505-111,True
26410,구서동,195-9,새한,새한,,,TRADE_1489A7E3D65B,unmatched,0.0,22.22222222222222,25,금정구|안뜰로8번길|20,금정구|구서동|195-9,True
26410,부곡동,383-4,금양위스빌,금양위스빌(101동),,,TRADE_68915C5B3CA4,unmatched,0.0,15.384615384615385,27,금정구|동부곡로27번길|38-7,금정구|부곡동|383-4,True
26410,부곡동,223-6,영광맨션,영광맨션,,,TRADE_BAFEF07B65B7,unmatched,0.0,40.0,27,금정구|수림로19번길|11,금정구|부곡동|223-6,True
26410,장전동,511-10,금강캐슬2차,금강캐슬2차(511-10),,,TRADE_3530F85A845B,unmatched,0.0,40.0,17,금정구|식물원로|83,금정구|장전동|511-10,True
26410,회동동,208-9,동성베스트,동성베스트,,,TRADE_0527774C2ADA,unmatched,0.0,0.0,0,금정구|회천로5번길|25,금정구|회동동|208-9,True
26410,남산동,48-2,엘리시움,엘리시움,,,TRADE_E2A735F2E79E,unmatched,0.0,18.181818181818176,8,금정구|중앙대로|2089-5,금정구|남산동|48-2,True
26410,금사동,64-15,문화파크,문화파크,,,TRADE_489639814B84,unmatched,0.0,0.0,2,금정구|삼어로|237,금정구|금사동|64-15,True
26470,거제동,1462-3,산호,산호(1462-3),,,TRADE_517CF8BC5307,unmatched,0.0,19.999999999999996,41,연제구|거제천로255번가길|51,연제구|거제동|1462-3,True
26470,연산동,1345-12,해운드림빌,해운드림빌,,,TRADE_09C90FF352C0,unmatched,0.0,19.999999999999996,65,연제구|월드컵대로145번길|75,연제구|연산동|1345-12,True
26470,거제동,739-1,성원맨투로빌,성원맨투로빌,,,TRADE_3FA7CDC8A9FA,unmatched,0.0,26.66666666666667,41,연제구|거제대로|128,연제구|거제동|739-1,True
26470,연산동,382-26,에이스리버팰리스,에이스리버팰리스,,,TRADE_6C98DCB36AA2,unmatched,0.0,44.44444444444444,65,연제구|과정로|262,연제구|연산동|382-26,True
26470,거제동,676-25,남강하이츠,남강하이츠,,,TRADE_D222098E3BE2,unmatched,0.0,50.0,41,연제구|해맞이로77번길|37,연제구|거제동|676-25,True
26470,연산동,418-3,센텀포시즌,센텀포시즌,,,TRADE_871EBE6BAF85,unmatched,0.0,33.333333333333336,65,연제구|과정로|179,연제구|연산동|418-3,True
26500,망미동,210-1,오양장미,오양장미,,,TRADE_ADB024C8A32B,unmatched,0.0,25.0,12,수영구|수미로63번길|16,수영구|망미동|210-1,True
26500,광안동,734-3,문화빌라,문화빌라,,,TRADE_B2781C299156,unmatched,0.0,16.666666666666664,22,수영구|장대골로27번길|28,수영구|광안동|734-3,True
26500,광안동,184-1,승우맨션,승우맨션(가동),,,TRADE_5BDE2DA68507,unmatched,0.0,15.384615384615385,22,수영구|수영로510번길|54,수영구|광안동|184-1,True
26500,광안동,502-2,광안봉황맨션,광안봉황맨션,,,TRADE_E977B55F064F,unmatched,0.0,40.0,22,수영구|광일로46번길|8,수영구|광안동|502-2,True
26500,망미동,208-1,동림,동림,,,TRADE_248EF9C9A65E,unmatched,0.0,16.666666666666664,12,수영구|구락로|92,수영구|망미동|208-1,True
26500,광안동,536-133,부일그린빌,부일그린빌,,,TRADE_3594E4B54027,unmatched,0.0,44.44444444444444,22,수영구|장대골로|48,수영구|광안동|536-133,True
26500,민락동,156-2,이화맨션나동,이화맨션나동,,,TRADE_C72B609EF475,unmatched,0.0,15.384615384615385,13,수영구|감포로|12,수영구|민락동|156-2,True
26500,광안동,545-5,광안리치빌a,광안리치빌A,,,TRADE_2511052AD78F,unmatched,0.0,50.0,22,수영구|장대골로57번가길|16,수영구|광안동|545-5,True
26500,광안동,135-4,부흥3차,부흥3차,,,TRADE_8AB8FC7B511F,unmatched,0.0,14.28571428571429,22,수영구|수영로594번길|85,수영구|광안동|135-4,True
26500,남천동,49-8,반도빌라,반도빌라,,,TRADE_D87A386F6940,unmatched,0.0,19.999999999999996,14,수영구|황령산로8번길|19,수영구|남천동|49-8,True
26500,광안동,744-18,wpark,W-PARK,,,TRADE_C4EE0A5162D6,unmatched,0.0,15.384615384615385,22,수영구|장대골로7번길|51,수영구|광안동|744-18,True
26500,광안동,539-3,광명맨션,광명맨션(539-3),,,TRADE_4681CD4CC4EF,unmatched,0.0,33.333333333333336,22,수영구|광일로67번길|68,수영구|광안동|539-3,True
26500,남천동,27-16,마르빌주상복합,마르빌주상복합,,,TRADE_03DC5A3EE54F,unmatched,0.0,11.764705882352944,14,수영구|수영로|452-1,수영구|남천동|27-16,True
26500,광안동,120-90,서호,서호,,,TRADE_A749F6D3C806,unmatched,0.0,22.22222222222222,22,수영구|무학로10번길|46,수영구|광안동|120-90,True
26530,괘법동,524-37,경화힐타워a동,경화힐타워A동,,,TRADE_7E9C75D0F54B,unmatched,0.0,15.384615384615385,11,사상구|사상로233번길|22,사상구|괘법동|524-37,True
26710,일광읍이천리,764-4,정도한스빌,정도한스빌,,,TRADE_90F6622B94DA,unmatched,0.0,0.0,0,기장군|이화로|23,기장군|일광읍이천리|764-4,True
26710,기장읍대라리,419-15,기장마르빌,기장마르빌,,,TRADE_938DE214F1E7,unmatched,0.0,0.0,0,기장군|차성남로51번길|7,기장군|기장읍대라리|419-15,True
26710,기장읍교리,336-10,욱일,욱일,,,TRADE_32ADAC269EBF,unmatched,0.0,0.0,0,기장군|차성로412번길|37,기장군|기장읍교리|336-10,True
26110,영주동,2,초원,초원,,,TRADE_F9F1F72BD7E3,unmatched,0.0,0.0,5,중구|영초길|135-5,중구|영주동|2,True
26110,보수동1가,146-16,대암보수맨션,대암보수맨션,,,TRADE_618655416926,unmatched,0.0,15.384615384615385,1,중구|고가길|46,중구|보수동1가|146-16,True
26140,부민동1가,32-6,허브센티움,허브센티움,,,TRADE_0C2D911F76FA,unmatched,0.0,0.0,0,서구|구덕로|196,서구|부민동1가|32-6,True
26140,서대신동3가,360-2,석포로얄캐슬,석포로얄캐슬,,,TRADE_25D5E1A4DC7C,unmatched,0.0,33.333333333333336,8,서구|구덕로333번길|21,서구|서대신동3가|360-2,True
26140,동대신동3가,63-245,정림파크,정림파크,,,TRADE_6A0C4A8C5795,unmatched,0.0,0.0,3,서구|망양로111번길|18-8,서구|동대신동3가|63-245,True
26140,서대신동3가,294-11,크로바d동,크로바D동,,,TRADE_C86D31A529D8,unmatched,0.0,0.0,8,서구|대영로45번길|84,서구|서대신동3가|294-11,True
26140,서대신동2가,35-12,gl타운b,GL타운B,,,TRADE_40F237A662FC,unmatched,0.0,0.0,3,서구|구덕로315번길|7,서구|서대신동2가|35-12,True
26140,서대신동2가,102,위너스빌,위너스빌,,,TRADE_09E2047C6482,unmatched,0.0,0.0,3,서구|구덕로295번길|10,서구|서대신동2가|102,True
26140,서대신동2가,473,대신자유,대신자유,,,TRADE_BE6A94E2BE02,unmatched,0.0,33.333333333333336,3,서구|시약로|11,서구|서대신동2가|473,True
26140,서대신동1가,2-5,하나로5차,하나로5차,,,TRADE_7CE10BEFA0AB,unmatched,0.0,0.0,1,서구|구덕로|269,서구|서대신동1가|2-5,True
26140,동대신동3가,200,에덴빌리지,에덴빌리지,,,TRADE_42262273212E,unmatched,0.0,0.0,3,서구|구덕로346번길|16,서구|동대신동3가|200,True
26170,초량동,974-16,연합그린빌라,연합그린빌라,,,TRADE_6E03B06FFDD5,unmatched,0.0,11.764705882352944,10,동구|망양로486번길|16,동구|초량동|974-16,True
26170,수정동,355-1,대근아트빌라,대근아트빌라(355-1),,,TRADE_A7F00B7BB4AC,unmatched,0.0,19.999999999999996,3,동구|고관로|57,동구|수정동|355-1,True
26170,수정동,926-1,남성맨션,남성맨션,,,TRADE_A42D4408E195,unmatched,0.0,25.0,3,동구|수정공원상로|89,동구|수정동|926-1,True
26170,좌천동,1014-1,플러스,플러스,,,TRADE_87B61A192635,unmatched,0.0,19.999999999999996,5,동구|진성로|50,동구|좌천동|1014-1,True
26170,범일동,1486-3,아름빌101동,아름빌101동,,,TRADE_D2EB57F8A20B,unmatched,0.0,0.0,9,동구|망양로|940,동구|범일동|1486-3,True
26170,초량동,1064-1,초원,초원,,,TRADE_1D11AA7C9521,unmatched,0.0,33.333333333333336,10,동구|영초길|135-4,동구|초량동|1064-1,True
26170,수정동,441,수성,수성아파트(441-0),,,TRADE_3F96C98640B7,unmatched,0.0,14.28571428571429,3,동구|수정공원로|143,동구|수정동|441,True
26200,동삼동,219-146,대성베른시티1동,대성베른시티1동,,,TRADE_43E39E58F4EB,unmatched,0.0,22.22222222222222,23,영도구|동삼로|105,영도구|동삼동|219-146,True
26200,대교동2가,131,영일,영일,,,TRADE_7596076E18E2,unmatched,0.0,0.0,0,영도구|태종로|92,영도구|대교동2가|131,True
26200,남항동1가,1,정림위더스하임,정림위더스하임,,,TRADE_E61C0FF5C89A,unmatched,0.0,0.0,1,영도구|남항서로|123,영도구|남항동1가|1,True
26200,남항동1가,91-4,하나타운,하나타운,,,TRADE_B5C0391E7A0E,unmatched,0.0,0.0,1,영도구|절영로|40,영도구|남항동1가|91-4,True
26200,남항동3가,31,영도화랑,영도화랑,,,TRADE_BE093CC57826,unmatched,0.0,0.0,0,영도구|남항남로19번길|29,영도구|남항동3가|31,True
26200,동삼동,221-56,삼한경희,삼한경희,,,TRADE_25130DD12949,unmatched,0.0,33.333333333333336,23,영도구|웃서발로|20,영도구|동삼동|221-56,True
26230,범천동,1278-2,한빛,한빛,,,TRADE_D8CEED69AEF7,unmatched,0.0,22.22222222222222,24,부산진구|신암로|51-2,부산진구|범천동|1278-2,True
26230,범천동,839-18,동양크리스탈,동양크리스탈,,,TRADE_D79C540DB6FF,unmatched,0.0,30.76923076923077,24,부산진구|자유평화로37번길|13,부산진구|범천동|839-18,True
26230,범전동,263-5,서면,서면,,,TRADE_134FB1CD9285,unmatched,0.0,0.0,1,부산진구|범전로33번길|62-7,부산진구|범전동|263-5,True
26230,가야동,666-4,진성,진성,,,TRADE_9C58CC5690C2,unmatched,0.0,0.0,12,부산진구|엄광로|102,부산진구|가야동|666-4,True
26230,양정동,276-2,대성문퀸즈더블유,대성문퀸즈더블유,,,TRADE_A586C26BB11A,unmatched,0.0,26.66666666666667,13,부산진구|동평로405번길|69,부산진구|양정동|276-2,True
26230,연지동,72-4,덕인디오네빌,덕인디오네빌,,,TRADE_9760F8E6DA17,unmatched,0.0,19.999999999999996,14,부산진구|성지로|8,부산진구|연지동|72-4,True
26230,전포동,684-5,대성,대성,,,TRADE_0E2594AA1E5D,unmatched,0.0,22.22222222222222,23,부산진구|전포대로209번길|33,부산진구|전포동|684-5,True
26230,개금동,177-95,대정파크빌,대정파크빌,,,TRADE_8B2B743A8B28,unmatched,0.0,36.36363636363637,23,부산진구|복지로21번길|45,부산진구|개금동|177-95,True
26230,개금동,177-197,금오아트빌,금오아트빌,,,TRADE_494F14C4BC82,unmatched,0.0,40.0,23,부산진구|복지로21번길|32,부산진구|개금동|177-197,True
26230,초읍동,123-7,아남하이츠,아남하이츠,,,TRADE_FC339FBFA39B,unmatched,0.0,15.384615384615385,10,부산진구|초읍천로|57,부산진구|초읍동|123-7,True
26260,온천동,1203-1,선경시티빌,선경시티빌,,,TRADE_9FE1FA2E0C9B,unmatched,0.0,28.57142857142857,42,동래구|아시아드대로219번길|66-21,동래구|온천동|1203-1,True
26260,온천동,1240-3,센스빌,센스빌(1240-3),,,TRADE_46C6181817DC,unmatched,0.0,25.0,42,동래구|석사북로95번길|55,동래구|온천동|1240-3,True
26260,낙민동,236,삼주,삼주아파트,,,TRADE_1CE709B80896,unmatched,0.0,25.0,13,동래구|충렬대로|271,동래구|낙민동|236,True
26260,명장동,517-2,동남타워,동남타워,,,TRADE_1485CCB67EF0,unmatched,0.0,40.0,13,동래구|시실로|156,동래구|명장동|517-2,True
26260,온천동,186-57,홍림그린피아,홍림그린피아,,,TRADE_D983860881BF,unmatched,0.0,42.85714285714286,42,동래구|차밭골로20번길|19,동래구|온천동|186-57,True
26260,수안동,32-2,영화맨션,영화맨션,,,TRADE_CD5311EFB1CE,unmatched,0.0,0.0,11,동래구|온천천로301번길|57-3,동래구|수안동|32-2,True
26260,사직동,354-2,진성,진성,,,TRADE_2C250A34C95A,unmatched,0.0,0.0,19,동래구|여고북로|40,동래구|사직동|354-2,True
26260,온천동,265-4,황우그린빌라,황우그린빌라,,,TRADE_80A6FA363C33,unmatched,0.0,28.57142857142857,42,동래구|우장춘로162번길|3,동래구|온천동|265-4,True
26260,안락동,947-12,골드타워,골드타워,,,TRADE_0CC88B1CC36B,unmatched,0.0,19.999999999999996,15,동래구|반송로240번길|5,동래구|안락동|947-12,True
26260,온천동,1186-35,그린힐타운b동,그린힐타운B동,,,TRADE_CEDC5BEDBD18,unmatched,0.0,26.66666666666667,42,동래구|쇠미로|189-5,동래구|온천동|1186-35,True
26260,온천동,182-7,kh파인우스,KH파인우스,,,TRADE_A6F1A85C1316,unmatched,0.0,25.0,42,동래구|온천장로|75,동래구|온천동|182-7,True
26260,복천동,530-1,문성하이츠빌라,문성하이츠빌라,,,TRADE_E84E890C246C,unmatched,0.0,14.28571428571429,2,동래구|복천로5번길|65,동래구|복천동|530-1,True
26260,온천동,425-10,동보스카이힐,동보스카이힐,,,TRADE_09E52BBA4E9F,unmatched,0.0,58.82352941176471,42,동래구|금강로62번길|10,동래구|온천동|425-10,True
26260,복천동,282,웰스플러스,웰스플러스,,,TRADE_F53D98B94F32,unmatched,0.0,16.666666666666664,2,동래구|동래로136번길|19,동래구|복천동|282,True
26260,온천동,155-10,동래창덕더파크,동래창덕더파크,,,TRADE_4B4BE7C3447E,unmatched,0.0,50.0,42,동래구|온천장로|110-1,동래구|온천동|155-10,True
26260,온천동,186-56,초원시티빌,초원시티빌,,,TRADE_7262D9A4EB4E,unmatched,0.0,30.76923076923077,42,동래구|차밭골로20번길|21,동래구|온천동|186-56,True
26260,사직동,58-34,사직제이파크,사직제이파크,,,TRADE_04D8160FAFD9,unmatched,0.0,60.0,19,동래구|아시아드대로176번길|25,동래구|사직동|58-34,True
26260,명장동,585-37,새천년,새천년,,,TRADE_2FDCECCABBBE,unmatched,0.0,0.0,13,동래구|충렬사로51번길|21,동래구|명장동|585-37,True
26260,온천동,1266-17,부광캐슬,부광캐슬,,,TRADE_07B938E71F7C,unmatched,0.0,0.0,42,동래구|사직북로28번길|126,동래구|온천동|1266-17,True
26260,온천동,1423-18,원오피스텔,원오피스텔,,,TRADE_B44577B8F074,unmatched,0.0,19.999999999999996,42,동래구|충렬대로92번길|12,동래구|온천동|1423-18,True
26260,사직동,411-1,동원빌라,동원빌라,,,TRADE_BF7DB98DF489,unmatched,0.0,50.0,19,동래구|아시아드대로170번길|14,동래구|사직동|411-1,True
26290,문현동,248-2,대진,대진,,,TRADE_F21B82EB6D8B,unmatched,0.0,33.333333333333336,23,남구|수영로|40,남구|문현동|248-2,True
26290,대연동,571-2,금강,금강,,,TRADE_0B5B0E433C1D,unmatched,0.0,0.0,33,남구|유엔평화로47번길|135,남구|대연동|571-2,True
26290,대연동,873-8,승원빌라10차,승원빌라10차(873-8),,,TRADE_856B617E7EDC,unmatched,0.0,18.181818181818176,33,남구|유엔평화로29번길|62,남구|대연동|873-8,True
26290,감만동,245,삼화,삼화,,,TRADE_603DD5D5068C,unmatched,0.0,0.0,9,남구|양지골로55번길|13,남구|감만동|245,True
26290,용호동,251-14,동원,동원,,,TRADE_D46C1F3EB53F,unmatched,0.0,33.333333333333336,22,남구|동명로101번길|57-2,남구|용호동|251-14,True
26290,용호동,50-4,동산산호,동산산호,,,TRADE_B0E2855D85BB,unmatched,0.0,40.0,22,남구|용호로76번길|71,남구|용호동|50-4,True
26290,대연동,1509-4,남산타워2차,남산타워2차,,,TRADE_FD774613AC5C,unmatched,0.0,33.333333333333336,33,남구|진남로|60,남구|대연동|1509-4,True
26290,용호동,370-21,미가,미가,,,TRADE_30691AB43D11,unmatched,0.0,33.333333333333336,22,남구|동명로131번길|22,남구|용호동|370-21,True
26290,우암동,216,상경전원,상경전원,,,TRADE_56F5E2F9E8F0,unmatched,0.0,0.0,10,남구|장고개로|62,남구|우암동|216,True
26290,문현동,776-22,리버빌,리버빌,,,TRADE_C7005769B82C,unmatched,0.0,25.0,23,남구|자유평화로59번길|6,남구|문현동|776-22,True
26290,대연동,40-5,진송드림빌,진송드림빌,,,TRADE_BC445DD045B0,unmatched,0.0,18.181818181818176,33,남구|용소로7번길|54,남구|대연동|40-5,True
26290,용호동,494-55,푸르미르,푸르미르,,,TRADE_AB579D75D2A5,unmatched,0.0,25.0,22,남구|동명로146번길|60,남구|용호동|494-55,True
26290,용호동,296-7,동보파크맨션,동보파크맨션,,,TRADE_1071D0E5872A,unmatched,0.0,33.333333333333336,22,남구|동명로101번길|9,남구|용호동|296-7,True
26320,덕천동,382-1,부국3,부국3,,,TRADE_492CB4EF4D25,unmatched,0.0,33.333333333333336,16,북구|금곡대로8번길|64,북구|덕천동|382-1,True
26320,만덕동,759-11,덕화,덕화,,,TRADE_3470A19B4F26,unmatched,0.0,33.333333333333336,25,북구|만덕3로16번길|29,북구|만덕동|759-11,True
26320,구포동,1256-5,벽산그린필드2차,벽산그린필드2차,벽산그린필드1차아파트,A61680506,A61680506,dong_fuzzy,87.5,87.5,22,북구|시랑로94번길|97,북구|구포동|1256-5,True
26320,덕천동,539-7,성훈강변,성훈강변,,,TRADE_789FF437CD3B,unmatched,0.0,33.333333333333336,16,북구|금곡대로|97,북구|덕천동|539-7,True
26320,덕천동,409-1,동성,동성,,,TRADE_7015DBFBF5BC,unmatched,0.0,50.0,16,북구|만덕대로102번길|15,북구|덕천동|409-1,True
26320,구포동,430-30,부광맨션,부광맨션,,,TRADE_438A84462837,unmatched,0.0,0.0,22,북구|낙동대로1762번길|71,북구|구포동|430-30,True
26320,구포동,1060-140,용진힐타운,용진힐타운,,,TRADE_E8B7BEFD270C,unmatched,0.0,36.36363636363637,22,북구|가람로48번길|14,북구|구포동|1060-140,True
26350,중동,1499-10,삼안리젠시5,삼안리젠시5,,,TRADE_33B8664D23C4,unmatched,0.0,25.0,29,해운대구|달맞이길117번가길|107-4,해운대구|중동|1499-10,True
26350,재송동,1121-2,영광그린파크,영광그린파크(나),,,TRADE_E039B02189EF,unmatched,0.0,40.0,31,해운대구|재반로64번다길|24,해운대구|재송동|1121-2,True
26350,중동,1485-19,석공힐타운,석공힐타운,,,TRADE_1F67152B9877,unmatched,0.0,19.999999999999996,29,해운대구|달맞이길117번라길|34,해운대구|중동|1485-19,True
26350,중동,218-6,중동에코하임,중동에코하임,,,TRADE_E0CE18644605,unmatched,0.0,30.76923076923077,29,해운대구|좌동로63번길|17,해운대구|중동|218-6,True
26350,반송동,208-2,풍전,풍전,,,TRADE_9B83C3113099,unmatched,0.0,0.0,13,해운대구|신반송로|199,해운대구|반송동|208-2,True
26350,재송동,1094-4,센텀블루씨,센텀블루씨,,,TRADE_909EDC759425,unmatched,0.0,44.44444444444444,31,해운대구|해운대로|137,해운대구|재송동|1094-4,True
26350,반여동,1294-3,송남,송남,,,TRADE_F2B81CBAB54B,unmatched,0.0,0.0,31,해운대구|재반로211번길|36,해운대구|반여동|1294-3,True
26350,좌동,1314-2,화목데파트,화목데파트,,,TRADE_4692F283368B,unmatched,0.0,33.333333333333336,43,해운대구|세실로|64,해운대구|좌동|1314-2,True
26350,송정동,134-2,삼보로얄캐슬,삼보로얄캐슬,,,TRADE_FF91EDB8FF69,unmatched,0.0,13.33333333333333,5,해운대구|해운대로|1111,해운대구|송정동|134-2,True
26350,재송동,139-1,센텀안성타워,센텀안성타워,,,TRADE_14C0F3263F57,unmatched,0.0,66.66666666666667,31,해운대구|재반로30번길|135,해운대구|재송동|139-1,True
26350,중동,1480-5,그린힐1차,그린힐1차,,,TRADE_3BA8838C4B06,unmatched,0.0,28.57142857142857,29,해운대구|달맞이길|221,해운대구|중동|1480-5,True
26350,송정동,173-1,태림로즈빌a동,태림로즈빌A동,,,TRADE_AF4DBCB164DD,unmatched,0.0,12.5,5,해운대구|송정중앙로9번길|140,해운대구|송정동|173-1,True
26350,중동,1504-11,백세해운대빌라1차,백세해운대빌라1차,,,TRADE_C45D40DA69D1,unmatched,0.0,52.63157894736843,29,해운대구|달맞이길117번가길|55,해운대구|중동|1504-11,True
26380,당리동,351-5,오성,오성,,,TRADE_A60847F41D4D,unmatched,0.0,33.333333333333336,16,사하구|승학로|141,사하구|당리동|351-5,True
26380,괴정동,486-3,투윈빌리지,투윈빌리지,,,TRADE_55A7DEC1CEFC,unmatched,0.0,19.999999999999996,29,사하구|괴정로|276,사하구|괴정동|486-3,True
26380,괴정동,365-1,동주,동주,,,TRADE_6DE5BA8A93B0,unmatched,0.0,40.0,29,사하구|사리로8번길|35,사하구|괴정동|365-1,True
26380,하단동,522-24,선경아트빌,선경아트빌,,,TRADE_4A99D43A93F6,unmatched,0.0,18.181818181818176,12,사하구|낙동남로1367번길|16,사하구|하단동|522-24,True
26380,하단동,533-9,화천파크,화천파크,,,TRADE_03E1686A4797,unmatched,0.0,0.0,12,사하구|승학로|7-5,사하구|하단동|533-9,True
26380,괴정동,552-13,금상예림,금상예림,,,TRADE_D85F25C59224,unmatched,0.0,0.0,29,사하구|장평로443번길|5,사하구|괴정동|552-13,True
26380,당리동,326-1,청조,청조,,,TRADE_1F4ACC54B5BB,unmatched,0.0,0.0,16,사하구|제석로18번길|48,사하구|당리동|326-1,True
26380,괴정동,361-1,럭키,럭키,,,TRADE_F860B13E2AD5,unmatched,0.0,0.0,29,사하구|사리로18번길|31,사하구|괴정동|361-1,True
26380,괴정동,656-7,진흥,진흥,,,TRADE_325E9DE53355,unmatched,0.0,28.57142857142857,29,사하구|장평로443번길|111,사하구|괴정동|656-7,True
26380,괴정동,998,신화프라자,신화프라자,,,TRADE_0705D42EC809,unmatched,0.0,33.333333333333336,29,사하구|낙동대로216번길|3,사하구|괴정동|998,True
26380,괴정동,1063-132,신대우빌라트,신대우빌라트,,,TRADE_4ED508647121,unmatched,0.0,30.76923076923077,29,사하구|승학로233번길|62,사하구|괴정동|1063-132,True
26380,하단동,88-5,하단시티빌,하단시티빌(88-5),,,TRADE_643BEB569C8B,unmatched,0.0,44.44444444444444,12,사하구|제석로|3,사하구|하단동|88-5,True
26380,괴정동,900-1,화원레샹스,화원레샹스,,,TRADE_A7512BBD8DA5,unmatched,0.0,19.999999999999996,29,사하구|낙동대로|246,사하구|괴정동|900-1,True
26380,하단동,251-1,남연,남연,,,TRADE_50C838B52108,unmatched,0.0,33.333333333333336,12,사하구|괴정로|58,사하구|하단동|251-1,True
26380,괴정동,458-53,소라,소라,,,TRADE_3B461A5E43E3,unmatched,0.0,22.22222222222222,29,사하구|사하로166번길|20,사하구|괴정동|458-53,True
26380,장림동,187-5,동해,동해,,,TRADE_8049C385987B,unmatched,0.0,25.0,26,사하구|두송로|7,사하구|장림동|187-5,True
26380,하단동,509-7,대호세화,대호세화,,,TRADE_F0028E519AE4,unmatched,0.0,19.999999999999996,12,사하구|승학로3번길|64,사하구|하단동|509-7,True
26380,당리동,339-2,정림,정림,,,TRADE_200CDE3E500B,unmatched,0.0,50.0,16,사하구|낙동대로355번길|11,사하구|당리동|339-2,True
26380,하단동,870-94,대청가람채,대청가람채,,,TRADE_FEDA3FE09651,unmatched,0.0,22.22222222222222,12,사하구|하신중앙로313번길|68,사하구|하단동|870-94,True
26380,괴정동,535-7,jpark,JPark,,,TRADE_F71FA6C540B7,unmatched,0.0,16.666666666666664,29,사하구|괴정로246번길|6,사하구|괴정동|535-7,True
26380,당리동,422-5,한마음,한마음,,,TRADE_F412B9206AA6,unmatched,0.0,0.0,16,사하구|낙동대로356번길|10,사하구|당리동|422-5,True
26410,부곡동,388-1,남성하이빌,남성하이빌,,,TRADE_8C56BECDE83B,unmatched,0.0,22.22222222222222,27,금정구|오시게로|62,금정구|부곡동|388-1,True
26410,부곡동,384-18,반도,반도,,,TRADE_A6A0BF04522B,unmatched,0.0,50.0,27,금정구|서동로14번길|10,금정구|부곡동|384-18,True
26410,구서동,194-11,삼산,삼산,,,TRADE_F9AC72B59BA6,unmatched,0.0,33.333333333333336,25,금정구|중앙대로1901번길|20,금정구|구서동|194-11,True
26410,장전동,613-14,용진마이스터,용진마이스터,,,TRADE_6EC20D58D2D6,unmatched,0.0,18.181818181818176,17,금정구|식물원로39번길|15,금정구|장전동|613-14,True
26410,부곡동,896-4,금정,금정,,,TRADE_FFC5ED31B9D9,unmatched,0.0,18.181818181818176,27,금정구|오시게로|4,금정구|부곡동|896-4,True
26410,남산동,112-2,남산천일로얄맨션,남산천일로얄맨션,,,TRADE_4CAFEFE7EA0F,unmatched,0.0,33.333333333333336,8,금정구|중앙대로2035번길|40,금정구|남산동|112-2,True
26410,부곡동,873-62,협성,협성,,,TRADE_FE4F9D604910,unmatched,0.0,0.0,27,금정구|부곡로|21,금정구|부곡동|873-62,True
26410,장전동,652-30,용진노블레스,용진노블레스,,,TRADE_1B727C23C8FA,unmatched,0.0,15.384615384615385,17,금정구|온천장로|147,금정구|장전동|652-30,True
26410,구서동,248-31,삼성파크,삼성파크,,,TRADE_9EB52BD2934B,unmatched,0.0,33.333333333333336,25,금정구|중앙대로1873번길|48,금정구|구서동|248-31,True
26410,장전동,651-31,드림아트온,드림아트온,,,TRADE_6DB191A57C13,unmatched,0.0,60.0,17,금정구|식물원로9번길|26,금정구|장전동|651-31,True
26410,부곡동,888-52,부곡협성,부곡협성,,,TRADE_BE7BC1F66D14,unmatched,0.0,50.0,27,금정구|부곡로12번길|13-7,금정구|부곡동|888-52,True
26470,연산동,1646-33,삼일,삼일아파트,,,TRADE_D1C5E7B79BDB,unmatched,0.0,33.333333333333336,65,연제구|중앙천로73번길|13-20,연제구|연산동|1646-33,True
26470,연산동,1293-11,해오름아트빌,해오름아트빌,,,TRADE_22F191EFF095,unmatched,0.0,26.66666666666667,65,연제구|중앙대로1075번길|39,연제구|연산동|1293-11,True
26470,연산동,1143-2,성우로하스캐슬,성우로하스캐슬,,,TRADE_FAC5A998B61D,unmatched,0.0,23.529411764705888,65,연제구|거제천로154번길|41,연제구|연산동|1143-2,True
26470,거제동,1088-1,노블파크,노블파크,,,TRADE_921B141EF70C,unmatched,0.0,16.666666666666664,41,연제구|월드컵대로|258-18,연제구|거제동|1088-1,True
26470,연산동,1359-7,월성,월성,,,TRADE_510C0ADF9295,unmatched,0.0,33.333333333333336,65,연제구|중앙대로1043번길|11,연제구|연산동|1359-7,True
26470,연산동,1261-19,해운빌라,해운빌라,,,TRADE_CB12FDB304AE,unmatched,0.0,22.22222222222222,65,연제구|중앙천로70번길|19,연제구|연산동|1261-19,True
26470,연산동,1405-3,동아베스트빌라,동아베스트빌라,,,TRADE_D0CA622757D1,unmatched,0.0,61.53846153846154,65,연제구|거제천로124번길|35,연제구|연산동|1405-3,True
26470,거제동,676-145,진흥목화,진흥목화,,,TRADE_C6C7D5A4085A,unmatched,0.0,33.333333333333336,41,연제구|해맞이로43번길|19,연제구|거제동|676-145,True
26470,연산동,399-5,세영,세영,,,TRADE_C219A4446E2F,unmatched,0.0,18.181818181818176,65,연제구|안연로8번길|14,연제구|연산동|399-5,True
26470,연산동,1293-16,대가하이츠,대가하이츠,,,TRADE_560FD8E58C0F,unmatched,0.0,40.0,65,연제구|거제천로136번길|35,연제구|연산동|1293-16,True
26470,연산동,704-9,더라임시티뷰,더라임시티뷰,,,TRADE_344023060318,unmatched,0.0,50.0,65,연제구|중앙대로1066번길|10,연제구|연산동|704-9,True
26470,연산동,418-5,태광맨션,태광맨션(418-5),,,TRADE_38F63D86C928,unmatched,0.0,40.0,65,연제구|과정로|173,연제구|연산동|418-5,True
26470,거제동,589-11,큐브빌,큐브빌,,,TRADE_47BD0B5A0732,unmatched,0.0,19.999999999999996,41,연제구|거제시장로|36,연제구|거제동|589-11,True
26470,연산동,1495-4,청우하이빌,청우하이빌,,,TRADE_AEECE52DF3C4,unmatched,0.0,60.0,65,연제구|월드컵대로153번길|96,연제구|연산동|1495-4,True
26470,거제동,1231-5,거제동서하이빌,거제동서하이빌,,,TRADE_C1F7579CA020,unmatched,0.0,57.14285714285714,41,연제구|월드컵대로299번길|5,연제구|거제동|1231-5,True
26470,연산동,408-24,명품블루파크,명품블루파크,,,TRADE_9740D1A7592A,unmatched,0.0,36.36363636363637,65,연제구|과정로251번길|45,연제구|연산동|408-24,True
26470,연산동,699-3,웰메이드홈,웰메이드홈,,,TRADE_4D262D5EEF1E,unmatched,0.0,22.22222222222222,65,연제구|월드컵대로|64,연제구|연산동|699-3,True
26500,광안동,377-14,성우센텀스카이뷰비,성우센텀스카이뷰비,,,TRADE_E5D0EFF025B6,unmatched,0.0,23.529411764705888,22,수영구|수영로|535-6,수영구|광안동|377-14,True
26500,광안동,1274-1,산마루,산마루,,,TRADE_07D99918FE71,unmatched,0.0,0.0,22,수영구|수영로507번길|57-9,수영구|광안동|1274-1,True
26500,민락동,772,민락동신화하니엘그린시티공동주택,민락동신화하니엘그린시티공동주택,,,TRADE_58D8C93F876B,unmatched,0.0,8.695652173913048,13,수영구|민락본동로|7,수영구|민락동|772,True
26500,남천동,19-34,골든패밀리,골든패밀리,,,TRADE_A5E65E3E7428,unmatched,0.0,23.529411764705888,14,수영구|남천동로10번길|28,수영구|남천동|19-34,True
26500,광안동,1063-26,삼흥파크타운,삼흥파크타운,,,TRADE_2864DF9ADFC6,unmatched,0.0,28.57142857142857,22,수영구|연수로404번길|46,수영구|광안동|1063-26,True
26500,민락동,38-11,행복타운,행복타운,,,TRADE_4E60BD79DA5A,unmatched,0.0,18.181818181818176,13,수영구|광남로223번길|8,수영구|민락동|38-11,True
26500,광안동,199-3,가비펠리치,가비펠리치,,,TRADE_D45AFDC1AEB9,unmatched,0.0,44.44444444444444,22,수영구|광남로|100,수영구|광안동|199-3,True
26500,망미동,822-4,망미,망미,,,TRADE_1742FD24458A,unmatched,0.0,66.66666666666667,12,수영구|연수로|286,수영구|망미동|822-4,True
26500,남천동,51-20,대진,대진,,,TRADE_C4D5BF6B3123,unmatched,0.0,25.0,14,수영구|황령산로7번길|22,수영구|남천동|51-20,True
26500,광안동,733-3,세종월드,세종월드,,,TRADE_A53F5E91326A,unmatched,0.0,22.22222222222222,22,수영구|장대골로39번길|11,수영구|광안동|733-3,True
26500,광안동,179-8,광안하이,광안하이아파트,광안자이아파트,A10024695,A10024695,dong_fuzzy,75.0,75.0,22,수영구|남천바다로9번길|58,수영구|광안동|179-8,True
26500,광안동,194-5,개나리,개나리,,,TRADE_3C88D3F84E87,unmatched,0.0,22.22222222222222,22,수영구|광남로|136,수영구|광안동|194-5,True
26500,광안동,744-12,이린타워,이린타워,,,TRADE_627A92ECD4F3,unmatched,0.0,33.333333333333336,22,수영구|수영로575번길|11,수영구|광안동|744-12,True
26500,광안동,118-2,성우이린타워,성우이린타워,,,TRADE_0A8CCAB448ED,unmatched,0.0,28.57142857142857,22,수영구|수영로618번길|4,수영구|광안동|118-2,True
26500,광안동,1027-8,더클래스동진,더클래스동진,,,TRADE_677F2EF7F458,unmatched,0.0,19.999999999999996,22,수영구|연수로|340,수영구|광안동|1027-8,True
26530,괘법동,541-3,올유레스틴뷰,올유레스틴뷰,,,TRADE_E48AC4675A11,unmatched,0.0,19.999999999999996,11,사상구|사상로202번길|60,사상구|괘법동|541-3,True
26530,괘법동,525-25,파밀리아괘법3차,파밀리아괘법3차,,,TRADE_8C1D0241BE75,unmatched,0.0,42.85714285714286,11,사상구|사상로223번길|14,사상구|괘법동|525-25,True
26530,모라동,656-3,부원맨션,부원맨션,,,TRADE_11F311E6E72B,unmatched,0.0,19.999999999999996,19,사상구|사상로489번길|60,사상구|모라동|656-3,True
26710,기장읍동부리,374-11,동산그린타워,동산그린타워,,,TRADE_AA5EDB58C832,unmatched,0.0,0.0,0,기장군|차성동로122번길|30,기장군|기장읍동부리|374-11,True
26710,기장읍동부리,159-10,동보시티빌,동보시티빌,,,TRADE_BC6E6271DD6E,unmatched,0.0,0.0,0,기장군|차성로322번길|39,기장군|기장읍동부리|159-10,True
26710,기장읍대라리,89-2,동국에버리치,동국에버리치,,,TRADE_C2FD7F179506,unmatched,0.0,0.0,0,기장군|차성동로50번길|5,기장군|기장읍대라리|89-2,True
26710,기장읍대라리,418-22,금광타워,금광타워,,,TRADE_E9F355A85C8D,unmatched,0.0,0.0,0,기장군|차성로|284-9,기장군|기장읍대라리|418-22,True
26710,정관읍달산리,141-3,대우,대우아파트,,,TRADE_75EFE0D8C2A0,unmatched,0.0,0.0,0,기장군|정관로|750-8,기장군|정관읍달산리|141-3,True
26710,일광읍삼성리,713-1,선우,선우,,,TRADE_8491838D068E,unmatched,0.0,0.0,0,기장군|일역길|75-38,기장군|일광읍삼성리|713-1,True
26710,기장읍대라리,903,펠리스빌3,펠리스빌3,,,TRADE_E5EA906975CA,unmatched,0.0,0.0,0,기장군|차성서로77번길|36-10,기장군|기장읍대라리|903,True
26110,대창동1가,54-43,선경뉴빌apt,선경뉴빌APT,,,TRADE_74C1C48FCE69,unmatched,0.0,0.0,1,중구|동광길|102,중구|대창동1가|54-43,True
26110,영주동,450-25,흥아거북,흥아거북,,,TRADE_3792A458DB7E,unmatched,0.0,19.999999999999996,5,중구|동영로31번길|11,중구|영주동|450-25,True
26110,대청동2가,19-2,그린시티,그린시티,,,TRADE_C8C0032D3A57,unmatched,0.0,0.0,0,중구|대청로|91-6,중구|대청동2가|19-2,True
26110,보수동3가,29-17,7차청탑그린빌라,7차청탑그린빌라,,,TRADE_247AB149A10E,unmatched,0.0,0.0,0,중구|흑교로71번길|18-1,중구|보수동3가|29-17,True
26110,신창동2가,22,신생,신생,,,TRADE_061E9CF329CF,unmatched,0.0,0.0,0,중구|광복로43번길|11,중구|신창동2가|22,True
26140,서대신동1가,143,에르모사,에르모사,,,TRADE_76829B2F7AA3,unmatched,0.0,19.999999999999996,1,서구|대영로38번길|18,서구|서대신동1가|143,True
26140,서대신동3가,288-4,부백웨스턴타워,부백웨스턴타워,,,TRADE_5B90697C233F,unmatched,0.0,26.66666666666667,8,서구|구덕로339번길|8,서구|서대신동3가|288-4,True
26140,동대신동1가,339-5,진흥목화,진흥목화,,,TRADE_BCF2FD52607E,unmatched,0.0,0.0,1,서구|흑교로|106,서구|동대신동1가|339-5,True
26140,서대신동3가,276,대신센츄럴타운,대신센츄럴타운,,,TRADE_6F2F4EA2DA55,unmatched,0.0,36.36363636363637,8,서구|구덕로345번길|19,서구|서대신동3가|276,True
26140,서대신동1가,50-6,유니온캐슬,유니온캐슬,,,TRADE_047A728E9893,unmatched,0.0,0.0,1,서구|부용로|15,서구|서대신동1가|50-6,True
26140,부민동1가,36-13,부민부백자연애,부민부백자연애,,,TRADE_84F5CAB44553,unmatched,0.0,0.0,0,서구|구덕로194번길|15,서구|부민동1가|36-13,True
26140,서대신동1가,50-3,미소드림,미소드림,,,TRADE_ED511AB5082C,unmatched,0.0,0.0,1,서구|구덕로|275-24,서구|서대신동1가|50-3,True
26140,남부민동,647-14,마린포시즌2차,마린포시즌2차,,,TRADE_8568841ED938,unmatched,0.0,30.76923076923077,6,서구|충무대로241번길|5-28,서구|남부민동|647-14,True
26140,서대신동2가,195,보현빌리지,보현빌리지,,,TRADE_AFC462E0A80E,unmatched,0.0,19.999999999999996,3,서구|대영로45번길|53,서구|서대신동2가|195,True
26140,서대신동3가,293-10,서대센츄럴타운,서대센츄럴타운,,,TRADE_1F1233C4F23D,unmatched,0.0,26.66666666666667,8,서구|구덕로|335-1,서구|서대신동3가|293-10,True
26170,초량동,1143-15,신우,신우,,,TRADE_03B1D7BF0470,unmatched,0.0,33.333333333333336,10,동구|고관로|70,동구|초량동|1143-15,True
26170,초량동,1053-15,지성하이츠빌라,지성하이츠빌라,,,TRADE_24608598D4BB,unmatched,0.0,13.33333333333333,10,동구|초량중로33번길|10,동구|초량동|1053-15,True
26170,초량동,588-17,썬리치,썬리치,,,TRADE_E551C4722B9C,unmatched,0.0,18.181818181818176,10,동구|초량중로|28,동구|초량동|588-17,True
26170,초량동,106-7,초량하이츠빌리지,초량하이츠빌리지,,,TRADE_81C34CDA0806,unmatched,0.0,33.333333333333336,10,동구|고관로13번길|36,동구|초량동|106-7,True
26170,수정동,872-46,양지빌라,양지빌라,,,TRADE_BCF495EF737A,unmatched,0.0,0.0,3,동구|수정로|45,동구|수정동|872-46,True
26170,초량동,1043-8,늘푸른포스트빌,늘푸른포스트빌,,,TRADE_C549BD8F03B6,unmatched,0.0,23.529411764705888,10,동구|초량중로|49,동구|초량동|1043-8,True
26170,수정동,1175-1,수정,수정(1175-1),,,TRADE_4B3EA1127D62,unmatched,0.0,0.0,3,동구|망양로689번길|19,동구|수정동|1175-1,True
26200,봉래동2가,49,오션블루,오션블루,,,TRADE_AA0C739BACFA,unmatched,0.0,26.66666666666667,2,영도구|대교로|19,영도구|봉래동2가|49,True
26200,대교동2가,160-4,그린팰리스,그린팰리스,,,TRADE_C9B9202D5DF5,unmatched,0.0,0.0,0,영도구|남항로25번길|46,영도구|대교동2가|160-4,True
26200,남항동3가,34-1,남항무궁화맨션,남항무궁화맨션,,,TRADE_2DAF3863E20C,unmatched,0.0,0.0,0,영도구|남항남로19번길|30,영도구|남항동3가|34-1,True
26200,남항동1가,51-1,한울시너스,한울시너스,,,TRADE_032A43C9D297,unmatched,0.0,0.0,1,영도구|남항로9번길|5,영도구|남항동1가|51-1,True
26200,대평동1가,7,하나빌,하나빌,,,TRADE_EA82A4F5F59B,unmatched,0.0,0.0,1,영도구|대평로20번길|23,영도구|대평동1가|7,True
26200,봉래동5가,123-1,유정,유정,,,TRADE_8AAB1EB54F07,unmatched,0.0,0.0,0,영도구|봉래길|147,영도구|봉래동5가|123-1,True
26200,동삼동,363-47,삼창파크타운1동2동,삼창파크타운1동2동,,,TRADE_EA4938BBEFEB,unmatched,0.0,66.66666666666667,23,영도구|절영로|553,영도구|동삼동|363-47,True
26230,부전동,674-1,해오름2차,해오름2차,,,TRADE_62CA75D71CED,unmatched,0.0,22.22222222222222,7,부산진구|신천대로165번길|38,부산진구|부전동|674-1,True
26230,당감동,69-4,서면시즈빌,서면시즈빌,,,TRADE_B9FC5356E8B4,unmatched,0.0,44.44444444444444,17,부산진구|가야대로703번길|30,부산진구|당감동|69-4,True
26230,범천동,1284-7,한일하나로,한일하나로,,,TRADE_A817029ACA5D,unmatched,0.0,19.999999999999996,24,부산진구|만리산로|46,부산진구|범천동|1284-7,True
26230,가야동,2,영림로즈빌,영림로즈빌,,,TRADE_9BDC14CEDFE0,unmatched,0.0,22.22222222222222,12,부산진구|가야대로673번길|9,부산진구|가야동|2,True
26230,전포동,317-40,일산,일산(317-40),,,TRADE_465A7A3B3FA2,unmatched,0.0,19.999999999999996,23,부산진구|진남로356번길|16,부산진구|전포동|317-40,True
26230,부전동,424-2,성원더프라임,성원더프라임아파트,,,TRADE_5365B9D8EE9D,unmatched,0.0,16.666666666666664,7,부산진구|부전로95번길|33,부산진구|부전동|424-2,True
26230,개금동,177-149,개금동아이리스5차애비뉴,개금동아이리스5차애비뉴,,,TRADE_8FC9CC3A4B5B,unmatched,0.0,44.44444444444444,23,부산진구|가야대로468번길|11,부산진구|개금동|177-149,True
26230,가야동,657-50,동원,동원,,,TRADE_6F2D6D289F2F,unmatched,0.0,40.0,12,부산진구|엄광로|70,부산진구|가야동|657-50,True
26230,범천동,1298-97,린다비스타,린다비스타,,,TRADE_2F15CAA41D7D,unmatched,0.0,19.047619047619047,24,부산진구|신암로5번길|12,부산진구|범천동|1298-97,True
26230,당감동,767-1,삼성빌라,삼성빌라,,,TRADE_16760BA607E8,unmatched,0.0,25.0,17,부산진구|당감서로|110,부산진구|당감동|767-1,True
26230,초읍동,293-6,태림,태림아파트,,,TRADE_C0692AACBD50,unmatched,0.0,0.0,10,부산진구|초읍천로108번길|20,부산진구|초읍동|293-6,True
26230,개금동,177-77,현대드림타워,현대드림타워,,,TRADE_ACA2DDAA96D4,unmatched,0.0,40.0,23,부산진구|가야대로468번길|30,부산진구|개금동|177-77,True
26230,양정동,387-19,메리온시티,메리온시티,,,TRADE_262C40D8727F,unmatched,0.0,16.666666666666664,13,부산진구|거제대로|52,부산진구|양정동|387-19,True
26230,가야동,617-8,보광,보광(617-8),,,TRADE_D0E637AD00FA,unmatched,0.0,22.22222222222222,12,부산진구|냉정로|265,부산진구|가야동|617-8,True
26230,개금동,540-236,더블루,더블루,,,TRADE_9483DEA2B20B,unmatched,0.0,15.384615384615385,23,부산진구|엄광로|36-7,부산진구|개금동|540-236,True
26230,범천동,1067-39,서면그린빌,서면그린빌,,,TRADE_2DD30A3736F9,unmatched,0.0,54.54545454545454,24,부산진구|가야대로|708,부산진구|범천동|1067-39,True
26260,수안동,39-40,금광타워빌,금광타워빌,,,TRADE_0554E3177744,unmatched,0.0,25.0,11,동래구|온천천로337번길|47,동래구|수안동|39-40,True
26260,온천동,78-64,온천보현빌라,온천보현빌라,,,TRADE_DEC5856F7E9B,unmatched,0.0,47.05882352941176,42,동래구|금강로145번길|48,동래구|온천동|78-64,True
26260,사직동,75-5,신동아755,신동아(가)75-5,,,TRADE_5E3F8A2117CD,unmatched,0.0,22.22222222222222,19,동래구|아시아드대로161번길|62,동래구|사직동|75-5,True
26260,온천동,447-6,트레비앙,트레비앙,,,TRADE_77EEB6CE5D05,unmatched,0.0,40.0,42,동래구|차밭골로21번길|10,동래구|온천동|447-6,True
26260,온천동,190-10,해피타운,해피타운,,,TRADE_7B3EC0806A44,unmatched,0.0,30.76923076923077,42,동래구|차밭골로24번길|23,동래구|온천동|190-10,True
26260,명장동,29-27,봉황맨션a,봉황맨션A,,,TRADE_D378F4D56B77,unmatched,0.0,36.36363636363637,13,동래구|반송로247번길|26,동래구|명장동|29-27,True
26260,명장동,29-102,봉황맨션bc,"봉황맨션B,C",,,TRADE_7DF057E39300,unmatched,0.0,33.333333333333336,13,동래구|반송로247번길|26,동래구|명장동|29-102,True
26260,명장동,29-101,봉황맨션d,봉황맨션D,,,TRADE_4C56F4AAC9D3,unmatched,0.0,36.36363636363637,13,동래구|반송로247번길|26,동래구|명장동|29-101,True
26260,사직동,50-15,오름파크,오름파크,,,TRADE_3F0C765DB317,unmatched,0.0,0.0,19,동래구|석사로|21,동래구|사직동|50-15,True
26260,수안동,334-4,청우빌리지,청우빌리지,,,TRADE_9863D382F087,unmatched,0.0,12.5,11,동래구|충렬대로237번가길|60-4,동래구|수안동|334-4,True
26260,사직동,115-7,리치빌,리치빌,,,TRADE_010BF464D2B6,unmatched,0.0,19.999999999999996,19,동래구|아시아드대로114번길|43,동래구|사직동|115-7,True
26260,수안동,39-36,장미3,장미3,,,TRADE_7D45A092CBBD,unmatched,0.0,57.14285714285714,11,동래구|수안로|14,동래구|수안동|39-36,True
26260,수안동,35-7,수안동신맨션,수안동신맨션,,,TRADE_85D9720DD35B,unmatched,0.0,42.85714285714286,11,동래구|수안로|37,동래구|수안동|35-7,True
26260,온천동,1378-3,더블루원3차,더블루원3차,,,TRADE_1077613A2E49,unmatched,0.0,25.0,42,동래구|미남로|99,동래구|온천동|1378-3,True
26260,수안동,7-9,삼부,삼부,,,TRADE_B66426B47576,unmatched,0.0,0.0,11,동래구|충렬대로202번길|78,동래구|수안동|7-9,True
26260,온천동,1410-1,홍림그린피아2차,홍림그린피아2차,,,TRADE_2FE1F6D5E5F0,unmatched,0.0,37.5,42,동래구|아시아드대로220번길|14,동래구|온천동|1410-1,True
26260,온천동,725-5,동해맨션,동해맨션,,,TRADE_0A3656601F26,unmatched,0.0,26.66666666666667,42,동래구|충렬대로95번길|12,동래구|온천동|725-5,True
26260,수안동,11-28,프랜즈원룸,프랜즈원룸,,,TRADE_2AFB163BBE0C,unmatched,0.0,0.0,11,동래구|온천천로|255,동래구|수안동|11-28,True
26260,수안동,7-4,부일산호맨션,부일산호맨션,,,TRADE_8D71BBAA42AC,unmatched,0.0,19.999999999999996,11,동래구|명륜로75번길|57,동래구|수안동|7-4,True
26260,온천동,338-5,일천그린빌,일천그린빌,,,TRADE_72ADA7627632,unmatched,0.0,46.15384615384615,42,동래구|우장춘로|108,동래구|온천동|338-5,True
26260,온천동,1448-1,명보,명보,,,TRADE_06C2EDF05138,unmatched,0.0,19.999999999999996,42,동래구|충렬대로86번길|62,동래구|온천동|1448-1,True
26260,온천동,444-73,금오에코팰리스,금오에코팰리스,,,TRADE_CD5A97EEFAD7,unmatched,0.0,30.76923076923077,42,동래구|금강로74번길|23,동래구|온천동|444-73,True
26260,사직동,112-7,금샘하이클래스,금샘하이클래스,,,TRADE_E40BFED61C90,unmatched,0.0,23.529411764705888,19,동래구|아시아드대로114번길|1,동래구|사직동|112-7,True
26260,사직동,631-1,유림하이츠2차,유림하이츠2차,,,TRADE_123D9F5D3D1E,unmatched,0.0,30.76923076923077,19,동래구|쇠미로|97,동래구|사직동|631-1,True
26290,문현동,15-5,정호베스트빌,정호베스트빌,,,TRADE_B7F75F3F1318,unmatched,0.0,33.333333333333336,23,남구|고동골로|113-11,남구|문현동|15-5,True
26290,대연동,561-16,신우맨션,신우맨션,,,TRADE_03382344A7C1,unmatched,0.0,25.0,33,남구|유엔평화로47번길|153-6,남구|대연동|561-16,True
26290,대연동,893-12,도남하이츠,도남하이츠,,,TRADE_A677B6FD8781,unmatched,0.0,22.22222222222222,33,남구|천제등로|59-17,남구|대연동|893-12,True
26290,대연동,1741-6,투윈빌리지,투윈빌리지,,,TRADE_2C7A760D5605,unmatched,0.0,18.181818181818176,33,남구|못골로|96,남구|대연동|1741-6,True
26290,대연동,1733-10,삼원그린,삼원그린(1733-10),,,TRADE_F3685EBECB50,unmatched,0.0,60.0,33,남구|유엔로157번나길|9,남구|대연동|1733-10,True
26290,감만동,176-28,정원,정원(176-28),,,TRADE_53DC109F6205,unmatched,0.0,0.0,9,남구|홍곡로57번길|20,남구|감만동|176-28,True
26290,대연동,255-9,장백,장백,,,TRADE_58F63433D9F4,unmatched,0.0,50.0,33,남구|황령대로319번길|110,남구|대연동|255-9,True
26290,용호동,148-2,삼성맨션,삼성맨션,,,TRADE_B677AF477873,unmatched,0.0,40.0,22,남구|용호로90번길|24,남구|용호동|148-2,True
26290,용당동,580-10,용당창조,용당창조,,,TRADE_A4C977959061,unmatched,0.0,50.0,4,남구|유엔평화로|136-1,남구|용당동|580-10,True
26290,대연동,1463-7,더샵월드타워,더샵월드타워,,,TRADE_DBED2AF880BB,unmatched,0.0,33.333333333333336,33,남구|진남로46번길|3,남구|대연동|1463-7,True
26290,용호동,산20-1,한라,한라,,,TRADE_1A3A11F3C880,unmatched,0.0,25.0,22,남구|이기대공원로26번길|21-7,남구|용호동|산20-1,True
26320,구포동,857-5,곡산주택,곡산주택,,,TRADE_58EFC3C2B5E0,unmatched,0.0,19.999999999999996,22,북구|모분재로149번길|35,북구|구포동|857-5,True
26320,구포동,1121-13,천양리버빌,천양리버빌,,,TRADE_4409F6B290D9,unmatched,0.0,28.57142857142857,22,북구|사상로|599-1,북구|구포동|1121-13,True
26350,재송동,1121-28,센텀스카이a,센텀스카이A,,,TRADE_BE1C90282D6C,unmatched,0.0,71.42857142857143,31,해운대구|재반로84번길|62,해운대구|재송동|1121-28,True
26350,우동,266-7,서광골드타워,서광골드타워,,,TRADE_9C0554838108,unmatched,0.0,15.384615384615385,49,해운대구|우동3로11번길|36,해운대구|우동|266-7,True
26350,재송동,273-3,센텀재송빌,센텀재송빌,,,TRADE_57D9FE26163A,unmatched,0.0,60.0,31,해운대구|재반로63번길|17,해운대구|재송동|273-3,True
26350,송정동,190-2,세종스마트빌,세종스마트빌,,,TRADE_144488FC56B1,unmatched,0.0,13.33333333333333,5,해운대구|송정중앙로9번길|66,해운대구|송정동|190-2,True
26350,중동,1150-7,백조,백조,,,TRADE_2A0FD6F21993,unmatched,0.0,0.0,29,해운대구|달맞이길|16-12,해운대구|중동|1150-7,True
26350,송정동,194-2,송정비체하임,송정비체하임,,,TRADE_DD31EA4C20AF,unmatched,0.0,30.76923076923077,5,해운대구|송정강변로|31,해운대구|송정동|194-2,True
26350,재송동,1071-8,센텀시티더블유,센텀시티더블유,,,TRADE_33D66F0796E2,unmatched,0.0,36.36363636363637,31,해운대구|해운대로123번길|5,해운대구|재송동|1071-8,True
26350,재송동,1144-2,신성레포츠빌리지,신성레포츠빌리지,,,TRADE_13DD81B8C495,unmatched,0.0,26.66666666666667,31,해운대구|재반로118번길|45,해운대구|재송동|1144-2,True
26350,재송동,188,,(188-0),,,TRADE_6AED6951C5DF,unmatched,0.0,0.0,0,해운대구|해운대로89번길|13,해운대구|재송동|188,True
26350,중동,277,청목마리안,청목마리안,,,TRADE_679672994F1E,unmatched,0.0,18.181818181818176,29,해운대구|해운대로767번길|15,해운대구|중동|277,True
26380,하단동,88-4,하단시티빌,하단시티빌(88-4),,,TRADE_D9593139618F,unmatched,0.0,44.44444444444444,12,사하구|제석로|3,사하구|하단동|88-4,True
26380,괴정동,268-6,에코펠리스,에코펠리스,,,TRADE_3CAED835B617,unmatched,0.0,19.999999999999996,29,사하구|사리로27번길|48,사하구|괴정동|268-6,True
26380,괴정동,563-50,남양빌리지,남양빌리지,,,TRADE_E3EB72882B69,unmatched,0.0,25.0,29,사하구|괴정로|210,사하구|괴정동|563-50,True
26380,하단동,529-13,섬진1,섬진1,,,TRADE_8D87D1BD5E2E,unmatched,0.0,28.57142857142857,12,사하구|승학로3번길|23,사하구|하단동|529-13,True
26380,하단동,511-4,보해이브빌,보해이브빌,,,TRADE_BAFCA032FEC1,unmatched,0.0,0.0,12,사하구|낙동대로|493,사하구|하단동|511-4,True
26380,신평동,99-15,정우빌라,정우빌라,,,TRADE_519046900E76,unmatched,0.0,25.0,15,사하구|다대로|112,사하구|신평동|99-15,True
26380,괴정동,447-13,우림그린,우림그린,,,TRADE_7B42127C8682,unmatched,0.0,44.44444444444444,29,사하구|사하로166번길|57,사하구|괴정동|447-13,True
26380,당리동,17,당리4차혜성,당리4차혜성,당리혜성아파트,A60472010,A60472010,legal_address_main,80.0,80.0,1,사하구|제석로|126,사하구|당리동|17,True
26380,괴정동,545-1,한성,한성,,,TRADE_7609D7334334,unmatched,0.0,33.333333333333336,29,사하구|괴정로|234,사하구|괴정동|545-1,True
26410,구서동,84-2,구서건흥,구서건흥,,,TRADE_8987E2DCE9EB,unmatched,0.0,50.0,25,금정구|금정로237번길|16,금정구|구서동|84-2,True
26410,남산동,85-2,경원골든b동,경원골든B동,,,TRADE_613B861C2DA6,unmatched,0.0,36.36363636363637,8,금정구|범어천로28번길|14,금정구|남산동|85-2,True
26410,남산동,388-1,국제그린파크,국제그린파크,,,TRADE_387D84321E99,unmatched,0.0,16.666666666666664,8,금정구|벅구산로|7,금정구|남산동|388-1,True
26410,남산동,21-7,휴림아르페,휴림아르페(남산동21-7),,,TRADE_613FA6FD9CB8,unmatched,0.0,0.0,8,금정구|팔송로7번길|7,금정구|남산동|21-7,True
26410,남산동,989-8,나경유닉스빌라트,나경유닉스빌라트,,,TRADE_818F228F598B,unmatched,0.0,15.384615384615385,8,금정구|남산로|57,금정구|남산동|989-8,True
26410,청룡동,28-12,세왕자이연,세왕자이연,,,TRADE_E87A15015D01,unmatched,0.0,15.384615384615385,4,금정구|청룡예전로|6,금정구|청룡동|28-12,True
26410,부곡동,396-2,온천리젠시타워,온천리젠시타워아파트,,,TRADE_84C8337F06E7,unmatched,0.0,61.53846153846154,27,금정구|부곡로|28,금정구|부곡동|396-2,True
26410,청룡동,45-7,골든팰리스더파크,골든팰리스-더파크,,,TRADE_121CE139FFB8,unmatched,0.0,12.5,4,금정구|청룡로|38,금정구|청룡동|45-7,True
26410,남산동,980-7,세화빌라,세화빌라,,,TRADE_7B580F815E13,unmatched,0.0,18.181818181818176,8,금정구|금강로681번길|64,금정구|남산동|980-7,True
26410,장전동,204-11,우소재,우소재,,,TRADE_EE5B6C1C0BF4,unmatched,0.0,25.0,17,금정구|금정로161번길|14,금정구|장전동|204-11,True
26410,청룡동,44-13,해뜰채,해뜰채,,,TRADE_F89441EC947E,unmatched,0.0,0.0,4,금정구|청룡로|26,금정구|청룡동|44-13,True
26410,부곡동,397-8,전원파크뷰,전원파크뷰,,,TRADE_1F80683FAEF4,unmatched,0.0,26.66666666666667,27,금정구|부곡로|25-3,금정구|부곡동|397-8,True
26410,구서동,1006-1,구서쌍용스윗닷홈,구서쌍용스윗닷홈,,,TRADE_C1D1F16B56E0,unmatched,0.0,47.05882352941176,25,금정구|두실로|69,금정구|구서동|1006-1,True
26410,남산동,959-2,아신빌라,아신빌라,,,TRADE_C58DD8971AE3,unmatched,0.0,18.181818181818176,8,금정구|금샘로582번길|24,금정구|남산동|959-2,True
26440,녹산동,262-1,유나베네스1차,유나베네스1차,,,TRADE_D880A4C67CCE,unmatched,0.0,0.0,0,강서구|화전산업대로|272-9,강서구|녹산동|262-1,True
26470,연산동,603-25,골든타워,골든타워,,,TRADE_4013F8EA6BBF,unmatched,0.0,40.0,65,연제구|고분로13번길|5-12,연제구|연산동|603-25,True
26470,연산동,1259-12,연산역휴그린,연산역휴그린,,,TRADE_563DCBEE4A65,unmatched,0.0,54.54545454545454,65,연제구|거제천로152번길|34,연제구|연산동|1259-12,True
26470,연산동,382-22,어반스퀘어,어반스퀘어,,,TRADE_44BC6DFB9E6D,unmatched,0.0,18.181818181818176,65,연제구|안연로7번길|43,연제구|연산동|382-22,True
26470,연산동,1873-70,국제,국제,,,TRADE_6878022C6CF7,unmatched,0.0,22.22222222222222,65,연제구|연수로|184,연제구|연산동|1873-70,True
26470,연산동,1135-127,동우,동우,,,TRADE_06A2E7D22520,unmatched,0.0,57.14285714285714,65,연제구|쌍미천로84번길|86,연제구|연산동|1135-127,True
26470,연산동,1495-10,연산지음,연산지음,,,TRADE_7F8434C16427,unmatched,0.0,50.0,65,연제구|신촌로|24-10,연제구|연산동|1495-10,True
26470,연산동,1480-12,엔학미지앙,엔학미지앙,,,TRADE_7CCAEBB0853C,unmatched,0.0,22.22222222222222,65,연제구|거제천로118번길|23,연제구|연산동|1480-12,True
26470,연산동,1480-7,신진테마빌,신진테마빌,,,TRADE_E34DC3C76565,unmatched,0.0,19.999999999999996,65,연제구|거제천로124번길|32,연제구|연산동|1480-7,True
26470,연산동,305-40,창신,창신,,,TRADE_6922E60A5460,unmatched,0.0,0.0,65,연제구|과정로348번길|28,연제구|연산동|305-40,True
26500,민락동,163-3,금토그랑프리빌,금토그랑프리빌,,,TRADE_AFE6070C92C2,unmatched,0.0,14.28571428571429,13,수영구|광남로|222,수영구|민락동|163-3,True
26500,망미동,208-6,복음,복음,,,TRADE_4DF08531FDFB,unmatched,0.0,0.0,12,수영구|구락로|90,수영구|망미동|208-6,True
26500,망미동,212-7,우성골든빌,우성골든빌,,,TRADE_61204228A141,unmatched,0.0,22.22222222222222,12,수영구|수미로|61,수영구|망미동|212-7,True
26500,광안동,177-6,태림,태림,,,TRADE_3C7B3C79D5FE,unmatched,0.0,19.999999999999996,22,수영구|남천바다로21번길|79,수영구|광안동|177-6,True
26500,광안동,93-3,광안화목,광안화목,,,TRADE_8098CF253695,unmatched,0.0,50.0,22,수영구|무학로49번길|62,수영구|광안동|93-3,True
26500,광안동,97-8,센텀빌리지,센텀빌리지,,,TRADE_B638A586D7F4,unmatched,0.0,18.181818181818176,22,수영구|수영로660번길|19,수영구|광안동|97-8,True
26500,남천동,19-10,남천시티빌,남천시티빌,,,TRADE_9993F334273A,unmatched,0.0,53.333333333333336,14,수영구|남천동로10번길|38,수영구|남천동|19-10,True
26500,광안동,1025-6,중경,중경,,,TRADE_EBB2AD9CCE3A,unmatched,0.0,25.0,22,수영구|망미번영로38번길|17,수영구|광안동|1025-6,True
26500,광안동,158-9,일호센텀누리,일호센텀누리,,,TRADE_AE24A8CA48AA,unmatched,0.0,16.666666666666664,22,수영구|광남로|161,수영구|광안동|158-9,True
26500,광안동,736-1,남강스위트홈,남강스위트홈,,,TRADE_61EA0E2B3911,unmatched,0.0,46.15384615384615,22,수영구|장대골로19번길|4,수영구|광안동|736-1,True
26500,민락동,783,e편한세상오션테라스3단지,e편한세상오션테라스3단지,e편한세상 오션테라스,A10025075,A10025075,dong_fuzzy,86.95652173913044,86.95652173913044,13,수영구|광안해변로326번길|32,수영구|민락동|783,True
26500,광안동,191-13,동산오차드힐,동산오차드힐,,,TRADE_F8E6B8A09758,unmatched,0.0,18.181818181818176,22,수영구|광남로|144,수영구|광안동|191-13,True
26500,망미동,795-11,백광월드타워,백광월드타워,,,TRADE_2C0C8C5FB67F,unmatched,0.0,0.0,12,수영구|연수로336번길|48,수영구|망미동|795-11,True
26500,민락동,34-11,민락동화맨션나동,민락동화맨션나동,,,TRADE_79A811418268,unmatched,0.0,13.33333333333333,13,수영구|민락본동로11번길|54,수영구|민락동|34-11,True
26500,광안동,1046-14,광안동하나그린힐,광안동하나그린힐,,,TRADE_3D1B0D7D470E,unmatched,0.0,58.82352941176471,22,수영구|광서로|78,수영구|광안동|1046-14,True
26500,광안동,181-7,금보맨션,금보맨션,,,TRADE_9DE88A60D605,unmatched,0.0,15.384615384615385,22,수영구|남천바다로9번길|42-8,수영구|광안동|181-7,True
26500,광안동,776-11,광안명진웰리치,광안명진웰리치,,,TRADE_6FCB69C9DD9E,unmatched,0.0,46.15384615384615,22,수영구|수영로521번가길|14,수영구|광안동|776-11,True
26500,광안동,733-1,이린타워빌7,이린타워빌7,,,TRADE_092D99F0F160,unmatched,0.0,28.57142857142857,22,수영구|장대골로39번길|3,수영구|광안동|733-1,True
26500,광안동,738-4,정원타워,정원타워Ⅰ,,,TRADE_513DD95EF750,unmatched,0.0,33.333333333333336,22,수영구|장대골로|20-8,수영구|광안동|738-4,True
26500,광안동,192-4,반달,반달,,,TRADE_2378949F7791,unmatched,0.0,0.0,22,수영구|광안로62번길|17,수영구|광안동|192-4,True
26500,광안동,168-3,여명비치,여명비치,,,TRADE_AEC70B5975FA,unmatched,0.0,50.0,22,수영구|수영로|538,수영구|광안동|168-3,True
26500,수영동,50-3,신익탑스빌,신익탑스빌,,,TRADE_ACAFE8E76016,unmatched,0.0,13.33333333333333,3,수영구|연수로415번길|55,수영구|수영동|50-3,True
26530,괘법동,547-19,레스틴뷰,레스틴뷰(restynv),,,TRADE_AF3C8AB84591,unmatched,0.0,25.0,11,사상구|광장로86번길|14,사상구|괘법동|547-19,True
26530,주례동,54-3,주례일산맨션,주례일산맨션,주례맨션,A10021467,A10021467,dong_fuzzy,80.0,80.0,23,사상구|가야대로388번길|5,사상구|주례동|54-3,True
26530,괘법동,547-20,대성캐슬2,대성캐슬2,,,TRADE_F31CF1D9E1EA,unmatched,0.0,18.181818181818176,11,사상구|광장로86번길|18,사상구|괘법동|547-20,True
26530,주례동,1162-35,진영프라임제이,진영프라임제이,,,TRADE_FCF19637D809,unmatched,0.0,13.33333333333333,23,사상구|가야대로282번길|58,사상구|주례동|1162-35,True
26710,일광읍이천리,369-4,삼보맨션,삼보맨션,,,TRADE_7464F493EDA3,unmatched,0.0,0.0,0,기장군|이천4길|16,기장군|일광읍이천리|369-4,True
26710,일광읍이천리,767,부전비치,부전비치,,,TRADE_5015EC14BAB2,unmatched,0.0,0.0,0,기장군|이화로|17,기장군|일광읍이천리|767,True
26710,기장읍청강리,291-7,대동레미안센트럴시티,대동레미안센트럴시티,,,TRADE_3199A83FC3C3,unmatched,0.0,0.0,0,기장군|기장대로|465-4,기장군|기장읍청강리|291-7,True
26710,기장읍교리,361-1,전원그린맨션b동,전원그린맨션B동,,,TRADE_4B93E36F5D57,unmatched,0.0,0.0,0,기장군|차성동로154번길|28,기장군|기장읍교리|361-1,True
26710,기장읍청강리,226-1,삼보무궁화,삼보무궁화,,,TRADE_6FB962A3A95E,unmatched,0.0,0.0,0,기장군|기장대로|460-14,기장군|기장읍청강리|226-1,True
26710,일광읍삼성리,107-1,남평파크뷰,남평파크뷰,,,TRADE_B7210B7570CE,unmatched,0.0,0.0,0,기장군|기장해안로|1333-31,기장군|일광읍삼성리|107-1,True
26710,기장읍동부리,158-5,더포인트,더포인트,,,TRADE_036B1FDD2699,unmatched,0.0,0.0,0,기장군|차성로326번길|23,기장군|기장읍동부리|158-5,True
26710,기장읍동부리,159-1,동보빌라,동보빌라,,,TRADE_1383463CC29E,unmatched,0.0,0.0,0,기장군|차성로326번길|14,기장군|기장읍동부리|159-1,True
26110,신창동1가,4,용두산맨션,용두산맨션,,,TRADE_B5C0FE27273C,unmatched,0.0,0.0,0,중구|광복중앙로|27,중구|신창동1가|4,True
26140,서대신동1가,156-1,오션포레스타,오션포레스타,,,TRADE_16D05C9C2C7E,unmatched,0.0,16.666666666666664,1,서구|대영로|34-6,서구|서대신동1가|156-1,True
26140,토성동1가,5-1,수근에이스타운,수근에이스타운,,,TRADE_675099EBD204,unmatched,0.0,12.5,2,서구|보수대로|41-12,서구|토성동1가|5-1,True
26140,서대신동3가,544-2,송천,송천,,,TRADE_9DD46019E617,unmatched,0.0,0.0,8,서구|대신로|74,서구|서대신동3가|544-2,True
26140,서대신동1가,33-3,리치w도시형생활주택,리치W도시형생활주택,,,TRADE_78832EF81FD4,unmatched,0.0,0.0,1,서구|부용로|39-5,서구|서대신동1가|33-3,True
26140,충무동2가,36-3,대륙타워a,대륙타워A,,,TRADE_6AC8AB0105E4,unmatched,0.0,0.0,0,서구|천마로205번길|37-5,서구|충무동2가|36-3,True
26140,충무동1가,26-4,충무에코팰리스2차,충무에코팰리스2차,,,TRADE_329820340303,unmatched,0.0,0.0,0,서구|충무대로|277,서구|충무동1가|26-4,True
26140,아미동2가,126-5,성원맨션,성원맨션,,,TRADE_DD25344A1A1D,unmatched,0.0,0.0,1,서구|해돋이로269번길|12,서구|아미동2가|126-5,True
26140,암남동,354-1,기산비치타운,기산비치타운,,,TRADE_C9F5D23B6A03,unmatched,0.0,66.66666666666667,14,서구|충무대로|8,서구|암남동|354-1,True
26140,서대신동2가,278-2,서대신엔스타,서대신엔스타(278-2),,,TRADE_3C5453073E2E,unmatched,0.0,28.57142857142857,3,서구|대영로6번길|6,서구|서대신동2가|278-2,True
26140,동대신동2가,139,신익빌라,신익빌라,,,TRADE_677F081CB9B1,unmatched,0.0,33.333333333333336,1,서구|대영로112번길|40,서구|동대신동2가|139,True
26140,암남동,334-10,송도혜성주상복합빌딩,송도혜성주상복합빌딩,,,TRADE_8382453A37E8,unmatched,0.0,40.0,14,서구|충무대로|24,서구|암남동|334-10,True
26170,수정동,101-6,센텀동원,센텀동원아파트,,,TRADE_0A8E452C2E08,unmatched,0.0,14.28571428571429,3,동구|고관로|86,동구|수정동|101-6,True
26200,영선동3가,18-2,영도궁전빌라,영도궁전빌라,,,TRADE_17FF11D71854,unmatched,0.0,0.0,0,영도구|절영로93번길|8-3,영도구|영선동3가|18-2,True
26200,대교동2가,135-7,로얄팰리스,로얄팰리스,,,TRADE_D8CECE0D675A,unmatched,0.0,0.0,0,영도구|태종로|86,영도구|대교동2가|135-7,True
26200,봉래동3가,62-1,봉래,봉래,,,TRADE_EEDB6AE2799C,unmatched,0.0,0.0,0,영도구|영봉길|182,영도구|봉래동3가|62-1,True
26200,동삼동,207-6,형제오션뷰,형제오션뷰,,,TRADE_246454B70F39,unmatched,0.0,30.76923076923077,23,영도구|태종로|496,영도구|동삼동|207-6,True
26200,대교동1가,1,원광브릿지타워,원광브릿지타워,,,TRADE_55EAF9304E1B,unmatched,0.0,0.0,1,영도구|태종로|40,영도구|대교동1가|1,True
26200,동삼동,363-38,삼창파크맨션1동,삼창파크맨션1동,,,TRADE_5EC0DDA501EE,unmatched,0.0,62.5,23,영도구|절영로|555,영도구|동삼동|363-38,True
26230,초읍동,288-7,블루스카이빌,블루스카이빌(3차),,,TRADE_A4E028A253B5,unmatched,0.0,13.33333333333333,10,부산진구|새싹로266번길|7,부산진구|초읍동|288-7,True
26230,전포동,327-84,대산,대산,,,TRADE_AFC132C74C16,unmatched,0.0,19.999999999999996,23,부산진구|진남로356번길|30,부산진구|전포동|327-84,True
26230,당감동,976,건오힐타워,건오힐타워,,,TRADE_4858FCC03A89,unmatched,0.0,36.36363636363637,17,부산진구|가야대로|711,부산진구|당감동|976,True
26230,전포동,554-2,대우리치빌,대우리치빌,,,TRADE_3C48EA82018F,unmatched,0.0,46.15384615384615,23,부산진구|전포대로306번길|10,부산진구|전포동|554-2,True
26230,연지동,172,일동대영,일동대영,,,TRADE_E76CB80D9FC5,unmatched,0.0,33.333333333333336,14,부산진구|동평로229번길|5,부산진구|연지동|172,True
26230,전포동,346-5,목연정m팰리스,목연정M팰리스,,,TRADE_DFEAAB2C3CF9,unmatched,0.0,15.384615384615385,23,부산진구|전포대로|186,부산진구|전포동|346-5,True
26230,개금동,171-66,대양에이스,대양에이스,,,TRADE_1488A5F9A125,unmatched,0.0,22.22222222222222,23,부산진구|냉정로|209,부산진구|개금동|171-66,True
26230,부전동,424-5,서면동화더파크,서면동화더파크,,,TRADE_41E4F45F02BC,unmatched,0.0,37.5,7,부산진구|가야대로747번길|11,부산진구|부전동|424-5,True
26230,전포동,207-7,서면팰리스,서면팰리스,,,TRADE_FF7BFC029F3F,unmatched,0.0,44.44444444444444,23,부산진구|서전로58번길|22,부산진구|전포동|207-7,True
26230,부전동,560-16,유원타워,유원타워,,,TRADE_818B682FAC53,unmatched,0.0,30.76923076923077,7,부산진구|신천대로165번길|13,부산진구|부전동|560-16,True
26230,부전동,42-1,코이노빌,코이노빌,,,TRADE_0B5449293D5B,unmatched,0.0,15.384615384615385,7,부산진구|부전로|191,부산진구|부전동|42-1,True
26230,부암동,98-8,문화,문화,,,TRADE_86879A43436D,unmatched,0.0,33.333333333333336,27,부산진구|시민공원로|38,부산진구|부암동|98-8,True
26230,전포동,591-1,한울트라움,한울트라움,,,TRADE_38CBD8B30721,unmatched,0.0,40.0,23,부산진구|전포대로275번길|13,부산진구|전포동|591-1,True
26230,연지동,38-12,남경,남경,,,TRADE_CE226C998B51,unmatched,0.0,50.0,14,부산진구|성지로14번길|44,부산진구|연지동|38-12,True
26230,당감동,651,파인트리,파인트리,,,TRADE_3AD7A7ACEA4C,unmatched,0.0,22.22222222222222,17,부산진구|백양순환로|37,부산진구|당감동|651,True
26230,초읍동,402-10,창신그린힐,창신그린힐,,,TRADE_2246E41AFF77,unmatched,0.0,46.15384615384615,10,부산진구|성지로114번길|59,부산진구|초읍동|402-10,True
26260,낙민동,294-22,아델리아,아델리아,,,TRADE_703A98C94B00,unmatched,0.0,16.666666666666664,13,동래구|충렬대로238번가길|49-1,동래구|낙민동|294-22,True
26260,수안동,38-9,승웅아트빌b동,승웅아트빌B동,,,TRADE_E05F6D5F29E7,unmatched,0.0,16.666666666666664,11,동래구|온천천로319번나길|21,동래구|수안동|38-9,True
26260,온천동,193-1,씨티포레,씨티포레,,,TRADE_7F7D8B020972,unmatched,0.0,33.333333333333336,42,동래구|금강로106번길|14-1,동래구|온천동|193-1,True
26260,온천동,192-6,은우아일레,은우아일레,,,TRADE_2519B858165C,unmatched,0.0,23.529411764705888,42,동래구|금강로|100,동래구|온천동|192-6,True
26260,안락동,603-13,안락지음,안락지음,,,TRADE_4C412682A997,unmatched,0.0,50.0,15,동래구|충렬대로428번길|40,동래구|안락동|603-13,True
26260,명장동,산62-8,개나리,개나리,,,TRADE_16A268E1C60C,unmatched,0.0,19.999999999999996,13,동래구|옥봉로14번길|11,동래구|명장동|산62-8,True
26260,안락동,466-19,덕경네오빌,덕경네오빌,,,TRADE_DAD7F2747FB5,unmatched,0.0,18.181818181818176,15,동래구|안락로125번길|31,동래구|안락동|466-19,True
26260,온천동,186-60,초원스마트빌,초원스마트빌,,,TRADE_ADDFD36757C1,unmatched,0.0,28.57142857142857,42,동래구|차밭골로20번길|11,동래구|온천동|186-60,True
26260,수안동,4-5,경보이리스힐,경보이리스힐,,,TRADE_77913943999E,unmatched,0.0,23.529411764705888,11,동래구|명륜로|69,동래구|수안동|4-5,True
26260,온천동,1186,동서산장,동서산장,,,TRADE_8B3747EB4D17,unmatched,0.0,25.0,42,동래구|쇠미로|209-3,동래구|온천동|1186,True
26260,명륜동,533-24,금림필2차,금림필2차,,,TRADE_09AB4B6642B2,unmatched,0.0,30.76923076923077,12,동래구|온천천로|181,동래구|명륜동|533-24,True
26260,낙민동,297-3,대신리치플러스,대신리치플러스,,,TRADE_6891CE77A612,unmatched,0.0,18.181818181818176,13,동래구|충렬대로256번가길|22,동래구|낙민동|297-3,True
26260,수안동,35-3,삼경맨션,삼경맨션,,,TRADE_FBC36BF0DD6D,unmatched,0.0,13.33333333333333,11,동래구|수안로|39,동래구|수안동|35-3,True
26260,사직동,98-6,삼정지성빌라,삼정지성빌라,,,TRADE_A9F1350AF8F3,unmatched,0.0,30.76923076923077,19,동래구|아시아드대로133번길|20,동래구|사직동|98-6,True
26260,안락동,470-2,도시안락,도시안락,,,TRADE_130CB72EE5E1,unmatched,0.0,50.0,15,동래구|명안로26번길|122,동래구|안락동|470-2,True
26260,사직동,149-55,고은타워,고은타워,,,TRADE_6507F6E99530,unmatched,0.0,0.0,19,동래구|중앙대로1277번길|97,동래구|사직동|149-55,True
26260,온천동,1428-5,청송,청송,,,TRADE_221F54E165CB,unmatched,0.0,0.0,42,동래구|중앙대로1333번길|110,동래구|온천동|1428-5,True
26260,온천동,1074-10,세종빌비동,세종빌비동,,,TRADE_6878DBF6975C,unmatched,0.0,25.0,42,동래구|우장춘로|71,동래구|온천동|1074-10,True
26290,용호동,497-2,동산그린맨션,동산그린맨션,,,TRADE_AB25077B19F0,unmatched,0.0,66.66666666666667,22,남구|용호로159번길|18,남구|용호동|497-2,True
26290,대연동,1482-2,대동레미안,대동레미안,,,TRADE_840532670F5C,unmatched,0.0,44.44444444444444,33,남구|못골번영로66번길|18,남구|대연동|1482-2,True
26290,대연동,884-10,태백1,태백-1,,,TRADE_7F3CF6EF514E,unmatched,0.0,22.22222222222222,33,남구|유엔평화로41번길|17,남구|대연동|884-10,True
26290,대연동,1738-14,뉴골든,뉴골든(1738-14),,,TRADE_5F0258751CC8,unmatched,0.0,0.0,33,남구|유엔평화로13번길|7,남구|대연동|1738-14,True
26290,감만동,44-2,하얏트,하얏트,,,TRADE_6FE0B65C8E9D,unmatched,0.0,19.999999999999996,9,남구|전선등로|31,남구|감만동|44-2,True
26290,대연동,1731-1,항도맨션,항도맨션,,,TRADE_21E8AE394CC5,unmatched,0.0,0.0,33,남구|유엔평화로9번길|42,남구|대연동|1731-1,True
26290,대연동,1800-12,디어하임a,디어하임A,,,TRADE_DAF12D14BC89,unmatched,0.0,36.36363636363637,33,남구|진남로96번가길|24,남구|대연동|1800-12,True
26290,대연동,876-13,명진프라임빌,명진프라임빌,,,TRADE_B60632468ADA,unmatched,0.0,16.666666666666664,33,남구|용소로64번길|134,남구|대연동|876-13,True
26290,문현동,408-18,문현동월가,문현동월가아파트,,,TRADE_68D6E7026711,unmatched,0.0,60.0,23,남구|수영로13번길|6-20,남구|문현동|408-18,True
26290,우암동,3-4,동림리라,동림리라,,,TRADE_5D8F881CEA96,unmatched,0.0,19.999999999999996,10,남구|유엔로75번길|5,남구|우암동|3-4,True
26290,대연동,1725-4,광이하이빌b동,광이하이빌B동,,,TRADE_67AD7F132E7B,unmatched,0.0,18.181818181818176,33,남구|유엔로157번나길|35,남구|대연동|1725-4,True
26320,덕천동,384-9,낙원타워,낙원타워,,,TRADE_A8A89A51FE67,unmatched,0.0,0.0,16,북구|덕천1길|85,북구|덕천동|384-9,True
26320,구포동,1246-5,동부제강사원,동부제강사원,,,TRADE_6E80DC675ADA,unmatched,0.0,26.66666666666667,22,북구|시랑로|184,북구|구포동|1246-5,True
26350,중동,1494-5,스카이파크1차,스카이파크1차,,,TRADE_6698FD4092CE,unmatched,0.0,23.529411764705888,29,해운대구|달맞이길117번라길|22,해운대구|중동|1494-5,True
26350,중동,1405-10,대림맨션,대림맨션,,,TRADE_7DD9E221B938,unmatched,0.0,28.57142857142857,29,해운대구|해운대해변로|302,해운대구|중동|1405-10,True
26350,중동,1487-4,신동양코스모,신동양코스모,,,TRADE_DFD1C42296D1,unmatched,0.0,23.529411764705888,29,해운대구|달맞이길117번나길|64,해운대구|중동|1487-4,True
26350,송정동,183-17,태림그린빌,태림그린빌,,,TRADE_D0D9602EF7FD,unmatched,0.0,14.28571428571429,5,해운대구|송정강변로|51,해운대구|송정동|183-17,True
26350,재송동,1057-14,참빛마을2,참빛마을2,,,TRADE_E830541EEBF8,unmatched,0.0,15.384615384615385,31,해운대구|재반로103번가길|23,해운대구|재송동|1057-14,True
26350,재송동,1059-1,센텀에코하임,센텀에코하임,,,TRADE_72ACF9DBBFB6,unmatched,0.0,54.54545454545454,31,해운대구|재반로|119-15,해운대구|재송동|1059-1,True
26350,반송동,638-5,동삼초원,동삼초원,,,TRADE_0BE13941D02E,unmatched,0.0,25.0,13,해운대구|운봉길|89,해운대구|반송동|638-5,True
26350,우동,506-1,신춘하나빌,신춘하나빌,,,TRADE_981DADC60BEC,unmatched,0.0,22.22222222222222,49,해운대구|우동1로20번길|3,해운대구|우동|506-1,True
26350,재송동,1162-1,혜성골든타운,혜성골든타운,,,TRADE_BB82C4E84963,unmatched,0.0,40.0,31,해운대구|재송2로|80,해운대구|재송동|1162-1,True
26380,괴정동,171-2,부영나동,부영아파트나동,,,TRADE_FA0E876D5DAA,unmatched,0.0,28.57142857142857,29,사하구|낙동대로|96,사하구|괴정동|171-2,True
26380,괴정동,484-4,괴정동그린시티,괴정동그린시티,,,TRADE_6664E8F35DFF,unmatched,0.0,50.0,29,사하구|사하로|169,사하구|괴정동|484-4,True
26380,괴정동,1076-8,은하,은하,,,TRADE_68780D421703,unmatched,0.0,28.57142857142857,29,사하구|승학로161번길|30,사하구|괴정동|1076-8,True
26380,괴정동,563-2,승경하이츠,승경하이츠,,,TRADE_0BBA42CA4C4C,unmatched,0.0,60.0,29,사하구|괴정로|212,사하구|괴정동|563-2,True
26380,당리동,327-17,아리랑빌,아리랑빌,,,TRADE_31F081F140E9,unmatched,0.0,25.0,16,사하구|동매로|147,사하구|당리동|327-17,True
26380,괴정동,1120-1,가람리버빌,가람리버빌,,,TRADE_8C382760734C,unmatched,0.0,30.76923076923077,29,사하구|낙동대로|330,사하구|괴정동|1120-1,True
26380,괴정동,240-80,협진신태양,협진신태양(240-80),,,TRADE_1A50D119C87A,unmatched,0.0,50.0,29,사하구|사리로55번길|11,사하구|괴정동|240-80,True
26380,괴정동,552-10,더월드,더월드,,,TRADE_88F351FD1915,unmatched,0.0,22.22222222222222,29,사하구|괴정로|213,사하구|괴정동|552-10,True
26380,괴정동,922-3,한우5동,한우5동,,,TRADE_D79ADE0626DC,unmatched,0.0,28.57142857142857,29,사하구|낙동대로234번길|19,사하구|괴정동|922-3,True
26380,장림동,60-34,장림신도,장림신도,,,TRADE_D5B467050982,unmatched,0.0,66.66666666666667,26,사하구|두송로|57,사하구|장림동|60-34,True
26380,하단동,608-31,동방,동방,,,TRADE_291AB6D75ECA,unmatched,0.0,0.0,12,사하구|동매로|59,사하구|하단동|608-31,True
26380,하단동,595-40,하단센토빌,하단센토빌,,,TRADE_584BCD209D06,unmatched,0.0,44.44444444444444,12,사하구|하신중앙로335번길|65,사하구|하단동|595-40,True
26380,하단동,589-34,충우드림라이프,충우드림라이프,,,TRADE_E4B027E2ADB7,unmatched,0.0,0.0,12,사하구|하신중앙로|337,사하구|하단동|589-34,True
26380,괴정동,530-19,영신목화,영신목화,,,TRADE_A60CE506B059,unmatched,0.0,36.36363636363637,29,사하구|사하로141번길|50,사하구|괴정동|530-19,True
26380,구평동,293-7,구평,구평(293-7),,,TRADE_0EEE061AA15E,unmatched,0.0,66.66666666666667,6,사하구|감천항로190번안길|9,사하구|구평동|293-7,True
26380,하단동,888-11,티파니빌라트,티파니빌라트,,,TRADE_CD658B1C21CD,unmatched,0.0,11.764705882352944,12,사하구|하신번영로|294,사하구|하단동|888-11,True
26380,하단동,529-14,한울엠비시어스,한울엠비시어스,,,TRADE_86D9B1ABF534,unmatched,0.0,18.181818181818176,12,사하구|승학로3번길|25,사하구|하단동|529-14,True
26410,서동,203-2,lks노빌리티,LKS노빌리티,,,TRADE_253C688F97AC,unmatched,0.0,15.384615384615385,4,금정구|서곡로|3,금정구|서동|203-2,True
26410,청룡동,45-8,태림아르페,태림아르페,,,TRADE_D75C48617108,unmatched,0.0,15.384615384615385,4,금정구|청룡로|34,금정구|청룡동|45-8,True
26410,서동,119-1,신동아,신동아,,,TRADE_456752E83FF5,unmatched,0.0,28.57142857142857,4,금정구|개좌로27번길|27,금정구|서동|119-1,True
26410,청룡동,33-4,동산오챠드힐,동산오챠드힐,,,TRADE_CB4BD0840A17,unmatched,0.0,19.999999999999996,4,금정구|청룡예전로|17,금정구|청룡동|33-4,True
26410,구서동,184-9,꿈꾸는가,꿈꾸는가,,,TRADE_4BE8A9ECD5BD,unmatched,0.0,15.384615384615385,25,금정구|두실로7번길|111,금정구|구서동|184-9,True
26410,남산동,84-4,해성비발디,해성비발디,,,TRADE_1C8FDCC32E58,unmatched,0.0,22.22222222222222,8,금정구|범어천로38번길|14,금정구|남산동|84-4,True
26410,부곡동,225-7,삼백크라시앙,삼백크라시앙,,,TRADE_8B213CCA2662,unmatched,0.0,19.999999999999996,27,금정구|중앙대로1719번길|13,금정구|부곡동|225-7,True
26410,구서동,177-9,석탑그레이스빌,석탑그레이스빌,,,TRADE_0D2DF199FD5E,unmatched,0.0,15.384615384615385,25,금정구|중앙대로|1938,금정구|구서동|177-9,True
26410,부곡동,387-3,태안에버빌,태안에버빌,,,TRADE_C62E89EDE4D8,unmatched,0.0,15.384615384615385,27,금정구|오시게로54번길|27,금정구|부곡동|387-3,True
26410,남산동,116-24,세진,세진,,,TRADE_432C66B7A507,unmatched,0.0,14.28571428571429,8,금정구|학산로21번길|11,금정구|남산동|116-24,True
26410,부곡동,895-17,sg이너스,SG이너스Ⅱ,,,TRADE_6692C7409E60,unmatched,0.0,22.22222222222222,27,금정구|시실로|9-1,금정구|부곡동|895-17,True
26410,청룡동,128,금정산롯데인벤스84,금정산롯데인벤스84,,,TRADE_626B7748CC33,unmatched,0.0,33.333333333333336,4,금정구|놀이마당로|26,금정구|청룡동|128,True
26410,남산동,48-1,지성캐슬,지성캐슬,,,TRADE_85C7F0C751B1,unmatched,0.0,25.0,8,금정구|중앙대로|2089-11,금정구|남산동|48-1,True
26410,남산동,975-33,삼성사원,삼성사원,,,TRADE_71A87DFC80F1,unmatched,0.0,50.0,8,금정구|팔송로39번길|46,금정구|남산동|975-33,True
26410,남산동,45-2,우석쉐르빌,우석쉐르빌,,,TRADE_2E12C1ABCD17,unmatched,0.0,16.666666666666664,8,금정구|범어천로46번길|12,금정구|남산동|45-2,True
26410,구서동,175-2,구서동피닉스빌,구서동피닉스빌,,,TRADE_A557E784933F,unmatched,0.0,54.54545454545454,25,금정구|중앙대로1945번길|11,금정구|구서동|175-2,True
26410,구서동,201-7,진흥목화,진흥목화,,,TRADE_FAF65060E522,unmatched,0.0,0.0,25,금정구|중앙대로1901번길|19,금정구|구서동|201-7,True
26410,장전동,541-6,금정맨션,금정맨션,,,TRADE_9D8E34C5027D,unmatched,0.0,50.0,17,금정구|식물원로44번길|7,금정구|장전동|541-6,True
26410,부곡동,292-5,수정골든빌,수정골든빌,,,TRADE_1BFB5772D24C,unmatched,0.0,25.0,27,금정구|동부곡로5번길|14,금정구|부곡동|292-5,True
26410,장전동,511-4,금강캐슬,금강캐슬(511-4),,,TRADE_297ADB0AE1CC,unmatched,0.0,25.0,17,금정구|식물원로|85,금정구|장전동|511-4,True
26470,연산동,578-15,로얄,로얄,,,TRADE_D2B572C94FF3,unmatched,0.0,18.181818181818176,65,연제구|중앙대로|1158,연제구|연산동|578-15,True
26470,연산동,325-7,연산맨션,연산맨션(325-7),,,TRADE_616E9E0C9F66,unmatched,0.0,66.66666666666667,65,연제구|쌍미천로162번길|20,연제구|연산동|325-7,True
26470,연산동,579-9,산호,산호,,,TRADE_C894DFFD7E2C,unmatched,0.0,33.333333333333336,65,연제구|중앙대로1150번길|49,연제구|연산동|579-9,True
26470,거제동,1472,거제동3차동원로얄듀크,거제동3차동원로얄듀크,,,TRADE_D8CC1AAC27BA,unmatched,0.0,63.63636363636363,41,연제구|법원북로41번길|5,연제구|거제동|1472,True
26470,연산동,1230-22,연산스카이힐,연산스카이힐,,,TRADE_97C597A5D04C,unmatched,0.0,60.0,65,연제구|대리로5번길|41,연제구|연산동|1230-22,True
26500,광안동,149-9,섬강스위트빌,섬강스위트빌,,,TRADE_AF2CCDA509C4,unmatched,0.0,46.15384615384615,22,수영구|수영로582번길|60,수영구|광안동|149-9,True
26500,광안동,99-28,다인빌,다인빌(99-28),,,TRADE_35503A913F24,unmatched,0.0,25.0,22,수영구|수영로642번길|7,수영구|광안동|99-28,True
26500,광안동,751-30,강산해오름,강산해오름,,,TRADE_245DB52286E4,unmatched,0.0,14.28571428571429,22,수영구|장대골로7번길|42,수영구|광안동|751-30,True
26500,광안동,116-5,동트레,동트레,,,TRADE_CD00CFA4C3D9,unmatched,0.0,40.0,22,수영구|무학로9번길|15,수영구|광안동|116-5,True
26500,남천동,46-5,화남밴빌라,화남밴빌라,,,TRADE_FE76CDDCCE50,unmatched,0.0,36.36363636363637,14,수영구|황령산로8번길|29,수영구|남천동|46-5,True
26500,망미동,202-5,경동리브,경동리브,,,TRADE_ADC01342D7ED,unmatched,0.0,28.57142857142857,12,수영구|좌수영로|155-11,수영구|망미동|202-5,True
26500,광안동,776-21,동원맨션,동원맨션(776-21),,,TRADE_10C44348A576,unmatched,0.0,33.333333333333336,22,수영구|수영로521번길|10,수영구|광안동|776-21,True
26500,광안동,1077-16,pops아트빌38,POPS아트빌38,,,TRADE_5E23AD777219,unmatched,0.0,18.181818181818176,22,수영구|광서로10번길|38,수영구|광안동|1077-16,True
26500,망미동,970,그린빌,그린빌,,,TRADE_B28CC8DCBAA3,unmatched,0.0,22.22222222222222,12,수영구|연수로252번길|28,수영구|망미동|970,True
26500,민락동,782,e편한세상오션테라스4단지,e편한세상오션테라스4단지,e편한세상 오션테라스,A10025075,A10025075,dong_fuzzy,86.95652173913044,86.95652173913044,13,수영구|광안해변로326번길|31,수영구|민락동|782,True
26500,광안동,142-12,세종엠스테이3차,세종엠스테이3차,,,TRADE_4AF76F997538,unmatched,0.0,33.333333333333336,22,수영구|광안로7번길|17,수영구|광안동|142-12,True
26500,민락동,542,극동,극동아파트,,,TRADE_C8AC209252A7,unmatched,0.0,22.22222222222222,13,수영구|무학로69번길|80,수영구|민락동|542,True
26500,광안동,98-8,광안시티빌,광안시티빌,,,TRADE_5208E52F57EB,unmatched,0.0,46.15384615384615,22,수영구|무학로9번길|55,수영구|광안동|98-8,True
26500,민락동,36-3,이진빌라,이진빌라,,,TRADE_EF65EFD08190,unmatched,0.0,25.0,13,수영구|민락로6번길|49,수영구|민락동|36-3,True
26500,광안동,736-15,정원골드,정원골드,,,TRADE_2D989699EA21,unmatched,0.0,33.333333333333336,22,수영구|수영로587번길|46,수영구|광안동|736-15,True
26500,광안동,167-57,세진비치빌라,세진비치빌라,,,TRADE_9D1A53D0CA95,unmatched,0.0,40.0,22,수영구|수영로540번길|21,수영구|광안동|167-57,True
26500,민락동,159-2,진흥목화,진흥목화,,,TRADE_377BF55FD0E5,unmatched,0.0,25.0,13,수영구|감포로8번길|39,수영구|민락동|159-2,True
26500,광안동,565-12,희망파크빌,희망파크빌,,,TRADE_DC822EFAC927,unmatched,0.0,19.999999999999996,22,수영구|수영로595번길|22-4,수영구|광안동|565-12,True
26500,민락동,129-3,카라디움,카라디움,,,TRADE_A6F56E6ADC6C,unmatched,0.0,18.181818181818176,13,수영구|감포로|100,수영구|민락동|129-3,True
26530,주례동,57-17,팍스타운,팍스타운,,,TRADE_411242F652DF,unmatched,0.0,33.333333333333336,23,사상구|가야대로378번길|1,사상구|주례동|57-17,True
26710,기장읍동부리,158-3,서린에코빌,서린에코빌아파트,,,TRADE_8986B5152758,unmatched,0.0,0.0,0,기장군|차성로326번길|19,기장군|기장읍동부리|158-3,True
26710,기장읍청강리,114-1,비룡벨로스텔라,비룡벨로스텔라,,,TRADE_F90EEC1D931E,unmatched,0.0,0.0,0,기장군|기장대로|482-5,기장군|기장읍청강리|114-1,True
26110,보수동3가,27-6,보수에코팰리스,보수에코팰리스,,,TRADE_F6E2CEAC06F0,unmatched,0.0,0.0,0,중구|흑교로71번길|24,중구|보수동3가|27-6,True
26110,부평동4가,45,향원부평타워,향원부평타워,,,TRADE_94378180F4D1,unmatched,0.0,0.0,0,중구|대청로|22,중구|부평동4가|45,True
26110,부평동4가,2-2,대근하버빌타운,대근하버빌타운,,,TRADE_E2FA8C561F7B,unmatched,0.0,0.0,0,중구|대청로|32,중구|부평동4가|2-2,True
26110,대청동4가,75-120,유한빌라,유한빌라,,,TRADE_6B69B10919DD,unmatched,0.0,0.0,1,중구|대청북길|9,중구|대청동4가|75-120,True
26110,대청동4가,78-76,동림,동림,,,TRADE_3C57B3A7CEFF,unmatched,0.0,0.0,1,중구|대청북길16번길|8,중구|대청동4가|78-76,True
26140,서대신동1가,87-1,하은빌라,하은빌라,,,TRADE_0F73C6300FD1,unmatched,0.0,0.0,1,서구|부용로|14-13,서구|서대신동1가|87-1,True
26140,동대신동2가,8-1,영산,영산,,,TRADE_AAD0DC963EA5,unmatched,0.0,0.0,1,서구|망양로|155,서구|동대신동2가|8-1,True
26140,충무동2가,34,충무제1,충무제1,,,TRADE_B02EABCE70DA,unmatched,0.0,0.0,0,서구|천마로205번길|39,서구|충무동2가|34,True
26140,충무동2가,37-1,구성빌라,구성빌라,,,TRADE_E67776AE1EA0,unmatched,0.0,0.0,0,서구|천마로205번길|31,서구|충무동2가|37-1,True
26140,토성동5가,48-3,서원블루오션c동,서원블루오션C동,,,TRADE_5569710636CF,unmatched,0.0,0.0,0,서구|초장로|51-10,서구|토성동5가|48-3,True
26140,부민동1가,26-1,천우그린빌라,천우그린빌라,,,TRADE_ED1767D8BA65,unmatched,0.0,0.0,0,서구|대청로6번길|8,서구|부민동1가|26-1,True
26140,남부민동,51-19,우림빌라,우림빌라,,,TRADE_071D6F8B9D94,unmatched,0.0,25.0,6,서구|천마로|173,서구|남부민동|51-19,True
26140,서대신동3가,384-5,대신썬빌리지a,대신썬빌리지A,,,TRADE_0C1E0BEA9616,unmatched,0.0,36.36363636363637,8,서구|구덕로333번길|11,서구|서대신동3가|384-5,True
26140,아미동2가,261-128,아미전원빌라,아미전원빌라,,,TRADE_A84855757BDA,unmatched,0.0,21.052631578947366,1,서구|까치고개로|91,서구|아미동2가|261-128,True
26140,서대신동1가,53-11,대신타워펠리스,대신타워펠리스,,,TRADE_D9390B93D25E,unmatched,0.0,30.76923076923077,1,서구|구덕로279번길|22-5,서구|서대신동1가|53-11,True
26170,수정동,116-4,베스안오션뷰,베스안오션뷰,,,TRADE_3A42E523F0DF,unmatched,0.0,33.333333333333336,3,동구|고관로|90,동구|수정동|116-4,True
26170,초량동,598-12,하버씨티,하버씨티,,,TRADE_14774A96AA57,unmatched,0.0,13.33333333333333,10,동구|대영로239번길|17,동구|초량동|598-12,True
26170,좌천동,808-76,주원쉐르빌,주원쉐르빌,,,TRADE_AD1B10911EF3,unmatched,0.0,15.384615384615385,5,동구|증산로|57,동구|좌천동|808-76,True
26170,초량동,1056-36,예그린,예그린,,,TRADE_2DC59F96C5D7,unmatched,0.0,0.0,10,동구|초량상로|34,동구|초량동|1056-36,True
26170,초량동,1056-10,오션스타,오션스타,,,TRADE_909A207C1BD1,unmatched,0.0,33.333333333333336,10,동구|초량중로|25,동구|초량동|1056-10,True
26170,초량동,1056-56,한사랑빌라트,한사랑빌라트,,,TRADE_65127CF674CE,unmatched,0.0,14.28571428571429,10,동구|초량상로|28,동구|초량동|1056-56,True
26200,봉래동5가,45-2,한성맨션,한성맨션,,,TRADE_8DD2A5318310,unmatched,0.0,0.0,0,영도구|태종로|188,영도구|봉래동5가|45-2,True
26200,동삼동,356-20,신흥동백맨션8,신흥동백맨션8,,,TRADE_BB60B03FFA07,unmatched,0.0,30.76923076923077,23,영도구|와치로|261,영도구|동삼동|356-20,True
26230,양정동,7-9,아세만화니트,아세만화니트,,,TRADE_4EE44B77B49C,unmatched,0.0,21.052631578947366,13,부산진구|연수로|62,부산진구|양정동|7-9,True
26230,부암동,577-1,대진에이스빌,대진에이스빌,,,TRADE_A3D979B83C6F,unmatched,0.0,30.76923076923077,27,부산진구|백양순환로|77,부산진구|부암동|577-1,True
26230,부전동,420-15,대동하이츠,대동하이츠,,,TRADE_F17F13639B32,unmatched,0.0,14.28571428571429,7,부산진구|가야대로755번길|31,부산진구|부전동|420-15,True
26230,연지동,156-1,다해미네스트,다해미네스트,,,TRADE_15BB06A17141,unmatched,0.0,25.0,14,부산진구|동평로223번길|17-7,부산진구|연지동|156-1,True
26230,개금동,11,성도빌라,성도빌라,,,TRADE_03EE770ED233,unmatched,0.0,50.0,23,부산진구|개금본동로22번길|24,부산진구|개금동|11,True
26230,범천동,1055-1,서면라이포레,서면라이포레,,,TRADE_49B4673399A1,unmatched,0.0,46.15384615384615,24,부산진구|신천대로165번길|10,부산진구|범천동|1055-1,True
26260,온천동,1248-12,허브센티움,허브센티움Ⅱ,,,TRADE_7C2AAE846EA2,unmatched,0.0,28.57142857142857,42,동래구|아시아드대로231번길|12,동래구|온천동|1248-12,True
26260,온천동,1414-7,더블루원,더블루원,,,TRADE_8FE24FC94DFA,unmatched,0.0,25.0,42,동래구|여고북로23번길|54,동래구|온천동|1414-7,True
26260,사직동,351-1,협성,협성,,,TRADE_403428EB4067,unmatched,0.0,0.0,19,동래구|여고북로46번길|25,동래구|사직동|351-1,True
26260,온천동,337-11,필라뷰,필라뷰,,,TRADE_3B81AE0A3E2E,unmatched,0.0,28.57142857142857,42,동래구|우장춘로|104,동래구|온천동|337-11,True
26260,온천동,1249-2,동래효산벨뷰,동래효산벨뷰,,,TRADE_71942DBA2461,unmatched,0.0,54.54545454545454,42,동래구|아시아드대로231번길|3,동래구|온천동|1249-2,True
26260,명륜동,450-2,건원안단테,건원안단테,,,TRADE_C82733165D5A,unmatched,0.0,15.384615384615385,12,동래구|삼성대길|12,동래구|명륜동|450-2,True
26260,안락동,632-4,태성맨션,태성맨션,,,TRADE_EF486EC19180,unmatched,0.0,0.0,15,동래구|온천천로431번길|28,동래구|안락동|632-4,True
26260,온천동,1447-8,동경쉐르빌102동,동경쉐르빌102동,,,TRADE_994E22344644,unmatched,0.0,50.0,42,동래구|미남로116번길|5,동래구|온천동|1447-8,True
26260,온천동,1446-82,비룡벨로스텔라,비룡벨로스텔라,,,TRADE_68EFDC4EDE93,unmatched,0.0,25.0,42,동래구|미남로132번길|20,동래구|온천동|1446-82,True
26260,명륜동,56-1,송오레스트빌,송오레스트빌,,,TRADE_CFA90E09DFF9,unmatched,0.0,28.57142857142857,12,동래구|명륜로242번길|3,동래구|명륜동|56-1,True
26260,명장동,29-2,명선하이츠,명선하이츠,,,TRADE_9F4A7AE04C29,unmatched,0.0,26.66666666666667,13,동래구|반송로273번길|7,동래구|명장동|29-2,True
26260,온천동,1457-16,부원,부원,,,TRADE_7625BDAADE00,unmatched,0.0,19.999999999999996,42,동래구|중앙대로1301번길|12,동래구|온천동|1457-16,True
26260,온천동,1056-30,삼성금정,삼성금정,,,TRADE_F6D46AA1464A,unmatched,0.0,33.333333333333336,42,동래구|우장춘로67번길|56,동래구|온천동|1056-30,True
26260,온천동,1410-25,석화스위트빌,석화스위트빌,,,TRADE_FDC566300C9F,unmatched,0.0,25.0,42,동래구|아시아드대로208번가길|12,동래구|온천동|1410-25,True
26290,용호동,496-32,성도파인힐,성도파인힐,,,TRADE_113C4C1FCBA3,unmatched,0.0,18.181818181818176,22,남구|동명로146번길|87,남구|용호동|496-32,True
26290,대연동,1749-6,송원아트빌,송원아트빌,,,TRADE_762DFC80E4C1,unmatched,0.0,23.529411764705888,33,남구|유엔평화로10번길|39,남구|대연동|1749-6,True
26290,대연동,1748-7,한솔아트빌,한솔아트빌,,,TRADE_0EF0CE8EEF27,unmatched,0.0,23.529411764705888,33,남구|유엔평화로14번길|8,남구|대연동|1748-7,True
26290,문현동,31-87,부림빌라,부림빌라(31-87),,,TRADE_78BD0349422C,unmatched,0.0,30.76923076923077,23,남구|고동골로97번길|78,남구|문현동|31-87,True
26290,대연동,877-1,동경에이스,동경에이스,,,TRADE_8938E31D07F2,unmatched,0.0,33.333333333333336,33,남구|유엔로169번길|29,남구|대연동|877-1,True
26290,용호동,368-17,분포맨션,분포맨션(나),,,TRADE_646107F79324,unmatched,0.0,40.0,22,남구|용호로109번길|10,남구|용호동|368-17,True
26290,대연동,874-10,송산아트빌,송산아트빌,,,TRADE_62FE9B15EF87,unmatched,0.0,23.529411764705888,33,남구|유엔평화로29번길|61,남구|대연동|874-10,True
26290,용호동,482-8,목련5차,목련5차,,,TRADE_34F335CE01A8,unmatched,0.0,0.0,22,남구|용호로198번길|66,남구|용호동|482-8,True
26290,용호동,369-8,조광빌로체,조광빌로체,,,TRADE_08983261B670,unmatched,0.0,18.181818181818176,22,남구|용호로|124,남구|용호동|369-8,True
26290,문현동,321-5,남문빌라,남문빌라,,,TRADE_6A1CFDFD0D8E,unmatched,0.0,30.76923076923077,23,남구|지게골로|196,남구|문현동|321-5,True
26290,문현동,474-6,스카이빌리지,스카이빌리지,,,TRADE_3AC87236AAE5,unmatched,0.0,19.999999999999996,23,남구|전포대로40번길|33,남구|문현동|474-6,True
26290,대연동,876-11,삼정그린타운,삼정그린타운,삼익그린타운,A60877710,A60877710,dong_fuzzy,83.33333333333334,83.33333333333334,33,남구|용소로64번길|138,남구|대연동|876-11,True
26320,구포동,1060-45,효산벨루스,효산벨루스,,,TRADE_1FBF3582EC4D,unmatched,0.0,18.181818181818176,22,북구|구포만세길|115,북구|구포동|1060-45,True
26320,구포동,1250-2,신진2차,신진2차,,,TRADE_7B5F03719631,unmatched,0.0,26.66666666666667,22,북구|시랑로170번길|51,북구|구포동|1250-2,True
26320,구포동,1243-9,백양,백양,,,TRADE_2FD80CCA590F,unmatched,0.0,28.57142857142857,22,북구|시랑로|183,북구|구포동|1243-9,True
26350,재송동,1058-3,상록캐스빌,상록캐스빌,,,TRADE_C3428BDB5934,unmatched,0.0,50.0,31,해운대구|재반로|123,해운대구|재송동|1058-3,True
26350,재송동,1123-1,센텀드림힐,센텀드림힐,,,TRADE_00B167FEF1CB,unmatched,0.0,44.44444444444444,31,해운대구|재반로64번길|90,해운대구|재송동|1123-1,True
26350,반송동,697,동화마을5,동화마을5,,,TRADE_C0CE7CF33067,unmatched,0.0,22.22222222222222,13,해운대구|반송로|816,해운대구|반송동|697,True
26350,재송동,1071-15,재송아이빌,재송아이빌,,,TRADE_64CAE52C3704,unmatched,0.0,44.44444444444444,31,해운대구|재송1로14번길|12,해운대구|재송동|1071-15,True
26350,송정동,311-1,송정세양시에당,송정세양시에당,,,TRADE_816E268E8D2C,unmatched,0.0,37.5,5,해운대구|송정광어골로82번길|160,해운대구|송정동|311-1,True
26350,송정동,198-5,센텀더웰,센텀더웰,,,TRADE_FD254D962EA5,unmatched,0.0,18.181818181818176,5,해운대구|송정중앙로15번길|15,해운대구|송정동|198-5,True
26380,하단동,485-2,삼경,삼경,,,TRADE_E43FCC2C8C3F,unmatched,0.0,33.333333333333336,12,사하구|낙동대로575번길|46,사하구|하단동|485-2,True
26380,괴정동,488-4,괴정신동화,괴정신동화,,,TRADE_80FE1972D7BE,unmatched,0.0,57.14285714285714,29,사하구|괴정로270번길|29,사하구|괴정동|488-4,True
26380,괴정동,882-6,예그린숲,예그린숲,,,TRADE_9B9D9E7456CC,unmatched,0.0,44.44444444444444,29,사하구|사하로185번길|12,사하구|괴정동|882-6,True
26380,장림동,325-89,누리아띠,누리아띠,,,TRADE_1BD5871386EB,unmatched,0.0,18.181818181818176,26,사하구|장림로196번길|28,사하구|장림동|325-89,True
26380,하단동,893-2,섬진2,섬진2,,,TRADE_FBB6D79AB8DC,unmatched,0.0,22.22222222222222,12,사하구|낙동남로|1352,사하구|하단동|893-2,True
26380,감천동,13-1105,제일,제일(13-1105),,,TRADE_F295554D28CB,unmatched,0.0,25.0,10,사하구|옥천로75번안길|10,사하구|감천동|13-1105,True
26380,하단동,381-15,대영파크맨션,대영파크맨션,,,TRADE_63980C1C75D9,unmatched,0.0,19.999999999999996,12,사하구|동매로66번길|31,사하구|하단동|381-15,True
26380,괴정동,386-13,삼부,삼부,,,TRADE_8EBAB6A47CF5,unmatched,0.0,0.0,29,사하구|사리로|9,사하구|괴정동|386-13,True
26380,하단동,590-3,청호2차,청호2차,,,TRADE_F82E9671D56C,unmatched,0.0,40.0,12,사하구|하신중앙로|325,사하구|하단동|590-3,True
26380,하단동,616-8,보해이브빌2차,보해이브빌2차,,,TRADE_4F5A03005196,unmatched,0.0,30.76923076923077,12,사하구|하신중앙로|324,사하구|하단동|616-8,True
26410,서동,209-7,부성파크빌,부성파크빌,,,TRADE_FFE71C9A2872,unmatched,0.0,18.181818181818176,4,금정구|서동로186번길|11,금정구|서동|209-7,True
26410,구서동,465-2,산들마을,산들마을,,,TRADE_48D94ED850F3,unmatched,0.0,25.0,25,금정구|금정로219번길|3,금정구|구서동|465-2,True
26410,남산동,952-8,한아름,한아름,,,TRADE_978EDDEB9497,unmatched,0.0,13.33333333333333,8,금정구|금샘로|591,금정구|남산동|952-8,True
26410,부곡동,873-74,새온천협성,새온천협성,,,TRADE_69F86435CA09,unmatched,0.0,36.36363636363637,27,금정구|오시게로12번길|21,금정구|부곡동|873-74,True
26410,남산동,116-23,송림7차,송림7차,,,TRADE_38B3E2EFE5E3,unmatched,0.0,0.0,8,금정구|학산로21번길|15,금정구|남산동|116-23,True
26410,남산동,957-6,대명빌라1차,대명빌라1차,,,TRADE_B9127DB8CDDD,unmatched,0.0,16.666666666666664,8,금정구|청룡로45번길|35,금정구|남산동|957-6,True
26410,구서동,774-3,삼부맨션,삼부맨션,,,TRADE_F48AFC728D91,unmatched,0.0,25.0,25,금정구|중앙대로1841번안길|6,금정구|구서동|774-3,True
26470,거제동,1463-10,경동,경동,,,TRADE_A66340829FBF,unmatched,0.0,33.333333333333336,41,연제구|거제천로|277,연제구|거제동|1463-10,True
26470,연산동,704-6,에이스빌리지,에이스빌리지,,,TRADE_661AC3E4E3BA,unmatched,0.0,36.36363636363637,65,연제구|중앙대로1066번길|24,연제구|연산동|704-6,True
26470,연산동,859-10,욱영아트빌,욱영아트빌,,,TRADE_5BF69BED6368,unmatched,0.0,22.22222222222222,65,연제구|연제로9번길|15,연제구|연산동|859-10,True
26470,거제동,576-12,세경미가,세경미가,,,TRADE_7978694123EE,unmatched,0.0,25.0,41,연제구|거제시장로22번길|23,연제구|거제동|576-12,True
26470,연산동,1343-24,포세이돈투,포세이돈투,,,TRADE_410AF0F5415E,unmatched,0.0,22.22222222222222,65,연제구|월드컵대로145번길|99,연제구|연산동|1343-24,True
26470,연산동,1825-2,새연산,새연산(1825-2),,,TRADE_3D15ACEB677F,unmatched,0.0,57.14285714285714,65,연제구|연수로208번길|34,연제구|연산동|1825-2,True
26470,연산동,1384-3,홍익푸르미,홍익푸르미,,,TRADE_162A92443469,unmatched,0.0,30.76923076923077,65,연제구|월드컵대로145번길|55,연제구|연산동|1384-3,True
26470,연산동,1837-5,신일아트빌,신일아트빌,,,TRADE_4D2906D17E70,unmatched,0.0,28.57142857142857,65,연제구|연수로|191,연제구|연산동|1837-5,True
26470,거제동,676-40,병산한마음빌,병산한마음빌,,,TRADE_E387773D437E,unmatched,0.0,19.999999999999996,41,연제구|해맞이로73번길|28,연제구|거제동|676-40,True
26500,광안동,139-1,금잔디,금잔디,,,TRADE_3FA5301971E0,unmatched,0.0,16.666666666666664,22,수영구|광안로7번길|42,수영구|광안동|139-1,True
26500,광안동,107-6,부덕그린,부덕그린,,,TRADE_44490F5C193B,unmatched,0.0,50.0,22,수영구|수영로636번길|85,수영구|광안동|107-6,True
26500,수영동,453-17,우창빌리지,우창빌리지,,,TRADE_08CD8381E902,unmatched,0.0,0.0,3,수영구|연수로391번길|16,수영구|수영동|453-17,True
26500,광안동,569-1,정원스카이,정원스카이,,,TRADE_66D372FCE1ED,unmatched,0.0,28.57142857142857,22,수영구|장대골로45번길|5,수영구|광안동|569-1,True
26500,광안동,139-16,남강하이츠,남강하이츠,,,TRADE_7E24B9C2B463,unmatched,0.0,46.15384615384615,22,수영구|수영로594번길|27,수영구|광안동|139-16,True
26500,민락동,37-2,대웅맨션,대웅맨션,,,TRADE_985B95BE0059,unmatched,0.0,15.384615384615385,13,수영구|광남로|234,수영구|민락동|37-2,True
26500,망미동,212-6,우성파크빌,우성파크빌,,,TRADE_448078BC3033,unmatched,0.0,26.66666666666667,12,수영구|수미로|63,수영구|망미동|212-6,True
26500,광안동,203-1,광안마티나,광안마티나,,,TRADE_6BDE54EC1A30,unmatched,0.0,44.44444444444444,22,수영구|광남로84번길|4,수영구|광안동|203-1,True
26500,망미동,823-1,최신망미apt,최신망미APT,,,TRADE_8C25E2FC231C,unmatched,0.0,36.36363636363637,12,수영구|연수로|276,수영구|망미동|823-1,True
26500,광안동,372-13,대성타워,대성타워,,,TRADE_754FB96BF47E,unmatched,0.0,16.666666666666664,22,수영구|수영로522번길|13,수영구|광안동|372-13,True
26500,광안동,165-10,남강맨션,남강맨션,,,TRADE_14B3892DDDFD,unmatched,0.0,15.384615384615385,22,수영구|광안로16번길|66,수영구|광안동|165-10,True
26500,광안동,505-11,금오파크빌,금오파크빌,,,TRADE_46059D474989,unmatched,0.0,19.999999999999996,22,수영구|광일로20번가길|60,수영구|광안동|505-11,True
26500,망미동,822-3,동방,동방(822-3),,,TRADE_8D712A10AD6A,unmatched,0.0,16.666666666666664,12,수영구|연수로282번길|7,수영구|망미동|822-3,True
26500,광안동,951-22,초원빌라,초원빌라,,,TRADE_4331DC1DE3C5,unmatched,0.0,33.333333333333336,22,수영구|망미번영로16번나길|33,수영구|광안동|951-22,True
26530,모라동,648-1,모라a,모라A,,,TRADE_BAA999EBCC24,unmatched,0.0,57.14285714285714,19,사상구|모라로37번길|16,사상구|모라동|648-1,True
26530,주례동,506,창조센추리,창조센추리,,,TRADE_AA6D8994C0ED,unmatched,0.0,22.22222222222222,23,사상구|가야대로|288,사상구|주례동|506,True
26530,엄궁동,11-41,엄궁로얄화교,엄궁로얄화교아파트,,,TRADE_F1BAB253A9BF,unmatched,0.0,50.0,12,사상구|대동로|38,사상구|엄궁동|11-41,True
26530,괘법동,499-3,은하하우스,은하하우스,,,TRADE_0901A873E011,unmatched,0.0,18.181818181818176,11,사상구|사상로148번길|39,사상구|괘법동|499-3,True
26530,괘법동,228-8,위드한빛,위드한빛,,,TRADE_276514896412,unmatched,0.0,25.0,11,사상구|백양대로|660,사상구|괘법동|228-8,True
26710,기장읍대라리,891,센트럴파크7,센트럴파크7,,,TRADE_D9988E454745,unmatched,0.0,0.0,0,기장군|차성서로77번길|36-11,기장군|기장읍대라리|891,True
26710,기장읍대라리,418-1,동양주택,동양주택,,,TRADE_0C9C5033C273,unmatched,0.0,0.0,0,기장군|차성로|290,기장군|기장읍대라리|418-1,True
26710,기장읍대라리,643-1,가화랜드빌5차,가화랜드빌5차,,,TRADE_9A79B5B1A67E,unmatched,0.0,0.0,0,기장군|차성서로|61-15,기장군|기장읍대라리|643-1,True
26710,기장읍대라리,94-13,에이원더시티,에이원더시티,,,TRADE_A93CE6732BC7,unmatched,0.0,0.0,0,기장군|차성남로89번길|6-1,기장군|기장읍대라리|94-13,True
26110,보수동2가,74-9,송파지오스빌라트,송파지오스빌라트,,,TRADE_D85C3ED1B300,unmatched,0.0,0.0,0,중구|흑교로|67,중구|보수동2가|74-9,True
26140,동대신동3가,340-18,호운빌라,호운빌라,,,TRADE_656EB7404FC9,unmatched,0.0,25.0,3,서구|구덕로334번길|15,서구|동대신동3가|340-18,True
26140,서대신동2가,78,향원에이스타운,향원에이스타운(78),,,TRADE_20200EE77F80,unmatched,0.0,0.0,3,서구|구덕로301번길|22,서구|서대신동2가|78,True
26140,남부민동,121,부승,부승,,,TRADE_4E0BA0CA127D,unmatched,0.0,25.0,6,서구|천마로|143,서구|남부민동|121,True
26140,암남동,350-1,고려빌라맨션,고려빌라맨션,,,TRADE_C27B6E67CDAE,unmatched,0.0,33.333333333333336,14,서구|충무대로34번길|15,서구|암남동|350-1,True
26140,서대신동2가,52,경남비,경남비,,,TRADE_D4F395C4A923,unmatched,0.0,0.0,3,서구|구덕로305번길|13,서구|서대신동2가|52,True
26140,부용동1가,9-2,크로바빌리지,크로바빌리지,,,TRADE_D90D03BD4E5D,unmatched,0.0,16.666666666666664,1,서구|흑교로|103,서구|부용동1가|9-2,True
26170,초량동,1053-22,한울시너스,한울시너스,,,TRADE_89FD71EAC86F,unmatched,0.0,15.384615384615385,10,동구|초량상로|38,동구|초량동|1053-22,True
26170,수정동,1162-1,청광,청광,,,TRADE_4A83316C1C9E,unmatched,0.0,0.0,3,동구|수정공원남로|77,동구|수정동|1162-1,True
26170,수정동,1186-1,수정,수정(1186-1),,,TRADE_59D755FAB1E8,unmatched,0.0,0.0,3,동구|수정공원남로|28,동구|수정동|1186-1,True
26170,수정동,1006-14,대근아트빌라1,대근아트빌라-1,,,TRADE_5DFC99F09A92,unmatched,0.0,18.181818181818176,3,동구|고관로63번길|10,동구|수정동|1006-14,True
26170,범일동,1486-17,아름빌103동,아름빌103동,,,TRADE_A370127370D5,unmatched,0.0,0.0,9,동구|망양로|942,동구|범일동|1486-17,True
26170,좌천동,832-1,대근아트빌라,대근아트빌라,,,TRADE_8ABD94647E71,unmatched,0.0,15.384615384615385,5,동구|능풍길|16,동구|좌천동|832-1,True
26170,수정동,1048-4,덕림,덕림아파트,,,TRADE_B94C9EA479E7,unmatched,0.0,0.0,3,동구|망양로668번길|28,동구|수정동|1048-4,True
26170,초량동,994-428,동양빌라,동양빌라,,,TRADE_8EC65C5FC489,unmatched,0.0,26.66666666666667,10,동구|영초윗길|8,동구|초량동|994-428,True
26200,영선동1가,13-9,하이스카이,하이스카이,,,TRADE_1C631901E519,unmatched,0.0,0.0,0,영도구|태종로113번길|12,영도구|영선동1가|13-9,True
26200,봉래동5가,177-1,삼신,삼신,,,TRADE_F751F1BD988C,unmatched,0.0,0.0,0,영도구|봉래길|172,영도구|봉래동5가|177-1,True
26200,남항동1가,116,혜광드림팰리스,혜광드림팰리스,,,TRADE_3937865B3468,unmatched,0.0,0.0,1,영도구|절영로|43,영도구|남항동1가|116,True
26200,봉래동2가,36-3,동진,동진,,,TRADE_97927D5CCF99,unmatched,0.0,0.0,2,영도구|태종로99번길|28,영도구|봉래동2가|36-3,True
26230,범천동,1287-1,새롬하이빌2차,새롬하이빌2차,,,TRADE_E9BADB136710,unmatched,0.0,30.76923076923077,24,부산진구|신암로39번길|4,부산진구|범천동|1287-1,True
26230,전포동,648,서면엘리시움,서면엘리시움,,,TRADE_DDD341C94FDF,unmatched,0.0,42.85714285714286,23,부산진구|서전로37번길|46,부산진구|전포동|648,True
26230,범천동,1230-66,드림하이츠,드림하이츠,,,TRADE_3FAF63BA896A,unmatched,0.0,30.76923076923077,24,부산진구|신암로85번길|36,부산진구|범천동|1230-66,True
26230,전포동,191-464,협성그린피아,협성그린피아,,,TRADE_18B365466AAA,unmatched,0.0,28.57142857142857,23,부산진구|진남로356번길|51,부산진구|전포동|191-464,True
26230,당감동,95-9,홍림로즈빌,홍림로즈빌,,,TRADE_1847CCF198AF,unmatched,0.0,0.0,17,부산진구|가야대로691번길|10-7,부산진구|당감동|95-9,True
26230,양정동,236-2,산들파르테,산들파르테,,,TRADE_031A6475193E,unmatched,0.0,11.111111111111116,13,부산진구|중앙대로989번길|28,부산진구|양정동|236-2,True
26230,양정동,145-12,전원타워빌,전원타워빌,,,TRADE_63BC47497E60,unmatched,0.0,46.15384615384615,13,부산진구|연수로11번길|57,부산진구|양정동|145-12,True
26230,부암동,117-35,숭웅아트빌,숭웅아트빌,,,TRADE_88CF0778D339,unmatched,0.0,21.052631578947366,27,부산진구|신천대로216번길|39,부산진구|부암동|117-35,True
26230,개금동,177-164,락우하이빌,락우하이빌,,,TRADE_65BC38D4CC2B,unmatched,0.0,40.0,23,부산진구|냉정로|195,부산진구|개금동|177-164,True
26230,범천동,1291-18,유인인터빌,유인인터빌,,,TRADE_FE02DA1E7FE9,unmatched,0.0,19.999999999999996,24,부산진구|신암로|25-6,부산진구|범천동|1291-18,True
26230,양정동,386-3,양정클래스원,양정클래스원,,,TRADE_AAC9B89296F7,unmatched,0.0,46.15384615384615,13,부산진구|동평로|400,부산진구|양정동|386-3,True
26260,온천동,1449-1,삼성빌라,삼성빌라,,,TRADE_05EDF24577FC,unmatched,0.0,30.76923076923077,42,동래구|미남로116번길|12,동래구|온천동|1449-1,True
26260,수안동,11-11,수안동하나로4차,수안동하나로아파트4차,,,TRADE_2005D1FB5F9F,unmatched,0.0,50.0,11,동래구|명륜로|39,동래구|수안동|11-11,True
26260,온천동,1410-20,덕성아트빌,덕성아트빌,,,TRADE_45423518755C,unmatched,0.0,36.36363636363637,42,동래구|여고북로23번길|31,동래구|온천동|1410-20,True
26260,명장동,152-51,삼정그린빌라,삼정그린빌라,,,TRADE_DA7E956E1815,unmatched,0.0,18.181818181818176,13,동래구|명장로106번길|19,동래구|명장동|152-51,True
26260,온천동,210-16,케이에이치마이우스,케이에이치마이우스,,,TRADE_743EE702C26D,unmatched,0.0,26.66666666666667,42,동래구|금강공원로|27,동래구|온천동|210-16,True
26260,온천동,435-27,동래센트럴파크,동래센트럴파크,,,TRADE_14B3D458EEC2,unmatched,0.0,62.5,42,동래구|금강로|63,동래구|온천동|435-27,True
26260,온천동,1186-10,그린힐타운c동,그린힐타운C동,,,TRADE_E51A5FE21665,unmatched,0.0,26.66666666666667,42,동래구|쇠미로|189-24,동래구|온천동|1186-10,True
26260,명륜동,433-4,엘리유리안,엘리유리안,,,TRADE_D57B625E54DA,unmatched,0.0,0.0,12,동래구|명륜로103번길|3,동래구|명륜동|433-4,True
26260,사직동,42-10,태양연립,태양연립,,,TRADE_41F143A3C34A,unmatched,0.0,0.0,19,동래구|사직북로19번길|44,동래구|사직동|42-10,True
26290,대연동,888-7,푸른마을,푸른마을(888-7),,,TRADE_BEBEED3C7735,unmatched,0.0,19.999999999999996,33,남구|유엔평화로41번가길|35,남구|대연동|888-7,True
26290,용호동,371-34,더베이하우스,더베이하우스,,,TRADE_981E7E8F732E,unmatched,0.0,19.999999999999996,22,남구|동명로145번길|29,남구|용호동|371-34,True
26290,용호동,494-34,동림상가타운,동림상가타운,,,TRADE_5D92A5EACA6B,unmatched,0.0,50.0,22,남구|용호로|161-1,남구|용호동|494-34,True
26290,문현동,805-3,홍익빌레트,홍익빌레트Ⅱ,,,TRADE_CAE1FE91500A,unmatched,0.0,19.999999999999996,23,남구|전포대로|21,남구|문현동|805-3,True
26290,문현동,426-285,성창빌라,성창빌라,,,TRADE_12C52037DA0C,unmatched,0.0,22.22222222222222,23,남구|전포대로40번길|34-12,남구|문현동|426-285,True
26290,대연동,1281-8,광이골드타워,광이골드타워,,,TRADE_3282F5EF5DE7,unmatched,0.0,33.333333333333336,33,남구|못골로41번길|20,남구|대연동|1281-8,True
26290,용호동,363-1,신일맨션,신일맨션,,,TRADE_26AE6691E4C9,unmatched,0.0,40.0,22,남구|용호로123번길|70,남구|용호동|363-1,True
26290,용호동,368-1,분포맨션,분포맨션,,,TRADE_87BD7D2A9706,unmatched,0.0,40.0,22,남구|용호로109번길|10,남구|용호동|368-1,True
26290,용호동,307-9,중경맨션,중경맨션,,,TRADE_879471284595,unmatched,0.0,40.0,22,남구|용호로42번길|112,남구|용호동|307-9,True
26290,대연동,572-11,새한빌리지,새한빌리지,,,TRADE_99028EB727AF,unmatched,0.0,18.181818181818176,33,남구|유엔평화로41번길|113,남구|대연동|572-11,True
26320,덕천동,388-5,덕천대성,덕천대성,덕천대방아파트,A61681904,A61681904,legal_address_main,75.0,75.0,1,북구|의성로115번길|93,북구|덕천동|388-5,True
26320,구포동,1297,태성캐슬,태성캐슬,,,TRADE_45E83CD82A76,unmatched,0.0,25.0,22,북구|낙동북로|752,북구|구포동|1297,True
26320,구포동,577,어반펠리체,어반펠리체,,,TRADE_3148E4CEC36F,unmatched,0.0,18.181818181818176,22,북구|낙동대로1766번길|17,북구|구포동|577,True
26350,재송동,1183-3,대원,대원,,,TRADE_2F9A28CB66A8,unmatched,0.0,33.333333333333336,31,해운대구|재송2로|115,해운대구|재송동|1183-3,True
26350,중동,1498-9,뷔센하우스,뷔센하우스,,,TRADE_BDB4F40C5FDE,unmatched,0.0,25.0,29,해운대구|달맞이길117번가길|107-30,해운대구|중동|1498-9,True
26380,괴정동,935-1,창우블루빌,창우블루빌,,,TRADE_0D1E5C532264,unmatched,0.0,22.22222222222222,29,사하구|낙동대로|232,사하구|괴정동|935-1,True
26380,괴정동,399-2,동조리젠시,동조리젠시,,,TRADE_E84BDC08D225,unmatched,0.0,28.57142857142857,29,사하구|오작로|51,사하구|괴정동|399-2,True
26380,괴정동,1018-14,대근,대근아파트,,,TRADE_6FD787B21895,unmatched,0.0,22.22222222222222,29,사하구|낙동대로|202,사하구|괴정동|1018-14,True
26380,감천동,632-1,무지개,무지개,,,TRADE_9FF96C595500,unmatched,0.0,0.0,10,사하구|감천로73번길|69,사하구|감천동|632-1,True
26380,괴정동,566-58,정우아트빌,정우아트빌,,,TRADE_7E99DE93A502,unmatched,0.0,33.333333333333336,29,사하구|괴정로|198,사하구|괴정동|566-58,True
26380,하단동,870-30,그린시티,그린시티,,,TRADE_8FB20FE99DC3,unmatched,0.0,53.333333333333336,12,사하구|낙동남로|1364,사하구|하단동|870-30,True
26380,당리동,341-1,두산하이빌,두산하이빌,,,TRADE_8C2C315A07F2,unmatched,0.0,18.181818181818176,16,사하구|낙동대로372번길|8,사하구|당리동|341-1,True
26380,신평동,14-1,청솔맨션,청솔맨션,,,TRADE_1D21D540DACE,unmatched,0.0,19.999999999999996,15,사하구|장평로|336,사하구|신평동|14-1,True
26380,당리동,237-33,호성빌라맨션,호성빌라맨션,,,TRADE_8266FF2C6563,unmatched,0.0,19.999999999999996,16,사하구|승학로19번길|15,사하구|당리동|237-33,True
26380,하단동,870-93,섬진3차,섬진3차,,,TRADE_4175A81F308B,unmatched,0.0,25.0,12,사하구|하신중앙로313번길|74,사하구|하단동|870-93,True
26380,하단동,592-15,우방빌아트,우방빌아트,,,TRADE_DF8B214E9F3E,unmatched,0.0,18.181818181818176,12,사하구|하신중앙로335번길|36,사하구|하단동|592-15,True
26380,하단동,492-5,하구언1,하구언1,,,TRADE_051A62A4198C,unmatched,0.0,50.0,12,사하구|낙동대로536번길|5,사하구|하단동|492-5,True
26410,남산동,51-1,남산누리마을,남산누리마을,,,TRADE_19F1CE0BB442,unmatched,0.0,40.0,8,금정구|벅구산로|2,금정구|남산동|51-1,True
26410,남산동,262-4,수민위즈빌,수민위즈빌,,,TRADE_DC848D2C9F6B,unmatched,0.0,0.0,8,금정구|금단로|171,금정구|남산동|262-4,True
26410,구서동,183-12,아름베스트빌5,아름베스트빌5,,,TRADE_04610DF98259,unmatched,0.0,16.666666666666664,25,금정구|중앙대로1926번길|10,금정구|구서동|183-12,True
26410,구서동,183-14,아름베스트빌3,아름베스트빌3,,,TRADE_8468EFC45DD9,unmatched,0.0,16.666666666666664,25,금정구|안뜰로7번길|21,금정구|구서동|183-14,True
26410,청룡동,45-1,아카데미빌라,아카데미빌라,,,TRADE_E78B14517058,unmatched,0.0,14.28571428571429,4,금정구|청룡로34번길|13-17,금정구|청룡동|45-1,True
26410,부곡동,266-1,엘스퀘어,엘스퀘어,,,TRADE_E94A0360D65E,unmatched,0.0,16.666666666666664,27,금정구|부곡로|165,금정구|부곡동|266-1,True
26410,남산동,122-7,태경그린빌,태경그린빌,,,TRADE_31607A7A722E,unmatched,0.0,19.999999999999996,8,금정구|학산로13번길|3,금정구|남산동|122-7,True
26410,부곡동,334-1,동현맨션,동현맨션,,,TRADE_75EC46721014,unmatched,0.0,40.0,27,금정구|부곡로|78,금정구|부곡동|334-1,True
26410,부곡동,9-21,태창빌라,태창빌라,,,TRADE_A7C7B9F5DBEC,unmatched,0.0,16.666666666666664,27,금정구|오륜대로|46,금정구|부곡동|9-21,True
26470,연산동,405-2,양지마을,양지마을,,,TRADE_C135EE3E19A2,unmatched,0.0,25.0,65,연제구|과정로191번가길|26,연제구|연산동|405-2,True
26470,거제동,15-1,거제,거제아파트,,,TRADE_0C9ECE6556CA,unmatched,0.0,66.66666666666667,41,연제구|거제천로|177,연제구|거제동|15-1,True
26470,거제동,1180-1,화인상아,화인상아,,,TRADE_BA35C4B45660,unmatched,0.0,33.333333333333336,41,연제구|아시아드대로46번길|46,연제구|거제동|1180-1,True
26470,연산동,1405-2,도심하이트,도심하이트,,,TRADE_A864E27FBBE2,unmatched,0.0,40.0,65,연제구|월드컵대로153번길|74,연제구|연산동|1405-2,True
26470,연산동,642-13,대은그린,대은그린,,,TRADE_716CC2DFA698,unmatched,0.0,60.0,65,연제구|쌍미천로125번길|12,연제구|연산동|642-13,True
26470,거제동,676-15,미르빌,미르빌,,,TRADE_98A636F34C56,unmatched,0.0,18.181818181818176,41,연제구|해맞이로77번길|46,연제구|거제동|676-15,True
26470,거제동,584,한신,한신,,,TRADE_1CACC8EEEE9B,unmatched,0.0,33.333333333333336,41,연제구|거제대로178번길|6,연제구|거제동|584,True
26470,연산동,328-16,고은아트,고은아트,,,TRADE_F6C0DB44824B,unmatched,0.0,23.529411764705888,65,연제구|고분로67번길|13,연제구|연산동|328-16,True
26470,연산동,342-41,청마,청마,,,TRADE_0A592AA1E46F,unmatched,0.0,50.0,65,연제구|과정로291번길|4,연제구|연산동|342-41,True
26470,연산동,327-1,부림,부림(327-1),,,TRADE_82299B4E1BC7,unmatched,0.0,25.0,65,연제구|고분로67번길|30,연제구|연산동|327-1,True
26470,거제동,1470-11,전원시티빌,전원시티빌,,,TRADE_E1E0D08648A3,unmatched,0.0,22.22222222222222,41,연제구|중앙대로|1178-2,연제구|거제동|1470-11,True
26500,광안동,379-12,성우스카이뷰,성우스카이뷰,,,TRADE_A0114A70BF6E,unmatched,0.0,28.57142857142857,22,수영구|수영로545번길|13,수영구|광안동|379-12,True
26500,광안동,736-2,늘푸른마을,늘푸른마을,,,TRADE_11697B978501,unmatched,0.0,0.0,22,수영구|장대골로|25,수영구|광안동|736-2,True
26500,남천동,70-7,남천팰리스,남천팰리스,,,TRADE_A5943B94E57C,unmatched,0.0,44.44444444444444,14,수영구|남천서로|26,수영구|남천동|70-7,True
26500,광안동,536-142,협성센트로2차,협성센트로2차,,,TRADE_F1533B5451AA,unmatched,0.0,47.05882352941176,22,수영구|장대골로|32,수영구|광안동|536-142,True
26500,망미동,408-1,협진태양맨션a동,협진태양맨션A동,,,TRADE_50EAACCA8697,unmatched,0.0,13.33333333333333,12,수영구|망미번영로63번길|69,수영구|망미동|408-1,True
26500,망미동,208-9,크라운,크라운,,,TRADE_D8DB72E3B524,unmatched,0.0,15.384615384615385,12,수영구|좌수영로125번길|7,수영구|망미동|208-9,True
26500,광안동,734-2,정원부르네오,정원부르네오,,,TRADE_72AAD86230D7,unmatched,0.0,25.0,22,수영구|수영로587번길|39,수영구|광안동|734-2,True
26530,괘법동,525-10,사상역경보센트리안,사상역경보센트리안,,,TRADE_4D07957F6F3B,unmatched,0.0,40.0,11,사상구|사상로223번길|24,사상구|괘법동|525-10,True
26710,일광읍삼성리,794,일광한신더휴센트럴포레1단지,일광한신더휴센트럴포레1단지,,,TRADE_71B0213E600C,unmatched,0.0,0.0,0,기장군|해빛1로|62,기장군|일광읍삼성리|794,True
26710,기장읍대라리,905,행복리치빌,행복리치빌아파트,,,TRADE_42B38FA3D379,unmatched,0.0,0.0,0,기장군|차성서로77번길|36-1,기장군|기장읍대라리|905,True
26710,기장읍대라리,924,스카이아트빌,스카이아트빌,,,TRADE_E98D0641F140,unmatched,0.0,0.0,0,기장군|차성남로|5,기장군|기장읍대라리|924,True
26710,기장읍서부리,64-5,서인드림빌10차,서인드림빌10차,,,TRADE_BDA5F58465C8,unmatched,0.0,0.0,0,기장군|읍내로15번길|27,기장군|기장읍서부리|64-5,True
26710,정관읍달산리,141-5,성림,성림,,,TRADE_2FCEB8EAD140,unmatched,0.0,0.0,0,기장군|정관로|744-41,기장군|정관읍달산리|141-5,True
26710,기장읍동부리,335-13,대정베스트빌,대정베스트빌,,,TRADE_B6633DAF7B38,unmatched,0.0,0.0,0,기장군|차성로321번길|11,기장군|기장읍동부리|335-13,True
26710,기장읍대라리,172-6,동환라온제나기장,동환라온제나기장,,,TRADE_67C3E757D866,unmatched,0.0,0.0,0,기장군|대청로36번길|37-7,기장군|기장읍대라리|172-6,True
26110,영주동,1-92,동남파크,동남파크,,,TRADE_6CE0FCFA009D,unmatched,0.0,22.22222222222222,5,중구|망양로|459,중구|영주동|1-92,True
26110,대창동1가,54-30,양지,양지,,,TRADE_50DAD4AA8435,unmatched,0.0,0.0,1,중구|중앙대로115번길|2,중구|대창동1가|54-30,True
26110,보수동2가,35-1,해오름,해오름,,,TRADE_83F5DF695345,unmatched,0.0,0.0,0,중구|흑교로81번길|6,중구|보수동2가|35-1,True
26110,대청동4가,75-197,대청타워,대청타워,,,TRADE_CC75FB4C9610,unmatched,0.0,0.0,1,중구|대청북길|7,중구|대청동4가|75-197,True
26140,부용동1가,41-5,동양하이츠,동양하이츠,,,TRADE_2E6B838F02BA,unmatched,0.0,0.0,1,서구|흑교로105번길|21,서구|부용동1가|41-5,True
26140,암남동,산26-2,송도힐타운,송도힐타운,,,TRADE_6C37CA58E908,unmatched,0.0,44.44444444444444,14,서구|천해로13번라길|56,서구|암남동|산26-2,True
26140,토성동2가,6-4,스타파크,스타파크아파트,,,TRADE_92B97286386D,unmatched,0.0,0.0,0,서구|보수대로|63,서구|토성동2가|6-4,True
26140,충무동3가,1-114,에코팰리스3,에코팰리스3,,,TRADE_1767B385C7E8,unmatched,0.0,0.0,0,서구|충무시장길|50,서구|충무동3가|1-114,True
26140,서대신동1가,122-3,효정빌라,효정빌라,,,TRADE_EB2F3E0C3E8B,unmatched,0.0,0.0,1,서구|고운들로|110,서구|서대신동1가|122-3,True
26140,서대신동1가,50-4,우주그랜져빌리지,우주그랜져빌리지,,,TRADE_3047ACA93324,unmatched,0.0,14.28571428571429,1,서구|구덕로279번길|17,서구|서대신동1가|50-4,True
26140,서대신동2가,256-3,진은빌리지,진은빌리지,,,TRADE_1F4B27C8CBD2,unmatched,0.0,15.384615384615385,3,서구|대영로|13-10,서구|서대신동2가|256-3,True
26140,토성동2가,7-4,문화,문화,,,TRADE_303C3DC1DEFD,unmatched,0.0,0.0,0,서구|구덕로186번길|37,서구|토성동2가|7-4,True
26170,좌천동,832-5,하승빌라,하승빌라,,,TRADE_35D3319FEBDD,unmatched,0.0,13.33333333333333,5,동구|좌천로|40,동구|좌천동|832-5,True
26170,초량동,588-10,썬라이즈a동,썬라이즈A동,,,TRADE_8757AA37A562,unmatched,0.0,23.529411764705888,10,동구|초량중로|30,동구|초량동|588-10,True
26170,초량동,754-1362,선빌리지,선빌리지,,,TRADE_A4DAAAC36E99,unmatched,0.0,16.666666666666664,10,동구|구봉북길|5,동구|초량동|754-1362,True
26200,동삼동,335-1,건아맨션,건아맨션(335-1),,,TRADE_CD7A72EBE172,unmatched,0.0,40.0,23,영도구|동삼로50번길|30,영도구|동삼동|335-1,True
26200,남항동3가,100,남항화랑맨션,남항화랑맨션,,,TRADE_D0923CBA55F2,unmatched,0.0,0.0,0,영도구|절영로94번길|14,영도구|남항동3가|100,True
26200,남항동2가,230-2,유진캐슬3차,유진캐슬3차아파트,,,TRADE_3163C2DE8144,unmatched,0.0,0.0,0,영도구|절영로93번길|35,영도구|남항동2가|230-2,True
26200,청학동,49-25,대경위너스,대경위너스,,,TRADE_F0E8166DC357,unmatched,0.0,15.384615384615385,9,영도구|태종로|404,영도구|청학동|49-25,True
26200,청학동,460-2,청운,청운,,,TRADE_30DD5CD5BAFE,unmatched,0.0,33.333333333333336,9,영도구|와치로|23,영도구|청학동|460-2,True
26200,동삼동,399-14,전원그린빌라,전원그린빌라,,,TRADE_569B90DBA04A,unmatched,0.0,40.0,23,영도구|태종로|664,영도구|동삼동|399-14,True
26230,전포동,178-70,한성타운,한성타운(101동),,,TRADE_A4F043D39BF3,unmatched,0.0,36.36363636363637,23,부산진구|동성로118번길|16,부산진구|전포동|178-70,True
26230,양정동,388-6,타워팰리스,타워팰리스,,,TRADE_20511A1317C3,unmatched,0.0,50.0,13,부산진구|거제대로36번가길|30,부산진구|양정동|388-6,True
26230,전포동,344-12,새한아트빌,새한아트빌,,,TRADE_D5D628FC215D,unmatched,0.0,40.0,23,부산진구|동성로39번길|35,부산진구|전포동|344-12,True
26230,초읍동,359-1,성지잉카빌리지,성지잉카빌리지,,,TRADE_13CF6B1C2784,unmatched,0.0,33.333333333333336,10,부산진구|성지곡로51번길|30,부산진구|초읍동|359-1,True
26230,전포동,890-35,경원프라우드빌i,경원프라우드빌-I,,,TRADE_644C5896A971,unmatched,0.0,25.0,23,부산진구|전포대로171번길|23,부산진구|전포동|890-35,True
26230,부암동,452-35,한림,한림,,,TRADE_D72B17ED7013,unmatched,0.0,0.0,27,부산진구|백양순환로123번길|30,부산진구|부암동|452-35,True
26230,개금동,523-11,남경캐슬,남경캐슬,,,TRADE_A93671D55C12,unmatched,0.0,40.0,23,부산진구|복지로8번길|27,부산진구|개금동|523-11,True
26230,부전동,454-2,서면tk골드뷰,서면TK골드뷰,,,TRADE_7293E429854A,unmatched,0.0,28.57142857142857,7,부산진구|신천대로|100,부산진구|부전동|454-2,True
26230,범천동,1287-2,협동,협동,,,TRADE_F52D6291D5CB,unmatched,0.0,22.22222222222222,24,부산진구|신암로39번길|32,부산진구|범천동|1287-2,True
26230,양정동,141-5,다사랑빌,다사랑빌,,,TRADE_AE772FEE4564,unmatched,0.0,19.999999999999996,13,부산진구|중앙대로980번길|33,부산진구|양정동|141-5,True
26230,연지동,156-12,금광예다움,금광예다움,,,TRADE_D7C8A5838995,unmatched,0.0,0.0,14,부산진구|동평로223번길|17-9,부산진구|연지동|156-12,True
26260,온천동,1443-4,듀오빌,듀오빌,,,TRADE_65D4789D1A7B,unmatched,0.0,18.181818181818176,42,동래구|충렬대로|114,동래구|온천동|1443-4,True
26260,온천동,1056-6,일신하일라빌리지,일신하일라빌리지,,,TRADE_D93CDBCE017E,unmatched,0.0,25.0,42,동래구|우장춘로63번길|46,동래구|온천동|1056-6,True
26260,온천동,1378-17,골드리버,골드리버,,,TRADE_AF32080559C7,unmatched,0.0,19.999999999999996,42,동래구|여고북로73번길|32,동래구|온천동|1378-17,True
26260,수안동,535-1,화승빌라,화승빌라,,,TRADE_35F319F1C9D8,unmatched,0.0,25.0,11,동래구|명륜로98번길|23,동래구|수안동|535-1,True
26260,온천동,1424-16,휴림아르페,휴림아르페,,,TRADE_62C2051B0AD5,unmatched,0.0,26.66666666666667,42,동래구|미남로|138,동래구|온천동|1424-16,True
26260,온천동,1234-13,m포레뷰,M포레뷰,,,TRADE_3F125DD94492,unmatched,0.0,33.333333333333336,42,동래구|석사북로|105,동래구|온천동|1234-13,True
26260,온천동,1055,명조빌라,명조빌라,,,TRADE_EFDAD08C908B,unmatched,0.0,33.333333333333336,42,동래구|금정마을로139번길|54,동래구|온천동|1055,True
26260,온천동,1448-18,태경에버리치2차,태경에버리치2차,,,TRADE_8CBE80276B7F,unmatched,0.0,22.22222222222222,42,동래구|미남로102번길|7,동래구|온천동|1448-18,True
26260,온천동,1242-23,삼성월드빌,삼성월드빌,,,TRADE_468FFF426279,unmatched,0.0,22.22222222222222,42,동래구|사직북로48번길|159,동래구|온천동|1242-23,True
26260,온천동,1212-1,신보빌라,신보빌라,,,TRADE_35EDA0C23395,unmatched,0.0,26.66666666666667,42,동래구|쇠미로|209-8,동래구|온천동|1212-1,True
26260,온천동,1222-11,대곡그린빌라,대곡그린빌라,,,TRADE_773127E0839A,unmatched,0.0,28.57142857142857,42,동래구|사직북로48번길|194,동래구|온천동|1222-11,True
26260,명륜동,450-20,명륜소도베르크,명륜소도베르크,,,TRADE_7F17D2D9DAB3,unmatched,0.0,46.15384615384615,12,동래구|삼성대길|16,동래구|명륜동|450-20,True
26260,온천동,1632-28,현대빌라,현대빌라,,,TRADE_D5E9B9A71F2C,unmatched,0.0,66.66666666666667,42,동래구|쇠미로121번길|48-15,동래구|온천동|1632-28,True
26260,온천동,189-18,신화하니엘더라임,신화하니엘더라임,,,TRADE_8E71514F97AF,unmatched,0.0,33.333333333333336,42,동래구|금강로106번길|41,동래구|온천동|189-18,True
26260,온천동,1220-1,현대그랜드빌라,현대그랜드빌라,,,TRADE_3D58C95AC370,unmatched,0.0,44.44444444444444,42,동래구|석사북로95번길|48-26,동래구|온천동|1220-1,True
26260,명장동,147-29,영화맨션,영화맨션,,,TRADE_F605EE2BCFC1,unmatched,0.0,40.0,13,동래구|명장로|85,동래구|명장동|147-29,True
26290,용호동,364-3,영신맨션1동,영신맨션1동,,,TRADE_A685DD3D39F9,unmatched,0.0,33.333333333333336,22,남구|용호로123번길|69,남구|용호동|364-3,True
26290,대연동,875-8,정원힐타워,정원힐타워,,,TRADE_82A75F6B0833,unmatched,0.0,36.36363636363637,33,남구|유엔평화로29번길|29,남구|대연동|875-8,True
26290,대연동,871-20,태백하우징빌라,태백하우징빌라(871-20),,,TRADE_64E66495DD1A,unmatched,0.0,30.76923076923077,33,남구|유엔평화로41번길|67,남구|대연동|871-20,True
26290,용호동,296-3,일성주택,일성주택,,,TRADE_4BDA583B3932,unmatched,0.0,28.57142857142857,22,남구|동명로101번길|27,남구|용호동|296-3,True
26290,문현동,238-5,금호천지맨션,금호천지맨션,,,TRADE_5A08F21C604A,unmatched,0.0,33.333333333333336,23,남구|수영로39번가길|71-24,남구|문현동|238-5,True
26290,문현동,805-1,홍익빌레트,홍익빌레트Ⅲ,,,TRADE_6044F3CDB74B,unmatched,0.0,19.999999999999996,23,남구|전포대로|23,남구|문현동|805-1,True
26290,용호동,485-8,목련4차,목련4차,,,TRADE_DC0ACB77001E,unmatched,0.0,0.0,22,남구|동명로132번길|98,남구|용호동|485-8,True
26290,대연동,1171-19,부마힐타워,부마힐타워,,,TRADE_B0D9BC254554,unmatched,0.0,36.36363636363637,33,남구|석포로|70,남구|대연동|1171-19,True
26290,대연동,893-9,광이드림타워,광이드림타워,,,TRADE_5F0A6F025E21,unmatched,0.0,33.333333333333336,33,남구|유엔평화로42번길|35,남구|대연동|893-9,True
26290,대연동,852-9,대정빌라,대정빌라(852-9),,,TRADE_B53035E66516,unmatched,0.0,36.36363636363637,33,남구|유엔평화로47번길|101,남구|대연동|852-9,True
26290,대연동,1748-12,교보타워,교보타워,,,TRADE_BBB98C44AC01,unmatched,0.0,40.0,33,남구|유엔평화로10번길|15,남구|대연동|1748-12,True
26320,구포동,1120-4,명굉강변맨션,명굉강변맨션,,,TRADE_4ED5AA0140CD,unmatched,0.0,0.0,22,북구|낙동대로|1586,북구|구포동|1120-4,True
26320,덕천동,409-18,소호,소호(7동),,,TRADE_9220E11F9CE9,unmatched,0.0,0.0,16,북구|의성로115번길|117,북구|덕천동|409-18,True
26320,구포동,1242-6,전망좋은방,전망좋은방,,,TRADE_7EF754407215,unmatched,0.0,0.0,22,북구|시랑로185번길|57,북구|구포동|1242-6,True
26320,구포동,1248-7,백조그린타운,백조그린타운,,,TRADE_EAEA854FCAE1,unmatched,0.0,66.66666666666667,22,북구|시랑로|158,북구|구포동|1248-7,True
26320,구포동,431-1,지움포유,지움포유,,,TRADE_46474B51026F,unmatched,0.0,30.76923076923077,22,북구|낙동대로1766번길|50,북구|구포동|431-1,True
26320,구포동,896-1,부송빌라,부송빌라,,,TRADE_6CA3ED580F6E,unmatched,0.0,19.999999999999996,22,북구|백양대로1016번가길|7,북구|구포동|896-1,True
26320,화명동,1567-1,새진흥맨션,새진흥맨션,,,TRADE_6861278F3A2B,unmatched,0.0,0.0,29,북구|산성로|17-7,북구|화명동|1567-1,True
26320,구포동,782-25,삼현,삼현,,,TRADE_9E965362EEE4,unmatched,0.0,33.333333333333336,22,북구|시랑로48번길|48,북구|구포동|782-25,True
26350,재송동,152,명유그린,명유그린,,,TRADE_409AF37D7EBD,unmatched,0.0,50.0,31,해운대구|재반로64번길|42,해운대구|재송동|152,True
26350,우동,493-1,아림비치,아림비치,,,TRADE_7E128ECCEFBE,unmatched,0.0,50.0,49,해운대구|우동1로|37,해운대구|우동|493-1,True
26350,중동,1488-1,동보하이츠,동보하이츠,,,TRADE_585EBBAEF896,unmatched,0.0,42.85714285714286,29,해운대구|달맞이길117번가길|190,해운대구|중동|1488-1,True
26350,우동,182-3,태석102동,태석102동,,,TRADE_938C680F9FC6,unmatched,0.0,28.57142857142857,49,해운대구|우동2로30번가길|23,해운대구|우동|182-3,True
26350,재송동,1130-10,늘푸른아트빌,늘푸른아트빌,,,TRADE_44271408EE83,unmatched,0.0,28.57142857142857,31,해운대구|재반로112번길|15,해운대구|재송동|1130-10,True
26350,재송동,1123-26,유원임페리얼빌리지,유원임페리얼빌리지,,,TRADE_30465298CCB8,unmatched,0.0,28.57142857142857,31,해운대구|재반로84번길|116,해운대구|재송동|1123-26,True
26350,재송동,104-2,센텀대원,센텀대원,,,TRADE_246ABAB4EA86,unmatched,0.0,50.0,31,해운대구|재반로|24,해운대구|재송동|104-2,True
26350,우동,265-44,덕성빌라,덕성빌라,,,TRADE_C084FE7046E6,unmatched,0.0,40.0,49,해운대구|우동2로30번길|103,해운대구|우동|265-44,True
26350,중동,1503-7,동부스타빌라,동부스타빌라,,,TRADE_9E2561D30EC3,unmatched,0.0,36.36363636363637,29,해운대구|달맞이길65번길|129,해운대구|중동|1503-7,True
26350,중동,1497-7,벽산첼시빌,벽산첼시빌,,,TRADE_40814FAAC299,unmatched,0.0,23.529411764705888,29,해운대구|달맞이길117번다길|66,해운대구|중동|1497-7,True
26350,중동,1501-5,디마크하우스,디마크하우스,,,TRADE_A130B2C2EE4E,unmatched,0.0,28.57142857142857,29,해운대구|달맞이길117번가길|94,해운대구|중동|1501-5,True
26380,하단동,870-67,동조리젠시2,동조리젠시2,,,TRADE_B8EAF3685600,unmatched,0.0,16.666666666666664,12,사하구|낙동남로1353번길|31,사하구|하단동|870-67,True
26380,하단동,870-90,한주,한주,,,TRADE_6CC34BBE3152,unmatched,0.0,33.333333333333336,12,사하구|낙동남로|1366,사하구|하단동|870-90,True
26380,당리동,354-2,대암가든,대암가든,,,TRADE_A8C1E04200E4,unmatched,0.0,0.0,16,사하구|승학로131번길|41,사하구|당리동|354-2,True
26380,당리동,325-19,휴누리,휴누리,,,TRADE_FAA4D1C6344C,unmatched,0.0,28.57142857142857,16,사하구|제석로18번길|61,사하구|당리동|325-19,True
26380,하단동,509-6,문화,문화,,,TRADE_63C67A9D7057,unmatched,0.0,0.0,12,사하구|승학로17번길|69,사하구|하단동|509-6,True
26380,괴정동,772-29,강진노블레스,강진노블레스,,,TRADE_14B43AB3A5C1,unmatched,0.0,18.181818181818176,29,사하구|승학로|191,사하구|괴정동|772-29,True
26380,괴정동,577-2,한아루시빌,한아루시빌,,,TRADE_A81849DDF531,unmatched,0.0,22.22222222222222,29,사하구|낙동대로|318,사하구|괴정동|577-2,True
26380,장림동,60-39,삼경제일,삼경제일,,,TRADE_3C01CFC70611,unmatched,0.0,50.0,26,사하구|두송로|68,사하구|장림동|60-39,True
26380,괴정동,891-8,아람,아람,,,TRADE_6A41782D05D8,unmatched,0.0,22.22222222222222,29,사하구|낙동대로233번길|4,사하구|괴정동|891-8,True
26380,하단동,517-18,유원블루파크비동,유원블루파크비동,,,TRADE_E13279858129,unmatched,0.0,0.0,12,사하구|낙동남로1389번길|13-12,사하구|하단동|517-18,True
26380,감천동,361,신흥동백,신흥동백(361),,,TRADE_4DD717E1C56A,unmatched,0.0,25.0,10,사하구|암남공원로521번길|30,사하구|감천동|361,True
26380,하단동,589-9,무진,무진,,,TRADE_EB33ADAF8768,unmatched,0.0,0.0,12,사하구|하신중앙로335번길|10,사하구|하단동|589-9,True
26410,장전동,521-85,금정초원,금정초원,,,TRADE_110F690D8E0F,unmatched,0.0,50.0,17,금정구|금샘로18번길|5,금정구|장전동|521-85,True
26410,남산동,265-25,더존빌,더존빌,,,TRADE_3E110C83AD0C,unmatched,0.0,0.0,8,금정구|금단로170번길|63,금정구|남산동|265-25,True
26410,서동,40-13,정원맨션,정원맨션,,,TRADE_4BFD0FE695D9,unmatched,0.0,0.0,4,금정구|금사로51번길|54,금정구|서동|40-13,True
26410,부곡동,64-20,금정빌리지,금정빌리지,,,TRADE_A33D1D792DFF,unmatched,0.0,16.666666666666664,27,금정구|중앙대로1763번길|36-11,금정구|부곡동|64-20,True
26410,남산동,84-7,경원a동,경원A동,,,TRADE_57A4DFBB735D,unmatched,0.0,44.44444444444444,8,금정구|범어천로28번길|11,금정구|남산동|84-7,True
26410,남산동,991-1,거성경원,거성경원,,,TRADE_25901E00E7EC,unmatched,0.0,25.0,8,금정구|금샘로|497,금정구|남산동|991-1,True
26410,구서동,420-23,남영하이빌,남영하이빌,,,TRADE_1F08D07EC5D1,unmatched,0.0,22.22222222222222,25,금정구|부곡온천천로|202,금정구|구서동|420-23,True
26410,남산동,3-28,평광청솔,평광청솔,,,TRADE_B4362E4982B7,unmatched,0.0,0.0,8,금정구|금단로|104,금정구|남산동|3-28,True
26410,구서동,87-16,천양스카이빌,천양스카이빌,,,TRADE_8A4E71471F75,unmatched,0.0,18.181818181818176,25,금정구|금강로446번길|8,금정구|구서동|87-16,True
26410,부곡동,775-5,부곡,부곡,,,TRADE_3D21DF082FE9,unmatched,0.0,66.66666666666667,27,금정구|서동로|40,금정구|부곡동|775-5,True
26410,금사동,30-19,안성빌라,안성빌라(30-19),,,TRADE_FACB08F6D0EA,unmatched,0.0,0.0,2,금정구|금사로107번길|16,금정구|금사동|30-19,True
26410,구서동,258-11,송림빌라,송림빌라,,,TRADE_17D040225FFD,unmatched,0.0,19.999999999999996,25,금정구|금강로|456,금정구|구서동|258-11,True
26410,구서동,265-1,한진,한진아파트,,,TRADE_DB613622B154,unmatched,0.0,22.22222222222222,25,금정구|금단로|37,금정구|구서동|265-1,True
26410,청룡동,315,로얄팰리스,로얄팰리스,,,TRADE_969C35AF7F9F,unmatched,0.0,14.28571428571429,4,금정구|청룡예전로|78,금정구|청룡동|315,True
26410,구서동,458-1,라경유닉스빌라트,라경유닉스빌라트,,,TRADE_332C3E254E02,unmatched,0.0,16.666666666666664,25,금정구|금강로423번길|11,금정구|구서동|458-1,True
26410,구서동,415-8,한진스카이,한진스카이,,,TRADE_F4373A02FA12,unmatched,0.0,16.666666666666664,25,금정구|금정로233번길|21,금정구|구서동|415-8,True
26410,남산동,84-22,해성,해성,,,TRADE_610167B349DB,unmatched,0.0,33.333333333333336,8,금정구|범어천로|28,금정구|남산동|84-22,True
26410,남산동,48-3,우남카사벨라,우남카사벨라,,,TRADE_FC598129D427,unmatched,0.0,30.76923076923077,8,금정구|중앙대로|2085,금정구|남산동|48-3,True
26470,연산동,1261-14,우일빌라,우일빌라,,,TRADE_94F840638322,unmatched,0.0,26.66666666666667,65,연제구|중앙천로80번길|40,연제구|연산동|1261-14,True
26470,거제동,211-4,한성,한성,,,TRADE_F3CC5F71AC5B,unmatched,0.0,33.333333333333336,41,연제구|교대로24번길|63,연제구|거제동|211-4,True
26470,연산동,1777-11,연산훼미리타운,연산훼미리타운,,,TRADE_A72258ACCFC4,unmatched,0.0,53.333333333333336,65,연제구|쌍미천로|58,연제구|연산동|1777-11,True
26470,연산동,469-8,모던아트빌,모던아트빌,,,TRADE_6947D2E4034D,unmatched,0.0,28.57142857142857,65,연제구|고분로235번길|47,연제구|연산동|469-8,True
26470,연산동,1289-1,kh파인빌,KH파인빌,,,TRADE_4A6C07BD556C,unmatched,0.0,19.999999999999996,65,연제구|월드컵대로153번길|34,연제구|연산동|1289-1,True
26470,연산동,1829-3,중경,중경,,,TRADE_85C7224EFDBC,unmatched,0.0,33.333333333333336,65,연제구|연미로13번길|16,연제구|연산동|1829-3,True
26470,거제동,1470-12,전원빌리지,전원빌리지,,,TRADE_57EE60ABFC70,unmatched,0.0,22.22222222222222,41,연제구|중앙대로|1178-3,연제구|거제동|1470-12,True
26470,거제동,739-10,진흥하늘이,진흥하늘이,,,TRADE_977BE8DA5CD7,unmatched,0.0,33.333333333333336,41,,연제구|거제동|739-10,True
26470,연산동,2141-5,동양,동양,,,TRADE_62D9B6BFF0C1,unmatched,0.0,33.333333333333336,65,연제구|배산북로23번길|31,연제구|연산동|2141-5,True
26470,연산동,420-1,서연하이츠,서연하이츠,,,TRADE_A68F75BAE2AA,unmatched,0.0,60.0,65,연제구|과정로192번길|42,연제구|연산동|420-1,True
26470,연산동,1005-11,늘푸른파크,늘푸른파크,,,TRADE_DCDEA829E6ED,unmatched,0.0,40.0,65,연제구|연동로13번길|30,연제구|연산동|1005-11,True
26470,연산동,1645-2,동해,동해,,,TRADE_E0072AE0E050,unmatched,0.0,33.333333333333336,65,연제구|중앙천로73번길|11,연제구|연산동|1645-2,True
26470,연산동,1936-21,루미랑스,루미랑스,,,TRADE_C6D22CFF28A8,unmatched,0.0,26.66666666666667,65,연제구|연수로|157,연제구|연산동|1936-21,True
26500,민락동,156-15,이화맨션가동,이화맨션가동,,,TRADE_A55CC370B4EF,unmatched,0.0,15.384615384615385,13,수영구|감포로|10,수영구|민락동|156-15,True
26500,민락동,29-7,홍익라이프가동,홍익라이프가동,,,TRADE_D7C4C89B77C1,unmatched,0.0,14.28571428571429,13,수영구|광남로|251,수영구|민락동|29-7,True
26500,광안동,741-15,삼강네오빌,삼강네오빌,,,TRADE_E57006390284,unmatched,0.0,15.384615384615385,22,수영구|장대골로7번길|15,수영구|광안동|741-15,True
26500,광안동,517-7,한울베스트빌라,한울베스트빌라,,,TRADE_7CA9E851514C,unmatched,0.0,28.57142857142857,22,수영구|광일로56번길|5,수영구|광안동|517-7,True
26500,민락동,14-22,대유빌아트,대유빌아트,,,TRADE_F64CA2787881,unmatched,0.0,16.666666666666664,13,수영구|광남로|262,수영구|민락동|14-22,True
26500,광안동,546-1,광안센템빌,광안센템빌,,,TRADE_FBEAD503BDC9,unmatched,0.0,46.15384615384615,22,수영구|장대골로|51-4,수영구|광안동|546-1,True
26500,남천동,52-1,홍성,홍성,,,TRADE_4241FE37CB3B,unmatched,0.0,25.0,14,수영구|황령산로7번길|3,수영구|남천동|52-1,True
26500,수영동,450-14,엑스젠플레이스,엑스젠플레이스,,,TRADE_74F330CEF42E,unmatched,0.0,11.764705882352944,3,수영구|연수로|403,수영구|수영동|450-14,True
26500,망미동,458-4,영미,영미(나동),,,TRADE_BC3FF9EC6475,unmatched,0.0,33.333333333333336,12,수영구|과정로91번길|52,수영구|망미동|458-4,True
26500,남천동,72-4,다사랑빌,다사랑빌,,,TRADE_E195C1392C3E,unmatched,0.0,0.0,14,수영구|남천서로25번길|17,수영구|남천동|72-4,True
26500,광안동,546-3,세종타워,세종타워,,,TRADE_B9E73B5789C4,unmatched,0.0,16.666666666666664,22,수영구|장대골로57번길|3,수영구|광안동|546-3,True
26500,광안동,184-12,블루빌,블루빌아파트,,,TRADE_412376001AD9,unmatched,0.0,22.22222222222222,22,수영구|광남로|87,수영구|광안동|184-12,True
26500,광안동,1073-2,로타리,로타리,,,TRADE_8E2086CF6E03,unmatched,0.0,22.22222222222222,22,수영구|광서로10번길|65,수영구|광안동|1073-2,True
26500,광안동,199-2,에이스로얄팰리스,에이스로얄팰리스,,,TRADE_705746285D1C,unmatched,0.0,16.666666666666664,22,수영구|광남로|102,수영구|광안동|199-2,True
26500,민락동,34-9,민락동화맨션가동,민락동화맨션가동,,,TRADE_1E5001E44E0C,unmatched,0.0,13.33333333333333,13,수영구|민락본동로19번길|63,수영구|민락동|34-9,True
26530,괘법동,524-46,대현101동,대현101동,,,TRADE_E39E749875E3,unmatched,0.0,16.666666666666664,11,사상구|사상로233번길|12,사상구|괘법동|524-46,True
26530,괘법동,547-15,대성캐슬,대성캐슬,,,TRADE_6284D9728CE6,unmatched,0.0,0.0,11,사상구|광장로86번길|12,사상구|괘법동|547-15,True
26530,괘법동,521-1,사상센텀,사상센텀아파트,,,TRADE_6256D1491271,unmatched,0.0,50.0,11,사상구|광장로21번길|46,사상구|괘법동|521-1,True
26530,엄궁동,37-8,강남,강남,,,TRADE_AB060400224F,unmatched,0.0,0.0,12,사상구|엄궁로|180,사상구|엄궁동|37-8,True
26530,학장동,585-19,삼광,삼광(585-19),,,TRADE_476D5AD14FA8,unmatched,0.0,33.333333333333336,17,사상구|대동로159번길|117,사상구|학장동|585-19,True
26530,괘법동,524-15,파밀리아2,파밀리아2,,,TRADE_7F4207256818,unmatched,0.0,18.181818181818176,11,사상구|광장로37번길|66,사상구|괘법동|524-15,True
26710,기장읍동부리,362-4,센텀스위트홈,센텀스위트홈,,,TRADE_B1D516480E07,unmatched,0.0,0.0,0,기장군|차성동로102번길|17,기장군|기장읍동부리|362-4,True
26710,기장읍동부리,362-3,선아베스트빌,선아베스트빌,,,TRADE_5C3823B3350C,unmatched,0.0,0.0,0,기장군|차성동로102번길|11,기장군|기장읍동부리|362-3,True
26710,기장읍대라리,1024,한평드림빌,한평드림빌,,,TRADE_2A8A8FF824D1,unmatched,0.0,0.0,0,기장군|차성남로35번길|3,기장군|기장읍대라리|1024,True
26710,기장읍대라리,97-6,남평파크뷰,남평파크뷰,,,TRADE_EEF9948DF779,unmatched,0.0,0.0,0,기장군|차성남로89번길|5-7,기장군|기장읍대라리|97-6,True
26710,기장읍동부리,376-5,리츠,리츠아파트,,,TRADE_1F1AF724DF86,unmatched,0.0,0.0,0,기장군|차성로436번길|78,기장군|기장읍동부리|376-5,True
26110,영주동,248-1,청운2동,청운아파트2동,,,TRADE_9A04BFD77164,unmatched,0.0,19.999999999999996,5,중구|망양로|375,중구|영주동|248-1,True
26140,부민동1가,12-2,다사랑빌,다사랑빌,,,TRADE_3BDB6C6CBDD6,unmatched,0.0,0.0,0,서구|구덕로222번길|14,서구|부민동1가|12-2,True
26140,서대신동3가,293-6,대승스위트,대승스위트,,,TRADE_C235EF7ADDD2,unmatched,0.0,26.66666666666667,8,서구|구덕로333번길|18,서구|서대신동3가|293-6,True
26140,토성동5가,37-1,도경나나빌,도경나나빌,,,TRADE_0B7BE7534A07,unmatched,0.0,0.0,0,서구|구덕로142번길|20,서구|토성동5가|37-1,True
26140,동대신동3가,357-2,한영리더스,한영리더스,,,TRADE_3D330C6408A5,unmatched,0.0,11.111111111111116,3,서구|대영로73번길|75,서구|동대신동3가|357-2,True
26140,토성동5가,22-2,헤리츠,헤리츠아파트,,,TRADE_91D2363E399D,unmatched,0.0,0.0,0,서구|구덕로148번길|10,서구|토성동5가|22-2,True
26140,토성동3가,4-3,부백자연애,부백자연애,,,TRADE_FBA3A6E33748,unmatched,0.0,0.0,0,서구|대청로6번길|39,서구|토성동3가|4-3,True
26140,동대신동3가,477-3,세전은화빌라,세전은화빌라,,,TRADE_DD03FE79C4FE,unmatched,0.0,19.999999999999996,3,서구|구덕로322번길|21,서구|동대신동3가|477-3,True
26140,남부민동,30-1,문화,문화,,,TRADE_EF6549D1791D,unmatched,0.0,0.0,6,서구|천마로187번길|20,서구|남부민동|30-1,True
26140,암남동,552-2,일원타워맨션,일원타워맨션,,,TRADE_31E19E352B88,unmatched,0.0,16.666666666666664,14,서구|장군산로46번길|27,서구|암남동|552-2,True
26140,충무동2가,36-1,대륙타워b,대륙타워B,,,TRADE_03F9ABB0F1DD,unmatched,0.0,0.0,0,서구|천마로205번길|37-3,서구|충무동2가|36-1,True
26140,서대신동3가,249-20,대신타워빌,대신타워빌,,,TRADE_739DE861E49C,unmatched,0.0,44.44444444444444,8,서구|망양로|50-1,서구|서대신동3가|249-20,True
26170,수정동,1043-21,수정동하이츠빌리지,수정동하이츠빌리지,,,TRADE_6CCD7C92264B,unmatched,0.0,10.526315789473683,3,동구|홍곡남로18번길|23-4,동구|수정동|1043-21,True
26170,초량동,106-10,그린시티빌,그린시티빌,,,TRADE_C4EAB5FF2C98,unmatched,0.0,12.5,10,동구|고관로13번길|33,동구|초량동|106-10,True
26170,초량동,110-37,큰소나무빌라,큰소나무빌라,,,TRADE_36DF6070C1B7,unmatched,0.0,11.764705882352944,10,동구|홍곡로|18,동구|초량동|110-37,True
26170,초량동,824-152,성보리치빌,성보리치빌,,,TRADE_F4CA64879670,unmatched,0.0,15.384615384615385,10,동구|초량남로|16,동구|초량동|824-152,True
26170,초량동,424-3,동성아트빌,동성아트빌,,,TRADE_DAE5E04E8682,unmatched,0.0,13.33333333333333,10,동구|중앙대로195번가길|39,동구|초량동|424-3,True
26170,수정동,1-74,오름castle,오름CASTLE,,,TRADE_B21CA0978735,unmatched,0.0,9.999999999999998,3,동구|중앙대로389번길|10,동구|수정동|1-74,True
26200,동삼동,360-1,신흥동백1차,신흥동백1차,,,TRADE_2D732FA0C5CD,unmatched,0.0,36.36363636363637,23,영도구|태종로|644,영도구|동삼동|360-1,True
26200,봉래동2가,65-1,대교마루빌,대교마루빌,,,TRADE_1B83B32F2BAF,unmatched,0.0,18.181818181818176,2,영도구|태종로95번길|36,영도구|봉래동2가|65-1,True
26200,영선동1가,101-1,대성타운,대성타운,,,TRADE_AEA069883F76,unmatched,0.0,0.0,0,영도구|한사랑길|75,영도구|영선동1가|101-1,True
26230,연지동,72-30,지산오차드힐,지산오차드힐,,,TRADE_308B035721D5,unmatched,0.0,33.333333333333336,14,부산진구|동평로|263,부산진구|연지동|72-30,True
26230,양정동,463-1,초원,초원,,,TRADE_9FCDC949D87B,unmatched,0.0,25.0,13,부산진구|동평로|329-1,부산진구|양정동|463-1,True
26230,전포동,33-453,동광하이빌,동광하이빌(102),,,TRADE_A4A08CC0C616,unmatched,0.0,30.76923076923077,23,부산진구|전포대로276번길|36-9,부산진구|전포동|33-453,True
26230,양정동,319-6,청보,청보,,,TRADE_1A3EAEF46675,unmatched,0.0,0.0,13,부산진구|거제대로72번길|31,부산진구|양정동|319-6,True
26230,가야동,160,삼우,삼우,,,TRADE_B6FB95A15BC7,unmatched,0.0,22.22222222222222,12,부산진구|가야공원로14번길|18,부산진구|가야동|160,True
26230,부전동,390-19,록명하이빌,록명하이빌,,,TRADE_3E93D5BEF53F,unmatched,0.0,14.28571428571429,7,부산진구|부전로140번길|13,부산진구|부전동|390-19,True
26230,초읍동,288-3,벽송수피아,벽송수피아,,,TRADE_9D699437D1BF,unmatched,0.0,30.76923076923077,10,부산진구|성지로153번길|38,부산진구|초읍동|288-3,True
26230,전포동,194-5,남경하이츠빌라,남경하이츠빌라,,,TRADE_FCDBD6AE1241,unmatched,0.0,40.0,23,부산진구|서전로57번길|19,부산진구|전포동|194-5,True
26230,부암동,669-6,신서면,신서면,,,TRADE_43FC793F3C51,unmatched,0.0,40.0,27,부산진구|새싹로|57,부산진구|부암동|669-6,True
26230,개금동,177-87,성동하이빌,성동하이빌,,,TRADE_2FF0373FF8E8,unmatched,0.0,22.22222222222222,23,부산진구|복지로21번길|47,부산진구|개금동|177-87,True
26230,전포동,33-450,동광하이빌,동광하이빌(105),,,TRADE_81BAB627D72D,unmatched,0.0,30.76923076923077,23,부산진구|전포대로276번길|36-9,부산진구|전포동|33-450,True
26260,사직동,50-4,더팰리스,더팰리스,,,TRADE_15CA00AC72FF,unmatched,0.0,21.052631578947366,19,동래구|석사로33번길|7,동래구|사직동|50-4,True
26260,안락동,455-1,진흥상가,진흥상가,,,TRADE_DF6A4D5C3B5D,unmatched,0.0,25.0,15,동래구|명안로|46,동래구|안락동|455-1,True
26260,명장동,142-1,무지개타운d동,무지개타운D동,,,TRADE_A68B49300485,unmatched,0.0,71.42857142857143,13,동래구|명안로72번길|40,동래구|명장동|142-1,True
26260,온천동,440-21,남영아트펠리체,남영아트펠리체,,,TRADE_D66BFBBD8E1B,unmatched,0.0,21.052631578947366,42,동래구|금강로|80-8,동래구|온천동|440-21,True
26260,수안동,39-27,우신,우신,,,TRADE_809B02F04C22,unmatched,0.0,0.0,11,동래구|수안로|20,동래구|수안동|39-27,True
26260,온천동,1236-5,경우골드빌라,경우골드빌라,,,TRADE_BD8197A229F1,unmatched,0.0,19.999999999999996,42,동래구|석사북로95번길|17,동래구|온천동|1236-5,True
26260,사직동,22-34,유성빌라,유성빌라,,,TRADE_936FF16F36CD,unmatched,0.0,25.0,19,동래구|아시아드대로181번길|34,동래구|사직동|22-34,True
26260,사직동,101-7,궁전스카이,궁전스카이,,,TRADE_8F0634F7B8B6,unmatched,0.0,22.22222222222222,19,동래구|여고로|11,동래구|사직동|101-7,True
26260,사직동,91-10,대영캐슬,대영캐슬,,,TRADE_F94389AEFDBD,unmatched,0.0,28.57142857142857,19,동래구|사직북로5번길|10,동래구|사직동|91-10,True
26260,온천동,1380-22,서강빌트,서강빌트,,,TRADE_187DD8855667,unmatched,0.0,16.666666666666664,42,동래구|여고북로23번길|34,동래구|온천동|1380-22,True
26260,사직동,391,동산201동,동산201동,,,TRADE_5FEEE8A2CF4B,unmatched,0.0,50.0,19,동래구|아시아드대로164번길|45,동래구|사직동|391,True
26260,명장동,497-44,동남파크가,동남파크가,,,TRADE_A6F860E44D39,unmatched,0.0,36.36363636363637,13,동래구|명서로|137,동래구|명장동|497-44,True
26260,사직동,981-9,글로벌빌라트,글로벌빌라트,,,TRADE_1748CEF5F4F1,unmatched,0.0,15.384615384615385,19,동래구|쇠미로31번길|1,동래구|사직동|981-9,True
26290,용호동,396-8,동산뉴그린맨션,동산뉴그린맨션,,,TRADE_CA387CD4485C,unmatched,0.0,61.53846153846154,22,남구|동명로132번길|12,남구|용호동|396-8,True
26290,대연동,1750-11,대동레미안7,대동레미안7,,,TRADE_DC820E59F7F3,unmatched,0.0,40.0,33,남구|수영로208번길|15,남구|대연동|1750-11,True
26290,대연동,882-5,썬그린빌리지,썬그린빌리지,,,TRADE_AD34F99C841A,unmatched,0.0,40.0,33,남구|유엔평화로41번길|14,남구|대연동|882-5,True
26290,용호동,371-15,삼정,삼정,,,TRADE_22354043190C,unmatched,0.0,0.0,22,남구|동명로145번길|5,남구|용호동|371-15,True
26290,대연동,639-45,남강하이츠,남강하이츠,,,TRADE_6C3943DC35A8,unmatched,0.0,22.22222222222222,33,남구|용소로64번길|61,남구|대연동|639-45,True
26290,대연동,919-5,새천년,새천년,,,TRADE_7EC229474BFD,unmatched,0.0,0.0,33,남구|유엔로|118-7,남구|대연동|919-5,True
26290,대연동,1482-1,대동아이파크,대동아이파크,,,TRADE_F53E77C97822,unmatched,0.0,42.85714285714286,33,남구|진남로46번길|61,남구|대연동|1482-1,True
26290,대연동,1802-8,부림,부림(1802-8),,,TRADE_42C9BFF74A5F,unmatched,0.0,18.181818181818176,33,남구|진남로|100,남구|대연동|1802-8,True
26290,대연동,877-12,파크뷰빌리지,파크뷰빌리지,,,TRADE_D243E0121846,unmatched,0.0,42.85714285714286,33,남구|유엔평화로41번길|41,남구|대연동|877-12,True
26290,대연동,894-14,경천골드빌,경천골드빌,,,TRADE_43AED17A4A87,unmatched,0.0,33.333333333333336,33,남구|유엔평화로42번길|34,남구|대연동|894-14,True
26320,덕천동,409-2,삼화,삼화,,,TRADE_38F3E3F2ECD0,unmatched,0.0,19.999999999999996,16,북구|만덕대로102번길|17-5,북구|덕천동|409-2,True
26320,덕천동,419-10,정광주택,정광주택,,,TRADE_8EF01156154A,unmatched,0.0,18.181818181818176,16,북구|의성로115번길|38,북구|덕천동|419-10,True
26320,덕천동,395-6,부원,부원,,,TRADE_595E1C735363,unmatched,0.0,22.22222222222222,16,북구|만덕3로16번길|32,북구|덕천동|395-6,True
26350,중동,1494-1,스카이파크2차,스카이파크2차,,,TRADE_A037109629C1,unmatched,0.0,26.66666666666667,29,해운대구|달맞이길117번라길|28,해운대구|중동|1494-1,True
26350,중동,1496-3,오양카멜리아,오양카멜리아,,,TRADE_132BC3787288,unmatched,0.0,23.529411764705888,29,해운대구|달맞이길117번다길|86,해운대구|중동|1496-3,True
26350,재송동,1121-7,한영비치,한영비치,,,TRADE_D1AF6434753D,unmatched,0.0,25.0,31,해운대구|재반로64번길|83,해운대구|재송동|1121-7,True
26350,중동,1735,대주자유,대주자유,,,TRADE_51C69F78B98D,unmatched,0.0,23.529411764705888,29,해운대구|중동1로17번길|10-17,해운대구|중동|1735,True
26350,중동,1488-2,그린힐2차,그린힐2차,,,TRADE_4C6782539F01,unmatched,0.0,28.57142857142857,29,해운대구|달맞이길|215,해운대구|중동|1488-2,True
26350,중동,1483-7,삼안리젠시6차,삼안리젠시6차,,,TRADE_5A748DBC26CA,unmatched,0.0,23.529411764705888,29,해운대구|달맞이길117번나길|103-1,해운대구|중동|1483-7,True
26350,중동,1503-15,동부문빌라,동부문빌라,,,TRADE_B169FA44EAA0,unmatched,0.0,33.333333333333336,29,해운대구|달맞이길65번길|141,해운대구|중동|1503-15,True
26350,우동,640-2,삼영일리아,삼영일리아,,,TRADE_19CCFDD331AA,unmatched,0.0,36.36363636363637,49,해운대구|우동1로|5,해운대구|우동|640-2,True
26350,재송동,212,정원센텀스카이,정원센텀스카이,,,TRADE_5A1C9A0E965E,unmatched,0.0,66.66666666666667,31,해운대구|해운대로91번길|32,해운대구|재송동|212,True
26350,중동,1487-9,동아해운대빌라,동아해운대빌라,,,TRADE_9D19E84E1BE8,unmatched,0.0,50.0,29,해운대구|달맞이길117번나길|56,해운대구|중동|1487-9,True
26350,재송동,1094-12,진달래,진달래,,,TRADE_F3D4F19867A6,unmatched,0.0,19.999999999999996,31,해운대구|재송1로20번길|66,해운대구|재송동|1094-12,True
26350,중동,1508-3,달맞이아르미안,달맞이아르미안,,,TRADE_C88D8A5B84C5,unmatched,0.0,53.333333333333336,29,해운대구|달맞이길65번길|100,해운대구|중동|1508-3,True
26350,송정동,438-4,협성파라다이스,협성파라다이스,,,TRADE_05566415FA3E,unmatched,0.0,25.0,5,해운대구|송정광어골로82번길|80,해운대구|송정동|438-4,True
26380,하단동,888-25,펄스트빌b,펄스트빌B,,,TRADE_40DDDDF47D10,unmatched,0.0,15.384615384615385,12,사하구|낙동남로1347번길|21,사하구|하단동|888-25,True
26380,하단동,501,신일,신일,,,TRADE_CC55784B7CC5,unmatched,0.0,33.333333333333336,12,사하구|낙동대로519번길|80,사하구|하단동|501,True
26380,괴정동,1075-3,송곡,송곡,,,TRADE_23C796E0DDD7,unmatched,0.0,0.0,29,사하구|승학로161번길|70,사하구|괴정동|1075-3,True
26380,하단동,503-12,,(503-12),,,TRADE_71CFE46E961E,unmatched,0.0,0.0,0,사하구|하신번영로312번길|35,사하구|하단동|503-12,True
26380,감천동,359-1,신흥동백,신흥동백(359-1),,,TRADE_F780448DFB49,unmatched,0.0,25.0,10,사하구|암남공원로521번길|33,사하구|감천동|359-1,True
26380,다대동,1119,한영리더스,한영리더스,,,TRADE_24137EC85F9E,unmatched,0.0,18.181818181818176,28,사하구|다대로539번길|26,사하구|다대동|1119,True
26380,괴정동,484-22,동조신현트레빌,동조신현트레빌,,,TRADE_3E5136D6981F,unmatched,0.0,28.57142857142857,29,사하구|괴정로|291,사하구|괴정동|484-22,True
26380,하단동,534-8,하단동천아하늘정원,하단동천아하늘정원,,,TRADE_ABC70C8E5A93,unmatched,0.0,40.0,12,사하구|승학로3번길|7,사하구|하단동|534-8,True
26380,하단동,889-6,베네스빌리지,베네스빌리지(889-6),,,TRADE_50B2ADCAEC23,unmatched,0.0,16.666666666666664,12,사하구|낙동남로1353번길|7,사하구|하단동|889-6,True
26380,하단동,888-1,,(888-1),,,TRADE_8E0292048AAD,unmatched,0.0,0.0,0,사하구|하신번영로|300,사하구|하단동|888-1,True
26380,하단동,510-4,영동힐타운,영동힐타운,,,TRADE_9320BAE5E249,unmatched,0.0,33.333333333333336,12,사하구|낙동대로|504,사하구|하단동|510-4,True
26380,하단동,506-1,하구언2,하구언2,,,TRADE_B1EB020FDDB8,unmatched,0.0,50.0,12,사하구|낙동대로520번길|8,사하구|하단동|506-1,True
26380,괴정동,764-59,대양그린힐,대양그린힐,,,TRADE_0E0243759DA9,unmatched,0.0,60.0,29,사하구|낙동대로280번길|14,사하구|괴정동|764-59,True
26380,감천동,589,더웰리스,더웰리스,,,TRADE_8DF58C9F63A2,unmatched,0.0,19.999999999999996,10,사하구|감천로21번길|41,사하구|감천동|589,True
26380,하단동,521-1,두꺼비맨션,두꺼비맨션,,,TRADE_9941D469EE25,unmatched,0.0,0.0,12,사하구|낙동남로1361번길|22,사하구|하단동|521-1,True
26380,하단동,596-19,청호,청호,,,TRADE_B3919845A959,unmatched,0.0,33.333333333333336,12,사하구|낙동남로|1384,사하구|하단동|596-19,True
26380,하단동,521-8,조일센토빌,조일센토빌,,,TRADE_EF5148799CEC,unmatched,0.0,0.0,12,사하구|낙동남로1367번길|7,사하구|하단동|521-8,True
26380,하단동,870-76,프론티어빌,프론티어빌,,,TRADE_B3C54F691638,unmatched,0.0,12.5,12,사하구|낙동남로1353번길|8,사하구|하단동|870-76,True
26380,괴정동,1126-2,부일홈퓨처,부일홈퓨처,,,TRADE_5FD769B31521,unmatched,0.0,16.666666666666664,29,사하구|낙동대로343번길|7,사하구|괴정동|1126-2,True
26380,괴정동,172-1,으뜸빌라,으뜸빌라,,,TRADE_C23BEAD79FD1,unmatched,0.0,18.181818181818176,29,사하구|낙동대로140번길|74,사하구|괴정동|172-1,True
26380,괴정동,1222-8,성경로즈힐101,성경로즈힐(1차)-101,,,TRADE_06F92E7857CE,unmatched,0.0,15.384615384615385,29,사하구|다대로|47,사하구|괴정동|1222-8,True
26380,하단동,870-243,호성에이스빌,호성에이스빌,,,TRADE_743034A314DE,unmatched,0.0,19.999999999999996,12,사하구|낙동남로1361번길|21,사하구|하단동|870-243,True
26380,괴정동,352-104,로즈빌라,로즈빌라,,,TRADE_BA422AE30AF8,unmatched,0.0,18.181818181818176,29,사하구|오작로|104-3,사하구|괴정동|352-104,True
26410,부곡동,777-5,동아국민,동아국민,,,TRADE_EB525DE2120D,unmatched,0.0,44.44444444444444,27,금정구|부곡로42번길|62,금정구|부곡동|777-5,True
26410,구서동,1005-15,세진에버그린a동,세진에버그린A동,,,TRADE_29A09B406CFA,unmatched,0.0,28.57142857142857,25,금정구|금샘로|447,금정구|구서동|1005-15,True
26410,장전동,505-83,금강스위트,금강스위트,,,TRADE_EEC5650CA344,unmatched,0.0,50.0,17,금정구|금샘로17번길|7,금정구|장전동|505-83,True
26410,구서동,162-1,명승명가,명승명가,,,TRADE_A2517760ED5E,unmatched,0.0,15.384615384615385,25,금정구|두실로|5,금정구|구서동|162-1,True
26410,구서동,163-26,소도베르크,소도베르크,,,TRADE_59606EDE2A8E,unmatched,0.0,16.666666666666664,25,금정구|두실로7번길|39,금정구|구서동|163-26,True
26410,부곡동,396-4,미소드리움부곡1차,미소드리움부곡1차,,,TRADE_D7337A5F4355,unmatched,0.0,30.76923076923077,27,금정구|부곡로18번안길|19,금정구|부곡동|396-4,True
26410,구서동,681,구서다움,구서다움,,,TRADE_818A3DF5D42A,unmatched,0.0,50.0,25,금정구|금샘로|266,금정구|구서동|681,True
26410,구서동,194-4,금화,금화,,,TRADE_AA12AF5EAA9D,unmatched,0.0,33.333333333333336,25,금정구|구서중앙로15번길|11,금정구|구서동|194-4,True
26410,남산동,968-6,청암,청암,,,TRADE_1D0C5E35CE92,unmatched,0.0,0.0,8,금정구|팔송로59번길|21,금정구|남산동|968-6,True
26410,구서동,1009-3,로얄캐슬,로얄캐슬,,,TRADE_90B1B4B55125,unmatched,0.0,30.76923076923077,25,금정구|두실로|41,금정구|구서동|1009-3,True
26410,구서동,162-8,청아리치타운,청아리치타운,,,TRADE_C7966341962E,unmatched,0.0,33.333333333333336,25,금정구|중앙대로|1963-1,금정구|구서동|162-8,True
26410,장전동,612-3,용진힐타운,용진힐타운,,,TRADE_C5B04FEA0DC3,unmatched,0.0,16.666666666666664,17,금정구|식물원로|35,금정구|장전동|612-3,True
26410,남산동,117-1,기수빌라,기수빌라,,,TRADE_219D31B691A8,unmatched,0.0,0.0,8,금정구|중앙대로2035번길|7,금정구|남산동|117-1,True
26410,서동,203-25,서전미네르빌,서전미네르빌,,,TRADE_EA6C281ACFFF,unmatched,0.0,19.999999999999996,4,금정구|금사로|9-5,금정구|서동|203-25,True
26410,구서동,413-8,새천년골든밸류빌,새천년골든밸류빌,,,TRADE_29E2A747027D,unmatched,0.0,26.66666666666667,25,금정구|수림로72번길|146,금정구|구서동|413-8,True
26410,구서동,415-20,경희빌리지,경희빌리지,,,TRADE_7956075B4312,unmatched,0.0,22.22222222222222,25,금정구|수림로50번길|130,금정구|구서동|415-20,True
26410,부곡동,392-4,영화,영화,,,TRADE_9C75AE64C93A,unmatched,0.0,33.333333333333336,27,금정구|동현로16번길|65,금정구|부곡동|392-4,True
26410,구서동,177-8,대성파크,대성파크,,,TRADE_B1A37FAEE85C,unmatched,0.0,33.333333333333336,25,금정구|중앙대로1944번길|16,금정구|구서동|177-8,True
26470,연산동,412-1,남산,남산,,,TRADE_3C38768F03D8,unmatched,0.0,33.333333333333336,65,연제구|과정로225번길|15,연제구|연산동|412-1,True
26470,연산동,1492-2,해피모아빌,해피모아빌,,,TRADE_DB96121845A7,unmatched,0.0,42.85714285714286,65,연제구|거제천로118번길|60,연제구|연산동|1492-2,True
26470,연산동,1386-4,목련빌라,목련빌라,,,TRADE_BE82643AF322,unmatched,0.0,22.22222222222222,65,연제구|거제천로124번길|53,연제구|연산동|1386-4,True
26470,연산동,1502-18,디아이하우스,디아이하우스,,,TRADE_243922B4D958,unmatched,0.0,36.36363636363637,65,연제구|신촌로23번길|40-6,연제구|연산동|1502-18,True
26470,연산동,719-6,태경썬하우스텔,태경썬하우스텔,,,TRADE_262D2BD32264,unmatched,0.0,18.181818181818176,65,연제구|월드컵대로79번길|11,연제구|연산동|719-6,True
26470,연산동,719-5,태경썬하우스텔,태경썬하우스텔(719-5),,,TRADE_6F752E08CC5F,unmatched,0.0,18.181818181818176,65,연제구|월드컵대로73번길|10,연제구|연산동|719-5,True
26470,연산동,1829-11,성림,성림(1829-11),,,TRADE_BD6F6808DCBB,unmatched,0.0,33.333333333333336,65,연제구|연미로13번길|8,연제구|연산동|1829-11,True
26470,연산동,408-14,부림,부림(408-14),,,TRADE_AA4F6621D15E,unmatched,0.0,25.0,65,연제구|과정로251번길|25,연제구|연산동|408-14,True
26470,연산동,472-8,공영,공영,,,TRADE_720BC1C5B4D2,unmatched,0.0,33.333333333333336,65,연제구|과정로164번길|31,연제구|연산동|472-8,True
26470,연산동,405-4,태광,태광(405-4),,,TRADE_E4A896CC1ABC,unmatched,0.0,0.0,65,연제구|과정로191번가길|16,연제구|연산동|405-4,True
26470,연산동,706-2,동양,동양(706-2),,,TRADE_A204D7B0921D,unmatched,0.0,33.333333333333336,65,연제구|중앙대로1076번길|18,연제구|연산동|706-2,True
26470,연산동,1495-3,수강드림빌라드,수강드림빌라드,,,TRADE_93A3497B08FA,unmatched,0.0,25.0,65,연제구|거제천로118번길|38,연제구|연산동|1495-3,True
26470,연산동,588-5,연산아이브,연산아이브,,,TRADE_1B704DDFC9A8,unmatched,0.0,66.66666666666667,65,연제구|중앙대로1134번길|46,연제구|연산동|588-5,True
26470,연산동,1310-15,홍림베스트빌,홍림베스트빌,,,TRADE_7AE2AB3EDAA3,unmatched,0.0,50.0,65,연제구|중앙대로1054번길|18,연제구|연산동|1310-15,True
26470,연산동,579-10,상아노블빌라,상아노블빌라,,,TRADE_B0BC0F2A9D5E,unmatched,0.0,18.181818181818176,65,연제구|중앙대로1150번길|45,연제구|연산동|579-10,True
26500,광안동,775-3,동신빌라트,동신빌라트(775-3),,,TRADE_2D07876CF1D6,unmatched,0.0,33.333333333333336,22,수영구|수영로|553-9,수영구|광안동|775-3,True
26500,민락동,1-4,화인아트,화인아트,,,TRADE_D5652CFE5CFF,unmatched,0.0,18.181818181818176,13,수영구|광안해변로|459-5,수영구|민락동|1-4,True
26500,광안동,175-3,월드파크5,월드파크5,,,TRADE_A5A3D0B5A20D,unmatched,0.0,40.0,22,수영구|남천바다로21번길|70,수영구|광안동|175-3,True
26500,광안동,740-5,황희그린빌,황희그린빌,,,TRADE_F8FB24F2A8F9,unmatched,0.0,44.44444444444444,22,수영구|장대골로|8,수영구|광안동|740-5,True
26500,광안동,739-5,이수빌라,이수빌라,,,TRADE_E8422C6CBDA4,unmatched,0.0,25.0,22,수영구|장대골로|14,수영구|광안동|739-5,True
26500,광안동,116-22,장원드림타워,장원드림타워,,,TRADE_F7F70940A26D,unmatched,0.0,25.0,22,수영구|무학로9번길|11,수영구|광안동|116-22,True
26500,광안동,490-9,대로베스타빌,대로베스타빌,,,TRADE_B918EE5C34EA,unmatched,0.0,15.384615384615385,22,수영구|광일로|8-8,수영구|광안동|490-9,True
26500,망미동,962-6,부일,부일,,,TRADE_FE32441BDE82,unmatched,0.0,0.0,12,수영구|연수로249번길|11,수영구|망미동|962-6,True
26500,망미동,413-1,망미스위트빌,망미스위트빌,,,TRADE_67AF35F819D8,unmatched,0.0,61.53846153846154,12,수영구|망미번영로55번길|93,수영구|망미동|413-1,True
26500,수영동,50-27,수영동아성퍼스트힐,수영동아성퍼스트힐,,,TRADE_2D17A41A732F,unmatched,0.0,42.10526315789473,3,수영구|수영로705번길|37-18,수영구|수영동|50-27,True
26500,민락동,1-10,리버힐즈,리버힐즈,,,TRADE_B550CC487661,unmatched,0.0,15.384615384615385,13,수영구|광안해변로|459-10,수영구|민락동|1-10,True
26500,남천동,486-3,남강하이빌,남강하이빌,,,TRADE_E1D77375DA0A,unmatched,0.0,44.44444444444444,14,수영구|수영로383번길|49,수영구|남천동|486-3,True
26500,망미동,404-15,햇살가득한집,햇살가득한집,,,TRADE_61A10498CFDE,unmatched,0.0,19.999999999999996,12,수영구|과정로42번길|50,수영구|망미동|404-15,True
26500,수영동,456-10,해운맨숀,해운맨숀,,,TRADE_3410240F329B,unmatched,0.0,14.28571428571429,3,수영구|연수로391번길|5,수영구|수영동|456-10,True
26500,남천동,69-14,세종엠스테이,세종엠-스테이Ⅱ,,,TRADE_F565230433ED,unmatched,0.0,35.29411764705882,14,수영구|수영로|413-1,수영구|남천동|69-14,True
26530,주례동,630,금오리치,금오리치,,,TRADE_7C30D6675A2D,unmatched,0.0,19.999999999999996,23,사상구|동주로16번길|6-7,사상구|주례동|630,True
26530,주례동,152-20,주례,주례,,,TRADE_C7D6A01FCD3D,unmatched,0.0,66.66666666666667,23,사상구|가야대로344번길|10,사상구|주례동|152-20,True
26530,주례동,1231-12,한영빌라,한영빌라,,,TRADE_1C47A82EF0C5,unmatched,0.0,25.0,23,사상구|주감로|164,사상구|주례동|1231-12,True
26530,괘법동,161,두송그린파크빌a동,두송그린파크빌A동,,,TRADE_0ADB1C17B05B,unmatched,0.0,22.22222222222222,11,사상구|광장로105번길|76,사상구|괘법동|161,True
26530,학장동,585-78,삼광,삼광(585-78),,,TRADE_211CBB17385E,unmatched,0.0,33.333333333333336,17,사상구|대동로159번길|123,사상구|학장동|585-78,True
26530,괘법동,549-6,파밀리아,파밀리아,,,TRADE_0868E1534B2D,unmatched,0.0,15.384615384615385,11,사상구|사상로170번길|27,사상구|괘법동|549-6,True
26710,기장읍청강리,60-1,청강리더스빌,청강리더스빌,,,TRADE_A51678C0AA39,unmatched,0.0,0.0,0,기장군|차성남로|105,기장군|기장읍청강리|60-1,True
26710,기장읍동부리,378-3,동호그린빌라,동호그린빌라,,,TRADE_70F0709C7D9D,unmatched,0.0,0.0,0,기장군|차성동로|136,기장군|기장읍동부리|378-3,True
26710,기장읍대라리,125-6,모드니하이츠,모드니하이츠,,,TRADE_B30F8E291C56,unmatched,0.0,0.0,0,기장군|차성동로45번길|32,기장군|기장읍대라리|125-6,True
26710,기장읍동부리,166,동부스위트,동부스위트,,,TRADE_D6A7CD60822E,unmatched,0.0,0.0,0,기장군|차성로|304-4,기장군|기장읍동부리|166,True
26710,기장읍동부리,395-3,혜성빌라,혜성빌라,,,TRADE_7F1C1C195466,unmatched,0.0,0.0,0,기장군|배산로68번길|3,기장군|기장읍동부리|395-3,True
26710,기장읍교리,352-2,전원그린맨션a,전원그린맨션A,,,TRADE_1DC9F2A8C04B,unmatched,0.0,0.0,0,기장군|차성동로|164,기장군|기장읍교리|352-2,True
26110,대청동4가,81-48,대청맨션,대청맨션,,,TRADE_10621B2B48AD,unmatched,0.0,50.0,1,중구|중구로75번길|14,중구|대청동4가|81-48,True
26110,영주동,94-1,영주빌라,영주빌라,,,TRADE_640C5B4BF7E7,unmatched,0.0,40.0,5,중구|영초길|56,중구|영주동|94-1,True
26110,영주동,285-3,한성,한성,,,TRADE_7D1F207E8A60,unmatched,0.0,0.0,5,중구|영주로12번길|10-1,중구|영주동|285-3,True
26140,암남동,482-2,대륙빌라,대륙빌라,,,TRADE_57F1AB8923C0,unmatched,0.0,40.0,14,서구|암남로|82,서구|암남동|482-2,True
26140,서대신동2가,118-7,한우리빌리지5차,한우리빌리지5차,,,TRADE_3AF59EF754C3,unmatched,0.0,12.5,3,서구|구덕로295번길|13,서구|서대신동2가|118-7,True
26140,토성동5가,32,서원스위트홈,서원스위트홈,,,TRADE_1CC48800C813,unmatched,0.0,0.0,0,서구|구덕로|138,서구|토성동5가|32,True
26140,부민동1가,10-1,서원블루오션d동,서원블루오션D동,,,TRADE_829CFFA77877,unmatched,0.0,0.0,0,서구|구덕로222번길|13,서구|부민동1가|10-1,True
26140,남부민동,643-13,민송베른시티,민송베른시티,,,TRADE_9F940BC3D3A8,unmatched,0.0,19.999999999999996,6,서구|충무대로241번길|12,서구|남부민동|643-13,True
26140,서대신동1가,112-1,정서,정서,,,TRADE_A6C09649722D,unmatched,0.0,0.0,1,서구|부용로|8,서구|서대신동1가|112-1,True
26140,서대신동2가,55-2,경남,경남,,,TRADE_412FDDB08B86,unmatched,0.0,0.0,3,서구|구덕로305번길|9,서구|서대신동2가|55-2,True
26170,초량동,920-4,구봉빌리지,구봉빌리지,,,TRADE_B8B4B1C21B14,unmatched,0.0,15.384615384615385,10,동구|초량상로65번길|29,동구|초량동|920-4,True
26170,수정동,773-1,필우파크,필우파크,,,TRADE_809A66B2E57E,unmatched,0.0,0.0,3,동구|수정공원로|36,동구|수정동|773-1,True
26170,초량동,122-22,동이라메르,동이라메르,,,TRADE_A3B081447F9A,unmatched,0.0,25.0,10,동구|홍곡로|24,동구|초량동|122-22,True
26200,남항동1가,170-1,퀸페로스,퀸페로스,,,TRADE_C7A0AF9864DE,unmatched,0.0,0.0,1,영도구|남항로31번길|15,영도구|남항동1가|170-1,True
26200,봉래동3가,154,오페라하우스,오페라하우스,,,TRADE_6A1CAD3C6E43,unmatched,0.0,0.0,0,영도구|대교로2번길|36,영도구|봉래동3가|154,True
26200,봉래동2가,112-20,페로스타워,페로스타워,,,TRADE_95CA83CFBBF6,unmatched,0.0,36.36363636363637,2,영도구|대교로14번길|35,영도구|봉래동2가|112-20,True
26200,봉래동1가,202-2,대교타운,대교타운,,,TRADE_8869CAC6D7ED,unmatched,0.0,0.0,0,영도구|대교로46번길|21,영도구|봉래동1가|202-2,True
26230,연지동,41-5,연지동백리명가에덴,연지동백리명가에덴,,,TRADE_B324B843A364,unmatched,0.0,37.5,14,부산진구|성지로8번길|40,부산진구|연지동|41-5,True
26230,가야동,599-5,마마,마마,,,TRADE_6DC8D6238C51,unmatched,0.0,0.0,12,부산진구|가야공원로|36,부산진구|가야동|599-5,True
26230,가야동,159,동아,동아,,,TRADE_E7AED6E4C4C7,unmatched,0.0,19.999999999999996,12,부산진구|가야공원로14번길|8,부산진구|가야동|159,True
26230,초읍동,379-1,협성베스트하우스,협성베스트하우스,,,TRADE_B846FD6779B8,unmatched,0.0,23.529411764705888,10,부산진구|성지로122번길|59-12,부산진구|초읍동|379-1,True
26230,개금동,515-6,글로벌타워,글로벌타워,,,TRADE_CB483EEB6F58,unmatched,0.0,14.28571428571429,23,부산진구|가야대로|458,부산진구|개금동|515-6,True
26230,부전동,417-8,hy원룸,HY원룸,,,TRADE_56BBD016647D,unmatched,0.0,15.384615384615385,7,부산진구|부전로|101,부산진구|부전동|417-8,True
26230,전포동,553-1,광후빌리지,광후빌리지,,,TRADE_03CF0D6A13C1,unmatched,0.0,19.999999999999996,23,부산진구|전포대로300번길|17,부산진구|전포동|553-1,True
26230,가야동,416-44,금수하이빌,금수하이빌,,,TRADE_C65E675BA908,unmatched,0.0,18.181818181818176,12,부산진구|대학로|76-6,부산진구|가야동|416-44,True
26230,부전동,390-26,크로바,크로바,,,TRADE_47D926DB3C54,unmatched,0.0,0.0,7,부산진구|부전로152번길|22,부산진구|부전동|390-26,True
26230,양정동,7-8,일신스카이빌,일신스카이빌,,,TRADE_C6AD05A7A9B2,unmatched,0.0,42.85714285714286,13,부산진구|연수로|64,부산진구|양정동|7-8,True
26230,초읍동,103-4,팬츠하우스,팬츠하우스,,,TRADE_C209AE6372F9,unmatched,0.0,28.57142857142857,10,부산진구|성지곡로6번길|29,부산진구|초읍동|103-4,True
26230,양정동,141-10,수목하우스,수목하우스,,,TRADE_E8C049221C05,unmatched,0.0,18.181818181818176,13,부산진구|중앙대로980번길|41,부산진구|양정동|141-10,True
26230,가야동,617-1,보광,보광(617-1),,,TRADE_45DE34FE7363,unmatched,0.0,22.22222222222222,12,부산진구|냉정로|265,부산진구|가야동|617-1,True
26260,온천동,1434-1,보수스위트홈,보수스위트홈,,,TRADE_860ECC6C53FF,unmatched,0.0,25.0,42,동래구|중앙대로1333번길|45,동래구|온천동|1434-1,True
26260,온천동,1380-19,광명캐슬,광명캐슬,,,TRADE_DD55C742BD49,unmatched,0.0,16.666666666666664,42,동래구|여고북로33번길|29,동래구|온천동|1380-19,True
26260,온천동,1378-9,대화빌,대화빌,,,TRADE_D03A0E31F1FC,unmatched,0.0,40.0,42,동래구|여고북로73번길|34,동래구|온천동|1378-9,True
26260,사직동,47-4,대성하이빌,대성하이빌,,,TRADE_325BDAC6EFEC,unmatched,0.0,22.22222222222222,19,동래구|사직북로28번길|24,동래구|사직동|47-4,True
26260,온천동,1074-9,세종빌에이동,세종빌에이동,,,TRADE_BE82FD19515A,unmatched,0.0,26.66666666666667,42,동래구|우장춘로|73,동래구|온천동|1074-9,True
26290,용호동,481-4,목련6차,목련6차,,,TRADE_6B8A287D0825,unmatched,0.0,0.0,22,남구|동명로92번길|86,남구|용호동|481-4,True
26290,대연동,40-4,영광드림타워,영광드림타워,,,TRADE_DBF5FDF693BC,unmatched,0.0,33.333333333333336,33,남구|용소로7번길|60,남구|대연동|40-4,True
26290,대연동,1797-8,동경리치타운,동경리치타운(1797-8),,,TRADE_B6D1494239B5,unmatched,0.0,33.333333333333336,33,남구|진남로|114,남구|대연동|1797-8,True
26290,문현동,250-4,대암,대암,,,TRADE_AB59927701C7,unmatched,0.0,33.333333333333336,23,남구|수영로|52,남구|문현동|250-4,True
26290,대연동,1786-1,일신,일신,,,TRADE_10A93C8E02E5,unmatched,0.0,25.0,33,남구|진남로127번길|26-8,남구|대연동|1786-1,True
26290,대연동,1802-15,부림1차,부림1차,,,TRADE_18F035704FF4,unmatched,0.0,19.999999999999996,33,남구|진남로|100,남구|대연동|1802-15,True
26290,문현동,474-1,스카이빌리지2,스카이빌리지2,,,TRADE_FF5A4DF0ED62,unmatched,0.0,18.181818181818176,23,남구|전포대로40번길|37,남구|문현동|474-1,True
26290,대연동,882-18,동경시티빌,동경시티빌,,,TRADE_BA3236D92C10,unmatched,0.0,33.333333333333336,33,남구|유엔평화로47번길|9,남구|대연동|882-18,True
26320,덕천동,347-5,북부맨션,북부맨션,,,TRADE_D2EB5168F49D,unmatched,0.0,40.0,16,북구|만덕대로15번길|30,북구|덕천동|347-5,True
26320,구포동,1235-20,신진1차,신진1차,,,TRADE_492E2240A77F,unmatched,0.0,33.333333333333336,22,북구|시랑로141번길|9,북구|구포동|1235-20,True
26320,화명동,892,프라임시티,프라임시티,,,TRADE_CB4582776187,unmatched,0.0,18.181818181818176,29,북구|금곡대로200번길|31,북구|화명동|892,True
26320,구포동,307,어반빌리지,어반빌리지,,,TRADE_5B078C1007AA,unmatched,0.0,18.181818181818176,22,북구|구포만세길|163,북구|구포동|307,True
26350,재송동,1051-1,남양로얄타운,남양로얄타운,,,TRADE_32E378FF42B5,unmatched,0.0,40.0,31,해운대구|해운대로81번길|78,해운대구|재송동|1051-1,True
26350,중동,1508-16,크라운빌라,크라운빌라,,,TRADE_1A1B43614056,unmatched,0.0,30.76923076923077,29,해운대구|달맞이길65번길|128,해운대구|중동|1508-16,True
26380,괴정동,1071-7,동아빌,동아빌,,,TRADE_6AFEAD6F876D,unmatched,0.0,40.0,29,사하구|승학로161번길|90,사하구|괴정동|1071-7,True
26380,하단동,605-1,궁전시티빌,궁전시티빌,,,TRADE_78BCE55BE7CA,unmatched,0.0,25.0,12,사하구|동매로29번길|22,사하구|하단동|605-1,True
26380,괴정동,203-57,대티은하,대티은하,,,TRADE_23E457C1CAEA,unmatched,0.0,36.36363636363637,29,사하구|대티로59번길|50,사하구|괴정동|203-57,True
26380,당리동,33-4,당리동신동아,당리동신동아(33-4),,,TRADE_5B7CF550365C,unmatched,0.0,60.0,16,사하구|제석로95번길|22-3,사하구|당리동|33-4,True
26380,감천동,578-1,삼정동백,삼정동백,,,TRADE_5E6887A2BE25,unmatched,0.0,25.0,10,사하구|감천로21번길|20,사하구|감천동|578-1,True
26380,괴정동,1076-19,은하,은하(1076-19),,,TRADE_0B4441B21B26,unmatched,0.0,28.57142857142857,29,사하구|승학로161번길|30,사하구|괴정동|1076-19,True
26380,다대동,854,유림예다움,유림예다움,,,TRADE_AACAE10599C8,unmatched,0.0,25.0,28,사하구|다대동로|49-1,사하구|다대동|854,True
26380,괴정동,764-50,부경솔리드101동,부경솔리드101동,,,TRADE_B68F77495C5C,unmatched,0.0,25.0,29,사하구|낙동대로280번길|32,사하구|괴정동|764-50,True
26380,하단동,898-1,더클래식시티,더클래식시티,,,TRADE_6E427169D79F,unmatched,0.0,35.29411764705882,12,사하구|동매로5번길|20,사하구|하단동|898-1,True
26380,괴정동,172-2,부영,부영(172-2),,,TRADE_6A418B83A14D,unmatched,0.0,0.0,29,사하구|낙동대로|96,사하구|괴정동|172-2,True
26380,괴정동,764-112,노블레스,노블레스(764-112),,,TRADE_0305F15C3833,unmatched,0.0,22.22222222222222,29,사하구|승학로|185,사하구|괴정동|764-112,True
26380,괴정동,467,호암르네상스,호암르네상스,,,TRADE_CAEF7B8BCA4E,unmatched,0.0,18.181818181818176,29,사하구|오작로|6,사하구|괴정동|467,True
26380,하단동,589-12,부영,부영,,,TRADE_02DC76FE711D,unmatched,0.0,33.333333333333336,12,사하구|낙동남로|1416,사하구|하단동|589-12,True
26380,괴정동,207-10,퍼스트클래스,퍼스트클래스,,,TRADE_ECEF8096FDF9,unmatched,0.0,61.53846153846154,29,사하구|대티로|23,사하구|괴정동|207-10,True
26380,하단동,870-98,지오빌1,지오빌1(A동),,,TRADE_CFFCB937494E,unmatched,0.0,40.0,12,사하구|하신중앙로313번길|84,사하구|하단동|870-98,True
26380,하단동,616-7,유진1,유진1,,,TRADE_0AD70139355B,unmatched,0.0,28.57142857142857,12,사하구|낙동대로457번길|46,사하구|하단동|616-7,True
26380,하단동,870-311,프론티어빌2,프론티어빌2,,,TRADE_775198AE98B5,unmatched,0.0,16.666666666666664,12,사하구|낙동남로1353번길|8,사하구|하단동|870-311,True
26380,하단동,885-2,에덴빌리지,에덴빌리지,,,TRADE_9F936EB0BDC9,unmatched,0.0,18.181818181818176,12,사하구|하신번영로320번길|6,사하구|하단동|885-2,True
26380,하단동,617-6,아람,아람,,,TRADE_62CC5528B8CF,unmatched,0.0,25.0,12,사하구|낙동대로457번길|16,사하구|하단동|617-6,True
26410,구서동,86-17,아름베스트빌6차,아름베스트빌6차,,,TRADE_E491DC3F07EB,unmatched,0.0,15.384615384615385,25,금정구|금정로233번길|53,금정구|구서동|86-17,True
26410,구서동,819,홍원주택,홍원주택,,,TRADE_7D51A1248206,unmatched,0.0,19.999999999999996,25,금정구|금강로578번길|20-6,금정구|구서동|819,True
26410,장전동,505-26,금강가든빌,금강가든빌,,,TRADE_6ED3E4CC6F29,unmatched,0.0,33.333333333333336,17,금정구|금샘로17번길|21,금정구|장전동|505-26,True
26410,구서동,86-49,한진스카이뷰,한진스카이뷰,,,TRADE_A216FF32D655,unmatched,0.0,30.76923076923077,25,금정구|금정로233번길|79,금정구|구서동|86-49,True
26410,남산동,48-5,우일아내트,우일아내트,,,TRADE_0E51632E3C57,unmatched,0.0,16.666666666666664,8,금정구|팔송로7번길|39,금정구|남산동|48-5,True
26410,청룡동,142-10,네오밸리스,네오밸리스,,,TRADE_4F86977FF0A7,unmatched,0.0,14.28571428571429,4,금정구|놀이마당로|14,금정구|청룡동|142-10,True
26410,서동,64,서동아신,서동아신,,,TRADE_877DB02D8164,unmatched,0.0,50.0,4,금정구|서금로67번길|34,금정구|서동|64,True
26410,부곡동,64-28,위클라우드16차,위클라우드16차,,,TRADE_A35AF7AF079E,unmatched,0.0,16.666666666666664,27,금정구|중앙대로1763번길|36-10,금정구|부곡동|64-28,True
26410,구서동,1018-19,구서빌라1동,구서빌라1동,,,TRADE_1E040D62374E,unmatched,0.0,60.0,25,금정구|두실로45번길|71,금정구|구서동|1018-19,True
26410,구서동,775-9,일화그린,일화그린,,,TRADE_CD76DEEC66F3,unmatched,0.0,40.0,25,금정구|중앙대로1841번안길|11,금정구|구서동|775-9,True
26470,연산동,1480-9,세명플러스빌,세명플러스빌,,,TRADE_B2FB1AE133A0,unmatched,0.0,23.529411764705888,65,연제구|거제천로118번길|27,연제구|연산동|1480-9,True
26470,연산동,1495-22,신화시티빌,신화시티빌,,,TRADE_9858D38EB19D,unmatched,0.0,36.36363636363637,65,연제구|거제천로118번길|34,연제구|연산동|1495-22,True
26470,연산동,655-36,하이텔빌리지,하이텔빌리지,,,TRADE_767D475E1D9D,unmatched,0.0,54.54545454545454,65,연제구|월드컵대로58번길|47,연제구|연산동|655-36,True
26470,연산동,472-2,부영맨션,부영맨션,,,TRADE_FDF3FDEB87C5,unmatched,0.0,40.0,65,연제구|고분로241번길|50,연제구|연산동|472-2,True
26470,연산동,1288-21,태안,태안,,,TRADE_C0DDE7A3D748,unmatched,0.0,25.0,65,연제구|중앙대로1075번길|26,연제구|연산동|1288-21,True
26500,남천동,44-10,진흥목화,진흥목화,,,TRADE_16C4E460FF2C,unmatched,0.0,19.999999999999996,14,수영구|수영로481번길|14,수영구|남천동|44-10,True
26500,광안동,1059-22,광민파크빌,광민파크빌,,,TRADE_B821D4F1F32E,unmatched,0.0,30.76923076923077,22,수영구|망미번영로38번길|55,수영구|광안동|1059-22,True
26500,남천동,48-3,오션스카이남천,오션스카이남천,,,TRADE_F63E4A063087,unmatched,0.0,44.44444444444444,14,수영구|수영로|471,수영구|남천동|48-3,True
26500,광안동,107-1,부흥맨션,부흥맨션,,,TRADE_AF4C327321DB,unmatched,0.0,15.384615384615385,22,수영구|감포로|47,수영구|광안동|107-1,True
26500,민락동,144-3,백산타워빌라,백산타워빌라,,,TRADE_81B7BB04C1D7,unmatched,0.0,15.384615384615385,13,수영구|무학로63번길|82,수영구|민락동|144-3,True
26530,감전동,252-1,진원하이빌1차,진원하이빌1차,,,TRADE_219B468861F4,unmatched,0.0,15.384615384615385,2,사상구|백양대로572번길|17-5,사상구|감전동|252-1,True
26530,엄궁동,567-9,휴그린,휴그린,,,TRADE_3E791B15DB06,unmatched,0.0,0.0,12,사상구|낙동대로|784-13,사상구|엄궁동|567-9,True
26530,괘법동,480-9,협성베스트빌,협성베스트빌,,,TRADE_683854F83B27,unmatched,0.0,50.0,11,사상구|광장로104번길|7,사상구|괘법동|480-9,True
26710,기장읍대라리,185-3,주명a동,주명아파트A동,,,TRADE_2D0BED1A9548,unmatched,0.0,0.0,0,기장군|대청로22번길|54,기장군|기장읍대라리|185-3,True
26710,기장읍대라리,172-12,가화랜드빌기장1차,가화랜드빌기장1차,,,TRADE_CDEE45B4F683,unmatched,0.0,0.0,0,기장군|차성로216번길|26,기장군|기장읍대라리|172-12,True
26710,일광읍삼성리,35-2,해찬솔,해찬솔,,,TRADE_61D3A99A8D30,unmatched,0.0,0.0,0,기장군|삼성2길|10,기장군|일광읍삼성리|35-2,True
26710,기장읍대라리,165-14,베로나,베로나,,,TRADE_D7CBB5688666,unmatched,0.0,0.0,0,기장군|대청로|24,기장군|기장읍대라리|165-14,True
26710,기장읍대라리,921,지우푸른마을,지우푸른마을,,,TRADE_13E453BEC1B3,unmatched,0.0,0.0,0,기장군|차성서로101번길|13,기장군|기장읍대라리|921,True
26110,보수동3가,58,신보수맨션,신보수맨션,,,TRADE_1CE73E07E106,unmatched,0.0,0.0,0,중구|흑교로67번길|37,중구|보수동3가|58,True
26140,서대신동3가,35-1,화인,화인,,,TRADE_F9E18A9D484F,unmatched,0.0,0.0,8,서구|보수대로|311,서구|서대신동3가|35-1,True
26140,동대신동1가,333-8,동대신동미소지음3차주상복합,동대신동미소지음3차주상복합아파트,,,TRADE_59316CA8B255,unmatched,0.0,34.78260869565217,1,서구|흑교로|102,서구|동대신동1가|333-8,True
26140,동대신동2가,367,골든캐슬,골든캐슬,,,TRADE_E016F6F51B3F,unmatched,0.0,0.0,1,서구|구덕로|310,서구|동대신동2가|367,True
26140,초장동,75-20,초원맨션,초원맨션,,,TRADE_C80E96ACFCBA,unmatched,0.0,0.0,0,서구|초장로27번길|38,서구|초장동|75-20,True
26170,범일동,182,로젠하임,로젠하임,,,TRADE_FC2C4081ADEA,unmatched,0.0,12.5,9,동구|정공단로|44,동구|범일동|182,True
26170,좌천동,476-1,센텀타워,센텀타워,,,TRADE_0F9BDB1C2BE0,unmatched,0.0,16.666666666666664,5,동구|중앙대로|459-7,동구|좌천동|476-1,True
26200,동삼동,227-233,태종파크맨션,태종파크맨션(227-233),,,TRADE_66A58DF589CA,unmatched,0.0,33.333333333333336,23,영도구|웃서발로|15,영도구|동삼동|227-233,True
26230,양정동,271-9,양정퀸즈더블유에디션,양정퀸즈더블유에디션,,,TRADE_A45D7D44A3B9,unmatched,0.0,47.05882352941176,13,부산진구|연수로|37,부산진구|양정동|271-9,True
26230,초읍동,540-11,초읍그린,초읍그린,,,TRADE_B3EBBCE01E41,unmatched,0.0,66.66666666666667,10,부산진구|성지로114번길|48,부산진구|초읍동|540-11,True
26230,부전동,410-5,부영,부영,,,TRADE_4BBF939403E6,unmatched,0.0,0.0,7,부산진구|가야대로755번길|55-4,부산진구|부전동|410-5,True
26230,범천동,735-6,토운모닝톤,토운모닝톤,,,TRADE_3B57348A6103,unmatched,0.0,0.0,24,부산진구|범일로131번길|43,부산진구|범천동|735-6,True
26230,개금동,177-380,파스텔하이빌,파스텔하이빌,,,TRADE_4179A452E22F,unmatched,0.0,18.181818181818176,23,부산진구|냉정로|205,부산진구|개금동|177-380,True
26260,온천동,345-18,행복한집,행복한집,,,TRADE_A920E9FC5033,unmatched,0.0,18.181818181818176,42,동래구|금강로61번길|28,동래구|온천동|345-18,True
26260,온천동,94-20,용진스타티스,용진스타티스,,,TRADE_C2A7D4199828,unmatched,0.0,36.36363636363637,42,동래구|금강로|148,동래구|온천동|94-20,True
26260,온천동,345-6,태건빌리지,태건빌리지,,,TRADE_9547F151FA60,unmatched,0.0,30.76923076923077,42,동래구|차밭골로37번길|50,동래구|온천동|345-6,True
26260,사직동,72-13,미소마을,미소마을,,,TRADE_FE7249F7FE1C,unmatched,0.0,0.0,19,동래구|아시아드대로171번길|42,동래구|사직동|72-13,True
26260,명륜동,567-3,로얄캐슬,로얄캐슬,,,TRADE_8136A0444116,unmatched,0.0,36.36363636363637,12,동래구|명륜로|140,동래구|명륜동|567-3,True
26260,온천동,1380-25,화성빌라트,화성빌라트,,,TRADE_3CDC443F6E6B,unmatched,0.0,28.57142857142857,42,동래구|여고북로33번길|43,동래구|온천동|1380-25,True
26290,대연동,1748-5,동경쉐르빌,동경쉐르빌,,,TRADE_5EFCFF167FF6,unmatched,0.0,50.0,33,남구|유엔평화로10번길|5,남구|대연동|1748-5,True
26290,대연동,1509-26,대동그린빌,대동그린빌,,,TRADE_1A4B87AE7293,unmatched,0.0,66.66666666666667,33,남구|진남로|64,남구|대연동|1509-26,True
26290,대연동,1375-1,크로바,크로바(2동),,,TRADE_0D22C4A34246,unmatched,0.0,22.22222222222222,33,남구|수영로219번길|11,남구|대연동|1375-1,True
26290,용호동,524-1,금호천지,금호천지,,,TRADE_0247343880E0,unmatched,0.0,30.76923076923077,22,남구|용호로231번길|100,남구|용호동|524-1,True
26320,구포동,1059,중앙,중앙,,,TRADE_2571EAD65090,unmatched,0.0,0.0,22,북구|가람로|12-2,북구|구포동|1059,True
26320,덕천동,291-4,동성베스트빌라,동성베스트빌라,,,TRADE_1DC564D06812,unmatched,0.0,22.22222222222222,16,북구|덕천로|46-2,북구|덕천동|291-4,True
26350,재송동,1145-1,보라스카이타운,보라스카이타운,,,TRADE_C8E0043CB207,unmatched,0.0,40.0,31,해운대구|재반로|150,해운대구|재송동|1145-1,True
26380,괴정동,314-42,목련,목련(B),,,TRADE_CD6F7F27EECD,unmatched,0.0,0.0,29,사하구|낙동대로140번길|27,사하구|괴정동|314-42,True
26380,신평동,166-4,그린파크,그린파크,,,TRADE_06970E9FE683,unmatched,0.0,19.999999999999996,15,사하구|장평로301번길|15,사하구|신평동|166-4,True
26380,감천동,828-27,경림감천,경림감천,,,TRADE_781BF22EE9E2,unmatched,0.0,50.0,10,사하구|사하로|105,사하구|감천동|828-27,True
26380,하단동,885-1,옥돌골든아르빌2,옥돌골든아르빌2,,,TRADE_C536F90DAE85,unmatched,0.0,14.28571428571429,12,사하구|하신번영로|320,사하구|하단동|885-1,True
26380,다대동,1201,광남하이츠빌라a동,광남하이츠빌라A동,,,TRADE_9B4CD56CDA2A,unmatched,0.0,42.85714285714286,28,사하구|다대로530번길|6,사하구|다대동|1201,True
26410,장전동,365-4,동아,동아,,,TRADE_7677B83782E0,unmatched,0.0,28.57142857142857,17,금정구|장전온천천로105번길|3,금정구|장전동|365-4,True
26410,구서동,260-20,대신하이츠빌라,대신하이츠빌라,,,TRADE_7BBC0E650C36,unmatched,0.0,18.181818181818176,25,금정구|금강로445번길|20,금정구|구서동|260-20,True
26410,구서동,184-24,산들파르테2차,산들파르테2차,,,TRADE_26AA1EC2E1A5,unmatched,0.0,18.181818181818176,25,금정구|구서중앙로|6,금정구|구서동|184-24,True
26410,구서동,86-11,조은,조은아파트,,,TRADE_C02A6229A53E,unmatched,0.0,0.0,25,금정구|수림로50번길|196-3,금정구|구서동|86-11,True
26410,청룡동,632-4,우창그랜드빌라,우창그랜드빌라,,,TRADE_78FB24A0A958,unmatched,0.0,13.33333333333333,4,금정구|청룡로62번길|15-5,금정구|청룡동|632-4,True
26410,구서동,86-25,에이스하임,에이스하임,,,TRADE_FF6255ECEC1D,unmatched,0.0,15.384615384615385,25,금정구|수림로50번길|202-5,금정구|구서동|86-25,True
26410,남산동,73-4,삼보하이빌,삼보하이빌,,,TRADE_A81509CD545B,unmatched,0.0,40.0,8,금정구|중앙대로2001번길|32,금정구|남산동|73-4,True
26470,연산동,70-3,토곡경림빌라,토곡경림빌라,,,TRADE_5E7895A8AC4B,unmatched,0.0,30.76923076923077,65,연제구|토곡로9번길|16,연제구|연산동|70-3,True
26470,연산동,1480-8,석주아트빌,석주아트빌,,,TRADE_234D218985BD,unmatched,0.0,22.22222222222222,65,연제구|거제천로118번길|31,연제구|연산동|1480-8,True
26470,연산동,346-1,삼경,삼경,,,TRADE_8F629F1E3FC4,unmatched,0.0,33.333333333333336,65,연제구|과정로294번가길|26,연제구|연산동|346-1,True
26470,연산동,1498-2,우정하이빌,우정하이빌,,,TRADE_41BCE54F1FA0,unmatched,0.0,60.0,65,연제구|월드컵대로165번길|91,연제구|연산동|1498-2,True
26470,거제동,1088-2,거제센텀,거제센텀,,,TRADE_1EF97FF4B92B,unmatched,0.0,54.54545454545454,41,연제구|월드컵대로252번길|13,연제구|거제동|1088-2,True
26500,남천동,10-14,남천알파타워,남천알파타워,,,TRADE_36F0AEA7D410,unmatched,0.0,61.53846153846154,14,수영구|광남로10번길|15-8,수영구|남천동|10-14,True
26500,망미동,407-2,협진태양맨션b동,협진태양맨션B동,,,TRADE_CF5E3663A9BB,unmatched,0.0,13.33333333333333,12,수영구|망미번영로63번길|68,수영구|망미동|407-2,True
26500,광안동,122-6,이린타워빌8,이린타워빌8,,,TRADE_AE1F729C8CE1,unmatched,0.0,28.57142857142857,22,수영구|수영로606번길|73,수영구|광안동|122-6,True
26530,괘법동,552-18,괘법맨션,괘법맨션,,,TRADE_4FAB5EAC16E8,unmatched,0.0,50.0,11,사상구|사상로|148,사상구|괘법동|552-18,True
26530,감전동,272-1,한영,한영,,,TRADE_732161062C11,unmatched,0.0,0.0,2,사상구|백양대로561번길|26,사상구|감전동|272-1,True
26710,장안읍명례리,924-12,명례솔터시티,명례솔터시티,,,TRADE_B255FA848FE2,unmatched,0.0,0.0,0,기장군|명례산단3로|15,기장군|장안읍명례리|924-12,True
26710,기장읍교리,345-9,원남빌라,원남빌라,,,TRADE_D68214AD87E4,unmatched,0.0,0.0,0,기장군|차성동로|159-8,기장군|기장읍교리|345-9,True
26110,부평동4가,24-2,목연정m팰리스,목연정M팰리스,,,TRADE_41390F2E8FBF,unmatched,0.0,0.0,0,중구|흑교로21번길|17,중구|부평동4가|24-2,True
26140,암남동,29-9,보강빌라,보강빌라,,,TRADE_AA9C11777BB9,unmatched,0.0,40.0,14,서구|성산길|23,서구|암남동|29-9,True
26140,토성동3가,13-2,중보빌라,중보빌라,,,TRADE_421A7B1F1EA0,unmatched,0.0,0.0,0,서구|구덕로150번길|25,서구|토성동3가|13-2,True
26140,서대신동3가,453-2,구덕,구덕,,,TRADE_5AF409A89B0A,unmatched,0.0,66.66666666666667,8,서구|망양로|10,서구|서대신동3가|453-2,True
26170,수정동,489-16,용문아트빌,용문아트빌,,,TRADE_40DDBA6A5BD6,unmatched,0.0,22.22222222222222,3,동구|수정공원로|122,동구|수정동|489-16,True
26170,초량동,865-171,화신2,화신2,,,TRADE_B2C03E365C9D,unmatched,0.0,57.14285714285714,10,동구|망양로|516,동구|초량동|865-171,True
26170,범일동,547-11,센추리빌라,센추리빌라,,,TRADE_B4E315915B85,unmatched,0.0,16.666666666666664,9,동구|자성로|104-5,동구|범일동|547-11,True
26200,영선동1가,33-5,청성아트,청성아트(33-5),,,TRADE_A4192B2F9C19,unmatched,0.0,0.0,0,영도구|절영로29번길|58,영도구|영선동1가|33-5,True
26230,부전동,27-1,전자종합상가,전자종합상가,,,TRADE_E977A8F421CA,unmatched,0.0,0.0,7,부산진구|부전로|196,부산진구|부전동|27-1,True
26230,부전동,122-1,삼성비치타운,삼성비치타운,,,TRADE_881B7692D27A,unmatched,0.0,26.66666666666667,7,부산진구|중앙대로756번길|18-10,부산진구|부전동|122-1,True
26230,가야동,5-43,영진,영진(5-43),,,TRADE_5F68CE9A331D,unmatched,0.0,0.0,12,부산진구|가야대로668번가길|9,부산진구|가야동|5-43,True
26230,양정동,319-1,피렌체,피렌체,,,TRADE_4FD90EAD6EB8,unmatched,0.0,0.0,13,부산진구|중앙대로941번길|43,부산진구|양정동|319-1,True
26230,초읍동,270-15,동아블루시아,동아블루시아,,,TRADE_7754B52A8F04,unmatched,0.0,14.28571428571429,10,부산진구|성지로153번길|190,부산진구|초읍동|270-15,True
26230,범천동,1115,폴더윈하이츠,폴더윈하이츠,,,TRADE_5745E558D080,unmatched,0.0,18.181818181818176,24,부산진구|신암로155번길|11,부산진구|범천동|1115,True
26260,명장동,508-68,까치,까치,,,TRADE_1B4775B6C549,unmatched,0.0,0.0,13,동래구|시실로167번길|53,동래구|명장동|508-68,True
26260,낙민동,222-7,동우빌라,동우빌라,,,TRADE_A8315480041F,unmatched,0.0,50.0,13,동래구|충렬대로272번길|8,동래구|낙민동|222-7,True
26260,낙민동,265,부일스톤캐슬,부일스톤캐슬,,,TRADE_B11D28641313,unmatched,0.0,25.0,13,동래구|충렬대로255번길|12,동래구|낙민동|265,True
26290,대연동,1797-12,동경리치타운102동,동경리치타운102동,,,TRADE_66B4B21B3035,unmatched,0.0,25.0,33,남구|진남로|112,남구|대연동|1797-12,True
26290,대연동,1509-7,대동하이츠빌,대동하이츠빌,,,TRADE_E5920ED6A69D,unmatched,0.0,46.15384615384615,33,남구|못골번영로39번길|9,남구|대연동|1509-7,True
26290,대연동,376-1,린다비스타,린다비스타,,,TRADE_CD2CC3E67A4E,unmatched,0.0,36.36363636363637,33,남구|수영로266번길|15-1,남구|대연동|376-1,True
26290,용호동,40-1,태창맨션,태창맨션,,,TRADE_A5B68C044BE4,unmatched,0.0,40.0,22,남구|동명로101번길|144,남구|용호동|40-1,True
26290,우암동,129-1,석천,석천,,,TRADE_26E6B7887A58,unmatched,0.0,0.0,10,남구|우암양달로75번길|21,남구|우암동|129-1,True
26290,용호동,555-1,,(용호맨션),,,TRADE_FA7A48A8B617,unmatched,0.0,0.0,0,남구|용호로232번길|7,남구|용호동|555-1,True
26290,문현동,466-11,문현오름캐슬,문현오름캐슬,,,TRADE_FC9E269CCAB2,unmatched,0.0,40.0,23,남구|전포대로40번길|23,남구|문현동|466-11,True
26350,재송동,1041-9,이화맨션,이화맨션,,,TRADE_0CEBA92B16CF,unmatched,0.0,22.22222222222222,31,해운대구|해운대로81번가길|16,해운대구|재송동|1041-9,True
26350,재송동,1144-6,송남맨션,송남맨션,,,TRADE_24F9ED627FAB,unmatched,0.0,25.0,31,해운대구|재반로|142-11,해운대구|재송동|1144-6,True
26350,송정동,198-6,서진늘해랑,서진늘해랑,,,TRADE_D6649A180D34,unmatched,0.0,14.28571428571429,5,해운대구|송정중앙로9번길|12,해운대구|송정동|198-6,True
26350,송정동,203-19,시엘더숲,시엘더숲,,,TRADE_B143E9C1FBF7,unmatched,0.0,18.181818181818176,5,해운대구|송정중앙로33번길|12,해운대구|송정동|203-19,True
26350,중동,1490-8,상림팰리스빌,상림팰리스빌,,,TRADE_957C1B2ED811,unmatched,0.0,36.36363636363637,29,해운대구|달맞이길117번가길|120-24,해운대구|중동|1490-8,True
26350,중동,1506-3,아남하이츠4,아남하이츠4,,,TRADE_CB9AD7A33475,unmatched,0.0,40.0,29,해운대구|달맞이길117번가길|3,해운대구|중동|1506-3,True
26350,반여동,1593-19,장산상가맨션,장산상가맨션,,,TRADE_0A008E84EF09,unmatched,0.0,16.666666666666664,31,해운대구|재반로256번길|13-54,해운대구|반여동|1593-19,True
26380,괴정동,762-3,부경솔리드102동,부경솔리드102동,,,TRADE_C717EAFFC1B4,unmatched,0.0,25.0,29,사하구|낙동대로280번길|28,사하구|괴정동|762-3,True
26380,괴정동,1068-49,성림,성림,,,TRADE_4F70C28D0F28,unmatched,0.0,22.22222222222222,29,사하구|승학로161번안길|6,사하구|괴정동|1068-49,True
26380,괴정동,1282,리뷰캐슬,리뷰캐슬아파트,,,TRADE_5C463A4ED45B,unmatched,0.0,22.22222222222222,29,사하구|오작로76번길|8,사하구|괴정동|1282,True
26380,하단동,529-20,m타워,M타워,,,TRADE_3A6B45175ADA,unmatched,0.0,19.999999999999996,12,사하구|승학로3번길|19,사하구|하단동|529-20,True
26380,괴정동,34-2,남도그린빌라,남도그린빌라,,,TRADE_875CF1B4BC2F,unmatched,0.0,36.36363636363637,29,사하구|까치고개로|43,사하구|괴정동|34-2,True
26380,하단동,888-2,펄스트빌a,펄스트빌A,,,TRADE_39B8A80160A9,unmatched,0.0,15.384615384615385,12,사하구|낙동남로1347번길|25,사하구|하단동|888-2,True
26380,하단동,888-4,오현리버뷰,오현리버뷰,,,TRADE_EC44A19E22F1,unmatched,0.0,18.181818181818176,12,사하구|하신번영로|298,사하구|하단동|888-4,True
26410,구서동,472-2,신일,신일,,,TRADE_B52379628BE8,unmatched,0.0,33.333333333333336,25,금정구|수림로66번길|91,금정구|구서동|472-2,True
26410,장전동,608-33,효산,효산,,,TRADE_14EEB4C968F3,unmatched,0.0,28.57142857142857,17,금정구|온천장로|148,금정구|장전동|608-33,True
26410,남산동,989-21,전원아트빌,전원아트빌,,,TRADE_335B6396123C,unmatched,0.0,0.0,8,금정구|금샘로488번길|15,금정구|남산동|989-21,True
26410,남산동,38-4,거성빌라,거성빌라(38-4),,,TRADE_F95DC655188B,unmatched,0.0,25.0,8,금정구|금단로|151,금정구|남산동|38-4,True
26410,부곡동,218-1,동백,동백,,,TRADE_E8892F6768D2,unmatched,0.0,28.57142857142857,27,금정구|무학송로|86,금정구|부곡동|218-1,True
26410,남산동,993-38,석산6차,석산6차,,,TRADE_4EBE36FC1020,unmatched,0.0,25.0,8,금정구|금강로611번길|48,금정구|남산동|993-38,True
26410,부곡동,64-45,금계빌라트,금계빌라트,,,TRADE_A2A13529F179,unmatched,0.0,15.384615384615385,27,금정구|중앙대로1763번길|12,금정구|부곡동|64-45,True
26410,부곡동,64-36,위클라우드7차,위클라우드7차,,,TRADE_5AFB796114D9,unmatched,0.0,18.181818181818176,27,금정구|중앙대로1793번길|64,금정구|부곡동|64-36,True
26410,구서동,184-17,서원,서원,,,TRADE_03870DEB60CB,unmatched,0.0,33.333333333333336,25,금정구|두실로7번길|97,금정구|구서동|184-17,True
26410,남산동,978-3,덕산에이스빌라,덕산에이스빌라,,,TRADE_B94A20B149F7,unmatched,0.0,33.333333333333336,8,금정구|팔송로53번길|81,금정구|남산동|978-3,True
26410,구서동,260-8,구서동나우빌라트,구서동나우빌라트,,,TRADE_29DA5330C854,unmatched,0.0,50.0,25,금정구|금강로453번길|7,금정구|구서동|260-8,True
26410,남산동,978-7,진흥목화,진흥목화,,,TRADE_42FBE6CA8C07,unmatched,0.0,18.181818181818176,8,금정구|팔송로45번길|68,금정구|남산동|978-7,True
26470,연산동,603-6,동서상가,동서상가,,,TRADE_B8908751D01C,unmatched,0.0,44.44444444444444,65,연제구|반송로|22,연제구|연산동|603-6,True
26470,연산동,1261-6,대림그린빌라,대림그린빌라,,,TRADE_A49695AEBA6D,unmatched,0.0,50.0,65,연제구|월드컵대로73번길|36,연제구|연산동|1261-6,True
26470,연산동,1293-6,태안에버빌,태안에버빌,,,TRADE_53BDB3CCF135,unmatched,0.0,19.999999999999996,65,연제구|중앙대로1075번길|53,연제구|연산동|1293-6,True
26470,연산동,1386-11,명일리치빌,명일리치빌,,,TRADE_E18A431F437A,unmatched,0.0,19.999999999999996,65,연제구|거제천로124번길|55,연제구|연산동|1386-11,True
26470,거제동,572-20,태영아트빌,태영아트빌,,,TRADE_CDC67B7AC951,unmatched,0.0,19.999999999999996,41,연제구|거제대로114번길|8,연제구|거제동|572-20,True
26470,연산동,704-13,포세이돈,포세이돈,,,TRADE_9AF6D5E4609A,unmatched,0.0,25.0,65,연제구|중앙대로1056번길|19-5,연제구|연산동|704-13,True
26470,연산동,1092,연산오성빌라맨션,연산오성빌라맨션,,,TRADE_B52DB7A4F5E6,unmatched,0.0,62.5,65,연제구|고분로|140,연제구|연산동|1092,True
26500,광안동,168-12,금양드림타워,금양드림타워,,,TRADE_289B6FD27E13,unmatched,0.0,28.57142857142857,22,수영구|수영로536번길|13-3,수영구|광안동|168-12,True
26500,광안동,1078-1,송파지오스v,송파지오스V,,,TRADE_FD1E94616D30,unmatched,0.0,18.181818181818176,22,수영구|수영로|665,수영구|광안동|1078-1,True
26500,남천동,30-8,삼인스카이뷰,삼인스카이뷰,,,TRADE_2CC05A99DC99,unmatched,0.0,25.0,14,수영구|남천바다로10번길|56,수영구|남천동|30-8,True
26500,광안동,500-5,나래아트빌,나래아트빌,,,TRADE_11E5CB7DFF50,unmatched,0.0,28.57142857142857,22,수영구|광서로39번길|20,수영구|광안동|500-5,True
26710,기장읍대라리,172-4,센트럴파크빌라1차,센트럴파크빌라1차,,,TRADE_C560C414B659,unmatched,0.0,0.0,0,기장군|차성로216번길|32,기장군|기장읍대라리|172-4,True
26710,기장읍대라리,141-14,페리a동,페리A동,,,TRADE_FFF84D96A3D9,unmatched,0.0,0.0,0,기장군|차성동로25번길|25,기장군|기장읍대라리|141-14,True
26710,일광읍삼성리,716-6,세진오션파크빌,세진오션파크빌,,,TRADE_0061CD5567B6,unmatched,0.0,0.0,0,기장군|일역길|62,기장군|일광읍삼성리|716-6,True
26710,기장읍서부리,61-15,노이하우스2차,노이하우스2차,,,TRADE_14FF6D5FAE97,unmatched,0.0,0.0,0,기장군|읍내로15번길|14,기장군|기장읍서부리|61-15,True
26710,일광읍삼성리,713-3,세흥비치,세흥비치,,,TRADE_102A1D454524,unmatched,0.0,0.0,0,기장군|일역길|75,기장군|일광읍삼성리|713-3,True
26710,기장읍대라리,100-1,가화만사성4차,가화만사성4차,,,TRADE_7D5893D4086C,unmatched,0.0,0.0,0,기장군|차성동로30번길|6,기장군|기장읍대라리|100-1,True
26710,기장읍동부리,155-13,유한빌라,유한빌라,,,TRADE_6E50122A06B4,unmatched,0.0,0.0,0,기장군|차성로334번길|29,기장군|기장읍동부리|155-13,True
26110,보수동2가,65-2,보수동해마루2차,보수동해마루아파트2차,,,TRADE_14A505BC1FF1,unmatched,0.0,0.0,0,중구|흑교로75번길|12,중구|보수동2가|65-2,True
26110,대청동4가,81-49,대청맨션1,대청맨션-1,,,TRADE_687FA00F8288,unmatched,0.0,44.44444444444444,1,중구|중구로75번길|12,중구|대청동4가|81-49,True
26140,서대신동2가,35-7,gl타운a,GL타운A,,,TRADE_BF85BB449398,unmatched,0.0,0.0,3,서구|구덕로315번길|9,서구|서대신동2가|35-7,True
26140,동대신동1가,130-4,고암시티텔,고암시티텔,,,TRADE_5F8A92122978,unmatched,0.0,0.0,1,서구|대영로|68,서구|동대신동1가|130-4,True
26140,동대신동2가,182-1,카멜롯,카멜롯,,,TRADE_0048CC450DA6,unmatched,0.0,0.0,1,서구|대영로105번길|21,서구|동대신동2가|182-1,True
26140,서대신동1가,54-17,유니온캐슬2차,유니온캐슬2차,,,TRADE_75D81A53D360,unmatched,0.0,0.0,1,서구|대영로46번길|17,서구|서대신동1가|54-17,True
26140,암남동,13-4,금강송도타운,금강송도타운,,,TRADE_04A91813CE00,unmatched,0.0,40.0,14,서구|성산길|51-8,서구|암남동|13-4,True
26140,서대신동1가,156,오션펠리체,오션펠리체,,,TRADE_ABDAC495075F,unmatched,0.0,18.181818181818176,1,서구|대영로|34-4,서구|서대신동1가|156,True
26140,서대신동3가,33-7,한신,한신,,,TRADE_684AE176D9DD,unmatched,0.0,33.333333333333336,8,서구|꽃마을로|65,서구|서대신동3가|33-7,True
26170,초량동,576-1,썬플라워빌,썬플라워빌,,,TRADE_026CA894565A,unmatched,0.0,12.5,10,동구|대영로239번길|48,동구|초량동|576-1,True
26170,초량동,1160-11,장원하이드파크,장원하이드파크,,,TRADE_7B88D84394F8,unmatched,0.0,19.047619047619047,10,동구|중앙대로296번길|11,동구|초량동|1160-11,True
26170,초량동,1051-22,온누리,온누리,,,TRADE_EBB4BDF2B736,unmatched,0.0,18.181818181818176,10,동구|초량중로|39-1,동구|초량동|1051-22,True
26170,초량동,106-11,대근아트빌라,대근아트빌라(106-11),,,TRADE_8157CA3BA921,unmatched,0.0,12.5,10,동구|고관로13번길|35,동구|초량동|106-11,True
26200,동삼동,344-1,동광세화맨션,동광세화맨션,,,TRADE_E92BAB8CA4FC,unmatched,0.0,33.333333333333336,23,영도구|동삼로28번길|22,영도구|동삼동|344-1,True
26200,신선동2가,177-7,샛별나동,샛별나동,,,TRADE_827AFBBAC897,unmatched,0.0,0.0,1,영도구|중복길|306,영도구|신선동2가|177-7,True
26200,청학동,239,퀸즈팰리스,퀸즈팰리스,,,TRADE_4411BF3A7EA1,unmatched,0.0,19.999999999999996,9,영도구|청학로|81,영도구|청학동|239,True
26200,대교동2가,125-3,두선빌라,두선빌라,,,TRADE_16882F08DDEB,unmatched,0.0,0.0,0,영도구|절영로29번길|27,영도구|대교동2가|125-3,True
26200,봉래동2가,86-2,봉래마을,봉래마을,,,TRADE_72766AF2A5B3,unmatched,0.0,19.999999999999996,2,영도구|태종로83번길|38,영도구|봉래동2가|86-2,True
26200,동삼동,400,동산파크타운,동산파크타운,,,TRADE_E12D0B9A9556,unmatched,0.0,42.85714285714286,23,영도구|절영로|538,영도구|동삼동|400,True
26230,부암동,380-7,금호천지,금호천지,,,TRADE_58110612A4CA,unmatched,0.0,18.181818181818176,27,부산진구|동평로119번길|59,부산진구|부암동|380-7,True
26230,개금동,188-10,개금코아팰리스,개금코아팰리스,,,TRADE_5B5D2B8CF539,unmatched,0.0,46.15384615384615,23,부산진구|개금온정로|6-1,부산진구|개금동|188-10,True
26230,전포동,687-21,서면베스트빌,서면베스트빌,,,TRADE_27B6813BD5E5,unmatched,0.0,42.85714285714286,23,부산진구|서전로38번길|57,부산진구|전포동|687-21,True
26230,양정동,96-24,크레빌,크레빌,,,TRADE_10E348AA630A,unmatched,0.0,22.22222222222222,13,부산진구|양정로6번길|6,부산진구|양정동|96-24,True
26230,초읍동,268-1,성림,성림,,,TRADE_9F65D3D81428,unmatched,0.0,28.57142857142857,10,부산진구|성지로153번길|148,부산진구|초읍동|268-1,True
26260,사직동,77-10,해금리더스,해금리더스,,,TRADE_FDC9A8C6349B,unmatched,0.0,22.22222222222222,19,동래구|아시아드대로171번길|78,동래구|사직동|77-10,True
26260,온천동,358-7,동우빌라,동우빌라,,,TRADE_E05BD454B09F,unmatched,0.0,50.0,42,동래구|우장춘로74번길|17,동래구|온천동|358-7,True
26260,온천동,1379-32,세롬스카이빌,세롬스카이빌,,,TRADE_CE41C526E97B,unmatched,0.0,40.0,42,동래구|여고북로33번길|32,동래구|온천동|1379-32,True
26290,문현동,119-33,영아빌라,영아빌라,,,TRADE_67D014A427A6,unmatched,0.0,22.22222222222222,23,남구|고동골로72번길|39,남구|문현동|119-33,True
26290,대연동,1482-11,뉴록원하이츠,뉴록원하이츠,,,TRADE_271D482486FF,unmatched,0.0,19.999999999999996,33,남구|못골번영로60번길|3,남구|대연동|1482-11,True
26290,용호동,516-1,용호맨션,용호맨션,,,TRADE_F002974D5E71,unmatched,0.0,50.0,22,남구|동명로152번길|77,남구|용호동|516-1,True
26290,감만동,44-151,성지,성지,,,TRADE_7286AA80DE43,unmatched,0.0,22.22222222222222,9,남구|전선등로3번길|23,남구|감만동|44-151,True
26290,대연동,1608-9,록원월드타워,록원월드타워,,,TRADE_F146B8F01667,unmatched,0.0,33.333333333333336,33,남구|수영로|150,남구|대연동|1608-9,True
26290,문현동,805-4,동천맨션,동천맨션,,,TRADE_A38B1863ADFC,unmatched,0.0,40.0,23,남구|전포대로|19,남구|문현동|805-4,True
26320,구포동,1060-178,용진스타티스,용진스타티스,,,TRADE_43CD85B246A4,unmatched,0.0,30.76923076923077,22,북구|가람로48번길|22,북구|구포동|1060-178,True
26350,중동,1839,롯데캐슬스타,롯데캐슬스타,해운대 롯데캐슬 스타 아파트,A10024591,A10024591,dong_fuzzy,80.0,80.0,29,해운대구|중동2로34번길|15,해운대구|중동|1839,True
26350,중동,1511-2,스카이파크빌라3차,스카이파크빌라3차,,,TRADE_FB8B7B91CBD1,unmatched,0.0,35.29411764705882,29,해운대구|달맞이길117번길|71,해운대구|중동|1511-2,True
26350,송정동,194-1,신우비치맨션,신우비치맨션,,,TRADE_E93640ADA580,unmatched,0.0,15.384615384615385,5,해운대구|송정중앙로27번길|46,해운대구|송정동|194-1,True
26380,괴정동,762-43,사하빌라,사하빌라,,,TRADE_B5A28D9E55AC,unmatched,0.0,40.0,29,사하구|낙동대로280번길|22,사하구|괴정동|762-43,True
26380,괴정동,296-1,지광베르디아,지광베르디아,,,TRADE_B88B8C92C1D8,unmatched,0.0,15.384615384615385,29,사하구|사리로|22,사하구|괴정동|296-1,True
26380,감천동,828-31,한성,한성,,,TRADE_3D1F6D211F65,unmatched,0.0,25.0,10,사하구|사하로|101,사하구|감천동|828-31,True
26380,괴정동,381-4,효성빌라,효성빌라,,,TRADE_6C5E2F1D79E7,unmatched,0.0,18.181818181818176,29,사하구|사리로8번길|8,사하구|괴정동|381-4,True
26380,괴정동,352-25,현대캐스빌,현대캐스빌,,,TRADE_9FA239102B9D,unmatched,0.0,33.333333333333336,29,사하구|오작로|108,사하구|괴정동|352-25,True
26380,다대동,871,재성힐링파크,재성힐링파크,,,TRADE_1B2C2B25A9E0,unmatched,0.0,25.0,28,사하구|다대로543번길|10,사하구|다대동|871,True
26380,괴정동,304-1,화신거화젠틀빌라,화신거화젠틀빌라,,,TRADE_4240BDF89019,unmatched,0.0,26.66666666666667,29,사하구|사리로18번길|9-3,사하구|괴정동|304-1,True
26410,서동,203-4,동남아트빌,동남아트빌,,,TRADE_D097FDA30E4C,unmatched,0.0,22.22222222222222,4,금정구|금사로|13,금정구|서동|203-4,True
26410,청룡동,633-9,도완시티빌,도완시티빌,,,TRADE_6BA4622A250F,unmatched,0.0,15.384615384615385,4,금정구|청룡로54번길|21,금정구|청룡동|633-9,True
26410,서동,38-1,백산상가빌라,백산상가빌라,,,TRADE_B50584F294D0,unmatched,0.0,0.0,4,금정구|서곡로34번길|72,금정구|서동|38-1,True
26410,구서동,1018-5,구서빌라2동,구서빌라2동,,,TRADE_9056B923E641,unmatched,0.0,60.0,25,금정구|두실로45번길|63,금정구|구서동|1018-5,True
26410,남산동,265-16,콜트힐,콜트힐,,,TRADE_BE6B79CDBF88,unmatched,0.0,0.0,8,금정구|금단로|168,금정구|남산동|265-16,True
26410,청룡동,17-21,청룡예뜨랑1,청룡예뜨랑1,,,TRADE_4CEB1FAF2614,unmatched,0.0,40.0,4,금정구|청룡예전로|1-3,금정구|청룡동|17-21,True
26410,장전동,607-9,새온천,새온천,,,TRADE_1DDE1AF8A0FC,unmatched,0.0,30.76923076923077,17,금정구|식물원로17번길|25,금정구|장전동|607-9,True
26410,구서동,1032-1,푸른마을,푸른마을,,,TRADE_C9C297E4DB3E,unmatched,0.0,0.0,25,금정구|금샘로|363,금정구|구서동|1032-1,True
26410,남산동,248-1,아름베스트7차,아름베스트7차,,,TRADE_3DB13BE073C5,unmatched,0.0,15.384615384615385,8,금정구|금단로175번길|21,금정구|남산동|248-1,True
26410,남산동,973-3,일번파크맨션에이동,일번파크맨션에이동,,,TRADE_59364CA47691,unmatched,0.0,14.28571428571429,8,금정구|팔송로59번길|35,금정구|남산동|973-3,True
26410,부곡동,64-29,남신베르디,남신베르디,,,TRADE_6EF68586E989,unmatched,0.0,44.44444444444444,27,금정구|중앙대로1763번길|36-8,금정구|부곡동|64-29,True
26470,연산동,1405-16,하나파크빌,하나파크빌,,,TRADE_C56643D8DF72,unmatched,0.0,40.0,65,연제구|월드컵대로165번길|65,연제구|연산동|1405-16,True
26470,연산동,1288-3,전원에스빌,전원에스빌,,,TRADE_5BA0B8E0AE10,unmatched,0.0,36.36363636363637,65,연제구|중앙대로1075번길|28,연제구|연산동|1288-3,True
26470,연산동,1357-4,우일아내트,우일아내트,,,TRADE_065CCA638C5B,unmatched,0.0,28.57142857142857,65,연제구|중앙대로1039번길|21,연제구|연산동|1357-4,True
26470,연산동,1255-7,흑석파크빌,흑석파크빌,,,TRADE_7249DE172C2F,unmatched,0.0,40.0,65,연제구|거제천로152번길|35,연제구|연산동|1255-7,True
26470,연산동,1259-25,창광,창광,,,TRADE_8DD09A99E8D0,unmatched,0.0,0.0,65,연제구|거제천로146번길|33,연제구|연산동|1259-25,True
26470,연산동,1293-18,창광빌리지,창광빌리지(1293-18),,,TRADE_0E9585B35413,unmatched,0.0,19.999999999999996,65,연제구|중앙대로1075번길|43,연제구|연산동|1293-18,True
26470,연산동,1492-42,발원시티,발원시티,,,TRADE_6FD8C694DD1C,unmatched,0.0,40.0,65,연제구|거제천로118번길|50,연제구|연산동|1492-42,True
26500,광안동,774-13,주안골드빌리지,주안골드빌리지,,,TRADE_4C8D6028ECBA,unmatched,0.0,40.0,22,수영구|호암로9번길|17,수영구|광안동|774-13,True
26500,광안동,1265-1,태백타워,태백타워,,,TRADE_761039DD1FEB,unmatched,0.0,33.333333333333336,22,수영구|수영로521번길|34,수영구|광안동|1265-1,True
26500,남천동,44-18,뉴하이츠빌라,뉴하이츠빌라,,,TRADE_B24BFE6E10DF,unmatched,0.0,19.999999999999996,14,수영구|수영로481번길|6,수영구|남천동|44-18,True
26500,광안동,491-3,부흥4차,부흥4차,,,TRADE_E35EC3A69B1F,unmatched,0.0,14.28571428571429,22,수영구|광일로9번길|13,수영구|광안동|491-3,True
26500,광안동,91-2,삼흥탑스빌,삼흥탑스빌,,,TRADE_0540550DC20B,unmatched,0.0,18.181818181818176,22,수영구|무학로21번길|82,수영구|광안동|91-2,True
26500,민락동,166-8,미진타워빌,미진타워빌,,,TRADE_3222E241030E,unmatched,0.0,22.22222222222222,13,수영구|민락로33번길|15-1,수영구|민락동|166-8,True
26530,모라동,420-3,부창스카이빌,부창스카이빌,,,TRADE_621AEAB1413E,unmatched,0.0,18.181818181818176,19,사상구|모라로110번길|55,사상구|모라동|420-3,True
26530,모라동,647-7,모라새상가,모라새상가,,,TRADE_EF2D04A54190,unmatched,0.0,44.44444444444444,19,사상구|모라로51번길|42,사상구|모라동|647-7,True
26530,괘법동,521-5,에버그린,에버그린,,,TRADE_E69EB08B05B0,unmatched,0.0,15.384615384615385,11,사상구|사상로223번길|58,사상구|괘법동|521-5,True
26530,모라동,648-2,모라b,모라B,,,TRADE_6D5A5C652469,unmatched,0.0,57.14285714285714,19,사상구|모라로37번길|14,사상구|모라동|648-2,True
26530,덕포동,191-9,대하덕포,"대하덕포(2,3호동)",,,TRADE_303ED65292F0,unmatched,0.0,50.0,13,사상구|사상로310번길|88,사상구|덕포동|191-9,True
26710,기장읍교리,160-2,리츠빌리지,리츠빌리지,,,TRADE_BB1F97BA004B,unmatched,0.0,0.0,0,기장군|차성로365번길|63,기장군|기장읍교리|160-2,True
26710,기장읍동부리,335-9,금강센스빌제102동,금강센스빌제102동,,,TRADE_0D4B45AB57C5,unmatched,0.0,0.0,0,기장군|차성서로|152-10,기장군|기장읍동부리|335-9,True
26710,기장읍대라리,160-7,대원빌라5,대원빌라5,,,TRADE_5979F26FE23F,unmatched,0.0,0.0,0,기장군|차성로215번길|22,기장군|기장읍대라리|160-7,True
26710,기장읍대라리,126-12,페리ii,페리II,,,TRADE_C2B5FD2D256C,unmatched,0.0,0.0,0,기장군|차성남로|61,기장군|기장읍대라리|126-12,True
26710,기장읍대라리,185-2,센트럴파크빌라6차,센트럴파크빌라6차,,,TRADE_8FCAE0E637A3,unmatched,0.0,0.0,0,기장군|차성로201번길|9,기장군|기장읍대라리|185-2,True
26710,기장읍교리,160-1,리츠빌리지,리츠빌리지,,,TRADE_57AFFD162D8F,unmatched,0.0,0.0,0,기장군|차성로365번길|63,기장군|기장읍교리|160-1,True
26110,대청동4가,75-171,근영빌라3동,근영빌라3동,,,TRADE_7981EF9B33D9,unmatched,0.0,0.0,1,중구|대청북길|12,중구|대청동4가|75-171,True
26110,대청동4가,75-128,선우대청빌라,선우대청빌라,,,TRADE_63EBA8ACC4E4,unmatched,0.0,0.0,1,중구|대청북길|13,중구|대청동4가|75-128,True
26110,보수동3가,61-3,동서빌라,동서빌라,,,TRADE_B5B4A1E9DFB7,unmatched,0.0,0.0,0,중구|흑교로59번길|16,중구|보수동3가|61-3,True
26110,대청동4가,75-176,근영빌라2동,근영빌라2동,,,TRADE_6D1D15CBDE28,unmatched,0.0,0.0,1,중구|대청북길|10,중구|대청동4가|75-176,True
26110,중앙동4가,40-15,동광맨션,동광맨션,,,TRADE_813EF981ECDA,unmatched,0.0,0.0,1,중구|동광길|66,중구|중앙동4가|40-15,True
26140,암남동,118-4,태림맨션,태림맨션,,,TRADE_BEAB689B2438,unmatched,0.0,19.999999999999996,14,서구|천마로|42,서구|암남동|118-4,True
26140,부용동1가,12-3,청산,청산,,,TRADE_FE4E811D0C95,unmatched,0.0,0.0,1,서구|흑교로105번길|10,서구|부용동1가|12-3,True
26170,초량동,994-5,초량마마맨션,초량마마맨션,,,TRADE_7A11D2FD6CDE,unmatched,0.0,40.0,10,동구|영초윗길|19,동구|초량동|994-5,True
26200,동삼동,572-2,페로스타워,페로스타워,,,TRADE_1EAD6D7F67A7,unmatched,0.0,19.999999999999996,23,영도구|절영로|469,영도구|동삼동|572-2,True
26200,청학동,62-31,청학태림맨션,청학태림맨션,,,TRADE_0D7D4A13C5FF,unmatched,0.0,40.0,9,영도구|태종로|422,영도구|청학동|62-31,True
26230,초읍동,159-3,블루스카이빌,블루스카이빌(159-3),,,TRADE_8AB7EDA48FB3,unmatched,0.0,13.33333333333333,10,부산진구|초읍천로|63,부산진구|초읍동|159-3,True
26230,양정동,272-15,덕포그랜드힐,덕포그랜드힐,,,TRADE_0F1C697594B1,unmatched,0.0,26.66666666666667,13,부산진구|연수로11번길|31,부산진구|양정동|272-15,True
26230,당감동,1022,골드스카이80,골드스카이80,,,TRADE_7D54AD21816C,unmatched,0.0,14.28571428571429,17,부산진구|가야대로|695,부산진구|당감동|1022,True
26230,전포동,328-4,전포대진,전포대진,,,TRADE_E6F2519B8AC8,unmatched,0.0,50.0,23,부산진구|진남로328번길|24,부산진구|전포동|328-4,True
26230,부전동,508-22,보영미네르빌,보영미네르빌,,,TRADE_AFB14BC64C79,unmatched,0.0,19.999999999999996,7,부산진구|가야대로750번길|6,부산진구|부전동|508-22,True
26260,온천동,1218-19,한맥타운,한맥타운,,,TRADE_F49DE35A1079,unmatched,0.0,30.76923076923077,42,동래구|쇠미로|198,동래구|온천동|1218-19,True
26290,용호동,481-3,동산파크맨션,동산파크맨션,,,TRADE_3A2AE5AA0D66,unmatched,0.0,33.333333333333336,22,남구|동명로92번길|72,남구|용호동|481-3,True
26290,문현동,15-17,정호베스트빌,정호베스트빌(15-17),,,TRADE_E71272DDE262,unmatched,0.0,33.333333333333336,23,남구|고동골로|113-8,남구|문현동|15-17,True
26290,대연동,873-9,투윈빌리지1,투윈빌리지-1,,,TRADE_547737BF8E89,unmatched,0.0,16.666666666666664,33,남구|용소로64번길|106,남구|대연동|873-9,True
26290,용호동,487-38,해림발리빌,해림발리빌,,,TRADE_C88661B34FC5,unmatched,0.0,28.57142857142857,22,남구|동명로132번길|47,남구|용호동|487-38,True
26290,대연동,1754-12,청보화이트,청보화이트,,,TRADE_A4C92C91C210,unmatched,0.0,26.66666666666667,33,남구|수영로208번길|46,남구|대연동|1754-12,True
26290,대연동,1724-14,흑석타워빌,흑석타워빌,,,TRADE_40BDECE31873,unmatched,0.0,36.36363636363637,33,남구|유엔로183번길|61,남구|대연동|1724-14,True
26320,덕천동,417-21,새진흥,새진흥,,,TRADE_A9DD89744771,unmatched,0.0,0.0,16,북구|의성로122번길|16,북구|덕천동|417-21,True
26350,중동,1375-9,한영아르미안,한영아르미안,,,TRADE_4E8707F6EA79,unmatched,0.0,33.333333333333336,29,해운대구|중동2로24번길|13-4,해운대구|중동|1375-9,True
26350,송정동,198-4,해피투모로우,해피투모로우,,,TRADE_323151E4B9E3,unmatched,0.0,26.66666666666667,5,해운대구|송정중앙로9번길|16,해운대구|송정동|198-4,True
26350,재송동,1045-2,화송빌라,화송빌라,,,TRADE_107FAB2CBA5F,unmatched,0.0,25.0,31,해운대구|해운대로81번길|108-10,해운대구|재송동|1045-2,True
26350,중동,1198-6,토명비치빌,토명비치빌,,,TRADE_56A8A71A1667,unmatched,0.0,37.5,29,해운대구|해운대해변로|342,해운대구|중동|1198-6,True
26350,중동,1491-5,대림엠파이어빌라,대림엠파이어빌라,,,TRADE_76C5DD5A71B2,unmatched,0.0,37.5,29,해운대구|달맞이길117번가길|138,해운대구|중동|1491-5,True
26350,송정동,182-7,송원빌리지,송원빌리지,,,TRADE_0184B8C8231A,unmatched,0.0,33.333333333333336,5,해운대구|송정중앙로9번길|72-7,해운대구|송정동|182-7,True
26380,괴정동,764-11,노블레스,노블레스(764-11),,,TRADE_8B3D48FC50F3,unmatched,0.0,22.22222222222222,29,사하구|승학로|185,사하구|괴정동|764-11,True
26380,하단동,517-6,지오빌,지오빌,,,TRADE_5A4EE57D0A3B,unmatched,0.0,44.44444444444444,12,사하구|하신번영로300번길|62,사하구|하단동|517-6,True
26410,구서동,174-1,우영클래식파크,우영클래식파크,,,TRADE_1959D5982B44,unmatched,0.0,18.181818181818176,25,금정구|중앙대로1944번길|13,금정구|구서동|174-1,True
26410,구서동,747-12,금샘빌라,금샘빌라(747-12),,,TRADE_2FEE67BA5A7C,unmatched,0.0,25.0,25,금정구|구서중앙로40번길|21,금정구|구서동|747-12,True
26410,부곡동,9-9,신한탑스빌,신한탑스빌,,,TRADE_EB01431CBD5F,unmatched,0.0,28.57142857142857,27,금정구|중앙대로1778번길|57,금정구|부곡동|9-9,True
26410,구서동,466-9,동보3,동보3,,,TRADE_C26D92F4E1A4,unmatched,0.0,28.57142857142857,25,금정구|구서온천천로|51,금정구|구서동|466-9,True
26410,구서동,184-35,궁전쉐르빌,궁전쉐르빌,,,TRADE_F09179810A21,unmatched,0.0,18.181818181818176,25,금정구|중앙대로|1915-1,금정구|구서동|184-35,True
26410,청룡동,631-5,대흥타워,대흥타워,,,TRADE_9B74AEC6E5E5,unmatched,0.0,0.0,4,금정구|놀이마당로|27,금정구|청룡동|631-5,True
26470,연산동,414-22,동광,동광,,,TRADE_0C2706DBDE0E,unmatched,0.0,33.333333333333336,65,연제구|과정로191번가길|13,연제구|연산동|414-22,True
26470,연산동,408-23,성연파크,성연파크,,,TRADE_8D0E4F09C079,unmatched,0.0,54.54545454545454,65,연제구|과정로237번길|6,연제구|연산동|408-23,True
26470,연산동,480-11,석탑빌,석탑빌,,,TRADE_93B0CACA5C8F,unmatched,0.0,25.0,65,연제구|고분로236번길|14,연제구|연산동|480-11,True
26470,연산동,1279-17,홍림3차,홍림3차,,,TRADE_1A4D2E272A45,unmatched,0.0,14.28571428571429,65,연제구|거제천로146번길|59,연제구|연산동|1279-17,True
26470,연산동,418-31,금광타워,금광타워,,,TRADE_07B3606DEECE,unmatched,0.0,40.0,65,연제구|과정로|169,연제구|연산동|418-31,True
26500,광안동,148-3,금수하이빌,금수하이빌,,,TRADE_BAF9B4419277,unmatched,0.0,30.76923076923077,22,수영구|수영로582번길|49,수영구|광안동|148-3,True
26500,광안동,91-7,행복홈타운,행복홈타운,,,TRADE_8887240D2072,unmatched,0.0,30.76923076923077,22,수영구|무학로21번길|78,수영구|광안동|91-7,True
26500,광안동,184-8,글로벌,글로벌,,,TRADE_CB8FDF169D8B,unmatched,0.0,18.181818181818176,22,수영구|광남로|89,수영구|광안동|184-8,True
26500,민락동,174-12,동우,동우,,,TRADE_13F1DAB38E9A,unmatched,0.0,22.22222222222222,13,수영구|민락로27번길|33,수영구|민락동|174-12,True
26500,광안동,74-8,일성센텀스카이뷰,일성센텀스카이뷰,,,TRADE_1CB341F5322C,unmatched,0.0,26.66666666666667,22,수영구|수영로680번길|9,수영구|광안동|74-8,True
26500,광안동,116-2,삼호빌라,삼호빌라(116-2),,,TRADE_817D574D236E,unmatched,0.0,16.666666666666664,22,수영구|무학로9번길|3,수영구|광안동|116-2,True
26500,광안동,1078-12,삼흥드림월드,삼흥드림월드,,,TRADE_2EE246E6EFDA,unmatched,0.0,18.181818181818176,22,수영구|수영로665번길|13,수영구|광안동|1078-12,True
26710,기장읍대라리,88-22,센트리움기장,센트리움기장,,,TRADE_4ACB67809A09,unmatched,0.0,0.0,0,기장군|차성동로51번길|1,기장군|기장읍대라리|88-22,True
26710,기장읍동부리,117-1,유한아트,유한아트,,,TRADE_642B934DC25D,unmatched,0.0,0.0,0,기장군|차성로321번길|20,기장군|기장읍동부리|117-1,True
26710,기장읍대라리,162-9,동우그린빌라가동,동우그린빌라가동,,,TRADE_BE4C8C0861B4,unmatched,0.0,0.0,0,기장군|차성로215번길|18,기장군|기장읍대라리|162-9,True
26710,기장읍교리,368,경보이리스힐,경보이리스힐아파트,,,TRADE_4765EA819176,unmatched,0.0,0.0,0,기장군|차성로417번길|5,기장군|기장읍교리|368,True
26710,기장읍대라리,949,지우센텀,지우센텀,,,TRADE_5CEBFF9C0958,unmatched,0.0,0.0,0,기장군|차성남로|13-7,기장군|기장읍대라리|949,True
26710,기장읍대라리,81-8,양지,양지,,,TRADE_0C59E0C6F927,unmatched,0.0,0.0,0,기장군|차성동로45번길|8,기장군|기장읍대라리|81-8,True
26710,기장읍대라리,269-5,대정르네상스빌,대정르네상스빌,,,TRADE_24AF0FB26E97,unmatched,0.0,0.0,0,기장군|대청로|49,기장군|기장읍대라리|269-5,True
26110,대청동4가,75-167,근영빌라4동,근영빌라4동,,,TRADE_744B8C8D9B1E,unmatched,0.0,0.0,1,중구|대청북길|14,중구|대청동4가|75-167,True
26110,영주동,13-28,세광플러스빌,세광플러스빌,,,TRADE_F896634D0054,unmatched,0.0,16.666666666666664,5,중구|중동길|46,중구|영주동|13-28,True
26140,서대신동2가,3-19,석포로얄캐슬3차,석포로얄캐슬3차,,,TRADE_617E7042F90E,unmatched,0.0,12.5,3,서구|구덕로315번길|14,서구|서대신동2가|3-19,True
26140,토성동5가,18-1,서원에이동,서원에이동,,,TRADE_CD488B479BFA,unmatched,0.0,0.0,0,서구|구덕로134번길|20,서구|토성동5가|18-1,True
26140,서대신동2가,83-1,,(83-1),,,TRADE_A78914339016,unmatched,0.0,0.0,0,서구|구덕로301번길|15,서구|서대신동2가|83-1,True
26140,동대신동2가,72-8,한마음빌리지,한마음빌리지,,,TRADE_FA3846C69CAC,unmatched,0.0,0.0,1,서구|보동길|277-32,서구|동대신동2가|72-8,True
26170,범일동,1386-2,성지하나로,성지하나로,,,TRADE_B5DBE6FF1E43,unmatched,0.0,19.999999999999996,9,동구|증산로|128,동구|범일동|1386-2,True
26170,초량동,593,부산역삼정그린코아더시티,부산역삼정그린코아더시티,,,TRADE_F825D2D4A068,unmatched,0.0,30.000000000000004,10,동구|중앙대로179번길|27,동구|초량동|593,True
26200,청학동,7-46,혜광마린팰리스,혜광마린팰리스,,,TRADE_802D358657CB,unmatched,0.0,33.333333333333336,9,영도구|산업로|10,영도구|청학동|7-46,True
26230,초읍동,263-6,초읍,초읍,,,TRADE_89B0E58DA8F1,unmatched,0.0,66.66666666666667,10,부산진구|성지로153번길|138,부산진구|초읍동|263-6,True
26230,범천동,1215-12,블루스카이,블루스카이,,,TRADE_5B82A7AE3FBA,unmatched,0.0,19.999999999999996,24,부산진구|신암로117번길|37-5,부산진구|범천동|1215-12,True
26230,전포동,356-13,전포센티움,전포센티움,,,TRADE_324CDA4EB23F,unmatched,0.0,44.44444444444444,23,부산진구|전포대로176번길|17,부산진구|전포동|356-13,True
26260,온천동,1458-38,푸른마을나동,푸른마을나동,,,TRADE_1F2E889B393A,unmatched,0.0,19.999999999999996,42,동래구|여고북로|219,동래구|온천동|1458-38,True
26260,수안동,38-7,승웅아트빌a동,승웅아트빌A동,,,TRADE_7165CFEFAAC9,unmatched,0.0,16.666666666666664,11,동래구|온천천로319번나길|22,동래구|수안동|38-7,True
26260,사직동,46-7,상우다솜,상우다솜,,,TRADE_40B5724A5F3C,unmatched,0.0,18.181818181818176,19,동래구|사직북로47번길|43,동래구|사직동|46-7,True
26260,낙민동,293-1,블리시움,블리시움,,,TRADE_746820BD3EBE,unmatched,0.0,15.384615384615385,13,동래구|충렬대로256번길|25-10,동래구|낙민동|293-1,True
26260,온천동,1379-15,시티하임,시티하임,,,TRADE_B66AD2CF0F96,unmatched,0.0,30.76923076923077,42,동래구|아시아드대로208번길|43,동래구|온천동|1379-15,True
26260,안락동,445-8,삼성,삼성,,,TRADE_ADA9624F3ECF,unmatched,0.0,0.0,15,동래구|안락로|59-6,동래구|안락동|445-8,True
26260,온천동,1380-6,춘당탑스빌,춘당탑스빌,,,TRADE_6155E2623D2D,unmatched,0.0,19.999999999999996,42,동래구|여고북로23번길|38,동래구|온천동|1380-6,True
26290,용호동,534-5,동산로즈맨션,동산로즈맨션,,,TRADE_F63773697251,unmatched,0.0,33.333333333333336,22,남구|동명로118번길|133,남구|용호동|534-5,True
26290,감만동,3-495,남부빌라,남부빌라,,,TRADE_E7F9AA0A886F,unmatched,0.0,0.0,9,남구|양지골로251번길|13,남구|감만동|3-495,True
26290,용호동,494-57,엘리움,엘리움,,,TRADE_597AE928BFA7,unmatched,0.0,19.999999999999996,22,남구|동명로146번길|56,남구|용호동|494-57,True
26320,구포동,1261-32,한창데파트,한창데파트,,,TRADE_2D61032E6A58,unmatched,0.0,18.181818181818176,22,북구|시랑로|94,북구|구포동|1261-32,True
26320,덕천동,326-11,삼양파크빌,삼양파크빌(326-11),,,TRADE_C64C6F93F71A,unmatched,0.0,36.36363636363637,16,북구|금곡대로|32-11,북구|덕천동|326-11,True
26350,송정동,199-17,코스마,코스마,,,TRADE_46693604E46B,unmatched,0.0,16.666666666666664,5,해운대구|송정중앙로|19,해운대구|송정동|199-17,True
26350,중동,1497-1,에이스빌라,에이스빌라,,,TRADE_572652EC3436,unmatched,0.0,60.0,29,해운대구|달맞이길117번다길|42-9,해운대구|중동|1497-1,True
26350,중동,1481-9,대림썬라이츠2차,대림썬라이츠2차,,,TRADE_D26B1B0E021B,unmatched,0.0,35.29411764705882,29,해운대구|달맞이길117번가길|200,해운대구|중동|1481-9,True
26380,괴정동,1218-1,성경로즈힐1차102,성경로즈힐1차-102,,,TRADE_0505CD7228D3,unmatched,0.0,25.0,29,사하구|다대로|49,사하구|괴정동|1218-1,True
26380,신평동,408-10,덕경네오빌,덕경네오빌,,,TRADE_F1406606D78C,unmatched,0.0,15.384615384615385,15,사하구|하신중앙로|180-2,사하구|신평동|408-10,True
26380,하단동,618-6,아람센트럴시티,아람센트럴시티,,,TRADE_B4FF67D555DB,unmatched,0.0,33.333333333333336,12,사하구|낙동대로451번안길|8,사하구|하단동|618-6,True
26380,하단동,590-4,성원빌리지,성원빌리지(590-4),,,TRADE_C027D143BF57,unmatched,0.0,22.22222222222222,12,사하구|하신중앙로335번길|17,사하구|하단동|590-4,True
26410,장전동,501-52,삼성하이츠,삼성하이츠,,,TRADE_123E6D9F2931,unmatched,0.0,19.999999999999996,17,금정구|금샘로18번길|79-7,금정구|장전동|501-52,True
26410,남산동,967-7,석산7,석산7,,,TRADE_7BC18AB596E6,unmatched,0.0,28.57142857142857,8,금정구|팔송로45번길|18,금정구|남산동|967-7,True
26410,남산동,695-1,해성체르니,해성체르니,,,TRADE_C3C6A4522625,unmatched,0.0,22.22222222222222,8,금정구|금샘로578번길|43,금정구|남산동|695-1,True
26470,연산동,1836-19,금호천지,금호천지,,,TRADE_D03283A19BED,unmatched,0.0,19.999999999999996,65,연제구|연미로13번길|5,연제구|연산동|1836-19,True
26470,연산동,9,유성단풍빌라,유성단풍빌라,,,TRADE_1C5069A90AFC,unmatched,0.0,19.999999999999996,65,연제구|토곡로|54,연제구|연산동|9,True
26470,연산동,1135-25,해운하이츠,해운하이츠,,,TRADE_59C1929912FD,unmatched,0.0,40.0,65,연제구|쌍미천로84번길|49,연제구|연산동|1135-25,True
26470,연산동,578-21,창성골든빌에이동,창성골든빌에이동,,,TRADE_A675D691B572,unmatched,0.0,28.57142857142857,65,연제구|중앙대로1150번길|25,연제구|연산동|578-21,True
26470,거제동,593-5,태광리치뷰,태광리치뷰,,,TRADE_BB9317B7DC8A,unmatched,0.0,19.999999999999996,41,연제구|거제시장로|27,연제구|거제동|593-5,True
26470,거제동,728-1,대원,대원,,,TRADE_52C5C09ABA9E,unmatched,0.0,33.333333333333336,41,연제구|거제대로108번길|16,연제구|거제동|728-1,True
26470,연산동,708-8,나경위너스,나경위너스,,,TRADE_EE18736D8974,unmatched,0.0,22.22222222222222,65,연제구|월드컵대로111번길|14,연제구|연산동|708-8,True
26500,광안동,158-4,wpark,W-PARKⅡ,,,TRADE_B675C4420F87,unmatched,0.0,15.384615384615385,22,수영구|광남로|167,수영구|광안동|158-4,True
26500,망미동,190-1,원정프린스,원정프린스,,,TRADE_EF12FDDDDA4C,unmatched,0.0,18.181818181818176,12,수영구|구락로|151,수영구|망미동|190-1,True
26500,남천동,74-18,마리나프리텔,마리나프리텔,,,TRADE_F6B5F66FA1FB,unmatched,0.0,13.33333333333333,14,수영구|수영로|397-17,수영구|남천동|74-18,True
26500,광안동,139-15,흑석하이츠,흑석하이츠,,,TRADE_5A6A3E80B5E1,unmatched,0.0,46.15384615384615,22,수영구|수영로594번길|19,수영구|광안동|139-15,True
26500,광안동,89-1,센텀디아이리더스,센텀디아이리더스,,,TRADE_49F58333FAD3,unmatched,0.0,21.052631578947366,22,수영구|수영로680번길|6,수영구|광안동|89-1,True
26530,괘법동,532-4,태양원스빌,태양원스빌,,,TRADE_868C944644F8,unmatched,0.0,18.181818181818176,11,사상구|사상로211번길|63,사상구|괘법동|532-4,True
26140,서대신동3가,294-5,크로바b동,크로바B동,,,TRADE_93CBFB568522,unmatched,0.0,0.0,8,서구|구덕로339번길|17,서구|서대신동3가|294-5,True
26140,서대신동3가,277-1,크로바c동,크로바C동,,,TRADE_80EA8D6AE01E,unmatched,0.0,0.0,8,서구|구덕로339번길|22,서구|서대신동3가|277-1,True
26170,초량동,865-42,영림,영림,,,TRADE_AFAB4CC8A0D3,unmatched,0.0,19.999999999999996,10,동구|영초길247번길|26,동구|초량동|865-42,True
26200,청학동,446-4,청학스카이파크,청학스카이파크,,,TRADE_AFDC59D218CB,unmatched,0.0,37.5,9,영도구|청학남로13번길|11,영도구|청학동|446-4,True
26200,동삼동,229-10,영도도남,영도도남,,,TRADE_DEB6D394AF28,unmatched,0.0,33.333333333333336,23,영도구|웃서발로31번길|22,영도구|동삼동|229-10,True
26200,남항동3가,1-2,남일,남일,,,TRADE_37E654EF6CDA,unmatched,0.0,0.0,0,영도구|남항서로82번길|12,영도구|남항동3가|1-2,True
26200,청학동,64,제이메르시,제이메르시아파트,,,TRADE_5B42F416085D,unmatched,0.0,14.28571428571429,9,영도구|태종로422번길|10,영도구|청학동|64,True
26230,가야동,619-7,다산몽레브,다산몽레브,,,TRADE_58738F334685,unmatched,0.0,22.22222222222222,12,부산진구|가야공원로14번길|37,부산진구|가야동|619-7,True
26230,범천동,1230-76,궁전아이브더파크,궁전아이브더파크,,,TRADE_8305F36E260D,unmatched,0.0,25.0,24,부산진구|신암로|87,부산진구|범천동|1230-76,True
26230,양정동,390,양정상가,양정상가,,,TRADE_4A9E689B534A,unmatched,0.0,50.0,13,부산진구|동평로420번길|18,부산진구|양정동|390,True
26260,온천동,360-16,동성빌라트,동성빌라트,,,TRADE_5EF9D99202F1,unmatched,0.0,28.57142857142857,42,동래구|우장춘로|74,동래구|온천동|360-16,True
26260,온천동,407-31,효림시티빌,효림시티빌,,,TRADE_DEB51D82966B,unmatched,0.0,28.57142857142857,42,동래구|금강로|31,동래구|온천동|407-31,True
26260,온천동,1214-2,온천명화빌리지,온천명화빌리지,,,TRADE_75131BD336CB,unmatched,0.0,54.54545454545454,42,동래구|아시아드대로247번길|96,동래구|온천동|1214-2,True
26290,대연동,1737-5,흑석,흑석(1737-5),,,TRADE_7ADFA91F6147,unmatched,0.0,0.0,33,남구|유엔평화로17번길|15,남구|대연동|1737-5,True
26290,대연동,1787-1,한백아트빌,한백아트빌,,,TRADE_5E8B45B61F49,unmatched,0.0,23.529411764705888,33,남구|진남로|142,남구|대연동|1787-1,True
26320,금곡동,64-4,대성하이츠빌,대성하이츠빌,,,TRADE_21FF184D46A3,unmatched,0.0,19.999999999999996,22,북구|효열로203번길|6,북구|금곡동|64-4,True
26350,송정동,174-15,태원빌리지,태원빌리지,,,TRADE_FFE056CFA891,unmatched,0.0,16.666666666666664,5,해운대구|송정중앙로15번길|120-3,해운대구|송정동|174-15,True
26350,중동,1497-3,공림비치힐,공림비치힐,,,TRADE_292AD3DF3563,unmatched,0.0,25.0,29,해운대구|달맞이길117번다길|54,해운대구|중동|1497-3,True
26350,중동,1477-2,보현빌라,보현빌라,,,TRADE_307846BE7804,unmatched,0.0,33.333333333333336,29,해운대구|달맞이길117번나길|155,해운대구|중동|1477-2,True
26350,반송동,250-1995,민화그린빌라,민화그린빌라,,,TRADE_BBF82E5B265B,unmatched,0.0,28.57142857142857,13,해운대구|아랫반송로70번길|57-12,해운대구|반송동|250-1995,True
26380,하단동,885-17,옥돌골든아르빌,옥돌골든아르빌,,,TRADE_CB6E8F30BAA0,unmatched,0.0,15.384615384615385,12,사하구|하신번영로|320,사하구|하단동|885-17,True
26410,장전동,21,임페리얼빌라,임페리얼빌라,,,TRADE_B563E08B16DE,unmatched,0.0,15.384615384615385,17,금정구|수림로|134,금정구|장전동|21,True
26410,남산동,335-2,태인빌라,태인빌라,,,TRADE_791704ACDF24,unmatched,0.0,0.0,8,금정구|금강로|679,금정구|남산동|335-2,True
26410,부곡동,23-4,정원맨션,정원맨션,,,TRADE_653E9EFA1AE5,unmatched,0.0,40.0,27,금정구|중앙대로1778번길|8,금정구|부곡동|23-4,True
26410,부곡동,285-24,연막곡빌라트,연막곡빌라트,,,TRADE_39C7017292EE,unmatched,0.0,28.57142857142857,27,금정구|동부곡로15번길|32,금정구|부곡동|285-24,True
26410,남산동,481-3,남산삼전빌라,남산삼전빌라,,,TRADE_286350683B0B,unmatched,0.0,60.0,8,금정구|금강로|659,금정구|남산동|481-3,True
26410,남산동,96-1,거성리젠시,거성리젠시,,,TRADE_BD13737DE028,unmatched,0.0,22.22222222222222,8,금정구|금강로|694,금정구|남산동|96-1,True
26410,남산동,115-4,남석빌라,남석빌라,,,TRADE_3253B5C210C6,unmatched,0.0,25.0,8,금정구|중앙대로2035번길|37,금정구|남산동|115-4,True
26470,거제동,730-2,동성,동성,,,TRADE_05A79C0A0B7D,unmatched,0.0,33.333333333333336,41,연제구|거제대로108번길|49,연제구|거제동|730-2,True
26470,연산동,969-20,조은빌라,조은빌라,,,TRADE_D06A8097B20D,unmatched,0.0,22.22222222222222,65,연제구|고분로112번길|32,연제구|연산동|969-20,True
26470,연산동,1289-3,대운파크빌,대운파크빌,,,TRADE_663A2878C42B,unmatched,0.0,40.0,65,연제구|중앙대로1075번길|46,연제구|연산동|1289-3,True
26470,연산동,1481-2,건용베르빌,건용베르빌,,,TRADE_885C02F1EC24,unmatched,0.0,33.333333333333336,65,연제구|거제천로124번길|64,연제구|연산동|1481-2,True
26470,연산동,1386-23,청아시티빌,청아시티빌,,,TRADE_CCB98F18E782,unmatched,0.0,36.36363636363637,65,연제구|거제천로124번길|49,연제구|연산동|1386-23,True
26500,광안동,501-13,금오그린빌라,금오그린빌라,,,TRADE_234704320010,unmatched,0.0,40.0,22,수영구|광일로20번가길|46,수영구|광안동|501-13,True
26500,광안동,1077-17,우일하이츠빌라,우일하이츠빌라,,,TRADE_369E29B99818,unmatched,0.0,40.0,22,수영구|광서로10번길|42,수영구|광안동|1077-17,True
26500,민락동,18-5,선경하모니,선경하모니,,,TRADE_CD2A46D77FF2,unmatched,0.0,16.666666666666664,13,수영구|민락본동로|21,수영구|민락동|18-5,True
26530,모라동,702-4,마스터빌,마스터빌,,,TRADE_ACF031A6BA26,unmatched,0.0,22.22222222222222,19,사상구|사상로|466,사상구|모라동|702-4,True
26530,괘법동,541-1,윈저빌타운,윈저빌타운,,,TRADE_AA225E6C4A37,unmatched,0.0,16.666666666666664,11,사상구|사상로202번길|52,사상구|괘법동|541-1,True
26710,기장읍대라리,167-13,황중베르빌,황중베르빌,,,TRADE_B6A398F5FF46,unmatched,0.0,0.0,0,기장군|차성로216번길|19,기장군|기장읍대라리|167-13,True
26710,기장읍대변리,584,대변그린비치빌,대변그린비치빌,,,TRADE_B990385075F2,unmatched,0.0,0.0,0,기장군|무양로|16,기장군|기장읍대변리|584,True
26710,기장읍대라리,178-3,부강빌라가동,부강빌라가동,,,TRADE_2A488C4D8475,unmatched,0.0,0.0,0,기장군|대청로22번길|36,기장군|기장읍대라리|178-3,True
26110,보수동1가,24-2,그린빌,그린빌,,,TRADE_1527FC9DBB6F,unmatched,0.0,0.0,1,중구|보수북길|5,중구|보수동1가|24-2,True
26110,영주동,252-3,청운1동,청운아파트1동,,,TRADE_EC979B4D0449,unmatched,0.0,19.999999999999996,5,중구|망양로|375,중구|영주동|252-3,True
26140,서대신동2가,213-1,대진골든빌리지,대진골든빌리지,,,TRADE_BCE69C3A073B,unmatched,0.0,26.66666666666667,3,서구|구덕로321번길|63,서구|서대신동2가|213-1,True
26140,서대신동1가,78,성현빌리지,성현빌리지,,,TRADE_5C76E7196819,unmatched,0.0,18.181818181818176,1,서구|부용로|23,서구|서대신동1가|78,True
26140,서대신동2가,473-2,자유,자유,,,TRADE_381DC97DA629,unmatched,0.0,0.0,3,서구|시약로|11,서구|서대신동2가|473-2,True
26140,충무동2가,4-1,태양아르떼,태양아르떼,,,TRADE_B9D171228754,unmatched,0.0,0.0,0,서구|구덕로119번길|30,서구|충무동2가|4-1,True
26140,충무동2가,33-6,대륙천마a,대륙천마A,,,TRADE_26785C7BCC39,unmatched,0.0,0.0,0,서구|천마로205번길|45-3,서구|충무동2가|33-6,True
26140,동대신동3가,333-4,동신그린빌,동신그린빌,,,TRADE_CB2BDF8E1D25,unmatched,0.0,22.22222222222222,3,서구|구덕로334번길|25,서구|동대신동3가|333-4,True
26230,전포동,685-5,동남하이츠빌라트,동남하이츠빌라트,,,TRADE_B0338AA3C7DE,unmatched,0.0,37.5,23,부산진구|전포대로199번길|40-10,부산진구|전포동|685-5,True
26230,전포동,194-26,홍익빌레트,홍익빌레트,,,TRADE_37DCFB91938E,unmatched,0.0,25.0,23,부산진구|서전로57번길|23,부산진구|전포동|194-26,True
26260,온천동,1218-1,하림빌라트,하림빌라트,,,TRADE_98D3659CE9FC,unmatched,0.0,15.384615384615385,42,동래구|아시아드대로247번길|97,동래구|온천동|1218-1,True
26290,대연동,639-27,아침마을에이동,아침마을에이동,,,TRADE_20D83F5C5A31,unmatched,0.0,30.76923076923077,33,남구|유엔평화로41번길|83,남구|대연동|639-27,True
26290,대연동,42-2,삼호,삼호,,,TRADE_D0BD69BD3B96,unmatched,0.0,33.333333333333336,33,남구|수영로346번길|36,남구|대연동|42-2,True
26290,문현동,271-21,청보빌라,청보빌라,,,TRADE_4AC7920F266B,unmatched,0.0,22.22222222222222,23,남구|지게골로|139-20,남구|문현동|271-21,True
26320,덕천동,419-20,진흥,진흥,,,TRADE_434565313C9F,unmatched,0.0,0.0,16,북구|의성로121번길|39,북구|덕천동|419-20,True
26350,재송동,1050-1,유림빌라,유림빌라,,,TRADE_29481871CE11,unmatched,0.0,22.22222222222222,31,해운대구|재반로125번가길|42,해운대구|재송동|1050-1,True
26350,재송동,1159-24,승부그린코아,승부그린코아,,,TRADE_FBE80D2A64BC,unmatched,0.0,40.0,31,해운대구|재송2로|220,해운대구|재송동|1159-24,True
26350,중동,1496-1,신화코스탈빌라,신화코스탈빌라,,,TRADE_8DF9C7B3023D,unmatched,0.0,33.333333333333336,29,해운대구|달맞이길117번다길|78,해운대구|중동|1496-1,True
26380,다대동,857-2,우성로얄캐슬,우성로얄캐슬,,,TRADE_095E5402E268,unmatched,0.0,28.57142857142857,28,사하구|다대로543번길|17-1,사하구|다대동|857-2,True
26410,남산동,973-50,일번파크맨션비동,일번파크맨션비동,,,TRADE_5206C8B0107A,unmatched,0.0,15.384615384615385,8,금정구|팔송로59번길|41,금정구|남산동|973-50,True
26410,남산동,958-5,대명하이츠4차,대명하이츠4차,,,TRADE_5A0F8AE48B2B,unmatched,0.0,50.0,8,금정구|청룡로45번길|40,금정구|남산동|958-5,True
26410,남산동,972-10,대명2차,대명2차,,,TRADE_C5C1F5402431,unmatched,0.0,19.999999999999996,8,금정구|팔송로59번길|42,금정구|남산동|972-10,True
26410,남산동,966-1,삼성하이츠,삼성하이츠,,,TRADE_7D68399E0E7C,unmatched,0.0,60.0,8,금정구|팔송로|43,금정구|남산동|966-1,True
26410,남산동,976-1,석산2차,석산2차,,,TRADE_47F9083F7081,unmatched,0.0,25.0,8,금정구|금강로709번길|9,금정구|남산동|976-1,True
26410,남산동,967-8,석산8차,석산8차,,,TRADE_BA4C025C5547,unmatched,0.0,25.0,8,금정구|팔송로45번길|12,금정구|남산동|967-8,True
26410,남산동,332-7,금성파크빌,금성파크빌,,,TRADE_DEF29CF99188,unmatched,0.0,22.22222222222222,8,금정구|팔송로39번길|73,금정구|남산동|332-7,True
26410,구서동,466-21,조광,조광,,,TRADE_D35AF0588781,unmatched,0.0,33.333333333333336,25,금정구|구서온천천로|49,금정구|구서동|466-21,True
26410,남산동,987-13,영화,영화,,,TRADE_8D4AA7A032A3,unmatched,0.0,22.22222222222222,8,금정구|남산로37번길|14,금정구|남산동|987-13,True
26410,남산동,958-7,대명5차,대명5차,,,TRADE_54414EB83BFF,unmatched,0.0,19.999999999999996,8,금정구|청룡로45번길|30,금정구|남산동|958-7,True
26410,남산동,17-3,석산3차,석산3차,,,TRADE_B5BEF5F2B166,unmatched,0.0,25.0,8,금정구|금강로740번길|10,금정구|남산동|17-3,True
26410,청룡동,634-4,드림파크빌리지,드림파크빌리지,,,TRADE_245E42E805EE,unmatched,0.0,13.33333333333333,4,금정구|놀이마당로|7,금정구|청룡동|634-4,True
26410,남산동,32-8,아름베스트빌2차,아름베스트빌2차,,,TRADE_0CE5806F1CB5,unmatched,0.0,14.28571428571429,8,금정구|금단로|123-13,금정구|남산동|32-8,True
26410,남산동,35-9,왕신하이츠빌라,왕신하이츠빌라,,,TRADE_54C1C9A32165,unmatched,0.0,50.0,8,금정구|금단로|140,금정구|남산동|35-9,True
26470,연산동,469-13,라인빌라트,라인빌라트,,,TRADE_386F5FD94D24,unmatched,0.0,19.999999999999996,65,연제구|고분로235번길|39,연제구|연산동|469-13,True
26470,거제동,1292-2,아시아드힐,아시아드힐,,,TRADE_144E3B44DAB2,unmatched,0.0,72.72727272727273,41,연제구|월드컵대로|337,연제구|거제동|1292-2,True
26470,거제동,676-27,황제빌리지,황제빌리지,,,TRADE_E29FC6D7C08D,unmatched,0.0,26.66666666666667,41,연제구|해맞이로77번길|27,연제구|거제동|676-27,True
26470,연산동,303-1,서광빌라트,서광빌라트,,,TRADE_8A5615C0F047,unmatched,0.0,40.0,65,연제구|신금로23번길|17,연제구|연산동|303-1,True
26470,연산동,1259-17,블레스힐타운,블레스힐타운,,,TRADE_096527F58AD1,unmatched,0.0,37.5,65,연제구|거제천로152번길|38,연제구|연산동|1259-17,True
26500,광안동,1057-18,lk뉴탑5차,LK뉴탑5차,,,TRADE_FA7D459F759B,unmatched,0.0,16.666666666666664,22,수영구|망미번영로38번길|50,수영구|광안동|1057-18,True
26500,광안동,343,광안하이캐슬,광안하이캐슬,,,TRADE_813E8C915FA8,unmatched,0.0,60.0,22,수영구|남천바다로9번길|41-4,수영구|광안동|343,True
26500,광안동,170-13,로즈빌라,로즈빌라(170-13),,,TRADE_C20D856C2DC7,unmatched,0.0,33.333333333333336,22,수영구|수영로540번길|56-3,수영구|광안동|170-13,True
26530,주례동,94,창신,창신,,,TRADE_430F0EC9E7DE,unmatched,0.0,33.333333333333336,23,사상구|가야대로318번길|59,사상구|주례동|94,True
26710,기장읍대라리,185-12,주명b동,주명아파트B동,,,TRADE_A20F528C6879,unmatched,0.0,0.0,0,기장군|대청로22번길|60,기장군|기장읍대라리|185-12,True
26710,일광읍삼성리,716-12,노블비치,노블비치,,,TRADE_093578404EED,unmatched,0.0,0.0,0,기장군|기장해안로|1295,기장군|일광읍삼성리|716-12,True
26710,기장읍대라리,148-6,테마파크빌1차,테마파크빌1차,,,TRADE_787F158CCCA5,unmatched,0.0,0.0,0,기장군|차성동로5번길|32,기장군|기장읍대라리|148-6,True
26710,일광읍삼성리,715-12,세진오션리조트빌,세진오션리조트빌,,,TRADE_6783775E679E,unmatched,0.0,0.0,0,기장군|일역길|66,기장군|일광읍삼성리|715-12,True
26110,부평동4가,2-30,향원인터빌,향원인터빌,,,TRADE_DA6D5B22D5B8,unmatched,0.0,0.0,0,중구|흑교로35번길|18-1,중구|부평동4가|2-30,True
26140,서대신동1가,38-1,일진스카이빌,일진스카이빌,,,TRADE_3C70E8B737FD,unmatched,0.0,0.0,1,서구|구덕로265번길|14-9,서구|서대신동1가|38-1,True
26140,서대신동1가,34-15,영촌아트빌,영촌아트빌,,,TRADE_5690F2A75E58,unmatched,0.0,0.0,1,서구|부용로|35,서구|서대신동1가|34-15,True
26140,서대신동2가,18-1,오현스위트,오현스위트,,,TRADE_2819FC83601C,unmatched,0.0,15.384615384615385,3,서구|대영로45번길|52,서구|서대신동2가|18-1,True
26140,서대신동3가,438,도영빌리지,도영빌리지,,,TRADE_059D4B48CED5,unmatched,0.0,0.0,8,서구|구덕로321번길|50,서구|서대신동3가|438,True
26170,수정동,1010-1,태안하버빌,태안하버빌,,,TRADE_F42A500E22B9,unmatched,0.0,13.33333333333333,3,동구|홍곡로|73,동구|수정동|1010-1,True
26200,영선동2가,39,궁전그린파크빌라,궁전그린파크빌라,,,TRADE_B08B73C8E853,unmatched,0.0,13.33333333333333,1,영도구|영선대로67번길|14,영도구|영선동2가|39,True
26200,대교동2가,135-2,제이스빌,제이스빌,,,TRADE_89769BBFBC19,unmatched,0.0,0.0,0,영도구|남항로25번길|53,영도구|대교동2가|135-2,True
26230,초읍동,356-3,그린파크,그린파크,,,TRADE_E5EF11F4A981,unmatched,0.0,33.333333333333336,10,부산진구|성지곡로33번길|11-12,부산진구|초읍동|356-3,True
26230,부전동,384-13,서면퀸즈w에디션,서면퀸즈W에디션,,,TRADE_6E88B1ADC825,unmatched,0.0,26.66666666666667,7,부산진구|신천대로126번길|48,부산진구|부전동|384-13,True
26230,개금동,356-1,대훈아트빌,대훈아트빌,,,TRADE_FD7E5E379BA6,unmatched,0.0,22.22222222222222,23,부산진구|개금본동로9번길|7-6,부산진구|개금동|356-1,True
26230,초읍동,279-9,신화하이빌,신화하이빌,,,TRADE_15B937170504,unmatched,0.0,22.22222222222222,10,부산진구|초읍천로108번길|56,부산진구|초읍동|279-9,True
26230,가야동,82-11,퍼스트클래스,퍼스트클래스,,,TRADE_499182611480,unmatched,0.0,16.666666666666664,12,부산진구|가야대로587번길|13,부산진구|가야동|82-11,True
26230,연지동,23-1,새롬하이빌,새롬하이빌,,,TRADE_F609199FC0D4,unmatched,0.0,18.181818181818176,14,부산진구|동평로291번길|54,부산진구|연지동|23-1,True
26260,온천동,345-74,센스빌,센스빌,,,TRADE_2135D8A1CF4F,unmatched,0.0,25.0,42,동래구|차밭골로49번길|34,동래구|온천동|345-74,True
26260,온천동,1218-4,성동빌라,성동빌라,,,TRADE_B2C104CF5291,unmatched,0.0,30.76923076923077,42,동래구|석사북로95번길|60-19,동래구|온천동|1218-4,True
26260,명륜동,533-128,금림필3차,금림필3차,,,TRADE_C8590805856B,unmatched,0.0,15.384615384615385,12,동래구|온천천로|179,동래구|명륜동|533-128,True
26260,명장동,524-4,동국빌라,동국빌라,,,TRADE_2CB0E97C1A71,unmatched,0.0,19.999999999999996,13,동래구|시실로|144,동래구|명장동|524-4,True
26290,용호동,394-35,금산,금산,,,TRADE_A6EBD83643DB,unmatched,0.0,25.0,22,남구|동명로146번길|14,남구|용호동|394-35,True
26290,대연동,328,대연로얄,대연로얄,,,TRADE_60F397A536A1,unmatched,0.0,66.66666666666667,33,남구|수영로|253-8,남구|대연동|328,True
26320,구포동,782-29,우정맨션가동,우정맨션가동,,,TRADE_BF79C86310F7,unmatched,0.0,19.999999999999996,22,북구|시랑로48번길|56,북구|구포동|782-29,True
26320,만덕동,696-6,동남뷰,동남뷰,,,TRADE_0BE35F188063,unmatched,0.0,28.57142857142857,25,북구|만덕1로104번가길|16,북구|만덕동|696-6,True
26320,덕천동,394-2,미진파크맨션,미진파크맨션,,,TRADE_6869B2655C4C,unmatched,0.0,66.66666666666667,16,북구|만덕대로142번가길|61,북구|덕천동|394-2,True
26350,중동,1496-7,반석비치빌라2차,반석비치빌라2차,,,TRADE_B2F5E35231C1,unmatched,0.0,31.57894736842105,29,해운대구|달맞이길117번나길|23,해운대구|중동|1496-7,True
26350,재송동,1148-3,어반빌리지,어반빌리지,,,TRADE_3944762F7931,unmatched,0.0,19.999999999999996,31,해운대구|재반로152번길|39,해운대구|재송동|1148-3,True
26410,남산동,51-5,남산미네르빌,남산미네르빌,,,TRADE_0BF40E5D6FD5,unmatched,0.0,40.0,8,금정구|중앙대로|2086-2,금정구|남산동|51-5,True
26410,남산동,973-21,신풍아트빌라,신풍아트빌라,,,TRADE_51FE5CDDB012,unmatched,0.0,15.384615384615385,8,금정구|팔송로53번길|50,금정구|남산동|973-21,True
26410,남산동,117-9,정구팰리스,정구팰리스,,,TRADE_D078CBCF25A4,unmatched,0.0,18.181818181818176,8,금정구|학산로|16,금정구|남산동|117-9,True
26410,남산동,104-1,행복이가득한집,행복이가득한집,,,TRADE_8663D67F95D8,unmatched,0.0,16.666666666666664,8,금정구|범어천로|3,금정구|남산동|104-1,True
26410,남산동,116-10,남산그린파크맨션,남산그린파크맨션,,,TRADE_528BC5C65C4C,unmatched,0.0,33.333333333333336,8,금정구|학산로21번길|3,금정구|남산동|116-10,True
26470,연산동,784-44,디오빌에이동,디오빌에이동,,,TRADE_87CF65B5EA08,unmatched,0.0,19.999999999999996,65,연제구|월드컵대로19번길|13,연제구|연산동|784-44,True
26470,연산동,1299-32,전원금강빌,전원금강빌,,,TRADE_8B7FF2B94D04,unmatched,0.0,19.999999999999996,65,연제구|거제천로136번길|34,연제구|연산동|1299-32,True
26470,연산동,1268-8,대은시티빌,대은시티빌,,,TRADE_1BBC6AEA41A8,unmatched,0.0,36.36363636363637,65,연제구|중앙대로1048번길|52,연제구|연산동|1268-8,True
26470,연산동,1288-27,조광네오빌,조광네오빌,,,TRADE_134EC34AA19C,unmatched,0.0,19.999999999999996,65,연제구|중앙대로1075번길|20,연제구|연산동|1288-27,True
26470,연산동,469-34,세븐빌,세븐빌,,,TRADE_45A09D261645,unmatched,0.0,25.0,65,연제구|고분로235번길|63,연제구|연산동|469-34,True
26470,연산동,478-4,송파지오스4,송파지오스4,,,TRADE_45D89F6381C2,unmatched,0.0,36.36363636363637,65,연제구|고분로235번길|23,연제구|연산동|478-4,True
26470,연산동,469-36,윤강하이츠빌라,윤강하이츠빌라,,,TRADE_41655A94D36C,unmatched,0.0,50.0,65,연제구|고분로235번길|61,연제구|연산동|469-36,True
26500,남천동,19-37,남천현대빌,남천현대빌,,,TRADE_05A0AB37995F,unmatched,0.0,44.44444444444444,14,수영구|수영로|398-6,수영구|남천동|19-37,True
26500,광안동,1078-2,삼흥토인월드,삼흥토인월드,,,TRADE_997D434950D1,unmatched,0.0,18.181818181818176,22,수영구|수영로665번길|11,수영구|광안동|1078-2,True
26500,남천동,74-6,리부스남천,리부스남천,,,TRADE_6B57BAECCE69,unmatched,0.0,44.44444444444444,14,수영구|남천서로|5-6,수영구|남천동|74-6,True
26500,광안동,536-143,협성센트로1차,협성센트로1차,,,TRADE_FCE7828F1D73,unmatched,0.0,35.29411764705882,22,수영구|장대골로|30,수영구|광안동|536-143,True
26500,광안동,191-6,류빈비치빌,류빈비치빌,,,TRADE_7858A307D043,unmatched,0.0,44.44444444444444,22,수영구|광남로|150,수영구|광안동|191-6,True
26500,민락동,159-14,한울비치빌,한울비치빌,,,TRADE_9C7FC051D21D,unmatched,0.0,44.44444444444444,13,수영구|감포로8번길|43,수영구|민락동|159-14,True
26500,광안동,116-26,솔내음파비르,솔내음파비르,,,TRADE_677D69F2ED2C,unmatched,0.0,19.999999999999996,22,수영구|수영로|632-1,수영구|광안동|116-26,True
26710,기장읍동부리,335-11,월드파크빌b동,월드파크빌B동,,,TRADE_FC653D216CA8,unmatched,0.0,0.0,0,기장군|차성서로|152-14,기장군|기장읍동부리|335-11,True
26710,철마면고촌리,668,현대프라힐스동부산,현대프라힐스 동부산,,,TRADE_63EC9CEFA96C,unmatched,0.0,0.0,0,기장군|고촌로|58,기장군|철마면고촌리|668,True
26110,부평동4가,51-1,목연정빌라,목연정빌라,,,TRADE_B324C5164FA1,unmatched,0.0,0.0,0,중구|보수대로64번길|17,중구|부평동4가|51-1,True
26140,토성동5가,18-4,서원비동,서원비동,,,TRADE_A70C802D46C8,unmatched,0.0,0.0,0,서구|구덕로134번길|20,서구|토성동5가|18-4,True
26140,남부민동,611-11,대동맨션,대동맨션,,,TRADE_855F8ED8CCB5,unmatched,0.0,25.0,6,서구|천마로|57,서구|남부민동|611-11,True
26140,부민동1가,18-8,향원밸리빌,향원밸리빌,,,TRADE_380E7502E698,unmatched,0.0,0.0,0,서구|대청로|7,서구|부민동1가|18-8,True
26170,수정동,1043-38,하이츠빌리지,하이츠빌리지,,,TRADE_1AA8A68D3517,unmatched,0.0,12.5,3,동구|홍곡남로|22,동구|수정동|1043-38,True
26170,초량동,1056-71,배룡비치텔,배룡비치텔,,,TRADE_36042A627ABE,unmatched,0.0,10.526315789473683,10,동구|초량중로21번길|10,동구|초량동|1056-71,True
26170,범일동,1308-10,금초파크,금초파크,,,TRADE_4B485BB38EDD,unmatched,0.0,0.0,9,동구|범곡북로|7,동구|범일동|1308-10,True
26200,봉래동2가,62-14,성인아르빌,성인아르빌,,,TRADE_EDBC70B21818,unmatched,0.0,0.0,2,영도구|절영로7번길|37-3,영도구|봉래동2가|62-14,True
26230,범천동,1230-193,동우주택,동우주택,,,TRADE_CBFF4CB3DD16,unmatched,0.0,22.22222222222222,24,부산진구|신암로|89,부산진구|범천동|1230-193,True
26260,온천동,1249-1,시티하임3차,시티하임3차,,,TRADE_A06EFE50BA3A,unmatched,0.0,26.66666666666667,42,동래구|아시아드대로231번길|11,동래구|온천동|1249-1,True
26260,사직동,391-6,동산,동산(202동),,,TRADE_ACEE8BC5CE92,unmatched,0.0,50.0,19,동래구|아시아드대로164번길|45,동래구|사직동|391-6,True
26260,온천동,1434-2,온천건흥,온천건흥,,,TRADE_30CC7E4C3668,unmatched,0.0,50.0,42,동래구|중앙대로1333번길|39,동래구|온천동|1434-2,True
26260,온천동,1411-26,월드리빙필,월드리빙필,,,TRADE_8DDBBF531E8D,unmatched,0.0,18.181818181818176,42,동래구|아시아드대로208번가길|9,동래구|온천동|1411-26,True
26260,온천동,189-42,일성아이앤유2차,일성아이앤유2차,,,TRADE_37682CB70E1A,unmatched,0.0,42.85714285714286,42,동래구|금강로106번길|8-22,동래구|온천동|189-42,True
26260,온천동,1182,현은,현은,,,TRADE_53C330727483,unmatched,0.0,50.0,42,동래구|쇠미로217번길|27,동래구|온천동|1182,True
26260,온천동,1250-6,태경에버리치,태경에버리치,,,TRADE_8A9F364C2120,unmatched,0.0,25.0,42,동래구|사직북로28번길|154,동래구|온천동|1250-6,True
26260,온천동,1266-1,온천유림,온천유림,,,TRADE_37A8CEA7184B,unmatched,0.0,57.14285714285714,42,동래구|아시아드대로207번길|9,동래구|온천동|1266-1,True
26290,대연동,1734-5,태흥이오니아빌,태흥이오니아빌,,,TRADE_D58416AEAF80,unmatched,0.0,22.22222222222222,33,남구|유엔로157번가길|7,남구|대연동|1734-5,True
26290,대연동,1738-10,뉴금양타워빌,뉴금양타워빌,,,TRADE_0E5186DE7461,unmatched,0.0,33.333333333333336,33,남구|유엔평화로9번길|8,남구|대연동|1738-10,True
26290,용호동,83-2,성지빌라,성지빌라,,,TRADE_3BF1A01BCC2C,unmatched,0.0,40.0,22,남구|용호로|98-24,남구|용호동|83-2,True
26290,대연동,888-6,보람시티빌,보람시티빌,,,TRADE_BBC89621D48B,unmatched,0.0,18.181818181818176,33,남구|유엔평화로41번가길|39,남구|대연동|888-6,True
26320,덕천동,256-3,써니아르빌,써니아르빌,,,TRADE_A5FE40571393,unmatched,0.0,19.999999999999996,16,북구|모분재로15번길|111,북구|덕천동|256-3,True
26350,중동,1505-1,삼안리젠시3,삼안리젠시3,,,TRADE_95C9A88B92CB,unmatched,0.0,25.0,29,해운대구|달맞이길117번다길|28,해운대구|중동|1505-1,True
26350,반여동,1581-9,세진,세진,,,TRADE_BA5003006D6D,unmatched,0.0,22.22222222222222,31,해운대구|재반로282번길|109,해운대구|반여동|1581-9,True
26350,중동,1500-9,대림선라이즈1,대림선라이즈1,,,TRADE_CBF1B76E8910,unmatched,0.0,30.000000000000004,29,해운대구|달맞이길117번가길|97,해운대구|중동|1500-9,True
26350,중동,1505-3,우성빌라,우성빌라(백세해운대빌라2차),,,TRADE_EE13A82326DC,unmatched,0.0,66.66666666666667,29,해운대구|달맞이길117번가길|15,해운대구|중동|1505-3,True
26380,장림동,349-14,제일,제일,,,TRADE_E9266D073CD6,unmatched,0.0,25.0,26,사하구|장림시장5길|165,사하구|장림동|349-14,True
26380,하단동,893-3,호주하이츠빌라,호주하이츠빌라,,,TRADE_7D179CAB3D65,unmatched,0.0,18.181818181818176,12,사하구|낙동남로|1352-6,사하구|하단동|893-3,True
26410,구서동,201-9,산들파르테,산들파르테,,,TRADE_5E4ABB2082EC,unmatched,0.0,22.22222222222222,25,금정구|구서중앙로15번길|27,금정구|구서동|201-9,True
26410,청룡동,634-7,금룡빌라,금룡빌라,,,TRADE_635DE4EC0628,unmatched,0.0,33.333333333333336,4,금정구|청룡로|52,금정구|청룡동|634-7,True
26410,부곡동,64-32,우일아내트,우일아내트,,,TRADE_47297453500D,unmatched,0.0,22.22222222222222,27,금정구|중앙대로1793번길|52,금정구|부곡동|64-32,True
26410,장전동,653-12,골든팰리스,골든팰리스,,,TRADE_C53BFF95A9AF,unmatched,0.0,50.0,17,금정구|식물원로27번길|45,금정구|장전동|653-12,True
26410,남산동,481-8,삼진빌라,삼진빌라(481-8),,,TRADE_992462CBF058,unmatched,0.0,25.0,8,금정구|금강로647번길|8,금정구|남산동|481-8,True
26410,구서동,161-5,석산빌라9,석산빌라9,,,TRADE_8F36C89CC7D2,unmatched,0.0,22.22222222222222,25,금정구|두실로7번길|14,금정구|구서동|161-5,True
26410,남산동,131-7,석산5차,석산5차,,,TRADE_AE42EF077D94,unmatched,0.0,25.0,8,금정구|두실로16번길|11,금정구|남산동|131-7,True
26470,거제동,676-28,태승타워,태승타워,,,TRADE_B46B41E7C3D1,unmatched,0.0,40.0,41,연제구|해맞이로77번길|19,연제구|거제동|676-28,True
26470,연산동,1293-2,에이스빌,에이스빌(1293-2),,,TRADE_7A362315C9A5,unmatched,0.0,44.44444444444444,65,연제구|월드컵대로153번길|50,연제구|연산동|1293-2,True
26500,광안동,535-3,지성타워빌,지성타워빌,,,TRADE_2972BDD3E84F,unmatched,0.0,30.76923076923077,22,수영구|광일로29번가길|4,수영구|광안동|535-3,True
26710,기장읍대변리,391,주은해변빌라,주은해변빌라,,,TRADE_1C1318D62EF7,unmatched,0.0,0.0,0,기장군|대변1로|15,기장군|기장읍대변리|391,True
26140,서대신동2가,36-6,한우리빌리지2차,한우리빌리지2차,,,TRADE_C52956689550,unmatched,0.0,25.0,3,서구|구덕로305번길|4-10,서구|서대신동2가|36-6,True
26140,서대신동3가,360-3,크로바a동,크로바A동,,,TRADE_8875A1DACBD9,unmatched,0.0,0.0,8,서구|구덕로333번길|19,서구|서대신동3가|360-3,True
26140,동대신동3가,63-183,덕산,덕산,,,TRADE_CB5E18DE35A8,unmatched,0.0,33.333333333333336,3,서구|망양로111번길|12,서구|동대신동3가|63-183,True
26140,서대신동1가,54-14,대우빌라,대우빌라,,,TRADE_6245742C00DF,unmatched,0.0,19.999999999999996,1,서구|구덕로285번길|15,서구|서대신동1가|54-14,True
26140,동대신동2가,7-1,전원빌라,전원빌라,,,TRADE_3EA376BF215A,unmatched,0.0,0.0,1,서구|중앙공원로|24,서구|동대신동2가|7-1,True
26140,서대신동2가,77,향원에이스타운,향원에이스타운(77),,,TRADE_0E5A78B5A2A9,unmatched,0.0,0.0,3,서구|구덕로301번길|22,서구|서대신동2가|77,True
26170,범일동,1486-19,아름빌106동,아름빌106동,,,TRADE_3907E085B343,unmatched,0.0,0.0,9,동구|범곡북로|27,동구|범일동|1486-19,True
26170,범일동,26-8,서면베스티움더시티,서면베스티움더시티,,,TRADE_BA09D051E0DE,unmatched,0.0,28.57142857142857,9,동구|중앙대로|539,동구|범일동|26-8,True
26200,동삼동,326-9,대성타워,대성타워,,,TRADE_146A819AEB35,unmatched,0.0,19.999999999999996,23,영도구|동삼로|47,영도구|동삼동|326-9,True
26200,동삼동,327-3,유나맨션,유나맨션,,,TRADE_30DCCB952EA6,unmatched,0.0,40.0,23,영도구|동삼로|46,영도구|동삼동|327-3,True
26200,동삼동,349-3,선마린빌라트,선마린빌라트,,,TRADE_C0FF739F1357,unmatched,0.0,19.999999999999996,23,영도구|태종로|638,영도구|동삼동|349-3,True
26230,개금동,177-218,풍신,풍신,,,TRADE_28529FDDD513,unmatched,0.0,28.57142857142857,23,부산진구|복지로13번길|16,부산진구|개금동|177-218,True
26230,개금동,424-6,개금미네스트,개금미네스트,,,TRADE_CF4166BB2257,unmatched,0.0,66.66666666666667,23,부산진구|개금본동로9번길|69,부산진구|개금동|424-6,True
26260,명륜동,526-11,이삭빌,이삭빌,,,TRADE_3D786679DAC9,unmatched,0.0,28.57142857142857,12,동래구|충렬대로182번나길|22,동래구|명륜동|526-11,True
26290,대연동,635-9,남강파크,남강파크,,,TRADE_A88013215FF0,unmatched,0.0,33.333333333333336,33,남구|유엔로157번가길|70,남구|대연동|635-9,True
26290,대연동,1465-5,미림크라운맨션,미림크라운맨션(1465-5),,,TRADE_BC447EFE9ACC,unmatched,0.0,15.384615384615385,33,남구|못골번영로46번길|32,남구|대연동|1465-5,True
26290,용호동,419-12,로얄맨션,로얄맨션,,,TRADE_F41AC68C1854,unmatched,0.0,40.0,22,남구|동명로100번길|48,남구|용호동|419-12,True
26290,대연동,888-12,흑석파크,흑석파크,,,TRADE_43BAB80D4F34,unmatched,0.0,33.333333333333336,33,남구|유엔평화로29번길|5,남구|대연동|888-12,True
26290,대연동,874-3,중앙월드타워,중앙월드타워,,,TRADE_53EE9369A413,unmatched,0.0,33.333333333333336,33,남구|유엔평화로29번길|73,남구|대연동|874-3,True
26410,부곡동,60-13,금정아트빌,금정아트빌,,,TRADE_501058A0BFF9,unmatched,0.0,28.57142857142857,27,금정구|무학송로|101,금정구|부곡동|60-13,True
26410,남산동,981-8,학산코스모빌라,학산코스모빌라,,,TRADE_64990EF4746B,unmatched,0.0,18.181818181818176,8,금정구|금샘로|511,금정구|남산동|981-8,True
26410,부곡동,9-5,중앙시티빌,중앙시티빌,,,TRADE_1B34F2A9312D,unmatched,0.0,22.22222222222222,27,금정구|중앙대로1778번길|55,금정구|부곡동|9-5,True
26410,부곡동,11-18,청수하이빌,청수하이빌,,,TRADE_6F5A644BA078,unmatched,0.0,15.384615384615385,27,금정구|무학송로138번길|11,금정구|부곡동|11-18,True
26410,부곡동,873-15,부호하이츠,부호하이츠,,,TRADE_C3D22324C35C,unmatched,0.0,22.22222222222222,27,금정구|오시게로|16,금정구|부곡동|873-15,True
26410,구서동,445-20,그린빌,그린빌,,,TRADE_365B94BE9B84,unmatched,0.0,44.44444444444444,25,금정구|금정로|227,금정구|구서동|445-20,True
26410,구서동,444-3,삼부,삼부,,,TRADE_5BB13D4B66C8,unmatched,0.0,33.333333333333336,25,금정구|금정로|224,금정구|구서동|444-3,True
26470,연산동,578-4,창성골든빌비동,창성골든빌비동,,,TRADE_071EE3371D77,unmatched,0.0,26.66666666666667,65,연제구|중앙대로1150번길|25,연제구|연산동|578-4,True
26470,연산동,1480-35,하나화이트빌,하나화이트빌,,,TRADE_5EEEE8FD6304,unmatched,0.0,54.54545454545454,65,연제구|거제천로118번길|43,연제구|연산동|1480-35,True
26470,연산동,300-58,미림맨션,미림맨션,,,TRADE_C214B3E7D805,unmatched,0.0,40.0,65,연제구|과정로348번길|45,연제구|연산동|300-58,True
26500,광안동,567-12,부일에코캐슬,부일에코캐슬,,,TRADE_A207D40DD568,unmatched,0.0,15.384615384615385,22,수영구|수영로595번길|12,수영구|광안동|567-12,True
26530,엄궁동,37-1,청송,청송,,,TRADE_EDA4D0BFF07F,unmatched,0.0,0.0,12,사상구|엄궁로|184,사상구|엄궁동|37-1,True
26710,기장읍대라리,129-9,금강로즈맨션,금강로즈맨션,,,TRADE_16E45072BD39,unmatched,0.0,0.0,0,기장군|차성동로31번길|26,기장군|기장읍대라리|129-9,True
26710,기장읍대라리,183-10,테마하이츠빌,테마하이츠빌,,,TRADE_315DE1941026,unmatched,0.0,0.0,0,기장군|대청로8번길|47,기장군|기장읍대라리|183-10,True
26710,정관읍방곡리,269-6,두리아,두리아,,,TRADE_D32C3B79AA82,unmatched,0.0,0.0,0,기장군|정관덕산1길|8-1,기장군|정관읍방곡리|269-6,True
26710,기장읍대라리,306-2,에스디빌라트,에스디빌라트,,,TRADE_54B2166EF48F,unmatched,0.0,0.0,0,기장군|대청로13번길|30,기장군|기장읍대라리|306-2,True
26710,기장읍대라리,838,갤러리하우스,갤러리하우스,,,TRADE_D951B7B7F7D7,unmatched,0.0,0.0,0,기장군|차성서로109번길|23,기장군|기장읍대라리|838,True
26140,서대신동1가,35-10,무궁화,무궁화,,,TRADE_F945232E9E9B,unmatched,0.0,0.0,1,서구|구덕로265번길|30,서구|서대신동1가|35-10,True
26230,부전동,474-107,창덕더파크,창덕더파크,,,TRADE_518D0D15D00B,unmatched,0.0,0.0,7,부산진구|부전로|102,부산진구|부전동|474-107,True
26230,부암동,669-18,야긴다하임,야긴다하임,,,TRADE_D576478B7FB5,unmatched,0.0,0.0,27,부산진구|신천대로220번길|77-10,부산진구|부암동|669-18,True
26290,대연동,967-2,대호,대호(967-2),,,TRADE_7058B4626310,unmatched,0.0,33.333333333333336,33,남구|유엔평화로66번길|26,남구|대연동|967-2,True
26290,대연동,961-17,송림,송림아파트,,,TRADE_2FC6C606E538,unmatched,0.0,0.0,33,남구|유엔평화로76번길|20,남구|대연동|961-17,True
26290,우암동,189-1677,광이골드힐a,광이골드힐A,,,TRADE_EB134E28D9D7,unmatched,0.0,16.666666666666664,10,남구|동항로|53-6,남구|우암동|189-1677,True
26290,용호동,486-41,태양빌라트,태양빌라트,,,TRADE_133287BB1AFF,unmatched,0.0,36.36363636363637,22,남구|용호로|188-1,남구|용호동|486-41,True
26350,송정동,137-7,조희바다풍경,조희바다풍경,,,TRADE_DB653C1F0E0B,unmatched,0.0,13.33333333333333,5,해운대구|송정1로8번길|34,해운대구|송정동|137-7,True
26380,하단동,597-19,동조리젠시,동조리젠시,,,TRADE_729D111D2C1B,unmatched,0.0,15.384615384615385,12,사하구|하신중앙로313번길|60,사하구|하단동|597-19,True
26380,하단동,870-95,나산리츠,나산리츠,,,TRADE_A65B1D732479,unmatched,0.0,33.333333333333336,12,사하구|낙동남로|1362,사하구|하단동|870-95,True
26410,구서동,164-10,광이드림타워,광이드림타워,,,TRADE_76CDD3E07DB9,unmatched,0.0,33.333333333333336,25,금정구|두실로15번길|45,금정구|구서동|164-10,True
26470,연산동,306-5,유영,유영,,,TRADE_B936A014BF30,unmatched,0.0,28.57142857142857,65,연제구|신금로17번길|59,연제구|연산동|306-5,True
26470,연산동,1293-10,해오름빌리지1차,해오름빌리지1차,,,TRADE_E570DA919D5B,unmatched,0.0,33.333333333333336,65,연제구|월드컵대로153번길|48,연제구|연산동|1293-10,True
26470,연산동,1386-25,형제아트빌,형제아트빌,,,TRADE_C50D96A82C2D,unmatched,0.0,33.333333333333336,65,연제구|월드컵대로153번길|75,연제구|연산동|1386-25,True
26470,거제동,681-24,대주,대주,,,TRADE_A7387C7069E1,unmatched,0.0,33.333333333333336,41,연제구|해맞이로77번길|34-8,연제구|거제동|681-24,True
26470,연산동,480-32,강산해오름,강산해오름,,,TRADE_19FC832DA3E9,unmatched,0.0,30.76923076923077,65,연제구|고분로236번길|6,연제구|연산동|480-32,True
26500,광안동,536-137,광안타워,광안타워,,,TRADE_9C5D32E83012,unmatched,0.0,50.0,22,수영구|장대골로|36,수영구|광안동|536-137,True
26530,덕포동,404-8,아카페타운,아카페타운,,,TRADE_5197D5907A9E,unmatched,0.0,40.0,13,사상구|삼덕로|71,사상구|덕포동|404-8,True
26530,감전동,118-35,엘크루센트로,엘크루센트로아파트,,,TRADE_3C1ADAC39171,unmatched,0.0,16.666666666666664,2,사상구|학감대로267번길|20,사상구|감전동|118-35,True
26140,부용동1가,69-7,남명더라우부용,남명더라우부용,,,TRADE_81458F6FB5CF,unmatched,0.0,0.0,1,서구|구덕로|234,서구|부용동1가|69-7,True
26140,서대신동3가,384-2,대신썬빌리지b,대신썬빌리지B,,,TRADE_28F6383C696B,unmatched,0.0,36.36363636363637,8,서구|구덕로333번길|11,서구|서대신동3가|384-2,True
26140,서대신동2가,209,진성시티라이프,진성시티라이프,,,TRADE_785C09312093,unmatched,0.0,0.0,3,서구|대영로27번길|40,서구|서대신동2가|209,True
26140,서대신동2가,54,리더스향원,리더스향원,,,TRADE_70D7983C80B5,unmatched,0.0,19.999999999999996,3,서구|구덕로301번길|8,서구|서대신동2가|54,True
26140,동대신동1가,218-1,아젤리아빌라,아젤리아빌라,,,TRADE_3C08590E1EDB,unmatched,0.0,0.0,1,서구|구덕로280번길|8-1,서구|동대신동1가|218-1,True
26170,범일동,105-1,어반오션시티,어반오션시티,,,TRADE_8EE4A653B013,unmatched,0.0,36.36363636363637,9,동구|중앙대로|501-1,동구|범일동|105-1,True
26200,봉래동4가,266,유진캐슬,유진캐슬,,,TRADE_ACE550EE0699,unmatched,0.0,25.0,2,영도구|봉래길|92-4,영도구|봉래동4가|266,True
26230,부암동,38-5,그린센트,그린센트,,,TRADE_CD10342DB464,unmatched,0.0,36.36363636363637,27,부산진구|시민공원로19번길|94,부산진구|부암동|38-5,True
26260,명장동,136-9,아이뷰파크,아이뷰파크,,,TRADE_FAF8701F5D68,unmatched,0.0,54.54545454545454,13,동래구|명안로78번길|25,동래구|명장동|136-9,True
26410,청룡동,30-7,지성캐슬,지성캐슬,,,TRADE_36FE70CF9474,unmatched,0.0,16.666666666666664,4,금정구|팔송로18번길|52,금정구|청룡동|30-7,True
26410,장전동,505-76,벽산그린빌라,벽산그린빌라,,,TRADE_06D17CFA15AC,unmatched,0.0,25.0,17,금정구|금샘로17번길|43-6,금정구|장전동|505-76,True
26410,장전동,501-25,금정리치빌,금정리치빌,,,TRADE_DC59C9AE2618,unmatched,0.0,44.44444444444444,17,금정구|금샘로18번길|75,금정구|장전동|501-25,True
26410,서동,79,그린빌,그린빌,,,TRADE_1C4B59523F6C,unmatched,0.0,0.0,4,금정구|서금로67번길|4,금정구|서동|79,True
26410,구서동,177-4,우석쉐르빌,우석쉐르빌,,,TRADE_7C95AF5C757C,unmatched,0.0,22.22222222222222,25,금정구|중앙대로1944번길|12,금정구|구서동|177-4,True
26500,민락동,184-2,광안리슈빌ds,광안리슈빌DS,,,TRADE_6723552957B5,unmatched,0.0,37.5,13,수영구|광남로|166,수영구|민락동|184-2,True
26500,남천동,21-9,봉황파크,봉황파크,,,TRADE_1F22A112897C,unmatched,0.0,50.0,14,수영구|남천동로24번길|30,수영구|남천동|21-9,True
26170,좌천동,784-3,좌천현대,좌천현대,,,TRADE_8756263E0E81,unmatched,0.0,33.333333333333336,5,동구|증산로|95,동구|좌천동|784-3,True
26200,대평동1가,94,태림맨션,태림맨션(94-0),,,TRADE_4AF303AB4B2A,unmatched,0.0,0.0,1,영도구|대평로|15,영도구|대평동1가|94,True
26230,당감동,623-2,동남주상복합,동남주상복합,,,TRADE_FE1B3F77D36A,unmatched,0.0,16.666666666666664,17,부산진구|백양순환로|9,부산진구|당감동|623-2,True
26290,감만동,73-209,동성아트a,동성아트A,,,TRADE_FB36773A293B,unmatched,0.0,33.333333333333336,9,남구|우암로70번길|45,남구|감만동|73-209,True
26290,대연동,281-11,은하,은하,,,TRADE_E1060FB1F1CE,unmatched,0.0,25.0,33,남구|못골번영로66번길|55,남구|대연동|281-11,True
26380,괴정동,906-1,화목하이츠빌,화목하이츠빌,,,TRADE_602DB6E47F94,unmatched,0.0,54.54545454545454,29,사하구|낙동대로244번길|1,사하구|괴정동|906-1,True
26380,하단동,515,동산,동산,,,TRADE_B9E1FECE04A8,unmatched,0.0,0.0,12,사하구|하신번영로300번길|90,사하구|하단동|515,True
26410,구서동,1005-3,세진에버그린b동,세진에버그린B동,,,TRADE_0070D9F696D7,unmatched,0.0,28.57142857142857,25,금정구|금샘로|447,금정구|구서동|1005-3,True
26440,대저1동,1728-1,우창팰리스,우창팰리스,,,TRADE_75253573B3C2,unmatched,0.0,0.0,0,강서구|낙동북로187번길|10,강서구|대저1동|1728-1,True
26470,연산동,469-15,대동레미안,대동레미안,,,TRADE_06CFDF42528E,unmatched,0.0,25.0,65,연제구|과정로|168,연제구|연산동|469-15,True
26500,광안동,1078-3,토명비취빌,토명비취빌,,,TRADE_8E1047F6A21F,unmatched,0.0,22.22222222222222,22,수영구|광서로10번길|24,수영구|광안동|1078-3,True
26200,동삼동,314-3,협성네오빌,협성네오빌,,,TRADE_47CDA4C23065,unmatched,0.0,15.384615384615385,23,영도구|웃서발로94번길|1,영도구|동삼동|314-3,True
26200,청학동,307-60,페로스빌,페로스빌,,,TRADE_2C2C9099337D,unmatched,0.0,19.999999999999996,9,영도구|태종로|304,영도구|청학동|307-60,True
26230,당감동,880-4,골든엠파이어,골든엠파이어,,,TRADE_DD6E2FAA28FD,unmatched,0.0,18.181818181818176,17,부산진구|신천대로|191,부산진구|당감동|880-4,True
26260,온천동,1426-9,glg스파타운,GLG스파타운,,,TRADE_D3F588FF4839,unmatched,0.0,33.333333333333336,42,동래구|충렬대로100번길|12,동래구|온천동|1426-9,True
26320,화명동,2270-5,아덴펜트하우스,아덴펜트하우스,,,TRADE_C7DC15AF59E8,unmatched,0.0,26.66666666666667,29,북구|화명대로|5,북구|화명동|2270-5,True
26350,중동,1476-1,동경빌라,동경빌라,,,TRADE_E2B4408B59E7,unmatched,0.0,36.36363636363637,29,해운대구|달맞이길117번나길|179,해운대구|중동|1476-1,True
26380,다대동,1201-1,광남하이츠빌b동,광남하이츠빌B동,,,TRADE_8FD76D50B364,unmatched,0.0,46.15384615384615,28,사하구|다대로530번길|6,사하구|다대동|1201-1,True
26380,괴정동,379-1,화성맨션,화성맨션,,,TRADE_48826ED82FF3,unmatched,0.0,54.54545454545454,29,사하구|사리로8번길|14,사하구|괴정동|379-1,True
26410,청룡동,631-11,대신빌라,대신빌라(631-11),,,TRADE_993DC0ACC63C,unmatched,0.0,16.666666666666664,4,금정구|청룡로62번길|15-12,금정구|청룡동|631-11,True
26410,장전동,521-95,광후빌리지,광후빌리지,,,TRADE_F2F1A8A361BF,unmatched,0.0,16.666666666666664,17,금정구|금샘로|12,금정구|장전동|521-95,True
26470,연산동,859-4,아림시티빌,아림시티빌,,,TRADE_BC4918285DD2,unmatched,0.0,36.36363636363637,65,연제구|연제로9번길|9,연제구|연산동|859-4,True
26470,연산동,1289-23,대양그린빌,대양그린빌,,,TRADE_DBE046DF5069,unmatched,0.0,54.54545454545454,65,연제구|거제천로146번길|36,연제구|연산동|1289-23,True
26470,연산동,1279-24,홍림빌리지,홍림빌리지,,,TRADE_DDA32D2C7FDD,unmatched,0.0,19.999999999999996,65,연제구|거제천로146번길|55,연제구|연산동|1279-24,True
26500,광안동,140-10,보람빌리지,보람빌리지,,,TRADE_2A1BBD4E3BA1,unmatched,0.0,18.181818181818176,22,수영구|수영로600번길|19,수영구|광안동|140-10,True
26500,남천동,556-20,남천세원수,남천세원수아파트,,,TRADE_07FF264442B4,unmatched,0.0,46.15384615384615,14,수영구|황령대로497번길|19,수영구|남천동|556-20,True
26710,기장읍대라리,148-1,금강로즈,금강로즈,,,TRADE_0A7D41DB2D42,unmatched,0.0,0.0,0,기장군|차성로242번길|16,기장군|기장읍대라리|148-1,True
26140,동대신동2가,1-46,로얄이스트,로얄이스트,,,TRADE_B04FBAB83A7F,unmatched,0.0,0.0,1,서구|중앙공원로|39,서구|동대신동2가|1-46,True
26140,서대신동3가,31-13,화인아트빌리지,화인아트빌리지,,,TRADE_7556908AF118,unmatched,0.0,0.0,8,서구|시약로|122,서구|서대신동3가|31-13,True
26200,영선동2가,67-1,청성,청성,,,TRADE_C1BD6346E923,unmatched,0.0,0.0,1,영도구|영선대로|89,영도구|영선동2가|67-1,True
26230,양정동,7-12,샛별스위트,샛별스위트,,,TRADE_D74D594C9797,unmatched,0.0,28.57142857142857,13,부산진구|양연로6번길|12,부산진구|양정동|7-12,True
26230,전포동,661-2,예일프라자,예일프라자,,,TRADE_F28E1A121F72,unmatched,0.0,19.999999999999996,23,부산진구|서전로37번길|25-9,부산진구|전포동|661-2,True
26260,낙민동,214-3,대신탑스빌,대신탑스빌,,,TRADE_7930B6F73816,unmatched,0.0,22.22222222222222,13,동래구|충렬대로272번길|32,동래구|낙민동|214-3,True
26290,대연동,67-1,금보,금보,,,TRADE_64803AFCE080,unmatched,0.0,0.0,33,남구|수영로298번길|18,남구|대연동|67-1,True
26320,덕천동,337-7,미래프라임,미래프라임,,,TRADE_690A2749FBFF,unmatched,0.0,40.0,16,북구|의성로83번길|5,북구|덕천동|337-7,True
26320,덕천동,776-8,화목빌라,화목빌라(776-8),,,TRADE_C47CC0C79F1E,unmatched,0.0,22.22222222222222,16,북구|덕천로|149-1,북구|덕천동|776-8,True
26350,중동,1217,성완아이렉스원룸,성완아이렉스원룸,,,TRADE_830D70630C37,unmatched,0.0,30.76923076923077,29,해운대구|중동2로10번길|32-15,해운대구|중동|1217,True
26410,남산동,988-2,일신파크빌,일신파크빌,,,TRADE_51C8748C22A3,unmatched,0.0,16.666666666666664,8,금정구|남산로|47,금정구|남산동|988-2,True
26410,남산동,680-14,해성체르니2차,해성체르니아파트2차,,,TRADE_8F33AC20CBD7,unmatched,0.0,18.181818181818176,8,금정구|금샘로578번길|50,금정구|남산동|680-14,True
26470,연산동,469-20,영일아트빌,영일아트빌,,,TRADE_D97F7AA8AA97,unmatched,0.0,28.57142857142857,65,연제구|과정로164번길|5,연제구|연산동|469-20,True
26500,광안동,116-15,강산마을,강산마을,,,TRADE_D2D79D55DA7B,unmatched,0.0,0.0,22,수영구|무학로9번길|7,수영구|광안동|116-15,True
26500,광안동,1077-7,한솔,한솔,,,TRADE_ED7B49EE8167,unmatched,0.0,0.0,22,수영구|광서로10번길|50,수영구|광안동|1077-7,True
26530,엄궁동,165-18,선진무지개,선진무지개,,,TRADE_D7BCA49FC7C7,unmatched,0.0,18.181818181818176,12,사상구|엄궁남로|9,사상구|엄궁동|165-18,True
26710,기장읍대라리,148-7,테마파크빌3차,테마파크빌3차,,,TRADE_1601AC7CBA80,unmatched,0.0,0.0,0,기장군|차성동로5번길|28,기장군|기장읍대라리|148-7,True
26110,보수동3가,61-36,동양빌라,동양빌라,,,TRADE_EE1082BD4718,unmatched,0.0,0.0,0,중구|흑교로59번길|20,중구|보수동3가|61-36,True
26140,서대신동2가,36-11,신우빌라,신우빌라,,,TRADE_C7EBE3DECA09,unmatched,0.0,16.666666666666664,3,서구|구덕로315번길|11,서구|서대신동2가|36-11,True
26170,수정동,248-36,모티더베스트빌,모티더베스트빌,,,TRADE_0AEDD7F07839,unmatched,0.0,11.764705882352944,3,동구|수정동로16번길|9,동구|수정동|248-36,True
26200,대교동1가,176,어반젠트리,어반젠트리,,,TRADE_E1E9A8FCB9E4,unmatched,0.0,0.0,1,영도구|태종로65번길|8,영도구|대교동1가|176,True
26200,남항동2가,253-20,골든에이지,골든에이지,,,TRADE_7C67617A9434,unmatched,0.0,0.0,0,영도구|남항로|32-5,영도구|남항동2가|253-20,True
26260,온천동,1378-8,청수하이빌,청수하이빌,,,TRADE_AE82D09D6B60,unmatched,0.0,19.999999999999996,42,동래구|미남로|91,동래구|온천동|1378-8,True
26260,온천동,361-8,태건아트빌,태건아트빌,,,TRADE_9F70E5E4D357,unmatched,0.0,23.529411764705888,42,동래구|우장춘로74번길|11,동래구|온천동|361-8,True
26260,온천동,1307,한사랑빌라,한사랑빌라,,,TRADE_DB48372CA9ED,unmatched,0.0,50.0,42,동래구|아시아드대로255번길|37,동래구|온천동|1307,True
26260,온천동,189-112,일성아이앤유,일성아이앤유,,,TRADE_1E070744E72A,unmatched,0.0,50.0,42,동래구|차밭골로24번길|24,동래구|온천동|189-112,True
26290,감만동,73-210,동성아트b,동성아트B,,,TRADE_90DDC6E358F8,unmatched,0.0,33.333333333333336,9,남구|우암로70번길|49,남구|감만동|73-210,True
26320,구포동,676-3,금강빌리지,금강빌리지,,,TRADE_EC38E84A3C80,unmatched,0.0,18.181818181818176,22,북구|모분재로|28,북구|구포동|676-3,True
26320,덕천동,384-10,대원,대원,,,TRADE_61CBD2E39EF1,unmatched,0.0,33.333333333333336,16,북구|덕천1길|83,북구|덕천동|384-10,True
26380,감천동,296-44,신도,신도,,,TRADE_8EF0B7A7D8D7,unmatched,0.0,0.0,10,사하구|감천로|207,사하구|감천동|296-44,True
26380,하단동,502-12,이한,이한,,,TRADE_150AB6231E0A,unmatched,0.0,33.333333333333336,12,사하구|하신번영로320번길|9,사하구|하단동|502-12,True
26410,부곡동,64-11,해마루3,해마루3,,,TRADE_FCE3EAB6B5F9,unmatched,0.0,19.999999999999996,27,금정구|중앙대로1763번길|36-26,금정구|부곡동|64-11,True
26410,부곡동,396-35,행운빌라트,행운빌라트,,,TRADE_F1E1C44B97ED,unmatched,0.0,19.999999999999996,27,금정구|부곡로18번안길|23,금정구|부곡동|396-35,True
26470,연산동,1299-7,리벤빌라,리벤빌라,,,TRADE_088633A2D047,unmatched,0.0,22.22222222222222,65,연제구|거제천로136번길|30,연제구|연산동|1299-7,True
26470,거제동,491-14,우정하이츠빌라,우정하이츠빌라(491-14),,,TRADE_30D87E17DF04,unmatched,0.0,42.85714285714286,41,연제구|거제대로178번길|18,연제구|거제동|491-14,True
26470,거제동,114-9,우성로얄,우성로얄,,,TRADE_FB4C70EACA84,unmatched,0.0,50.0,41,연제구|교대로22번길|39,연제구|거제동|114-9,True
26500,민락동,32-8,병산프리덤,병산프리덤,,,TRADE_98C071185655,unmatched,0.0,15.384615384615385,13,수영구|민락본동로27번길|64,수영구|민락동|32-8,True
26710,기장읍대라리,141-3,페리b동,페리B동,,,TRADE_DAB067067C8F,unmatched,0.0,0.0,0,기장군|차성동로25번길|29,기장군|기장읍대라리|141-3,True
26140,암남동,457-1,청탑그린빌라,청탑그린빌라,,,TRADE_D7BC8693D8E8,unmatched,0.0,36.36363636363637,14,서구|암남로58번길|10,서구|암남동|457-1,True
26140,서대신동3가,36-7,대신빌라,대신빌라,,,TRADE_6F303777E569,unmatched,0.0,50.0,8,서구|보수대로|321,서구|서대신동3가|36-7,True
26140,부민동3가,34-10,장산스위트홈,장산스위트홈,,,TRADE_C9C3FFDC8710,unmatched,0.0,0.0,1,서구|임시수도기념로|29-8,서구|부민동3가|34-10,True
26140,서대신동2가,47,대신메트로빌,대신메트로빌,,,TRADE_A1C8C492D7FF,unmatched,0.0,42.85714285714286,3,서구|대영로45번길|26,서구|서대신동2가|47,True
26170,범일동,1486-16,아름빌102동,아름빌102동,,,TRADE_CD155D5B7E58,unmatched,0.0,0.0,9,동구|망양로|944,동구|범일동|1486-16,True
26200,영선동2가,71-1,남항동썬플라자,남항동썬플라자,,,TRADE_2B6527C7EF5F,unmatched,0.0,14.28571428571429,1,영도구|영선대로|95,영도구|영선동2가|71-1,True
26200,영선동2가,36,청송,청송,,,TRADE_254ECD6B53A7,unmatched,0.0,0.0,1,영도구|절영로93번길|32-6,영도구|영선동2가|36,True
26230,개금동,524-4,남경하이빌,남경하이빌,,,TRADE_7F0FBED5A873,unmatched,0.0,19.999999999999996,23,부산진구|복지로8번길|11,부산진구|개금동|524-4,True
26230,부전동,410-13,뜨락,뜨락,,,TRADE_AEBEA6C2C4E6,unmatched,0.0,0.0,7,부산진구|가야대로755번길|67-8,부산진구|부전동|410-13,True
26230,초읍동,182-3,한일하나로,한일하나로,,,TRADE_63DE4FB98697,unmatched,0.0,22.22222222222222,10,부산진구|성지로114번길|14,부산진구|초읍동|182-3,True
26230,초읍동,277-8,일신파크빌,일신파크빌,,,TRADE_D73D51B316D2,unmatched,0.0,26.66666666666667,10,부산진구|성지로153번길|68,부산진구|초읍동|277-8,True
26260,온천동,204-3,삼오에펠빌리지,삼오에펠빌리지,,,TRADE_DFB799CC45D5,unmatched,0.0,26.66666666666667,42,동래구|차밭골로50번가길|4,동래구|온천동|204-3,True
26290,대연동,877-6,대호,대호(877-6),,,TRADE_B9FC97FCBA7A,unmatched,0.0,33.333333333333336,33,남구|용소로64번길|135,남구|대연동|877-6,True
26290,대연동,882-19,글로리성보빌라트,글로리성보빌라트,,,TRADE_4BDAEC242220,unmatched,0.0,28.57142857142857,33,남구|유엔평화로41번길|8,남구|대연동|882-19,True
26320,덕천동,451-2,동주광명맨션나동,동주광명맨션나동,,,TRADE_762248AAAF05,unmatched,0.0,28.57142857142857,16,북구|의성로128번길|33,북구|덕천동|451-2,True
26350,중동,1554-3,정목까사,정목까사,,,TRADE_202274B59A99,unmatched,0.0,15.384615384615385,29,해운대구|해운대로|677,해운대구|중동|1554-3,True
26380,괴정동,352-27,태평양프린스,태평양프린스,,,TRADE_FBA125C38AC2,unmatched,0.0,22.22222222222222,29,사하구|오작로|104-4,사하구|괴정동|352-27,True
26380,하단동,596-7,성우파크,성우파크,,,TRADE_C4BCE66EA4CE,unmatched,0.0,25.0,12,사하구|낙동남로|1386,사하구|하단동|596-7,True
26380,다대동,857-1,금천베스트원,금천베스트원,,,TRADE_C79CA50709F9,unmatched,0.0,25.0,28,사하구|다대로543번길|17-3,사하구|다대동|857-1,True
26410,남산동,16-8,석산4,석산4,,,TRADE_74CF3C26DFF0,unmatched,0.0,28.57142857142857,8,금정구|팔송로24번길|10,금정구|남산동|16-8,True
26410,남산동,984-3,동보5차,동보5차,,,TRADE_B7E39DD9DDEC,unmatched,0.0,22.22222222222222,8,금정구|팔송로53번길|99,금정구|남산동|984-3,True
26410,장전동,501-76,금강빌라,금강빌라,,,TRADE_26E6100F2F51,unmatched,0.0,25.0,17,금정구|금샘로|46-22,금정구|장전동|501-76,True
26410,구서동,199-8,삼화빌라,삼화빌라,,,TRADE_0313308B025D,unmatched,0.0,19.999999999999996,25,금정구|안뜰로|17,금정구|구서동|199-8,True
26470,연산동,1262-8,보성하이츠빌라2차,보성하이츠빌라2차,,,TRADE_97FDD5699FE1,unmatched,0.0,42.85714285714286,65,연제구|중앙천로80번길|30,연제구|연산동|1262-8,True
26470,연산동,469-38,삼주카라빌,삼주카라빌,,,TRADE_5FB66D3632E9,unmatched,0.0,22.22222222222222,65,연제구|고분로235번길|45,연제구|연산동|469-38,True
26470,거제동,1470-13,부원골드빌,부원골드빌,,,TRADE_45C396142219,unmatched,0.0,22.22222222222222,41,연제구|거제천로225번길|19,연제구|거제동|1470-13,True
26470,거제동,242-23,국제,국제,,,TRADE_18B8A4C25539,unmatched,0.0,33.333333333333336,41,연제구|중앙대로1235번길|23-6,연제구|거제동|242-23,True
26470,연산동,469-12,뉴리버빌,뉴리버빌,,,TRADE_B266FD673D6D,unmatched,0.0,36.36363636363637,65,연제구|고분로235번길|43,연제구|연산동|469-12,True
26500,광안동,74-5,광안스윗팰리스,광안스윗팰리스,,,TRADE_054C286F3796,unmatched,0.0,46.15384615384615,22,수영구|무학로9번길|105,수영구|광안동|74-5,True
26500,광안동,202-1,광일,광일,,,TRADE_B4CB3B7F0579,unmatched,0.0,50.0,22,수영구|광남로94번길|2,수영구|광안동|202-1,True
26140,서대신동1가,35-3,에메랄드21,에메랄드21,,,TRADE_5F9B3FE53993,unmatched,0.0,0.0,1,서구|구덕로265번길|14-5,서구|서대신동1가|35-3,True
26170,범일동,830-62,범일역삼정그린코아더시티,범일역삼정그린코아더시티,,,TRADE_96C3ADB9F054,unmatched,0.0,33.333333333333336,9,동구|범일로90번길|17,동구|범일동|830-62,True
26230,초읍동,288-2,성지그린빌,성지그린빌,,,TRADE_E7C415F11093,unmatched,0.0,40.0,10,부산진구|성지로153번길|34,부산진구|초읍동|288-2,True
26230,개금동,167-5,모닝빌라트,모닝빌라트,,,TRADE_033C951161D3,unmatched,0.0,19.999999999999996,23,부산진구|가야대로492번길|22,부산진구|개금동|167-5,True
26230,개금동,171-59,삼경,삼경,,,TRADE_219793BDAB42,unmatched,0.0,33.333333333333336,23,부산진구|복지로21번길|46,부산진구|개금동|171-59,True
26260,온천동,151-22,금강빌,금강빌,,,TRADE_132656BD7CDF,unmatched,0.0,18.181818181818176,42,동래구|온천장로125번길|9-13,동래구|온천동|151-22,True
26350,송정동,440-1,라온힐즈,라온힐즈,,,TRADE_2C2C3A3E55B7,unmatched,0.0,15.384615384615385,5,해운대구|송정광어골로82번길|85-16,해운대구|송정동|440-1,True
26500,광안동,777-1,광안동일빌라,광안동일빌라,,,TRADE_1E39B05EBFE7,unmatched,0.0,61.53846153846154,22,수영구|수영로521번가길|17,수영구|광안동|777-1,True
26500,광안동,498-3,대곡타워,대곡타워,,,TRADE_3039EF6DD911,unmatched,0.0,16.666666666666664,22,수영구|광일로20번가길|10,수영구|광안동|498-3,True
26710,일광읍삼성리,36-4,삼양비치빌라활어센타,삼양비치빌라.활어센타,,,TRADE_3A069B072866,unmatched,0.0,0.0,0,기장군|삼성2길|6,기장군|일광읍삼성리|36-4,True
26710,기장읍교리,360-2,원재아트빌,원재아트빌,,,TRADE_E331A9290EB4,unmatched,0.0,0.0,0,기장군|차성동로178번길|22,기장군|기장읍교리|360-2,True
26170,수정동,609-1,필우빌라맨션,필우빌라맨션,,,TRADE_B88398ACC4EA,unmatched,0.0,11.111111111111116,3,동구|수성로|2-1,동구|수정동|609-1,True
26230,개금동,9-2,성도주택,성도주택,,,TRADE_E525596104C2,unmatched,0.0,50.0,23,부산진구|개금본동로22번길|24,부산진구|개금동|9-2,True
26260,온천동,1378-7,혜성파크빌,혜성파크빌,,,TRADE_781B4BAC2ABE,unmatched,0.0,28.57142857142857,42,동래구|미남로|93-2,동래구|온천동|1378-7,True
26350,우동,391-35,동경위너스빌라,동경위너스빌라,,,TRADE_E9D717CF96CC,unmatched,0.0,30.76923076923077,49,해운대구|우동2로60번길|26,해운대구|우동|391-35,True
26380,신평동,19-15,그리심힐102,그리심힐102,,,TRADE_0590F82D4E2A,unmatched,0.0,14.28571428571429,15,사하구|다대로|91,사하구|신평동|19-15,True
26410,부곡동,338-3,희재하이빌,희재하이빌,,,TRADE_8F4FF98426FD,unmatched,0.0,15.384615384615385,27,금정구|서동로5번길|41,금정구|부곡동|338-3,True
26410,서동,204-4,서동동국에버리치,서동동국에버리치,,,TRADE_19514AA98466,unmatched,0.0,33.333333333333336,4,금정구|금사로|12,금정구|서동|204-4,True
26470,연산동,711-10,로터스빌리지,로터스빌리지,,,TRADE_9B7C513B5FB7,unmatched,0.0,36.36363636363637,65,연제구|중앙대로1076번길|45,연제구|연산동|711-10,True
26110,대창동1가,54-25,,(54-25),,,TRADE_A79D76D88E25,unmatched,0.0,0.0,1,중구|동광길|134,중구|대창동1가|54-25,True
26140,부용동1가,12-6,대근아트,대근아트,,,TRADE_E508FF584514,unmatched,0.0,0.0,1,서구|구덕로250번길|13,서구|부용동1가|12-6,True
26140,동대신동3가,355-1,타워별장,타워별장,,,TRADE_ED1381B71A6D,unmatched,0.0,0.0,3,서구|구덕로334번길|26,서구|동대신동3가|355-1,True
26170,초량동,1056-7,선빌오피스텔,선빌오피스텔,,,TRADE_CC442C5DF4A2,unmatched,0.0,14.28571428571429,10,동구|초량중로33번길|3,동구|초량동|1056-7,True
26230,부전동,532-9,에스엔디파인빌,에스엔디파인빌,,,TRADE_A2EC34833E46,unmatched,0.0,18.181818181818176,7,부산진구|부전로|7,부산진구|부전동|532-9,True
26290,대연동,1736-2,금양빌리지,금양빌리지(1736-2),,,TRADE_075308B6C129,unmatched,0.0,18.181818181818176,33,남구|유엔평화로17번길|16,남구|대연동|1736-2,True
26350,중동,1492-17,대림힐빌라,대림힐빌라,,,TRADE_2C159129694B,unmatched,0.0,30.76923076923077,29,해운대구|달맞이길117번가길|117,해운대구|중동|1492-17,True
26410,남산동,105-13,건흥,건흥,,,TRADE_A06270190971,unmatched,0.0,0.0,8,금정구|중앙대로2035번길|12,금정구|남산동|105-13,True
26470,연산동,1310-7,홍림써니빌,홍림써니빌,,,TRADE_889FA4797060,unmatched,0.0,19.999999999999996,65,연제구|중앙대로1056번길|10,연제구|연산동|1310-7,True
26500,민락동,162-19,현명빌라,현명빌라,,,TRADE_0AF2B2BF9D0F,unmatched,0.0,18.181818181818176,13,수영구|민락로34번길|5,수영구|민락동|162-19,True
26500,광안동,90-66,명산아트빌,명산아트빌,,,TRADE_56D44998CC2C,unmatched,0.0,28.57142857142857,22,수영구|무학로21번길|83,수영구|광안동|90-66,True
26200,남항동1가,116-23,골든팰리스,골든팰리스,,,TRADE_D60516D065D2,unmatched,0.0,0.0,1,영도구|남항로19번길|17,영도구|남항동1가|116-23,True
26200,영선동3가,17,영선궁전빌라,영선궁전빌라,,,TRADE_3E235233931B,unmatched,0.0,0.0,0,영도구|절영로93번길|8-15,영도구|영선동3가|17,True
26260,온천동,1410-16,센텀빌,센텀빌,,,TRADE_25E41FB1F482,unmatched,0.0,18.181818181818176,42,동래구|아시아드대로208번길|17,동래구|온천동|1410-16,True
26380,하단동,517-36,영림더채움,영림더채움,,,TRADE_EDD80C5CDDD3,unmatched,0.0,22.22222222222222,12,사하구|낙동남로1373번길|18-5,사하구|하단동|517-36,True
26530,괘법동,583-2,일자맨션,일자맨션,,,TRADE_A6CB8DEC8214,unmatched,0.0,0.0,11,사상구|사상로181번길|79,사상구|괘법동|583-2,True
26710,기장읍대라리,169-1,태윤리더스,태윤리더스,,,TRADE_138C50F07DED,unmatched,0.0,0.0,0,기장군|대청로|46-3,기장군|기장읍대라리|169-1,True
26710,기장읍동부리,117-3,진동선빌리지,진동선빌리지,,,TRADE_D2D45EB38A33,unmatched,0.0,0.0,0,기장군|차성로|327-10,기장군|기장읍동부리|117-3,True
26320,화명동,263-3,해림비이동,해림아파트비이동,,,TRADE_999EACA68604,unmatched,0.0,26.66666666666667,29,북구|대천천길|91-19,북구|화명동|263-3,True
26500,광안동,153-41,광안비치빌리지,광안비치빌리지(101),,,TRADE_1E113CD0EA9B,unmatched,0.0,66.66666666666667,22,수영구|광안로45번길|2,수영구|광안동|153-41,True
26140,충무동1가,29-8,충무6차에코팰리스,충무6차에코팰리스,,,TRADE_0867EFFFDB73,unmatched,0.0,0.0,0,서구|충무시장길|34,서구|충무동1가|29-8,True
26140,토성동3가,15-5,건한,건한,,,TRADE_6C9B3D60449F,unmatched,0.0,0.0,0,서구|까치고개로|226,서구|토성동3가|15-5,True
26200,동삼동,213-19,조은아크로빌,조은아크로빌,,,TRADE_583FC8CBF91F,unmatched,0.0,18.181818181818176,23,영도구|태종로|519,영도구|동삼동|213-19,True
26230,개금동,171-95,gk하늘숲,GK하늘숲,,,TRADE_321C69CF554C,unmatched,0.0,19.999999999999996,23,부산진구|가야대로|476-10,부산진구|개금동|171-95,True
26260,명륜동,338-2,한우리아트빌,한우리아트빌,,,TRADE_6A54A63984F0,unmatched,0.0,19.999999999999996,12,동래구|충렬대로237번길|114,동래구|명륜동|338-2,True
26350,송정동,182-8,대원하이츠1차,대원하이츠1차,,,TRADE_40C5604EBAE7,unmatched,0.0,25.0,5,해운대구|송정중앙로9번길|72-3,해운대구|송정동|182-8,True
26530,주례동,1231-30,자연아트빌,자연아트빌,,,TRADE_BB6FB4094248,unmatched,0.0,16.666666666666664,23,사상구|주감로|168,사상구|주례동|1231-30,True
26530,감전동,262-1,한주,한주,,,TRADE_CB7E2C13EEF5,unmatched,0.0,0.0,2,사상구|백양대로572번길|17-21,사상구|감전동|262-1,True
26710,기장읍대라리,269-3,삼흥빌라,삼흥빌라,,,TRADE_FB7DF34C9AC7,unmatched,0.0,0.0,0,기장군|차성동로|3,기장군|기장읍대라리|269-3,True
26410,청룡동,43-15,한양탑스빌,한양탑스빌,,,TRADE_37CFA411416F,unmatched,0.0,15.384615384615385,4,금정구|청룡로34번길|30,금정구|청룡동|43-15,True
26470,연산동,705-36,중앙하이츠,중앙하이츠,,,TRADE_E5488CB7EEF2,unmatched,0.0,40.0,65,연제구|중앙대로1066번길|15,연제구|연산동|705-36,True
26110,보수동3가,61-19,한웅드리머스,한웅드리머스,,,TRADE_881742249080,unmatched,0.0,0.0,0,중구|흑교로59번길|16-1,중구|보수동3가|61-19,True
26110,중앙동4가,85-5,엘스퀘어,엘스퀘어,,,TRADE_8107E222C5F9,unmatched,0.0,15.384615384615385,1,중구|충장대로9번길|20-1,중구|중앙동4가|85-5,True
26140,동대신동2가,1-81,한국빌라,한국빌라,,,TRADE_94A8E2EF1A38,unmatched,0.0,0.0,1,서구|중앙공원로|33,서구|동대신동2가|1-81,True
26140,충무동2가,38-1,충무,충무(38-1),,,TRADE_1EE1C7D7D24E,unmatched,0.0,0.0,0,서구|천마로205번길|27,서구|충무동2가|38-1,True
26170,초량동,598-18,애뜰안,애뜰안,,,TRADE_6C1AC25911FE,unmatched,0.0,0.0,10,동구|초량중로|14,동구|초량동|598-18,True
26230,양정동,272-18,송백그린,송백그린,,,TRADE_44954A226A79,unmatched,0.0,25.0,13,부산진구|연수로11번길|27,부산진구|양정동|272-18,True
26320,만덕동,106-1,오페라하우스,오페라하우스,,,TRADE_927EC147DC72,unmatched,0.0,16.666666666666664,25,북구|덕천로|385,북구|만덕동|106-1,True
26350,중동,1491-13,대림해운대빌라,대림해운대빌라,,,TRADE_8A586066B05A,unmatched,0.0,50.0,29,해운대구|달맞이길117번가길|124,해운대구|중동|1491-13,True
26380,하단동,525-26,에덴영진,에덴영진,,,TRADE_07461AE6C118,unmatched,0.0,25.0,12,사하구|낙동남로1405번길|9-3,사하구|하단동|525-26,True
26470,연산동,1259-26,전원덕수궁빌,전원덕수궁빌,,,TRADE_9BD3D9A4E272,unmatched,0.0,19.999999999999996,65,연제구|거제천로146번길|37,연제구|연산동|1259-26,True
26500,수영동,562,수영에코하임리베,수영에코하임리베,,,TRADE_7F07202AC5D7,unmatched,0.0,33.333333333333336,3,수영구|망미번영로|48,수영구|수영동|562,True
26110,보수동3가,40-13,신흥빌라트,신흥빌라트,,,TRADE_764931903DF8,unmatched,0.0,0.0,0,중구|흑교로71번길|17,중구|보수동3가|40-13,True
26200,대교동2가,185-3,더퍼스트,더퍼스트아파트,,,TRADE_9CA4ABCBAB33,unmatched,0.0,0.0,0,영도구|태종로100번길|15,영도구|대교동2가|185-3,True
26410,장전동,588-9,행운아트빌,행운아트빌,,,TRADE_C71C02E4C143,unmatched,0.0,40.0,17,금정구|식물원로75번길|25,금정구|장전동|588-9,True
26470,연산동,1289-20,신풍골든,신풍골든,,,TRADE_B843BFD93DA2,unmatched,0.0,14.28571428571429,65,연제구|중앙대로1075번길|52,연제구|연산동|1289-20,True
26470,연산동,1262-13,반명빌라,반명빌라,,,TRADE_29221164224F,unmatched,0.0,40.0,65,연제구|중앙천로70번길|3,연제구|연산동|1262-13,True
26500,광안동,490-8,대로해도지빌,대로해도지빌,,,TRADE_3B5130D34D8C,unmatched,0.0,14.28571428571429,22,수영구|광일로|8-6,수영구|광안동|490-8,True
26710,기장읍대라리,147-4,던힐즈,던힐즈아파트,,,TRADE_BC5CE69B14A6,unmatched,0.0,0.0,0,기장군|대청로35번길|13,기장군|기장읍대라리|147-4,True
26710,기장읍대라리,408-1,상마타운,상마타운,,,TRADE_5E0DFDE8D72D,unmatched,0.0,0.0,0,기장군|차성로|272,기장군|기장읍대라리|408-1,True
26140,서대신동3가,249-3,배서티안타워,배서티안타워,,,TRADE_896BB69D8074,unmatched,0.0,14.28571428571429,8,서구|망양로|48,서구|서대신동3가|249-3,True
26140,토성동5가,29-7,대신빌라,대신빌라,,,TRADE_EC8A8F4691FD,unmatched,0.0,0.0,0,서구|구덕로|135-6,서구|토성동5가|29-7,True
26170,범일동,156,예그리나,예그리나,,,TRADE_E10385DE0C9F,unmatched,0.0,0.0,9,동구|정공단로47번길|2,동구|범일동|156,True
26230,초읍동,105-3,팰리스타워,팰리스타워,,,TRADE_A0EE918E5CB9,unmatched,0.0,14.28571428571429,10,부산진구|성지곡로6번길|10,부산진구|초읍동|105-3,True
26230,가야동,226-6,푸른마을,푸른마을,,,TRADE_09E33B6A6A0E,unmatched,0.0,0.0,12,부산진구|가야대로572번가길|26,부산진구|가야동|226-6,True
26290,대연동,327-5,대연백리명가에덴,대연백리명가에덴,,,TRADE_D15B59806449,unmatched,0.0,33.333333333333336,33,남구|수영로|260,남구|대연동|327-5,True
26320,덕천동,375-9,대진상가,대진상가,,,TRADE_3C7ADB73A2C0,unmatched,0.0,25.0,16,북구|만덕대로|125,북구|덕천동|375-9,True
26410,남산동,988-9,남산하이시티,남산하이시티,,,TRADE_B79255641BB9,unmatched,0.0,72.72727272727273,8,금정구|남산로43번길|32,금정구|남산동|988-9,True
26470,연산동,1310-29,홍림시티빌,홍림시티빌,,,TRADE_0E4709EAFB09,unmatched,0.0,36.36363636363637,65,연제구|중앙대로1048번길|17,연제구|연산동|1310-29,True
26500,수영동,456-17,대명쉐르빌,대명쉐르빌,,,TRADE_B27088BEF13E,unmatched,0.0,22.22222222222222,3,수영구|연수로379번길|6,수영구|수영동|456-17,True
26500,광안동,774-32,한집시티빌,한집시티빌,,,TRADE_36970C6DF0F6,unmatched,0.0,36.36363636363637,22,수영구|호암로9번길|13,수영구|광안동|774-32,True
26500,민락동,1-2,한백빌라,한백빌라,,,TRADE_87379A6E2CA0,unmatched,0.0,28.57142857142857,13,수영구|광안해변로|467-5,수영구|민락동|1-2,True
26530,괘법동,548-3,리베르캐슬,리베르캐슬,,,TRADE_ABD621F9F373,unmatched,0.0,18.181818181818176,11,사상구|광장로|90,사상구|괘법동|548-3,True
26200,봉래동2가,5-2,대성아트빌라3차,대성아트빌라3차,,,TRADE_622F06F2EB84,unmatched,0.0,10.526315789473683,2,영도구|태종로83번길|26,영도구|봉래동2가|5-2,True
26230,개금동,177-129,개금모아블루빌,개금모아블루빌,,,TRADE_59E74AF24A68,unmatched,0.0,50.0,23,부산진구|가야대로454번길|33,부산진구|개금동|177-129,True
26290,용호동,93-6,플로이온,플로이온,,,TRADE_ACA312207BFA,unmatched,0.0,22.22222222222222,22,남구|용호로106번길|18,남구|용호동|93-6,True
26290,용호동,390-6,동림하이츠,동림하이츠,,,TRADE_BABFC21EA2CD,unmatched,0.0,50.0,22,남구|동명로164번길|10,남구|용호동|390-6,True
26230,초읍동,107-2,리첸타워,리첸타워,,,TRADE_AD5FEFADD173,unmatched,0.0,0.0,10,부산진구|성지곡로6번길|30,부산진구|초읍동|107-2,True
26230,양정동,387-6,노블파크,노블파크,,,TRADE_C383B88EF303,unmatched,0.0,0.0,13,부산진구|거제대로36번가길|41,부산진구|양정동|387-6,True
26260,낙민동,222-9,에스더,에스더,,,TRADE_8A92DB6A89EE,unmatched,0.0,13.33333333333333,13,동래구|충렬대로270번길|13,동래구|낙민동|222-9,True
26260,온천동,1448-3,삼정그린빌라,삼정그린빌라,,,TRADE_A98C3AC3BBAC,unmatched,0.0,57.14285714285714,42,동래구|충렬대로86번길|68,동래구|온천동|1448-3,True
26350,재송동,1026-8,디어하임센텀,디어하임센텀,,,TRADE_7BB63210021F,unmatched,0.0,40.0,31,해운대구|해운대로61번가길|40,해운대구|재송동|1026-8,True
26380,당리동,317-10,당리빌타운,당리빌타운,,,TRADE_A23CEAEF7BBE,unmatched,0.0,54.54545454545454,16,사하구|낙동대로410번길|6,사하구|당리동|317-10,True
26380,하단동,517-21,유원블루파크에이동,유원블루파크에이동,,,TRADE_6CDD3072B32B,unmatched,0.0,0.0,12,사하구|낙동남로1389번길|13-10,사하구|하단동|517-21,True
26470,연산동,382-14,햇살마루,햇살마루,,,TRADE_BDADE465F35F,unmatched,0.0,19.999999999999996,65,연제구|안연로7번길|53,연제구|연산동|382-14,True
26500,광안동,97-15,우호윌러스빌,우호윌러스빌,,,TRADE_7A648E3C3173,unmatched,0.0,15.384615384615385,22,수영구|무학로9번길|68-7,수영구|광안동|97-15,True
26530,덕포동,33-4,초원펠레스빌b동,초원펠레스빌B동,,,TRADE_6BA759484DC7,unmatched,0.0,16.666666666666664,13,사상구|백양대로768번길|59,사상구|덕포동|33-4,True
26140,충무동1가,15-7,서원블루오션e동,서원블루오션E동,,,TRADE_1B8EC9FEA7B9,unmatched,0.0,0.0,0,서구|충무대로281번길|6,서구|충무동1가|15-7,True
26140,서대신동2가,35-6,툇마루,툇마루家,,,TRADE_CD082B303F35,unmatched,0.0,0.0,3,서구|구덕로315번길|5,서구|서대신동2가|35-6,True
26230,부전동,425-18,세영,세영,,,TRADE_DEFA63A8D182,unmatched,0.0,0.0,7,부산진구|가야대로747번길|10-3,부산진구|부전동|425-18,True
26230,연지동,40-1,삼산프리빌리지,삼산프리빌리지,,,TRADE_A958E25AF9D5,unmatched,0.0,18.181818181818176,14,부산진구|성지로8번길|68,부산진구|연지동|40-1,True
26230,부전동,474-51,대동레미안센트럴시티,대동레미안센트럴시티,,,TRADE_2783F92AFB6E,unmatched,0.0,35.29411764705882,7,부산진구|부전로|108,부산진구|부전동|474-51,True
26290,대연동,1733-3,대륙빌라,대륙빌라,,,TRADE_0558FFD461CA,unmatched,0.0,36.36363636363637,33,남구|유엔로157번나길|15,남구|대연동|1733-3,True
26290,대연동,1505-10,태백,태백(1505-10),,,TRADE_50CE12322225,unmatched,0.0,25.0,33,남구|못골번영로39번길|8,남구|대연동|1505-10,True
26470,연산동,2397,연제skviewcentral,연제SKVIEWCentral,연제SK뷰센트럴,A10023114,A10023114,road_address_exact,100.0,34.78260869565217,1,연제구|중앙천로|81-12,연제구|연산동|2397,True
26200,청학동,100-12,영광맨션,영광맨션,,,TRADE_C77F2F0EA97C,unmatched,0.0,19.999999999999996,9,영도구|태종로394번길|50,영도구|청학동|100-12,True
26230,부전동,466-3,프로그캐슬,프로그캐슬,,,TRADE_369DFC44A8E5,unmatched,0.0,28.57142857142857,7,부산진구|가야대로755번길|14,부산진구|부전동|466-3,True
26260,온천동,358-18,보인빌라,보인빌라,,,TRADE_950CBCF97FD6,unmatched,0.0,33.333333333333336,42,동래구|우장춘로74번길|13,동래구|온천동|358-18,True
26290,용호동,394-8,정상리치스,정상리치스,,,TRADE_CE3B62917378,unmatched,0.0,22.22222222222222,22,남구|동명로146번길|32,남구|용호동|394-8,True
26290,대연동,294-8,송원쉐르빌,송원쉐르빌,,,TRADE_3B6EC571C30C,unmatched,0.0,33.333333333333336,33,남구|진남로25번길|6,남구|대연동|294-8,True
26500,광안동,1265-8,유림아트빌,유림아트빌,,,TRADE_E3087BF2C0B5,unmatched,0.0,40.0,22,수영구|수영로521번길|27,수영구|광안동|1265-8,True
26110,대청동4가,23,경우빌라,경우빌라,,,TRADE_8E99C5BAA3C5,unmatched,0.0,0.0,1,중구|중구로111번길|8,중구|대청동4가|23,True
26290,대연동,1481-3,주안파크빌,주안파크빌(1481-3),,,TRADE_7B527B098FE3,unmatched,0.0,36.36363636363637,33,남구|못골번영로60번길|31,남구|대연동|1481-3,True
26200,남항동2가,236-7,혜광나인힐빌라,혜광나인힐빌라,,,TRADE_B1BFBB9DC215,unmatched,0.0,0.0,0,영도구|절영로73번길|3,영도구|남항동2가|236-7,True
26230,개금동,177-209,남경,남경,,,TRADE_9E91BB9611EC,unmatched,0.0,0.0,23,부산진구|가야대로454번길|32,부산진구|개금동|177-209,True
26290,대연동,1281-15,록원골든빌a동,록원골든빌A동,,,TRADE_FBA8D9FD3CAD,unmatched,0.0,18.181818181818176,33,남구|진남로69번길|41,남구|대연동|1281-15,True
26290,대연동,1489-25,국제아트빌a,국제아트빌A,,,TRADE_9AD6740D73BF,unmatched,0.0,22.22222222222222,33,남구|진남로46번길|87,남구|대연동|1489-25,True
26410,청룡동,285-3,진산아트빌라,진산아트빌라,,,TRADE_7503A7A9B1DA,unmatched,0.0,28.57142857142857,4,금정구|청룡예전로99번길|7-1,금정구|청룡동|285-3,True
26500,망미동,452-21,아신빌라,아신빌라,,,TRADE_A7F074AE689C,unmatched,0.0,25.0,12,수영구|망미배산로36번길|42,수영구|망미동|452-21,True
26110,보수동2가,1-3,센텀엘카사,센텀엘카사,,,TRADE_E818A9CF40A0,unmatched,0.0,0.0,0,중구|흑교로|91,중구|보수동2가|1-3,True
26230,가야동,585,가야봄여름가을겨울,가야봄여름가을겨울,,,TRADE_781C3E10CD2C,unmatched,0.0,30.76923076923077,12,부산진구|가야대로552번길|79,부산진구|가야동|585,True
26230,부전동,420-16,동진,동진,,,TRADE_D8F7CECBBB6B,unmatched,0.0,18.181818181818176,7,부산진구|가야대로755번길|29-6,부산진구|부전동|420-16,True
26260,온천동,1186-34,그린힐타운a동,그린힐타운A동,,,TRADE_8904299C781E,unmatched,0.0,26.66666666666667,42,동래구|쇠미로|189-11,동래구|온천동|1186-34,True
26260,온천동,444-41,청산빌리지,청산빌리지,,,TRADE_44C7B924C6AA,unmatched,0.0,30.76923076923077,42,동래구|금강로62번길|25,동래구|온천동|444-41,True
26260,명륜동,172-1,청은빌라트,청은빌라트,,,TRADE_2E9DC0BF131B,unmatched,0.0,15.384615384615385,12,동래구|명륜로|214,동래구|명륜동|172-1,True
26320,덕천동,307-1,신우하이츠빌라,신우하이츠빌라,,,TRADE_2C76F4702A29,unmatched,0.0,16.666666666666664,16,북구|만덕대로27번가길|27,북구|덕천동|307-1,True
26410,남산동,265,남촌빌라,남촌빌라,,,TRADE_731DA9B7191A,unmatched,0.0,25.0,8,금정구|금단로|167,금정구|남산동|265,True
26260,온천동,1119-81,일화그린빌라,일화그린빌라,,,TRADE_555849B1C516,unmatched,0.0,28.57142857142857,42,동래구|금정마을로|92,동래구|온천동|1119-81,True
26290,대연동,1734-9,보람빌라2차,보람빌라2차,,,TRADE_07E602235D3A,unmatched,0.0,33.333333333333336,33,남구|유엔로157번가길|15,남구|대연동|1734-9,True
26350,중동,784-14,삼주빌리지,삼주빌리지,,,TRADE_EE9068F194AF,unmatched,0.0,28.57142857142857,29,해운대구|좌동순환로446번길|56,해운대구|중동|784-14,True
26350,반송동,401-7,회현하이츠빌라,회현하이츠빌라,,,TRADE_189320718E39,unmatched,0.0,18.181818181818176,13,해운대구|반송로877번길|94,해운대구|반송동|401-7,True
26380,감천동,20-125,경민맨션,경민맨션,,,TRADE_EF8776C7F9C5,unmatched,0.0,40.0,10,사하구|감내1로|35-2,사하구|감천동|20-125,True
26410,청룡동,50-27,범어사역더리체,범어사역더리체,,,TRADE_F93875BF40B6,unmatched,0.0,25.0,4,금정구|금강로|759,금정구|청룡동|50-27,True
26410,남산동,988-10,신풍주택,신풍주택,,,TRADE_B43749AEACA0,unmatched,0.0,18.181818181818176,8,금정구|남산로43번길|26,금정구|남산동|988-10,True
26440,대저1동,2338-2,태원더블루원,태원더블루원,,,TRADE_20E37E7058A8,unmatched,0.0,0.0,0,강서구|대저로|286,강서구|대저1동|2338-2,True
26140,서대신동3가,279-15,로즈빌리지,로즈빌리지,,,TRADE_747453F68B13,unmatched,0.0,0.0,8,서구|구덕로345번길|9-14,서구|서대신동3가|279-15,True
26140,토성동5가,18-3,목연정빌라,목연정빌라,,,TRADE_0871D3426907,unmatched,0.0,0.0,0,서구|구덕로134번길|16,서구|토성동5가|18-3,True
26230,전포동,556-1,승정빌라,승정빌라,,,TRADE_4998A3150BC9,unmatched,0.0,22.22222222222222,23,부산진구|전포대로306번길|18,부산진구|전포동|556-1,True
26410,장전동,605-13,최신빌라,최신빌라,,,TRADE_E84D6DA1D5C8,unmatched,0.0,22.22222222222222,17,금정구|식물원로27번길|12,금정구|장전동|605-13,True
26470,연산동,469-6,진명드림빌,진명드림빌,,,TRADE_C00D26A31B56,unmatched,0.0,19.999999999999996,65,연제구|고분로235번길|55,연제구|연산동|469-6,True
26530,괘법동,524-13,삼화그린빌,삼화그린빌,,,TRADE_A8C6B15AB6A4,unmatched,0.0,0.0,11,사상구|사상로233번길|16,사상구|괘법동|524-13,True
26230,개금동,525-8,남경이즈빌,남경이즈빌,,,TRADE_DD2E3FF53535,unmatched,0.0,19.999999999999996,23,부산진구|복지로8번길|29,부산진구|개금동|525-8,True
26410,구서동,465-4,헤리티지우석,헤리티지우석,,,TRADE_748DEE3ACAE1,unmatched,0.0,19.999999999999996,25,금정구|금정로|213,금정구|구서동|465-4,True
26410,청룡동,30-9,나경빌라3동,나경빌라3동,,,TRADE_98182C5D6E7D,unmatched,0.0,40.0,4,금정구|팔송로18번길|34,금정구|청룡동|30-9,True
26470,연산동,1299-8,에스케이드림피아,에스케이드림피아,,,TRADE_9A8ECA385BEF,unmatched,0.0,26.66666666666667,65,연제구|거제천로136번길|28,연제구|연산동|1299-8,True
26530,괘법동,551-33,서현빌라,서현빌라,,,TRADE_0D14A3F3DF61,unmatched,0.0,13.33333333333333,11,사상구|광장로104번길|38,사상구|괘법동|551-33,True
26140,서대신동3가,31-195,코포스빌,코포스빌,,,TRADE_1EE89442D3D6,unmatched,0.0,16.666666666666664,8,서구|꽃마을로|67,서구|서대신동3가|31-195,True
26260,수안동,541-2,동래다솜시티,동래다솜시티,,,TRADE_D19DB75A6B0D,unmatched,0.0,36.36363636363637,11,동래구|명륜로98번길|29,동래구|수안동|541-2,True
26260,온천동,189-20,온천동산들파르테,온천동산들파르테,,,TRADE_1588A03FD7D1,unmatched,0.0,50.0,42,동래구|금강공원로33번길|9,동래구|온천동|189-20,True
26350,재송동,1060-3,장산하이츠빌라,장산하이츠빌라,,,TRADE_90510EDD2D66,unmatched,0.0,36.36363636363637,31,해운대구|재반로|113-13,해운대구|재송동|1060-3,True
26410,부곡동,60-6,유나베네스타운,유나베네스타운,,,TRADE_23A43CCAA91E,unmatched,0.0,33.333333333333336,27,금정구|무학송로|103,금정구|부곡동|60-6,True
26410,청룡동,9-1,삼부,삼부,,,TRADE_B3FB2FDBD5FD,unmatched,0.0,0.0,4,금정구|금정도서관로|3,금정구|청룡동|9-1,True
26410,남산동,973-1,일양하이츠빌라,일양하이츠빌라,,,TRADE_CA70359AD6F8,unmatched,0.0,50.0,8,금정구|금강로709번길|49,금정구|남산동|973-1,True
26500,광안동,119-3,이린타워빌10,이린타워빌10,,,TRADE_31E1A4669F2E,unmatched,0.0,26.66666666666667,22,수영구|무학로22번길|46,수영구|광안동|119-3,True
26260,명륜동,450-3,락우아트빌,락우아트빌,,,TRADE_2ADA40E8B11A,unmatched,0.0,18.181818181818176,12,동래구|삼성대길|6,동래구|명륜동|450-3,True
26290,대연동,877-9,남산타워,남산타워,,,TRADE_1E1BABF72B57,unmatched,0.0,40.0,33,남구|유엔로157번길|26,남구|대연동|877-9,True
26380,하단동,596-17,하단파미르빌,하단파미르빌,,,TRADE_2768E23CF0A8,unmatched,0.0,40.0,12,사하구|하신중앙로335번길|82,사하구|하단동|596-17,True
26410,구서동,162-9,구서태성에버리치,구서태성에버리치,,,TRADE_E6094356C9DD,unmatched,0.0,50.0,25,금정구|두실로7번길|15,금정구|구서동|162-9,True
26470,연산동,1261-24,해운스위트빌,해운스위트빌,,,TRADE_0FC673C417A0,unmatched,0.0,33.333333333333336,65,연제구|월드컵대로73번길|31,연제구|연산동|1261-24,True
26140,부용동1가,61-1,선경,선경아파트,,,TRADE_D97384459ACB,unmatched,0.0,0.0,1,서구|구덕로238번길|3,서구|부용동1가|61-1,True
26230,전포동,662-14,포세이돈에이,포세이돈에이,,,TRADE_6390724761FE,unmatched,0.0,28.57142857142857,23,부산진구|동천로108번길|19,부산진구|전포동|662-14,True
26410,구서동,162-10,남평ncity,남평N-CITY,,,TRADE_C2E67F97F821,unmatched,0.0,16.666666666666664,25,금정구|두실로7번길|19,금정구|구서동|162-10,True
26410,남산동,120-8,휴림아르페,휴림아르페,,,TRADE_FF7A451516DA,unmatched,0.0,0.0,8,금정구|학산로|8,금정구|남산동|120-8,True
26410,청룡동,50-7,남산그린,남산그린,,,TRADE_312E087FEFCB,unmatched,0.0,16.666666666666664,4,금정구|금강로|739,금정구|청룡동|50-7,True
26410,남산동,966-2,영광주택,영광주택,,,TRADE_5E58B1802500,unmatched,0.0,0.0,8,금정구|팔송로45번길|9,금정구|남산동|966-2,True
26500,광안동,380-63,jm글로리아,JM글로리아,,,TRADE_B2D686309470,unmatched,0.0,25.0,22,수영구|수영로545번가길|32,수영구|광안동|380-63,True
26500,광안동,774-12,범바우빌라,범바우빌라,,,TRADE_062657AE3D39,unmatched,0.0,15.384615384615385,22,수영구|호암로9번길|15,수영구|광안동|774-12,True
26140,암남동,180-7,송도태경시티빌,송도태경시티빌,,,TRADE_95297754F10E,unmatched,0.0,61.53846153846154,14,서구|충무대로|76,서구|암남동|180-7,True
26230,범전동,329-15,범전시영2동,범전시영2동,,,TRADE_4CBC8520C630,unmatched,0.0,0.0,1,부산진구|범양로|6,부산진구|범전동|329-15,True
26260,온천동,1250-16,지음시그너스인동래,지음시그너스인동래,,,TRADE_AE02AD2321A5,unmatched,0.0,30.76923076923077,42,동래구|사직북로28번길|148,동래구|온천동|1250-16,True
26410,구서동,458-12,멤버스빌라트,멤버스빌라트,,,TRADE_7F470206D23D,unmatched,0.0,16.666666666666664,25,금정구|금강로423번길|3,금정구|구서동|458-12,True
26410,남산동,974-4,동산빌라,동산빌라,,,TRADE_BFEDBD2CBEC2,unmatched,0.0,25.0,8,금정구|팔송로53번길|47,금정구|남산동|974-4,True
26140,암남동,64-1,삼성비치타운,삼성비치타운,정림비치타운아파트,A60283005,A60283005,legal_address_main,66.66666666666667,66.66666666666667,1,서구|감천로|261,서구|암남동|64-1,True
26170,초량동,100-11,한성아트빌,한성아트빌,,,TRADE_43EA74037636,unmatched,0.0,15.384615384615385,10,동구|초량상로|121,동구|초량동|100-11,True
26200,영선동3가,20-7,선경하우스,선경하우스,,,TRADE_F7B6D2F9B8AB,unmatched,0.0,0.0,0,영도구|절영로93번길|4,영도구|영선동3가|20-7,True
26230,전포동,662-9,포세이돈비,포세이돈비,,,TRADE_0880A6FDFDB3,unmatched,0.0,30.76923076923077,23,부산진구|서전로37번길|17-2,부산진구|전포동|662-9,True
26260,온천동,1378-19,남평파크뷰,남평파크뷰,,,TRADE_AA610EE542EE,unmatched,0.0,28.57142857142857,42,동래구|여고북로73번길|38,동래구|온천동|1378-19,True
26470,거제동,491-2,우정하이츠빌라,우정하이츠빌라(491-2),,,TRADE_4D41AC21DC33,unmatched,0.0,42.85714285714286,41,연제구|거제대로178번길|32,연제구|거제동|491-2,True
26530,괘법동,821-5,풍경,풍경아파트,,,TRADE_70E0FB6B8810,unmatched,0.0,0.0,11,사상구|사상로250번길|10,사상구|괘법동|821-5,True
26230,개금동,337,삼우빌라,삼우빌라,,,TRADE_A78875746506,unmatched,0.0,44.44444444444444,23,부산진구|개금본동로4번길|14,부산진구|개금동|337,True
26410,구서동,415-4,삼흥펠리스빌,삼흥펠리스빌,,,TRADE_DE3B4298ADF7,unmatched,0.0,16.666666666666664,25,금정구|수림로50번길|154,금정구|구서동|415-4,True
26410,구서동,203-3,구서다움파크,구서다움파크,,,TRADE_B2811E987BEF,unmatched,0.0,42.85714285714286,25,금정구|중앙대로1893번길|50,금정구|구서동|203-3,True
26470,연산동,1310-19,해운빌리지,해운빌리지,,,TRADE_09F7532FC9BB,unmatched,0.0,19.999999999999996,65,연제구|중앙대로1050번길|1,연제구|연산동|1310-19,True
26140,서대신동3가,387-9,부산빌라트,부산빌라트,,,TRADE_1009839716F6,unmatched,0.0,0.0,8,서구|구덕로327번길|12,서구|서대신동3가|387-9,True
26200,동삼동,231-52,골드클래스,골드클래스,,,TRADE_0C13F4E6B22A,unmatched,0.0,0.0,23,영도구|동삼로77번길|12,영도구|동삼동|231-52,True
26290,대연동,901-6,대왕골든빌리지,대왕골든빌리지,,,TRADE_68DD27027AFF,unmatched,0.0,28.57142857142857,33,남구|천제등로46번길|19,남구|대연동|901-6,True
26320,구포동,582,이음골든브릿지,이음골든브릿지,,,TRADE_89EA5C7F0E90,unmatched,0.0,36.36363636363637,22,북구|낙동대로1766번길|11,북구|구포동|582,True
26410,서동,130-38,부광아트빌,부광아트빌,,,TRADE_9DBF52E92F37,unmatched,0.0,0.0,4,금정구|금사로|25,금정구|서동|130-38,True
26470,연산동,478-19,강산마을,강산마을,,,TRADE_75FEB4C7C328,unmatched,0.0,25.0,65,연제구|고분로235번길|31,연제구|연산동|478-19,True
26500,광안동,170-10,해변빌라,해변빌라,,,TRADE_206838C4C464,unmatched,0.0,16.666666666666664,22,수영구|수영로540번길|66,수영구|광안동|170-10,True
26530,주례동,336,선도아트빌,선도아트빌,,,TRADE_748CA4B99BC8,unmatched,0.0,16.666666666666664,23,사상구|가야대로277번길|30,사상구|주례동|336,True
26140,암남동,227-1,거북맨션,거북맨션,,,TRADE_F0434FA558A4,unmatched,0.0,15.384615384615385,14,서구|충무대로|58,서구|암남동|227-1,True
26230,연지동,420,래미안어반파크2단지,래미안어반파크2단지,래미안 어반파크,A10023616,A10023616,dong_fuzzy,82.35294117647058,82.35294117647058,14,부산진구|성지로83번길|76,부산진구|연지동|420,True
26320,화명동,264-1,해림에이동,해림아파트에이동,,,TRADE_F6FD9C00777D,unmatched,0.0,22.22222222222222,29,북구|대천천길|91-21,북구|화명동|264-1,True
26500,광안동,1055-22,부전,부전,,,TRADE_B399F31B16B2,unmatched,0.0,0.0,22,수영구|광서로36번길|15,수영구|광안동|1055-22,True
26710,기장읍대라리,145-4,금강궁전1,금강궁전-1,,,TRADE_68B016EBEF37,unmatched,0.0,0.0,0,기장군|대청로21번길|15,기장군|기장읍대라리|145-4,True
26290,대연동,1725-3,광이하이빌a동,광이하이빌A동,,,TRADE_D340FAD9B7C4,unmatched,0.0,18.181818181818176,33,남구|유엔로157번나길|35,남구|대연동|1725-3,True
26320,구포동,1030-75,창신,창신(B동),,,TRADE_7E4C665BA084,unmatched,0.0,25.0,22,북구|가람로24번길|20-1,북구|구포동|1030-75,True
26170,초량동,827-268,체어빌골드,체어빌골드,,,TRADE_EF75D0C53E4D,unmatched,0.0,0.0,10,동구|초량로108번길|3-6,동구|초량동|827-268,True
26230,부암동,52-8,허브팰리스더파크,허브팰리스더파크,,,TRADE_0910DFFD614E,unmatched,0.0,37.5,27,부산진구|시민공원로19번길|51,부산진구|부암동|52-8,True
26260,온천동,1249-3,메종나인,메종나인,,,TRADE_7A4B2560C471,unmatched,0.0,33.333333333333336,42,동래구|아시아드대로|229,동래구|온천동|1249-3,True
26410,청룡동,31-5,청산빌라,청산빌라,,,TRADE_947BA4DC6934,unmatched,0.0,33.333333333333336,4,금정구|청룡로|29,금정구|청룡동|31-5,True
26200,청학동,59-23,보성아트빌,보성아트빌,,,TRADE_6B381082CF79,unmatched,0.0,26.66666666666667,9,영도구|태종로|408-4,영도구|청학동|59-23,True
26380,신평동,417,신선,신선(417-0),,,TRADE_DA3884F62418,unmatched,0.0,33.333333333333336,15,사하구|비봉로21번길|22,사하구|신평동|417,True
26410,장전동,75-1,동아썬빌라,동아썬빌라,,,TRADE_B7D815DDD97F,unmatched,0.0,19.999999999999996,17,금정구|수림로|130,금정구|장전동|75-1,True
26170,범일동,658-6,퍼스트빌,퍼스트빌,,,TRADE_52AFD45D995E,unmatched,0.0,15.384615384615385,9,동구|범일일길|17-1,동구|범일동|658-6,True
26230,양정동,145-5,시청역중앙하이츠,시청역중앙하이츠,,,TRADE_2953EADD00FC,unmatched,0.0,13.33333333333333,13,부산진구|중앙대로|974,부산진구|양정동|145-5,True
26260,수안동,391,동래하이츠빌라,동래하이츠빌라,,,TRADE_FD47723F21D2,unmatched,0.0,53.333333333333336,11,동래구|충렬대로237번가길|29,동래구|수안동|391,True
26260,사직동,62-1,아시아드삼정그린코아더시티,아시아드삼정그린코아더시티,,,TRADE_13DBAB5D21F3,unmatched,0.0,57.14285714285714,19,동래구|아시아드대로|182,동래구|사직동|62-1,True
26710,정관읍방곡리,269-7,두리아2차,두리아2차,,,TRADE_B052CD2F09C3,unmatched,0.0,0.0,0,기장군|정관덕산1길|8,기장군|정관읍방곡리|269-7,True
26140,동대신동2가,330,세진골든빌리지,세진골든빌리지,,,TRADE_7E8E290F3E50,unmatched,0.0,0.0,1,서구|구덕로322번길|6,서구|동대신동2가|330,True
26200,동삼동,325-232,한나라빌6동7동,한나라빌6동7동,,,TRADE_14C1DE4480DA,unmatched,0.0,28.57142857142857,23,영도구|와치로|175,영도구|동삼동|325-232,True
26260,사직동,48-7,제세하이빌,제세하이빌(48-7),,,TRADE_EB0F21DABB68,unmatched,0.0,22.22222222222222,19,동래구|사직북로28번길|17,동래구|사직동|48-7,True
26260,안락동,945-3,동래화목별동,동래화목별동,,,TRADE_524A86944A59,unmatched,0.0,66.66666666666667,15,동래구|충렬사로|51,동래구|안락동|945-3,True
26350,중동,1477-9,라메르빌라,라메르빌라,,,TRADE_D7D47DDDEE77,unmatched,0.0,50.0,29,해운대구|달맞이길117번나길|137,해운대구|중동|1477-9,True
26500,광안동,141-2,아침해오름,아침해오름,,,TRADE_1516A566E935,unmatched,0.0,28.57142857142857,22,수영구|수영로606번길|12,수영구|광안동|141-2,True
26500,광안동,1077-30,신라탑스빌,신라탑스빌,,,TRADE_AA9A454F1FEE,unmatched,0.0,18.181818181818176,22,수영구|수영로665번길|12,수영구|광안동|1077-30,True
26530,괘법동,270-9,파크블루11차,파크블루11차,,,TRADE_652CA636247C,unmatched,0.0,25.0,11,사상구|광장로87번길|77,사상구|괘법동|270-9,True
26230,초읍동,519-5,초읍포레스타,초읍포레스타아파트,,,TRADE_D791A4434B02,unmatched,0.0,66.66666666666667,10,부산진구|성지로74번나길|56,부산진구|초읍동|519-5,True
26230,부전동,423-4,다솜빌,다솜빌,,,TRADE_5BC5DDB39B9C,unmatched,0.0,0.0,7,부산진구|부전로95번길|40,부산진구|부전동|423-4,True
26230,가야동,361-55,블루스카이,블루스카이,,,TRADE_4D75D6ED6619,unmatched,0.0,37.5,12,부산진구|엄광로|244,부산진구|가야동|361-55,True
26290,대연동,1727-2,장산파크빌,장산파크빌,,,TRADE_F52EF3A4B17A,unmatched,0.0,36.36363636363637,33,남구|유엔평화로13번길|61,남구|대연동|1727-2,True
26410,구서동,260-5,용진베스트빌라,용진베스트빌라,,,TRADE_D5927C5D7BEE,unmatched,0.0,15.384615384615385,25,금정구|금강로453번길|11,금정구|구서동|260-5,True
26710,기장읍동부리,335-10,금강센스빌제101동,금강센스빌제101동,,,TRADE_1AA1AB9BB72E,unmatched,0.0,0.0,0,기장군|차성서로|152-12,기장군|기장읍동부리|335-10,True
26140,서대신동1가,139,창조드림빌라,창조드림빌라,,,TRADE_7D73882B0ACE,unmatched,0.0,0.0,1,서구|대영로38번길|8,서구|서대신동1가|139,True
26290,대연동,1725-7,삼원파크,삼원파크,,,TRADE_793DDB2ACD1A,unmatched,0.0,33.333333333333336,33,남구|유엔로157번나길|29,남구|대연동|1725-7,True
26320,덕천동,326-7,삼양파크빌,삼양파크빌(326-7),,,TRADE_737F13A470A2,unmatched,0.0,36.36363636363637,16,북구|금곡대로|38-1,북구|덕천동|326-7,True
26410,부곡동,64-25,까치빌라트,까치빌라트,,,TRADE_A54B3F3694BF,unmatched,0.0,15.384615384615385,27,금정구|중앙대로1763번길|36-14,금정구|부곡동|64-25,True
26470,연산동,1405-26,새둥지빌라,새둥지빌라(1405-26),,,TRADE_CF19AF7B9F68,unmatched,0.0,19.999999999999996,65,연제구|중앙대로1065번길|47,연제구|연산동|1405-26,True
26500,광안동,165-14,예담빌라,예담빌라,,,TRADE_DD0F9CFF2430,unmatched,0.0,18.181818181818176,22,수영구|광안로16번길|54,수영구|광안동|165-14,True
26530,감전동,134-1,엘메르,엘메르,,,TRADE_2B8BD07EAE92,unmatched,0.0,22.22222222222222,2,사상구|학감대로267번길|21,사상구|감전동|134-1,True
26170,좌천동,822-55,노블시티,노블시티,,,TRADE_65C7B5C4330F,unmatched,0.0,0.0,5,동구|좌천로|57,동구|좌천동|822-55,True
26170,초량동,432,배룡그린빌라,배룡그린빌라,,,TRADE_05E639A00C8A,unmatched,0.0,11.764705882352944,10,동구|초량중로|58,동구|초량동|432,True
26200,동삼동,1203,오션라이프에일린의뜰2단지,오션라이프에일린의뜰2단지,오션라이프에일린의 뜰,A10022267,A10022267,dong_fuzzy,86.95652173913044,86.95652173913044,23,영도구|태종로|675,영도구|동삼동|1203,True
26230,개금동,177-210,남경,남경(177-210),,,TRADE_6CD30431BBAC,unmatched,0.0,0.0,23,부산진구|가야대로454번길|34,부산진구|개금동|177-210,True
26380,괴정동,335-10,목련아트빌,목련아트빌,,,TRADE_71C2059A12E4,unmatched,0.0,16.666666666666664,29,사하구|낙동대로140번길|21,사하구|괴정동|335-10,True
26410,장전동,135-7,덕한빌라,덕한빌라,,,TRADE_C08D77E81C35,unmatched,0.0,22.22222222222222,17,금정구|수림로85번길|39,금정구|장전동|135-7,True
26530,괘법동,551-11,대현빌라,대현빌라,,,TRADE_7084D524EDEA,unmatched,0.0,13.33333333333333,11,사상구|광장로104번길|26,사상구|괘법동|551-11,True
26410,장전동,204-9,화신,화신,,,TRADE_15BEACDA6817,unmatched,0.0,28.57142857142857,17,금정구|수림로49번길|15,금정구|장전동|204-9,True
26230,부전동,423-9,대원빌라2차,대원빌라2차,,,TRADE_B7DF946C6AE2,unmatched,0.0,16.666666666666664,7,부산진구|가야대로747번길|25,부산진구|부전동|423-9,True
26320,구포동,1030-64,도형리치빌a동,도형리치빌A동,,,TRADE_B97BD68C7605,unmatched,0.0,15.384615384615385,22,북구|가람로8번길|9,북구|구포동|1030-64,True
26140,서대신동3가,409,대윤스위트,대윤스위트,,,TRADE_0557CA5FA175,unmatched,0.0,26.66666666666667,8,서구|구덕로321번길|22,서구|서대신동3가|409,True
26350,중동,909,해운대석포로얄캐슬,해운대석포로얄캐슬,,,TRADE_49767A466AD8,unmatched,0.0,55.55555555555556,29,해운대구|좌동순환로|422,해운대구|중동|909,True
26230,부전동,674,태석해오름a,태석해오름A,,,TRADE_5BAAAA9550CE,unmatched,0.0,19.999999999999996,7,부산진구|신천대로165번길|36,부산진구|부전동|674,True
26290,대연동,1281-9,명성빌리지,명성빌리지,,,TRADE_41FA3B9FBFC9,unmatched,0.0,25.0,33,남구|진남로69번길|30,남구|대연동|1281-9,True
26320,덕천동,315-9,미금기찰빌라,미금기찰빌라,,,TRADE_9A45C978F639,unmatched,0.0,18.181818181818176,16,북구|의성로74번길|38,북구|덕천동|315-9,True
26350,송정동,191-5,신우빌라,신우빌라,,,TRADE_28AA562307B4,unmatched,0.0,15.384615384615385,5,해운대구|송정중앙로15번길|29,해운대구|송정동|191-5,True
26470,연산동,1480-14,서진하이트빌,서진하이트빌,,,TRADE_D4A8D6AEBF76,unmatched,0.0,72.72727272727273,65,연제구|거제천로124번길|28,연제구|연산동|1480-14,True
26500,광안동,774-26,광안에코하임센트럴뷰,광안에코하임센트럴뷰,,,TRADE_F22B812AB314,unmatched,0.0,35.29411764705882,22,수영구|수영로|557-1,수영구|광안동|774-26,True
26230,초읍동,292-28,,(292-28),,,TRADE_A563C92A840D,unmatched,0.0,0.0,0,부산진구|새싹로|281,부산진구|초읍동|292-28,True
26260,온천동,1863,래미안포레스티지3단지,래미안포레스티지3단지,래미안포레스티지,A10022002,A10022002,dong_fuzzy,84.21052631578947,84.21052631578947,42,동래구|금강로131번길|41,동래구|온천동|1863,True
26290,대연동,573-20,금양에이스,금양에이스,,,TRADE_110E0C75F924,unmatched,0.0,22.22222222222222,33,남구|용소로64번길|46,남구|대연동|573-20,True
26410,구서동,177-22,궁전빌리지,궁전빌리지,,,TRADE_35C742C0FFF9,unmatched,0.0,18.181818181818176,25,금정구|중앙대로1930번길|14,금정구|구서동|177-22,True
26410,구서동,86-73,구서1차봄여름가을겨울,구서1차봄여름가을겨울,,,TRADE_BB7093042AF7,unmatched,0.0,35.29411764705882,25,금정구|수림로50번길|190,금정구|구서동|86-73,True
26200,청학동,48-98,플러스원,플러스원,,,TRADE_52FDAFB62300,unmatched,0.0,19.999999999999996,9,영도구|태종로|417-25,영도구|청학동|48-98,True
26380,감천동,547-5,태린비주펠리스,태린비주펠리스,,,TRADE_9B716C7CEBD8,unmatched,0.0,30.76923076923077,10,사하구|옥천로|25,사하구|감천동|547-5,True
26410,장전동,233-22,반야빌라,반야빌라,,,TRADE_C0B8896E1EA0,unmatched,0.0,0.0,17,금정구|금강로|309,금정구|장전동|233-22,True
26470,연산동,2398,시청역동원시티비스타,시청역동원시티비스타,,,TRADE_626773232AAD,unmatched,0.0,66.66666666666667,65,연제구|신촌로17번길|8,연제구|연산동|2398,True
26530,감전동,332-1,스카이뷰,스카이뷰,,,TRADE_18ED07203308,unmatched,0.0,19.999999999999996,2,사상구|백양대로|546,사상구|감전동|332-1,True
26710,기장읍대라리,260-3,대라하이츠,대라하이츠,,,TRADE_C8BF5A7A7013,unmatched,0.0,0.0,0,기장군|대청로|13,기장군|기장읍대라리|260-3,True
26710,기장읍동부리,335-12,월드파크a동,월드파크A동,,,TRADE_0C71CF6F704E,unmatched,0.0,0.0,0,기장군|차성로321번길|15,기장군|기장읍동부리|335-12,True
26500,망미동,253-12,예광스카이파크,예광스카이파크,,,TRADE_A521EDC9E03F,unmatched,0.0,23.529411764705888,12,수영구|구락로75번길|26,수영구|망미동|253-12,True
26140,부용동1가,61,서원블루오션g동,서원블루오션G동,,,TRADE_1F8240EF6911,unmatched,0.0,0.0,1,서구|구덕로244번길|6,서구|부용동1가|61,True
26290,대연동,877-4,주원,주원,,,TRADE_96BBC7F44344,unmatched,0.0,33.333333333333336,33,남구|유엔평화로41번길|33,남구|대연동|877-4,True
26380,괴정동,764,금일아트빌,금일아트빌,,,TRADE_8BD919B2CB17,unmatched,0.0,16.666666666666664,29,사하구|낙동대로280번길|8,사하구|괴정동|764,True
26410,장전동,752,래미안포레스티지1단지,래미안포레스티지1단지(장전동),,,TRADE_8FA1FD466922,unmatched,0.0,37.5,17,금정구|식물원로75번길|20,금정구|장전동|752,True
26410,구서동,1007-7,일신크리스탈빌라,일신크리스탈빌라,,,TRADE_0798E7A3E8CB,unmatched,0.0,33.333333333333336,25,금정구|두실로|55-20,금정구|구서동|1007-7,True
26140,서대신동2가,76,,(76-0),,,TRADE_D3C269C98075,unmatched,0.0,0.0,0,서구|구덕로301번길|12,서구|서대신동2가|76,True
26230,개금동,177-143,대정그린빌,대정그린빌,,,TRADE_107828D9695C,unmatched,0.0,22.22222222222222,23,부산진구|가야대로468번길|7-5,부산진구|개금동|177-143,True
26230,전포동,33-433,동광하이빌,동광하이빌(103),,,TRADE_27E56F1CA086,unmatched,0.0,30.76923076923077,23,부산진구|전포대로276번길|36-9,부산진구|전포동|33-433,True
26260,온천동,300-5,디아트50,디아트50,,,TRADE_6A99A86DC0F9,unmatched,0.0,23.529411764705888,42,동래구|차밭골로50번길|11,동래구|온천동|300-5,True
26380,하단동,870-22,선경쉐르빌,선경쉐르빌,,,TRADE_2E96E0F1B5F0,unmatched,0.0,0.0,12,사하구|낙동남로1347번길|46,사하구|하단동|870-22,True
26500,광안동,379-35,디아이세라뷰,디아이세라뷰,,,TRADE_C45E5392F6DA,unmatched,0.0,25.0,22,수영구|수영로545번가길|8,수영구|광안동|379-35,True
26140,서대신동2가,79,향원에이스타운,향원에이스타운(79),,,TRADE_12C8AF5FE47F,unmatched,0.0,0.0,3,서구|구덕로301번길|22,서구|서대신동2가|79,True
26230,범천동,881-11,모닝하우스,모닝하우스,,,TRADE_39053A176F5A,unmatched,0.0,19.999999999999996,24,부산진구|범일로131번길|73,부산진구|범천동|881-11,True
26230,초읍동,349-12,화지빌라트,화지빌라트,,,TRADE_A785CD3332BF,unmatched,0.0,19.999999999999996,10,부산진구|월드컵대로472번길|45,부산진구|초읍동|349-12,True
26350,송정동,422-7,영동써니,영동써니,,,TRADE_C34776DB26B6,unmatched,0.0,0.0,5,해운대구|송정광어골로82번길|122,해운대구|송정동|422-7,True
26350,우동,1072-56,프린스빌라,프린스빌라,,,TRADE_EB758A33EA93,unmatched,0.0,44.44444444444444,49,해운대구|해운대로469번나길|9-6,해운대구|우동|1072-56,True
26290,대연동,294-7,희성수빌리지,희성수빌리지,,,TRADE_526768F54AAC,unmatched,0.0,22.22222222222222,33,남구|진남로25번길|2,남구|대연동|294-7,True
26380,다대동,1125,정원포트빌,정원포트빌,,,TRADE_84DD7C141902,unmatched,0.0,28.57142857142857,28,사하구|다대로543번길|17-5,사하구|다대동|1125,True
26110,영주동,68-5,로얄플러스빌라,로얄플러스빌라,,,TRADE_42B734725697,unmatched,0.0,15.384615384615385,5,중구|중앙공원로|107,중구|영주동|68-5,True
26230,양정동,406-5,아틀리에933,아틀리에933,,,TRADE_723A8296C90B,unmatched,0.0,14.28571428571429,13,부산진구|중앙대로|933,부산진구|양정동|406-5,True
26290,대연동,1724-1,지산로얄,지산로얄(1724-1),,,TRADE_550817E56C10,unmatched,0.0,33.333333333333336,33,남구|유엔로157번나길|48,남구|대연동|1724-1,True
26500,남천동,556-18,한웅남천마티안,한웅남천마티안,,,TRADE_98DB7694ECAB,unmatched,0.0,47.05882352941176,14,수영구|황령대로497번길|13,수영구|남천동|556-18,True
26530,괘법동,550-16,어진빌라,어진빌라,,,TRADE_DBC8E42C4DBB,unmatched,0.0,13.33333333333333,11,사상구|사상로162번길|15,사상구|괘법동|550-16,True
26380,하단동,592-10,대운스카이뷰1차,대운스카이뷰1차,,,TRADE_CEEA98BA24C0,unmatched,0.0,33.333333333333336,12,사하구|하신중앙로335번길|32,사하구|하단동|592-10,True
26410,구서동,420-14,대림포레,대림포레,,,TRADE_D1696300FB6A,unmatched,0.0,18.181818181818176,25,금정구|중앙대로1793번길|10,금정구|구서동|420-14,True
26710,기장읍대변리,442-1,창신빌라,창신빌라,,,TRADE_494C4B83C742,unmatched,0.0,0.0,0,기장군|무양2길|8,기장군|기장읍대변리|442-1,True
