internal_complex_id,complex_name,sigungu,dong,households,approval_date,apartment_age,parking_total,parking_per_household,transactions_3m,transactions_6m,transactions_12m,area_variety,latitude,longitude,road_address,provisional,turnover_12m,price_84,price_84_per_3_3sqm,price_change_3m,price_change_6m,price_change_12m,rolling_peak,drawdown_from_peak,rolling_trough,recovery_from_trough,sample_count,low_sample_flag
A10020004,롯데캐슬인피니엘,남구,문현동,715.0,2026-06-24,0,,,26.0,26.0,26.0,2,35.1343507743393,129.073252007688,부산광역시 남구 지게골로 102,True,0.03636363636363636,690000000.0,26803245.111380022,,,,690000000.0,0.0,690000000.0,0.0,1.0,True
A10020018,삼창,금정구,남산동,415.0,2026-06-19,0,,,0.0,0.0,0.0,2,35.2583164349779,129.092777843633,부산광역시 금정구 금단로 105,True,0.0,,,,,,,,,,,
A10020029,한독,연제구,연산동,150.0,1979-03-23,47,86.0,0.5733333333333334,0.0,0.0,3.0,3,35.1728832483228,129.089548068769,부산광역시 연제구 봉수로 15,True,0.02,,,,,-0.0505050505050505,410000000.0,-0.5414634146341464,185000000.0,0.016216216216216273,0.0,True
A10020042,중앙하이츠더힐,사하구,신평동,185.0,2024-12-17,1,250.0,1.3513513513513513,4.0,10.0,18.0,3,35.0987098656455,128.963858182934,부산광역시 사하구 비봉로 77,True,0.0972972972972973,,,,0.006322214955308381,,461600000.0,0.0,458700000.0,0.006322214955308381,1.0,True
A10020083,반도보라맨션,남구,대연동,367.0,2026-04-22,0,388.0,1.0572207084468666,0.0,0.0,0.0,4,35.1369445920905,129.105954431149,부산광역시 남구 황령대로492번길 35,True,0.0,,,,,,855000000.0,-0.0444444444444444,407000000.0,1.0073710073710074,0.0,True
A10020156,연지우성스마트시티뷰,부산진구,연지동,116.0,2020-05-29,6,,,1.0,1.0,2.0,2,35.1712258960578,129.056696370526,부산광역시 부산진구 동평로 269,True,0.017241379310344827,449000000.0,17435046.597006496,,-0.0022222222222222365,-0.028108108108108154,480000000.0,-0.06458333333333333,360000000.0,0.24722222222222223,1.0,True
A10020161,조성하이츠,사하구,다대동,132.0,1995-10-20,30,129.0,0.9772727272727273,1.0,2.0,5.0,1,35.0510241096984,128.965568505012,부산광역시 사하구 다대낙조2길 7,True,0.03787878787878788,225000000.0,8739406.779661017,-0.08163265306122447,0.05027932960893855,-0.08770161290322576,285000000.0,-0.21052631578947367,194000000.0,0.1597938144329898,2.0,True
A10020162,성림누리아라,북구,구포동,114.0,2007-12-10,18,116.0,1.0175438596491229,2.0,3.0,3.0,2,35.1982818958006,128.994598448858,부산광역시 북구 구남로 9,True,0.02631578947368421,294500000.0,11463212.388785549,-0.06507936507936507,,-0.0659003831417625,327000000.0,-0.09938837920489296,275000000.0,0.07090909090909081,3.0,False
A10020194,성원상떼빌,수영구,광안동,165.0,2007-04-27,19,268.0,1.6242424242424243,1.0,1.0,3.0,2,35.1574319393608,129.113586571518,부산광역시 수영구 수영로582번길 10,True,0.01818181818181818,,,,,,,,,,,
A10020213,가야역롯데캐슬스카이엘,부산진구,가야동,725.0,2026-01-22,0,826.0,1.1393103448275863,1.0,1.0,1.0,1,35.1565193801508,129.04401214104,부산광역시 부산진구 가야대로 661,True,0.001379310344827586,,,,,,,,,,,
A10020224,현대하이페리온,해운대구,우동,112.0,2006-09-22,19,,,0.0,2.0,2.0,1,35.1572290241488,129.148226007006,부산광역시 해운대구 마린시티1로 155,True,0.017857142857142856,,,,,,,,,,,
A10020256,창신,사하구,당리동,203.0,1985-03-18,41,100.0,0.49261083743842365,0.0,0.0,1.0,2,35.1073306666582,128.969796874961,부산광역시 사하구 승학로17번길 20,True,0.0049261083743842365,,,,,,,,,,,
A10020264,에코델타더베르힐,강서구,강동동,1120.0,2026-01-16,0,1584.0,1.4142857142857144,1.0,1.0,1.0,1,35.148743228502,128.914609008233,부산광역시 강서구 에코델타5로 60,True,0.0008928571428571428,540000000.0,20976304.54486598,,,,540000000.0,0.0,540000000.0,0.0,1.0,True
A10020370,태림,영도구,동삼동,120.0,1980-05-28,46,79.0,0.6583333333333333,0.0,1.0,1.0,2,35.078541262951,129.071576703417,부산광역시 영도구 웃서발로 92,True,0.008333333333333333,,,,,,,,,,,
A10020395,정성재아파트,남구,대연동,58.0,2019-09-27,6,60.0,1.0344827586206897,0.0,1.0,4.0,1,35.1303385683753,129.099413005228,부산광역시 남구 유엔로 211,True,0.06896551724137931,,,,,,,,,,,
A10020434,현대신델라,사하구,괴정동,131.0,1989-12-05,36,53.0,0.40458015267175573,0.0,1.0,2.0,4,35.1042274192036,129.003840143718,부산광역시 사하구 낙동대로 106,True,0.015267175572519083,,,,0.08670520231213863,,188000000.0,0.0,163000000.0,0.15337423312883436,1.0,True
A10020442,대티역스마트더블유인공지능,사하구,괴정동,126.0,2019-09-11,7,50.0,0.3968253968253968,0.0,1.0,6.0,3,35.1029750375863,129.000802771143,부산광역시 사하구 낙동대로 137,True,0.047619047619047616,,,,0.016129032258064502,-0.009271523178807972,435000000.0,-0.13103448275862073,370000000.0,0.021621621621621623,1.0,True
A10020458,시민공원비스타동원,부산진구,부암동,440.0,2025-08-29,1,502.0,1.1409090909090909,1.0,1.0,2.0,1,35.1661847296279,129.046786570592,부산광역시 부산진구 동평로 149,True,0.004545454545454545,,,,,,,,,,,
A10020470,제일아파트,동래구,낙민동,144.0,1995-11-18,30,,,1.0,3.0,9.0,2,35.1991493586831,129.089394919423,부산광역시 동래구 낙민로 14,True,0.0625,,,,-0.050000000000000044,-0.125,370000000.0,-0.22972972972972971,240000000.0,0.1875,1.0,True
A10020475,새연산(588-1),연제구,연산동,368.0,2025-08-28,1,,,0.0,0.0,0.0,4,35.1888396838777,129.083478942879,부산광역시 연제구 세병로 7,True,0.0,,,,,,410000000.0,0.0,360000000.0,0.13888888888888884,0.0,True
A10020525,동일,사하구,감천동,142.0,1987-10-17,38,72.0,0.5070422535211268,2.0,2.0,3.0,5,35.0911975488938,128.998467274975,부산광역시 사하구 감천로 53,True,0.02112676056338028,,,,,,225000000.0,0.0,225000000.0,0.0,0.0,True
A10020530,모라동골든파크,사상구,모라동,122.0,2005-10-04,20,160.0,1.3114754098360655,0.0,1.0,1.0,1,35.1894815150476,128.989105319234,부산광역시 사상구 사상로 508,True,0.00819672131147541,,,,,-0.018404907975460127,275000000.0,-0.12727272727272732,218000000.0,0.10091743119266061,1.0,True
A10020573,삼한,금정구,금사동,131.0,1992-01-29,34,75.0,0.5725190839694656,0.0,1.0,3.0,2,35.2130088456305,129.109649182961,부산광역시 금정구 중군진로 21,True,0.022900763358778626,,,,0.08629441624365475,0.17582417582417587,218000000.0,-0.01834862385321101,170000000.0,0.2588235294117647,1.0,True
A10020621,포레나부산덕천3차,북구,덕천동,429.0,2025-05-20,1,478.0,1.1142191142191142,0.0,0.0,1.0,3,35.2139753248583,129.01754424911,부산광역시 북구 만덕대로 127,True,0.002331002331002331,,,,,,570000000.0,-0.0035087719298245723,568000000.0,0.0,0.0,True
A10020637,금정더유엘프리미어,금정구,청룡동,121.0,2022-05-31,4,132.0,1.0909090909090908,1.0,2.0,4.0,1,35.2757997730239,129.087860707138,부산광역시 금정구 청룡로 42,True,0.03305785123966942,,,,,,,,,,,
A10020638,월드파크4,연제구,연산동,113.0,2017-10-30,8,54.0,0.4778761061946903,4.0,4.0,8.0,3,35.1895287659049,129.092978013422,부산광역시 연제구 과정로 320,True,0.07079646017699115,,,,,,,,,,,
A10020645,강서자이에코델타,강서구,강동동,856.0,2025-04-29,1,1116.0,1.3037383177570094,0.0,0.0,2.0,2,35.1432134027804,128.914188933677,부산광역시 강서구 에코델타1로 24,True,0.002336448598130841,,,,,,628000000.0,0.0,628000000.0,0.0,0.0,True
A10020675,초읍월드메르디앙에듀포레,부산진구,초읍동,116.0,2024-12-27,1,,,3.0,7.0,13.0,2,35.1798130052511,129.056911429736,부산광역시 부산진구 성지로94번길 74,True,0.11206896551724138,,,,,,,,,,,
A10020679,동산그린,남구,용호동,114.0,1988-09-15,38,,,0.0,0.0,0.0,3,35.1142370787864,129.115223630517,부산광역시 남구 동명로170번길 101,True,0.0,,,,,,,,,,,
A10020688,하단지오피아,사하구,하단동,114.0,2006-11-24,19,,,1.0,1.0,1.0,2,35.1085409864523,128.960497797435,부산광역시 사하구 낙동남로1357번길 46,True,0.008771929824561403,,,,,,,,,,,
A10020702,센텀이진캐스빌,해운대구,재송동,147.0,1993-08-04,33,132.0,0.8979591836734694,0.0,0.0,1.0,1,35.1828994656358,129.127880709978,부산광역시 해운대구 재반로42번길 23,True,0.006802721088435374,,,,,0.3151515151515152,255000000.0,-0.14901960784313728,150000000.0,0.44666666666666677,0.0,True
A10020721,백양산서희스타힐스,부산진구,부암동,1295.0,2025-03-25,1,1405.0,1.084942084942085,4.0,9.0,24.0,3,35.172540323275,129.033133031769,부산광역시 부산진구 백양산로 22,True,0.018532818532818532,,,,-0.10558067831449125,-0.003329349496329126,492500000.0,-0.10152284263959388,427770000.0,0.03443439231362655,3.0,False
A10020732,구서벽산메가트리움,금정구,구서동,126.0,2004-10-28,21,136.0,1.0793650793650793,1.0,6.0,7.0,3,35.2437215003698,129.091371509773,부산광역시 금정구 부곡온천천로 206,True,0.05555555555555555,247000000.0,9641133.610900832,-0.027559055118110187,-0.05471698113207546,-0.055762081784386575,305000000.0,-0.19016393442622948,247000000.0,0.0,3.0,False
A10020754,서면서한이다음,부산진구,범천동,498.0,2025-02-10,1,554.0,1.1124497991967872,0.0,0.0,3.0,2,35.1520476223741,129.044716483897,부산광역시 부산진구 엄광로384번길 48,True,0.006024096385542169,,,,,,,,,,,
A10020779,동일,금정구,구서동,149.0,1986-07-11,40,80.0,0.5369127516778524,0.0,0.0,2.0,3,35.256376570651,129.087185504676,부산광역시 금정구 구서중앙로40번길 48,True,0.013422818791946308,,,,,,,,,,,
A10020780,국제그린,금정구,부곡동,122.0,1996-02-29,30,89.0,0.7295081967213115,0.0,0.0,2.0,3,35.2179085424584,129.088771606115,부산광역시 금정구 부곡로18번길 24,True,0.01639344262295082,,,,,-0.01741616844294258,259000000.0,-0.2702702702702703,170000000.0,0.11176470588235299,0.0,True
A10020784,화신거화,부산진구,전포동,115.0,1993-06-24,33,76.0,0.6608695652173913,1.0,2.0,4.0,3,35.1595640388836,129.071058651563,부산광역시 부산진구 진남로 388,True,0.034782608695652174,,,,0.017964071856287456,-0.07417582417582413,238000000.0,-0.2857142857142857,165000000.0,0.030303030303030276,1.0,True
A10020803,동원로얄듀크,금정구,부곡동,114.0,2005-10-31,20,195.0,1.7105263157894737,0.0,5.0,9.0,2,35.2383330494854,129.089862227688,부산광역시 금정구 수림로19번길 26,True,0.07894736842105263,,,,-0.0561797752808989,,560000000.0,-0.2857142857142857,400000000.0,0.0,4.0,False
A10020804,부산대역삼정그린코아스카이동,금정구,부곡동,248.0,2013-04-23,13,4.0,0.016129032258064516,2.0,2.0,4.0,1,35.2286668580805,129.090954857822,부산광역시 금정구 중앙대로 1616,True,0.016129032258064516,,,,,,,,,,,
A10020805,부산대역삼정그린코아마운틴동,금정구,부곡동,247.0,2013-04-23,13,4.0,0.016194331983805668,0.0,2.0,5.0,1,35.2284205166925,129.090827837632,부산광역시 금정구 중앙대로 1614,True,0.020242914979757085,,,,,,,,,,,
A10020806,경동아파트,금정구,남산동,144.0,1993-08-26,33,,,1.0,1.0,2.0,2,35.2640916831223,129.091136343489,부산광역시 금정구 학산로 5,True,0.013888888888888888,285000000.0,11236559.139784945,,-0.07467532467532467,,308000000.0,-0.07467532467532467,234500000.0,0.21535181236673773,1.0,True
A10020808,사하삼정그린코아더시티,사하구,하단동,216.0,2025-01-15,1,270.0,1.25,0.0,1.0,5.0,3,35.108246004549,128.96775532682,부산광역시 사하구 승학로3번길 47,True,0.023148148148148147,,,,-0.08039215686274515,,510000000.0,-0.08039215686274515,469000000.0,0.0,1.0,True
A10020827,비룡벨로스텔라,사상구,덕포동,143.0,2020-02-17,6,,,0.0,2.0,4.0,2,35.1731453817823,128.984301839633,부산광역시 사상구 사상로 320,True,0.027972027972027972,,,,,,,,,,,
A10020856,골든팰리스더리치,부산진구,범천동,102.0,2019-06-24,7,112.0,1.0980392156862746,0.0,0.0,2.0,2,35.148009802806,129.056652960608,부산광역시 부산진구 범천로12번길 13,True,0.0196078431372549,,,,,,,,,,,
A10020870,양정자이더샵SKVIEW아파트(1단지),부산진구,양정동,2276.0,2025-01-24,1,2839.0,1.2473637961335677,11.0,14.0,17.0,4,35.1716287279998,129.075270843938,부산광역시 부산진구 진남로 554,True,0.007469244288224956,851250000.0,33082575.054881155,,,0.135,872500000.0,-0.04871060171919772,750000000.0,0.10666666666666669,3.0,False
A10020951,유성해네스타워,부산진구,전포동,126.0,2014-03-21,12,,,0.0,0.0,1.0,1,35.1518174759171,129.065893494272,부산광역시 부산진구 전포대로 170,True,0.007936507936507936,,,,,,,,,,,
A10020963,삼한3차301동,해운대구,반송동,143.0,1999-11-23,26,,,0.0,1.0,3.0,1,35.2280347105958,129.16442546055,부산광역시 해운대구 신반송로 96,True,0.02097902097902098,,,,0.12676056338028174,-0.0330788804071247,219000000.0,-0.08675799086757996,165000000.0,0.21212121212121215,1.0,True
A10020971,미주,부산진구,부암동,198.0,1986-09-13,40,,,0.0,0.0,2.0,3,35.1662976173507,129.044542432476,부산광역시 부산진구 동평로131번길 8,True,0.010101010101010102,,,,,,,,,,,
A10020980,북항에코하임센트럴뷰,동구,수정동,105.0,2023-08-31,3,24.0,0.22857142857142856,0.0,17.0,17.0,2,35.1234235553713,129.041157573806,부산광역시 동구 초량상로 138,True,0.1619047619047619,,,,,,,,,,,
A10021016,쌍용더플래티넘오시리아,기장군,기장읍연화리,191.0,2024-12-10,1,227.0,1.1884816753926701,0.0,0.0,1.0,1,35.216128809262,129.224774178577,부산광역시 기장군 연화길 24,True,0.005235602094240838,,,,,,772890000.0,0.0,772890000.0,0.0,0.0,True
A10021024,광하주택3,해운대구,반송동,250.0,1987-12-14,38,145.0,0.58,1.0,3.0,6.0,3,35.2308074255822,129.161071898662,부산광역시 해운대구 신반송로 194,True,0.024,,,,,,,,,,,
A10021046,송도탑스빌,서구,암남동,125.0,2000-06-10,26,377.0,3.016,2.0,2.0,3.0,2,35.0778696423133,129.018518819385,부산광역시 서구 충무대로 56,True,0.024,,,,,,,,,,,
A10021073,협진태양,사하구,당리동,265.0,1982-03-31,44,111.0,0.4188679245283019,0.0,0.0,2.0,1,35.0985223501239,128.976938758993,부산광역시 사하구 다대로 30,True,0.007547169811320755,,,,,,,,,,,
A10021074,장림협진태양,사하구,장림동,148.0,1989-05-02,37,,,1.0,1.0,2.0,4,35.0783790631708,128.979708432193,부산광역시 사하구 두송로 32,True,0.013513513513513514,,,,,,142000000.0,-0.2605633802816901,82000000.0,0.2804878048780488,0.0,True
A10021102,개금동포르투나,부산진구,개금동,121.0,2019-07-19,7,162.0,1.3388429752066116,3.0,3.0,6.0,2,35.1517508521743,129.020608015723,부산광역시 부산진구 복지로 15,True,0.049586776859504134,,,,,,,,,,,
A10021108,서린엘마르센트로뷰,중구,중앙동4가,120.0,2021-05-27,5,240.0,2.0,0.0,0.0,2.0,2,35.1040994512517,129.037184540103,부산광역시 중구 대교로 157,True,0.016666666666666666,,,,,,,,,,,
A10021131,새동래3,동래구,수안동,200.0,1981-12-15,44,80.0,0.4,1.0,2.0,2.0,1,35.1962391753715,129.086417308025,부산광역시 동래구 온천천로285번길 28,True,0.01,,,,,,,,,,,
A10021160,럭키골든스위트,해운대구,중동,100.0,2019-12-06,6,115.0,1.15,0.0,4.0,8.0,3,35.1630545358932,129.167846778451,부산광역시 해운대구 해운대해변로 346,True,0.08,,,,,0.11543450064850846,627730000.0,-0.31499211444410813,321000000.0,0.33956386292834884,1.0,True
A10021168,광안협성엠파이어Ⅱ,수영구,광안동,125.0,2013-02-12,13,,,0.0,2.0,4.0,2,35.1583516793015,129.113652288614,부산광역시 수영구 수영로588번길 7,True,0.032,,,,,,,,,,,
A10021181,허브팰리스서면,부산진구,부전동,126.0,2021-06-04,5,,,1.0,1.0,5.0,3,35.1642982427676,129.061888113442,부산광역시 부산진구 부전로 193,True,0.03968253968253968,,,,,,,,,,,
A10021189,해운파크맨션,해운대구,우동,160.0,1985-04-03,41,,,0.0,0.0,0.0,3,35.1670914307369,129.156984536359,부산광역시 해운대구 우동1로71번길 9-9,True,0.0,,,,,,,,,,,
A10021191,헤리츠리더스하단,사하구,하단동,142.0,2021-12-09,4,138.0,0.971830985915493,0.0,0.0,7.0,3,35.1052403926508,128.968580641415,부산광역시 사하구 낙동대로457번길 5,True,0.04929577464788732,,,,,,,,,,,
A10021196,대동맨션,중구,동광동5가,120.0,1981-06-12,45,70.0,0.5833333333333334,0.0,0.0,2.0,2,35.1073357939697,129.033769374286,부산광역시 중구 동광길93번길 5,True,0.016666666666666666,,,,,,185000000.0,-0.10810810810810811,155000000.0,0.06451612903225801,0.0,True
A10021197,파크아트온,금정구,장전동,104.0,2018-06-27,8,15.0,0.14423076923076922,0.0,2.0,3.0,2,35.2239123530917,129.08474800402,부산광역시 금정구 식물원로29번길 15,True,0.028846153846153848,,,,,,,,,,,
A10021198,부원,중구,대창동1가,144.0,1972-11-04,53,,,0.0,0.0,1.0,3,35.1078467905881,129.0358337725,부산광역시 중구 중앙대로115번길 1-6,True,0.006944444444444444,,,,,,,,,,,
A10021201,현대4,해운대구,반여동,120.0,1989-01-07,37,110.0,0.9166666666666666,1.0,4.0,12.0,3,35.1950663310378,129.116667552559,부산광역시 해운대구 선수촌로21번길 31,True,0.1,,,,3.5769230769230766,-0.42460317460317465,940000000.0,-0.3670212765957447,115000000.0,4.173913043478261,2.0,True
A10021202,구서역포르투나,금정구,구서동,145.0,2022-04-22,4,,,1.0,1.0,1.0,1,35.2459576567469,129.090205571014,부산광역시 금정구 수림로50번길 150,True,0.006896551724137931,,,,,,,,,,,
A10021207,이진캐스빌,해운대구,중동,108.0,1989-05-26,37,82.0,0.7592592592592593,0.0,1.0,1.0,2,35.1599424904763,129.177111885041,부산광역시 해운대구 달맞이길117번다길 33,True,0.009259259259259259,,,,,,360000000.0,0.0,190000000.0,0.894736842105263,0.0,True
A10021208,린다스마트포레,동구,좌천동,101.0,2018-04-19,8,,,2.0,3.0,4.0,2,35.1338289490993,129.053042174713,부산광역시 동구 정공단로 8,True,0.039603960396039604,,,,,,,,,,,
A10021220,광우파크맨션,해운대구,반여동,110.0,1986-09-29,39,,,0.0,4.0,5.0,1,35.1967825789008,129.133349103859,부산광역시 해운대구 재반로212번길 33-52,True,0.045454545454545456,,,,,,,,,,,
A10021235,화랑,연제구,거제동,105.0,1985-07-10,41,90.0,0.8571428571428571,0.0,1.0,1.0,2,35.1876050748444,129.068240098451,부산광역시 연제구 아시아드대로 31,True,0.009523809523809525,,,,,,510000000.0,-0.4647058823529412,260000000.0,0.050000000000000044,1.0,True
A10021242,현대,해운대구,우동,113.0,1994-02-28,32,,,0.0,1.0,3.0,2,35.1707247811581,129.156041352155,부산광역시 해운대구 우동1로 125,True,0.02654867256637168,,,,,,310000000.0,-0.19354838709677424,215000000.0,0.16279069767441867,0.0,True
A10021243,동서하이빌,연제구,연산동,113.0,2003-10-24,22,128.0,1.1327433628318584,1.0,1.0,2.0,2,35.178654386899,129.080124828435,부산광역시 연제구 연제로8번길 75,True,0.017699115044247787,345000000.0,13395157.741659941,,-0.07506702412868638,-0.02972972972972976,450000000.0,-0.23333333333333328,290000000.0,0.18965517241379315,1.0,True
A10021249,홍림센텀아파트,해운대구,반여동,100.0,1991-09-07,35,46.0,0.46,0.0,0.0,0.0,1,35.2023390712821,129.136151346039,부산광역시 해운대구 재반로282번길 83,True,0.0,,,,,,,,,,,
A10021257,가화만사성,기장군,기장읍교리,147.0,2004-04-16,22,130.0,0.8843537414965986,1.0,1.0,3.0,2,35.252990992893,129.216056389186,부산광역시 기장군 차성동로 167-10,True,0.02040816326530612,,,,,,,,,,,
A10021261,한우,동래구,안락동,190.0,1983-01-26,43,94.0,0.49473684210526314,1.0,4.0,5.0,2,35.1985091619307,129.109642254355,부산광역시 동래구 충렬대로457번길 72,True,0.02631578947368421,,,,,,,,,,,
A10021277,삼진그린,해운대구,우동,130.0,1993-08-12,33,86.0,0.6615384615384615,0.0,0.0,0.0,2,35.1715430306961,129.140453039607,부산광역시 해운대구 해운대로383번가길 19,True,0.0,,,,,,380000000.0,-0.21052631578947367,250000000.0,0.19999999999999996,0.0,True
A10021285,문현해운맨션,남구,문현동,140.0,1987-01-26,39,57.0,0.40714285714285714,1.0,1.0,3.0,2,35.1320137784911,129.068787817865,부산광역시 남구 장고개로85번길 14-37,True,0.02142857142857143,,,,,,,,,,,
A10021303,신흥동백맨션,사상구,엄궁동,156.0,1992-11-16,33,91.0,0.5833333333333334,0.0,0.0,1.0,3,35.1295121043299,128.975831689263,부산광역시 사상구 엄궁로 172,True,0.00641025641025641,,,,,,162000000.0,-0.043209876543209846,105000000.0,0.4761904761904763,0.0,True
A10021306,그린파크,해운대구,반여동,200.0,1988-07-14,38,93.0,0.465,0.0,3.0,5.0,1,35.201893825265,129.132021319419,부산광역시 해운대구 재반로270번길 13,True,0.025,,,,,,,,,,,
A10021308,화신1,동구,초량동,216.0,1986-06-03,40,132.0,0.6111111111111112,1.0,2.0,2.0,4,35.1185346437742,129.032165033694,부산광역시 동구 망양로 516-4,True,0.009259259259259259,,,,,,169000000.0,-0.1301775147928994,125000000.0,0.17599999999999993,0.0,True
A10021327,한사랑,동래구,온천동,109.0,1993-06-30,33,72.0,0.6605504587155964,3.0,8.0,14.0,3,35.2080565617282,129.067710554714,부산광역시 동래구 아시아드대로255번가길 8-9,True,0.12844036697247707,290000000.0,11322763.842877425,-0.010238907849829393,0.012152777777777679,0.03942652329749108,377000000.0,-0.23076923076923073,200000000.0,0.44999999999999996,6.0,False
A10021328,경동,해운대구,반송동,126.0,1995-03-02,31,67.0,0.5317460317460317,0.0,1.0,3.0,1,35.2263951338859,129.163068010927,부산광역시 해운대구 신반송로 76,True,0.023809523809523808,,,,,,,,,,,
A10021334,해피투모로우,금정구,부곡동,102.0,2009-10-19,16,110.0,1.0784313725490196,2.0,2.0,4.0,2,35.2290147792439,129.091164109751,부산광역시 금정구 중앙대로 1622,True,0.0392156862745098,310000000.0,12049163.84821726,,0.02310231023102305,-0.016129032258064502,400000000.0,-0.21250000000000002,298500000.0,0.055276381909547645,2.0,True
A10021338,남성선파크,해운대구,재송동,180.0,1988-04-02,38,0.0,0.0,1.0,6.0,10.0,3,35.1926977889963,129.130509296882,부산광역시 해운대구 재송2로 17,True,0.05555555555555555,,,,,,,,,,,
A10021342,해운대양우내안애팰리스,해운대구,중동,218.0,2013-10-01,12,,,1.0,3.0,6.0,2,35.1621277144284,129.177985898056,부산광역시 해운대구 좌동순환로433번길 40,True,0.027522935779816515,335000000.0,13454060.862739371,-0.09703504043126687,0.028818443804034644,0.030169242089771897,469000000.0,-0.2857142857142857,300000000.0,0.1166666666666667,3.0,False
A10021343,삼강,해운대구,중동,131.0,1983-12-06,42,16.0,0.12213740458015267,0.0,2.0,3.0,2,35.1610676606171,129.164801531096,부산광역시 해운대구 해운대해변로298번길 9-1,True,0.022900763358778626,,,,,,,,,,,
A10021353,대림에이스타운,중구,보수동1가,140.0,1994-10-22,31,125.0,0.8928571428571429,0.0,0.0,1.0,4,35.1066446623513,129.025360405631,부산광역시 중구 법수길 72,True,0.007142857142857143,,,,,,,,,,,
A10021395,삼정송림맨션,사상구,학장동,230.0,1986-06-30,40,114.0,0.4956521739130435,0.0,1.0,3.0,1,35.1401369580371,128.98576706907,부산광역시 사상구 학감대로123번길 65,True,0.013043478260869565,,,,,,,,,,,
A10021404,우남이채롬,중구,영주동,111.0,2006-03-06,20,,,0.0,1.0,2.0,4,35.1135796149104,129.035285813028,부산광역시 중구 초량상로 13,True,0.018018018018018018,,,,,,305000000.0,0.0,290000000.0,0.051724137931034475,0.0,True
A10021413,대진타워맨션,서구,남부민동,116.0,1985-06-04,41,85.0,0.7327586206896551,0.0,1.0,2.0,3,35.0871791491614,129.024119987453,부산광역시 서구 충무대로 185,True,0.017241379310344827,,,,-0.23750000000000004,-0.03159340659340659,200000000.0,-0.23750000000000004,140000000.0,0.08928571428571419,1.0,True
A10021421,청파,사상구,학장동,190.0,1985-05-24,41,110.0,0.5789473684210527,0.0,1.0,2.0,1,35.1397257635471,128.982101618842,부산광역시 사상구 대동로 138,True,0.010526315789473684,,,,,,,,,,,
A10021442,유원,사상구,덕포동,280.0,1980-05-17,46,183.0,0.6535714285714286,2.0,6.0,9.0,3,35.1710141330332,128.986416169404,부산광역시 사상구 사상로310번길 54,True,0.03214285714285714,,,,,,,,,,,
A10021454,대진로얄,기장군,기장읍동부리,116.0,1990-08-31,36,48.0,0.41379310344827586,0.0,1.0,5.0,2,35.2467229305117,129.214770362559,부산광역시 기장군 차성로326번길 9,True,0.04310344827586207,,,,-0.06432748538011701,,191000000.0,-0.16230366492146597,130000000.0,0.23076923076923084,1.0,True
A10021462,광안예서더불어,수영구,광안동,112.0,2015-12-15,10,13.0,0.11607142857142858,5.0,8.0,12.0,2,35.1559771983561,129.112228808951,부산광역시 수영구 호암로9번길 7,True,0.10714285714285714,,,,,,,,,,,
A10021467,주례맨션,사상구,주례동,210.0,1983-04-02,43,105.0,0.5,1.0,3.0,7.0,3,35.149184041433,129.005730944964,부산광역시 사상구 가야대로306번길 20,True,0.03333333333333333,,,,,,,,,,,
A10021471,한신센타뷰,부산진구,가야동,128.0,2002-12-18,23,189.0,1.4765625,1.0,4.0,7.0,1,35.1551481825055,129.036999074696,부산광역시 부산진구 가야대로 597,True,0.0546875,,,,,,,,,,,
A10021487,동부산쏠마레,기장군,일광읍이천리,144.0,2014-11-26,11,120.0,0.8333333333333334,1.0,3.0,11.0,1,35.2685329816501,129.237478837404,부산광역시 기장군 이천11길 23,True,0.0763888888888889,,,,,,,,,,,
A10021489,해운대중동경동하나메르빌,해운대구,중동,147.0,2014-10-16,11,163.0,1.1088435374149659,0.0,0.0,5.0,1,35.1703033980903,129.173657066316,부산광역시 해운대구 해운대로781번길 23,True,0.034013605442176874,,,,,0.009774436090225658,855000000.0,-0.16959064327485385,545000000.0,0.3027522935779816,0.0,True
A10021493,대호,연제구,거제동,105.0,1996-05-02,30,,,0.0,0.0,4.0,3,35.1944841709067,129.084655252094,부산광역시 연제구 거제천로255번길 53,True,0.0380952380952381,,,,,,,,,,,
A10021495,다뉴브,연제구,거제동,144.0,1993-11-06,32,,,2.0,4.0,7.0,2,35.1912474236273,129.069581458922,부산광역시 연제구 월드컵대로252번길 5,True,0.04861111111111111,,,,-0.02833333333333332,-0.04458598726114649,360000000.0,-0.15833333333333333,228000000.0,0.32894736842105265,2.0,True
A10021497,아림파크맨션,동래구,명장동,144.0,1988-07-27,38,55.0,0.3819444444444444,0.0,0.0,2.0,3,35.2101427655171,129.102149476573,부산광역시 동래구 명서로 140,True,0.013888888888888888,,,,,,,,,,,
A10021500,연산역이즈,연제구,연산동,102.0,2018-12-18,7,4.0,0.0392156862745098,0.0,3.0,10.0,2,35.1826551923547,129.080814917306,부산광역시 연제구 월드컵대로111번길 46,True,0.09803921568627451,,,,,,,,,,,
A10021527,성일이안시티,연제구,연산동,105.0,2016-10-19,9,16.0,0.1523809523809524,1.0,2.0,3.0,4,35.1775685443746,129.076373448272,부산광역시 연제구 연제로 31,True,0.02857142857142857,,,,,,,,,,,
A10021538,우신골든메르시아,해운대구,우동,100.0,2010-04-01,16,,,0.0,0.0,0.0,1,35.1551021198551,129.1453194265,부산광역시 해운대구 마린시티3로 46,True,0.0,,,,,,,,,,,
A10021542,시청역이즈팰리스1차,연제구,연산동,130.0,2016-09-02,10,,,0.0,2.0,10.0,1,35.18241994639,129.076629255436,부산광역시 연제구 신촌로 11,True,0.07692307692307693,,,,,,,,,,,
A10021544,우남이채롬,금정구,남산동,126.0,2006-07-28,20,,,0.0,2.0,4.0,1,35.2594463269442,129.09218176213,부산광역시 금정구 금단로 113-5,True,0.031746031746031744,,,,0.00952380952380949,-0.005681818181818232,307000000.0,-0.2019543973941368,245000000.0,0.0,2.0,True
A10021565,도경오벨리스,중구,영주동,102.0,2005-09-13,21,,,1.0,2.0,4.0,2,35.1117470885103,129.036813867574,부산광역시 중구 대영로 240,True,0.0392156862745098,250000000.0,10239543.25431302,0.020408163265306145,-0.08333333333333337,-0.003984063745019917,290000000.0,-0.13793103448275867,204000000.0,0.22549019607843146,2.0,True
A10021572,신익별장,서구,암남동,115.0,1989-05-18,37,61.0,0.5304347826086957,0.0,1.0,1.0,3,35.0802357009841,129.019697727295,부산광역시 서구 천마로 17,True,0.008695652173913044,,,,,-0.15194346289752647,190000000.0,-0.368421052631579,109500000.0,0.09589041095890405,1.0,True
A10021577,온천천2차동원로얄듀크,연제구,거제동,118.0,2013-05-16,13,,,1.0,3.0,3.0,1,35.1940488714293,129.085860911611,부산광역시 연제구 거제천로269번길 41,True,0.025423728813559324,,,,,,,,,,,
A10021596,로얄,부산진구,연지동,235.0,1986-01-15,40,160.0,0.6808510638297872,1.0,3.0,9.0,4,35.1710906156813,129.052618668127,부산광역시 부산진구 국악로 5,True,0.03829787234042553,365000000.0,14187279.15194346,,0.006896551724137945,-0.056847545219638196,430000000.0,-0.15116279069767447,290000000.0,0.2586206896551724,1.0,True
A10021604,네오리더스사상,사상구,괘법동,125.0,2019-09-03,7,120.0,0.96,0.0,1.0,5.0,1,35.1632464637396,128.985525539926,부산광역시 사상구 광장로87번길 17,True,0.04,,,,,,,,,,,
A10021607,위너비타,동래구,온천동,131.0,2003-12-18,22,45.0,0.3435114503816794,1.0,2.0,2.0,1,35.2197005012549,129.083940629919,부산광역시 동래구 온천장로 102,True,0.015267175572519083,,,,,,,,,,,
A10021608,허브팰리스장전,금정구,장전동,116.0,2019-01-21,7,0.0,0.0,1.0,2.0,5.0,2,35.2236924024606,129.086419962689,부산광역시 금정구 식물원로9번길 10,True,0.04310344827586207,,,,,,,,,,,
A10021630,영도경동리인,영도구,동삼동,123.0,2017-12-15,8,135.0,1.0975609756097562,1.0,2.0,4.0,1,35.0703643946961,129.070200076573,부산광역시 영도구 절영로490번길 18,True,0.032520325203252036,,,,,,,,,,,
A10021631,동원,동래구,사직동,140.0,1980-09-29,45,100.0,0.7142857142857143,1.0,2.0,8.0,3,35.2013734443993,129.073014379677,부산광역시 동래구 여고북로 140,True,0.05714285714285714,,,,,,,,,,,
A10021675,명륜한신,동래구,명륜동,157.0,1985-09-14,41,112.0,0.7133757961783439,0.0,2.0,4.0,3,35.2108283843561,129.081271270877,부산광역시 동래구 동래로57번길 4,True,0.025477707006369428,,,,,,990000000.0,-0.39595959595959596,597000000.0,0.0016750418760469454,0.0,True
A10021678,가야삼한사랑채,부산진구,가야동,116.0,2012-07-26,14,106.0,0.9137931034482759,0.0,0.0,1.0,2,35.1545372570901,129.041726103616,부산광역시 부산진구 엄광로312번길 61,True,0.008620689655172414,,,,,-0.05833333333333335,270000000.0,-0.16296296296296298,226000000.0,0.0,0.0,True
A10021680,신사직,동래구,사직동,152.0,1976-12-02,49,90.0,0.5921052631578947,1.0,1.0,6.0,2,35.1999940090596,129.076465481892,부산광역시 동래구 여고로135번길 27,True,0.039473684210526314,,,,,,,,,,,
A10021688,새들맨션,중구,대청동4가,131.0,1981-04-08,45,57.0,0.4351145038167939,1.0,2.0,4.0,1,35.1049075011062,129.029882668148,부산광역시 중구 중구로 81,True,0.030534351145038167,230000000.0,9021752.050398193,0.0,-0.017094017094017144,-0.2068965517241379,370000000.0,-0.3783783783783784,154000000.0,0.49350649350649345,2.0,True
A10021712,백산2,동래구,사직동,160.0,1986-03-21,40,,,0.0,1.0,5.0,3,35.2016503731452,129.074944263616,부산광역시 동래구 여고로127번길 65,True,0.03125,,,,,,,,,,,
A10021758,창우블루빌,사상구,주례동,118.0,2004-10-16,21,104.0,0.8813559322033898,1.0,1.0,4.0,2,35.1520792629401,129.008992019781,부산광역시 사상구 주감로 207-6,True,0.03389830508474576,,,,,,,,,,,
A10021797,영도봄여름가을겨울,영도구,대교동1가,115.0,2020-08-04,6,144.0,1.2521739130434784,2.0,3.0,4.0,1,35.0921668556622,129.037707959239,부산광역시 영도구 남항서로 131,True,0.034782608695652174,,,,,,,,,,,
A10021799,반도보라,동래구,수안동,180.0,1984-11-23,41,,,0.0,0.0,1.0,2,35.1989878113858,129.086514741498,부산광역시 동래구 충렬대로238번가길 58,True,0.005555555555555556,,,,,0.049180327868852514,470000000.0,-0.3191489361702128,220000000.0,0.4545454545454546,0.0,True
A10021800,해운,동래구,사직동,160.0,1984-06-12,42,92.0,0.575,0.0,1.0,1.0,4,35.1998558775731,129.052939490232,부산광역시 동래구 쇠미로71번길 5,True,0.00625,,,,,,258000000.0,-0.22480620155038755,200000000.0,0.0,0.0,True
A10021810,삼협,동래구,온천동,105.0,1997-12-03,28,71.0,0.6761904761904762,1.0,1.0,3.0,2,35.21035862353,129.06386332509,부산광역시 동래구 쇠미로221번길 13,True,0.02857142857142857,175000000.0,6798516.687268233,,-0.16666666666666663,,240000000.0,-0.27083333333333337,175000000.0,0.0,1.0,True
A10021874,화인,동래구,온천동,126.0,1992-05-01,34,57.0,0.4523809523809524,0.0,1.0,1.0,3,35.2114459406721,129.064741273224,부산광역시 동래구 쇠미로235번길 12,True,0.007936507936507936,,,,,,240000000.0,-0.375,150000000.0,0.0,1.0,True
A10021896,골든밸류빌,남구,문현동,134.0,2005-03-18,21,141.0,1.0522388059701493,0.0,1.0,1.0,2,35.1435821987703,129.065550347009,부산광역시 남구 전포대로77번길 19,True,0.007462686567164179,,,,,,895000000.0,-0.3072625698324022,520000000.0,0.1923076923076923,0.0,True
A10021914,삼보(290-2),동래구,명장동,174.0,1986-04-11,40,84.0,0.4827586206896552,0.0,0.0,0.0,3,35.206032380709,129.099651295817,부산광역시 동래구 시실로 202,True,0.0,,,,,,,,,,,
A10021915,새동래2마동,동래구,수안동,118.0,1980-12-18,45,70.0,0.5932203389830508,3.0,4.0,21.0,1,35.2008624134057,129.081944485967,부산광역시 동래구 충렬대로202번길 37,True,0.17796610169491525,,,,,,,,,,,
A10022002,래미안포레스티지3단지,동래구,온천동,4043.0,2024-09-30,1,4912.0,1.2149394014345782,10.0,26.0,44.0,6,35.2214588527959,129.078856993051,부산광역시 동래구 금강로131번길 42,True,0.010883007667573583,960000000.0,37274710.54739331,-0.01538461538461533,0.029214687751273116,0.1032890940565494,975000000.0,-0.01538461538461533,763990000.0,0.25656094975065113,12.0,False
A10022060,경보이리스힐,동래구,온천동,136.0,2004-03-30,22,140.0,1.0294117647058822,0.0,1.0,2.0,2,35.2067754494621,129.062488990827,부산광역시 동래구 쇠미로 183,True,0.014705882352941176,,,,,0.05794392523364489,300000000.0,-0.05666666666666664,235000000.0,0.20425531914893624,0.0,True
A10022061,온천동한진스카이뷰,동래구,온천동,141.0,2019-04-12,7,168.0,1.1914893617021276,0.0,2.0,13.0,2,35.2180302785643,129.080543527214,부산광역시 동래구 금강로106번길 26,True,0.09219858156028368,,,,,0.11311475409836058,400000000.0,-0.15125,305000000.0,0.11311475409836058,0.0,True
A10022074,남흥,동래구,안락동,140.0,1989-10-17,36,,,1.0,1.0,1.0,2,35.1950773339408,129.105122794473,부산광역시 동래구 충렬대로428번가길 19,True,0.007142857142857143,270000000.0,10486053.901376955,,,-0.12195121951219512,370000000.0,-0.2702702702702703,223000000.0,0.21076233183856496,1.0,True
A10022080,금호그랜드타운,부산진구,당감동,130.0,2001-07-21,25,126.0,0.9692307692307692,1.0,2.0,4.0,4,35.1563682609173,129.041666419404,부산광역시 부산진구 가야대로 635-12,True,0.03076923076923077,,,,0.01200000000000001,,338000000.0,-0.25147928994082835,215000000.0,0.17674418604651154,1.0,True
A10022107,감천오펠리움아파트,사하구,감천동,145.0,2018-07-18,8,136.0,0.9379310344827586,3.0,7.0,9.0,2,35.0902358881907,129.002639323813,부산광역시 사하구 감천로105번길 53,True,0.06206896551724138,,,,,,,,,,,
A10022128,성완세띠앙,동래구,수안동,128.0,2005-06-07,21,,,0.0,1.0,2.0,3,35.2009936624782,129.085423171508,부산광역시 동래구 충렬대로238번길 7,True,0.015625,,,,-0.08615384615384614,,325000000.0,-0.08615384615384614,270000000.0,0.10000000000000009,1.0,True
A10022139,궁전아이브,동래구,온천동,100.0,2005-10-14,20,96.0,0.96,0.0,0.0,3.0,1,35.2066071283288,129.071774447154,부산광역시 동래구 충렬대로100번길 7,True,0.03,,,,,0.12692307692307692,305000000.0,-0.03934426229508192,250000000.0,0.17199999999999993,0.0,True
A10022163,동양맨션,동래구,명장동,220.0,1982-02-15,44,103.0,0.4681818181818182,0.0,2.0,7.0,2,35.2089685907854,129.101660572011,부산광역시 동래구 명서로 160,True,0.031818181818181815,,,,,,,,,,,
A10022174,보해썬시티리버파크,사상구,괘법동,214.0,2024-08-29,2,240.0,1.1214953271028036,0.0,0.0,1.0,1,35.1648460576094,128.979717953422,부산광역시 사상구 사상로223번길 61,True,0.004672897196261682,,,,,,,,,,,
A10022267,오션라이프에일린의뜰1단지,영도구,동삼동,1228.0,2023-06-28,3,1292.0,1.0521172638436482,8.0,22.0,51.0,5,35.0755544541612,129.074599795214,부산광역시 영도구 태종로 611,True,0.041530944625407164,489000000.0,18999122.86382019,0.05161290322580636,-0.012913223140495922,-0.01058884297520657,510000000.0,-0.02352941176470591,431900000.0,0.15304468626996992,8.0,False
A10022280,두산위브더제니스센트럴사하,사하구,장림동,1643.0,2024-09-26,1,2020.0,1.2294583079732198,10.0,16.0,33.0,4,35.082895063328,128.972097096354,부산광역시 사하구 장림로 199,True,0.02008520998174072,532500000.0,20683335.74624204,0.03599221789883278,0.010689990281826933,0.11789491787771955,535000000.0,-0.009345794392523366,456160000.0,0.16187302700806727,7.0,False
A10022281,구덕자유,서구,서대신동3가,116.0,1996-04-18,30,56.0,0.4827586206896552,2.0,2.0,6.0,2,35.1137812674724,129.012448357479,부산광역시 서구 망양로33번길 27,True,0.05172413793103448,,,,,0.15217391304347827,270000000.0,-0.01851851851851849,210000000.0,0.26190476190476186,0.0,True
A10022287,구덕금호,서구,동대신동3가,112.0,2001-05-14,25,,,1.0,1.0,1.0,2,35.1158361893629,129.018377589786,부산광역시 서구 보수대로242번길 6,True,0.008928571428571428,,,,,,257500000.0,-0.22330097087378642,200000000.0,0.0,0.0,True
A10022312,사상더베스트,사상구,괘법동,181.0,2024-04-17,2,107.0,0.5911602209944752,0.0,0.0,0.0,2,35.1597893922504,128.988880029809,부산광역시 사상구 사상로148번길 25,True,0.0,,,,,,,,,,,
A10022337,조양,사상구,주례동,245.0,1984-09-14,42,162.0,0.6612244897959184,0.0,1.0,1.0,3,35.1482414749614,129.005580314746,부산광역시 사상구 냉정로 56,True,0.004081632653061225,,,,,,295000000.0,-0.3220338983050848,181000000.0,0.1049723756906078,0.0,True
A10022350,제일(8-3),동래구,수안동,140.0,1978-05-23,48,99.0,0.7071428571428572,0.0,0.0,0.0,2,35.1996343200762,129.081813667386,부산광역시 동래구 충렬대로202번길 77,True,0.0,,,,,,685000000.0,-0.39854014598540144,364000000.0,0.13186813186813184,0.0,True
A10022365,연산포레서희스타힐스,연제구,연산동,612.0,2024-09-11,2,715.0,1.1683006535947713,5.0,12.0,16.0,2,35.1829012963577,129.089161019711,부산광역시 연제구 묘봉산로 30,True,0.026143790849673203,521250000.0,20271918.5976623,0.0024038461538462563,-0.007368380865116597,0.09129066107030437,528000000.0,-0.01041666666666663,408000000.0,0.2806372549019607,7.0,False
A10022379,대동레미안센트럴시티5,부산진구,범천동,187.0,2019-11-05,6,,,0.0,0.0,0.0,2,35.1467677259451,129.060211148951,부산광역시 부산진구 범일로192번길 10,True,0.0,,,,,,,,,,,
A10022405,드파인센텀,해운대구,반여동,750.0,2024-06-27,2,920.0,1.2266666666666666,5.0,10.0,13.0,3,35.197076226816,129.118965848338,부산광역시 해운대구 선수촌로 30,True,0.017333333333333333,783000000.0,30405727.41810787,0.020195439739413734,0.26290322580645165,,805000000.0,-0.027329192546583836,620000000.0,0.26290322580645165,4.0,False
A10022407,경성스마트더블유아파트2차,사하구,괴정동,123.0,2017-08-14,9,166.0,1.3495934959349594,0.0,0.0,4.0,2,35.1017617644038,128.995682314955,부산광역시 사하구 낙동대로 182,True,0.032520325203252036,,,,,,,,,,,
A10022434,e편한세상송도더퍼스트비치,서구,암남동,1302.0,2024-08-09,2,1475.0,1.1328725038402458,46.0,114.0,126.0,3,35.0755106315152,129.015072978936,부산광역시 서구 충무대로21번길 9,True,0.0967741935483871,579100000.0,22574794.827400632,0.0009506524933022842,-0.01894067796610166,0.07739534883720922,674155000.0,-0.0572642789862865,521000000.0,0.21986564299424183,52.0,False
A10022509,명장일양타운,동래구,명장동,149.0,1992-02-08,34,107.0,0.7181208053691275,2.0,4.0,4.0,5,35.2077681885416,129.105708677327,부산광역시 동래구 명장로63번다길 6,True,0.026845637583892617,200000000.0,7849666.983824928,,,,310000000.0,-0.3548387096774194,200000000.0,0.0,1.0,True
A10022519,해운대역푸르지오더원,해운대구,우동,351.0,2024-06-14,2,421.0,1.1994301994301995,1.0,1.0,1.0,1,35.16359002882,129.160634799185,부산광역시 해운대구 구남로11번길 30,True,0.002849002849002849,900000000.0,34969069.44598162,,,,900000000.0,0.0,900000000.0,0.0,1.0,True
A10022541,에코델타스마트시티수자인,강서구,강동동,554.0,2024-06-28,2,989.0,1.7851985559566788,2.0,2.0,3.0,2,35.1396035183419,128.916467746097,부산광역시 강서구 에코중앙1로 33,True,0.005415162454873646,,,,,,,,,,,
A10022543,동원맨션,북구,만덕동,277.0,1988-04-20,38,142.0,0.5126353790613718,0.0,1.0,2.0,4,35.208669843027,129.035615074414,부산광역시 북구 덕천로276번길 5,True,0.007220216606498195,,,,,,210000000.0,0.0,178000000.0,0.1797752808988764,0.0,True
A10022565,거제미소지움더퍼스트,연제구,거제동,192.0,2024-05-31,2,261.0,1.359375,1.0,1.0,3.0,2,35.1914725516544,129.077398339259,부산광역시 연제구 거제대로 275,True,0.015625,,,,,-0.023336795618092543,703230000.0,-0.05151941754475775,635000000.0,0.050393700787401574,0.0,True
A10022568,해운대경동리인뷰2차,해운대구,우동,632.0,2024-06-04,2,812.0,1.2848101265822784,1.0,1.0,5.0,2,35.1628612447531,129.160202145981,부산광역시 해운대구 구남로 21,True,0.007911392405063292,855000000.0,33202984.797116406,,-0.15887850467289721,0.0620458356623812,1083000000.0,-0.21052631578947367,855000000.0,0.0,1.0,True
A10022574,초읍하늘채포레스원,부산진구,초읍동,756.0,2024-05-29,2,1065.0,1.4087301587301588,6.0,9.0,17.0,2,35.1799954195609,129.050684168448,부산광역시 부산진구 성지로 117,True,0.022486772486772486,690000000.0,26800090.39292675,0.078125,-0.039017341040462394,0.1075441412520064,692000000.0,-0.0028901734104046506,610000000.0,0.13114754098360648,3.0,False
A10022575,광안포디움프레스티지,수영구,광안동,162.0,2023-11-23,2,154.0,0.9506172839506173,0.0,1.0,2.0,2,35.1504646660951,129.115012161536,부산광역시 수영구 광남로 96,True,0.012345679012345678,,,,,,,,,,,
A10022581,힐스테이트대연센트럴,남구,대연동,449.0,2024-05-13,2,,,7.0,20.0,34.0,3,35.1379415801896,129.083806234721,부산광역시 남구 진남로 95,True,0.0757238307349666,860000000.0,33432878.01947306,0.026559236048940615,,0.1298044504383007,890000000.0,0.0,331000000.0,1.688821752265861,5.0,False
A10022583,상우다솜,부산진구,개금동,152.0,2023-07-25,3,76.0,0.5,0.0,0.0,0.0,1,35.1507173413261,129.017296949614,부산광역시 부산진구 가야대로406번길 15-4,True,0.0,,,,,,,,,,,
A10022591,사직하늘채리센티아,동래구,사직동,690.0,2024-05-23,2,756.0,1.0956521739130434,7.0,20.0,43.0,2,35.2017861162457,129.060970332304,부산광역시 동래구 사직북로48번길 77,True,0.06231884057971015,737500000.0,28667437.577903636,-0.0033783783783783994,0.020689655172413834,0.10227272727272729,762500000.0,-0.016393442622950838,530000000.0,0.4150943396226414,15.0,False
A10022618,경원골든,북구,구포동,129.0,1993-09-18,32,55.0,0.4263565891472868,0.0,1.0,2.0,2,35.1981261997561,129.012623233598,부산광역시 북구 모분재로149번길 27,True,0.015503875968992248,,,,0.11764705882352944,,124000000.0,-0.2338709677419355,85000000.0,0.11764705882352944,1.0,True
A10022622,남천파크,수영구,남천동,130.0,1983-11-22,42,75.0,0.5769230769230769,0.0,0.0,2.0,2,35.1403319628361,129.107948064073,부산광역시 수영구 수영로384번길 7,True,0.015384615384615385,,,,,-0.022727272727272707,875000000.0,-0.2628571428571429,468000000.0,0.3782051282051282,0.0,True
A10022634,낙민역삼정그린코아더시티,동래구,낙민동,232.0,2024-03-22,2,230.0,0.9913793103448276,2.0,5.0,7.0,2,35.200585543731,129.088145668527,부산광역시 동래구 충렬대로 264,True,0.03017241379310345,,,,,,,,,,,
A10022650,범일퀸즈W에디션,동구,범일동,54.0,2023-03-28,3,,,0.0,0.0,1.0,1,35.1373203821136,129.056110597541,부산광역시 동구 중앙대로 493,True,0.018518518518518517,,,,,,,,,,,
A10022696,에코델타호반써밋스마트시티,강서구,강동동,526.0,2024-03-13,2,737.0,1.4011406844106464,0.0,0.0,2.0,1,35.1397424250911,128.907495574458,부산광역시 강서구 에코대로 243,True,0.0038022813688212928,,,,,-0.0953846153846154,650000000.0,-0.0953846153846154,538000000.0,0.09293680297397766,0.0,True
A10022733,서면동원시티비스타,부산진구,부전동,176.0,2024-02-28,2,186.0,1.0568181818181819,1.0,2.0,4.0,1,35.1621579956415,129.061686371153,부산광역시 부산진구 중앙대로783번길 11,True,0.022727272727272728,,,,,,,,,,,
A10022830,안락스위첸,동래구,안락동,220.0,2024-01-16,2,281.0,1.2772727272727273,2.0,2.0,11.0,2,35.194760255017,129.10351381409,부산광역시 동래구 연안로59번길 90,True,0.05,558000000.0,21718118.959272686,,-0.016306743058616124,-0.018655097613882843,599000000.0,-0.08180300500834725,550000000.0,0.0,2.0,True
A10022835,국제금융센터퀸즈W,남구,문현동,256.0,2023-12-29,2,299.0,1.16796875,1.0,3.0,5.0,2,35.1443426122039,129.067567312634,부산광역시 남구 전포대로 84-1,True,0.01953125,540000000.0,20967172.60854218,0.009345794392523255,0.020793950850661602,-0.07826086956521738,600000000.0,-0.09999999999999998,500000000.0,0.08000000000000007,3.0,False
A10022844,롯데캐슬라센트,부산진구,부암동,2195.0,2025-02-06,1,2387.0,1.0874715261958998,18.0,42.0,71.0,4,35.1705243127939,129.035161562272,부산광역시 부산진구 백양순환로 75,True,0.03234624145785877,562500000.0,21889740.566037733,-0.030172413793103425,-0.06175869120654398,-0.0204770952079375,629500000.0,-0.11834789515488486,555000000.0,0.0,19.0,False
A10022847,대연비치,남구,대연동,1384.0,2025-05-23,1,1807.0,1.305635838150289,11.0,24.0,73.0,6,35.1358668649776,129.110083623465,부산광역시 남구 황령대로 504,True,0.052745664739884394,1577000000.0,61278631.077701315,0.010897435897435859,0.09685314685314683,0.08609022556390977,1577000000.0,0.0,516150000.0,2.055313377894023,3.0,False
A10022855,힐스테이트남천더퍼스트,수영구,남천동,217.0,2023-12-28,2,246.0,1.1336405529953917,2.0,2.0,6.0,2,35.1406179057688,129.105927193732,부산광역시 수영구 수영로 377,True,0.027649769585253458,880000000.0,34383669.17795325,,0.03529411764705892,,880000000.0,0.0,626790000.0,0.4039790041321656,1.0,True
A10022868,테넌바움294,수영구,민락동,294.0,2023-11-27,2,368.0,1.251700680272109,16.0,49.0,81.0,1,35.1569571883719,129.129031951673,부산광역시 수영구 광안해변로 323,True,0.2755102040816326,1135000000.0,44215232.345409736,0.022522522522522515,-0.1082423038728898,-0.0020661157024793875,1515000000.0,-0.19801980198019797,985000000.0,0.23350253807106602,49.0,False
A10022890,레이카운티(4단지),연제구,거제동,4470.0,2023-11-29,2,5335.0,1.1935123042505593,48.0,124.0,332.0,6,35.1899959215514,129.066108752828,부산광역시 연제구 아시아드대로 39,True,0.07427293064876958,1015000000.0,39486667.429010645,-0.024038461538461564,0.10036178480503821,0.09526372443487618,1079000000.0,-0.059314179796107536,630000000.0,0.6111111111111112,63.0,False
A10022905,포레나부산덕천2차,북구,덕천동,795.0,2023-11-29,2,889.0,1.1182389937106918,9.0,26.0,47.0,3,35.2135475612397,129.015417583227,부산광역시 북구 만덕대로 101,True,0.05911949685534591,689000000.0,26801532.863321256,0.029895366218236186,0.021068472535741067,,693000000.0,0.0,657000000.0,0.0547945205479452,7.0,False
A10022984,서면롯데캐슬엘루체,부산진구,부전동,450.0,2023-09-27,2,796.0,1.768888888888889,4.0,8.0,13.0,1,35.1558216840151,129.052378769375,부산광역시 부산진구 신천대로126번길 42,True,0.028888888888888888,673500000.0,26214711.295408063,-0.00955882352941173,-0.016788321167883202,,740000000.0,-0.08108108108108103,600000000.0,0.1333333333333333,8.0,False
A10022999,대연푸르지오클라센트1단지,남구,대연동,1057.0,2024-08-09,2,1132.0,1.0709555345316935,18.0,43.0,95.0,3,35.1290634154305,129.085064400067,부산광역시 남구 유엔로 81,True,0.08987701040681173,718000000.0,27877885.121087726,0.007719298245614015,0.00034965034965028785,0.00917431192660545,750000000.0,-0.07999999999999996,663000000.0,0.040723981900452566,10.0,False
A10023018,연산삼성타워맨션,연제구,연산동,149.0,1990-07-19,36,118.0,0.7919463087248322,1.0,1.0,2.0,2,35.1791739210374,129.088963965581,부산광역시 연제구 쌍미천로 70,True,0.013422818791946308,153000000.0,5943496.174220129,,0.05517241379310356,,220000000.0,-0.30454545454545456,145000000.0,0.05517241379310356,1.0,True
A10023021,서면비스타동원,부산진구,당감동,806.0,2024-04-11,2,954.0,1.183622828784119,12.0,21.0,49.0,2,35.1576900980268,129.038333034922,부산광역시 부산진구 마철로 114,True,0.060794044665012405,550000000.0,21353167.268829904,0.02135561745589598,0.0027855153203342198,0.010289990645462987,560000000.0,0.0,500000000.0,0.1200000000000001,6.0,False
A10023025,이안동래센트럴시티,동래구,온천동,257.0,2023-07-26,3,321.0,1.2490272373540856,1.0,6.0,12.0,2,35.2177935638875,129.081836762857,부산광역시 동래구 온천장로65번길 10,True,0.04669260700389105,,,,,,,,,,,
A10023040,양정포레힐즈스위첸1단지,부산진구,양정동,1338.0,2023-08-31,3,1566.0,1.1704035874439462,23.0,44.0,130.0,4,35.1723960004205,129.079723130345,부산광역시 부산진구 양연로 36,True,0.09715994020926756,743000000.0,28853474.072202146,-0.025573770491803316,0.019450033534540667,0.04105775922059851,783000000.0,-0.048531289910600295,324000000.0,1.299382716049383,26.0,False
A10023102,비스타동원더비치테라스,서구,암남동,295.0,2023-10-10,2,358.0,1.2135593220338983,2.0,6.0,10.0,3,35.0750323899772,129.014085049118,부산광역시 서구 암남공원로 16,True,0.03389830508474576,553000000.0,21552986.63995918,0.022181146025878062,0.08316831683168324,-0.037735849056603765,625000000.0,-0.11519999999999997,472500000.0,0.17037037037037028,2.0,True
A10023104,사상중흥에스-클래스그랜드센트럴,사상구,덕포동,1572.0,2023-12-20,2,1667.0,1.0604325699745547,21.0,52.0,97.0,4,35.1716317464552,128.983687212587,부산광역시 사상구 사상로 300,True,0.06170483460559797,615000000.0,23887121.43414534,-0.046511627906976716,-0.0078125,-0.03759398496240607,740000000.0,-0.18918918918918914,600000000.0,0.0,16.0,False
A10023114,연제SKVIEWCentral,연제구,연산동,405.0,2023-07-07,3,490.0,1.2098765432098766,5.0,13.0,34.0,2,35.1812283023575,129.078532927441,부산광역시 연제구 중앙천로 81-12,True,0.08395061728395062,,,,,,,,,,,
A10023141,더샵온천헤리티지,동래구,온천동,206.0,2023-06-30,3,247.0,1.1990291262135921,2.0,2.0,11.0,3,35.2225699394053,129.082427927275,부산광역시 동래구 온천장로119번길 56,True,0.05339805825242718,600000000.0,23342587.844170544,,-0.0066225165562914245,-0.0049586776859503745,637000000.0,-0.058084772370486704,570000000.0,0.05263157894736836,1.0,True
A10023165,엘지,금정구,부곡동,134.0,1999-09-21,26,164.0,1.2238805970149254,0.0,0.0,3.0,2,35.2275206819012,129.091142999821,부산광역시 금정구 부곡로 125,True,0.022388059701492536,,,,,0.0714285714285714,490000000.0,-0.12244897959183676,338000000.0,0.2721893491124261,0.0,True
A10023208,두산위브더제니스하버시티,동구,범일동,2040.0,2023-05-25,3,2247.0,1.1014705882352942,11.0,28.0,79.0,3,35.1326704859309,129.057266019849,부산광역시 동구 범일로 21,True,0.03872549019607843,645000000.0,25110054.94089962,-0.01526717557251911,-0.0444444444444444,-0.026119402985074647,800000000.0,-0.20625000000000004,420000000.0,0.5119047619047619,10.0,False
A10023295,사상역봄여름가을겨울,사상구,괘법동,150.0,2023-01-27,3,214.0,1.4266666666666667,5.0,6.0,8.0,1,35.1610607785455,128.98768293123,부산광역시 사상구 사상로170번길 34,True,0.05333333333333334,,,,,,,,,,,
A10023300,감만우성스마트시티뷰,남구,감만동,224.0,2023-03-24,3,250.0,1.1160714285714286,0.0,2.0,5.0,4,35.1195463333865,129.08122794053,부산광역시 남구 우암로104번길 20,True,0.022321428571428572,,,,,0.0821596244131455,461000000.0,0.0,426000000.0,0.0821596244131455,0.0,True
A10023308,시청역삼정그린코아포레스트,연제구,연산동,160.0,2023-04-27,3,161.0,1.00625,0.0,3.0,5.0,3,35.1814416585343,129.073295264769,부산광역시 연제구 거제천로 82,True,0.03125,,,,,,570000000.0,0.0,570000000.0,0.0,0.0,True
A10023405,쌍용더플래티넘거제아시아드,연제구,거제동,482.0,2023-01-30,3,581.0,1.2053941908713692,2.0,8.0,29.0,3,35.1860667163788,129.069078260326,부산광역시 연제구 아시아드대로 7,True,0.06016597510373444,783000000.0,30468722.36306821,0.0006389776357826893,-0.005398539218799625,0.10749646393210743,817500000.0,-0.04220183486238527,512130000.0,0.5289086755316033,3.0,False
A10023407,대원플러스빌,부산진구,양정동,72.0,2004-06-02,22,67.0,0.9305555555555556,0.0,0.0,0.0,2,35.1730950013296,129.070095956115,부산광역시 부산진구 동평로 416,True,0.0,,,,,,290000000.0,-0.10344827586206895,220000000.0,0.18181818181818188,0.0,True
A10023409,이진젠시티개금,부산진구,개금동,736.0,2023-01-26,3,954.0,1.296195652173913,3.0,10.0,47.0,3,35.1536845951425,129.02625480982,부산광역시 부산진구 가야대로 497,True,0.06385869565217392,,,,0.07362204724409449,0.021484375,697000000.0,-0.04375896700143467,600000000.0,0.11083333333333334,3.0,False
A10023417,더샵동래,동래구,온천동,603.0,2023-01-19,3,776.0,1.286898839137645,1.0,9.0,35.0,2,35.2148587237127,129.079964263796,부산광역시 동래구 온천장로 38,True,0.05804311774461028,695000000.0,27019608.212735675,-0.03472222222222221,-0.035775127768313486,0.042348754448398473,760000000.0,-0.08552631578947367,496630000.0,0.39943217284497523,9.0,False
A10023420,남천자이,수영구,남천동,913.0,2023-01-19,3,1304.0,1.4282584884994523,6.0,16.0,43.0,6,35.1401914569438,129.112924625666,부산광역시 수영구 남천동로 46,True,0.047097480832420595,1645000000.0,63873164.69314328,0.07868852459016384,0.07862190812720837,0.08655077767612074,1770000000.0,0.0,785000000.0,1.2547770700636942,10.0,False
A10023423,협성루에나센텀,해운대구,재송동,152.0,2023-01-16,3,172.0,1.131578947368421,1.0,3.0,7.0,2,35.1881308147964,129.121204405489,부산광역시 해운대구 재송1로 5,True,0.046052631578947366,,,,,,,,,,,
A10023436,데시앙해링턴플레이스파크시티,남구,용호동,1725.0,2023-05-25,3,1760.0,1.0202898550724637,21.0,38.0,96.0,3,35.1126137352917,129.113230004297,부산광역시 남구 용주로 36,True,0.05565217391304348,547500000.0,21308813.12735828,0.06310679611650483,-0.011441647597253968,-0.03081732916480573,605000000.0,-0.0826446280991735,496500000.0,0.1178247734138973,7.0,False
A10023440,힐스테이트사하역,사하구,괴정동,1314.0,2022-12-28,3,1566.0,1.1917808219178083,10.0,28.0,75.0,2,35.0980414493449,128.97932578032,부산광역시 사하구 괴정로 166,True,0.05707762557077625,597750000.0,23220873.91191072,0.0012562814070351536,-0.02966273872409586,0.016666666666666607,627500000.0,-0.07569721115537853,532500000.0,0.08920187793427226,27.0,False
A10023494,시민공원삼정그린코아더베스트,부산진구,부암동,450.0,2022-12-09,3,502.0,1.1155555555555556,10.0,13.0,36.0,3,35.1660600067515,129.049834042261,부산광역시 부산진구 동평로 176,True,0.08,455000000.0,17742795.05446914,-0.0714285714285714,-0.0117647058823529,0.0108108108108107,490000000.0,-0.042857142857142816,440000000.0,0.06590909090909092,6.0,False
A10023518,경동리인,수영구,광안동,137.0,2022-01-25,4,153.0,1.1167883211678833,1.0,3.0,6.0,3,35.1524006249625,129.11654341369,,True,0.043795620437956206,,,,,,,,,,,
A10023526,힐스테이트연산,연제구,연산동,1651.0,2021-11-30,4,1869.0,1.1320411871592975,20.0,39.0,134.0,4,35.173358042705,129.088891402581,부산광역시 연제구 봉수로 2,True,0.08116293155663235,622250000.0,24175841.517853554,0.020081967213114726,-0.006085192697768749,0.0696560731388769,629000000.0,-0.024642289348171698,539500000.0,0.13716404077849864,16.0,False
A10023533,오션파라곤아파트,남구,문현동,662.0,2022-11-04,3,743.0,1.1223564954682779,2.0,18.0,38.0,2,35.1298403579976,129.068032658048,부산광역시 남구 우암로 300,True,0.05740181268882175,,,,,,,,,,,
A10023542,해운대센트럴푸르지오,해운대구,우동,548.0,2023-01-20,3,603.0,1.1003649635036497,3.0,6.0,28.0,1,35.1646359363932,129.161319140252,부산광역시 해운대구 해운대로 650,True,0.051094890510948905,1038000000.0,40300530.375404134,0.007766990291262044,0.10146471371504662,0.10632183908045967,1260000000.0,-0.17619047619047623,800000000.0,0.2975000000000001,6.0,False
A10023544,센트럴스타힐스,사상구,괘법동,874.0,2022-11-04,3,791.0,0.9050343249427918,8.0,16.0,48.0,2,35.1641703820883,128.981914602925,부산광역시 사상구 사상로223번길 23,True,0.05491990846681922,540000000.0,21012614.643740665,-0.031824294038547696,0.026365348399246757,-0.03139013452914796,605500000.0,-0.10817506193228732,374000000.0,0.44385026737967914,5.0,False
A10023571,주례롯데캐슬골드스마트,사상구,주례동,998.0,2022-10-27,3,1160.0,1.1623246492985972,8.0,23.0,59.0,3,35.1523287221475,128.996756992175,부산광역시 사상구 가야대로255번길 5,True,0.05911823647294589,570000000.0,22161794.056727596,-0.022549944268198563,-0.02212765957446805,-0.03862324814509477,680000000.0,-0.16911764705882348,546000000.0,0.0347985347985349,20.0,False
A10023607,더샵남천프레스티지,수영구,남천동,975.0,2022-09-26,3,1167.0,1.196923076923077,7.0,22.0,58.0,4,35.1423137657431,129.105669413733,부산광역시 수영구 수영로 389,True,0.059487179487179485,1220000000.0,47855307.23202335,-0.09293680297397766,0.11158798283261806,0.1369509043927648,1350000000.0,-0.09629629629629632,650000000.0,0.8769230769230769,9.0,False
A10023616,래미안어반파크2단지,부산진구,연지동,2616.0,2022-09-29,3,3191.0,1.2198012232415902,27.0,66.0,143.0,7,35.17424270798,129.054541548223,부산광역시 부산진구 성지로 37,True,0.05466360856269113,768000000.0,29837532.375794675,0.011191573403555033,0.015231788079470121,0.030067567567567677,850000000.0,-0.08823529411764708,630000000.0,0.23015873015873023,41.0,False
A10023625,e편한세상시민공원1단지,부산진구,전포동,1401.0,2022-09-29,3,1667.0,1.1898643825838686,21.0,56.0,119.0,5,35.1653348393502,129.070049332342,부산광역시 부산진구 진남로 460,True,0.08493932905067808,762000000.0,29602474.99576199,0.012624584717608078,0.0295918367346939,0.06737588652482263,787000000.0,-0.031766200762388785,530000000.0,0.4377358490566037,23.0,False
A10023627,가야롯데캐슬골드아너,부산진구,가야동,935.0,2022-09-29,3,1360.0,1.4545454545454546,15.0,31.0,82.0,3,35.1532102220527,129.030537782842,부산광역시 부산진구 가야대로 538,True,0.0877005347593583,827500000.0,32131729.642341293,0.009146341463414531,0.0015243902439023849,0.03797468354430378,837500000.0,-0.017910447761193993,745000000.0,0.10402684563758391,8.0,False
A10023635,대연삼정그린코아더베스트,남구,대연동,337.0,2022-08-12,4,367.0,1.089020771513353,3.0,8.0,17.0,2,35.145390567356,129.09628762855,부산광역시 남구 수영로325번길 159-30,True,0.050445103857566766,,,,,,,,,,,
A10023647,센텀KCC스위첸,해운대구,반여동,638.0,2022-08-29,4,732.0,1.1473354231974922,10.0,20.0,41.0,3,35.1957283041092,129.121810026548,부산광역시 해운대구 반여로 42,True,0.06426332288401254,655000000.0,25500117.61168562,0.015503875968992276,-0.019238023387400993,0.014637904468412843,732000000.0,-0.1297814207650273,608000000.0,0.047697368421052655,15.0,False
A10023684,포레나부산덕천1차,북구,덕천동,636.0,2022-08-23,4,729.0,1.1462264150943395,12.0,34.0,59.0,3,35.2127277626499,129.012184959816,부산광역시 북구 만덕대로 81,True,0.09276729559748427,691000000.0,26836183.12579218,-0.03356643356643352,-0.007092198581560294,0.0807692307692307,795000000.0,-0.13081761006289305,650000000.0,0.06307692307692303,3.0,False
A10023692,웨이브리즈,기장군,기장읍청강리,728.0,2022-08-22,4,880.0,1.2087912087912087,10.0,17.0,39.0,1,35.2327721439094,129.220605306016,부산광역시 기장군 대변로 43,True,0.05357142857142857,,,,,,,,,,,
A10023704,대신해모로센트럴아파트,서구,서대신동2가,733.0,2022-07-29,4,800.0,1.0914051841746248,14.0,26.0,59.0,5,35.1113590671005,129.011559245152,부산광역시 서구 대티로 178,True,0.08049113233287858,645000000.0,25057626.065110978,0.023809523809523725,0.0625,-0.022257551669316422,652000000.0,-0.010736196319018454,550000000.0,0.17272727272727262,7.0,False
A10023708,화명플리체비스타동원,북구,화명동,447.0,2022-07-12,4,469.0,1.0492170022371365,7.0,17.0,35.0,4,35.2426989387134,129.018175856845,부산광역시 북구 대천천길 109,True,0.07829977628635347,495250000.0,19289965.901083633,-0.0475961538461539,0.007766990291262044,-0.022684310018903586,560000000.0,-0.13124999999999998,460000000.0,0.05760869565217397,8.0,False
A10023711,이안오션파크W,남구,우암동,155.0,2022-07-12,4,164.0,1.0580645161290323,0.0,3.0,5.0,3,35.1254183364363,129.08026087482,부산광역시 남구 우암로154번길 25,True,0.03225806451612903,,,,-0.07674418604651168,0.008536585365853666,430000000.0,-0.07674418604651168,380000000.0,0.044736842105263186,1.0,True
A10023725,백양산베스티움에코포레,북구,만덕동,593.0,2022-04-25,4,597.0,1.0067453625632379,6.0,13.0,20.0,2,35.2071617886075,129.043239180592,부산광역시 북구 상리로 86,True,0.03372681281618887,311750000.0,12109746.063471772,-0.025781249999999978,-0.05970149253731338,0.027732463295269127,360000000.0,-0.12777777777777777,268000000.0,0.17164179104477606,8.0,False
A10023733,청학우성스마트시티뷰,영도구,청학동,262.0,2022-05-24,4,293.0,1.118320610687023,5.0,9.0,17.0,1,35.0913955184756,129.066473211771,부산광역시 영도구 태종로 405,True,0.0648854961832061,,,,,,,,,,,
A10023750,e편한세상서면더센트럴,부산진구,범천동,998.0,2022-06-24,4,1020.0,1.0220440881763526,14.0,37.0,75.0,3,35.1520548371687,129.049897995425,부산광역시 부산진구 신암로 133,True,0.07515030060120241,587500000.0,22809467.561437026,-0.03609515996718626,0.015086206896551824,0.0981308411214954,616500000.0,-0.08353609083536095,380000000.0,0.48684210526315796,17.0,False
A10023781,힐스테이트명륜트라디움,동래구,명륜동,874.0,2022-05-26,4,1085.0,1.2414187643020596,5.0,8.0,34.0,2,35.214463197331,129.082846682152,부산광역시 동래구 동래로57번길 94,True,0.038901601830663615,1030000000.0,40020769.82582311,0.037783375314861534,0.06610922393519725,0.10502793296089385,1060000000.0,-0.02358490566037741,790000000.0,0.3101265822784811,6.0,False
A10023790,힐스테이트이진베이시티아파트,서구,암남동,1368.0,2022-05-24,4,2224.0,1.6257309941520468,7.0,20.0,44.0,3,35.0787637032665,129.022924973587,부산광역시 서구 송도해변로 192,True,0.03216374269005848,718750000.0,28003605.567481026,0.02678571428571419,0.007194244604316502,0.003597122302158251,810000000.0,-0.16049382716049387,561000000.0,0.21212121212121215,8.0,False
A10023796,서면스위트엠골드에비뉴,부산진구,범천동,225.0,2022-05-20,4,252.0,1.12,3.0,4.0,15.0,2,35.1441134592125,129.059733032344,부산광역시 부산진구 범일로 158,True,0.06666666666666667,,,,,,,,,,,
A10023802,광안비치올리브씨,수영구,광안동,175.0,2021-03-19,5,196.0,1.12,2.0,2.0,5.0,1,35.1543731056062,129.118257500491,,True,0.02857142857142857,,,,,,,,,,,
A10023837,부산오션시티푸르지오,영도구,동삼동,846.0,2022-04-28,4,937.0,1.107565011820331,4.0,10.0,25.0,2,35.0685254126271,129.084094589982,부산광역시 영도구 동삼오션로 30,True,0.02955082742316785,392250000.0,15244078.37170384,-0.029084158415841554,-0.019631901840490795,-0.027946537059538312,521250000.0,-0.2613908872901679,380000000.0,0.013157894736842035,10.0,False
A10023872,대연양우내안애퍼스트,남구,문현동,560.0,2022-02-28,4,699.0,1.2482142857142857,10.0,30.0,90.0,2,35.1347343005461,129.078070055216,부산광역시 남구 수영로 117,True,0.16071428571428573,634000000.0,24630852.80088529,0.02922077922077926,0.029975020815986575,0.06842105263157894,649500000.0,0.0,435000000.0,0.49310344827586206,20.0,False
A10023895,센텀마티안,해운대구,우동,199.0,2022-09-06,4,278.0,1.3969849246231156,1.0,5.0,14.0,2,35.1699868835685,129.140379425869,부산광역시 해운대구 해운대로469번길 181,True,0.07035175879396985,725000000.0,28167571.44320393,,,,725000000.0,0.0,625000000.0,0.15999999999999992,1.0,True
A10023896,시민공원일동미라주시티,부산진구,부암동,250.0,2022-01-28,4,203.0,0.812,3.0,8.0,13.0,2,35.1674655526331,129.04994570909,부산광역시 부산진구 동평로 192,True,0.052,,,,,,,,,,,
A10023912,일광한신더휴센트럴포레2단지,기장군,일광읍삼성리,1298.0,2020-06-19,6,1574.0,1.2126348228043142,5.0,11.0,33.0,3,35.2623212335079,129.220342194822,부산광역시 기장군 해빛3로 62,True,0.025423728813559324,450000000.0,17483526.044567097,-0.04255319148936165,-0.005376344086021501,0.006493506493506551,670000000.0,-0.32835820895522383,434250000.0,0.03626943005181338,6.0,False
A10023928,사하코오롱하늘채,사하구,신평동,969.0,2021-12-31,4,1042.0,1.0753353973168214,12.0,31.0,66.0,3,35.09221648435,128.968189299826,부산광역시 사하구 신산북로 41,True,0.06811145510835913,339250000.0,13187281.124881174,0.04868624420401857,-0.07306590257879653,-0.061111111111111116,385000000.0,-0.0714285714285714,303000000.0,0.17986798679867988,10.0,False
A10023929,쌍용더플래티넘해운대,해운대구,중동,152.0,2022-02-11,4,182.0,1.1973684210526316,0.0,1.0,9.0,1,35.1639261039813,129.165163060169,부산광역시 해운대구 중동2로24번길 24,True,0.05921052631578947,,,,0.021582733812949728,0.0725190839694656,870000000.0,-0.1839080459770115,620000000.0,0.14516129032258074,1.0,True
A10023933,한진스카이뷰,부산진구,양정동,96.0,2015-03-03,11,140.0,1.4583333333333333,2.0,4.0,7.0,2,35.1726563650553,129.067962596731,부산광역시 부산진구 거제대로 46,True,0.07291666666666667,,,,,,,,,,,
A10023958,광안KCC스위첸하버뷰,수영구,민락동,294.0,2021-11-30,4,315.0,1.0714285714285714,5.0,7.0,14.0,2,35.1536707998335,129.126148468245,,True,0.047619047619047616,,,,,,,,,,,
A10023963,부산항일동미라주더오션(1지구),동구,좌천동,546.0,2021-12-30,4,650.0,1.1904761904761905,6.0,13.0,26.0,3,35.13172851113,129.05245707811,부산광역시 동구 자성로 2,True,0.047619047619047616,520000000.0,20217491.193138305,0.016617790811339184,0.019607843137254832,-0.04629629629629628,570000000.0,-0.08771929824561409,450000000.0,0.15555555555555545,3.0,False
A10023969,괴정한신더휴,사하구,괴정동,835.0,2022-06-10,4,902.0,1.0802395209580837,10.0,21.0,50.0,4,35.1076784658799,128.998897634279,부산광역시 사하구 사리로 106,True,0.059880239520958084,500000000.0,19444477.17925451,-0.017199017199017175,0.011094301563288056,0.019659026021698445,560000000.0,-0.1071428571428571,450000000.0,0.11111111111111116,9.0,False
A10023975,동래래미안아이파크,동래구,온천동,3853.0,2022-06-14,4,4277.0,1.1100441214637944,24.0,63.0,235.0,6,35.2108185382833,129.071308200134,부산광역시 동래구 충렬대로107번길 65,True,0.06099143524526343,992500000.0,37982439.08050433,-0.007499999999999951,0.028277634961439535,0.10371602884082076,1060000000.0,-0.0778301886792453,770000000.0,0.26948051948051943,25.0,False
A10024005,동래3차SKVIEW,동래구,온천동,999.0,2021-12-06,4,1148.0,1.1491491491491492,12.0,34.0,106.0,3,35.2164407285619,129.07979446266,부산광역시 동래구 온천장로65번길 9,True,0.1061061061061061,580000000.0,22549215.961169165,0.016652059596844904,0.07011070110701101,0.029629629629629672,595000000.0,-0.025210084033613467,394300000.0,0.4709611970580776,18.0,False
A10024057,남천우성스마트시티뷰,수영구,남천동,97.0,2020-04-24,6,107.0,1.1030927835051547,0.0,2.0,4.0,1,35.1378286101295,129.109373589311,부산광역시 수영구 황령대로509번길 9,True,0.041237113402061855,,,,-0.0030000000000000027,0.03626943005181338,650000000.0,-0.24615384615384617,472000000.0,0.03813559322033888,2.0,True
A10024065,기장유림노르웨이숲,기장군,기장읍교리,165.0,2021-10-07,4,165.0,1.0,3.0,5.0,7.0,2,35.2521501561564,129.219536068852,부산광역시 기장군 차성로436번길 46,True,0.04242424242424243,,,,,,,,,,,
A10024113,e편한세상연산더퍼스트,연제구,연산동,455.0,2021-09-29,4,477.0,1.0483516483516484,2.0,12.0,38.0,3,35.1883228637814,129.084960712886,부산광역시 연제구 반송로 40,True,0.08351648351648351,570000000.0,22161233.81477056,-0.03389830508474578,0.004310344827586299,0.03571428571428581,640000000.0,-0.109375,510000000.0,0.11764705882352944,8.0,False
A10024165,현대아쿠아팰리스해운대,해운대구,중동,104.0,2010-04-23,16,207.0,1.9903846153846154,0.0,2.0,4.0,3,35.1622385052666,129.168549028341,부산광역시 해운대구 달맞이길 35,True,0.038461538461538464,,,,,,,,,,,
A10024189,해운대경동리인뷰1차,해운대구,중동,298.0,2021-05-27,5,430.0,1.4429530201342282,6.0,9.0,13.0,2,35.162337384701,129.167948776812,부산광역시 해운대구 달맞이길 23,True,0.0436241610738255,980000000.0,38212243.32444509,-0.06888361045130642,-0.002512562814070307,0.047368421052631504,1465000000.0,-0.30375426621160406,825000000.0,0.23636363636363633,7.0,False
A10024194,서면지원더뷰파크,부산진구,부암동,216.0,2021-07-08,5,323.0,1.4953703703703705,0.0,1.0,8.0,1,35.1655579230619,129.052353270561,부산광역시 부산진구 새싹로 99,True,0.037037037037037035,,,,0.022727272727272707,0.00917431192660545,495000000.0,-0.09090909090909094,405000000.0,0.11111111111111116,1.0,True
A10024201,리버파크반도유보라,북구,구포동,790.0,2021-06-21,5,864.0,1.0936708860759494,3.0,14.0,39.0,5,35.2042466425221,129.002397767837,부산광역시 북구 백양대로 1136,True,0.049367088607594936,535000000.0,20780220.478668936,0.06150793650793651,-0.03885291396854762,0.07537688442211055,610000000.0,-0.12295081967213117,450000000.0,0.18888888888888888,5.0,False
A10024210,공항마을리베르하임주상복합,강서구,대저2동,182.0,2021-07-09,5,216.0,1.1868131868131868,0.0,0.0,0.0,3,35.178296570476,128.955694888857,,True,0.0,,,,,,,,,,,
A10024226,삼한골든뷰에듀스테이션,금정구,부곡동,610.0,2021-06-30,5,758.0,1.2426229508196722,5.0,14.0,58.0,3,35.2308898916178,129.089724186277,부산광역시 금정구 중앙대로1629번길 16,True,0.09508196721311475,636500000.0,24761536.819574695,0.027441485068603777,0.029485049833887,0.013778705636743105,642000000.0,-0.008566978193146446,525000000.0,0.21238095238095234,9.0,False
A10024249,해운대센텀트루엘1단지,해운대구,반여동,531.0,2019-07-25,7,609.0,1.1468926553672316,4.0,15.0,40.0,3,35.207635823241,129.118658128895,부산광역시 해운대구 삼어로133번나길 17,True,0.07532956685499058,445000000.0,17278869.30185602,0.011363636363636465,0.008581235697940448,0.030444964871194413,650000000.0,-0.24615384615384617,360000000.0,0.36111111111111116,9.0,False
A10024295,우남이채롬,금정구,장전동,154.0,2005-12-15,20,,,1.0,2.0,3.0,2,35.2393541316324,129.087644301466,부산광역시 금정구 금정로 161,True,0.01948051948051948,320000000.0,12427038.222556956,,0.032258064516129004,0.032786885245901676,365000000.0,-0.12328767123287676,288000000.0,0.11111111111111116,1.0,True
A10024297,해운대메트로하이츠,해운대구,중동,145.0,2005-12-20,20,343.0,2.3655172413793104,2.0,3.0,4.0,1,35.1696542050068,129.170769549709,부산광역시 해운대구 좌동순환로8번길 78,True,0.027586206896551724,,,,,,,,,,,
A10024303,영도센트럴에일린의뜰,영도구,봉래동4가,1216.0,2021-04-29,5,1336.0,1.0986842105263157,7.0,17.0,54.0,5,35.0935638945661,129.047480684119,부산광역시 영도구 태종로 172,True,0.044407894736842105,469500000.0,18253137.027825918,-0.009911429776465641,-0.03457800511508946,-0.07246376811594202,558000000.0,-0.17562724014336917,455000000.0,0.01098901098901095,11.0,False
A10024318,이편한세상금정산,북구,만덕동,1969.0,2021-04-12,5,2085.0,1.058913153885221,20.0,39.0,83.0,3,35.2157515534228,129.038054428315,부산광역시 북구 상학로 36,True,0.042153377348908075,421500000.0,16378349.46446345,-0.0174825174825175,-0.015868436237738037,-0.018792710706150295,480000000.0,-0.14375000000000004,402500000.0,0.02111801242236022,34.0,False
A10024328,동대신역비스타동원아파트,서구,동대신동1가,503.0,2021-03-30,5,558.0,1.1093439363817097,8.0,19.0,38.0,4,35.1103728686337,129.022816608344,부산광역시 서구 보수대로154번길 29,True,0.07554671968190854,537500000.0,21008975.674004655,,0.033653846153846256,-0.020715630885122405,685000000.0,-0.25547445255474455,490000000.0,0.04081632653061229,2.0,True
A10024341,화명푸르지오헤리센트,북구,화명동,886.0,2021-03-24,5,1124.0,1.2686230248306998,10.0,30.0,65.0,4,35.2391676993315,129.016022012086,부산광역시 북구 산성로 28,True,0.07336343115124154,643500000.0,25001640.160808854,-0.0023255813953488857,0.010192081536652298,0.047579983593109,744000000.0,-0.13306451612903225,520000000.0,0.24038461538461542,15.0,False
A10024369,남산동신화하니엘,금정구,남산동,162.0,2014-01-29,12,57.0,0.35185185185185186,1.0,2.0,6.0,3,35.2718139670394,129.093186402581,부산광역시 금정구 중앙대로 2100-1,True,0.037037037037037035,,,,,,310000000.0,-0.1064516129032258,272000000.0,0.018382352941176405,0.0,True
A10024370,사상역포르투나더테라스,사상구,괘법동,234.0,2021-01-25,5,286.0,1.2222222222222223,2.0,3.0,13.0,1,35.1618516833413,128.982276322952,부산광역시 사상구 광장로 54,True,0.05555555555555555,,,,,,,,,,,
A10024372,동일,사상구,주례동,276.0,1989-02-24,37,161.0,0.5833333333333334,0.0,0.0,1.0,4,35.1535966539034,129.002854621879,부산광역시 사상구 양지로 47,True,0.0036231884057971015,,,,,,270000000.0,-0.2962962962962963,180000000.0,0.05555555555555558,0.0,True
A10024377,광안에일린의뜰,수영구,광안동,225.0,2022-01-28,4,256.0,1.1377777777777778,0.0,6.0,14.0,2,35.1575593502289,129.107697984424,부산광역시 수영구 호암로 45,True,0.06222222222222222,,,,0.1583011583011582,-0.04137931034482756,750000000.0,0.0,600000000.0,0.25,1.0,True
A10024383,사하역비스타동원,사하구,괴정동,513.0,2021-01-26,5,616.0,1.2007797270955165,3.0,10.0,26.0,2,35.1001350992794,128.98425723893,부산광역시 사하구 낙동대로 280,True,0.050682261208576995,590000000.0,22908824.802091315,0.02341717259323506,0.010273972602739656,0.03254177660510105,710000000.0,-0.16901408450704225,405000000.0,0.45679012345679015,6.0,False
A10024393,초량베스티움센트럴베이,동구,초량동,449.0,2021-08-26,5,513.0,1.1425389755011135,3.0,10.0,17.0,3,35.1244037750158,129.038362454203,부산광역시 동구 홍곡로 37,True,0.0378619153674833,559500000.0,21731224.179937147,-0.0008928571428571397,-0.02183406113537123,0.02752293577981657,778000000.0,-0.30719794344473006,508000000.0,0.061023622047243986,3.0,False
A10024394,모라역베스티움더시티,사상구,모라동,213.0,2020-12-16,5,211.0,0.9906103286384976,3.0,4.0,11.0,1,35.1905282867507,128.984131751761,부산광역시 사상구 모라로64번길 82,True,0.051643192488262914,,,,,,,,,,,
A10024430,연지보해이브더파크,부산진구,연지동,141.0,2020-06-19,6,152.0,1.0780141843971631,1.0,2.0,5.0,2,35.1699712942646,129.051240640706,부산광역시 부산진구 동평로225번길 14,True,0.03546099290780142,,,,,,,,,,,
A10024460,동래롯데캐슬퀸,동래구,명륜동,210.0,2020-12-24,5,249.0,1.1857142857142857,2.0,6.0,8.0,1,35.2049671082398,129.078985508071,부산광역시 동래구 온천천로 165,True,0.0380952380952381,702500000.0,27283927.9731638,0.12444977991196482,-0.022794117647058854,0.04724409448818889,755000000.0,-0.06953642384105962,510000000.0,0.37745098039215685,6.0,False
A10024476,일광신도시비스타동원2차,기장군,일광읍이천리,917.0,2020-12-30,5,1778.0,1.9389312977099236,7.0,15.0,32.0,2,35.2686425093774,129.230066238261,부산광역시 기장군 해송1로 33,True,0.03489640130861505,,,,,,,,,,,
A10024535,대신푸르지오2차,서구,서대신동2가,815.0,2021-01-22,5,944.0,1.158282208588957,8.0,23.0,55.0,5,35.1084567309889,129.013588861488,부산광역시 서구 고운들로 181,True,0.06748466257668712,620000000.0,24082346.08661876,0.08581436077057791,-0.0008333333333333526,-0.011943986820428298,650000000.0,0.0,500000000.0,0.30000000000000004,9.0,False
A10024590,경보그랜드비치,기장군,기장읍대변리,117.0,2018-01-25,8,,,1.0,4.0,6.0,3,35.225686921741,129.226679246008,부산광역시 기장군 무양2길 17-7,True,0.05128205128205128,370000000.0,14412096.2458909,,0.08823529411764697,-0.04054054054054057,385000000.0,-0.038961038961038974,340000000.0,0.08823529411764697,1.0,True
A10024591,롯데캐슬스타,해운대구,중동,828.0,2020-09-02,6,972.0,1.173913043478261,5.0,11.0,48.0,2,35.1647378327007,129.163520530517,부산광역시 해운대구 중동2로34번길 6,True,0.057971014492753624,1073000000.0,41659974.49959299,-0.06288209606986894,0.058711217183770925,0.018138424821002364,1306050000.0,-0.17843880402741086,910000000.0,0.17912087912087915,7.0,False
A10024602,서면아이파크1단지,부산진구,전포동,2144.0,2020-10-16,5,2342.0,1.0923507462686568,37.0,72.0,158.0,5,35.1551400379108,129.068740212481,부산광역시 부산진구 동성로 50,True,0.07369402985074627,690000000.0,26873979.095655784,-0.017094017094017144,-0.0092526690391459,0.007364828453386041,890000000.0,-0.2331460674157303,614000000.0,0.11156351791530938,24.0,False
A10024606,일광대성베르힐,기장군,일광읍삼성리,518.0,2020-09-23,5,649.0,1.252895752895753,6.0,14.0,28.0,1,35.2601632496375,129.220709688019,부산광역시 기장군 해빛5로 14,True,0.05405405405405406,425000000.0,16619779.730149288,0.00591715976331364,-0.012525487911447697,-0.005847953216374324,555000000.0,-0.26126126126126126,400000000.0,0.02499999999999991,14.0,False
A10024627,연산롯데캐슬골드포레,연제구,연산동,1230.0,2020-07-29,6,1407.0,1.1439024390243901,16.0,28.0,84.0,5,35.1741600807294,129.080915089737,부산광역시 연제구 황령산로 615,True,0.06829268292682927,745500000.0,28947739.96172524,-0.04054054054054057,0.025249169435215935,0.03287671232876721,890000000.0,-0.13314606741573032,607500000.0,0.2699588477366255,15.0,False
A10024628,온천천경동리인타워2차,동래구,수안동,176.0,2020-09-09,6,182.0,1.0340909090909092,2.0,3.0,7.0,1,35.1943298576513,129.090055718212,부산광역시 동래구 수안로8번길 38,True,0.03977272727272727,545000000.0,21180479.140499845,-0.009090909090909038,-0.0292553191489362,-0.00990099009900991,790000000.0,-0.310126582278481,386000000.0,0.41191709844559576,3.0,False
A10024664,더샵명지퍼스트월드3단지,강서구,명지동,1530.0,2020-07-28,6,1830.0,1.196078431372549,28.0,46.0,97.0,2,35.0947817266961,128.906874174632,부산광역시 강서구 명지국제2로 41,True,0.06339869281045751,570000000.0,22130192.83033519,-0.022298456260720356,-0.02904040404040409,-0.019166666666666665,900000000.0,-0.37222222222222223,500100000.0,0.12977404519096192,43.0,False
A10024675,구서역두산위브포세이돈,금정구,구서동,330.0,2020-07-29,6,411.0,1.2454545454545454,2.0,9.0,25.0,3,35.2474229076172,129.090227043923,부산광역시 금정구 금정로233번길 63,True,0.07575757575757576,,,,,,1040000000.0,0.0,1040000000.0,0.0,0.0,True
A10024682,베르디하우스,남구,대연동,85.0,2003-03-18,23,,,0.0,2.0,4.0,1,35.1357267751128,129.09357054893,부산광역시 남구 수영로249번길 3,True,0.047058823529411764,,,,,,,,,,,
A10024695,광안하이아파트,수영구,광안동,971.0,2020-08-06,6,1107.0,1.1400617919670444,13.0,28.0,54.0,5,35.1552831735431,129.109801726186,부산광역시 수영구 호암로29번길 50,True,0.055612770339855816,1050000000.0,41015625.0,0.04477611940298498,0.11357340720221609,0.11954022988505741,1445000000.0,-0.370242214532872,297000000.0,2.063973063973064,16.0,False
A10024696,협성휴포레시티즌파크,부산진구,부암동,389.0,2020-07-20,6,489.0,1.25706940874036,7.0,13.0,25.0,3,35.1663353864209,129.047379332513,부산광역시 부산진구 동평로 173,True,0.06426735218508997,474125000.0,18408657.944643445,-0.007068062827225163,-0.00524109014675056,0.044334975369458185,486000000.0,-0.025205761316872466,414000000.0,0.14432367149758463,9.0,False
A10024697,더샵명지퍼스트월드2단지,강서구,명지동,1406.0,2020-07-28,6,1690.0,1.20199146514936,15.0,34.0,69.0,2,35.0975218758561,128.905203069718,부산광역시 강서구 명지국제7로 37,True,0.04907539118065434,590000000.0,22906690.824382037,0.02164502164502169,-0.010152284263959421,-0.006342494714587699,890000000.0,-0.3033707865168539,540000000.0,0.14814814814814814,25.0,False
A10024704,문현경동리인아파트,남구,문현동,600.0,2020-07-28,6,671.0,1.1183333333333334,10.0,21.0,45.0,2,35.1409691251054,129.074276365533,부산광역시 남구 문현로 36-1,True,0.075,464000000.0,18082917.830900155,-0.05063938618925834,0.03455964325529548,0.05383734249713634,693000000.0,-0.33044733044733043,410000000.0,0.13170731707317063,5.0,False
A10024735,연지에코팰리스,부산진구,연지동,156.0,2020-05-29,6,183.0,1.1730769230769231,2.0,3.0,10.0,3,35.1714948620659,129.057902151487,부산광역시 부산진구 동평로 281,True,0.0641025641025641,,,,,,,,,,,
A10024747,양정이즈카운티,부산진구,양정동,276.0,2020-07-14,6,223.0,0.8079710144927537,2.0,9.0,20.0,2,35.1684685101507,129.0689590136,부산광역시 부산진구 양지로14번길 24,True,0.07246376811594203,,,,,,,,,,,
A10024754,가야센트레빌,부산진구,가야동,212.0,2020-06-30,6,255.0,1.2028301886792452,3.0,9.0,17.0,2,35.1529983352845,129.028942059854,부산광역시 부산진구 가야공원로 6,True,0.08018867924528301,595500000.0,23133959.381822824,-0.049481245011971264,-0.025599999999999956,0.03915789473684206,735000000.0,-0.17142857142857137,450000000.0,0.3533333333333333,5.0,False
A10024800,e편한세상동래아시아드,동래구,온천동,439.0,2020-06-26,6,450.0,1.0250569476082005,3.0,8.0,21.0,4,35.2022880869995,129.0663177188,부산광역시 동래구 아시아드대로 202,True,0.04783599088838269,790000000.0,30682142.1461365,-0.048192771084337394,0.04854368932038833,0.1206896551724137,930000000.0,-0.12903225806451613,600000000.0,0.3500000000000001,3.0,False
A10024806,해운대센텀미진이지비아아파트,해운대구,우동,184.0,2020-06-05,6,201.0,1.0923913043478262,3.0,6.0,10.0,2,35.1667701345469,129.138840488989,부산광역시 해운대구 해운대로394번길 17,True,0.05434782608695652,,,,0.1274193548387097,-0.060431654676258995,774000000.0,-0.03746770025839796,571950000.0,0.3025614127109013,2.0,True
A10024844,괴정신동아파밀리에,사하구,괴정동,150.0,2020-06-02,6,143.0,0.9533333333333334,1.0,1.0,4.0,3,35.0949702405035,128.994666221228,부산광역시 사하구 사하로142번길 38,True,0.02666666666666667,,,,,-0.006655408761299331,521000000.0,-0.42418426103646834,300000000.0,0.0,0.0,True
A10024852,서면3차봄여름가을겨울,부산진구,범천동,382.0,2020-06-05,6,468.0,1.225130890052356,6.0,11.0,30.0,4,35.1563590383624,129.047545231598,부산광역시 부산진구 가야대로 694,True,0.07853403141361257,475000000.0,18447253.21282305,,0.014957264957264904,,520000000.0,-0.09615384615384615,420000000.0,0.11904761904761907,2.0,True
A10024859,장림역베스티움2차,사하구,장림동,221.0,2020-06-04,6,229.0,1.0361990950226245,0.0,4.0,14.0,3,35.080388157739,128.973635234117,부산광역시 사하구 장림번영로 76,True,0.06334841628959276,,,,0.06508875739644981,-0.030898876404494402,418000000.0,-0.13875598086124397,320000000.0,0.125,2.0,True
A10024875,브라운스톤하이포레,서구,동대신동3가,554.0,2020-09-22,5,592.0,1.068592057761733,3.0,6.0,28.0,3,35.1184561607383,129.019216891509,부산광역시 서구 동대로19번길 32,True,0.05054151624548736,470000000.0,18259948.198728513,-0.1399817017383349,0.04648862512364005,0.04591836734693877,674000000.0,-0.3768545994065282,420000000.0,0.0,4.0,False
A10024877,가야누리애더센트리즈,부산진구,범천동,196.0,2020-05-08,6,237.0,1.2091836734693877,0.0,5.0,8.0,2,35.1481578833377,129.056232520499,부산광역시 부산진구 범천로 16,True,0.04081632653061224,,,,,,,,,,,
A10024903,센텀천일스카이원,해운대구,재송동,208.0,2020-04-16,6,226.0,1.0865384615384615,3.0,7.0,10.0,2,35.1767125728533,129.13184472747,부산광역시 해운대구 해운대로 265,True,0.04807692307692308,472000000.0,19192760.573515564,-0.09491850431447746,-0.008579599618684486,0.06666666666666665,735000000.0,-0.3578231292517007,420000000.0,0.12380952380952381,3.0,False
A10024906,일광자이푸르지오1단지,기장군,일광읍삼성리,488.0,2020-01-23,6,590.0,1.209016393442623,6.0,10.0,29.0,3,35.2662872164539,129.222305202514,부산광역시 기장군 해빛로 39-15,True,0.05942622950819672,499000000.0,19394343.404839694,-0.04907098618389705,-0.0024594195769798155,0.011442786069651767,778000000.0,-0.3791773778920309,383000000.0,0.2610966057441253,5.0,False
A10024909,일광자이푸르지오2단지,기장군,일광읍삼성리,1059.0,2020-01-23,6,1277.0,1.2058545797922569,8.0,21.0,61.0,3,35.266508511069,129.224075807701,부산광역시 기장군 해빛로 29,True,0.05760151085930123,515000000.0,20016206.11922333,-0.06702898550724634,-0.02775250227479531,0.03767286599904618,829000000.0,-0.35464414957780455,400000000.0,0.3374999999999999,17.0,False
A10024910,서면6차봄여름가을겨울,부산진구,범천동,266.0,2020-03-17,6,317.0,1.1917293233082706,1.0,9.0,15.0,4,35.1446705464633,129.0582175699,부산광역시 부산진구 중앙대로 582,True,0.05639097744360902,,,,,,400000000.0,0.0,358000000.0,0.11731843575418988,0.0,True
A10024915,충무대로봄여름가을겨울,서구,남부민동,266.0,2020-04-13,6,250.0,0.9398496240601504,2.0,3.0,11.0,2,35.0909112261454,129.023735078113,부산광역시 서구 충무대로 229,True,0.041353383458646614,,,,,,333430000.0,-0.1602435293764808,280000000.0,0.0,0.0,True
A10024919,일광신도시비스타동원1차,기장군,일광읍삼성리,701.0,2020-03-26,6,1309.0,1.8673323823109844,7.0,14.0,43.0,1,35.2686940584841,129.22713210067,부산광역시 기장군 해빛2로 24,True,0.06134094151212553,,,,,,,,,,,
A10024933,이지더원1차오션포레,기장군,일광읍삼성리,653.0,2020-03-27,6,735.0,1.125574272588055,9.0,23.0,49.0,1,35.2678015529625,129.221833789339,부산광역시 기장군 해빛4로 1,True,0.07503828483920368,,,,,,,,,,,
A10024953,포레나부산초읍,부산진구,초읍동,1113.0,2020-03-30,6,1117.0,1.0035938903863433,17.0,29.0,109.0,4,35.1758848111544,129.045748934043,부산광역시 부산진구 초연로 6,True,0.09793351302785265,547625000.0,21283095.0634019,0.019311307584923165,0.0032228360957642366,0.059941520467836185,700000000.0,-0.22642857142857142,440000000.0,0.2306818181818182,9.0,False
A10024980,해운대경보이리스오션,해운대구,중동,198.0,2020-01-31,6,200.0,1.0101010101010102,1.0,4.0,9.0,2,35.1634188364561,129.163157145961,부산광역시 해운대구 중동1로19번길 24,True,0.045454545454545456,,,,,,,,,,,
A10024982,쌍용더플래티넘사직아시아드아파트,동래구,사직동,914.0,2020-02-28,6,983.0,1.075492341356674,9.0,19.0,43.0,3,35.1962684818295,129.067245241012,부산광역시 동래구 아시아드대로134번길 14,True,0.047045951859956234,1110000000.0,43214458.67036191,0.009090909090909038,0.13188220230473746,0.10439560439560447,1222500000.0,-0.06748466257668717,396955000.0,1.8718620498545175,12.0,False
A10024998,범양레우스센트럴베이,동구,초량동,856.0,2020-02-27,6,996.0,1.1635514018691588,11.0,17.0,47.0,2,35.121213153349,129.041661018536,부산광역시 동구 초량중로 114,True,0.054906542056074766,563250000.0,21879812.246115576,-0.005298013245033095,-0.027896995708154515,0.08512628624883067,775000000.0,-0.24645161290322581,500000000.0,0.16799999999999993,12.0,False
A10024999,덕천역이즈카운티,북구,덕천동,250.0,2019-10-29,6,222.0,0.888,2.0,4.0,15.0,3,35.2121249318227,129.009822897172,부산광역시 북구 금곡대로8번길 87,True,0.06,,,,,,,,,,,
A10025042,e편한세상일광,기장군,일광읍삼성리,913.0,2020-01-23,6,1097.0,1.2015334063526835,10.0,33.0,75.0,2,35.269062848856,129.22605244534,부산광역시 기장군 해빛2로 21,True,0.08214676889375684,520000000.0,20191370.895244908,0.061224489795918435,-0.0005032712632109249,0.0035353535353535026,745000000.0,-0.30201342281879195,362900000.0,0.43290162579222935,12.0,False
A10025062,현대타워,사하구,장림동,118.0,1993-03-31,33,52.0,0.4406779661016949,0.0,2.0,6.0,2,35.0698944057329,128.977713224862,부산광역시 사하구 다대로 365,True,0.05084745762711865,,,,-0.033333333333333326,-0.05600000000000005,134000000.0,-0.13432835820895528,104500000.0,0.11004784688995217,1.0,True
A10025075,e편한세상오션테라스3단지,수영구,민락동,1038.0,2020-01-16,6,1448.0,1.394990366088632,6.0,24.0,42.0,3,35.1560922571174,129.128683849328,부산광역시 수영구 광안해변로326번길 10,True,0.04046242774566474,822500000.0,31959612.610756233,0.11601085481682505,0.06873315363881405,0.09879175550817343,1450000000.0,-0.3655172413793103,468330000.0,0.9644267930732604,14.0,False
A10025109,지원더뷰오션2차,동구,초량동,231.0,2019-12-02,6,284.0,1.2294372294372293,1.0,4.0,8.0,1,35.1230249802826,129.045447674133,부산광역시 동구 중앙대로296번길 7-10,True,0.03463203463203463,480000000.0,18640952.19490151,0.13879003558718872,-0.004705882352941226,-0.08737864077669899,645000000.0,-0.2558139534883721,400000000.0,0.19999999999999996,4.0,False
A10025131,범일역이즈,부산진구,범천동,186.0,2019-07-24,7,161.0,0.8655913978494624,2.0,4.0,13.0,2,35.1433884086598,129.058909919236,부산광역시 부산진구 범일로131번길 46,True,0.06989247311827956,,,,,,,,,,,
A10025135,시청역비스타동원,연제구,연산동,740.0,2019-12-24,6,1113.0,1.5040540540540541,10.0,20.0,60.0,1,35.1792657348573,129.076959383109,부산광역시 연제구 연제로 30,True,0.08108108108108109,625000000.0,24269379.409834567,0.012145748987854255,-0.019452163556967106,0.019512195121951237,860000000.0,-0.2558139534883721,540000000.0,0.18518518518518512,20.0,False
A10025154,명지화전우방아이유쉘,강서구,화전동,1515.0,2020-02-21,6,1600.0,1.056105610561056,2.0,4.0,7.0,1,35.1107280033447,128.885585412422,부산광역시 강서구 화전산단4로 74,True,0.0046204620462046205,,,,,,,,,,,
A10025171,구포윤창비에이치타운,북구,구포동,156.0,2018-12-28,7,189.0,1.2115384615384615,1.0,3.0,10.0,1,35.2075381767431,129.001421134333,부산광역시 북구 낙동대로1762번가길 20,True,0.0641025641025641,,,,,,,,,,,
A10025181,엘시티,해운대구,중동,882.0,2019-11-29,6,2295.0,2.6020408163265305,5.0,10.0,29.0,1,35.1613327099223,129.168013841974,부산광역시 해운대구 달맞이길 30,True,0.032879818594104306,,,,,,,,,,,
A10025212,명진파크뷰,강서구,지사동,132.0,2016-10-17,9,32.0,0.24242424242424243,1.0,1.0,6.0,1,35.1508902304509,128.831868310561,부산광역시 강서구 과학산단2로20번길 11,True,0.045454545454545456,,,,,,,,,,,
A10025214,해운대비스타동원,해운대구,우동,504.0,2019-10-30,6,542.0,1.0753968253968254,0.0,1.0,19.0,2,35.1659202892898,129.162169592708,부산광역시 해운대구 해운대로 663,True,0.037698412698412696,,,,0.0542998181345804,0.07863915225878415,1340000000.0,-0.24291044776119408,800000000.0,0.26812499999999995,1.0,True
A10025231,마린시티자이,해운대구,우동,258.0,2019-10-10,6,347.0,1.3449612403100775,0.0,1.0,8.0,1,35.1590105586735,129.143314832388,부산광역시 해운대구 마린시티1로 9,True,0.031007751937984496,,,,0.14722753346080308,0.03896103896103886,1830000000.0,-0.180327868852459,950000000.0,0.5789473684210527,1.0,True
A10025235,더 래디언트 금정산,북구,만덕동,1677.0,2019-10-15,6,1765.0,1.05247465712582,11.0,31.0,74.0,4,35.2150395342966,129.03721493208,부산광역시 북구 상학로 35,True,0.044126416219439475,426500000.0,16567981.165391404,-0.002339181286549752,0.040243902439024426,-0.008264462809917328,610000000.0,-0.3114754098360656,340000000.0,0.23529411764705888,5.0,False
A10025258,아시아드코오롱하늘채,연제구,거제동,660.0,2019-10-08,6,746.0,1.1303030303030304,1.0,1.0,9.0,1,35.1935398467592,129.064828479989,부산광역시 연제구 종합운동장로28번길 7,True,0.013636363636363636,940000000.0,36688784.01873469,,-0.024896265560165998,0.1333333333333333,1080000000.0,-0.12962962962962965,647500000.0,0.4517374517374517,1.0,True
A10025307,센텀협성,해운대구,재송동,175.0,1987-01-10,39,86.0,0.49142857142857144,0.0,1.0,2.0,2,35.1917538219764,129.123833523262,부산광역시 해운대구 해운대로81번가길 63,True,0.011428571428571429,,,,,,,,,,,
A10025321,온천삼정그린코아더베스트,동래구,온천동,340.0,2019-08-28,7,375.0,1.1029411764705883,6.0,16.0,33.0,1,35.219402538734,129.083728539108,부산광역시 동래구 중앙대로1493번길 16,True,0.09705882352941177,472500000.0,18374848.465574678,-0.05500000000000005,-0.0020366598778004397,0.01449275362318847,680000000.0,-0.3308823529411765,425000000.0,0.07058823529411762,16.0,False
A10025342,e편한세상동래명장1단지,동래구,명장동,1384.0,2019-08-05,7,1607.0,1.1611271676300579,13.0,38.0,84.0,3,35.2051196931617,129.105513244994,부산광역시 동래구 명장로 65,True,0.06069364161849711,595750000.0,23134561.07319369,0.014042553191489393,0.009450171821305808,0.06557377049180335,789000000.0,-0.22496831432192654,450000000.0,0.3588888888888888,19.0,False
A10025343,명지국제신도시삼정그린코아더베스트,강서구,명지동,431.0,2019-08-12,7,703.0,1.631090487238979,4.0,8.0,21.0,2,35.0984996440827,128.911061063793,부산광역시 강서구 명지국제3로 97,True,0.048723897911832945,459250000.0,17848751.55018355,-0.03315789473684205,-0.02750389206019721,-0.06862745098039214,830000000.0,-0.45783132530120485,440000000.0,0.022727272727272707,5.0,False
A10025349,구포2차봄여름가을겨울,북구,구포동,231.0,2019-06-18,7,258.0,1.1168831168831168,4.0,8.0,16.0,2,35.2047931217659,128.997990844812,부산광역시 북구 가람로 32,True,0.06926406926406926,,,,,,,,,,,
A10025358,남천금호어울림더비치,수영구,남천동,421.0,2019-07-19,7,506.0,1.2019002375296912,3.0,8.0,31.0,2,35.1446613305126,129.112202986279,부산광역시 수영구 남천동로 91,True,0.07363420427553444,975000000.0,37860513.279126406,0.037234042553191404,0.09410755148741412,0.08529411764705874,1230000000.0,-0.22764227642276424,700000000.0,0.3571428571428572,7.0,False
A10025359,e편한세상부산항,동구,초량동,752.0,2019-07-23,7,996.0,1.324468085106383,6.0,15.0,37.0,2,35.1230980159299,129.039977255617,부산광역시 동구 홍곡로 50,True,0.04920212765957447,635000000.0,24689976.14068161,0.020900321543408262,0.00967741935483879,0.030227743271221463,880000000.0,-0.30113636363636365,497000000.0,0.23742454728370221,11.0,False
A10025380,협성휴포레부산진역오션뷰,동구,수정동,788.0,2019-07-30,7,795.0,1.0088832487309645,5.0,15.0,28.0,3,35.1273388202404,129.046454260579,부산광역시 동구 중앙대로 357,True,0.03553299492385787,,,,,0.1227272727272728,850000000.0,-0.12823529411764711,515000000.0,0.4388349514563106,0.0,True
A10025411,동서타워,연제구,연산동,113.0,1993-06-02,33,66.0,0.584070796460177,0.0,0.0,2.0,2,35.1832955678406,129.101785491308,부산광역시 연제구 톳고개로 30,True,0.017699115044247787,,,,,0.07191780821917804,245000000.0,-0.36122448979591837,140000000.0,0.11785714285714288,0.0,True
A10025433,수영SKVIEW1단지,수영구,망미동,1147.0,2019-06-03,7,1364.0,1.1891891891891893,14.0,34.0,83.0,3,35.1767886824248,129.101455155274,부산광역시 수영구 망미배산로 56,True,0.07236268526591107,664425000.0,25800817.5858624,-0.008320895522388017,0.022900763358778553,0.03692065985860182,875000000.0,-0.2641714285714286,450000000.0,0.4307777777777777,16.0,False
A10025434,서면2차봄여름가을겨울,부산진구,당감동,535.0,2019-04-16,7,620.0,1.158878504672897,7.0,21.0,50.0,2,35.1586192511082,129.049074269119,부산광역시 부산진구 신천대로197번길 15,True,0.09345794392523364,445000000.0,17864236.901359383,0.024165707710011475,0.022674418604651247,0.023076923076922995,540000000.0,-0.1694444444444444,385000000.0,0.16493506493506493,9.0,False
A10025448,두비앙에코힐아파트,동래구,온천동,219.0,2019-06-14,7,219.0,1.0,4.0,11.0,19.0,2,35.2051234151331,129.057026342596,부산광역시 동래구 쇠미로121번길 91,True,0.0867579908675799,,,,,,,,,,,
A10025463,동래효성해링턴플레이스,동래구,온천동,762.0,2019-05-30,7,952.0,1.2493438320209973,5.0,15.0,42.0,2,35.2072259634661,129.067811034236,부산광역시 동래구 아시아드대로255번길 14,True,0.05511811023622047,640000000.0,25016785.804833435,-0.07747747747747746,0.09183673469387754,0.08200944611421201,800000000.0,-0.21250000000000002,485000000.0,0.2989690721649485,14.0,False
A10025464,온천천경동리인타워,동래구,낙민동,310.0,2019-05-30,7,344.0,1.1096774193548387,2.0,6.0,13.0,2,35.1942385765102,129.091417158695,부산광역시 동래구 수안로8번길 62,True,0.041935483870967745,575000000.0,22339640.234663352,-0.011177987962166847,-0.017094017094017144,-0.011177987962166847,813000000.0,-0.2927429274292743,520000000.0,0.10576923076923084,5.0,False
A10025468,수영SKVIEW2단지,수영구,망미동,98.0,2019-06-03,7,99.0,1.010204081632653,0.0,5.0,8.0,2,35.1767886824248,129.101455155274,부산광역시 수영구 망미배산로 56,True,0.08163265306122448,,,,,,,,,,,
A10025499,리버팰리스,사하구,장림동,154.0,2019-05-17,7,172.0,1.1168831168831168,0.0,2.0,6.0,1,35.0734210729467,128.976074584387,부산광역시 사하구 다대로 328,True,0.03896103896103896,,,,,,,,,,,
A10025508,베스티움,남구,문현동,743.0,2019-04-19,7,764.0,1.0282637954239569,16.0,32.0,69.0,3,35.1390189910716,129.070427032654,부산광역시 남구 고동골로 29,True,0.09286675639300135,610750000.0,23798095.65642468,0.020041753653444738,-0.003281378178835115,0.031847133757961776,800000000.0,-0.229375,437000000.0,0.4107551487414187,9.0,False
A10025540,삼한골든뷰센트럴파크,부산진구,범전동,1272.0,2019-05-03,7,1400.0,1.10062893081761,5.0,17.0,65.0,1,35.1651823884655,129.062929485071,부산광역시 부산진구 중앙대로 821,True,0.05110062893081761,852500000.0,33103216.207047388,0.02156980227681249,0.048151599875737805,0.10519262981574529,992000000.0,-0.10282258064516125,565000000.0,0.5752212389380531,17.0,False
A10025542,괴정어반푸르지오,사하구,괴정동,152.0,2019-02-15,7,175.0,1.1513157894736843,0.0,4.0,9.0,3,35.0984712132069,128.993446662412,부산광역시 사하구 사하로 189,True,0.05921052631578947,,,,,,,,,,,
A10025558,해운대더샵센텀그린,해운대구,반여동,464.0,2019-02-22,7,495.0,1.0668103448275863,6.0,11.0,28.0,2,35.1954857971422,129.126268119876,부산광역시 해운대구 해운대로61번길 73,True,0.0603448275862069,,,,,,,,,,,
A10025559,연산더샵,연제구,연산동,1071.0,2019-03-27,7,1144.0,1.0681605975723623,17.0,33.0,82.0,4,35.1744192055912,129.084553611316,부산광역시 연제구 연수로 130,True,0.0765639589169001,695000000.0,27051349.795714244,0.057838660578386714,0.026119402985074647,0.08187599364069942,849000000.0,-0.1755005889281508,500000000.0,0.3999999999999999,15.0,False
A10025581,사직역삼정그린코아더베스트2차,동래구,사직동,230.0,2018-07-18,8,251.0,1.0913043478260869,1.0,9.0,16.0,2,35.1965759009211,129.063519774638,부산광역시 동래구 사직로 16,True,0.06956521739130435,,,,0.0064102564102563875,0.06535057862491489,1030000000.0,-0.23786407766990292,595000000.0,0.31932773109243695,3.0,False
A10025593,대연자이,남구,대연동,965.0,2019-03-28,7,1075.0,1.1139896373056994,12.0,18.0,64.0,5,35.1297154922914,129.101975964378,부산광역시 남구 유엔로 246,True,0.06632124352331606,,,,0.053711526855763525,0.0717503217503217,1060000000.0,-0.17641509433962266,680000000.0,0.2838235294117648,1.0,True
A10025647,사상구남역동원로얄듀크,사상구,모라동,498.0,2019-02-27,7,556.0,1.1164658634538152,5.0,9.0,19.0,2,35.1927334044852,128.994335321637,부산광역시 사상구 백양대로934번길 94,True,0.03815261044176707,402500000.0,15642720.614473622,0.08783783783783794,0.0018785222291797243,-0.04248952722920407,550000000.0,-0.2727272727272727,348500000.0,0.14777618364418932,6.0,False
A10025662,포레나동래,동래구,낙민동,732.0,2019-02-26,7,816.0,1.1147540983606556,4.0,15.0,30.0,1,35.196597853658,129.090761438022,부산광역시 동래구 온천천로339번길 51,True,0.040983606557377046,620250000.0,24141915.76806849,0.00040322580645169026,-0.0008058017727639033,0.01931771475544597,844500000.0,-0.2664298401420959,555000000.0,0.11621621621621614,15.0,False
A10025684,e편한세상명지,강서구,명지동,377.0,2019-02-25,7,538.0,1.427055702917772,2.0,5.0,15.0,2,35.0987666150386,128.908422103948,부산광역시 강서구 명지국제2로 80,True,0.03978779840848806,455000000.0,17065600.70762713,-0.03191489361702127,-0.0864197530864198,-0.09441233140655103,740000000.0,-0.3783783783783784,380000000.0,0.21052631578947367,4.0,False
A10025687,명륜자이,동래구,명륜동,671.0,2019-02-25,7,744.0,1.1087928464977646,4.0,12.0,40.0,4,35.2067512543455,129.081153682083,부산광역시 동래구 명륜로139번길 22,True,0.05961251862891207,910000000.0,35356532.30477966,-0.0714285714285714,0.0191256830601092,0.11413866182258547,1055000000.0,-0.11611374407582942,710000000.0,0.31338028169014076,5.0,False
A10025718,명륜동힐스테이트,동래구,명륜동,493.0,2018-12-27,7,610.0,1.2373225152129816,1.0,5.0,24.0,2,35.2139694459922,129.08366397392,부산광역시 동래구 명륜로 222,True,0.0486815415821501,760000000.0,29513764.26410347,-0.05707196029776673,0.019556714471968606,0.13210278682591392,970000000.0,-0.21649484536082475,555000000.0,0.36936936936936937,3.0,False
A10025719,한성기린,수영구,망미동,113.0,1994-12-30,31,69.0,0.6106194690265486,0.0,0.0,4.0,2,35.1741877981349,129.118812173918,부산광역시 수영구 수미로71번길 20,True,0.035398230088495575,,,,,,740000000.0,-0.2432432432432432,291000000.0,0.9243986254295533,0.0,True
A10025752,시청역SKVIEW,연제구,연산동,298.0,2018-11-15,7,333.0,1.1174496644295302,4.0,8.0,20.0,3,35.1823057439642,129.076404847859,부산광역시 연제구 중앙대로1043번길 34,True,0.06711409395973154,521000000.0,20435531.606594585,0.0578680203045685,0.08421052631578951,-0.013554216867469826,633500000.0,-0.1775848460931334,370000000.0,0.40810810810810816,7.0,False
A10025763,해운대동백두산위브더제니스,해운대구,우동,353.0,2019-01-29,7,446.0,1.2634560906515582,3.0,9.0,21.0,1,35.1597295871407,129.150704866293,부산광역시 해운대구 해운대로 540,True,0.059490084985835696,801250000.0,31265603.80641058,-0.08166189111747846,0.0006091989034420209,0.07077625570776247,1270000000.0,-0.39370078740157477,600000000.0,0.28333333333333344,9.0,False
A10025776,더힐시그니처,강서구,명지동,1210.0,2019-01-28,7,2176.0,1.7983471074380166,12.0,19.0,54.0,2,35.0959304769464,128.913268117194,부산광역시 강서구 명지국제7로 110,True,0.04462809917355372,,,,,,,,,,,
A10025793,토성동경동리인타워,서구,토성동1가,452.0,2018-07-27,8,573.0,1.2676991150442478,0.0,7.0,26.0,4,35.0992716554642,129.024246029705,부산광역시 서구 보수대로 27,True,0.05752212389380531,,,,-0.05282331511839711,-0.01851851851851849,700000000.0,-0.24285714285714288,432500000.0,0.22543352601156075,4.0,False
A10025821,장전삼정그린코아더베스트,금정구,장전동,280.0,2018-12-21,7,370.0,1.3214285714285714,6.0,15.0,34.0,2,35.2232447993762,129.086670965714,부산광역시 금정구 식물원로9번길 15,True,0.12142857142857143,500000000.0,19416310.406789355,-0.04761904761904767,-0.02117420596727626,0.01379310344827589,660000000.0,-0.2272727272727273,405000000.0,0.2592592592592593,9.0,False
A10025869,LG마린타워,서구,남부민동,96.0,1999-12-11,26,140.0,1.4583333333333333,1.0,2.0,2.0,3,35.0866716390326,129.024042430243,부산광역시 서구 충무대로 181,True,0.020833333333333332,,,,,0.240506329113924,245000000.0,0.0,190000000.0,0.2894736842105263,1.0,True
A10025896,온천장역동원로얄듀크,금정구,부곡동,210.0,2018-02-09,8,243.0,1.1571428571428573,1.0,3.0,7.0,2,35.2199847845477,129.089330403849,부산광역시 금정구 부곡로42번길 25,True,0.03333333333333333,,,,-0.021359223300970842,0.02515090543259557,633500000.0,-0.20441988950276246,437500000.0,0.1519999999999999,1.0,True
A10025923,스위트팰리스,강서구,명지동,908.0,2018-11-21,7,1001.0,1.1024229074889869,1.0,1.0,1.0,1,35.1099782684915,128.921377322155,부산광역시 강서구 명지국제5로 165,True,0.0011013215859030838,400000000.0,15551366.635249766,,,,400000000.0,0.0,400000000.0,0.0,1.0,True
A10025939,지원더뷰오션1차,동구,초량동,165.0,2018-10-25,7,179.0,1.084848484848485,1.0,4.0,6.0,1,35.1222513936208,129.045069993578,부산광역시 동구 중앙대로286번길 7-8,True,0.03636363636363636,400000000.0,15534126.829084594,-0.12901469787697328,-0.0337078651685393,-0.04371584699453557,600000000.0,-0.33333333333333337,375000000.0,0.06666666666666665,4.0,False
A10025950,거제센트럴자이,연제구,거제동,878.0,2018-10-29,7,961.0,1.0945330296127562,10.0,25.0,89.0,4,35.193410924204,129.075544485213,부산광역시 연제구 법원북로 93,True,0.10136674259681093,805000000.0,31285731.882915035,0.011306532663316604,0.013620525815647877,0.13714285714285723,979000000.0,-0.1828396322778345,610000000.0,0.3114754098360655,10.0,False
A10025994,연제롯데캐슬데시앙,연제구,연산동,1168.0,2018-10-12,7,1325.0,1.134417808219178,11.0,26.0,87.0,4,35.1804004746119,129.083357974777,부산광역시 연제구 월드컵대로 55,True,0.07448630136986302,731250000.0,28434486.92772027,-0.028239202657807327,0.05579096045197751,0.018584703359542543,895000000.0,-0.16480446927374304,580000000.0,0.2887931034482758,16.0,False
A10025997,스마트더블유,사하구,장림동,494.0,2018-10-11,7,449.0,0.9089068825910931,3.0,9.0,23.0,3,35.0802093959581,128.976338082008,부산광역시 사하구 장림번영로104번길 10,True,0.0465587044534413,,,,-0.033280507131537296,-0.058641975308642014,350000000.0,-0.12857142857142856,295000000.0,0.03389830508474567,1.0,True
A10025998,시청스마트더블유,연제구,연산동,181.0,2018-09-28,7,203.0,1.1215469613259668,3.0,5.0,11.0,3,35.1755410974313,129.082131464497,부산광역시 연제구 연수로 103,True,0.06077348066298342,400000000.0,15584159.796746787,-0.0024937655860348684,0.016518424396442244,0.01781170483460559,435000000.0,-0.08045977011494254,330000000.0,0.21212121212121215,3.0,False
A10026034,대신푸르지오1차,서구,서대신동1가,959.0,2018-04-27,8,1154.0,1.2033368091762253,10.0,22.0,65.0,5,35.1073974230548,129.01613473633,부산광역시 서구 대영로38번길 11,True,0.06777893639207508,565000000.0,21950685.421778094,-0.06534325889164594,-0.038912133891213396,-0.023690773067331694,820000000.0,-0.30975609756097566,490000000.0,0.15510204081632661,14.0,False
A10026091,동래지웰,동래구,온천동,219.0,2018-07-24,8,222.0,1.0136986301369864,1.0,5.0,6.0,4,35.2083453169597,129.063035643695,부산광역시 동래구 쇠미로 197,True,0.0273972602739726,,,,,0.03209242618741981,422000000.0,-0.04739336492891,346000000.0,0.16184971098265888,0.0,True
A10026094,대연SKVIEWHills(2단지),남구,대연동,994.0,2018-07-11,8,1187.0,1.1941649899396378,7.0,28.0,68.0,5,35.13824171926,129.093430256325,부산광역시 남구 수영로 261,True,0.06841046277665996,,,,0.0714285714285714,0.10775047258979198,1060000000.0,-0.13207547169811318,645000000.0,0.4263565891472869,8.0,False
A10026102,나산리버빌,사하구,장림동,128.0,2008-03-10,18,153.0,1.1953125,1.0,2.0,2.0,1,35.0809189416798,128.971254601002,부산광역시 사하구 장림번영로 53,True,0.015625,205000000.0,7961633.517712134,-0.07657657657657657,,0.009456264775413725,239000000.0,-0.14225941422594146,191500000.0,0.07049608355091386,2.0,True
A10026119,아이유파크(IU-PARK),연제구,연산동,158.0,2017-11-28,8,189.0,1.1962025316455696,2.0,4.0,12.0,2,35.1745300633457,129.090542542276,부산광역시 연제구 연수로 179,True,0.0759493670886076,,,,,,,,,,,
A10026146,좌천서린엘마르더뷰,동구,좌천동,257.0,2018-08-03,8,258.0,1.0038910505836576,1.0,5.0,9.0,2,35.1358411351987,129.04739977759,부산광역시 동구 망양로 850,True,0.03501945525291829,,,,,,,,,,,
A10026157,명지더웨스턴,강서구,명지동,1201.0,2018-06-12,8,1329.0,1.1065778517901748,12.0,22.0,52.0,2,35.0967275507,128.912899235566,부산광역시 강서구 명지국제7로 111,True,0.04329725228975854,417500000.0,16283536.2250325,-0.023391812865497075,-0.03628117913832196,-0.033333333333333326,688500000.0,-0.4117647058823529,362000000.0,0.1187845303867403,6.0,False
A10026158,정관가화만사성더테라스2차,기장군,정관읍방곡리,396.0,2018-06-01,8,471.0,1.1893939393939394,4.0,9.0,14.0,4,35.3233568907897,129.190093385805,부산광역시 기장군 구연방곡로 106,True,0.03535353535353535,457500000.0,17769646.066549513,0.21999999999999997,,-0.0029940119760478723,610000000.0,-0.25,320000000.0,0.4296875,2.0,True
A10026184,대연파크푸르지오,남구,대연동,1422.0,2018-06-28,8,1512.0,1.0632911392405062,11.0,31.0,124.0,4,35.1253456097927,129.090820034146,부산광역시 남구 홍곡로 360,True,0.08720112517580872,603000000.0,23414279.42758035,-0.0033057851239669533,0.06373626373626373,0.07407407407407418,800000000.0,-0.23562499999999997,453500000.0,0.348401323042999,13.0,False
A10026185,대연동동일스위트,남구,대연동,379.0,2004-12-22,21,178.0,0.46965699208443273,3.0,9.0,18.0,4,35.1362411288397,129.098649796796,부산광역시 남구 수영로 294,True,0.047493403693931395,,,,,,,,,,,
A10026255,두산위브더테라스,기장군,정관읍달산리,272.0,2018-05-31,8,297.0,1.0919117647058822,2.0,4.0,9.0,1,35.3201461111039,129.196841689827,부산광역시 기장군 산단6로 33-8,True,0.03308823529411765,286500000.0,11124937.217126695,-0.09763779527559058,-0.06940063091482651,-0.28,500000000.0,-0.42700000000000005,275000000.0,0.041818181818181754,4.0,False
A10026291,센텀경동리인,해운대구,우동,232.0,2018-02-27,8,265.0,1.1422413793103448,3.0,9.0,22.0,2,35.1692140445993,129.141893929884,부산광역시 해운대구 해운대로469번길 178,True,0.09482758620689655,636500000.0,25071294.148413636,0.1069565217391304,-0.019392917369308593,-0.02608695652173909,970000000.0,-0.27835051546391754,555000000.0,0.26126126126126126,9.0,False
A10026293,해피투모로우,북구,구포동,190.0,2018-04-27,8,191.0,1.0052631578947369,1.0,3.0,6.0,2,35.2000750153958,128.999401420081,부산광역시 북구 낙동북로 692,True,0.031578947368421054,,,,,,,,,,,
A10026316,동래삼정그린코아포레스트,동래구,온천동,582.0,2018-04-27,8,663.0,1.1391752577319587,4.0,13.0,41.0,1,35.2040935729637,129.060840578575,부산광역시 동래구 쇠미로 153,True,0.070446735395189,521500000.0,20266737.325560853,-0.012310606060606077,0.04365079365079372,0.10000000000000009,665000000.0,-0.22255639097744362,390000000.0,0.3256410256410256,13.0,False
A10026360,동래동일스위트,동래구,명장동,702.0,2018-02-02,8,779.0,1.1096866096866096,5.0,13.0,43.0,2,35.2134812754542,129.094163965264,부산광역시 동래구 시실로 119,True,0.06125356125356125,460000000.0,17888075.79453459,,0.01098901098901095,0.012235817575083408,600000000.0,-0.23333333333333328,402500000.0,0.1428571428571428,1.0,True
A10026363,개금역금강펜테리움더스퀘어아파트,부산진구,개금동,620.0,2018-02-27,8,774.0,1.2483870967741935,7.0,13.0,37.0,2,35.1528383260911,129.021227204738,부산광역시 부산진구 가야대로 450,True,0.05967741935483871,588000000.0,22830249.727917165,0.0888888888888888,-0.01383647798742138,-0.010815307820299491,780000000.0,-0.18846153846153846,454500000.0,0.3927392739273927,12.0,False
A10026369,지원시티파크,사하구,장림동,284.0,2015-06-29,11,248.0,0.8732394366197183,1.0,5.0,10.0,2,35.0803313555203,128.970817405934,부산광역시 사하구 장림번영로 50,True,0.035211267605633804,,,,,,,,,,,
A10026391,더블유,남구,용호동,1488.0,2018-03-27,8,3090.0,2.0766129032258065,12.0,28.0,58.0,2,35.1342294576999,129.111216765972,부산광역시 남구 분포로 145,True,0.038978494623655914,,,,,,,,,,,
A10026397,광안더샵,수영구,광안동,263.0,2017-11-15,8,330.0,1.2547528517110267,2.0,5.0,17.0,3,35.150856536759,129.111667957074,부산광역시 수영구 수영로 506,True,0.06463878326996197,790000000.0,30689648.105278037,0.1407942238267148,-0.1297518064718819,0.060175794455713305,920000000.0,-0.021739130434782594,570000000.0,0.5789473684210527,4.0,False
A10026421,해운대경보이리스힐아파트,해운대구,송정동,230.0,2018-02-27,8,261.0,1.1347826086956523,1.0,2.0,12.0,3,35.1766064541048,129.195021647971,부산광역시 해운대구 송정광어골로82번길 85-11,True,0.05217391304347826,,,,,-0.32539682539682535,630000000.0,-0.32539682539682535,385000000.0,0.10389610389610393,0.0,True
A10026445,부산명지중흥S-클래스에듀오션,강서구,명지동,750.0,2018-02-08,8,858.0,1.144,9.0,17.0,47.0,2,35.1012700104038,128.920855108103,부산광역시 강서구 명지국제5로 90,True,0.06266666666666666,475000000.0,18514122.111708365,-0.08301158301158296,-0.024390243902439046,-0.06807286673058488,663000000.0,-0.2911010558069381,417000000.0,0.12709832134292576,3.0,False
A10026452,대연롯데캐슬레전드1단지,남구,대연동,3149.0,2018-02-27,8,3706.0,1.176881549698317,33.0,88.0,268.0,6,35.1351592669846,129.080302708807,부산광역시 남구 수영로 135,True,0.0851063829787234,786500000.0,30547226.8446365,0.01944264419961117,0.020110282192669526,0.11142654364797733,949000000.0,-0.1464699683877766,578000000.0,0.40138408304498263,37.0,False
A10026454,혜도인파크에비뉴연지,부산진구,초읍동,160.0,2018-02-21,8,169.0,1.05625,0.0,2.0,5.0,2,35.1766848272162,129.047968604327,부산광역시 부산진구 새싹로 229,True,0.03125,,,,-0.03087248322147651,-0.006802721088435382,468000000.0,-0.2286324786324786,350000000.0,0.03142857142857136,1.0,True
A10026478,장림역사하베스티움,사하구,장림동,202.0,2017-12-15,8,209.0,1.0346534653465347,1.0,4.0,16.0,2,35.0800213018708,128.97544336672,부산광역시 사하구 장림번영로 96,True,0.07920792079207921,,,,,,,,,,,
A10026484,해운대자이2차1단지,해운대구,우동,813.0,2018-01-30,8,862.0,1.0602706027060271,5.0,14.0,51.0,3,35.1683485565665,129.142766503431,부산광역시 해운대구 해운대로469번길 110,True,0.06273062730627306,1107500000.0,43021551.73887089,0.011415525114155223,0.026241799437675795,0.09633375474083428,1480000000.0,-0.28716216216216217,775000000.0,0.3612903225806452,10.0,False
A10026502,천일스카이원,동래구,명륜동,215.0,2018-01-31,8,232.0,1.0790697674418606,2.0,8.0,19.0,1,35.2073040131714,129.08167812576,부산광역시 동래구 명륜로 151,True,0.08837209302325581,,,,,,,,,,,
A10026510,대신더샵,서구,서대신동3가,429.0,2018-01-30,8,471.0,1.097902097902098,1.0,7.0,16.0,4,35.1183783315399,129.012199836572,부산광역시 서구 꽃마을로 48,True,0.037296037296037296,,,,-0.05539499036608864,-0.06226415094339621,692500000.0,-0.2916967509025271,453000000.0,0.08278145695364247,3.0,False
A10026522,온천동유림노르웨이숲,동래구,온천동,241.0,2018-01-22,8,293.0,1.2157676348547717,1.0,4.0,18.0,1,35.2163510591862,129.081843948861,부산광역시 동래구 중앙대로 1453,True,0.07468879668049792,,,,,,,,,,,
A10026557,센텀리슈빌2단지,해운대구,재송동,753.0,2017-12-22,8,855.0,1.1354581673306774,3.0,17.0,59.0,5,35.1914835593563,129.115888825499,부산광역시 해운대구 해운대로76번길 40,True,0.07835325365205843,769500000.0,29957279.66392757,0.012499999999999956,0.05190311418685112,0.02384291725105192,909000000.0,-0.09900990099009899,513500000.0,0.5949367088607596,13.0,False
A10026583,퀸즈더블유장전역,금정구,부곡동,277.0,2017-12-22,8,259.0,0.9350180505415162,4.0,10.0,22.0,4,35.2423296835377,129.090547632939,부산광역시 금정구 부곡온천천로 190,True,0.07942238267148015,,,,,,,,,,,
A10026651,e편한세상사하2차,사하구,구평동,946.0,2017-10-31,8,1004.0,1.0613107822410148,5.0,24.0,46.0,3,35.0827778603371,128.984491722497,부산광역시 사하구 서포로30번길 12,True,0.048625792811839326,292000000.0,11389653.570613842,-0.1657142857142857,0.0,0.010479041916167775,468000000.0,-0.37606837606837606,259500000.0,0.12524084778420042,11.0,False
A10026735,정관가화만사성더테라스1차,기장군,정관읍방곡리,431.0,2017-09-29,8,534.0,1.2389791183294663,5.0,10.0,17.0,4,35.3217655674895,129.190558196248,부산광역시 기장군 구연방곡로 120,True,0.03944315545243619,439000000.0,17051092.072601613,0.20604395604395598,0.06640106241699861,0.025606469002695365,583000000.0,-0.24699828473413377,290000000.0,0.5137931034482759,2.0,True
A10026746,오션브릿지,동구,범일동,652.0,2017-07-25,9,807.0,1.2377300613496933,6.0,14.0,43.0,3,35.1334492882699,129.059079172546,부산광역시 동구 범일로 41,True,0.06595092024539877,530000000.0,20581313.25017651,0.04639684106614017,-0.03943661971830981,0.06632653061224492,717000000.0,-0.23988842398884236,397000000.0,0.37279596977329965,5.0,False
A10026760,센텀비스타동원,수영구,민락동,840.0,2017-07-31,9,1049.0,1.2488095238095238,3.0,13.0,47.0,2,35.1672489290806,129.120800367051,부산광역시 수영구 수영로 754,True,0.055952380952380955,897000000.0,34895975.78112474,0.02076813655761023,0.04302325581395339,0.10126582278481022,1050000000.0,-0.14571428571428569,660000000.0,0.3590909090909091,8.0,False
A10026780,래미안장전,금정구,장전동,1938.0,2017-09-21,8,2390.0,1.2332301341589267,19.0,48.0,157.0,5,35.2275922774064,129.086740141721,부산광역시 금정구 금정로 20,True,0.08101135190918472,909950000.0,35370238.59878354,-0.02155913978494628,0.016528925619834656,0.054913294797687806,1125000000.0,-0.2008888888888889,751500000.0,0.19627411842980713,20.0,False
A10026790,해운대오션파크,해운대구,우동,79.0,2002-11-06,23,84.0,1.0632911392405062,0.0,2.0,2.0,3,35.1602517625517,129.152968768484,부산광역시 해운대구 해운대로 558,True,0.02531645569620253,,,,,,730000000.0,0.0,370000000.0,0.972972972972973,0.0,True
A10026814,장전서희스타힐스,금정구,부곡동,324.0,2017-07-31,9,379.0,1.1697530864197532,5.0,9.0,27.0,2,35.2408411980373,129.089189781524,부산광역시 금정구 부곡온천천로 170,True,0.08333333333333333,531750000.0,20726635.54713522,0.014790076335877922,0.05297029702970302,-0.0029325513196480912,675000000.0,-0.20740740740740737,470000000.0,0.13829787234042556,5.0,False
A10026821,망미이진캐스빌,수영구,망미동,343.0,2017-08-30,9,371.0,1.0816326530612246,3.0,8.0,24.0,2,35.1700008969317,129.101130180846,부산광역시 수영구 망미로30번길 51,True,0.06997084548104957,,,,,,,,,,,
A10026828,롯데캐슬블루오션,영도구,동삼동,381.0,2017-08-29,9,420.0,1.1023622047244095,6.0,9.0,16.0,4,35.0728453246056,129.073711492582,부산광역시 영도구 절영로 524,True,0.04199475065616798,382000000.0,14835824.408614805,,,-0.04738154613466339,500000000.0,-0.236,375000000.0,0.01866666666666661,1.0,True
A10026858,정관이진캐스빌2차,기장군,정관읍용수리,258.0,2017-08-18,9,294.0,1.1395348837209303,4.0,5.0,12.0,2,35.329675834271,129.181925782868,부산광역시 기장군 가동3로 19,True,0.046511627906976744,322250000.0,12537974.2083503,0.013364779874213806,0.13571428571428568,-0.018092105263157854,395000000.0,-0.15189873417721522,265000000.0,0.26415094339622636,4.0,False
A10026861,서면동일파크스위트3차,부산진구,부암동,727.0,2017-06-30,9,808.0,1.111416781292985,6.0,16.0,50.0,4,35.165417735262,129.045944837845,부산광역시 부산진구 동평로 162,True,0.0687757909215956,467500000.0,18154506.58928275,0.028602860286028653,-0.030399999999999983,0.040255413659078254,625000000.0,-0.21599999999999997,390000000.0,0.2564102564102564,6.0,False
A10026865,동부산관광단지삼정그린코아더베스트,기장군,기장읍내리,549.0,2017-07-17,9,606.0,1.1038251366120218,2.0,4.0,14.0,2,35.2040536747351,129.207169705909,부산광역시 기장군 기장대로 82-8,True,0.025500910746812388,436500000.0,16948723.771513157,-0.019101123595505642,0.049278846153846256,0.04819277108433728,715000000.0,-0.38741258741258744,360000000.0,0.21666666666666656,4.0,False
A10026902,연산동일동미라주더스타,연제구,연산동,624.0,2017-06-27,9,658.0,1.0544871794871795,12.0,23.0,51.0,2,35.1906164745463,129.087915053233,부산광역시 연제구 반송로 80,True,0.08173076923076923,,,,,,,,,,,
A10026905,문현범양레우스,남구,문현동,224.0,2017-05-31,9,240.0,1.0714285714285714,2.0,5.0,10.0,3,35.1482245196715,129.069352547247,부산광역시 남구 황령대로90번길 55,True,0.044642857142857144,,,,0.016677357280307836,0.04276315789473695,500000000.0,-0.20750000000000002,355000000.0,0.1161971830985915,2.0,True
A10026912,당리경보이리스힐,사하구,당리동,279.0,2017-04-26,9,294.0,1.053763440860215,1.0,5.0,8.0,1,35.1084476564606,128.980447974044,부산광역시 사하구 승학로71번길 146,True,0.02867383512544803,,,,,,,,,,,
A10026916,달맞이유림노르웨이숲,해운대구,중동,364.0,2017-07-03,9,441.0,1.2115384615384615,4.0,10.0,17.0,5,35.1611826061236,129.173697603189,부산광역시 해운대구 달맞이길65번길 33,True,0.046703296703296704,576000000.0,22385106.743796043,-0.035983263598326376,0.08009153318077811,0.028508771929824483,758000000.0,-0.2150395778364116,460000000.0,0.2934782608695652,5.0,False
A10026942,시청역퀸즈W,연제구,연산동,172.0,2016-11-21,9,169.0,0.9825581395348837,2.0,4.0,11.0,3,35.175896408896,129.07806711312,부산광역시 연제구 연제로 7,True,0.06395348837209303,,,,,,,,,,,
A10026975,주례경동리인,사상구,주례동,839.0,2017-05-12,9,973.0,1.159713945172825,3.0,11.0,23.0,2,35.1557931167053,128.995991051558,부산광역시 사상구 백양대로 526,True,0.027413587604290822,320000000.0,13172568.126875779,-0.06364301389904903,-0.07183098591549297,-0.026241134751773032,450000000.0,-0.28888888888888886,315000000.0,0.015873015873015817,6.0,False
A10026994,거제동2차월드메르디앙,연제구,거제동,142.0,2007-08-02,19,195.0,1.3732394366197183,2.0,5.0,7.0,2,35.1934740331339,129.080042153189,부산광역시 연제구 중앙대로 1188,True,0.04929577464788732,510000000.0,19812750.08740919,0.00591715976331364,0.17241379310344818,0.06304347826086953,570000000.0,-0.10526315789473684,400000000.0,0.2749999999999999,4.0,False
A10027002,IDS아델하임,사하구,괴정동,265.0,2017-05-02,9,186.0,0.7018867924528301,7.0,11.0,20.0,3,35.0979913358325,128.994459889047,부산광역시 사하구 사하로 182,True,0.07547169811320754,,,,,,,,,,,
A10027026,지사과학삼정그린코아,강서구,지사동,1013.0,2017-04-27,9,1056.0,1.0424481737413622,7.0,20.0,35.0,3,35.1518194278834,128.839600768448,부산광역시 강서구 과학산단2로20번길 91,True,0.034550839091806514,197500000.0,8012899.323314187,-0.007537688442211032,-0.07476635514018692,-0.05660377358490565,269000000.0,-0.26579925650557623,175000000.0,0.12857142857142856,3.0,False
A10027048,양정역퀸즈팰리스,부산진구,양정동,187.0,2017-03-31,9,230.0,1.2299465240641712,4.0,13.0,24.0,3,35.1726770281407,129.068478067531,부산광역시 부산진구 거제대로48번길 20,True,0.12834224598930483,,,,,,,,,,,
A10027052,서면DS·협성엘리시안아파트,부산진구,범천동,630.0,2017-03-28,9,634.0,1.0063492063492063,9.0,21.0,40.0,3,35.1447760706214,129.053401969117,부산광역시 부산진구 만리산로 11,True,0.06349206349206349,,,,,,,,,,,
A10027054,사직롯데캐슬더클래식,동래구,사직동,1064.0,2017-01-16,9,1388.0,1.3045112781954886,3.0,12.0,35.0,4,35.1979263670697,129.066736914666,부산광역시 동래구 아시아드대로146번길 1,True,0.03289473684210526,690000000.0,26833157.156038877,-0.42643391521197005,0.00634249471458781,0.1766169154228856,1268000000.0,-0.45583596214511046,690000000.0,0.0,8.0,False
A10027065,남항부백자연애,영도구,남항동1가,184.0,2016-07-15,10,160.0,0.8695652173913043,2.0,6.0,8.0,3,35.0902721089375,129.0413352845,부산광역시 영도구 절영로35번길 46,True,0.043478260869565216,,,,,,,,,,,
A10027074,센텀비스타동원2차,수영구,민락동,405.0,2017-03-29,9,461.0,1.1382716049382715,1.0,6.0,19.0,1,35.1674750533115,129.118971576322,부산광역시 수영구 무학로63번길 142,True,0.04691358024691358,890000000.0,34576778.814570986,0.15397082658022687,0.028483448806774447,0.10570469798657722,1000000000.0,-0.10999999999999999,550000000.0,0.6181818181818182,6.0,False
A10027085,센텀리버SKVIEW,연제구,연산동,529.0,2017-01-23,9,624.0,1.1795841209829867,5.0,12.0,47.0,2,35.1837740022009,129.113720499138,부산광역시 연제구 좌수영로 225,True,0.0888468809073724,,,,0.05990566037735845,-0.018382352941176516,755000000.0,-0.24569536423841054,448000000.0,0.2712053571428572,5.0,False
A10027129,서면동일파크스위트2차,부산진구,부암동,243.0,2017-02-24,9,267.0,1.0987654320987654,1.0,5.0,10.0,3,35.1649422614997,129.043154522005,부산광역시 부산진구 동평로 128,True,0.0411522633744856,,,,,,,,,,,
A10027139,명지국제신도시호반베르디움2차,강서구,명지동,694.0,2017-01-25,9,770.0,1.1095100864553313,6.0,13.0,34.0,2,35.1023779782121,128.920192998502,부산광역시 강서구 명지국제5로 89,True,0.04899135446685879,484000000.0,18834572.50166565,0.05217391304347818,-0.03179487179487184,-0.026156941649899346,648000000.0,-0.25308641975308643,350000000.0,0.3828571428571428,3.0,False
A10027141,부산더샵시티애비뉴2차,연제구,연산동,216.0,2016-12-14,9,221.0,1.0231481481481481,1.0,9.0,18.0,2,35.1813267308598,129.076220783681,부산광역시 연제구 시청로 12,True,0.08333333333333333,,,,-0.06488549618320616,-0.057492931196983954,705000000.0,-0.2907801418439716,448000000.0,0.1160714285714286,6.0,False
A10027159,브라운스톤연제1단지,연제구,연산동,521.0,2016-12-30,9,575.0,1.1036468330134357,4.0,15.0,45.0,3,35.1781292696525,129.077732458495,부산광역시 연제구 연제로8번길 29,True,0.08637236084452975,553000000.0,21480581.667172812,-0.03321678321678323,0.017367458866544894,0.05333333333333323,693500000.0,-0.19250180245133386,430000000.0,0.30232558139534893,12.0,False
A10027166,구포봄여름가을겨울아파트,북구,구포동,203.0,2017-01-24,9,223.0,1.0985221674876848,3.0,5.0,12.0,2,35.2072447771468,129.000182435401,부산광역시 북구 낙동대로1762번길 50,True,0.059113300492610835,,,,,,,,,,,
A10027202,사직역삼정그린코아더베스트1차,동래구,사직동,313.0,2016-12-26,9,400.0,1.2779552715654952,6.0,11.0,22.0,3,35.1971636470331,129.064253724507,부산광역시 동래구 사직로 8,True,0.07028753993610223,805000000.0,31272182.766572844,0.01577287066246047,-0.01692307692307693,0.11805555555555558,947500000.0,-0.1503957783641161,550000000.0,0.4636363636363636,8.0,False
A10027204,한보장산,해운대구,재송동,140.0,1995-02-27,31,66.0,0.4714285714285714,0.0,1.0,1.0,1,35.1924759105576,129.134101494483,부산광역시 해운대구 재송2로 96,True,0.007142857142857143,,,,,,,,,,,
A10027236,사하뷰웰,사하구,신평동,900.0,2016-12-02,9,966.0,1.0733333333333333,6.0,11.0,29.0,2,35.0913816382854,128.969170494542,부산광역시 사하구 신산북로 43,True,0.03222222222222222,244000000.0,9502006.136417277,-0.02400000000000002,0.0,0.0,320000000.0,-0.265625,230000000.0,0.021739130434782705,9.0,False
A10027253,e편한세상광안비치,수영구,민락동,396.0,2016-09-29,9,469.0,1.1843434343434343,1.0,6.0,17.0,1,35.1555179926384,129.126522212849,부산광역시 수영구 민락수변로7번길 60,True,0.04292929292929293,610000000.0,23685696.804254714,-0.10095799557848195,0.04485692188708423,0.0185185185185186,849000000.0,-0.28150765606595995,484000000.0,0.2603305785123966,6.0,False
A10027280,명지협성휴포레,강서구,명지동,1664.0,2016-11-18,9,1705.0,1.0246394230769231,23.0,49.0,109.0,2,35.1075308265119,128.921120157931,부산광역시 강서구 명지국제5로 141,True,0.0655048076923077,,,,,,,,,,,
A10027282,부산명지중흥S-클래스프라디움,강서구,명지동,1033.0,2016-12-06,9,1194.0,1.1558567279767666,14.0,31.0,70.0,1,35.0964045540988,128.916710287675,부산광역시 강서구 명지국제7로 133,True,0.06776379477250725,,,,,,,,,,,
A10027306,e편한세상사하,사하구,구평동,1068.0,2016-09-09,10,1078.0,1.0093632958801497,18.0,28.0,49.0,3,35.0809670275315,128.986262867272,부산광역시 사하구 서포로30번길 26,True,0.04588014981273408,312500000.0,12194154.268007392,-0.029503105590062084,0.04065040650406515,-0.041916167664670656,457500000.0,-0.3114754098360656,249750000.0,0.26126126126126126,14.0,False
A10027311,개금역스마트더블유,부산진구,개금동,224.0,2016-10-31,9,162.0,0.7232142857142857,1.0,5.0,13.0,1,35.1526400895277,129.017507366286,부산광역시 부산진구 가야대로 411,True,0.05803571428571429,,,,,,,,,,,
A10027325,구서SKVIEW1단지,금정구,구서동,532.0,2016-08-18,10,674.0,1.2669172932330828,9.0,17.0,39.0,3,35.2438418119491,129.085571678272,부산광역시 금정구 금샘로246번길 18,True,0.07330827067669173,661250000.0,25692696.0138209,0.017307692307692246,0.012451361867704236,0.06557377049180335,787500000.0,-0.16190476190476188,560000000.0,0.1785714285714286,10.0,False
A10027328,구서SKVIEW2단지,금정구,구서동,161.0,2016-08-18,10,197.0,1.2236024844720497,2.0,2.0,5.0,3,35.2448112065538,129.084639194122,부산광역시 금정구 금샘로245번길 11,True,0.031055900621118012,,,,,0.030000000000000027,630000000.0,-0.18253968253968256,470000000.0,0.0957446808510638,0.0,True
A10027329,사상샬레,사상구,괘법동,172.0,2016-08-29,10,209.0,1.2151162790697674,0.0,4.0,9.0,1,35.1604949085252,128.988787584176,부산광역시 사상구 광장로104번길 37,True,0.05232558139534884,,,,,,,,,,,
A10027330,신평삼한사랑채,사하구,신평동,298.0,2016-10-14,9,318.0,1.0671140939597314,2.0,12.0,17.0,1,35.0928690533026,128.966178084918,부산광역시 사하구 신산북로 5,True,0.05704697986577181,265000000.0,10291443.803068014,0.033138401559454245,-0.07233273056057865,-0.023020257826887658,310000000.0,-0.1806451612903226,233000000.0,0.09012875536480691,12.0,False
A10027341,사직KCC스위첸1단지,동래구,사직동,999.0,2016-09-13,10,1103.0,1.1041041041041042,8.0,17.0,59.0,5,35.2008818394607,129.057074696685,부산광역시 동래구 사직북로 64,True,0.05905905905905906,722750000.0,28076920.473133005,0.010839160839160922,0.0028050490883591017,0.1200000000000001,845000000.0,-0.163905325443787,542000000.0,0.3035055350553506,9.0,False
A10027449,당리삼창,사하구,당리동,138.0,2003-10-31,22,150.0,1.0869565217391304,0.0,1.0,5.0,4,35.1048719468688,128.972435143336,,True,0.036231884057971016,,,,,,375000000.0,0.0,324000000.0,0.15740740740740744,0.0,True
A10027458,송도서린엘마르,서구,암남동,168.0,2016-04-29,10,168.0,1.0,2.0,5.0,10.0,2,35.0714086040571,129.017415646427,부산광역시 서구 송도해변로 21,True,0.05952380952380952,430000000.0,16697555.379048627,-0.07526881720430112,0.007025761124121788,0.005847953216374213,660000000.0,-0.3484848484848485,415000000.0,0.03614457831325302,3.0,False
A10027464,괴정협성휴포레아파트,사하구,괴정동,299.0,2016-05-25,10,484.0,1.6187290969899666,2.0,8.0,16.0,2,35.0974709008902,128.992695868001,부산광역시 사하구 사하로 183,True,0.05351170568561873,447500000.0,17377995.658574108,-0.05291005291005291,-0.05978538579458359,0.0021008403361344463,610000000.0,-0.26639344262295084,411500000.0,0.08748481166464162,8.0,False
A10027503,정관양우내안愛,기장군,정관읍용수리,830.0,2016-06-24,10,830.0,1.0,5.0,15.0,30.0,1,35.329047160766,129.179471975619,부산광역시 기장군 정관5로 144,True,0.03614457831325301,,,,,,,,,,,
A10027581,명지대방노블랜드오션뷰2차,강서구,명지동,600.0,2016-04-29,10,688.0,1.1466666666666667,4.0,16.0,31.0,1,35.0953281798622,128.91917534047,부산광역시 강서구 명지국제5로 11,True,0.051666666666666666,502500000.0,19509167.808843683,0.046875,-0.030436917034855182,0.0025062656641603454,800000000.0,-0.39375000000000004,400000000.0,0.2124999999999999,16.0,False
A10027586,부용동한웅드리머스,서구,부용동1가,152.0,2015-09-11,11,167.0,1.0986842105263157,2.0,2.0,5.0,4,35.1059210551071,129.020315727808,부산광역시 서구 구덕로 238,True,0.03289473684210526,321500000.0,12521580.316861805,,,,355000000.0,-0.10422535211267603,298000000.0,0.06711409395973145,2.0,True
A10027599,동래퀸즈W,동래구,온천동,182.0,2015-12-03,10,158.0,0.8681318681318682,1.0,4.0,12.0,2,35.2091229289095,129.081073682393,부산광역시 동래구 동래로 69,True,0.06593406593406594,,,,,,,,,,,
A10027621,명지2차금강펜테리움센트럴파크,강서구,명지동,670.0,2016-03-25,10,740.0,1.1044776119402986,10.0,23.0,40.0,2,35.1042150316068,128.919193763803,부산광역시 강서구 명지국제5로 109,True,0.05970149253731343,393750000.0,15422610.689686686,0.03618421052631571,-0.023899371069182385,-0.08274231678486998,563500000.0,-0.2972493345164152,328000000.0,0.20731707317073167,14.0,False
A10027652,부산더샵시티애비뉴,연제구,연산동,232.0,2015-11-30,10,232.0,1.0,6.0,10.0,20.0,2,35.1813039989993,129.075113040911,부산광역시 연제구 시청로 20,True,0.08620689655172414,593000000.0,23027771.24029183,-0.011666666666666714,-0.01983471074380161,0.04283216783216792,750000000.0,-0.20933333333333337,467500000.0,0.26844919786096266,3.0,False
A10027656,명지대방노블랜드오션뷰1차,강서구,명지동,737.0,2015-12-29,10,842.0,1.1424694708276797,9.0,18.0,38.0,1,35.0970088824499,128.920360599523,부산광역시 강서구 명지국제5로 30,True,0.051560379918588875,500000000.0,19426826.20996749,0.06382978723404253,-0.02564102564102566,-0.007712082262210762,855000000.0,-0.36257309941520466,400000000.0,0.36250000000000004,18.0,False
A10027668,서면봄여름가을겨울,부산진구,당감동,288.0,2015-12-18,10,331.0,1.1493055555555556,0.0,2.0,12.0,4,35.1571882094044,129.046275704447,부산광역시 부산진구 가야대로691번길 19,True,0.041666666666666664,,,,,,430000000.0,-0.15116279069767447,310000000.0,0.17741935483870974,0.0,True
A10027677,해운대송정우림필유아파트,해운대구,송정동,407.0,2015-10-23,10,388.0,0.9533169533169533,3.0,7.0,11.0,3,35.1834466288269,129.196554715985,부산광역시 해운대구 송정1로8번길 25-78,True,0.02702702702702703,,,,,0.012499999999999956,530000000.0,-0.23584905660377353,350000000.0,0.15714285714285725,1.0,True
A10027690,명륜2차아이파크1단지,동래구,명륜동,2058.0,2015-11-30,10,2542.0,1.2351797862001943,14.0,38.0,136.0,4,35.2152300700385,129.088107697602,부산광역시 동래구 시실로 48,True,0.06608357628765792,710000000.0,27592688.114299443,-0.0056022408963585235,0.08165590581086213,0.10674846625766876,850000000.0,-0.13882352941176468,527000000.0,0.38899430740037944,24.0,False
A10027698,명지국제신도시호반베르디움1차,강서구,명지동,642.0,2016-02-03,10,718.0,1.118380062305296,7.0,17.0,35.0,2,35.1004557357605,128.920892035046,부산광역시 강서구 명지국제5로 60,True,0.05451713395638629,495000000.0,19225563.467310067,0.01382488479262678,-0.025590551181102317,-0.02450980392156865,695000000.0,-0.28776978417266186,388000000.0,0.27577319587628857,5.0,False
A10027769,부산정관지구이지더원5차아파트,기장군,정관읍방곡리,426.0,2015-11-27,10,473.0,1.1103286384976525,4.0,6.0,11.0,1,35.3270346877571,129.187765897539,부산광역시 기장군 방곡로 29,True,0.025821596244131457,,,,,,,,,,,
A10027790,e편한세상화명힐스,북구,화명동,800.0,2015-10-29,10,1120.0,1.4,6.0,17.0,39.0,4,35.2341460173073,129.014088301293,부산광역시 북구 화명대로 68,True,0.04875,589750000.0,22901565.074135087,0.01244635193133048,0.06261261261261253,0.089866156787763,682000000.0,-0.13563049853372433,440000000.0,0.33977272727272734,5.0,False
A10027805,몽뜨레,부산진구,전포동,264.0,2013-12-26,12,96.0,0.36363636363636365,0.0,0.0,3.0,1,35.1535782166879,129.065055616019,부산광역시 부산진구 전포대로 189,True,0.011363636363636364,,,,,,,,,,,
A10027832,백양디이스트(1단지),북구,만덕동,3790.0,2015-10-21,10,3478.0,0.9176781002638522,42.0,80.0,155.0,4,35.2058687951711,129.033190025409,부산광역시 북구 덕천로276번길 60,True,0.040897097625329816,330000000.0,12813076.161913043,-0.04347826086956519,-0.02737752161383289,0.006574141709276837,430000000.0,-0.2558139534883721,274750000.0,0.16469517743403084,45.0,False
A10027836,화명2차동원로얄듀크비스타,북구,화명동,422.0,2015-07-20,11,487.0,1.1540284360189574,2.0,6.0,23.0,2,35.2249014351514,129.009476548103,부산광역시 북구 금곡대로 175,True,0.054502369668246446,482000000.0,18716288.08916418,-0.034068136272545124,-0.010121457489878583,0.01449275362318847,635000000.0,-0.23779527559055114,410000000.0,0.18048780487804872,6.0,False
A10027872,삼한사랑채,금정구,금사동,264.0,2015-03-18,11,186.0,0.7045454545454546,0.0,2.0,9.0,2,35.223472353866,129.111248201094,부산광역시 금정구 서금로 115,True,0.03409090909090909,,,,,,,,,,,
A10027875,경성스마트더블유,사하구,괴정동,182.0,2015-08-06,11,162.0,0.8901098901098901,2.0,5.0,11.0,1,35.1019801737275,128.99666939692,부산광역시 사하구 낙동대로 180,True,0.06043956043956044,,,,,,,,,,,
A10027918,명지1차 금강펜테리움 센트럴파크,강서구,명지동,850.0,2015-07-01,11,941.0,1.1070588235294119,11.0,26.0,56.0,2,35.1004557357605,128.920892035046,부산광역시 강서구 명지국제5로 60,True,0.06588235294117648,401000000.0,15693397.365347328,-0.03952095808383238,-0.03132250580046403,-0.03428571428571425,590000000.0,-0.35084745762711866,335000000.0,0.14328358208955216,21.0,False
A10027937,더샵파크시티,연제구,연산동,1758.0,2015-06-03,11,2276.0,1.2946530147895337,7.0,20.0,65.0,3,35.1920267807262,129.095534227204,부산광역시 연제구 안연로 33,True,0.036973833902161544,671500000.0,26091779.535425544,-0.023272727272727223,0.004431314623338345,0.06093750000000009,793000000.0,-0.1614123581336696,503500000.0,0.320754716981132,13.0,False
A10027941,힐탑더블시티,수영구,광안동,298.0,2015-06-24,11,399.0,1.3389261744966443,3.0,8.0,12.0,2,35.1632174456374,129.113822664967,부산광역시 수영구 수영로 641,True,0.040268456375838924,,,,,,,,,,,
A10027944,벽산e-솔렌스힐,남구,대연동,297.0,2015-03-30,11,191.0,0.6430976430976431,1.0,3.0,12.0,1,35.1364855142831,129.097365113251,부산광역시 남구 수영로 283,True,0.04040404040404041,,,,,,,,,,,
A10027953,에일린의 뜰,강서구,명지동,980.0,2015-05-29,11,1083.0,1.1051020408163266,8.0,27.0,63.0,2,35.1004557357605,128.920892035046,부산광역시 강서구 명지국제5로 60,True,0.06428571428571428,464500000.0,18034856.327279884,-0.0010752688172043223,-0.010638297872340385,-0.01364113326337879,622500000.0,-0.1887550200803213,379000000.0,0.3324538258575198,13.0,False
A10027972,안락경동리인,동래구,안락동,693.0,2015-06-24,11,852.0,1.2294372294372293,5.0,17.0,34.0,4,35.1929769026661,129.10529055535,부산광역시 동래구 충렬대로446번길 68,True,0.049062049062049064,573000000.0,22249965.876090202,0.02780269058295959,-0.022687609075043635,-0.021120689655172442,698000000.0,-0.1790830945558739,465000000.0,0.23225806451612896,3.0,False
A10027986,삼한골든뷰,금정구,구서동,344.0,2014-10-31,11,175.0,0.5087209302325582,4.0,6.0,15.0,1,35.2600909199746,129.090946396232,부산광역시 금정구 중앙대로 1967,True,0.0436046511627907,,,,,,,,,,,
A10027989,신화명리버뷰자이,북구,금곡동,792.0,2015-06-19,11,871.0,1.0997474747474747,9.0,18.0,42.0,2,35.2512280459782,129.012371521078,부산광역시 북구 금곡대로470번길 29,True,0.05303030303030303,400000000.0,15531238.969290504,0.029601029601029616,-0.0012594458438287548,0.008894536213468918,507500000.0,-0.21182266009852213,312500000.0,0.28,16.0,False
A10028028,부산센텀푸르지오,연제구,연산동,560.0,2015-01-29,11,605.0,1.0803571428571428,9.0,18.0,36.0,3,35.1835723714607,129.112504582731,부산광역시 연제구 고분로 280,True,0.06428571428571428,450000000.0,17472499.93234554,-0.09365558912386707,0.03898840885142252,-0.019607843137254943,670000000.0,-0.32835820895522383,397000000.0,0.1335012594458438,3.0,False
A10028037,해운대힐스테이트위브,해운대구,중동,2369.0,2015-02-02,11,3911.0,1.6509075559307724,12.0,32.0,72.0,5,35.1608372044455,129.177769874947,부산광역시 해운대구 좌동순환로433번길 30,True,0.030392570704938792,650000000.0,26399903.795856833,-0.09090909090909094,0.0573012939001849,-0.051574939425406696,950000000.0,-0.39473684210526316,575000000.0,0.0,9.0,False
A10028069,협성·DS엘리시안,강서구,지사동,1277.0,2015-04-17,11,1304.0,1.0211433046202036,20.0,43.0,79.0,3,35.1495640564902,128.836603021997,부산광역시 강서구 과학산단로306번길 10,True,0.06186374314800313,233000000.0,9058607.031524282,,0.01304347826086949,-0.04536082474226799,285000000.0,-0.1824561403508772,194750000.0,0.1964056482670089,1.0,True
A10028079,엘크루솔마레,강서구,명지동,480.0,2014-11-21,11,569.0,1.1854166666666666,3.0,8.0,20.0,3,35.0817398270463,128.896597335723,부산광역시 강서구 명지오션시티12로 10,True,0.041666666666666664,380000000.0,14755197.853789404,-0.01935483870967747,0.125925925925926,-0.07922077922077919,520000000.0,-0.33653846153846156,278000000.0,0.24100719424460437,7.0,False
A10028090,씨앤스타빌,기장군,기장읍청강리,207.0,2014-12-23,11,99.0,0.4782608695652174,2.0,4.0,8.0,2,35.2371223556054,129.21896208869,부산광역시 기장군 기장대로 470,True,0.03864734299516908,,,,,,,,,,,
A10028104,부산역유림줄리엣,동구,초량동,286.0,2014-05-27,12,78.0,0.2727272727272727,0.0,3.0,14.0,1,35.1211126355306,129.043881421296,부산광역시 동구 중앙대로274번길 7-3,True,0.04895104895104895,,,,,,,,,,,
A10028108,온천장역삼정그린코아,금정구,장전동,478.0,2014-12-16,11,197.0,0.4121338912133891,0.0,1.0,8.0,1,35.2230967192011,129.085072511785,부산광역시 금정구 온천장로 139,True,0.016736401673640166,,,,,,,,,,,
A10028112,부산역유림로미오,동구,초량동,286.0,2014-05-27,12,73.0,0.25524475524475526,1.0,5.0,11.0,1,35.1215041986968,129.044100149973,부산광역시 동구 중앙대로274번길 7-7,True,0.038461538461538464,,,,,,,,,,,
A10028116,영도일동미라주브라이튼(1단지),영도구,동삼동,312.0,2014-12-31,11,325.0,1.0416666666666667,2.0,4.0,9.0,3,35.0820585074322,129.070623307857,부산광역시 영도구 동삼북로 20,True,0.028846153846153848,320000000.0,12435716.413850278,,-0.09219858156028371,0.02941176470588225,405000000.0,-0.2098765432098766,318000000.0,0.0062893081761006275,1.0,True
A10028117,명지오션시티삼정그린코아,강서구,명지동,610.0,2014-07-24,12,649.0,1.0639344262295083,3.0,9.0,22.0,3,35.0863305505833,128.908179867156,부산광역시 강서구 명지오션시티10로 114,True,0.036065573770491806,374500000.0,14548722.947392212,0.004021447721179516,0.046918767507002856,-0.03741935483870973,464000000.0,-0.19288793103448276,296500000.0,0.26306913996627324,5.0,False
A10028138,동원역삼정그린코아,북구,금곡동,529.0,2014-12-11,11,545.0,1.0302457466918715,7.0,11.0,20.0,3,35.2580364464243,129.014187207907,부산광역시 북구 효열로 135,True,0.03780718336483932,340000000.0,13207520.517565295,,-0.00366300366300365,-0.016570605187319898,448000000.0,-0.2299107142857143,282500000.0,0.22123893805309724,2.0,True
A10028142,가화만사성정관타운,기장군,정관읍방곡리,560.0,2014-12-15,11,537.0,0.9589285714285715,4.0,9.0,22.0,2,35.3270913932754,129.189292074257,부산광역시 기장군 방곡로 39,True,0.039285714285714285,,,,,-0.049090909090909074,320000000.0,-0.14687499999999998,219000000.0,0.24657534246575352,0.0,True
A10028145,대연롯데캐슬,남구,대연동,564.0,2015-01-12,11,758.0,1.3439716312056738,5.0,20.0,45.0,3,35.1409368636008,129.099914167697,부산광역시 남구 수영로325번길 61,True,0.0797872340425532,830000000.0,32419073.63591924,-0.0018039687312086938,0.03973717146433042,0.15714285714285725,872500000.0,-0.04871060171919772,580000000.0,0.4310344827586208,13.0,False
A10028147,서면동일파크스위트1차,부산진구,부암동,751.0,2014-11-27,11,857.0,1.141145139813582,6.0,16.0,37.0,3,35.1654650251433,129.045449993855,부산광역시 부산진구 동평로150번길 14,True,0.0492676431424767,395500000.0,15355518.821584672,0.0038071065989848663,0.020725388601036343,0.03141361256544495,555000000.0,-0.2900900900900901,325000000.0,0.2123076923076923,9.0,False
A10028150,괴정 K스타파크,사하구,괴정동,248.0,2015-01-13,11,252.0,1.0161290322580645,1.0,2.0,11.0,3,35.1051418649857,129.000320597226,부산광역시 사하구 사리로70번길 24,True,0.04435483870967742,,,,,-0.043209876543209846,337000000.0,-0.08902077151335308,280000000.0,0.09642857142857153,0.0,True
A10028161,민락동센텀메르빌,수영구,민락동,157.0,2014-11-05,11,179.0,1.1401273885350318,0.0,3.0,9.0,1,35.1610910791498,129.129915527007,부산광역시 수영구 광안해변로 446,True,0.05732484076433121,,,,,,,,,,,
A10028182,대신롯데캐슬,서구,서대신동3가,753.0,2014-10-30,11,888.0,1.1792828685258965,4.0,9.0,16.0,4,35.1166687298821,129.010292961723,부산광역시 서구 대티로 161,True,0.021248339973439574,387000000.0,15062717.091955582,-0.11441647597254001,0.020000000000000018,0.008797653958944274,610000000.0,-0.3655737704918033,385000000.0,0.0051948051948051965,5.0,False
A60011201,동아(92-0),중구,영주동,204.0,1998-10-30,27,144.0,0.7058823529411765,0.0,1.0,2.0,4,35.1136726417904,129.029987260423,부산광역시 중구 영주로 73,True,0.00980392156862745,,,,,,240000000.0,-0.27083333333333337,163000000.0,0.07361963190184051,0.0,True
A60011202,금호,중구,영주동,322.0,1997-08-28,29,232.0,0.7204968944099379,0.0,0.0,2.0,4,35.1113677793606,129.030144477798,부산광역시 중구 영주로 51,True,0.006211180124223602,,,,,-0.06613226452905807,260000000.0,-0.10384615384615381,165000000.0,0.4121212121212121,0.0,True
A60011204,동아(160-0),중구,영주동,328.0,1998-10-30,27,237.0,0.7225609756097561,4.0,5.0,8.0,2,35.1122445541186,129.029798838878,부산광역시 중구 영주로 65,True,0.024390243902439025,177500000.0,6913951.841359774,,-0.08505154639175261,0.06508875739644981,239000000.0,-0.2573221757322176,140000000.0,0.2678571428571428,2.0,True
A60070101,코모도에스테이트,중구,대청동1가,269.0,2013-10-10,12,234.0,0.8698884758364313,2.0,5.0,10.0,2,35.1031600158748,129.032840654288,부산광역시 중구 대청로 121-1,True,0.03717472118959108,,,,,,,,,,,
A60101001,센트럴베이동원로얄듀크비스타,동구,초량동,270.0,2011-06-16,15,275.0,1.0185185185185186,1.0,3.0,4.0,1,35.1213977977104,129.044734083364,부산광역시 동구 중앙대로286번길 10,True,0.014814814814814815,337000000.0,13085992.6574414,-0.026011560693641633,-0.05138888888888893,0.01764705882352935,500000000.0,-0.32599999999999996,300000000.0,0.1233333333333333,3.0,False
A60105001,동원드림타운,동구,좌천동,298.0,2002-03-28,24,330.0,1.1073825503355705,0.0,5.0,13.0,2,35.13261800509,129.05138518465,부산광역시 동구 고관로 173,True,0.0436241610738255,,,,-0.09420289855072461,-0.024615384615384595,390000000.0,-0.20512820512820518,262000000.0,0.1832061068702291,4.0,False
A60105002,두산위브범일뉴타운,동구,좌천동,466.0,2006-06-27,20,453.0,0.9721030042918455,6.0,14.0,25.0,2,35.1322625319397,129.055439517713,부산광역시 동구 성남일로 5,True,0.0536480686695279,315000000.0,12230001.682434091,0.012048192771084265,0.0023866348448686736,-0.01945525291828798,480000000.0,-0.34375,265000000.0,0.18867924528301883,9.0,False
A60106001,한성기린,동구,범일동,547.0,1997-10-25,28,503.0,0.9195612431444241,3.0,8.0,15.0,3,35.1390138078844,129.056962489301,부산광역시 동구 중앙대로 514,True,0.027422303473491772,200000000.0,7837548.984681155,-0.19678714859437751,0.027459954233409523,0.07701786814540967,300000000.0,-0.33333333333333337,160000000.0,0.25,2.0,True
A60106002,두산위브포세이돈2,동구,범일동,690.0,2006-12-29,19,1243.0,1.8014492753623188,4.0,7.0,19.0,2,35.1362311780235,129.063459403768,부산광역시 동구 자성로116번길 2,True,0.02753623188405797,412250000.0,16007822.110009149,0.1141891891891893,0.04780114722753348,-0.0031269543464665928,522000000.0,-0.20785440613026818,318000000.0,0.300314465408805,4.0,False
A60172001,진흥마제스타워범일,동구,범일동,305.0,2010-11-09,15,592.0,1.9409836065573771,1.0,1.0,4.0,2,35.1373765407774,129.065570144261,부산광역시 동구 자성로133번길 6,True,0.013114754098360656,370000000.0,14392135.599613382,,0.0,0.0,490000000.0,-0.24489795918367352,290000000.0,0.27586206896551735,1.0,True
A60180701,삼익,동구,범일동,150.0,1978-09-23,47,118.0,0.7866666666666666,0.0,0.0,0.0,2,35.1394235856207,129.064594483242,부산광역시 동구 조방로16번길 20,True,0.0,,,,,,467500000.0,-0.25133689839572193,325000000.0,0.07692307692307687,0.0,True
A60181401,아르미나아파트,동구,수정동,292.0,2001-04-09,25,175.0,0.5993150684931506,2.0,6.0,12.0,2,35.1256556769999,129.037575169341,부산광역시 동구 홍곡남로 50,True,0.0410958904109589,262500000.0,10203180.212014133,0.171875,0.17939393939393944,0.05212121212121201,290000000.0,-0.09482758620689657,200000000.0,0.3125,3.0,False
A60183601,반도보라스카이뷰,동구,초량동,256.0,2006-01-13,20,274.0,1.0703125,1.0,4.0,6.0,3,35.1240567322223,129.045949183432,부산광역시 동구 중앙대로320번길 10,True,0.0234375,,,,,-0.09730113636363635,470000000.0,-0.19148936170212771,255500000.0,0.4872798434442269,0.0,True
A60270201,송도풍림아이원,서구,암남동,239.0,2010-02-09,16,382.0,1.598326359832636,3.0,5.0,9.0,3,35.0725264018686,129.016165911772,부산광역시 서구 암남공원로 39,True,0.03765690376569038,420000000.0,16307973.610733613,-0.023255813953488413,0.0,-0.023255813953488413,530000000.0,-0.2075471698113207,340000000.0,0.23529411764705888,5.0,False
A60270501,부민e편한세상,서구,부민동3가,613.0,2004-09-16,22,610.0,0.9951060358890701,4.0,10.0,24.0,3,35.1043130996166,129.016549041957,부산광역시 서구 해돋이로 313,True,0.03915171288743882,,,,0.0608695652173914,0.0,328000000.0,-0.2682926829268293,215000000.0,0.11627906976744184,3.0,False
A60274001,현대타운,서구,남부민동,180.0,1999-08-14,27,184.0,1.0222222222222221,1.0,1.0,4.0,2,35.092725641473,129.024415965423,부산광역시 서구 충무대로 246,True,0.022222222222222223,,,,,0.10909090909090913,310000000.0,-0.032258064516129004,255000000.0,0.17647058823529416,0.0,True
A60275001,삼익,서구,동대신동2가,410.0,1976-06-19,50,320.0,0.7804878048780488,0.0,1.0,8.0,3,35.112825105996,129.020096423424,부산광역시 서구 대영로85번길 34-47,True,0.01951219512195122,,,,-0.03951975987993994,-0.024752475247524774,720000000.0,-0.33333333333333337,399000000.0,0.20300751879699241,1.0,True
A60275104,남성한빛가든,서구,서대신동3가,564.0,1996-10-10,29,461.0,0.8173758865248227,1.0,4.0,7.0,3,35.1175411470475,129.011309173693,부산광역시 서구 꽃마을로 43,True,0.012411347517730497,,,,,-0.14509803921568631,325000000.0,-0.3292307692307692,213000000.0,0.023474178403755763,2.0,True
A60275105,대신공원한신휴플러스,서구,서대신동3가,321.0,2014-02-14,12,371.0,1.1557632398753894,2.0,3.0,5.0,3,35.1199077692217,129.013064779413,부산광역시 서구 보수대로 284,True,0.01557632398753894,388000000.0,15072093.907479191,,,-0.10804597701149421,533000000.0,-0.27204502814258913,347000000.0,0.11815561959654186,1.0,True
A60275303,협성르네상스,서구,서대신동3가,490.0,2001-11-22,24,762.0,1.5551020408163265,5.0,9.0,17.0,3,35.1130974382768,129.010538391209,부산광역시 서구 대티로 159,True,0.03469387755102041,340500000.0,13259971.678074108,,0.06739811912225702,-0.031065088757396442,397000000.0,-0.10957178841309823,278000000.0,0.27158273381294973,4.0,False
A60276401,봄여름가을겨울,서구,토성동1가,201.0,2005-04-20,21,316.0,1.572139303482587,2.0,2.0,8.0,4,35.0983169479534,129.024461900083,부산광역시 서구 보수대로 15,True,0.03980099502487562,391000000.0,15204947.578670528,,-0.02857142857142858,0.004993757802746579,450000000.0,-0.1777777777777778,364000000.0,0.016483516483516425,2.0,True
A60280302,대림비치,서구,남부민동,440.0,2003-08-11,23,307.0,0.6977272727272728,0.0,5.0,7.0,2,35.0822588006647,129.024643672507,부산광역시 서구 충무대로 133,True,0.015909090909090907,,,,0.0,0.1020408163265305,368000000.0,-0.2663043478260869,185000000.0,0.45945945945945943,2.0,True
A60281201,문화,서구,동대신동3가,180.0,1971-12-17,54,16.0,0.08888888888888889,1.0,1.0,5.0,2,35.1150726941653,129.01590480137,부산광역시 서구 구덕로 350,True,0.027777777777777776,,,,,,,,,,,
A60282001,보람,서구,서대신동2가,257.0,2005-12-09,20,297.0,1.1556420233463034,2.0,3.0,7.0,4,35.1097432165804,129.01397057466,부산광역시 서구 대영로 24,True,0.027237354085603113,352500000.0,13689320.388349514,0.03676470588235303,0.025925925925925908,0.0854231974921631,355000000.0,-0.007042253521126751,265000000.0,0.33018867924528306,3.0,False
A60282101,대림e편한세상,서구,서대신동3가,218.0,1998-03-09,28,192.0,0.8807339449541285,0.0,0.0,4.0,4,35.1206903785565,129.01203767895,부산광역시 서구 보수대로320번길 11,True,0.01834862385321101,,,,,0.012345679012345734,266000000.0,-0.2293233082706767,180000000.0,0.13888888888888884,0.0,True
A60282202,금호어울림,서구,서대신동3가,256.0,2004-02-04,22,380.0,1.484375,1.0,3.0,7.0,4,35.1186786594296,129.011219457035,부산광역시 서구 꽃마을로 57,True,0.02734375,,,,,0.13899613899613894,295000000.0,0.0,160120000.0,0.842368223832126,1.0,True
A60283005,송도정림비치타운,서구,암남동,268.0,1993-02-25,33,148.0,0.5522388059701493,0.0,2.0,4.0,3,35.0816176579061,129.017127017576,부산광역시 서구 감천로 271,True,0.014925373134328358,,,,-0.09554140127388533,0.15456238361266283,188000000.0,-0.24468085106382975,92000000.0,0.5434782608695652,1.0,True
A60283102,송도동일스위트,서구,암남동,180.0,2006-09-28,19,172.0,0.9555555555555556,1.0,4.0,6.0,3,35.0803748714731,129.011957193855,부산광역시 서구 성산길 47-17,True,0.03333333333333333,,,,0.0,,256000000.0,-0.12109375,225000000.0,0.0,1.0,True
A60283203,삼경빌라맨션,서구,암남동,181.0,1989-08-10,37,106.0,0.585635359116022,2.0,3.0,6.0,4,35.0798791022522,129.018431737614,부산광역시 서구 감천로 277,True,0.03314917127071823,150000000.0,5852447.387089146,0.04895104895104896,0.05017921146953408,-0.0744336569579288,184000000.0,-0.18478260869565222,139500000.0,0.07526881720430101,3.0,False
A60283206,송도자유비치,서구,암남동,295.0,1997-11-28,28,171.0,0.5796610169491525,0.0,2.0,4.0,4,35.0818186002068,129.018849745954,부산광역시 서구 천해로7번길 33,True,0.013559322033898305,,,,0.08695652173913038,-0.11111111111111116,190000000.0,-0.21052631578947367,138000000.0,0.08695652173913038,1.0,True
A60283301,송도혜성비치타운,서구,암남동,150.0,1993-04-28,33,95.0,0.6333333333333333,0.0,2.0,4.0,3,35.0715564957295,129.015952412899,부산광역시 서구 암남공원로 52,True,0.02666666666666667,,,,0.07238605898123329,0.3571428571428572,200000000.0,0.0,140000000.0,0.4285714285714286,1.0,True
A60283304,송도현대,서구,암남동,208.0,1992-12-31,33,176.0,0.8461538461538461,0.0,1.0,2.0,2,35.0700500672896,129.016852658647,부산광역시 서구 암남공원로 72,True,0.009615384615384616,,,,-0.27840909090909094,-0.13125752623430242,198000000.0,-0.35858585858585856,127000000.0,0.0,1.0,True
A60402002,하단청구,사하구,하단동,448.0,1999-02-13,27,433.0,0.9665178571428571,0.0,4.0,7.0,3,35.1109308014316,128.966995833185,부산광역시 사하구 낙동대로520번길 14,True,0.015625,,,,-0.16722408026755853,,308000000.0,-0.1915584415584416,207500000.0,0.19999999999999996,1.0,True
A60402003,하단동에스케이뷰,사하구,하단동,1828.0,2004-05-31,22,1858.0,1.0164113785557987,7.0,25.0,76.0,4,35.1160911401384,128.961482750333,부산광역시 사하구 하신번영로 400,True,0.04157549234135667,388000000.0,15103740.90077465,0.051490514905149,-0.04155844155844157,0.06338028169014076,500000000.0,-0.14400000000000002,305000000.0,0.40327868852459026,8.0,False
A60403002,신평럭키무지개타운,사하구,신평동,505.0,1990-07-25,36,400.0,0.7920792079207921,0.0,2.0,10.0,3,35.0930367630439,128.969835825273,부산광역시 사하구 신산북로43번길 43,True,0.019801980198019802,,,,0.05369127516778516,0.00990099009900991,178500000.0,-0.1204481792717087,120000000.0,0.30833333333333335,1.0,True
A60403003,신평협성엠파이어,사하구,신평동,256.0,2012-03-19,14,261.0,1.01953125,2.0,9.0,17.0,4,35.0948388668918,128.975787766682,부산광역시 사하구 장평로 339,True,0.06640625,238000000.0,9792834.298610374,,-0.01039501039501034,-0.0625,296000000.0,-0.19594594594594594,229500000.0,0.03703703703703698,1.0,True
A60404202,장림로얄베스토피아,사하구,장림동,187.0,1993-07-28,33,140.0,0.7486631016042781,1.0,3.0,6.0,3,35.0800195446792,128.978402615502,부산광역시 사하구 다대로227번길 45,True,0.03208556149732621,,,,0.020746887966804906,-0.18243243243243246,168000000.0,-0.2678571428571429,100000000.0,0.22999999999999998,1.0,True
A60405001,다대동롯데캐슬몰운대,사하구,다대동,3462.0,2007-11-26,18,4697.0,1.3567302137492778,20.0,52.0,122.0,4,35.0553797809279,128.964833086021,부산광역시 사하구 다대낙조2길 100,True,0.035239745811669554,246000000.0,9553420.543502308,0.03578947368421059,0.044276457883369424,0.03982300884955747,314000000.0,-0.21656050955414008,205000000.0,0.19999999999999996,24.0,False
A60405002,다대롯데캐슬블루,사하구,다대동,1326.0,2014-12-24,11,1761.0,1.3280542986425339,9.0,32.0,48.0,2,35.0660759887624,128.982821920306,부산광역시 사하구 다송로 23,True,0.03619909502262444,397500000.0,15438364.822066005,0.037859007832898195,-0.03343848580441644,0.03403141361256545,545000000.0,-0.3348623853211009,320000000.0,0.1328125,24.0,False
A60408001,새보람더존빌,사하구,괴정동,96.0,2004-08-31,22,,,0.0,3.0,7.0,2,35.0992806252847,128.99205634239,부산광역시 사하구 낙동대로233번길 1,True,0.07291666666666667,,,,0.08552036199095014,-0.014265927977839321,388000000.0,-0.06958762886597936,300000000.0,0.20333333333333337,2.0,True
A60470305,경동메르빌아파트,사하구,장림동,261.0,2002-11-22,23,193.0,0.7394636015325671,0.0,2.0,8.0,2,35.0753459639262,128.983224475341,부산광역시 사하구 다대로277번길 124,True,0.03065134099616858,,,,,,,,,,,
A60470501,참누리아파트,사하구,괴정동,165.0,2012-06-18,14,176.0,1.0666666666666667,0.0,0.0,3.0,1,35.1053522198348,129.002447572102,부산광역시 사하구 대티로17번길 47,True,0.01818181818181818,,,,,0.05789473684210522,350000000.0,-0.4257142857142857,180000000.0,0.1166666666666667,0.0,True
A60470801,괴정엔스타,사하구,괴정동,234.0,2011-09-23,14,259.0,1.106837606837607,2.0,3.0,14.0,3,35.1000774016522,128.994492183013,부산광역시 사하구 낙동대로 203,True,0.05982905982905983,311500000.0,12104551.674112663,0.07413793103448274,-0.05546751188589538,-0.024218749999999956,444000000.0,-0.26801801801801806,290000000.0,0.1206896551724137,3.0,False
A60471209,당리반도보라맨션,사하구,당리동,384.0,1992-07-25,34,438.0,1.140625,0.0,0.0,6.0,2,35.1077907594936,128.97383770278,부산광역시 사하구 제석로79번길 11,True,0.015625,,,,,-0.02310924369747902,315000000.0,-0.35238095238095235,204000000.0,0.0,0.0,True
A60471706,벽산으뜸,사하구,당리동,270.0,1992-08-27,34,233.0,0.8629629629629629,1.0,4.0,6.0,3,35.0984925415412,128.976235714823,부산광역시 사하구 다대로22번길 30,True,0.022222222222222223,132000000.0,5125911.979289244,-0.020408163265306145,0.21100917431192667,-0.13869863013698636,162000000.0,-0.18518518518518523,109000000.0,0.21100917431192667,4.0,False
A60471808,당리신익,사하구,당리동,300.0,1992-01-24,34,284.0,0.9466666666666667,1.0,1.0,5.0,3,35.1039461588334,128.979653342323,부산광역시 사하구 승학로 123-4,True,0.016666666666666666,,,,,,195000000.0,-0.18974358974358974,140000000.0,0.12857142857142856,0.0,True
A60471809,부영벽산블루밍,사하구,당리동,298.0,2011-01-19,15,303.0,1.016778523489933,3.0,7.0,9.0,2,35.1063080760459,128.977920117093,부산광역시 사하구 승학로71번길 60,True,0.030201342281879196,285000000.0,11069446.209906358,-0.012987012987012991,-0.02941176470588236,0.02155172413793105,323000000.0,-0.04024767801857587,260000000.0,0.1923076923076923,5.0,False
A60471810,당리푸르지오,사하구,당리동,542.0,2013-07-24,13,749.0,1.381918819188192,2.0,6.0,19.0,4,35.1053590629305,128.977084698062,부산광역시 사하구 승학로71번길 30,True,0.03505535055350553,,,,0.023660067600193235,0.007633587786259444,618000000.0,-0.14239482200647247,419500000.0,0.2634088200238378,1.0,True
A60471811,당리에덴동산타운,사하구,당리동,245.0,1989-01-12,37,,,1.0,2.0,3.0,4,35.1051472093201,128.982578000911,부산광역시 사하구 승학로131번길 39,True,0.012244897959183673,,,,,,165000000.0,0.0,165000000.0,0.0,0.0,True
A60471904,삼성타워맨션,사하구,당리동,210.0,1991-12-19,34,190.0,0.9047619047619048,1.0,4.0,8.0,2,35.1065009310321,128.984611817306,부산광역시 사하구 마하로 81,True,0.0380952380952381,105000000.0,4083195.851991515,0.12299465240641716,-0.00512820512820511,,220000000.0,-0.5227272727272727,75000000.0,0.3999999999999999,4.0,False
A60472010,당리4차혜성,사하구,당리동,423.0,1996-01-30,30,288.0,0.6808510638297872,2.0,4.0,15.0,3,35.1100235494771,128.979455564708,부산광역시 사하구 제석로 127,True,0.03546099290780142,176800000.0,6916073.968705547,-0.03913043478260869,0.22930153321976143,-0.0015220700152207556,201000000.0,-0.12039800995024874,132000000.0,0.33939393939393936,2.0,True
A60472602,신평한성임호,사하구,신평동,217.0,1993-06-18,33,160.0,0.7373271889400922,3.0,4.0,11.0,3,35.0924608067553,128.979682076481,부산광역시 사하구 다대로 109,True,0.05069124423963134,143500000.0,5618550.798663817,0.1479999999999999,-0.10810810810810811,-0.041595925297113756,202000000.0,-0.23267326732673266,124000000.0,0.25,4.0,False
A60472901,다대푸르지오,사하구,다대동,972.0,2012-09-28,13,1329.0,1.367283950617284,4.0,8.0,19.0,3,35.0612770368886,128.974556555764,부산광역시 사하구 윤공단로 123,True,0.01954732510288066,335000000.0,13006984.121007897,-0.18689320388349517,0.03614457831325302,0.0589887640449438,444000000.0,-0.24549549549549554,300000000.0,0.1166666666666667,3.0,False
A60473003,조성,사하구,다대동,408.0,1990-03-31,36,180.0,0.4411764705882353,1.0,5.0,5.0,2,35.0563303584511,128.966762182539,부산광역시 사하구 윤공단로17번길 103,True,0.012254901960784314,,,,,,,,,,,
A60473106,감천유림1차,사하구,감천동,477.0,1997-11-14,28,469.0,0.9832285115303984,2.0,9.0,17.0,3,35.0898640452765,128.994923713544,부산광역시 사하구 감천로 24,True,0.03563941299790356,245000000.0,9512883.868690435,0.18932038834951448,0.11083743842364524,-0.06818181818181823,245000000.0,0.0,185000000.0,0.32432432432432434,5.0,False
A60473107,감천유림2차,사하구,감천동,498.0,1999-08-16,27,551.0,1.106425702811245,0.0,4.0,11.0,5,35.089103751456,128.994593048433,부산광역시 사하구 사하로 80,True,0.02208835341365462,,,,,,230000000.0,0.0,180000000.0,0.2777777777777777,0.0,True
A60473304,해태,사하구,감천동,299.0,2000-11-27,25,303.0,1.0133779264214047,0.0,2.0,6.0,3,35.0880648928925,128.995303308096,부산광역시 사하구 사하로 74-6,True,0.020066889632107024,,,,,,177000000.0,-0.15254237288135597,120000000.0,0.25,0.0,True
A60473407,신동양,사하구,괴정동,273.0,1979-12-20,46,249.0,0.9120879120879121,0.0,0.0,6.0,3,35.0978488812929,128.987832163174,부산광역시 사하구 장평로450번길 12,True,0.02197802197802198,,,,,0.08108108108108114,410000000.0,-0.31707317073170727,200000000.0,0.3999999999999999,0.0,True
A60473602,구평화신,사하구,구평동,496.0,1993-05-14,33,393.0,0.7923387096774194,2.0,9.0,13.0,2,35.086802317881,128.993009102991,부산광역시 사하구 사하로 47,True,0.02620967741935484,120000000.0,4661840.014126788,-0.15194346289752647,-0.14761904761904765,0.08015267175572527,188000000.0,-0.36170212765957444,120000000.0,0.0,7.0,False
A60473701,부산구평동한신휴플러스,사하구,구평동,419.0,2013-07-26,13,425.0,1.0143198090692125,2.0,5.0,17.0,3,35.0863643373042,128.984974407607,부산광역시 사하구 을숙도대로709번길 22,True,0.0405727923627685,,,,,-0.01089324618736387,288000000.0,-0.21180555555555558,206500000.0,0.09927360774818395,0.0,True
A60474002,동원로얄듀크,사하구,장림동,1973.0,2005-01-04,21,1989.0,1.0081094779523567,19.0,39.0,85.0,2,35.077318017704,128.963794294477,부산광역시 사하구 하신중앙로 2,True,0.04308160162189559,185000000.0,7182682.499549979,-0.041450777202072575,-0.016905071521456483,-0.04249999999999998,250000000.0,-0.32999999999999996,167500000.0,0.0,7.0,False
A60474307,다대해송,사하구,다대동,714.0,1991-12-06,34,306.0,0.42857142857142855,2.0,4.0,17.0,1,35.062715611943,128.977558970913,부산광역시 사하구 다대로 470,True,0.023809523809523808,,,,,,,,,,,
A60474410,장림3차동원,사하구,장림동,402.0,1999-10-20,26,325.0,0.8084577114427861,2.0,5.0,10.0,3,35.0808918433322,128.979073781647,부산광역시 사하구 다대로227번길 37,True,0.024875621890547265,150000000.0,5832106.038291604,,0.034482758620689724,-0.18508287292817682,215000000.0,-0.3023255813953488,145000000.0,0.034482758620689724,1.0,True
A60474516,신세대지큐빌,사하구,장림동,990.0,2003-04-24,23,700.0,0.7070707070707071,11.0,20.0,38.0,2,35.0761221202712,128.981429998763,부산광역시 사하구 다대로277번길 85,True,0.03838383838383838,,,,,,,,,,,
A60474905,한신혜성,사하구,하단동,533.0,1996-05-07,30,354.0,0.6641651031894934,3.0,4.0,16.0,3,35.1012889287059,128.971520894865,부산광역시 사하구 동매로 120,True,0.0300187617260788,195000000.0,7628022.759601707,,0.054054054054053946,-0.051186017478152324,233000000.0,-0.16309012875536477,165000000.0,0.18181818181818188,1.0,True
A60475305,신다대,사하구,다대동,570.0,1991-12-22,34,162.0,0.28421052631578947,7.0,16.0,22.0,1,35.0677788241625,128.97774328445,부산광역시 사하구 다대로 400,True,0.03859649122807018,,,,,,,,,,,
A60475401,도시두송,사하구,다대동,260.0,1998-06-26,28,117.0,0.45,0.0,1.0,3.0,1,35.0628585181778,128.986821598854,부산광역시 사하구 다대로381번길 105,True,0.011538461538461539,,,,,,,,,,,
A60475402,삼환2,사하구,다대동,268.0,1999-09-21,26,279.0,1.041044776119403,0.0,2.0,6.0,1,35.0681979485192,128.981034410094,부산광역시 사하구 다대로381번길 41,True,0.022388059701492536,,,,0.03403141361256545,0.06853146853146863,230000000.0,0.0,165000000.0,0.39393939393939403,2.0,True
A60475408,국제그린,사하구,다대동,996.0,1995-05-01,31,539.0,0.5411646586345381,7.0,23.0,43.0,1,35.0660657761745,128.984454188143,부산광역시 사하구 다대로381번길 75,True,0.04317269076305221,,,,,,,,,,,
A60475412,다송,사하구,다대동,500.0,1995-05-11,31,190.0,0.38,4.0,10.0,23.0,1,35.0642645919934,128.985861988552,부산광역시 사하구 다대로381번길 99,True,0.046,,,,,,,,,,,
A60475507,대우,사하구,다대동,546.0,1998-09-12,28,937.0,1.716117216117216,0.0,1.0,4.0,2,35.0497848213288,128.967717073323,부산광역시 사하구 다대낙조1길 12,True,0.007326007326007326,,,,,,,,,,,
A60475509,다대푸른,사하구,다대동,640.0,1996-06-27,30,311.0,0.4859375,4.0,12.0,27.0,1,35.0516482081223,128.965077815255,부산광역시 사하구 다대낙조2길 11,True,0.0421875,,,,,,,,,,,
A60475612,다대포현대,사하구,다대동,2181.0,1993-09-09,33,2029.0,0.9303071985327831,7.0,17.0,41.0,4,35.0614810237866,128.979312755324,부산광역시 사하구 다대로 473,True,0.01879871618523613,,,,-0.02079002079002079,-0.020408163265306145,348000000.0,-0.35344827586206895,188000000.0,0.19680851063829796,4.0,False
A60475710,삼환,사하구,다대동,1669.0,1996-09-13,30,1843.0,1.104254044337927,8.0,23.0,41.0,3,35.0617575665852,128.981626579868,부산광역시 사하구 다대로429번길 20,True,0.02456560814859197,226250000.0,8797278.190173205,-0.047368421052631615,-0.08333333333333337,-0.020000000000000018,356500000.0,-0.396914446002805,215000000.0,0.0,5.0,False
A60475803,다대다해,사하구,다대동,372.0,1986-11-03,39,132.0,0.3548387096774194,0.0,3.0,15.0,1,35.0670018985278,128.981883148782,부산광역시 사하구 다송로 7,True,0.04032258064516129,,,,,,,,,,,
A60475903,신익강변타운,사하구,신평동,937.0,1992-03-25,34,501.0,0.5346851654215582,2.0,4.0,19.0,4,35.0954286698909,128.962988469135,부산광역시 사하구 하신중앙로 180,True,0.020277481323372464,180000000.0,6994636.21294588,-0.034852546916890104,-0.0013386880856760541,0.09705882352941186,250000000.0,-0.19999999999999996,148000000.0,0.3513513513513513,4.0,False
A60476101,가락타운1,사하구,하단동,1746.0,1992-09-14,34,1272.0,0.7285223367697594,4.0,20.0,44.0,2,35.1102986564977,128.958536370229,부산광역시 사하구 하신번영로 365,True,0.025200458190148912,298000000.0,11578947.368421052,0.03652173913043488,0.0095403295750216,-0.049180327868852514,450000000.0,-0.3533333333333334,216000000.0,0.3472222222222223,20.0,False
A60476206,가락타운2,사하구,하단동,2980.0,1992-09-14,34,2277.0,0.7640939597315436,15.0,42.0,94.0,2,35.1010731620413,128.957963941885,부산광역시 사하구 하신번영로 233,True,0.03154362416107383,258500000.0,10042438.987640869,0.013725490196078383,-0.0019436345966957758,0.009832841691248762,368000000.0,-0.2975543478260869,187000000.0,0.38235294117647056,38.0,False
A60476511,자유,사하구,다대동,987.0,1993-10-05,32,700.0,0.7092198581560284,3.0,7.0,15.0,3,35.0516153734285,128.971564860205,부산광역시 사하구 다대로 617,True,0.015197568389057751,220000000.0,8544192.06778863,-0.028697571743929395,-0.15384615384615385,-0.06954887218045114,315000000.0,-0.3015873015873016,160000000.0,0.375,3.0,False
A60476604,다대코오롱맨션,사하구,다대동,520.0,1988-07-25,38,190.0,0.36538461538461536,0.0,2.0,7.0,4,35.064090656245,128.98184158244,부산광역시 사하구 다송로 36,True,0.013461538461538462,,,,,,325000000.0,0.0,244500000.0,0.3292433537832311,0.0,True
A60476805,현대,사하구,신평동,992.0,1994-12-17,31,877.0,0.8840725806451613,3.0,15.0,28.0,2,35.0938469892527,128.96428483733,부산광역시 사하구 하신중앙로 170,True,0.028225806451612902,212500000.0,8253884.180790961,-0.011627906976744207,0.03510895883777243,-0.05555555555555558,305000000.0,-0.30327868852459017,180000000.0,0.18055555555555558,9.0,False
A60476911,강남,사하구,장림동,447.0,1992-06-30,34,294.0,0.6577181208053692,5.0,7.0,12.0,2,35.0713714020767,128.970294090814,부산광역시 사하구 장평로41번길 61,True,0.026845637583892617,90000000.0,3496380.010595091,-0.25,-0.08333333333333337,-0.0011098779134295356,145000000.0,-0.40689655172413797,86000000.0,0.0,5.0,False
A60477013,극동정림,사하구,장림동,472.0,1995-12-20,30,355.0,0.7521186440677966,4.0,8.0,21.0,4,35.0726356792876,128.977617040664,부산광역시 사하구 다대로 339,True,0.04449152542372881,132000000.0,5127118.644067797,-0.09433962264150941,0.1015625,-0.09027777777777779,164000000.0,-0.19512195121951215,122000000.0,0.08196721311475419,4.0,False
A60477206,신우림,사하구,장림동,298.0,2001-12-08,24,257.0,0.8624161073825504,0.0,1.0,4.0,2,35.081970603654,128.978646304137,부산광역시 사하구 다대로227번길 15,True,0.013422818791946308,,,,0.02686567164179099,0.22857142857142865,182500000.0,-0.05753424657534245,125000000.0,0.3759999999999999,1.0,True
A60477315,장림현대(372-4),사하구,장림동,828.0,1989-10-20,36,618.0,0.7463768115942029,2.0,3.0,4.0,3,35.0736843186045,128.97719060866,부산광역시 사하구 다대로 301,True,0.004830917874396135,,,,,,300000000.0,-0.4,158000000.0,0.139240506329114,0.0,True
A60477509,장림윌더하임,사하구,장림동,392.0,2005-11-15,20,398.0,1.0153061224489797,1.0,7.0,16.0,3,35.0767453842376,128.972028535435,부산광역시 사하구 장평로 119,True,0.04081632653061224,,,,0.08333333333333326,-0.02631578947368418,220000000.0,-0.11363636363636365,169000000.0,0.15384615384615374,1.0,True
A60477608,장림삼경아파트,사하구,장림동,298.0,1993-04-03,33,143.0,0.4798657718120805,2.0,3.0,11.0,3,35.0769514166666,128.982580602208,부산광역시 사하구 다대로277번길 141,True,0.03691275167785235,,,,,,111000000.0,-0.29729729729729726,77000000.0,0.01298701298701288,0.0,True
A60478201,감천현대,사하구,감천동,200.0,1994-10-29,31,121.0,0.605,0.0,2.0,5.0,4,35.0902534268192,128.9962495497,부산광역시 사하구 감천로 38,True,0.025,,,,,-0.14634146341463417,235000000.0,-0.25531914893617025,174500000.0,0.002865329512893977,0.0,True
A60478203,감천백산,사하구,감천동,224.0,1995-12-19,30,154.0,0.6875,1.0,3.0,5.0,3,35.0905945623474,128.995825878518,부산광역시 사하구 감천로 32,True,0.022321428571428572,,,,,,185000000.0,-0.08108108108108103,158000000.0,0.07594936708860756,0.0,True
A60480001,영동힐타운,사하구,감천동,176.0,2003-06-20,23,157.0,0.8920454545454546,3.0,6.0,8.0,4,35.0941525989022,129.009663103577,부산광역시 사하구 옥천로 87,True,0.045454545454545456,168000000.0,6585785.679242303,,-0.12041884816753923,,191000000.0,-0.12041884816753923,150000000.0,0.1200000000000001,1.0,True
A60480405,남성한빛가든,사하구,감천동,307.0,1995-10-20,30,230.0,0.749185667752443,2.0,3.0,6.0,2,35.0841873393999,129.009516574052,부산광역시 사하구 감천로 175,True,0.019543973941368076,155000000.0,6028995.756718528,0.03333333333333344,,-0.1432584269662921,217000000.0,-0.2857142857142857,150000000.0,0.03333333333333344,3.0,False
A60480608,부영벽산파라빌,사하구,감천동,634.0,2002-12-18,23,638.0,1.0063091482649842,4.0,7.0,17.0,3,35.0942185295071,128.995549749053,부산광역시 사하구 감천로21번길 35,True,0.026813880126182965,219000000.0,8502963.153826334,0.04285714285714293,-0.13580246913580252,-0.00694444444444442,270000000.0,-0.18888888888888888,185000000.0,0.18378378378378368,4.0,False
A60480703,벽산하이츠타운,사하구,괴정동,299.0,1995-11-13,30,221.0,0.7391304347826086,1.0,2.0,5.0,3,35.1008676181434,129.003917768296,부산광역시 사하구 오작로 104,True,0.016722408026755852,,,,,-0.10333333333333339,191500000.0,-0.4778067885117493,100000000.0,0.0,0.0,True
A60480804,극동스타클래스,사하구,괴정동,470.0,2007-04-30,19,475.0,1.0106382978723405,4.0,8.0,20.0,2,35.1054010990413,128.99904477391,부산광역시 사하구 대티로1번길 22,True,0.0425531914893617,356500000.0,13849189.272817127,0.33271028037383177,-0.03259259259259262,0.01936483346243212,450000000.0,-0.1777777777777778,225000000.0,0.6444444444444444,4.0,False
A60481001,신익타운,사하구,괴정동,228.0,1991-04-23,35,144.0,0.631578947368421,0.0,1.0,1.0,5,35.098352966658,128.998804115049,부산광역시 사하구 오작로 46,True,0.0043859649122807015,,,,,,184000000.0,-0.2663043478260869,125000000.0,0.08000000000000007,0.0,True
A60481002,신괴정화신아파트,사하구,괴정동,270.0,1990-03-31,36,187.0,0.6925925925925925,0.0,2.0,6.0,5,35.0992782463789,128.999413790074,부산광역시 사하구 오작로 68,True,0.022222222222222223,,,,0.2954545454545454,-0.1875,185000000.0,-0.29729729729729726,110000000.0,0.18181818181818188,2.0,True
A60481201,괴정경동메르빌,사하구,괴정동,163.0,2006-12-04,19,166.0,1.01840490797546,1.0,1.0,7.0,1,35.0939401402417,128.987048463561,부산광역시 사하구 괴정로244번길 57,True,0.04294478527607362,195000000.0,7570632.768428049,,-0.025000000000000022,-0.09090909090909094,250000000.0,-0.21999999999999997,180000000.0,0.08333333333333326,1.0,True
A60481203,국제,사하구,괴정동,176.0,1985-06-05,41,150.0,0.8522727272727273,0.0,1.0,1.0,2,35.0947645574797,128.991807753275,부산광역시 사하구 사하로141번길 20,True,0.005681818181818182,,,,,,335000000.0,-0.4119402985074627,197000000.0,0.0,0.0,True
A60481206,우신타워아파트,사하구,괴정동,250.0,1989-10-12,36,150.0,0.6,1.0,2.0,4.0,3,35.0940384070786,128.9891943234,부산광역시 사하구 사하로141번나길 35-4,True,0.016,,,,-0.014814814814814836,0.08064516129032251,158000000.0,-0.15822784810126578,100000000.0,0.33000000000000007,1.0,True
A60481303,일동지에닌,사하구,괴정동,211.0,2004-08-10,22,267.0,1.2654028436018958,0.0,0.0,3.0,3,35.0989898252693,128.984353824496,부산광역시 사하구 낙동대로 301,True,0.014218009478672985,,,,,,358000000.0,-0.05027932960893855,300000000.0,0.1333333333333333,0.0,True
A60481504,괴정한신,사하구,괴정동,225.0,1997-11-14,28,220.0,0.9777777777777777,0.0,0.0,8.0,3,35.1011615093735,128.989278589121,부산광역시 사하구 승학로 221,True,0.035555555555555556,,,,,-0.019230769230769273,315000000.0,-0.19047619047619047,200000000.0,0.2749999999999999,0.0,True
A60481505,괴정자유2차,사하구,괴정동,235.0,1997-02-01,29,131.0,0.5574468085106383,0.0,1.0,3.0,2,35.1030357751576,128.99053082063,부산광역시 사하구 승학로233번길 50,True,0.01276595744680851,,,,-0.09090909090909094,0.0714285714285714,197500000.0,-0.240506329113924,131500000.0,0.14068441064638781,1.0,True
A60481508,괴정자유3,사하구,괴정동,298.0,1997-01-24,29,223.0,0.7483221476510067,1.0,2.0,4.0,3,35.1031153615073,128.989026159247,부산광역시 사하구 승학로233번길 33,True,0.013422818791946308,170000000.0,6610109.579356662,,,0.0625,200000000.0,-0.15000000000000002,145000000.0,0.17241379310344818,1.0,True
A60481601,동진그린힐,사하구,괴정동,207.0,1995-06-08,31,139.0,0.6714975845410628,1.0,3.0,8.0,3,35.0965666850898,128.980775002903,부산광역시 사하구 장평로 378,True,0.03864734299516908,,,,-0.2178770949720671,-0.08205128205128209,202000000.0,-0.306930693069307,135000000.0,0.03703703703703698,1.0,True
A60481703,구평1차자유,사하구,구평동,584.0,1999-03-05,27,589.0,1.0085616438356164,2.0,9.0,16.0,3,35.0873937987817,128.984785017684,부산광역시 사하구 을숙도대로709번길 31,True,0.0273972602739726,148000000.0,5773049.645390071,0.010238907849829282,0.09629629629629632,-0.08414239482200647,173000000.0,-0.1445086705202312,108000000.0,0.37037037037037046,3.0,False
A60482013,몰운대,사하구,다대동,2960.0,1996-01-10,30,1461.0,0.49358108108108106,17.0,40.0,99.0,1,35.0516293768853,128.966106194759,부산광역시 사하구 다대낙조2길 12,True,0.033445945945945944,,,,,,,,,,,
A60482502,다대영동비치타워,사하구,다대동,280.0,2005-10-21,20,280.0,1.0,1.0,6.0,11.0,2,35.0563662151405,128.972028812912,부산광역시 사하구 다대동로 30,True,0.039285714285714285,239000000.0,9308391.360793106,0.10138248847926268,0.036363636363636376,-0.08333333333333337,280000000.0,-0.14642857142857146,200000000.0,0.19500000000000006,4.0,False
A60482708,성원,사하구,다대동,546.0,1998-09-26,27,987.0,1.8076923076923077,3.0,7.0,11.0,2,35.0484867653077,128.968198791232,부산광역시 사하구 다대낙조1길 42,True,0.020146520146520148,,,,,,,,,,,
A60482811,동원베네스트2차,사하구,당리동,432.0,2006-01-18,20,586.0,1.3564814814814814,2.0,8.0,15.0,3,35.1109549980591,128.983556801431,부산광역시 사하구 제석로 171,True,0.034722222222222224,202500000.0,7907731.886175996,-0.07954545454545459,0.07317073170731714,-0.03002309468822173,250000000.0,-0.19999999999999996,170000000.0,0.17647058823529416,6.0,False
A60482812,당리동1차동원베네스트,사하구,당리동,499.0,2005-02-05,21,520.0,1.0420841683366733,2.0,3.0,11.0,4,35.1103994801992,128.984307174878,부산광역시 사하구 제석로 160,True,0.022044088176352707,,,,-0.0025316455696202667,0.011538461538461497,240000000.0,-0.1791666666666667,170000000.0,0.1588235294117648,1.0,True
A60482901,당리형제,사하구,당리동,183.0,1998-11-24,27,129.0,0.7049180327868853,0.0,0.0,3.0,3,35.1088188278239,128.977215549806,부산광역시 사하구 제석로95번길 21,True,0.01639344262295082,,,,,,185000000.0,-0.018918918918918948,140000000.0,0.2964285714285715,0.0,True
A60482902,우림그린맨션,사하구,당리동,194.0,1991-05-27,35,175.0,0.9020618556701031,0.0,1.0,2.0,2,35.1097668210744,128.978416943787,부산광역시 사하구 제석로95번길 22-5,True,0.010309278350515464,,,,0.007407407407407307,0.02264150943396226,160000000.0,-0.15000000000000002,118000000.0,0.15254237288135597,1.0,True
A60483201,한솔베스파트,사하구,신평동,176.0,2001-03-27,25,155.0,0.8806818181818182,1.0,1.0,3.0,2,35.0906623325738,128.97593061379,부산광역시 사하구 신산로 187,True,0.017045454545454544,,,,,,240000000.0,-0.10416666666666663,215000000.0,0.0,0.0,True
A60483203,신평삼익아파트,사하구,신평동,312.0,1989-05-30,37,87.0,0.27884615384615385,2.0,5.0,8.0,4,35.0940000071703,128.974009012869,부산광역시 사하구 장평로 311,True,0.02564102564102564,,,,,,150000000.0,0.0,126000000.0,0.19047619047619047,0.0,True
A60483401,원우,사하구,신평동,276.0,2001-06-07,25,276.0,1.0,2.0,3.0,7.0,2,35.0980130792261,128.964658156767,부산광역시 사하구 비봉로 29,True,0.025362318840579712,,,,,-0.14090909090909087,240000000.0,-0.21250000000000002,189000000.0,0.0,1.0,True
A60483402,삼창강변1,사하구,신평동,297.0,1998-01-14,28,301.0,1.0134680134680134,0.0,2.0,6.0,3,35.0976218572642,128.965165007772,부산광역시 사하구 비봉로 37,True,0.020202020202020204,,,,,0.0473537604456824,236000000.0,-0.2033898305084746,169000000.0,0.11242603550295849,1.0,True
A60483404,한신,사하구,신평동,937.0,1993-12-14,32,739.0,0.7886872998932765,5.0,12.0,27.0,3,35.0970527267283,128.965872629359,부산광역시 사하구 비봉로 42,True,0.0288153681963714,163000000.0,6331214.689265537,0.12413793103448278,-0.026666666666666616,-0.013333333333333308,170000000.0,-0.04117647058823526,125000000.0,0.30400000000000005,8.0,False
A60484001,장림현대(60-42),사하구,장림동,152.0,1995-07-15,31,111.0,0.7302631578947368,0.0,2.0,7.0,3,35.0787377276337,128.980856441858,부산광역시 사하구 두송로 47,True,0.046052631578947366,,,,0.16883116883116878,-0.0546875,149000000.0,-0.09395973154362414,105000000.0,0.2857142857142858,1.0,True
A60484003,동원타워,사하구,장림동,216.0,1993-11-18,32,147.0,0.6805555555555556,2.0,4.0,9.0,2,35.0758782963308,128.980661132354,부산광역시 사하구 다대로277번길 56,True,0.041666666666666664,133000000.0,5172048.079189253,0.08571428571428563,0.079913606911447,-0.07692307692307687,152000000.0,-0.125,100000000.0,0.33000000000000007,3.0,False
A60484004,장림우림그린맨션,사하구,장림동,255.0,1992-01-28,34,166.0,0.6509803921568628,0.0,0.0,5.0,2,35.0789046991948,128.979213345887,부산광역시 사하구 두송로 25,True,0.0196078431372549,,,,,0.3529411764705883,170000000.0,-0.05294117647058827,95000000.0,0.6947368421052631,0.0,True
A60484514,협성르네상스,사하구,장림동,650.0,2007-05-11,19,726.0,1.116923076923077,4.0,10.0,21.0,3,35.0747830165752,128.971459508778,부산광역시 사하구 장평로 87,True,0.03230769230769231,235000000.0,9123690.4180662,-0.095283926852743,-0.01988071570576544,-0.029527559055118058,298000000.0,-0.21140939597315433,214000000.0,0.0981308411214954,4.0,False
A60484607,국제마마,사하구,장림동,288.0,1993-09-06,33,139.0,0.4826388888888889,2.0,5.0,7.0,2,35.0707155860485,128.97076106908,부산광역시 사하구 장평로41번길 51,True,0.024305555555555556,,,,,-0.16822429906542058,142000000.0,-0.37323943661971826,89000000.0,0.0,1.0,True
A60484612,벽산아파트,사하구,장림동,450.0,1992-09-09,34,234.0,0.52,2.0,4.0,11.0,5,35.0689911277764,128.972591681397,부산광역시 사하구 장평로41번길 19,True,0.024444444444444446,,,,,-0.09917355371900827,159000000.0,-0.3144654088050315,105000000.0,0.03809523809523818,0.0,True
A60485001,하단삼창,사하구,하단동,162.0,2001-06-25,25,160.0,0.9876543209876543,0.0,2.0,13.0,3,35.1015965914473,128.972241074201,부산광역시 사하구 괴정로 76,True,0.08024691358024691,,,,,,275000000.0,-0.26181818181818184,197500000.0,0.02784810126582271,0.0,True
A60485510,자유,사하구,괴정동,320.0,1982-09-01,44,369.0,1.153125,1.0,2.0,5.0,2,35.097783465162,128.989127859139,부산광역시 사하구 낙동대로 263,True,0.015625,,,,,,490000000.0,-0.23469387755102045,350000000.0,0.0714285714285714,0.0,True
A60605201,영광그린,영도구,신선동2가,209.0,1993-12-30,32,135.0,0.645933014354067,0.0,1.0,3.0,4,35.0840327464745,129.04700975547,부산광역시 영도구 중복길 270,True,0.014354066985645933,,,,,-0.3548387096774194,170000000.0,-0.4117647058823529,100000000.0,0.0,1.0,True
A60607001,한일유앤아이,영도구,청학동,210.0,2005-08-17,21,211.0,1.0047619047619047,2.0,3.0,3.0,1,35.0872108790618,129.065181140324,부산광역시 영도구 일산봉로 58,True,0.014285714285714285,165000000.0,6447083.005749685,-0.02941176470588236,,-0.008746355685131157,205000000.0,-0.2195121951219512,160000000.0,0.0,3.0,False
A60607002,원우엔리치빌,영도구,청학동,490.0,2004-07-09,22,522.0,1.0653061224489795,3.0,3.0,11.0,3,35.0854099169466,129.06222069571,부산광역시 영도구 조내기로 38,True,0.022448979591836733,165000000.0,6412302.199025141,,-0.04347826086956519,0.0014836795252226587,247000000.0,-0.3319838056680162,165000000.0,0.0,1.0,True
A60607003,신영도롯데낙천대,영도구,청학동,528.0,2005-10-26,20,513.0,0.9715909090909091,5.0,9.0,12.0,4,35.088132811256,129.061865406657,부산광역시 영도구 청학남로 48,True,0.022727272727272728,202500000.0,7864540.426032718,0.1187845303867403,-0.04125000000000001,0.08843537414965996,260000000.0,-0.35769230769230764,160000000.0,0.043749999999999956,6.0,False
A60607004,영도신도브래뉴,영도구,청학동,508.0,2009-07-30,17,573.0,1.1279527559055118,4.0,13.0,18.0,3,35.0980056587134,129.05634985643,부산광역시 영도구 태종로 260,True,0.03543307086614173,290000000.0,11263991.713845175,-0.03252710592160135,-0.04180064308681675,-0.03870967741935483,445000000.0,-0.348314606741573,278750000.0,0.04035874439461873,6.0,False
A60608001,벽산비치,영도구,동삼동,414.0,1995-06-10,31,535.0,1.2922705314009661,1.0,2.0,15.0,3,35.0754307334395,129.069474367541,부산광역시 영도구 와치로 266,True,0.036231884057971016,,,,,0.054216867469879526,255000000.0,-0.1470588235294118,188000000.0,0.15691489361702127,0.0,True
A60608002,조양비취맨션,영도구,동삼동,630.0,1985-12-21,40,320.0,0.5079365079365079,1.0,2.0,5.0,3,35.0709375752394,129.070767885546,부산광역시 영도구 절영로 504,True,0.007936507936507936,,,,,,,,,,,
A60608106,반도보라비치타운,영도구,동삼동,320.0,1994-11-14,31,353.0,1.103125,2.0,6.0,12.0,2,35.0718028893525,129.060358052407,부산광역시 영도구 함지로 19,True,0.0375,,,,-0.21764705882352942,-0.12483912483912485,265000000.0,-0.4981132075471698,133000000.0,0.0,1.0,True
A60608303,동삼그린힐,영도구,동삼동,2088.0,1993-09-22,32,913.0,0.43726053639846746,5.0,16.0,51.0,2,35.0856395176363,129.069877449987,부산광역시 영도구 상리로 1,True,0.02442528735632184,,,,,,,,,,,
A60673703,일신마리나,영도구,청학동,355.0,1994-01-11,32,270.0,0.7605633802816901,1.0,4.0,9.0,4,35.0869066625643,129.063036793119,부산광역시 영도구 조내기로 33,True,0.02535211267605634,,,,-0.09777777777777774,-0.2637931034482759,169000000.0,-0.42307692307692313,97500000.0,0.0,3.0,False
A60674101,동부산아이존빌,영도구,영선동2가,416.0,2004-11-30,21,481.0,1.15625,1.0,5.0,10.0,5,35.0883400540716,129.043166088277,부산광역시 영도구 영선대로 98,True,0.02403846153846154,,,,-0.034653465346534684,0.03076923076923066,465000000.0,-0.16129032258064513,300000000.0,0.30000000000000004,2.0,True
A60675110,함지그린,영도구,동삼동,1000.0,1994-05-06,32,550.0,0.55,2.0,15.0,35.0,2,35.0712895362543,129.061998563801,부산광역시 영도구 함지로 8,True,0.035,,,,,,,,,,,
A60675701,대동대교맨션,영도구,대평동1가,462.0,1980-08-30,46,288.0,0.6233766233766234,1.0,1.0,2.0,4,35.0911570054442,129.035937887166,부산광역시 영도구 대평로 16,True,0.004329004329004329,290000000.0,10777027.027027026,,0.15999999999999992,,530000000.0,-0.4528301886792453,250000000.0,0.15999999999999992,1.0,True
A60675801,미광마린타워,영도구,봉래동2가,676.0,1992-06-05,34,471.0,0.6967455621301775,0.0,3.0,9.0,2,35.0945736176092,129.043307273236,부산광역시 영도구 대교로14번길 17,True,0.013313609467455622,,,,-0.01849217638691325,0.030169242089771897,477000000.0,-0.2767295597484277,249000000.0,0.3855421686746987,1.0,True
A60675901,영도대원,영도구,영선동4가,448.0,1991-01-05,35,358.0,0.7991071428571429,2.0,5.0,7.0,4,35.0823032131452,129.04406716788,부산광역시 영도구 남항새싹길 79,True,0.015625,,,,,,200000000.0,0.0,200000000.0,0.0,0.0,True
A60677104,동삼동한진로즈힐,영도구,동삼동,270.0,2004-12-27,21,231.0,0.8555555555555555,1.0,3.0,10.0,2,35.0734554238004,129.071186017475,부산광역시 영도구 와치로 294,True,0.037037037037037035,,,,,,,,,,,
A60680701,동삼동삼창그린타운(679-1),영도구,동삼동,174.0,1996-12-31,29,120.0,0.6896551724137931,1.0,1.0,3.0,3,35.0715705478664,129.074990216614,부산광역시 영도구 태종로700번길 19,True,0.017241379310344827,155000000.0,6024025.4386998005,,0.019736842105263053,,186000000.0,-0.16666666666666663,140000000.0,0.1071428571428572,1.0,True
A60680702,삼창파크타운5동6동,영도구,동삼동,183.0,1990-12-07,35,130.0,0.7103825136612022,0.0,1.0,1.0,4,35.0748134884244,129.072915379612,부산광역시 영도구 절영로 551,True,0.00546448087431694,,,,,-0.07499999999999996,170000000.0,-0.12941176470588234,148000000.0,0.0,1.0,True
A60680703,경전,영도구,동삼동,224.0,1993-10-14,32,138.0,0.6160714285714286,1.0,1.0,5.0,6,35.0808965763072,129.071501974261,부산광역시 영도구 동삼동로 10,True,0.022321428571428572,155000000.0,5965014.577259475,,,-0.0064102564102563875,215000000.0,-0.2790697674418605,150000000.0,0.03333333333333344,1.0,True
A60680705,에덴금호,영도구,동삼동,285.0,1995-06-09,31,220.0,0.7719298245614035,0.0,3.0,9.0,3,35.0710310870538,129.075712610301,부산광역시 영도구 태종로 702,True,0.031578947368421054,,,,0.3076923076923077,-0.08346972176759415,190000000.0,-0.10526315789473684,105000000.0,0.6190476190476191,1.0,True
A60680907,동삼절영3,영도구,동삼동,360.0,1997-12-27,28,125.0,0.3472222222222222,1.0,3.0,6.0,1,35.0743175404728,129.071747021031,부산광역시 영도구 와치로 287,True,0.016666666666666666,,,,,,,,,,,
A60680909,국제마마뉴비치타운,영도구,동삼동,522.0,1995-07-03,31,573.0,1.0977011494252873,3.0,7.0,14.0,3,35.0724791628311,129.069240000023,부산광역시 영도구 중리로 32,True,0.02681992337164751,167000000.0,6426072.76119403,-0.04571428571428571,0.01754385964912286,-0.01833568406205921,234000000.0,-0.3162393162393162,141000000.0,0.13475177304964547,6.0,False
A60680912,절영아파트(208동-214동),영도구,동삼동,1340.0,1995-10-20,30,685.0,0.5111940298507462,4.0,17.0,34.0,1,35.0767270675141,129.067752734813,부산광역시 영도구 와치로 231,True,0.025373134328358207,,,,,,,,,,,
A60681101,영도유림,영도구,봉래동4가,310.0,1996-12-30,29,177.0,0.5709677419354838,1.0,1.0,4.0,2,35.0910886806068,129.05105492109,부산광역시 영도구 봉래길 94,True,0.012903225806451613,,,,,0.0,184000000.0,-0.021739130434782594,138000000.0,0.30434782608695654,0.0,True
A60681702,반도보라,영도구,영선동4가,868.0,2000-06-16,26,994.0,1.1451612903225807,2.0,7.0,13.0,4,35.0824525021607,129.040431961441,부산광역시 영도구 해안산책길 30,True,0.014976958525345621,,,,,,369000000.0,-0.18563685636856364,249000000.0,0.2068273092369477,0.0,True
A60681801,삼창,영도구,청학동,175.0,1995-12-29,30,111.0,0.6342857142857142,0.0,0.0,2.0,2,35.0922675558914,129.066622624195,부산광역시 영도구 광암길 6,True,0.011428571428571429,,,,,,183000000.0,-0.03825136612021862,153000000.0,0.15032679738562083,0.0,True
A60681802,한라비치,영도구,청학동,299.0,1994-05-14,32,254.0,0.8494983277591973,1.0,3.0,6.0,3,35.0892915085618,129.067871065438,부산광역시 영도구 태종로 428,True,0.020066889632107024,193000000.0,7507957.090651891,,0.1352941176470588,0.0676470588235294,238500000.0,-0.19077568134171907,160500000.0,0.20249221183800614,1.0,True
A60681904,미주비치,영도구,청학동,418.0,1999-08-02,27,360.0,0.861244019138756,3.0,5.0,7.0,3,35.0875755484251,129.065754303138,부산광역시 영도구 일산봉로 62,True,0.01674641148325359,140000000.0,5439133.5060042385,,,-0.08646003262642743,186000000.0,-0.24731182795698925,130000000.0,0.07692307692307687,1.0,True
A60701001,명륜동SK-VIEW,동래구,명륜동,281.0,2006-07-28,20,333.0,1.1850533807829182,2.0,8.0,13.0,2,35.2142945143291,129.084934062172,부산광역시 동래구 명륜로236번길 9,True,0.046263345195729534,415000000.0,16163316.17665283,-0.01542111506524313,0.06708860759493662,0.0096735187424426,550000000.0,-0.2727272727272727,325000000.0,0.23076923076923084,7.0,False
A60701002,동래센트럴파크하이츠1차,동래구,명륜동,390.0,2011-01-12,15,857.0,2.1974358974358976,0.0,2.0,6.0,2,35.2112837811324,129.084420812456,부산광역시 동래구 문화로 15,True,0.015384615384615385,,,,,,,,,,,
A60701003,동래센트럴파크하이츠2차,동래구,명륜동,680.0,2010-12-31,15,1174.0,1.7264705882352942,4.0,5.0,28.0,2,35.2110693558213,129.086645725455,부산광역시 동래구 문화로 33,True,0.041176470588235294,638750000.0,24806701.030927837,,0.03861788617886175,0.03166666666666673,787000000.0,-0.1740787801778907,496000000.0,0.310483870967742,3.0,False
A60701004,명륜아이파크1단지,동래구,명륜동,1409.0,2013-12-30,12,1912.0,1.3569907735982967,2.0,19.0,52.0,4,35.2099506283549,129.082954713533,부산광역시 동래구 명륜로 170,True,0.036905606813342796,,,,-0.0018714909544603753,0.10344827586206895,950000000.0,-0.07789473684210524,600000000.0,0.45999999999999996,10.0,False
A60702002,우성베스토피아,동래구,복천동,744.0,1989-02-08,37,736.0,0.989247311827957,0.0,6.0,16.0,3,35.205826507023,129.087317319323,부산광역시 동래구 복천로5번길 34,True,0.021505376344086023,,,,-0.022556390977443663,0.030110935023771823,595000000.0,-0.4117647058823529,240000000.0,0.45833333333333326,3.0,False
A60706001,명륜역대원칸타빌,동래구,온천동,378.0,2014-07-23,12,210.0,0.5555555555555556,0.0,0.0,0.0,1,35.2145775855498,129.079050528834,부산광역시 동래구 온천장로 21,True,0.0,,,,,,,,,,,
A60706303,동부현대,동래구,온천동,227.0,1995-10-28,30,183.0,0.8061674008810573,0.0,1.0,2.0,3,35.2061638285848,129.05847169714,부산광역시 동래구 쇠미로129번길 86,True,0.00881057268722467,,,,,,210000000.0,-0.1428571428571429,130000000.0,0.3846153846153846,0.0,True
A60710001,롯데캐슬애브뉴,동래구,안락동,172.0,2007-05-28,19,286.0,1.6627906976744187,1.0,5.0,7.0,3,35.1972979226409,129.098179611193,부산광역시 동래구 충렬대로 368,True,0.040697674418604654,410000000.0,16086077.755320413,,0.11111111111111116,0.1803030303030304,458000000.0,-0.10480349344978168,300000000.0,0.3666666666666667,1.0,True
A60710002,동부산아이존빌,동래구,안락동,338.0,2003-11-10,22,354.0,1.047337278106509,0.0,3.0,15.0,4,35.1937455557862,129.105468254114,부산광역시 동래구 충렬대로428번길 49,True,0.04437869822485207,,,,-0.12429378531073443,-0.0444444444444444,483000000.0,-0.3581780538302277,272500000.0,0.13761467889908263,1.0,True
A60710004,안락뜨란채2단지,동래구,안락동,1420.0,2005-10-26,20,1427.0,1.0049295774647888,14.0,28.0,66.0,4,35.1927417818779,129.110161293431,부산광역시 동래구 연안로 74,True,0.04647887323943662,492500000.0,19138601.036269426,0.03684210526315779,0.05163043478260865,0.052989130434782705,690000000.0,-0.28623188405797106,340000000.0,0.44852941176470584,10.0,False
A60710005,센텀유림노르웨이숲,동래구,안락동,163.0,2013-09-30,12,174.0,1.0674846625766872,0.0,1.0,5.0,1,35.1912945186024,129.113029577192,부산광역시 동래구 연안로58번가길 10,True,0.03067484662576687,,,,0.02564102564102555,-0.0014184397163120588,445000000.0,-0.1910112359550562,300000000.0,0.19999999999999996,1.0,True
A60711001,조양,동래구,명장동,380.0,1983-10-22,42,296.0,0.7789473684210526,3.0,6.0,16.0,3,35.2059409006853,129.101215043535,부산광역시 동래구 반송로273번길 2,True,0.042105263157894736,,,,,,500000000.0,-0.19999999999999996,398000000.0,0.005025125628140614,0.0,True
A60711002,삼성타운,동래구,명장동,471.0,1996-08-01,30,381.0,0.8089171974522293,1.0,4.0,10.0,2,35.2026966821831,129.099963388662,부산광역시 동래구 명장로20번길 90,True,0.021231422505307854,290000000.0,11292035.398230087,-0.1470588235294118,0.032786885245901676,0.00328947368421062,410000000.0,-0.29268292682926833,258750000.0,0.12077294685990347,2.0,True
A60712001,사직2차삼정그린코아,동래구,사직동,560.0,2006-08-07,20,950.0,1.6964285714285714,4.0,9.0,27.0,4,35.2030857318743,129.054537240962,부산광역시 동래구 쇠미로81번길 22,True,0.048214285714285716,359750000.0,14178236.270974008,,0.07749906402096585,0.011678832116788218,475000000.0,-0.24631578947368427,285000000.0,0.2561403508771929,3.0,False
A60712102,삼익,동래구,사직동,300.0,1979-06-25,47,241.0,0.8033333333333333,4.0,5.0,12.0,3,35.2007754924069,129.059105181141,부산광역시 동래구 사직북로48번길 25,True,0.04,,,,,-0.050000000000000044,575000000.0,-0.17391304347826086,340000000.0,0.3970588235294117,0.0,True
A60712204,한신,동래구,사직동,710.0,1999-03-31,27,728.0,1.0253521126760563,3.0,11.0,23.0,3,35.2015828613283,129.053592626104,부산광역시 동래구 쇠미로81번길 33,True,0.0323943661971831,220000000.0,8547209.795149516,-0.04347826086956519,-0.07563025210084029,0.0388457269700333,330000000.0,-0.33333333333333337,197000000.0,0.11675126903553301,4.0,False
A60771101,쌍용예가,동래구,명륜동,269.0,2007-02-16,19,349.0,1.2973977695167287,4.0,6.0,15.0,3,35.2101304681676,129.080478372535,부산광역시 동래구 동래로 53,True,0.055762081784386616,590000000.0,22935077.357294813,0.10280373831775691,0.03878116343490312,0.007441860465116301,700000000.0,-0.15714285714285714,500000000.0,0.17999999999999994,3.0,False
A60775306,동래럭키,동래구,온천동,1536.0,1983-04-04,43,668.0,0.4348958333333333,2.0,11.0,34.0,2,35.2098418293523,129.074414771081,부산광역시 동래구 충렬대로107번길 54,True,0.022135416666666668,865000000.0,33725189.03591682,0.005813953488372103,0.05263157894736836,0.0789808917197452,1235000000.0,-0.2995951417004049,660000000.0,0.31060606060606055,7.0,False
A60775407,동원로얄듀크,동래구,낙민동,632.0,1998-12-29,27,645.0,1.0205696202531647,3.0,9.0,14.0,3,35.1929250056465,129.097170579909,부산광역시 동래구 온천천로399번길 14,True,0.022151898734177215,400000000.0,15533066.6039068,-0.017199017199017175,0.022784810126582178,-0.014634146341463428,498000000.0,-0.19678714859437751,295000000.0,0.35593220338983045,3.0,False
A60775502,동래벽산,동래구,낙민동,420.0,1997-02-15,29,323.0,0.7690476190476191,1.0,5.0,17.0,2,35.1952930290739,129.097192492084,부산광역시 동래구 안남로 47,True,0.04047619047619048,284000000.0,11038869.25795053,-0.1708029197080292,-0.09202898550724636,-0.04195804195804198,465000000.0,-0.389247311827957,254500000.0,0.11591355599214137,3.0,False
A60775605,동래우성,동래구,낙민동,531.0,1997-08-04,29,484.0,0.911487758945386,2.0,7.0,19.0,4,35.1949681839736,129.093401358964,부산광역시 동래구 안남로 9,True,0.035781544256120526,,,,-0.08714285714285719,0.09395424836601318,397500000.0,-0.19622641509433958,235000000.0,0.3595744680851063,1.0,True
A60775701,중앙하이츠1,동래구,낙민동,330.0,1994-09-30,31,191.0,0.5787878787878787,0.0,4.0,16.0,2,35.1951138337049,129.09650329891,부산광역시 동래구 안남로31번길 10,True,0.048484848484848485,,,,0.06875000000000009,0.01846153846153853,410000000.0,-0.1658536585365854,237000000.0,0.4430379746835442,1.0,True
A60776006,한양,동래구,낙민동,552.0,1980-04-30,46,181.0,0.3278985507246377,1.0,5.0,9.0,3,35.1984482125389,129.091672765039,부산광역시 동래구 충렬대로 314,True,0.016304347826086956,420000000.0,16716921.963574959,-0.045454545454545414,-0.0337078651685393,,720000000.0,-0.41666666666666663,340000000.0,0.23529411764705888,2.0,True
A60776301,동래복천현대,동래구,복천동,370.0,1996-03-29,30,277.0,0.7486486486486487,0.0,0.0,7.0,2,35.207317387581,129.086135102383,부산광역시 동래구 복천로5번길 31,True,0.01891891891891892,,,,,0.06481632653061231,447000000.0,-0.31767337807606266,260000000.0,0.17307692307692313,0.0,True
A60776401,삼환나우빌,동래구,사직동,470.0,2010-08-02,16,524.0,1.1148936170212767,2.0,7.0,27.0,4,35.2002148659212,129.055601651881,부산광역시 동래구 쇠미로 72,True,0.0574468085106383,,,,0.09000825763831544,0.125,600000000.0,-0.15000000000000002,350000000.0,0.4571428571428571,4.0,False
A60776402,사직2차쌍용예가,동래구,사직동,625.0,2010-11-22,15,835.0,1.336,5.0,13.0,36.0,2,35.1988241040139,129.056668295591,부산광역시 동래구 쇠미로40번길 55,True,0.0576,513000000.0,19917642.214247894,0.010837438423645374,0.04252049180327866,0.14559819413092545,665000000.0,-0.3007518796992481,343000000.0,0.3556851311953353,11.0,False
A60777205,안락SKVIEW,동래구,안락동,1898.0,1999-05-19,27,2641.0,1.3914646996838778,8.0,28.0,70.0,4,35.1948135944524,129.111846754195,부산광역시 동래구 충렬대로 487,True,0.0368809272918862,420000000.0,16313559.322033899,0.10526315789473695,0.01040312093628093,-0.009020618556700999,532500000.0,-0.21126760563380287,282000000.0,0.4893617021276595,9.0,False
A60777604,안락현대,동래구,안락동,738.0,2001-03-31,25,812.0,1.100271002710027,6.0,18.0,30.0,5,35.2005767533328,129.11375378447,부산광역시 동래구 삼어로 9,True,0.04065040650406504,346000000.0,13459860.898267122,0.024426350851221246,0.039453717754172946,-0.02124542124542128,445000000.0,-0.22247191011235956,288000000.0,0.20138888888888884,4.0,False
A60777701,성완아이렉스,동래구,온천동,144.0,2003-11-13,22,113.0,0.7847222222222222,1.0,3.0,9.0,4,35.2225929282981,129.081741279811,부산광역시 동래구 금강로 160-1,True,0.0625,,,,,-0.032258064516129004,279000000.0,-0.24731182795698925,210000000.0,0.0,0.0,True
A60777805,삼익,동래구,온천동,432.0,1978-12-11,47,255.0,0.5902777777777778,1.0,4.0,11.0,3,35.2131533810125,129.074840755826,부산광역시 동래구 금강로 28,True,0.02546296296296296,,,,0.10643274853801166,-0.08999999999999997,850000000.0,-0.44352941176470584,367000000.0,0.28882833787465945,1.0,True
A60777905,동래대우,동래구,온천동,497.0,2002-01-18,24,457.0,0.9195171026156942,1.0,4.0,17.0,2,35.2037425187501,129.075042515501,부산광역시 동래구 충렬대로140번길 32,True,0.03420523138832998,500000000.0,19419235.39997152,0.07526881720430101,0.050000000000000044,0.023665382498624155,570000000.0,-0.1228070175438597,377500000.0,0.32450331125827825,4.0,False
A60778006,삼정그린코아,동래구,온천동,497.0,2003-11-13,22,518.0,1.0422535211267605,3.0,10.0,20.0,5,35.2063779508598,129.057665712745,부산광역시 동래구 쇠미로129번길 91,True,0.04024144869215292,213500000.0,8292725.988700565,0.11633986928104578,-0.07977528089887642,-0.01839080459770115,295000000.0,-0.28135593220338984,185000000.0,0.145945945945946,6.0,False
A60778304,동래SKVIEW,동래구,온천동,342.0,2006-01-20,20,427.0,1.2485380116959064,0.0,4.0,15.0,2,35.2115934932872,129.075675956273,부산광역시 동래구 중앙대로1381번길 52,True,0.043859649122807015,,,,0.0025316455696202667,0.12287334593572785,767500000.0,-0.21824104234527686,480000000.0,0.25,2.0,True
A60778502,강변뜨란채,동래구,안락동,814.0,2006-04-28,20,816.0,1.0024570024570025,4.0,13.0,33.0,3,35.195538188241,129.102446944314,부산광역시 동래구 안남로 79,True,0.04054054054054054,566000000.0,21994818.652849738,-0.0017636684303351524,0.15494393476044843,0.125,648000000.0,-0.12654320987654322,362500000.0,0.5613793103448277,2.0,True
A60778608,사직쌍용예가,동래구,사직동,2947.0,2006-12-07,19,3853.0,1.307431286053614,29.0,57.0,185.0,4,35.1965420197669,129.057521614564,부산광역시 동래구 사직로 80,True,0.06277570410587038,542000000.0,21051021.00865062,-0.029543419874664245,0.0031963470319633647,0.1856449001618996,707000000.0,-0.23338048090523333,345000000.0,0.5710144927536231,30.0,False
A60780103,한신,동래구,낙민동,436.0,1999-04-09,27,350.0,0.8027522935779816,3.0,8.0,19.0,4,35.1937221145843,129.098099045106,부산광역시 동래구 안남로 46,True,0.04357798165137615,345000000.0,13405157.188272694,0.0,0.029850746268656803,-0.05555555555555558,447000000.0,-0.22818791946308725,274000000.0,0.25912408759124084,4.0,False
A60780104,중앙하이츠2,동래구,낙민동,511.0,1996-06-17,30,320.0,0.6262230919765166,4.0,10.0,27.0,2,35.1942207793998,129.095775567402,부산광역시 동래구 안남로 36,True,0.05283757338551859,,,,0.05087014725568939,0.08571428571428563,470000000.0,-0.19148936170212771,281000000.0,0.35231316725978656,2.0,True
A60780108,한일유앤아이,동래구,낙민동,935.0,2007-07-31,19,1318.0,1.409625668449198,10.0,16.0,30.0,4,35.1957851549524,129.092865300179,부산광역시 동래구 온천천로339번길 28,True,0.03208556149732621,471500000.0,18308438.86126323,-0.03083247687564239,-0.03880597014925369,0.0652173913043479,610000000.0,-0.22786885245901645,370000000.0,0.27297297297297307,7.0,False
A60780701,영산무지개타운,동래구,명장동,186.0,1993-06-26,33,130.0,0.6989247311827957,0.0,1.0,8.0,2,35.204982211851,129.098579243599,부산광역시 동래구 충렬사로67번길 13,True,0.043010752688172046,,,,-0.07912087912087917,-0.06888888888888889,295000000.0,-0.28983050847457625,180000000.0,0.16388888888888897,1.0,True
A60780702,명장유림노르웨이숲,동래구,명장동,221.0,2004-06-04,22,223.0,1.009049773755656,0.0,2.0,3.0,4,35.2075794008096,129.099868348115,부산광역시 동래구 시실로 181,True,0.013574660633484163,,,,,,370000000.0,-0.15540540540540537,260000000.0,0.20192307692307687,0.0,True
A60780703,국제파크,동래구,명장동,255.0,1996-05-23,30,206.0,0.807843137254902,2.0,2.0,4.0,4,35.205797845905,129.100225846451,부산광역시 동래구 충렬사로 81,True,0.01568627450980392,265000000.0,10312500.0,,-0.1166666666666667,0.04823747680890533,342000000.0,-0.22514619883040932,240000000.0,0.10416666666666674,1.0,True
A60781204,명장경동,동래구,명장동,335.0,1992-05-25,34,337.0,1.0059701492537314,1.0,2.0,4.0,1,35.2070824492915,129.101808154632,부산광역시 동래구 명서로 182,True,0.011940298507462687,230000000.0,8939929.328621907,-0.04166666666666663,-0.17543859649122806,-0.1887417218543046,405000000.0,-0.4320987654320988,230000000.0,0.0,2.0,True
A60781502,유원,동래구,사직동,236.0,1992-12-02,33,205.0,0.8686440677966102,1.0,1.0,3.0,3,35.2041753489932,129.055055798796,부산광역시 동래구 쇠미로119번길 85,True,0.012711864406779662,84000000.0,3270024.7729149465,,-0.30000000000000004,-0.24584103512014788,174000000.0,-0.5172413793103448,84000000.0,0.0,1.0,True
A60781701,사직자이,동래구,사직동,249.0,2007-04-25,19,550.0,2.208835341365462,0.0,4.0,12.0,1,35.1968419384409,129.061847707503,부산광역시 동래구 사직로 36,True,0.04819277108433735,,,,,,,,,,,
A60782005,삼정그린코아,동래구,사직동,874.0,1998-07-25,28,929.0,1.062929061784897,13.0,16.0,42.0,5,35.1973800328824,129.053152177356,부산광역시 동래구 쇠미로 37,True,0.04805491990846682,285000000.0,11096035.865974516,,0.09615384615384626,-0.06028368794326244,363000000.0,-0.2148760330578512,220000000.0,0.2954545454545454,3.0,False
A60782204,새동래1(가~라동),동래구,수안동,424.0,1979-11-24,46,223.0,0.5259433962264151,1.0,2.0,7.0,4,35.1999785601655,129.082835125892,부산광역시 동래구 명륜로75번길 31,True,0.01650943396226415,,,,,,440000000.0,-0.19318181818181823,355000000.0,0.0,0.0,True
A60782205,한진,동래구,수안동,499.0,1996-09-20,29,342.0,0.685370741482966,2.0,5.0,24.0,2,35.2018228547911,129.080330624903,부산광역시 동래구 충렬대로200번길 25,True,0.04809619238476954,,,,,-0.05555555555555558,520000000.0,-0.1826923076923077,375000000.0,0.1333333333333333,1.0,True
A60782301,조성하이츠,동래구,수안동,163.0,1998-05-13,28,128.0,0.7852760736196319,1.0,5.0,8.0,2,35.1967874391207,129.084021285497,부산광역시 동래구 온천천로 273,True,0.049079754601226995,310000000.0,12065102.016747255,-0.0461538461538461,0.11403508771929816,-0.03125,360000000.0,-0.13888888888888884,230000000.0,0.34782608695652173,2.0,True
A60782402,금양해바라기1,동래구,수안동,216.0,1979-06-22,47,185.0,0.8564814814814815,2.0,4.0,17.0,4,35.2007741697571,129.081222575291,부산광역시 동래구 충렬대로202번길 14,True,0.0787037037037037,,,,,0.01819848975188787,635000000.0,-0.2420944881889764,427000000.0,0.12709601873536291,0.0,True
A60782403,금양해바라기2,동래구,수안동,228.0,1981-01-20,45,197.0,0.8640350877192983,2.0,7.0,27.0,4,35.2007741697571,129.081222575291,부산광역시 동래구 충렬대로202번길 14,True,0.11842105263157894,491000000.0,19071327.68361582,,,0.030971128608923815,510000000.0,-0.03725490196078429,442500000.0,0.1096045197740112,1.0,True
A60782501,에스케이쁘띠메종,동래구,안락동,346.0,2000-06-23,26,355.0,1.0260115606936415,2.0,4.0,15.0,2,35.198921678749,129.113693540349,부산광역시 동래구 삼어로 12,True,0.04335260115606936,332500000.0,12943848.059454996,-0.016272189349112454,0.005952380952380931,-0.002949852507374673,437000000.0,-0.25629290617848965,272000000.0,0.19485294117647056,3.0,False
A60782701,화목,동래구,안락동,793.0,1990-08-31,36,669.0,0.8436317780580076,1.0,7.0,15.0,2,35.2028961368731,129.096894952043,부산광역시 동래구 충렬사로 39,True,0.018915510718789406,240000000.0,9323131.253678633,0.1428571428571428,-0.08902691511387162,-0.05991735537190079,425000000.0,-0.43529411764705883,205000000.0,0.1707317073170731,6.0,False
A60783003,안락뜨란채1단지,동래구,안락동,464.0,2005-07-05,21,465.0,1.0021551724137931,1.0,4.0,14.0,2,35.194764418105,129.107600332947,부산광역시 동래구 연안로 71,True,0.03017241379310345,,,,-0.09413067552602439,0.017857142857142794,593000000.0,-0.311973018549747,356000000.0,0.146067415730337,2.0,True
A60783101,르 메이에르 동래타운,동래구,온천동,226.0,2005-08-12,21,313.0,1.3849557522123894,0.0,1.0,3.0,3,35.2210794289231,129.083527848752,부산광역시 동래구 금강공원로20번길 46,True,0.01327433628318584,,,,0.048387096774193505,-0.037878787878787845,450000000.0,-0.2777777777777778,310000000.0,0.048387096774193505,1.0,True
A60783104,SK허브올리브,동래구,온천동,440.0,2006-04-28,20,268.0,0.6090909090909091,1.0,8.0,19.0,2,35.2185947957268,129.084118251771,부산광역시 동래구 금강공원로 2,True,0.04318181818181818,,,,,,,,,,,
A60783305,협성스카이라인80,동래구,온천동,440.0,2004-09-03,22,159.0,0.3613636363636364,2.0,6.0,11.0,1,35.2179843706886,129.083489457867,부산광역시 동래구 중앙대로1473번길 14-12,True,0.025,,,,,,,,,,,
A60783306,벽산아스타,동래구,온천동,648.0,2008-02-21,18,1129.0,1.742283950617284,3.0,5.0,15.0,3,35.2174793929872,129.082440819139,부산광역시 동래구 중앙대로1473번길 13,True,0.023148148148148147,546500000.0,21223051.21446055,0.02822201317027284,0.06194690265486735,0.061430010070493424,700000000.0,-0.2192857142857143,378000000.0,0.4457671957671958,4.0,False
A60783402,신화타워,동래구,온천동,274.0,1999-03-19,27,169.0,0.6167883211678832,2.0,7.0,9.0,2,35.2139908304623,129.079533969472,부산광역시 동래구 온천장로 20,True,0.032846715328467155,295000000.0,11490793.201133145,0.04982206405693956,-0.006734006734006703,0.07832422586520948,370000000.0,-0.20270270270270274,225000000.0,0.3111111111111111,4.0,False
A60783701,대동타운,동래구,온천동,170.0,1998-02-20,28,131.0,0.7705882352941177,1.0,5.0,6.0,3,35.2109986255449,129.066735911916,부산광역시 동래구 금정마을로 120,True,0.03529411764705882,275000000.0,10682754.561506767,-0.17910447761194026,0.08928571428571419,0.05660377358490565,335000000.0,-0.17910447761194026,230000000.0,0.19565217391304346,2.0,True
A60783703,온천화신아파트,동래구,온천동,210.0,1991-03-14,35,197.0,0.9380952380952381,0.0,0.0,1.0,2,35.2111275824039,129.064132592803,부산광역시 동래구 쇠미로235번길 9,True,0.004761904761904762,,,,,,292500000.0,-0.14529914529914534,150000000.0,0.6666666666666667,0.0,True
A60783802,동래SKVIEW2차,동래구,온천동,190.0,2008-11-17,17,420.0,2.210526315789474,0.0,0.0,3.0,1,35.2129486834609,129.076551015911,부산광역시 동래구 금강로 48,True,0.015789473684210527,,,,,,,,,,,
A60784001,대륙코리아나,동래구,온천동,183.0,1995-11-11,30,136.0,0.7431693989071039,1.0,2.0,7.0,2,35.2051069642959,129.058354435146,부산광역시 동래구 쇠미로129번길 67,True,0.03825136612021858,,,,0.2606060606060605,,240000000.0,-0.1333333333333333,165000000.0,0.2606060606060605,1.0,True
A60784004,새온천화신동영,동래구,온천동,464.0,1995-08-31,31,345.0,0.7435344827586207,0.0,3.0,14.0,4,35.2049198335584,129.060126503007,부산광역시 동래구 쇠미로129번길 62-12,True,0.03017241379310345,,,,,0.02941176470588225,220000000.0,-0.20454545454545459,150000000.0,0.16666666666666674,0.0,True
A60784207,반도보라스카이뷰,동래구,온천동,1149.0,2006-01-06,20,1394.0,1.2132288946910357,9.0,14.0,37.0,3,35.2039561227134,129.069034526705,부산광역시 동래구 아시아드대로 234,True,0.03220191470844212,578500000.0,22481719.89074113,0.0614678899082568,0.03925233644859816,0.1276268580215274,677500000.0,-0.170479704797048,380000000.0,0.47894736842105257,9.0,False
A60784302,동영,동래구,온천동,215.0,1992-04-13,34,192.0,0.8930232558139535,3.0,5.0,7.0,5,35.2029718249172,129.075180782235,부산광역시 동래구 충렬대로140번길 56,True,0.03255813953488372,344500000.0,13381385.72551698,0.019230769230769162,-0.05189340813464238,0.008522727272727293,410000000.0,-0.07317073170731703,280000000.0,0.3571428571428572,3.0,False
A60802001,대연힐스테이트푸르지오,남구,대연동,2304.0,2013-05-31,13,3236.0,1.4045138888888888,20.0,42.0,105.0,4,35.1398875289479,129.103520204194,부산광역시 남구 수영로 345,True,0.045572916666666664,1005000000.0,39160467.58767269,0.004999999999999893,0.021656050955414008,0.12570462232243518,1085000000.0,-0.07373271889400923,660000000.0,0.5227272727272727,25.0,False
A60804001,문현이안,남구,문현동,244.0,2007-05-25,19,401.0,1.6434426229508197,1.0,2.0,10.0,3,35.1382735598284,129.068194986879,부산광역시 남구 전포대로 16,True,0.040983606557377046,,,,,-0.03614457831325302,479000000.0,-0.12317327766179542,357000000.0,0.17647058823529416,0.0,True
A60804002,문현동태영데시앙,남구,문현동,388.0,2006-07-28,20,431.0,1.1108247422680413,3.0,9.0,12.0,3,35.140789550594,129.067622898285,부산광역시 남구 전포대로 38,True,0.030927835051546393,415000000.0,16190833.115603374,0.13698630136986312,0.00911458333333326,-0.03396226415094339,530000000.0,-0.21698113207547165,330000000.0,0.25757575757575757,5.0,False
A60804003,삼성,남구,문현동,916.0,2001-05-18,25,1261.0,1.3766375545851528,9.0,17.0,30.0,4,35.1384099080591,129.069055005484,부산광역시 남구 전포대로20번길 15,True,0.03275109170305677,404500000.0,15731879.78786093,-0.0012345679012345512,0.018867924528301883,0.05882352941176472,580000000.0,-0.2801724137931034,310000000.0,0.346774193548387,11.0,False
A60804303,벽산기린,남구,문현동,300.0,1990-11-19,35,250.0,0.8333333333333334,4.0,4.0,6.0,1,35.1348944789754,129.071759407674,부산광역시 남구 지게골로 52-15,True,0.02,256500000.0,9995866.79263108,,0.026000000000000023,-0.013461538461538414,328000000.0,-0.22865853658536583,195000000.0,0.2974358974358975,4.0,False
A60806001,우암중앙하이츠아파트,남구,우암동,465.0,2004-12-10,21,454.0,0.9763440860215054,4.0,5.0,12.0,3,35.1267240387866,129.081954876069,부산광역시 남구 유엔로 46,True,0.025806451612903226,285000000.0,11090134.190045958,0.010638297872340496,-0.022413793103448265,-0.050000000000000044,350000000.0,-0.18571428571428572,256500000.0,0.11111111111111116,3.0,False
A60806104,동일,남구,우암동,312.0,1988-07-28,38,195.0,0.625,0.0,0.0,0.0,4,35.125613410547,129.07866638816,부산광역시 남구 유엔로 1-1,True,0.0,,,,,,295000000.0,-0.05084745762711862,200000000.0,0.3999999999999999,0.0,True
A60809001,롯데캐슬아인스,남구,용호동,430.0,2007-01-15,19,413.0,0.9604651162790697,2.0,5.0,16.0,2,35.1117075093488,129.113949372625,부산광역시 남구 용호로231번길 62,True,0.037209302325581395,298000000.0,11583311.738792432,0.07194244604316546,-0.06265256305939793,0.02758620689655178,400000000.0,-0.255,236000000.0,0.2627118644067796,2.0,True
A60809002,GS하이츠자이,남구,용호동,1149.0,2008-04-03,18,2336.0,2.0330722367275893,1.0,15.0,53.0,2,35.1326695529587,129.10968594313,부산광역시 남구 신선로 566,True,0.04612706701479547,,,,0.012809055704497974,0.050498753117206974,985000000.0,-0.19035532994923854,580000000.0,0.375,5.0,False
A60809003,오륙도에스케이뷰,남구,용호동,3000.0,2008-10-31,17,5755.0,1.9183333333333332,16.0,46.0,88.0,3,35.1021956998737,129.116762696896,부산광역시 남구 오륙도로 85,True,0.029333333333333333,445000000.0,17283872.15230993,0.011363636363636465,0.020172910662824117,-0.06648936170212771,730000000.0,-0.44452054794520546,376000000.0,0.07845744680851063,19.0,False
A60809004,엘지메트로시티1,남구,용호동,7374.0,2001-06-16,25,12467.0,1.6906699213452672,50.0,110.0,268.0,5,35.1272669147748,129.109040555258,부산광역시 남구 분포로 113,True,0.03634391103878492,515000000.0,20007179.563937534,0.008814887365328206,0.00835791543756148,0.03544303797468351,815000000.0,-0.36441717791411044,410000000.0,0.2634146341463415,47.0,False
A60809201,벽산화이트타워,남구,용호동,343.0,1994-12-15,31,222.0,0.6472303206997084,2.0,2.0,7.0,2,35.1106451130922,129.116180925431,부산광역시 남구 용호로269번길 90,True,0.02040816326530612,,,,,-0.09517045454545459,246000000.0,-0.3150406504065041,150000000.0,0.1233333333333333,0.0,True
A60871104,현대아이파크,남구,용당동,748.0,2002-12-28,23,759.0,1.0147058823529411,6.0,9.0,20.0,4,35.1188530196986,129.099496778368,부산광역시 남구 동명로 26,True,0.026737967914438502,249000000.0,9671348.35097449,-0.11858407079646016,-0.04347826086956519,0.10000000000000009,340000000.0,-0.26764705882352946,220000000.0,0.13181818181818183,3.0,False
A60872101,시티프라자,남구,문현동,521.0,1999-07-15,27,535.0,1.0268714011516316,6.0,16.0,28.0,6,35.1362909579584,129.070460615253,부산광역시 남구 수영로 26,True,0.053742802303262956,295000000.0,11464405.582052639,0.01724137931034475,0.008620689655172376,,365000000.0,-0.1917808219178082,264000000.0,0.11742424242424243,2.0,True
A60874408,부산대연동푸르지오,남구,대연동,678.0,2005-01-13,21,693.0,1.0221238938053097,3.0,7.0,19.0,6,35.1387844865167,129.101979990195,부산광역시 남구 수영로325번길 12,True,0.028023598820058997,710000000.0,27577683.61581921,,-0.017980636237897696,0.0992366412213741,800000000.0,-0.09999999999999998,547000000.0,0.3162705667276051,2.0,True
A60875202,유창그린2차,남구,감만동,365.0,2012-02-13,14,312.0,0.8547945205479452,0.0,3.0,8.0,5,35.1154385444699,129.087557054455,부산광역시 남구 양지골로 134,True,0.021917808219178082,,,,,0.03571428571428581,262500000.0,-0.4666666666666667,120000000.0,0.16666666666666674,0.0,True
A60875301,감만현대3,남구,감만동,244.0,1997-05-07,29,162.0,0.6639344262295082,1.0,1.0,5.0,2,35.1118892548776,129.084246860573,부산광역시 남구 우암로2번길 30,True,0.020491803278688523,,,,,,,,,,,
A60875303,현대2,남구,감만동,288.0,1996-12-30,29,198.0,0.6875,1.0,3.0,5.0,3,35.1115211307082,129.082092386359,부산광역시 남구 신선로 165,True,0.017361111111111112,200000000.0,7765619.484645252,-0.11111111111111116,,,262000000.0,-0.23664122137404575,200000000.0,0.0,2.0,True
A60875305,감만현대1차,남구,감만동,885.0,1996-05-01,30,561.0,0.6338983050847458,3.0,4.0,18.0,3,35.1116284133821,129.08278722916,부산광역시 남구 우암로2번길 5,True,0.020338983050847456,,,,,0.26865671641791056,265000000.0,-0.037735849056603765,201000000.0,0.26865671641791056,0.0,True
A60875404,국제,남구,감만동,452.0,1996-10-30,29,280.0,0.6194690265486725,1.0,4.0,7.0,2,35.1226364352929,129.085618627236,부산광역시 남구 석포로 34,True,0.015486725663716814,235000000.0,9394306.480920654,-0.1454545454545455,,0.03238866396761142,307000000.0,-0.23452768729641693,225000000.0,0.04444444444444451,2.0,True
A60875509,대우그린1,남구,대연동,691.0,1997-09-25,28,561.0,0.8118668596237337,2.0,4.0,18.0,3,35.1510940817367,129.089006435989,부산광역시 남구 황령대로319번가길 190-6,True,0.02604920405209841,,,,,0.14583333333333326,285000000.0,-0.22807017543859653,150000000.0,0.46666666666666656,0.0,True
A60875603,장백장미타워1,남구,대연동,287.0,1996-02-12,30,235.0,0.818815331010453,2.0,4.0,6.0,4,35.1490070056331,129.091256816267,부산광역시 남구 황령대로319번길 120,True,0.020905923344947737,225000000.0,9068376.528907808,-0.021739130434782594,0.09523809523809534,0.22222222222222232,287500000.0,-0.13043478260869568,150000000.0,0.6666666666666667,3.0,False
A60875701,현대(1203-47),남구,대연동,366.0,1997-11-29,28,390.0,1.0655737704918034,2.0,3.0,8.0,3,35.1318109957864,129.086486236616,부산광역시 남구 천제등로28번길 50,True,0.02185792349726776,320000000.0,12446078.778021356,-0.096045197740113,-0.08918918918918917,-0.14181818181818184,500000000.0,-0.36,287500000.0,0.11304347826086958,2.0,True
A60876202,한양,남구,문현동,225.0,1978-11-20,47,180.0,0.8,1.0,2.0,2.0,3,35.1443773951391,129.073134867679,부산광역시 남구 고동골로78번길 23,True,0.008888888888888889,302000000.0,11840323.155518591,,,,340000000.0,-0.11176470588235299,220000000.0,0.3727272727272728,1.0,True
A60876301,일신프리빌리지,남구,용호동,518.0,1996-02-26,30,381.0,0.7355212355212355,7.0,10.0,23.0,3,35.1264844347542,129.107746359289,부산광역시 남구 용호로 34,True,0.0444015444015444,303750000.0,11794034.592304977,0.012499999999999956,-0.032258064516129004,0.13888888888888884,423500000.0,-0.29161747343565525,250000000.0,0.19999999999999996,6.0,False
A60876402,현대비치,남구,용호동,648.0,1997-11-12,28,467.0,0.720679012345679,0.0,11.0,28.0,4,35.12695487974,129.108422424688,부산광역시 남구 용호로42번길 14,True,0.043209876543209874,,,,,0.027027027027026973,380000000.0,0.0,307500000.0,0.2357723577235773,0.0,True
A60876602,도시타워,남구,용호동,232.0,1993-03-22,33,170.0,0.7327586206896551,3.0,5.0,8.0,3,35.1113983178011,129.108404970996,부산광역시 남구 용호로232번길 31,True,0.034482758620689655,,,,,,170000000.0,0.0,170000000.0,0.0,0.0,True
A60876904,경동,남구,용호동,499.0,1992-12-05,33,490.0,0.9819639278557114,4.0,7.0,16.0,4,35.1168252310244,129.116604883383,부산광역시 남구 동명로 202,True,0.03206412825651302,,,,,-0.04166666666666663,220000000.0,-0.2090909090909091,162000000.0,0.07407407407407418,0.0,True
A60877106,뉴서울,남구,우암동,429.0,1996-04-01,30,273.0,0.6363636363636364,5.0,6.0,9.0,2,35.1248893944206,129.079413370863,부산광역시 남구 유엔로 10,True,0.02097902097902098,247750000.0,9682318.80625296,,-0.06509433962264155,-0.0537037037037037,321000000.0,-0.25233644859813087,202000000.0,0.18811881188118806,3.0,False
A60877107,일신보라,남구,우암동,661.0,1998-09-11,28,671.0,1.0151285930408471,2.0,7.0,16.0,3,35.1260946044388,129.078925306101,부산광역시 남구 유엔로 15,True,0.024205748865355523,200000000.0,7776599.505125485,-0.1285403050108932,-0.023809523809523836,-0.1094420600858369,298000000.0,-0.32885906040268453,130000000.0,0.5384615384615385,3.0,False
A60877302,자유1,남구,우암동,299.0,1991-12-10,34,233.0,0.7792642140468228,2.0,6.0,9.0,2,35.1260434945939,129.081586989914,부산광역시 남구 우암로154번길 57,True,0.030100334448160536,230000000.0,8931513.29724641,0.07226107226107237,,0.006666666666666599,267000000.0,-0.13857677902621723,191000000.0,0.20418848167539272,5.0,False
A60877405,자유2,남구,우암동,335.0,1993-06-14,33,257.0,0.7671641791044777,0.0,1.0,3.0,3,35.1254911265067,129.081311656871,부산광역시 남구 유엔로 22,True,0.008955223880597015,,,,,-0.02748414376321351,310000000.0,-0.25806451612903225,180000000.0,0.2777777777777777,0.0,True
A60877503,우암자유3,남구,우암동,288.0,1994-03-26,32,251.0,0.8715277777777778,1.0,3.0,4.0,4,35.1236692993283,129.080537319844,부산광역시 남구 우암로 142,True,0.013888888888888888,,,,0.10499999999999998,-0.020930232558139528,315000000.0,-0.29841269841269846,200000000.0,0.10499999999999998,1.0,True
A60877710,삼익그린,남구,대연동,725.0,2001-02-20,25,755.0,1.0413793103448277,7.0,15.0,24.0,4,35.15170299638,129.087291918993,부산광역시 남구 황령대로319번가길 142,True,0.03310344827586207,248500000.0,9649917.6276771,,0.16393442622950816,-0.08571428571428574,318000000.0,-0.160377358490566,190000000.0,0.40526315789473677,2.0,True
A60877907,청구,남구,대연동,604.0,2001-07-03,25,810.0,1.3410596026490067,2.0,4.0,17.0,3,35.1539709060503,129.089598447813,부산광역시 남구 황령대로319번가길 110,True,0.028145695364238412,235000000.0,9133199.858673891,0.06818181818181812,-0.15662650602409633,0.18222222222222229,340000000.0,-0.3088235294117647,213410000.0,0.10116676819268067,2.0,True
A60878104,문현삼성힐타워,남구,문현동,431.0,2002-07-26,24,520.0,1.2064965197215778,5.0,8.0,16.0,2,35.1393056365984,129.067990610961,부산광역시 남구 전포대로 26,True,0.037122969837587005,,,,,,,,,,,
A60879402,대우,남구,대연동,457.0,1996-02-27,30,323.0,0.7067833698030634,1.0,3.0,5.0,3,35.1226138653384,129.089334527126,부산광역시 남구 홍곡로 343,True,0.010940919037199124,,,,,,299000000.0,-0.0635451505016722,200000000.0,0.3999999999999999,0.0,True
A60879506,삼성,남구,대연동,499.0,1996-10-25,29,452.0,0.905811623246493,4.0,8.0,17.0,3,35.1280375426534,129.103517619684,부산광역시 남구 신선로 490,True,0.03406813627254509,270000000.0,10498409.331919406,,-0.052631578947368474,-0.07190635451505012,388000000.0,-0.3041237113402062,255000000.0,0.05882352941176472,1.0,True
A60879704,현대,남구,문현동,693.0,1998-06-29,28,703.0,1.0144300144300145,2.0,8.0,23.0,3,35.144451503065,129.079619953916,부산광역시 남구 진남로198번길 9-1,True,0.03318903318903319,255000000.0,9917969.026235767,-0.10526315789473684,-0.01610017889087656,0.05471698113207557,343000000.0,-0.2565597667638484,249000000.0,0.024096385542168752,4.0,False
A60880001,우암자유5,남구,감만동,247.0,1996-09-12,30,90.0,0.3643724696356275,1.0,6.0,7.0,2,35.1228450882339,129.08577892971,부산광역시 남구 양지골로 358,True,0.02834008097165992,,,,,,,,,,,
A60880003,우암자유4,남구,감만동,269.0,1994-10-11,31,200.0,0.7434944237918215,1.0,5.0,8.0,4,35.1222348052972,129.082149128341,부산광역시 남구 석포로 7,True,0.02973977695167286,,,,,,287000000.0,-0.059233449477351874,208000000.0,0.29807692307692313,0.0,True
A60880104,동일스위트,남구,감만동,548.0,2005-10-18,20,509.0,0.9288321167883211,0.0,4.0,10.0,3,35.1191533416803,129.083251696487,부산광역시 남구 우암로104번길 29,True,0.01824817518248175,,,,,-0.3407079646017699,359000000.0,-0.38718662952646243,220000000.0,0.0,0.0,True
A60880501,마로니에타운,남구,대연동,156.0,2003-08-20,23,72.0,0.46153846153846156,2.0,5.0,9.0,2,35.1385640749318,129.101044366223,부산광역시 남구 수영로325번길 11,True,0.057692307692307696,,,,,,,,,,,
A60880602,대우그린2,남구,대연동,239.0,2000-05-23,26,184.0,0.7698744769874477,0.0,2.0,6.0,3,35.1512427313077,129.089296169148,부산광역시 남구 황령대로319번가길 189,True,0.02510460251046025,,,,,0.05504587155963292,260000000.0,-0.11538461538461542,191000000.0,0.20418848167539272,1.0,True
A60880604,신원,남구,대연동,352.0,2000-11-29,25,344.0,0.9772727272727273,2.0,6.0,10.0,3,35.1514225864829,129.086432441804,부산광역시 남구 황령대로319번가길 158-30,True,0.028409090909090908,,,,,-0.13636363636363635,280000000.0,-0.3214285714285714,173000000.0,0.09826589595375723,2.0,True
A60880605,경동메르빌,남구,대연동,451.0,2005-08-16,21,457.0,1.0133037694013303,4.0,11.0,15.0,2,35.1509658553218,129.091167830109,부산광역시 남구 황령대로319번길 26,True,0.03325942350332594,310000000.0,12046249.118315833,-0.06060606060606055,,0.05263157894736836,435000000.0,-0.28735632183908044,260000000.0,0.1923076923076923,5.0,False
A60880703,대연동원,남구,대연동,262.0,2002-04-04,24,288.0,1.099236641221374,3.0,6.0,11.0,2,35.1363435067411,129.095687658808,부산광역시 남구 수영로267번길 20,True,0.04198473282442748,443500000.0,17222753.734214976,0.0016939582156973998,0.055952380952380976,0.03427540589296463,569000000.0,-0.19683655536028122,350000000.0,0.3057142857142856,5.0,False
A60880704,대연극동StarClass,남구,대연동,413.0,2002-08-02,24,424.0,1.026634382566586,3.0,8.0,18.0,3,35.1404856640204,129.091580048894,부산광역시 남구 진남로36번길 50,True,0.043583535108958835,308000000.0,11967502.64924055,0.008183306055646433,0.003278688524590123,0.013266998341625147,395000000.0,-0.22025316455696198,268000000.0,0.14925373134328357,3.0,False
A60880801,일동지에닌,남구,대연동,201.0,2006-01-13,20,241.0,1.199004975124378,2.0,5.0,8.0,2,35.1355049782132,129.089364912238,부산광역시 남구 수영로 209,True,0.03980099502487562,366500000.0,14239377.064350385,0.05164992826398862,-0.03260869565217395,0.005555555555555536,490000000.0,-0.21836734693877546,329000000.0,0.1641337386018238,5.0,False
A60881703,동원로얄듀크,남구,대연동,417.0,2005-02-21,21,683.0,1.6378896882494005,1.0,4.0,9.0,3,35.1358161193851,129.086334064016,부산광역시 남구 못골로41번길 13,True,0.02158273381294964,,,,,0.0678733031674208,705000000.0,-0.16312056737588654,459000000.0,0.2854030501089324,1.0,True
A60881704,대연동에스케이뷰,남구,대연동,454.0,2007-06-29,19,622.0,1.3700440528634361,2.0,6.0,15.0,5,35.1409790732261,129.078810818398,부산광역시 남구 진남로 159,True,0.03303964757709251,,,,,-0.004511278195488688,430000000.0,-0.23023255813953492,290000000.0,0.14137931034482754,1.0,True
A60882001,광원문현맨션,남구,문현동,200.0,1991-03-12,35,120.0,0.6,0.0,0.0,1.0,3,35.1463800862981,129.074248371105,부산광역시 남구 고동골로97번길 67,True,0.005,,,,,-0.10311750599520386,263000000.0,-0.2889733840304183,167000000.0,0.11976047904191622,0.0,True
A60882003,문현2차현대,남구,문현동,420.0,2000-06-28,26,423.0,1.0071428571428571,0.0,0.0,1.0,3,35.1474143757178,129.07398892603,부산광역시 남구 고동골로97번길 39-12,True,0.002380952380952381,,,,,,350000000.0,-0.30000000000000004,216000000.0,0.1342592592592593,0.0,True
A60882302,대도라이프타운,남구,문현동,293.0,1992-12-15,33,124.0,0.4232081911262799,2.0,3.0,11.0,4,35.1384877901971,129.075806405356,부산광역시 남구 수영로39번가길 83,True,0.03754266211604096,240000000.0,9345132.743362831,,0.04347826086956519,-0.06000000000000005,255000000.0,-0.05882352941176472,155000000.0,0.5483870967741935,1.0,True
A60882401,한화꿈에그린,남구,문현동,238.0,2006-07-28,20,250.0,1.050420168067227,1.0,2.0,6.0,1,35.1377412172281,129.068771720089,부산광역시 남구 전포대로20번길 26,True,0.025210084033613446,410000000.0,15926790.910546288,0.22023809523809534,-0.06163522012578615,-0.011194029850746245,521000000.0,-0.21305182341650675,336000000.0,0.22023809523809534,2.0,True
A60882701,보람더하임,남구,문현동,218.0,2006-04-12,20,235.0,1.0779816513761469,3.0,6.0,7.0,1,35.1382173886293,129.06720414758,부산광역시 남구 전포대로 17,True,0.03211009174311927,300000000.0,11647058.823529411,0.04166666666666674,0.03597122302158273,-0.030303030303030276,405000000.0,-0.2592592592592593,277000000.0,0.08303249097472931,6.0,False
A60883001,용당대광,남구,용당동,178.0,1997-11-24,28,121.0,0.6797752808988764,3.0,3.0,4.0,3,35.1235681626877,129.095503923239,부산광역시 남구 유엔평화로126번길 19,True,0.02247191011235955,,,,,,,,,,,
A60883002,한신문화타운,남구,용당동,330.0,1990-10-16,35,364.0,1.103030303030303,1.0,1.0,4.0,2,35.122693172804,129.097210095627,부산광역시 남구 유엔평화로 152-2,True,0.012121212121212121,214000000.0,8311168.647758032,,0.09183673469387754,-0.15433403805496826,266000000.0,-0.19548872180451127,183000000.0,0.1693989071038251,1.0,True
A60883003,신대연코오롱하늘채,남구,용당동,712.0,2007-03-28,19,902.0,1.2668539325842696,6.0,12.0,23.0,2,35.1224968312942,129.093613634617,부산광역시 남구 홍곡로320번길 132,True,0.032303370786516857,317500000.0,12376149.909991637,0.007936507936507908,-0.052631578947368474,-0.018587360594795488,440000000.0,-0.30681818181818177,268000000.0,0.13805970149253732,11.0,False
A60883203,용호동일신님(林)Ⅱ,남구,용호동,710.0,2006-01-18,20,808.0,1.1380281690140845,2.0,7.0,28.0,3,35.1262774834291,129.106655784244,부산광역시 남구 용호로 38-17,True,0.03943661971830986,,,,0.1029005524861879,-0.01407506702412864,535000000.0,-0.3074766355140187,307000000.0,0.20684039087947892,3.0,False
A60883501,동부타워,남구,용호동,164.0,1992-03-18,34,130.0,0.7926829268292683,0.0,0.0,0.0,1,35.1183187661098,129.117762442195,부산광역시 남구 동명로 193,True,0.0,,,,,,245000000.0,-0.273469387755102,125000000.0,0.42399999999999993,0.0,True
A60883502,신익타워,남구,용호동,218.0,1993-06-25,33,147.0,0.6743119266055045,0.0,0.0,3.0,3,35.1188458605305,129.117633070731,부산광역시 남구 동명로 189,True,0.013761467889908258,,,,,-0.04935064935064937,201000000.0,-0.08955223880597019,152000000.0,0.20394736842105265,0.0,True
A60883603,대광타워맨션,남구,용호동,479.0,1995-04-13,31,371.0,0.7745302713987474,1.0,5.0,9.0,5,35.1225598270356,129.115036219657,부산광역시 남구 이기대공원로26번길 45-3,True,0.018789144050104383,,,,0.1428571428571428,0.04166666666666674,212000000.0,-0.15094339622641506,150000000.0,0.19999999999999996,1.0,True
A60883801,미주,남구,용호동,157.0,1999-03-29,27,121.0,0.7707006369426752,0.0,0.0,2.0,3,35.1164566169021,129.108435641394,부산광역시 남구 동명로92번길 91,True,0.012738853503184714,,,,,-0.027027027027026973,250000000.0,-0.28,180000000.0,0.0,0.0,True
A60883803,협진태양,남구,용호동,315.0,1988-11-09,37,229.0,0.726984126984127,0.0,1.0,2.0,3,35.1135209238817,129.108398804688,부산광역시 남구 용호로198번길 37,True,0.006349206349206349,,,,,,,,,,,
A60883804,한진훼미리타운,남구,용호동,449.0,1996-03-19,30,169.0,0.37639198218262804,1.0,6.0,8.0,1,35.1128033844232,129.107815629463,부산광역시 남구 용호로232번길 61,True,0.017817371937639197,,,,,,,,,,,
A60883903,오륙도 뜨란채,남구,용호동,480.0,2000-04-24,26,314.0,0.6541666666666667,2.0,2.0,7.0,4,35.1093704248877,129.113656176088,부산광역시 남구 용호로269번길 29,True,0.014583333333333334,241000000.0,9404043.987229515,,0.047826086956521685,0.03063457330415753,275000000.0,-0.12363636363636366,190000000.0,0.2684210526315789,1.0,True
A60884101,대승하이아트,남구,우암동,215.0,1999-08-21,27,215.0,1.0,1.0,1.0,3.0,2,35.1279058474014,129.083772246915,부산광역시 남구 유엔로 66,True,0.013953488372093023,,,,,,260000000.0,-0.08076923076923082,205000000.0,0.1658536585365853,0.0,True
A60884602,동일타운,남구,용호동,444.0,1991-10-17,34,388.0,0.8738738738738738,1.0,4.0,13.0,4,35.1148815854807,129.114645437619,부산광역시 남구 동명로170번길 93,True,0.02927927927927928,,,,,0.016949152542372836,275000000.0,-0.12727272727272732,199000000.0,0.20603015075376874,0.0,True
A60885601,세종그랑시아,남구,문현동,266.0,2006-10-27,19,399.0,1.5,1.0,4.0,6.0,3,35.136195587528,129.069127855975,부산광역시 남구 수영로 12,True,0.022556390977443608,,,,,-0.020516214427531487,420000000.0,-0.11904761904761907,312000000.0,0.1858974358974359,0.0,True
A60931001,구서시티타워,금정구,구서동,181.0,2005-02-23,21,190.0,1.0497237569060773,5.0,7.0,9.0,4,35.2459954898004,129.090701848955,부산광역시 금정구 금정로233번길 31,True,0.049723756906077346,330000000.0,12143040.331842866,,,,340000000.0,-0.02941176470588236,319000000.0,0.034482758620689724,1.0,True
A60931002,유림노르웨이아침,금정구,구서동,297.0,2004-12-16,21,280.0,0.9427609427609428,2.0,2.0,11.0,4,35.2449047608091,129.092759502825,부산광역시 금정구 중앙대로 1799,True,0.037037037037037035,328000000.0,12853580.334877094,,0.09333333333333327,-0.008196721311475419,328000000.0,0.0,248000000.0,0.32258064516129026,1.0,True
A60931003,구서동쌍용예가1단지,금정구,구서동,286.0,2010-10-28,15,549.0,1.9195804195804196,0.0,1.0,2.0,2,35.2458219949308,129.085043393617,부산광역시 금정구 금샘로 261,True,0.006993006993006993,,,,0.10082304526748964,,550000000.0,-0.027272727272727226,435000000.0,0.2298850574712643,1.0,True
A60931004,구서동쌍용예가2단지,금정구,구서동,809.0,2010-10-28,15,1653.0,2.043263288009889,1.0,7.0,23.0,2,35.2456239111014,129.085885688406,부산광역시 금정구 금샘로 262,True,0.02843016069221261,,,,0.007874015748031482,0.04312114989733051,750000000.0,-0.18000000000000005,497000000.0,0.23742454728370221,2.0,True
A60931005,성원맨투로빌,금정구,구서동,143.0,2004-10-13,21,,,0.0,1.0,2.0,1,35.2563368832327,129.09190329803,부산광역시 금정구 중앙대로 1926,True,0.013986013986013986,,,,0.05166051660516602,0.0692307692307692,330000000.0,-0.13636363636363635,228000000.0,0.25,1.0,True
A60931207,구서동롯데캐슬골드2단지(1049),금정구,구서동,1926.0,2006-02-10,20,3410.0,1.7705088265835929,9.0,24.0,64.0,5,35.2527047089381,129.086499427303,부산광역시 금정구 금강로 503,True,0.033229491173416406,524000000.0,20348317.251117907,0.05168088309081775,0.057809330628803224,0.07526881720430101,673000000.0,-0.2213967310549777,395000000.0,0.3265822784810126,9.0,False
A60932001,한보타운,금정구,부곡동,153.0,2007-08-06,19,108.0,0.7058823529411765,0.0,0.0,1.0,3,35.2309311275283,129.094796883715,부산광역시 금정구 동부곡로15번길 110,True,0.006535947712418301,,,,,,215000000.0,-0.013953488372092981,180000000.0,0.1777777777777778,0.0,True
A60932003,부곡동푸르지오,금정구,부곡동,540.0,2007-08-16,19,942.0,1.7444444444444445,4.0,10.0,22.0,3,35.2297455147788,129.090585521926,부산광역시 금정구 중앙대로 1617-12,True,0.040740740740740744,422000000.0,16420233.463035017,-0.040909090909090895,-0.017142857142857126,0.017595307917888547,597500000.0,-0.29874476987447696,365000000.0,0.1479452054794521,5.0,False
A60932004,부곡롯데캐슬디아망,금정구,부곡동,311.0,2010-01-25,16,439.0,1.4115755627009647,1.0,4.0,11.0,3,35.2291770917952,129.094133130133,부산광역시 금정구 동부곡로15번길 76,True,0.03536977491961415,405000000.0,15741919.677929629,0.0,-0.004914004914004955,-0.0357142857142857,500000000.0,-0.18999999999999995,338000000.0,0.19822485207100593,2.0,True
A60939001,금정힐스테이트,금정구,장전동,301.0,2010-05-28,16,503.0,1.6710963455149501,1.0,5.0,12.0,3,35.238318470813,129.081156957989,부산광역시 금정구 금강로335번길 90,True,0.03986710963455149,435000000.0,16900065.339855544,-0.023020774845592396,-0.018058690744920947,0.009195402298850519,574000000.0,-0.2421602787456446,400000000.0,0.08749999999999991,4.0,False
A60939002,장전동금정산SKVIEW,금정구,장전동,1306.0,2010-08-27,16,2005.0,1.5352220520673814,8.0,22.0,48.0,4,35.2274003225827,129.079328508594,부산광역시 금정구 식물원로 64,True,0.036753445635528334,546500000.0,21217807.68733014,-0.013537906137184086,-0.034649122807017596,0.03888888888888897,787000000.0,-0.3646759847522236,486500000.0,0.027749229188078095,6.0,False
A60939003,벽산블루밍장전디자인시티2단지,금정구,장전동,1539.0,2012-06-26,14,2138.0,1.3892137751786875,16.0,34.0,79.0,5,35.2302722053997,129.081911479919,부산광역시 금정구 금강로 225,True,0.051332033788174136,510000000.0,19802329.685845394,0.020000000000000018,0.014141414141414232,0.03950103950103956,700000000.0,-0.27142857142857146,430000000.0,0.18604651162790709,20.0,False
A60939004,금정산쌍용예가,금정구,장전동,514.0,2012-10-30,13,638.0,1.2412451361867705,1.0,12.0,32.0,3,35.2426610490447,129.083902999243,부산광역시 금정구 금강로379번길 50,True,0.0622568093385214,,,,-0.03300970873786413,0.05759162303664911,657500000.0,-0.2623574144486692,455000000.0,0.06593406593406592,10.0,False
A60939005,금정산2차쌍용예가,금정구,장전동,565.0,2014-05-27,12,627.0,1.1097345132743364,4.0,8.0,28.0,2,35.2404710497924,129.084218763949,부산광역시 금정구 수림로72번길 21,True,0.049557522123893805,556000000.0,21596341.975078084,0.01645338208409508,0.03171641791044766,0.04347826086956519,705000000.0,-0.19716312056737584,478250000.0,0.18348144276006262,7.0,False
A60940201,성지아파트,금정구,서동,212.0,2004-12-10,21,217.0,1.0235849056603774,1.0,2.0,7.0,3,35.2127285975509,129.099616788652,부산광역시 금정구 명서로 94,True,0.0330188679245283,,,,,-0.09782608695652173,275000000.0,-0.21818181818181814,200000000.0,0.07499999999999996,0.0,True
A60970301,대우,금정구,부곡동,1270.0,1999-07-14,27,1539.0,1.2118110236220472,7.0,11.0,38.0,5,35.2330659140749,129.08997847798,부산광역시 금정구 부산대학로 10,True,0.029921259842519685,441000000.0,17131253.678634487,-0.01452513966480451,0.002272727272727204,0.006857142857142895,582000000.0,-0.24226804123711343,300000000.0,0.47,5.0,False
A60971101,구서동롯데캐슬골드1단지(1051),금정구,구서동,1728.0,2006-02-10,20,2277.0,1.3177083333333333,10.0,27.0,74.0,4,35.2506948293087,129.088194708041,부산광역시 금정구 금강로 502,True,0.04282407407407408,524000000.0,20348317.251117907,0.007692307692307665,-0.0023980815347721673,0.05050505050505061,730000000.0,-0.273972602739726,412750000.0,0.28407026044821326,10.0,False
A60971102,구서 협성 엠파이어,금정구,구서동,374.0,2013-04-01,13,396.0,1.0588235294117647,4.0,6.0,12.0,1,35.2553495851509,129.091783768983,부산광역시 금정구 중앙대로 1920,True,0.03208556149732621,380000000.0,14755649.272101702,-0.03675538656527255,-0.01602564102564108,-0.03125,500000000.0,-0.24,328500000.0,0.15677321156773205,6.0,False
A60975204,선경1,금정구,구서동,616.0,1985-11-15,40,597.0,0.9691558441558441,1.0,3.0,13.0,3,35.2560057821536,129.088358330187,부산광역시 금정구 구서중앙로 20,True,0.021103896103896104,,,,-0.09575757575757571,-0.04761904761904767,740000000.0,-0.495945945945946,350000000.0,0.06571428571428561,1.0,True
A60975303,경남한신,금정구,부곡동,1408.0,1995-03-30,31,1341.0,0.9524147727272727,10.0,30.0,59.0,4,35.236865898024,129.089689808643,부산광역시 금정구 중앙대로1685번길 24,True,0.04190340909090909,349500000.0,13576809.888169512,-0.02781641168289295,-0.07942708333333337,-0.023468057366362483,535000000.0,-0.33271028037383177,330000000.0,0.08181818181818179,13.0,False
A60975404,뉴그린1,금정구,부곡동,990.0,1990-07-09,36,579.0,0.5848484848484848,4.0,9.0,16.0,2,35.2192288383225,129.095613916107,부산광역시 금정구 동현로 103,True,0.01616161616161616,,,,,,,,,,,
A60975405,부곡동대동다:숲,금정구,부곡동,499.0,2007-02-01,19,782.0,1.5671342685370742,4.0,8.0,21.0,2,35.218864376057,129.089221406078,부산광역시 금정구 부곡로 32-12,True,0.04208416833667335,411250000.0,15970159.616280764,0.047770700636942776,0.07409879839786382,0.032959789057350086,515000000.0,-0.19805825242718444,312500000.0,0.3216000000000001,8.0,False
A60975502,에스케이아파트,금정구,부곡동,1084.0,1998-09-25,27,1187.0,1.095018450184502,7.0,11.0,31.0,5,35.2405697424458,129.09239314258,부산광역시 금정구 수림로 12,True,0.02859778597785978,401000000.0,15581066.760861885,,-0.08863636363636362,-0.002873563218390829,605000000.0,-0.33719008264462813,379000000.0,0.05804749340369386,1.0,True
A60975804,금강부광,금정구,구서동,476.0,1997-06-11,29,409.0,0.8592436974789915,1.0,7.0,17.0,3,35.245732218813,129.0834075414,부산광역시 금정구 금샘로229번길 29,True,0.03571428571428571,,,,-0.010467980295566504,0.08266666666666667,260000000.0,-0.14711538461538465,180000000.0,0.2319444444444445,3.0,False
A60975902,부영벽산,금정구,구서동,220.0,1993-05-08,33,213.0,0.9681818181818181,1.0,4.0,8.0,3,35.257009295527,129.089208936431,부산광역시 금정구 중앙대로1929번길 48,True,0.03636363636363636,,,,0.08220502901353965,0.15123456790123457,393750000.0,-0.2895238095238095,205000000.0,0.3646341463414635,2.0,True
A60976003,구서신동아,금정구,구서동,478.0,1997-05-31,29,301.0,0.6297071129707112,4.0,6.0,17.0,4,35.2566405344615,129.088186863389,부산광역시 금정구 중앙대로1929번길 48-1,True,0.03556485355648536,277000000.0,10778210.116731517,,0.029739776951672958,-0.0072727272727273196,337000000.0,-0.17804154302670627,228500000.0,0.21225382932166292,1.0,True
A60976105,선경3,금정구,구서동,795.0,1989-07-01,37,776.0,0.9761006289308176,1.0,3.0,11.0,2,35.2623826042217,129.084693110615,부산광역시 금정구 금샘로 446,True,0.013836477987421384,290000000.0,11264124.293785311,0.07407407407407418,0.0,-0.08121410992616895,500000000.0,-0.42000000000000004,228000000.0,0.27192982456140347,2.0,True
A60976201,일신,금정구,구서동,206.0,1990-06-08,36,140.0,0.6796116504854369,1.0,1.0,3.0,2,35.2575092544354,129.085678875477,부산광역시 금정구 두실로45번길 102,True,0.014563106796116505,,,,,-0.038961038961038974,278000000.0,-0.33453237410071945,165000000.0,0.1212121212121211,0.0,True
A60976404,럭키남산,금정구,남산동,410.0,1991-08-02,35,348.0,0.848780487804878,0.0,3.0,7.0,2,35.2645426115052,129.086038264481,부산광역시 금정구 남산로37번길 52,True,0.01707317073170732,,,,-0.0117647058823529,0.011904761904761862,325000000.0,-0.41538461538461535,190000000.0,0.0,2.0,True
A60976502,부곡늘푸른아파트,금정구,부곡동,885.0,1991-06-03,35,339.0,0.38305084745762713,5.0,10.0,22.0,2,35.2229201910639,129.098204553398,부산광역시 금정구 동현로 77,True,0.024858757062146894,,,,,,,,,,,
A60976802,현대2,금정구,장전동,247.0,1998-06-18,28,213.0,0.8623481781376519,1.0,1.0,4.0,2,35.2349021376155,129.083371331486,부산광역시 금정구 금강로279번길 61,True,0.016194331983805668,252000000.0,9819341.126461212,,-0.07438016528925617,0.07569721115537842,345000000.0,-0.26956521739130435,220000000.0,0.1454545454545455,1.0,True
A60976902,경동,금정구,청룡동,612.0,1997-10-25,28,685.0,1.119281045751634,4.0,7.0,13.0,3,35.2810265578512,129.086190756635,부산광역시 금정구 청룡예전로 74,True,0.021241830065359478,203000000.0,7916568.1871897895,-0.033333333333333326,-0.03755868544600938,-0.023809523809523836,319000000.0,-0.3573667711598746,200000000.0,0.02499999999999991,4.0,False
A60976903,청룡동협성엠파이어,금정구,청룡동,299.0,2013-10-18,12,391.0,1.3076923076923077,0.0,0.0,5.0,2,35.2740052793085,129.09305577448,부산광역시 금정구 중앙대로 2120,True,0.016722408026755852,,,,,0.04260651629072676,502500000.0,-0.09452736318407962,330000000.0,0.3787878787878789,0.0,True
A60977001,쌍용,금정구,부곡동,388.0,2000-12-23,25,660.0,1.7010309278350515,4.0,4.0,8.0,2,35.2391189060288,129.088705688439,부산광역시 금정구 수림로 25,True,0.020618556701030927,,,,,,,,,,,
A60980002,태평양,금정구,구서동,200.0,1994-07-13,32,199.0,0.995,1.0,1.0,1.0,2,35.2487307026893,129.098026943995,부산광역시 금정구 체육공원로 56,True,0.005,,,,,,186500000.0,-0.034852546916890104,155000000.0,0.16129032258064524,0.0,True
A60980506,구서우성,금정구,구서동,1118.0,1994-12-30,31,546.0,0.4883720930232558,5.0,9.0,21.0,2,35.2563661777052,129.085029295376,부산광역시 금정구 금강로541번길 40,True,0.018783542039355994,210000000.0,8155819.701070965,-0.0625,-0.09166666666666667,-0.03655913978494618,370000000.0,-0.3783783783783784,195000000.0,0.17948717948717952,8.0,False
A60981101,삼성,금정구,남산동,180.0,1992-12-12,33,87.0,0.48333333333333334,2.0,8.0,12.0,1,35.2610050646642,129.093346566951,부산광역시 금정구 금단로 136,True,0.06666666666666667,,,,,,,,,,,
A60981302,현대그레이스,금정구,남산동,207.0,1994-06-14,32,104.0,0.5024154589371981,2.0,2.0,5.0,3,35.2691704424584,129.094218599076,부산광역시 금정구 벅구산로 25-5,True,0.024154589371980676,160000000.0,6288708.909004288,,0.032258064516129004,,182000000.0,-0.1208791208791209,138000000.0,0.1594202898550725,1.0,True
A60981403,남산하이츠타운,금정구,남산동,310.0,1997-07-21,29,246.0,0.7935483870967742,3.0,6.0,9.0,4,35.2619695043761,129.090421480691,부산광역시 금정구 중앙대로1985번길 32-6,True,0.02903225806451613,,,,0.13590263691683568,-0.04210526315789476,355000000.0,-0.21126760563380287,200000000.0,0.3999999999999999,1.0,True
A60981801,부곡맨션,금정구,부곡동,156.0,1985-10-08,40,90.0,0.5769230769230769,1.0,2.0,3.0,4,35.2205128362936,129.091475652653,부산광역시 금정구 서동로 16-3,True,0.019230769230769232,,,,,,327000000.0,-0.09174311926605505,200000000.0,0.4850000000000001,0.0,True
A60982101,마드레빌,금정구,부곡동,153.0,2003-11-11,22,139.0,0.9084967320261438,0.0,1.0,5.0,2,35.2342596887162,129.093667193378,부산광역시 금정구 기찰로 42,True,0.032679738562091505,,,,,0.1063829787234043,370000000.0,-0.29729729729729726,235000000.0,0.1063829787234043,0.0,True
A60982103,우신뉴타운,금정구,부곡동,552.0,1995-04-03,31,500.0,0.9057971014492754,1.0,2.0,12.0,3,35.2340611704664,129.090096714769,부산광역시 금정구 중앙대로1667번길 8,True,0.021739130434782608,,,,,0.014285714285714235,470000000.0,-0.23404255319148937,300000000.0,0.19999999999999996,0.0,True
A60982202,현대,금정구,부곡동,192.0,1989-08-25,37,150.0,0.78125,0.0,1.0,3.0,2,35.2297993260917,129.095929083325,부산광역시 금정구 동부곡로27번길 85,True,0.015625,,,,0.0026385224274405594,,211000000.0,-0.09952606635071093,165000000.0,0.1515151515151516,1.0,True
A60982402,경보온천타워,금정구,부곡동,192.0,1994-05-16,32,122.0,0.6354166666666666,0.0,0.0,6.0,2,35.2215471892072,129.088213557942,부산광역시 금정구 오시게로54번길 14,True,0.03125,,,,,-0.025657894736842102,448000000.0,-0.1741071428571429,295000000.0,0.2542372881355932,0.0,True
A60982403,신동아,금정구,부곡동,204.0,1995-11-30,30,156.0,0.7647058823529411,0.0,2.0,4.0,2,35.2220045298418,129.090619048807,부산광역시 금정구 부곡로18번안길 95,True,0.0196078431372549,,,,,,448000000.0,-0.21875,240000000.0,0.45833333333333326,1.0,True
A60983102,삼한여명,금정구,서동,240.0,1997-08-30,29,178.0,0.7416666666666667,0.0,0.0,1.0,3,35.2128082979815,129.108958820566,부산광역시 금정구 중군진로 25,True,0.004166666666666667,,,,,,279000000.0,-0.31899641577060933,185000000.0,0.027027027027026973,0.0,True
A60983104,서동현대,금정구,서동,386.0,1989-03-14,37,306.0,0.7927461139896373,1.0,3.0,6.0,2,35.2114537182686,129.108238613901,부산광역시 금정구 옥봉로13번길 6,True,0.015544041450777202,,,,,,,,,,,
A60983303,서동삼한-1,금정구,서동,241.0,2003-03-26,23,189.0,0.7842323651452282,0.0,1.0,4.0,2,35.214535789406,129.097999015055,부산광역시 금정구 명서로 76,True,0.016597510373443983,,,,,,270000000.0,-0.08518518518518514,220000000.0,0.1227272727272728,0.0,True
A60983601,장전현대,금정구,장전동,190.0,2006-07-27,20,106.0,0.5578947368421052,2.0,2.0,4.0,4,35.2391893037776,129.080698006762,부산광역시 금정구 수림로 107,True,0.021052631578947368,145000000.0,5704577.968526466,,-0.030100334448160515,-0.20110192837465568,215000000.0,-0.32558139534883723,140000000.0,0.03571428571428581,1.0,True
A60984002,엘지금정,금정구,장전동,214.0,1997-10-13,28,122.0,0.5700934579439252,0.0,2.0,9.0,3,35.2286097066202,129.081873055695,부산광역시 금정구 금강로 217,True,0.04205607476635514,,,,0.09461966604823746,-0.20588235294117652,345000000.0,-0.14492753623188404,269000000.0,0.09665427509293689,1.0,True
A60984101,금정산한신,금정구,장전동,202.0,1997-06-16,29,139.0,0.6881188118811881,0.0,1.0,7.0,4,35.2282227490127,129.079714337557,부산광역시 금정구 소정로 39,True,0.034653465346534656,,,,,-0.06418219461697727,280000000.0,-0.19285714285714284,180000000.0,0.25555555555555554,0.0,True
A60984103,장전경보,금정구,장전동,333.0,1997-05-29,29,341.0,1.024024024024024,0.0,3.0,16.0,3,35.2252000731299,129.080990387749,부산광역시 금정구 식물원로75번길 33,True,0.04804804804804805,,,,-0.0316114109483423,0.12142857142857144,362500000.0,-0.13379310344827589,235000000.0,0.3361702127659574,1.0,True
A60984401,금정산경동메르빌아파트,금정구,청룡동,158.0,2007-02-16,19,158.0,1.0,1.0,1.0,2.0,2,35.2795698854979,129.085316979108,부산광역시 금정구 청룡예전로 100-12,True,0.012658227848101266,,,,,,,,,,,
A60984701,경보,금정구,구서동,199.0,1996-07-31,30,157.0,0.7889447236180904,2.0,2.0,4.0,3,35.2525693689014,129.092847030233,부산광역시 금정구 금단로 33,True,0.020100502512562814,215000000.0,8371681.415929203,,-0.19475655430711614,0.12093023255813962,285000000.0,-0.24561403508771928,180000000.0,0.19444444444444442,1.0,True
A60984703,협성그린,금정구,구서동,261.0,1997-12-13,28,269.0,1.0306513409961686,1.0,2.0,8.0,3,35.2527226731287,129.09342915203,부산광역시 금정구 금단로 38,True,0.03065134099616858,,,,0.0786516853932584,-0.021276595744680882,282000000.0,-0.14893617021276595,200000000.0,0.19999999999999996,1.0,True
A61107001,한일유앤아이,연제구,거제동,202.0,2007-10-30,18,313.0,1.5495049504950495,0.0,1.0,14.0,2,35.1886003667889,129.075792246488,부산광역시 연제구 월드컵대로 196,True,0.06930693069306931,,,,,0.02499999999999991,505000000.0,-0.16831683168316836,333000000.0,0.26126126126126126,0.0,True
A61107002,일동미라주리버,연제구,거제동,220.0,2014-08-28,12,245.0,1.1136363636363635,0.0,8.0,20.0,1,35.1955792874301,129.08303565447,부산광역시 연제구 세병로 74,True,0.09090909090909091,,,,0.18556701030927836,0.102439024390244,675000000.0,-0.14814814814814814,397500000.0,0.44654088050314455,8.0,False
A61107303,거제유림노르웨이숲,연제구,거제동,418.0,2007-08-10,19,440.0,1.0526315789473684,3.0,4.0,16.0,3,35.1803529316818,129.070922905755,부산광역시 연제구 거제대로136번길 30,True,0.03827751196172249,390000000.0,15161310.666137699,-0.04878048780487809,-0.00497512437810943,0.017766497461928932,514000000.0,-0.22178988326848248,327500000.0,0.22137404580152675,3.0,False
A61108001,연산센트럴파크,연제구,연산동,293.0,1992-11-03,33,220.0,0.7508532423208191,1.0,1.0,4.0,2,35.1838771430912,129.093752101619,부산광역시 연제구 고분로98번길 16,True,0.013651877133105802,,,,,,228000000.0,-0.2850877192982456,130000000.0,0.25384615384615383,0.0,True
A61108002,연산동현대홈타운,연제구,연산동,410.0,2005-10-28,20,411.0,1.002439024390244,2.0,5.0,12.0,1,35.1689831789447,129.086342256259,부산광역시 연제구 마곡천로 54,True,0.02926829268292683,267500000.0,10387579.385111783,-0.027272727272727226,0.03969754253308122,0.011152416356877248,368500000.0,-0.25373134328358204,235000000.0,0.17021276595744683,5.0,False
A61108003,연산경동메르빌,연제구,연산동,470.0,2013-12-06,12,603.0,1.2829787234042553,9.0,16.0,46.0,3,35.1747443937072,129.082576383243,부산광역시 연제구 연수로 110,True,0.09787234042553192,515000000.0,20864391.688357763,0.12445414847161573,0.08829787234042552,0.06951871657754016,622500000.0,-0.17269076305220887,385000000.0,0.33766233766233755,9.0,False
A61175110,주공,연제구,연산동,2038.0,1986-11-28,39,980.0,0.48086359175662413,2.0,10.0,28.0,5,35.1785179574933,129.111055676864,부산광역시 연제구 토현로 10,True,0.013738959764474975,,,,0.04444444444444451,-0.08910891089108908,818000000.0,-0.4498777506112469,330000000.0,0.36363636363636354,5.0,False
A61175113,연산동한솔솔파크,연제구,연산동,165.0,2007-12-26,18,204.0,1.2363636363636363,2.0,4.0,7.0,3,35.1872885603013,129.103871324026,부산광역시 연제구 과정로 211,True,0.04242424242424243,345000000.0,13394558.882033957,0.0029069767441860517,0.10256410256410264,0.02109374999999991,385000000.0,-0.1428571428571429,265000000.0,0.24528301886792447,4.0,False
A61175209,한양(1차),연제구,연산동,1452.0,1981-11-06,44,1283.0,0.8836088154269972,5.0,14.0,37.0,6,35.1907586181256,129.100628084087,부산광역시 연제구 온천천남로 110,True,0.025482093663911846,382500000.0,15090157.70006498,-0.02423469387755106,-0.020000000000000018,-0.038461538461538436,640000000.0,-0.3671875,360000000.0,0.125,3.0,False
A61175307,한양,연제구,거제동,336.0,1985-07-26,41,134.0,0.39880952380952384,0.0,3.0,6.0,3,35.1972884484811,129.0809484195,부산광역시 연제구 중앙대로1226번길 4,True,0.017857142857142856,,,,-0.03065134099616862,-0.001941747572815511,803000000.0,-0.36986301369863017,430000000.0,0.17674418604651154,2.0,True
A61175403,대우그린,연제구,거제동,336.0,1993-02-27,33,189.0,0.5625,2.0,4.0,9.0,2,35.1878038008399,129.061396772362,부산광역시 연제구 월드컵대로 343,True,0.026785714285714284,233000000.0,9122619.683217654,,0.10952380952380958,0.02564102564102555,390000000.0,-0.4025641025641026,170000000.0,0.37058823529411766,1.0,True
A61175404,거제동롯데캐슬피렌체,연제구,거제동,364.0,2011-01-24,15,773.0,2.1236263736263736,2.0,11.0,19.0,2,35.1917419909489,129.068278343686,부산광역시 연제구 월드컵대로 266,True,0.0521978021978022,900000000.0,34962112.6062548,0.0027855153203342198,0.0044642857142858094,0.0843373493975903,1050000000.0,-0.1428571428571429,620000000.0,0.4516129032258065,3.0,False
A61175405,아시아드푸르지오,연제구,거제동,478.0,2010-12-27,15,754.0,1.5774058577405858,3.0,7.0,23.0,2,35.1873573235502,129.070603199683,부산광역시 연제구 아시아드대로22번길 36,True,0.04811715481171548,667500000.0,25927780.820399836,-0.02126099706744866,0.0862414761331729,0.14942528735632177,698500000.0,-0.06227630637079451,440000000.0,0.48863636363636354,5.0,False
A61175505,대우,연제구,거제동,412.0,1993-09-17,32,226.0,0.5485436893203883,7.0,8.0,18.0,2,35.1886447433903,129.070011382832,부산광역시 연제구 아시아드대로28번길 9,True,0.043689320388349516,375000000.0,14569107.605368495,-0.038461538461538436,0.19083969465648853,0.06461538461538452,470000000.0,-0.17021276595744683,249000000.0,0.5662650602409638,6.0,False
A61175702,경남,연제구,거제동,384.0,1984-09-18,41,319.0,0.8307291666666666,0.0,4.0,11.0,4,35.1867936578779,129.074371753941,부산광역시 연제구 거제대로214번길 6,True,0.028645833333333332,,,,0.04444444444444451,0.07602339181286544,730000000.0,-0.3561643835616438,330000000.0,0.4242424242424243,1.0,True
A61175804,현대,연제구,거제동,618.0,1986-05-28,40,450.0,0.7281553398058253,3.0,9.0,19.0,2,35.1844844030634,129.072701135557,부산광역시 연제구 거제대로 198,True,0.030744336569579287,420000000.0,16313559.322033899,-0.08396946564885499,-0.030888030888030937,0.07904191616766476,675000000.0,-0.37777777777777777,368000000.0,0.14130434782608692,3.0,False
A61175901,연산자이,연제구,연산동,1598.0,2010-07-28,16,2717.0,1.700250312891114,11.0,24.0,71.0,2,35.1879047554378,129.089788256589,부산광역시 연제구 과정로343번길 43,True,0.044430538172715896,597500000.0,23329984.843052827,-0.0008361204013378476,0.02310654685494229,0.048458149779735615,746000000.0,-0.1997319034852547,431000000.0,0.38515081206496515,16.0,False
A61176004,한성기린,연제구,연산동,450.0,1993-11-05,32,332.0,0.7377777777777778,1.0,8.0,16.0,4,35.1905686234806,129.08436440404,부산광역시 연제구 세병로 16,True,0.035555555555555556,,,,0.0007674597083653367,-0.012878787878787934,378000000.0,-0.12169312169312174,269000000.0,0.23420074349442377,2.0,True
A61176101,동덕현대,연제구,연산동,478.0,1994-03-03,32,234.0,0.4895397489539749,1.0,3.0,7.0,3,35.171628997698,129.092403877286,부산광역시 연제구 연미로 14,True,0.014644351464435146,229000000.0,9056807.286673058,0.20526315789473681,0.0475000000000001,-0.16666666666666663,297000000.0,-0.2289562289562289,190000000.0,0.20526315789473681,2.0,True
A61176202,현대(983-9),연제구,연산동,464.0,1997-12-20,28,425.0,0.915948275862069,1.0,4.0,14.0,3,35.1840991747127,129.095466398163,부산광역시 연제구 고분로112번길 23,True,0.03017241379310345,,,,-0.04157549234135671,-0.07551020408163267,325000000.0,-0.3538461538461538,208000000.0,0.009615384615384581,2.0,True
A61176308,선경,연제구,연산동,576.0,1995-06-05,31,832.0,1.4444444444444444,1.0,4.0,9.0,3,35.1774031788907,129.109088890896,부산광역시 연제구 과정로 74,True,0.015625,418000000.0,16276106.194690267,0.09711286089238835,0.17647058823529416,0.0672268907563025,495000000.0,-0.15555555555555556,297500000.0,0.4050420168067226,3.0,False
A61176411,연산엘지,연제구,연산동,2302.0,1999-03-27,27,2716.0,1.1798436142484796,12.0,30.0,66.0,4,35.1840862910393,129.104619783871,부산광역시 연제구 고분로 200,True,0.028670721112076455,314000000.0,12192022.590893047,-0.05100113335851908,0.04585679806918752,-0.00783699059561127,455000000.0,-0.2857142857142857,264500000.0,0.22873345935727785,15.0,False
A61176513,거제1차현대홈타운,연제구,거제동,1127.0,2001-07-28,25,1340.0,1.188997338065661,7.0,26.0,71.0,4,35.1924298960748,129.071121435861,부산광역시 연제구 법원북로 34,True,0.06299911268855368,657000000.0,25528081.94984104,-0.03736263736263734,-0.040000000000000036,0.1961301671064204,750000000.0,-0.12,387000000.0,0.7054263565891472,9.0,False
A61176612,거제2차현대홈타운,연제구,거제동,1110.0,2002-05-27,24,1270.0,1.1441441441441442,7.0,28.0,71.0,3,35.1925483818455,129.068128525269,부산광역시 연제구 법원북로 16,True,0.06396396396396396,825000000.0,32136407.096568577,0.05769230769230771,0.11468531468531462,0.16992481203007515,869000000.0,-0.07940161104718069,449000000.0,0.7817371937639199,9.0,False
A61176708,온천천쌍용예가,연제구,거제동,336.0,2006-06-02,20,373.0,1.1101190476190477,4.0,8.0,17.0,2,35.1938733167425,129.083501569372,부산광역시 연제구 세병로 68,True,0.050595238095238096,494000000.0,19191241.39148861,0.003045685279187804,0.071195652173913,0.0710382513661203,610000000.0,-0.1959016393442623,351500000.0,0.39544807965860596,7.0,False
A61176709,쌍용,연제구,거제동,502.0,2002-06-01,24,572.0,1.1394422310756973,2.0,9.0,28.0,3,35.1937185677886,129.068928069495,부산광역시 연제구 법원북로 13,True,0.055776892430278883,,,,-0.00201342281879191,0.06810035842293916,783000000.0,-0.04597701149425293,445000000.0,0.6786516853932585,2.0,True
A61176911,거제동롯데캐슬,연제구,거제동,540.0,2001-11-29,24,555.0,1.0277777777777777,3.0,11.0,27.0,3,35.1933809649385,129.084588086837,부산광역시 연제구 세병로 44,True,0.05,415000000.0,16123715.224225014,0.02595797280593315,0.0024449877750611915,0.012345679012345734,595000000.0,-0.3025210084033614,330000000.0,0.25757575757575757,6.0,False
A61177006,삼익퓨쳐타워,연제구,거제동,313.0,2006-10-04,19,310.0,0.9904153354632588,3.0,4.0,8.0,3,35.1951406135593,129.080976176081,부산광역시 연제구 명륜로2번길 7,True,0.025559105431309903,390000000.0,15142957.995058244,0.06557377049180335,0.12416356877323409,0.14501992031872502,460000000.0,-0.15217391304347827,280000000.0,0.3928571428571428,2.0,True
A61177102,유림아시아드타워,연제구,거제동,408.0,2004-08-31,22,326.0,0.7990196078431373,4.0,12.0,23.0,2,35.1820903232345,129.066104395425,부산광역시 연제구 화지로 84,True,0.056372549019607844,,,,,0.01379310344827589,330000000.0,-0.10909090909090913,289750000.0,0.014667817083692913,0.0,True
A61177214,거제동월드메르디앙,연제구,거제동,1156.0,2005-12-09,20,1868.0,1.6159169550173011,6.0,16.0,36.0,3,35.1923989429261,129.082988250779,부산광역시 연제구 거제천로 233,True,0.031141868512110725,580500000.0,22559060.542576227,-0.14,0.040000000000000036,0.07789473684210524,808000000.0,-0.36757425742574257,458500000.0,0.11450381679389321,8.0,False
A61180301,동래화신타운,연제구,거제동,168.0,1995-10-31,30,156.0,0.9285714285714286,0.0,1.0,9.0,3,35.1928825189694,129.08965373572,부산광역시 연제구 온천천공원길 74,True,0.05357142857142857,,,,,-0.014598540145985384,402000000.0,-0.21641791044776115,225000000.0,0.3999999999999999,0.0,True
A61180302,청마마이우스,연제구,거제동,169.0,2003-12-18,22,94.0,0.5562130177514792,0.0,0.0,4.0,2,35.1961671710943,129.08181156586,부산광역시 연제구 명륜로 14,True,0.023668639053254437,,,,,,,,,,,
A61180303,우성,연제구,거제동,197.0,1997-05-30,29,148.0,0.751269035532995,2.0,4.0,8.0,3,35.1923014672598,129.085221572305,부산광역시 연제구 거제천로 255,True,0.04060913705583756,,,,,0.09310344827586214,398000000.0,-0.20351758793969854,229000000.0,0.38427947598253276,1.0,True
A61180304,태경썬싸인,연제구,거제동,224.0,1995-02-23,31,201.0,0.8973214285714286,1.0,1.0,6.0,3,35.1982422339383,129.079689707121,부산광역시 연제구 중앙대로1226번길 30,True,0.026785714285714284,275000000.0,10685270.222536204,,-0.04181184668989546,,355000000.0,-0.22535211267605637,200000000.0,0.375,1.0,True
A61180305,거제동2차동원로얄듀크,연제구,거제동,298.0,2005-07-26,21,368.0,1.2348993288590604,1.0,2.0,5.0,3,35.1934611846626,129.0862191277,부산광역시 연제구 거제천로269번길 31,True,0.016778523489932886,,,,,0.030000000000000027,579000000.0,-0.27461139896373055,355000000.0,0.18309859154929575,0.0,True
A61180310,벽산이-메타폴리스,연제구,거제동,394.0,2005-09-27,20,383.0,0.9720812182741116,4.0,10.0,15.0,1,35.195435858632,129.081582560886,부산광역시 연제구 온천천공원길 4,True,0.03807106598984772,338000000.0,13212508.884150675,-0.03151862464183386,0.0,0.030303030303030276,478000000.0,-0.2928870292887029,281000000.0,0.20284697508896787,10.0,False
A61180401,연제그린타워,연제구,거제동,332.0,1999-02-13,27,290.0,0.8734939759036144,2.0,3.0,9.0,5,35.1832514602671,129.072589470893,부산광역시 연제구 거제천로87번길 30,True,0.02710843373493976,330000000.0,12845010.615711253,,0.05600000000000005,-0.05970149253731338,370000000.0,-0.10810810810810811,244000000.0,0.3524590163934427,1.0,True
A61180501,거제청구하이츠,연제구,거제동,170.0,2003-05-01,23,243.0,1.4294117647058824,0.0,1.0,1.0,3,35.1833405513292,129.065821464682,부산광역시 연제구 화지로 95,True,0.0058823529411764705,,,,,,317500000.0,-0.19685039370078738,255000000.0,0.0,0.0,True
A61180503,유림아시아드,연제구,거제동,1330.0,2001-09-22,24,2023.0,1.5210526315789474,11.0,23.0,56.0,4,35.1766936259166,129.067056005977,부산광역시 연제구 해맞이로 23,True,0.042105263157894736,303500000.0,11787018.098024491,-0.13900709219858154,-0.013452914798206317,-0.03649635036496346,500000000.0,-0.38,240000000.0,0.29166666666666674,10.0,False
A61180701,현대타운,연제구,거제동,273.0,1995-09-05,31,238.0,0.8717948717948718,0.0,2.0,6.0,2,35.1892276312654,129.068919008352,부산광역시 연제구 아시아드대로46번길 15,True,0.02197802197802198,,,,-0.03395061728395066,0.006430868167202508,430000000.0,-0.27209302325581397,260000000.0,0.2038461538461538,1.0,True
A61180702,월드마크아시아드,연제구,거제동,299.0,2008-02-25,18,616.0,2.060200668896321,2.0,5.0,10.0,2,35.19134467152,129.065465159206,부산광역시 연제구 종합운동장로12번길 8,True,0.033444816053511704,,,,,,,,,,,
A61180706,동원타워,연제구,거제동,414.0,1996-10-29,29,389.0,0.9396135265700483,5.0,10.0,24.0,3,35.1893465707782,129.069974084203,부산광역시 연제구 월드컵대로243번길 19,True,0.057971014492753624,363250000.0,14105966.109672863,-0.03902116402116407,0.02777777777777768,0.015972222222222276,452500000.0,-0.18563535911602214,262000000.0,0.4064885496183206,5.0,False
A61180904,거제아시아드삼정그린코아,연제구,거제동,408.0,2001-10-26,24,440.0,1.0784313725490196,2.0,7.0,26.0,4,35.1889256007671,129.063526154033,부산광역시 연제구 월드컵대로 325,True,0.06372549019607843,400000000.0,15553693.825537045,0.0596026490066226,0.08333333333333326,0.09939759036144569,460000000.0,-0.13043478260869568,290000000.0,0.3793103448275863,3.0,False
A61181003,동서그린,연제구,연산동,188.0,1991-12-24,34,112.0,0.5957446808510638,1.0,3.0,3.0,2,35.1825343047604,129.101866865525,부산광역시 연제구 토곡로 50-2,True,0.015957446808510637,,,,,0.11764705882352944,193000000.0,-0.11398963730569944,150000000.0,0.1399999999999999,1.0,True
A61181004,부전타워,연제구,연산동,214.0,1993-11-04,32,148.0,0.6915887850467289,1.0,1.0,5.0,4,35.180908915649,129.105807106374,부산광역시 연제구 토곡남로 11,True,0.02336448598130841,210000000.0,8397964.129907902,,-0.21553978333955925,0.2910810810810811,267700000.0,-0.21553978333955925,185000000.0,0.1351351351351351,1.0,True
A61181006,대우,연제구,연산동,303.0,2000-10-23,25,328.0,1.0825082508250825,1.0,5.0,8.0,5,35.1808424143202,129.104366104872,부산광역시 연제구 토곡남로 15,True,0.026402640264026403,,,,,0.2068965517241379,350000000.0,0.0,240000000.0,0.45833333333333326,1.0,True
A61181102,한양타워,연제구,연산동,302.0,1992-08-04,34,206.0,0.6821192052980133,0.0,2.0,3.0,2,35.1904464765009,129.092729099912,부산광역시 연제구 과정로344번길 22,True,0.009933774834437087,,,,0.03296703296703307,0.07976653696498048,395000000.0,-0.2860759493670886,215000000.0,0.31162790697674425,1.0,True
A61181103,경동,연제구,연산동,318.0,1994-12-31,31,252.0,0.7924528301886793,0.0,1.0,6.0,3,35.1922748919981,129.092615622947,부산광역시 연제구 과정로344번길 50,True,0.018867924528301886,,,,,0.013461538461538414,355000000.0,-0.2577464788732394,226500000.0,0.16335540838852092,0.0,True
A61181202,현대(481-3),연제구,연산동,181.0,1996-08-02,30,168.0,0.9281767955801105,0.0,1.0,2.0,2,35.1837253978978,129.108456388445,부산광역시 연제구 고분로236번길 13,True,0.011049723756906077,,,,,,300000000.0,-0.033333333333333326,267000000.0,0.08614232209737827,0.0,True
A61181205,경남,연제구,연산동,297.0,1994-03-16,32,230.0,0.7744107744107744,4.0,5.0,8.0,3,35.1834095640106,129.110916809877,부산광역시 연제구 고분로 260,True,0.026936026936026935,223250000.0,8867657.67934521,,0.005630630630630629,-0.021428571428571463,290000000.0,-0.2301724137931035,202500000.0,0.10246913580246919,2.0,True
A61181207,센텀수영강푸르지오,연제구,연산동,430.0,2007-06-22,19,454.0,1.0558139534883721,1.0,7.0,19.0,3,35.1841843772232,129.112027364641,부산광역시 연제구 고분로 270,True,0.044186046511627906,,,,0.016518424396442244,0.036363636363636376,509000000.0,-0.21119842829076618,320000000.0,0.25468749999999996,3.0,False
A61181601,동원베네스트,연제구,연산동,150.0,2006-03-30,20,156.0,1.04,1.0,1.0,3.0,2,35.1888915510618,129.095510226415,부산광역시 연제구 과정로294번길 10,True,0.02,,,,,-0.03785488958990535,450000000.0,-0.3111111111111111,297500000.0,0.04201680672268915,0.0,True
A61182002,연산쌍용,연제구,연산동,159.0,1999-10-16,26,156.0,0.9811320754716981,1.0,3.0,5.0,3,35.1871122906128,129.084471930317,부산광역시 연제구 고분로13번길 25,True,0.031446540880503145,325000000.0,12622101.918324113,0.040000000000000036,-0.044117647058823484,-0.09722222222222221,388000000.0,-0.16237113402061853,270000000.0,0.20370370370370372,3.0,False
A61182006,삼익,연제구,연산동,305.0,1979-07-10,47,187.0,0.6131147540983607,1.0,4.0,7.0,3,35.1913830978643,129.081257836377,부산광역시 연제구 중앙대로 1164,True,0.022950819672131147,,,,,,470000000.0,-0.36170212765957444,289000000.0,0.03806228373702414,0.0,True
A61182007,연산센터빌,연제구,연산동,312.0,1995-07-13,31,216.0,0.6923076923076923,4.0,7.0,15.0,2,35.189430467261,129.083223112246,부산광역시 연제구 거제천로230번길 53,True,0.04807692307692308,286000000.0,11120537.292329444,0.04761904761904767,0.05372290292177184,-0.1082644628099173,375000000.0,-0.23733333333333329,240000000.0,0.19166666666666665,4.0,False
A61182009,에스케이뷰,연제구,연산동,329.0,2006-04-28,20,477.0,1.4498480243161094,6.0,7.0,14.0,3,35.1885940971356,129.081982198259,부산광역시 연제구 중앙대로1124번길 15,True,0.0425531914893617,379000000.0,14786222.224849412,,0.013368983957219305,-0.0346153846153846,450000000.0,-0.1577777777777778,319500000.0,0.1862284820031299,1.0,True
A61182301,서전기아타운,연제구,연산동,152.0,1994-01-22,32,54.0,0.35526315789473684,1.0,3.0,5.0,3,35.1803656736881,129.088536990669,부산광역시 연제구 쌍미천로84번길 2,True,0.03289473684210526,,,,0.08666666666666667,0.1592592592592592,190000000.0,-0.14210526315789473,135000000.0,0.20740740740740748,1.0,True
A61182303,대진그린타워,연제구,연산동,161.0,1993-04-02,33,82.0,0.5093167701863354,1.0,1.0,7.0,3,35.1811180220599,129.089201748949,부산광역시 연제구 쌍미천로84번길 59-10,True,0.043478260869565216,,,,,0.0,178000000.0,-0.2471910112359551,120000000.0,0.1166666666666667,0.0,True
A61182305,반도보라,연제구,연산동,294.0,2000-12-09,25,336.0,1.1428571428571428,0.0,4.0,7.0,2,35.1841923002877,129.083245788703,부산광역시 연제구 월드컵대로114번길 20,True,0.023809523809523808,,,,0.034337771548703655,-0.07052896725440805,508800000.0,-0.27279874213836475,312000000.0,0.1858974358974359,4.0,False
A61182308,한일유앤아이,연제구,연산동,412.0,2006-04-28,20,393.0,0.9538834951456311,2.0,7.0,16.0,3,35.182527821509,129.087449584965,부산광역시 연제구 묘봉산로 4,True,0.038834951456310676,325000000.0,12632806.426535372,-0.022556390977443663,0.08333333333333326,0.041525423728813626,390000000.0,-0.16666666666666663,270000000.0,0.20370370370370372,3.0,False
A61182901,효성,연제구,연산동,189.0,1983-05-04,43,93.0,0.49206349206349204,0.0,2.0,7.0,2,35.1786006171557,129.079372934307,부산광역시 연제구 중앙대로1038번길 54,True,0.037037037037037035,,,,,,,,,,,
A61182902,연제힐스테이트,연제구,연산동,220.0,2008-06-04,18,435.0,1.9772727272727273,1.0,2.0,4.0,1,35.1768394543853,129.077054372469,부산광역시 연제구 연제로 21,True,0.01818181818181818,,,,,,,,,,,
A61201002,아크로뷰,해운대구,중동,208.0,2004-03-26,22,231.0,1.1105769230769231,1.0,3.0,9.0,1,35.1664472897805,129.163495702351,부산광역시 해운대구 우동3로 4,True,0.04326923076923077,,,,,,,,,,,
A61201003,해운대중동롯데캐슬마스터2,해운대구,중동,242.0,2007-10-23,18,323.0,1.334710743801653,2.0,4.0,5.0,2,35.1713537697364,129.172436675549,부산광역시 해운대구 좌동로63번길 46,True,0.02066115702479339,630000000.0,24463989.936435282,0.05351170568561869,-0.05970149253731338,-0.027027027027026973,800000000.0,-0.21250000000000002,525000000.0,0.19999999999999996,3.0,False
A61201004,해운대비치베르빌,해운대구,중동,228.0,2005-03-11,21,289.0,1.2675438596491229,4.0,9.0,15.0,3,35.1627876700991,129.168226397893,부산광역시 해운대구 해운대해변로 348,True,0.06578947368421052,350000000.0,13589834.098129192,-0.10256410256410253,-0.038961038961038974,0.14583333333333326,580000000.0,-0.39655172413793105,279000000.0,0.2544802867383513,4.0,False
A61201005,달맞이경동메르빌,해운대구,중동,315.0,2002-10-26,23,530.0,1.6825396825396826,1.0,3.0,4.0,4,35.1601840102591,129.174041365395,부산광역시 해운대구 달맞이길65번길 12-12,True,0.012698412698412698,,,,,,513000000.0,0.0,380000000.0,0.3500000000000001,0.0,True
A61201006,해운대중동두산위브,해운대구,중동,358.0,2008-02-28,18,421.0,1.175977653631285,1.0,6.0,16.0,2,35.1641513995489,129.167142201489,부산광역시 해운대구 해운대해변로 349-25,True,0.0446927374301676,690000000.0,26811450.856270842,-0.016042780748663055,0.022977941176470562,0.078125,899000000.0,-0.23248053392658508,502000000.0,0.3745019920318724,6.0,False
A61201007,롯데캐슬마린,해운대구,중동,792.0,2004-10-11,21,1026.0,1.2954545454545454,6.0,13.0,38.0,3,35.1659344817068,129.165077056801,부산광역시 해운대구 중동2로34번길 29,True,0.047979797979797977,740000000.0,28739487.490908574,-0.060913705583756306,0.027491408934707806,0.13461538461538458,890000000.0,-0.1685393258426966,542500000.0,0.3640552995391706,10.0,False
A61202001,신동아,해운대구,우동,194.0,1991-08-21,35,146.0,0.7525773195876289,2.0,4.0,5.0,1,35.1629702712593,129.155018850314,부산광역시 해운대구 우동1로 9-28,True,0.02577319587628866,507000000.0,19741592.92035398,0.050777202072538774,0.008000000000000007,-0.015686274509803977,730000000.0,-0.3013698630136986,350000000.0,0.4571428571428571,4.0,False
A61202004,대우트럼프월드센텀,해운대구,우동,564.0,2006-07-28,20,937.0,1.6613475177304964,3.0,4.0,29.0,3,35.1698704966296,129.132455662366,부산광역시 해운대구 센텀동로 9,True,0.051418439716312055,1430000000.0,55537248.4406261,0.0,-0.022222222222222254,-0.03533746441132135,1750000000.0,-0.18285714285714283,820000000.0,0.7439024390243902,2.0,True
A61202005,해운대엑소디움,해운대구,우동,267.0,2009-06-24,17,981.0,3.6741573033707864,0.0,0.0,2.0,1,35.1628332443588,129.136663925202,부산광역시 해운대구 해운대해변로 30,True,0.00749063670411985,,,,,,,,,,,
A61202006,대우월드마크센텀,해운대구,우동,496.0,2010-10-13,15,1303.0,2.627016129032258,3.0,8.0,12.0,2,35.1719091709265,129.131436572074,부산광역시 해운대구 센텀동로 25,True,0.024193548387096774,,,,,,,,,,,
A61202007,해운대두산위브더제니스,해운대구,우동,1788.0,2011-11-30,14,3942.0,2.204697986577181,7.0,19.0,48.0,2,35.1572036560166,129.144817207267,부산광역시 해운대구 마린시티2로 33,True,0.026845637583892617,,,,,,,,,,,
A61202008,쌍용예가,남구,용호동,773.0,2013-06-05,13,777.0,1.0051746442432083,14.0,21.0,36.0,3,35.1127684985524,129.109271458577,부산광역시 남구 용호로216번가길 10,True,0.04657179818887452,360500000.0,14007467.010130856,-0.0636363636363636,-0.06075949367088607,0.00911458333333326,535000000.0,-0.3457943925233645,320000000.0,0.09375,4.0,False
A61202009,해운대자이1단지,해운대구,우동,1059.0,2013-02-22,13,1295.0,1.2228517469310671,7.0,10.0,58.0,3,35.1649470018111,129.14296529945,부산광역시 해운대구 해운대로 435,True,0.05476864966949953,1120000000.0,43525423.247627065,0.009009009009008917,0.14066496163682873,0.05305039787798416,1230000000.0,-0.08943089430894313,750000000.0,0.4933333333333334,6.0,False
A61202010,해운대한신휴플러스,해운대구,우동,240.0,2014-06-03,12,270.0,1.125,1.0,4.0,12.0,1,35.1594047768943,129.151736774926,부산광역시 해운대구 해운대로 550,True,0.05,680000000.0,26450380.194747407,-0.07952622673434862,-0.08724832214765099,0.02777777777777768,950000000.0,-0.28421052631578947,500000000.0,0.3600000000000001,4.0,False
A61202011,센텀두산위브,해운대구,우동,581.0,2014-11-14,11,735.0,1.2650602409638554,4.0,8.0,30.0,4,35.1747772240517,129.140586355823,부산광역시 해운대구 해운대로383번길 93,True,0.05163511187607573,736250000.0,28588818.960287213,-0.05366323907455017,0.020408163265306145,0.04166666666666674,1100000000.0,-0.34318181818181814,600000000.0,0.2041666666666666,7.0,False
A61203001,경동지-플러스,해운대구,좌동,168.0,2002-11-27,23,143.0,0.8511904761904762,0.0,1.0,2.0,1,35.1686044730957,129.179287469768,부산광역시 해운대구 세실로 30,True,0.011904761904761904,,,,,,,,,,,
A61203002,롯데캐슬마스터,해운대구,좌동,200.0,2005-12-06,20,200.0,1.0,2.0,6.0,7.0,1,35.1740455760583,129.175747895706,부산광역시 해운대구 세실로 104,True,0.035,577500000.0,22428223.78234756,-0.03508771929824561,0.008620689655172376,-0.05284552845528456,745000000.0,-0.22818791946308725,460000000.0,0.25,6.0,False
A61203003,롯데2,해운대구,좌동,214.0,1998-04-25,28,249.0,1.1635514018691588,2.0,5.0,6.0,3,35.176595357839,129.169832029527,부산광역시 해운대구 좌동순환로 117,True,0.028037383177570093,,,,,,490000000.0,-0.12244897959183676,377500000.0,0.13907284768211925,0.0,True
A61203004,삼정코아,해운대구,좌동,168.0,2003-11-27,22,164.0,0.9761904761904762,3.0,5.0,7.0,2,35.1698725592719,129.178425811623,부산광역시 해운대구 세실로 48,True,0.041666666666666664,,,,,,,,,,,
A61203008,신성,해운대구,좌동,330.0,1996-05-29,30,339.0,1.0272727272727273,5.0,10.0,21.0,3,35.1727440112245,129.167918813811,부산광역시 해운대구 대천로67번길 15,True,0.06363636363636363,512500000.0,19903146.844917268,0.09508547008547019,0.0625,,607000000.0,-0.15156507413509057,300000000.0,0.7166666666666666,3.0,False
A61203010,대원,해운대구,좌동,452.0,1998-10-29,27,548.0,1.2123893805309736,3.0,10.0,20.0,4,35.1728563187354,129.18000766071,부산광역시 해운대구 좌동순환로 252,True,0.04424778761061947,530000000.0,20583735.436036244,-0.03196347031963476,0.09090909090909083,0.11301369863013688,650000000.0,-0.16923076923076918,383000000.0,0.4099216710182767,4.0,False
A61203012,영남,해운대구,좌동,512.0,1996-08-27,30,513.0,1.001953125,3.0,4.0,16.0,3,35.1680799575736,129.183087303976,부산광역시 해운대구 좌동순환로311번길 8,True,0.03125,505000000.0,19628975.265017666,,0.1562678878076702,0.030000000000000027,575000000.0,-0.12173913043478257,333000000.0,0.5165165165165164,1.0,True
A61203013,두산2,해운대구,좌동,632.0,1996-10-29,29,632.0,1.0,9.0,14.0,25.0,3,35.1690929310781,129.179950952506,부산광역시 해운대구 대천로 225,True,0.03955696202531646,635000000.0,24681978.79858657,-0.052238805970149294,0.015625,0.13157894736842102,777000000.0,-0.1634491634491635,455000000.0,0.4285714285714286,4.0,False
A61203014,경남,해운대구,좌동,655.0,1997-05-30,29,670.0,1.0229007633587786,5.0,6.0,18.0,4,35.1773532230785,129.166883113235,부산광역시 해운대구 좌동순환로99번길 22,True,0.02748091603053435,503250000.0,19762536.59233167,,0.10604395604395611,,653000000.0,-0.22932618683001527,356000000.0,0.413623595505618,2.0,True
A61203015,한일,해운대구,좌동,662.0,1996-06-29,30,665.0,1.0045317220543806,3.0,11.0,28.0,3,35.1725806206666,129.171283942742,부산광역시 해운대구 대천로 56,True,0.04229607250755287,458000000.0,17795831.861533023,-0.01505376344086018,0.03359462486002229,0.03619909502262453,700000000.0,-0.34571428571428575,372000000.0,0.23118279569892475,2.0,True
A61203016,동신,해운대구,좌동,676.0,1996-05-30,30,681.0,1.007396449704142,2.0,5.0,15.0,4,35.177503729391,129.179007579303,부산광역시 해운대구 좌동순환로217번길 7,True,0.022189349112426034,,,,,0.04042553191489362,585000000.0,-0.1316239316239316,350000000.0,0.4514285714285715,0.0,True
A61203017,동부,해운대구,좌동,679.0,1996-12-05,29,699.0,1.0294550810014726,3.0,6.0,23.0,4,35.1781816864775,129.178750414799,부산광역시 해운대구 세실로 158,True,0.033873343151693665,642000000.0,25342105.263157893,,0.08813559322033893,0.1222687122268713,785000000.0,-0.18216560509554136,400000000.0,0.605,1.0,True
A61203018,대림2,해운대구,좌동,682.0,1997-03-27,29,708.0,1.0381231671554252,4.0,9.0,24.0,4,35.1748121460862,129.172437294306,부산광역시 해운대구 대천로103번길 9,True,0.03519061583577713,585000000.0,22718713.9595641,-0.023372287145242088,0.06522717049032845,0.03755656108597294,599500000.0,-0.024186822351960013,280000000.0,1.0892857142857144,2.0,True
A61203019,삼성,해운대구,좌동,728.0,1997-02-22,29,838.0,1.151098901098901,12.0,18.0,35.0,3,35.1790705362313,129.177334583601,부산광역시 해운대구 세실로 174,True,0.04807692307692308,618500000.0,24013482.987434704,0.04564666103127646,0.07006920415224904,0.07085201793721962,680000000.0,-0.07352941176470584,395000000.0,0.5949367088607596,4.0,False
A61203020,건영1,해운대구,좌동,788.0,1998-11-19,27,845.0,1.0723350253807107,6.0,10.0,29.0,4,35.1786002826625,129.179425280502,부산광역시 해운대구 좌동순환로217번길 19,True,0.03680203045685279,517500000.0,20107735.782409042,,0.03915662650602414,0.08260869565217388,710000000.0,-0.31690140845070425,370000000.0,0.31081081081081074,2.0,True
A61203021,해운대 센트럴파크,해운대구,좌동,799.0,1998-03-07,28,559.0,0.6996245306633292,5.0,10.0,36.0,3,35.1757077373221,129.170676568788,부산광역시 해운대구 좌동순환로 118,True,0.04505632040050062,,,,,,,,,,,
A61203022,롯데3차,해운대구,좌동,824.0,1997-11-28,28,682.0,0.8276699029126213,10.0,18.0,46.0,1,35.1766687940571,129.177361495622,부산광역시 해운대구 세실로 138,True,0.055825242718446605,,,,,,,,,,,
A61203023,롯데4,해운대구,좌동,842.0,1999-10-21,26,756.0,0.8978622327790974,7.0,13.0,37.0,2,35.1756278882584,129.181136503358,부산광역시 해운대구 좌동순환로217번길 8,True,0.043942992874109264,556000000.0,21602401.83669865,-0.04957264957264962,0.10776699029126213,0.13975155279503104,650000000.0,-0.1446153846153846,320000000.0,0.7375,2.0,True
A61203024,대우,해운대구,좌동,852.0,1996-09-16,30,895.0,1.050469483568075,10.0,26.0,54.0,4,35.1673954673428,129.179439891781,부산광역시 해운대구 세실로 19,True,0.06338028169014084,570000000.0,22139309.33829241,0.14572864321608048,-0.0339366515837104,0.07281553398058249,685000000.0,-0.16788321167883213,398500000.0,0.4303638644918444,3.0,False
A61203025,벽산1,해운대구,좌동,880.0,1996-08-30,30,965.0,1.0965909090909092,7.0,16.0,38.0,4,35.1705390635997,129.180432057658,부산광역시 해운대구 대천로 205,True,0.04318181818181818,800000000.0,31062477.93858101,0.03761348897535677,0.06580732700135683,0.14099616858237551,894000000.0,-0.10514541387024612,490000000.0,0.6326530612244898,3.0,False
A61203026,화목,해운대구,좌동,896.0,1996-11-30,29,929.0,1.0368303571428572,3.0,10.0,19.0,4,35.1714902510447,129.179338824519,부산광역시 해운대구 대천로 187,True,0.021205357142857144,,,,0.14050303555941013,0.06533499791926767,790000000.0,-0.16455696202531644,415000000.0,0.5903614457831325,2.0,True
A61203027,LH뜨란채아파트,해운대구,좌동,928.0,1997-12-07,28,547.0,0.5894396551724138,12.0,23.0,43.0,2,35.1738305131974,129.168251016353,부산광역시 해운대구 대천로67번길 18,True,0.04633620689655173,,,,,,,,,,,
A61203028,코오롱,해운대구,좌동,928.0,1997-03-31,29,957.0,1.03125,7.0,8.0,34.0,4,35.1700062943164,129.168138360044,부산광역시 해운대구 대천로 35,True,0.036637931034482756,,,,,0.08205128205128198,660000000.0,-0.17575757575757578,375000000.0,0.45066666666666677,0.0,True
A61203029,건영2,해운대구,좌동,938.0,1997-09-30,28,938.0,1.0,5.0,16.0,44.0,2,35.1756250422471,129.176858428194,부산광역시 해운대구 세실로 126,True,0.046908315565031986,575000000.0,22365629.420084864,-0.029535864978902926,0.012048192771084265,0.1200000000000001,767000000.0,-0.2438070404172099,388500000.0,0.4929214929214929,9.0,False
A61203031,상록,해운대구,좌동,1000.0,1998-07-15,28,729.0,0.729,12.0,20.0,48.0,1,35.1653958910219,129.179717596926,부산광역시 해운대구 세실로 7,True,0.048,,,,,,,,,,,
A61203032,대우2,해운대구,좌동,1002.0,1998-06-13,28,1068.0,1.0658682634730539,8.0,14.0,46.0,3,35.1724530764883,129.183227515649,부산광역시 해운대구 좌동순환로 275,True,0.04590818363273453,557500000.0,21653798.168593016,-0.05508474576271183,0.02752293577981657,0.12346938775510208,765000000.0,-0.2679738562091504,360000000.0,0.5555555555555556,4.0,False
A61203033,벽산2,해운대구,좌동,1070.0,1996-11-30,29,1152.0,1.0766355140186916,5.0,22.0,50.0,4,35.169571011314,129.185048776441,부산광역시 해운대구 좌동순환로299번길 11,True,0.04672897196261682,505000000.0,19608189.19872926,-0.009803921568627416,0.0,0.030303030303030276,630000000.0,-0.19047619047619047,393000000.0,0.2977099236641221,7.0,False
A61203034,대동타운,해운대구,좌동,1240.0,1996-05-30,30,1312.0,1.0580645161290323,8.0,21.0,53.0,5,35.1765713115698,129.17149491438,부산광역시 해운대구 대천로103번길 29,True,0.042741935483870966,647000000.0,25154335.532516494,0.11551724137931041,0.0778985507246377,0.12135922330097082,732000000.0,-0.11612021857923494,378000000.0,0.7116402116402116,4.0,False
A61203035,경남선경,해운대구,좌동,1358.0,1996-11-05,29,1548.0,1.1399116347569955,17.0,27.0,55.0,4,35.1665220867177,129.18642275724,부산광역시 해운대구 청사포로 27,True,0.04050073637702504,462000000.0,17951253.973860823,,0.026666666666666616,0.045454545454545414,600000000.0,-0.22666666666666668,280000000.0,0.6571428571428573,2.0,True
A61203036,두산1차아파트,해운대구,좌동,1422.0,1996-11-30,29,1465.0,1.030239099859353,8.0,17.0,45.0,4,35.1787081580615,129.169943078852,부산광역시 해운대구 양운로 182,True,0.03164556962025317,543250000.0,21115724.381625444,0.010697674418604697,0.059113300492610765,0.10051546391752586,663500000.0,-0.21627731725697064,325000000.0,0.6000000000000001,8.0,False
A61203037,대림,해운대구,좌동,1424.0,1996-12-13,29,1511.0,1.0610955056179776,11.0,19.0,42.0,4,35.1793143508119,129.174046968666,부산광역시 해운대구 대천로103번길 47,True,0.02949438202247191,660000000.0,25631369.595405653,,0.17542297417631336,0.07132801501642416,780000000.0,-0.15384615384615385,395500000.0,0.6687737041719342,1.0,True
A61203038,SKVIEW,해운대구,좌동,1721.0,1998-03-02,28,1050.0,0.610110400929692,10.0,23.0,82.0,3,35.1651320342948,129.183384115577,부산광역시 해운대구 청사포로 12,True,0.04764671702498547,,,,,,,,,,,
A61203039,엘지,해운대구,좌동,1848.0,1996-10-29,29,1984.0,1.0735930735930737,6.0,17.0,56.0,5,35.1806671446303,129.173865905375,부산광역시 해운대구 대천로103번길 61,True,0.030303030303030304,648000000.0,25165640.85062314,0.020472440944881987,0.024096385542168752,0.10817941952506605,780000000.0,-0.16923076923076918,396500000.0,0.6343001261034047,5.0,False
A61203040,해운대케이씨씨스위첸,해운대구,좌동,415.0,2011-01-27,15,867.0,2.089156626506024,3.0,9.0,15.0,2,35.1729422814449,129.177995097134,부산광역시 해운대구 세실로 80,True,0.03614457831325301,,,,0.02083333333333326,0.06593406593406592,980000000.0,0.0,825000000.0,0.18787878787878798,1.0,True
A61205002,센텀동부센트레빌,해운대구,재송동,703.0,2006-08-30,20,832.0,1.1834992887624467,5.0,11.0,23.0,2,35.183765939939,129.1243696844,부산광역시 해운대구 해운대로161번길 12,True,0.032716927453769556,575000000.0,22325473.041182406,0.1004784688995215,0.03686635944700467,0.08780487804878057,717500000.0,-0.21254355400696867,380000000.0,0.48684210526315796,11.0,False
A61205003,더샵센텀스타,해운대구,재송동,629.0,2008-11-27,17,1850.0,2.9411764705882355,0.0,2.0,22.0,2,35.1773956856851,129.124998931426,부산광역시 해운대구 센텀동로 123,True,0.034976152623211444,,,,,,,,,,,
A61205004,더샵센텀누리,해운대구,재송동,375.0,2014-11-03,11,524.0,1.3973333333333333,3.0,7.0,13.0,4,35.1782972855719,129.128405203389,부산광역시 해운대구 해운대로 253,True,0.034666666666666665,600000000.0,23299078.980347577,-0.028340080971659964,0.029288702928870203,0.051724137931034475,770000000.0,-0.22077922077922074,490000000.0,0.22448979591836737,3.0,False
A61206101,센텀자유,해운대구,반여동,217.0,1998-05-26,28,125.0,0.576036866359447,1.0,1.0,6.0,1,35.2053399502598,129.118453761793,부산광역시 해운대구 삼어로 95,True,0.027649769585253458,,,,,,,,,,,
A61206102,반여현대,해운대구,반여동,296.0,1995-06-26,31,239.0,0.8074324324324325,3.0,3.0,9.0,3,35.2078897522749,129.119441207426,부산광역시 해운대구 삼어로 131,True,0.030405405405405407,214000000.0,8309212.8485704195,,-0.04677060133630284,-0.020594965675057253,345000000.0,-0.3913043478260869,197000000.0,0.06598984771573613,2.0,True
A61206103,센텀SD,해운대구,반여동,296.0,1993-04-06,33,171.0,0.5777027027027027,1.0,9.0,11.0,2,35.2110224792036,129.119601272797,부산광역시 해운대구 삼어로 149,True,0.037162162162162164,172500000.0,6934124.296538115,-0.0057636887608069065,-0.05464480874316935,-0.14320987654320982,285000000.0,-0.39473684210526316,150000000.0,0.1499999999999999,8.0,False
A61206110,센텀롯데캐슬3차아파트,해운대구,반여동,517.0,2005-12-02,20,517.0,1.0,5.0,10.0,24.0,2,35.1993678928106,129.121211096777,부산광역시 해운대구 반여로 83,True,0.04642166344294004,392500000.0,15241857.476717997,-0.054216867469879526,0.006211180124223503,0.07784431137724557,547000000.0,-0.30530164533820836,320000000.0,0.1875,3.0,False
A61206113,우방신세계타운,해운대구,반여동,998.0,2002-11-28,23,1152.0,1.154308617234469,8.0,17.0,37.0,4,35.2028494448124,129.116151764366,부산광역시 해운대구 삼어로 61,True,0.03707414829659319,285000000.0,11075129.533678757,-0.012131715771230511,-0.07305640859867468,-0.00216666666666665,418000000.0,-0.31818181818181823,246500000.0,0.15618661257606492,3.0,False
A61206114,센텀롯데캐슬2차,해운대구,반여동,1165.0,2005-02-24,21,1359.0,1.1665236051502146,9.0,20.0,49.0,4,35.1974725711421,129.124845431852,부산광역시 해운대구 반여로 68-12,True,0.04206008583690987,335000000.0,13010474.28504178,-0.02898550724637683,0.029104477611940238,-0.023222060957910018,600000000.0,-0.43666666666666665,270000000.0,0.25185185185185177,11.0,False
A61206118,메가센텀한화꿈에그린,해운대구,반여동,1564.0,2008-04-28,18,2595.0,1.6592071611253196,13.0,27.0,62.0,3,35.198078585653,129.122082174336,부산광역시 해운대구 반여로 67,True,0.03964194373401535,532000000.0,20659148.757403273,-0.005607476635513975,0.008506616257088817,0.026036644165863043,707000000.0,-0.2545968882602546,400000000.0,0.3174999999999999,15.0,False
A61206202,현대3,해운대구,반여동,288.0,1995-04-07,31,210.0,0.7291666666666666,0.0,3.0,3.0,3,35.1949007637827,129.133903994221,부산광역시 해운대구 재반로212번길 67,True,0.010416666666666666,,,,,-0.3058823529411765,185000000.0,-0.3621621621621621,118000000.0,0.0,1.0,True
A61270515,센텀롯데캐슬아파트,해운대구,반여동,1198.0,2004-10-27,21,1255.0,1.0475792988313857,10.0,25.0,51.0,4,35.2048510083995,129.123877307552,부산광역시 해운대구 반여로 133,True,0.04257095158597663,417000000.0,16195127.692126632,-0.02683780630105015,0.050310559006211175,0.03647798742138364,620000000.0,-0.32741935483870965,262000000.0,0.5916030534351144,8.0,False
A61271005,협성프라임빌,해운대구,우동,335.0,2005-02-25,21,383.0,1.1432835820895522,2.0,3.0,10.0,3,35.1713942440078,129.15488694286,부산광역시 해운대구 우동2로 93,True,0.029850746268656716,415000000.0,16118363.753630899,0.12162162162162171,-0.018750000000000044,0.0610079575596818,438000000.0,-0.05251141552511418,300000000.0,0.3833333333333333,2.0,True
A61271101,센텀삼환Nauville,해운대구,우동,926.0,1996-08-22,30,955.0,1.031317494600432,2.0,16.0,58.0,3,35.1724804660659,129.138756330029,부산광역시 해운대구 해운대로 361,True,0.06263498920086392,,,,0.0923076923076922,0.13869863013698636,914500000.0,-0.24002186987424823,515000000.0,0.3495145631067962,4.0,False
A61271204,더샵센텀파크1차,해운대구,재송동,2752.0,2005-10-26,20,4599.0,1.6711482558139534,15.0,43.0,114.0,3,35.1767570378219,129.123591937256,부산광역시 해운대구 센텀중앙로 145,True,0.04142441860465116,1164500000.0,45400977.52370651,-0.025523012552301272,-0.015565839293226746,0.10213556174558969,1297000000.0,-0.1063993831919815,686500000.0,0.6882738528769119,22.0,False
A61271302,더샵센텀파크2차,해운대구,재송동,998.0,2005-12-09,20,1411.0,1.4138276553106213,3.0,12.0,34.0,3,35.1795016077605,129.123276453416,부산광역시 해운대구 센텀중앙로 142,True,0.03406813627254509,1080000000.0,42108297.721260555,0.0,0.002320185614849146,0.1519999999999999,1127500000.0,-0.04212860310421285,600500000.0,0.7985012489592007,8.0,False
A61271405,해운대동일,해운대구,중동,384.0,1998-05-16,28,402.0,1.046875,5.0,8.0,16.0,2,35.1652743714169,129.171178199358,부산광역시 해운대구 해운대해변로 394,True,0.041666666666666664,440000000.0,17102473.498233214,-0.0393013100436681,0.011235955056179803,0.022727272727272707,592000000.0,-0.2398648648648649,298000000.0,0.5100671140939597,3.0,False
A61271603,중동삼정그린코아,해운대구,중동,228.0,2002-12-26,23,228.0,1.0,3.0,5.0,9.0,2,35.1683757358424,129.174110884965,부산광역시 해운대구 해운대로 777,True,0.039473684210526314,565000000.0,21975107.842443954,,0.2021276595744681,0.2594752186588922,690000000.0,-0.1811594202898551,400000000.0,0.4125000000000001,1.0,True
A61271919,아시아선수촌아파트,해운대구,반여동,2290.0,2002-06-24,24,2919.0,1.2746724890829695,16.0,42.0,77.0,5,35.203871411036,129.121681336433,부산광역시 해운대구 선수촌로 122,True,0.033624454148471615,452500000.0,17609080.188679248,-0.016304347826086918,-0.011815252416756183,0.0038043478260869623,672500000.0,-0.35315985130111527,339000000.0,0.2831858407079646,17.0,False
A61272011,현대그린맨션,해운대구,반여동,600.0,1986-05-31,40,412.0,0.6866666666666666,1.0,3.0,6.0,4,35.19852822286,129.116494686233,부산광역시 해운대구 선수촌로21번길 65,True,0.01,332000000.0,12918287.937743189,,,0.04402515723270439,635000000.0,-0.4771653543307086,305500000.0,0.08674304418985268,1.0,True
A61272801,보훈,해운대구,반여동,300.0,1979-08-14,47,0.0,0.0,1.0,3.0,6.0,1,35.198578080298,129.133473248753,부산광역시 해운대구 재반로242번길 41,True,0.02,,,,,,,,,,,
A61272906,현대카멜리아,해운대구,우동,290.0,2001-11-17,24,749.0,2.5827586206896553,0.0,2.0,7.0,1,35.1575605490211,129.15049083968,부산광역시 해운대구 마린시티1로 167,True,0.02413793103448276,,,,,,,,,,,
A61273104,남흥,해운대구,반송동,450.0,1996-06-27,30,350.0,0.7777777777777778,3.0,6.0,14.0,2,35.2278142716289,129.162360328861,부산광역시 해운대구 신반송로 163,True,0.03111111111111111,195000000.0,7581291.23468426,0.04278074866310155,-0.08830548926014314,0.01298701298701288,235000000.0,-0.17021276595744683,150000000.0,0.30000000000000004,2.0,True
A61273306,벽산삼협,해운대구,반송동,764.0,1997-05-30,29,477.0,0.6243455497382199,4.0,8.0,25.0,1,35.2267985284278,129.160664640772,부산광역시 해운대구 신반송로 29,True,0.032722513089005235,,,,,,,,,,,
A61273507,삼한2,해운대구,반송동,848.0,1997-11-24,28,796.0,0.9386792452830188,5.0,14.0,23.0,2,35.2302731002865,129.16288983153,부산광역시 해운대구 신반송로 102,True,0.027122641509433963,205000000.0,7968197.879858656,-0.012048192771084376,,-0.04069767441860461,249000000.0,-0.17670682730923692,180000000.0,0.13888888888888884,3.0,False
A61273903,현대일성2,해운대구,반여동,298.0,1994-05-06,32,246.0,0.825503355704698,3.0,5.0,9.0,3,35.1970218886579,129.133570864271,부산광역시 해운대구 재반로226번길 72,True,0.030201342281879196,146750000.0,5698693.810308307,0.07116788321167888,-0.19148936170212771,-0.07078313253012047,210000000.0,-0.24523809523809526,124000000.0,0.278225806451613,4.0,False
A61274011,경남마리나,해운대구,우동,624.0,1996-09-30,29,632.0,1.0128205128205128,3.0,9.0,23.0,3,35.1611586505307,129.142559403507,부산광역시 해운대구 해운대해변로 99,True,0.03685897435897436,,,,,0.06060606060606055,1700000000.0,-0.3382352941176471,750000000.0,0.5,0.0,True
A61274012,두산위브포세이돈,해운대구,우동,255.0,2007-02-16,19,600.0,2.3529411764705883,1.0,2.0,4.0,2,35.154532464031,129.14454331149,부산광역시 해운대구 마린시티1로 91,True,0.01568627450980392,,,,,,,,,,,
A61274013,해운대 I PARK,해운대구,우동,1631.0,2011-11-03,14,3351.0,2.05456774984672,5.0,24.0,63.0,3,35.157037795554,129.143328681551,부산광역시 해운대구 마린시티2로 38,True,0.03862660944206009,880000000.0,34982894.039415985,-0.022222222222222254,-0.10999999999999999,0.022727272727272707,1200000000.0,-0.2666666666666667,540000000.0,0.6296296296296295,4.0,False
A61274014,해운대경동제이드,해운대구,우동,278.0,2012-11-19,13,886.0,3.1870503597122304,1.0,2.0,5.0,1,35.158802549379,129.152836637292,부산광역시 해운대구 해운대해변로 197,True,0.017985611510791366,,,,,,,,,,,
A61274114,경동,해운대구,우동,892.0,1995-06-15,31,962.0,1.0784753363228698,8.0,14.0,42.0,3,35.1618278396226,129.142635887201,부산광역시 해운대구 해운대해변로 85,True,0.04708520179372197,728750000.0,28309299.587992933,-0.024431057563587655,0.061594202898550776,0.18816067653276947,930000000.0,-0.2123655913978495,513500000.0,0.4264849074975656,4.0,False
A61274213,롯데,해운대구,우동,852.0,1993-07-31,33,1153.0,1.3532863849765258,6.0,15.0,31.0,2,35.1634441587193,129.147619699842,부산광역시 해운대구 해운대로483번길 10,True,0.036384976525821594,692250000.0,26926272.9844413,0.060919540229884994,0.07198748043818459,0.11591695501730115,889500000.0,-0.21360314783586287,440000000.0,0.5897727272727273,12.0,False
A61274508,동부올림픽타운,해운대구,우동,1680.0,1999-09-29,26,1922.0,1.144047619047619,12.0,32.0,73.0,3,35.1668836722389,129.139840566086,부산광역시 해운대구 해운대로 428,True,0.04345238095238095,922500000.0,35831567.79661017,0.005449591280654031,0.01377410468319562,0.11737804878048785,1050000000.0,-0.21380952380952378,529000000.0,0.5604914933837428,21.0,False
A61274707,삼호가든맨션,해운대구,우동,1076.0,1985-01-12,41,1100.0,1.0223048327137547,1.0,5.0,29.0,5,35.1749283317367,129.139725587321,부산광역시 해운대구 해운대로349번길 24,True,0.02695167286245353,945000000.0,36692552.06494882,0.0026525198938991412,-0.023538541127780643,0.010526315789473717,1450000000.0,-0.34827586206896555,740000000.0,0.277027027027027,3.0,False
A61274815,센텀삼익아파트,해운대구,재송동,936.0,1981-07-30,45,436.0,0.4658119658119658,4.0,8.0,22.0,3,35.1907671525517,129.121418403334,부산광역시 해운대구 해운대로61번가길 6,True,0.023504273504273504,,,,,,,,,,,
A61275301,삼환,해운대구,좌동,356.0,1998-10-29,27,404.0,1.1348314606741574,2.0,9.0,13.0,3,35.1685478543626,129.185488563266,부산광역시 해운대구 좌동순환로299번길 22,True,0.03651685393258427,,,,,,506000000.0,-0.14525691699604748,355000000.0,0.2183098591549295,2.0,True
A61275302,현대,해운대구,좌동,957.0,1996-05-30,30,994.0,1.038662486938349,6.0,13.0,47.0,4,35.1655331454587,129.178084411953,부산광역시 해운대구 양운로37번길 11,True,0.04911180773249739,,,,0.04409528636594029,0.08681672025723475,688000000.0,-0.251453488372093,365000000.0,0.41095890410958913,3.0,False
A61275303,한라,해운대구,좌동,466.0,1996-10-17,29,470.0,1.0085836909871244,4.0,5.0,19.0,3,35.1708944323831,129.182319943856,부산광역시 해운대구 좌동순환로 280,True,0.0407725321888412,,,,,0.023255813953488413,685000000.0,-0.13138686131386856,510000000.0,0.16666666666666674,0.0,True
A61275702,대림3,해운대구,좌동,477.0,1997-10-15,28,486.0,1.0188679245283019,1.0,9.0,17.0,4,35.1763812212529,129.167901824054,부산광역시 해운대구 좌동순환로99번길 6,True,0.03563941299790356,560000000.0,21747828.747616917,0.11332007952286283,-0.01642512077294689,0.04948453608247427,670000000.0,-0.16417910447761197,360000000.0,0.5555555555555556,3.0,False
A61277002,대우동삼,해운대구,우동,299.0,1993-12-16,32,304.0,1.0167224080267558,0.0,6.0,14.0,2,35.1632466596495,129.140278462921,부산광역시 해운대구 해운대로452번길 18,True,0.046822742474916385,,,,-0.01976284584980237,0.1071428571428572,825000000.0,-0.24848484848484853,460000000.0,0.34782608695652173,6.0,False
A61277909,시영80년,해운대구,재송동,470.0,1981-02-27,45,0.0,0.0,1.0,3.0,10.0,1,35.1922705324306,129.125143200975,부산광역시 해운대구 재반로165번길 82,True,0.02127659574468085,,,,,,,,,,,
A61278214,센텀우신골든빌,해운대구,재송동,846.0,2006-10-26,19,781.0,0.9231678486997635,4.0,12.0,24.0,3,35.1901071344599,129.125837136089,부산광역시 해운대구 재반로125번길 30,True,0.028368794326241134,335000000.0,13030348.748945078,0.07890499194847012,,0.0360655737704918,420000000.0,-0.20238095238095233,270000000.0,0.2407407407407407,3.0,False
A61278501,대창,해운대구,좌동,334.0,1996-10-31,29,344.0,1.029940119760479,0.0,0.0,6.0,4,35.1730615860214,129.169276492102,부산광역시 해운대구 대천로67번길 7,True,0.017964071856287425,,,,,0.012658227848101333,555000000.0,-0.1351351351351351,355000000.0,0.352112676056338,0.0,True
A61278912,대우마리나3,해운대구,우동,750.0,1994-10-14,31,620.0,0.8266666666666667,4.0,16.0,27.0,4,35.1620496306781,129.145118731208,부산광역시 해운대구 해운대해변로 115,True,0.036,,,,0.07000000000000006,0.03477051460361613,1280000000.0,-0.24531250000000004,690000000.0,0.3999999999999999,6.0,False
A61279801,대우금사,해운대구,반여동,466.0,1995-08-31,31,412.0,0.8841201716738197,4.0,8.0,11.0,3,35.2137591182302,129.117534437521,부산광역시 해운대구 삼어로 207,True,0.023605150214592276,215250000.0,8357747.970349453,0.012941176470588234,-0.109375,-0.21818181818181814,355000000.0,-0.4014084507042254,208500000.0,0.01918465227817756,5.0,False
A61279802,일동미라주,해운대구,반여동,564.0,2001-06-30,25,429.0,0.7606382978723404,4.0,11.0,16.0,1,35.2053128310828,129.117825261561,부산광역시 해운대구 삼어로 77,True,0.028368794326241134,,,,,,,,,,,
A61279803,우신,해운대구,반여동,424.0,2001-01-22,25,422.0,0.9952830188679245,3.0,9.0,12.0,2,35.2129483160463,129.117809842382,부산광역시 해운대구 삼어로 181,True,0.02830188679245283,205000000.0,7961165.04854369,-0.055299539170506895,-0.06818181818181823,-0.11458333333333337,320000000.0,-0.359375,192000000.0,0.06770833333333326,3.0,False
A61279804,센텀SKVIEW아파트,해운대구,반여동,1374.0,2001-05-31,25,1710.0,1.244541484716157,6.0,18.0,48.0,5,35.2035746936972,129.113815248581,부산광역시 해운대구 삼어로 55,True,0.034934497816593885,,,,0.13548387096774195,-0.024390243902439046,445000000.0,-0.20898876404494382,267000000.0,0.3183520599250935,3.0,False
A61280103,삼정그린코아,해운대구,반송동,299.0,1994-01-13,32,215.0,0.7190635451505016,1.0,1.0,4.0,3,35.2309347944682,129.160484411792,부산광역시 해운대구 신반송로 196,True,0.013377926421404682,,,,,0.08823529411764697,228000000.0,-0.21052631578947367,139000000.0,0.29496402877697836,0.0,True
A61280401,이진,해운대구,반송동,226.0,1998-12-31,27,183.0,0.8097345132743363,1.0,2.0,6.0,2,35.2271854932676,129.15021770284,부산광역시 해운대구 반송순환로 202,True,0.02654867256637168,243000000.0,9576068.784332458,-0.08301886792452828,0.01195219123505975,0.04312114989733051,267000000.0,-0.0898876404494382,200000000.0,0.21500000000000008,2.0,True
A61280801,LIG건영,해운대구,반송동,257.0,1997-10-13,28,191.0,0.7431906614785992,2.0,3.0,6.0,1,35.2268203306503,129.163665414011,부산광역시 해운대구 신반송로 80,True,0.023346303501945526,,,,,,,,,,,
A61280802,삼한5차,해운대구,반송동,298.0,2002-08-30,24,296.0,0.9932885906040269,1.0,3.0,8.0,1,35.2266463447171,129.162424103803,부산광역시 해운대구 신반송로 72,True,0.026845637583892617,,,,,,,,,,,
A61280805,삼한그린타운1,해운대구,반송동,560.0,1995-01-24,31,481.0,0.8589285714285714,2.0,6.0,14.0,1,35.2283461910031,129.161246786733,부산광역시 해운대구 신반송로 171,True,0.025,176000000.0,6843407.564510427,-0.048648648648648596,0.06666666666666665,-0.1333333333333333,236000000.0,-0.2542372881355932,150000000.0,0.17333333333333334,6.0,False
A61280906,신동아,해운대구,반여동,355.0,1996-06-11,30,224.0,0.6309859154929578,2.0,3.0,8.0,2,35.2060697623062,129.127373925198,부산광역시 해운대구 반여로 176,True,0.022535211267605635,,,,,0.0,365000000.0,-0.4246575342465754,210000000.0,0.0,0.0,True
A61281104,벽산한솔타운,해운대구,반여동,298.0,1995-11-04,30,196.0,0.6577181208053692,1.0,1.0,5.0,1,35.206334492381,129.118276483815,부산광역시 해운대구 삼어로 103,True,0.016778523489932886,,,,,,,,,,,
A61281117,센텀대림,해운대구,반여동,1500.0,1996-08-19,30,1443.0,0.962,5.0,25.0,56.0,3,35.2006488722715,129.117222167006,부산광역시 해운대구 선수촌로 95,True,0.037333333333333336,332500000.0,12911861.614497527,-0.01041666666666663,-0.045454545454545414,0.009629629629629655,540000000.0,-0.37037037037037035,240000000.0,0.41666666666666674,5.0,False
A61281301,에덴동산타운,해운대구,반여동,204.0,1993-07-16,33,200.0,0.9803921568627451,2.0,2.0,5.0,2,35.1960380950074,129.132866139524,부산광역시 해운대구 재반로212번길 45,True,0.024509803921568627,126500000.0,4994615.936826992,,0.01200000000000001,-0.09642857142857142,158000000.0,-0.1993670886075949,112000000.0,0.1294642857142858,2.0,True
A61281505,삼익그린맨션,해운대구,반여동,315.0,1985-06-22,41,201.0,0.638095238095238,0.0,0.0,3.0,3,35.1970565973999,129.117888818723,부산광역시 해운대구 선수촌로21번길 30,True,0.009523809523809525,,,,,0.0,574000000.0,-0.38153310104529614,305000000.0,0.16393442622950816,0.0,True
A61281507,왕자,해운대구,반여동,390.0,1979-03-23,47,284.0,0.7282051282051282,2.0,6.0,15.0,1,35.1943644540504,129.117825281987,부산광역시 해운대구 선수촌로 9,True,0.038461538461538464,,,,,,,,,,,
A61281512,센텀피오레1차,해운대구,재송동,774.0,2005-08-18,21,855.0,1.1046511627906976,9.0,21.0,55.0,2,35.1931877596434,129.115520380218,부산광역시 해운대구 수영강변대로 382,True,0.0710594315245478,529000000.0,20551041.502343882,0.06760847628657918,0.06791443850267376,0.07431693989071042,665000000.0,-0.26315789473684215,345000000.0,0.42028985507246386,17.0,False
A61281901,협성그린파크,해운대구,우동,189.0,1992-06-26,34,170.0,0.8994708994708994,1.0,2.0,3.0,1,35.1705482305744,129.153758709651,부산광역시 해운대구 우동1로 111,True,0.015873015873015872,290000000.0,11276069.282431955,0.07407407407407418,0.07692307692307687,0.015037593984962516,370000000.0,-0.21621621621621623,170000000.0,0.7058823529411764,2.0,True
A61281904,신동비치,해운대구,우동,267.0,1991-12-19,34,142.0,0.5318352059925093,0.0,1.0,2.0,2,35.1703950829486,129.156302836849,부산광역시 해운대구 우동2로 88,True,0.00749063670411985,,,,,0.07407407407407418,455000000.0,-0.3626373626373627,200500000.0,0.44638403990024944,0.0,True
A61282002,벽산금호,해운대구,우동,231.0,1991-11-29,34,118.0,0.5108225108225108,0.0,1.0,5.0,3,35.1674639540214,129.155669365516,부산광역시 해운대구 우동1로85번길 17,True,0.021645021645021644,,,,,,646000000.0,-0.5356037151702786,220000000.0,0.36363636363636354,1.0,True
A61282203,해운대한솔솔파크,해운대구,우동,253.0,2006-08-18,20,355.0,1.4031620553359683,0.0,1.0,6.0,1,35.1604567146159,129.15367645367,부산광역시 해운대구 해운대로 564,True,0.023715415019762844,,,,-0.008108108108108136,0.016483516483516425,562500000.0,-0.3475555555555555,330000000.0,0.11212121212121207,1.0,True
A61282215,대우마리나1,해운대구,우동,1164.0,1991-06-21,35,1066.0,0.915807560137457,2.0,8.0,33.0,3,35.1596895747603,129.145360476605,부산광역시 해운대구 해운대해변로 117,True,0.028350515463917526,1110000000.0,43490701.680856846,-0.017699115044247815,0.08737864077669899,0.15926892950391647,1410000000.0,-0.21276595744680848,700000000.0,0.5857142857142856,5.0,False
A61282301,센텀마리나,해운대구,우동,264.0,1993-02-08,33,207.0,0.7840909090909091,3.0,4.0,7.0,3,35.1671770621417,129.146521708162,부산광역시 해운대구 해운대로469번가길 91,True,0.026515151515151516,300000000.0,11766104.11219396,0.27659574468085113,-0.10833333333333328,-0.016393442622950838,428000000.0,-0.2990654205607477,235000000.0,0.27659574468085113,2.0,True
A61282304,센텀현대,해운대구,우동,498.0,1999-12-06,26,511.0,1.0261044176706828,6.0,21.0,36.0,3,35.1699585754124,129.14185288399,부산광역시 해운대구 해운대로469번길 190,True,0.07228915662650602,480000000.0,18652849.740932643,0.0786516853932584,0.015340909090909127,0.047337278106508895,695000000.0,-0.3093525179856115,342500000.0,0.4014598540145986,13.0,False
A61282408,대우트럼프월드마린,해운대구,우동,232.0,2007-04-27,19,462.0,1.9913793103448276,1.0,2.0,6.0,1,35.1548261795711,129.14324343864,부산광역시 해운대구 마린시티2로 47,True,0.02586206896551724,,,,,,,,,,,
A61282409,선프라자,해운대구,우동,468.0,1995-11-21,30,817.0,1.7457264957264957,0.0,3.0,10.0,4,35.1578598615014,129.147548238631,부산광역시 해운대구 마린시티3로 1,True,0.021367521367521368,,,,,,755000000.0,-0.3509933774834437,380000000.0,0.2894736842105263,0.0,True
A61282705,센텀센시빌,해운대구,우동,800.0,2003-10-20,22,865.0,1.08125,3.0,11.0,35.0,1,35.1745345473452,129.13087471346,부산광역시 해운대구 해운대로 284,True,0.04375,604250000.0,23470436.226077236,0.05086956521739139,-0.012875536480686733,0.08093023255813958,827000000.0,-0.24002418379685608,300000000.0,1.0950000000000002,11.0,False
A61282801,신동아,해운대구,재송동,253.0,1992-09-24,33,185.0,0.7312252964426877,2.0,4.0,8.0,2,35.1848411353612,129.128507720557,부산광역시 해운대구 재반로60번길 46-6,True,0.03162055335968379,,,,0.19892473118279574,0.02127659574468077,250000000.0,-0.10799999999999998,170000000.0,0.31176470588235294,1.0,True
A61283002,에이스,해운대구,재송동,197.0,1992-02-01,34,184.0,0.934010152284264,2.0,3.0,4.0,3,35.1908224982421,129.131917446889,부산광역시 해운대구 재송2로 256,True,0.02030456852791878,,,,0.03333333333333344,,185000000.0,-0.16216216216216217,150000000.0,0.03333333333333344,1.0,True
A61283204,센텀골든파크,해운대구,재송동,214.0,1995-10-02,30,144.0,0.6728971962616822,0.0,1.0,6.0,3,35.1894228542306,129.131778563573,부산광역시 해운대구 재송2로175번길 43,True,0.028037383177570093,,,,,,130000000.0,-0.15384615384615385,91000000.0,0.20879120879120872,0.0,True
A61283208,금호,해운대구,재송동,477.0,1996-03-04,30,332.0,0.6960167714884696,2.0,3.0,14.0,3,35.191607694576,129.126869805994,부산광역시 해운대구 재반로 141,True,0.029350104821802937,220000000.0,8554259.455638034,,-0.06382978723404253,,277000000.0,-0.2057761732851986,208000000.0,0.05769230769230771,1.0,True
A61283211,재송그린,해운대구,재송동,560.0,1984-04-23,42,350.0,0.625,0.0,1.0,5.0,3,35.1916234956582,129.12985607532,부산광역시 해운대구 재반로118번길 71,True,0.008928571428571428,,,,,,,,,,,
A61283403,센텀그린타워,해운대구,재송동,209.0,1993-02-24,33,134.0,0.6411483253588517,1.0,5.0,13.0,2,35.1902673067658,129.134346357829,부산광역시 해운대구 재송2로 153,True,0.06220095693779904,,,,-0.20769230769230773,-0.16800000000000004,150500000.0,-0.3156146179401993,100000000.0,0.030000000000000027,3.0,False
A61283407,센텀글로리아,해운대구,재송동,466.0,1989-04-04,37,275.0,0.5901287553648069,1.0,3.0,6.0,4,35.1906400751576,129.132640582608,부산광역시 해운대구 재송2로74번길 31,True,0.012875536480686695,,,,,,147100000.0,0.0,120000000.0,0.22583333333333333,0.0,True
A61283410,장산동국,해운대구,재송동,536.0,1993-07-30,33,450.0,0.8395522388059702,3.0,7.0,16.0,2,35.1933696300285,129.133924534696,부산광역시 해운대구 재송2로 91,True,0.029850746268656716,147500000.0,5729841.0829899935,0.03146853146853146,0.19301848049281323,-0.16959999999999997,183500000.0,-0.19618528610354224,111000000.0,0.3288288288288288,3.0,False
A61284601,해운대신시가지경동메르빌,해운대구,중동,203.0,2005-09-16,21,267.0,1.3152709359605912,0.0,2.0,7.0,4,35.1673994425735,129.17585170823,부산광역시 해운대구 해운대로774번길 30,True,0.034482758620689655,,,,0.0642377756471717,-0.027372262773722622,632500000.0,-0.12252964426877466,410000000.0,0.35365853658536595,1.0,True
A61284604,해운대중동금호어울림,해운대구,중동,320.0,2006-10-31,19,329.0,1.028125,2.0,5.0,17.0,1,35.1640800813671,129.170077834284,부산광역시 해운대구 좌동순환로 480,True,0.053125,603500000.0,23431019.93851497,0.031623931623931734,0.09512761020881677,0.05607476635514019,750000000.0,-0.19533333333333336,465000000.0,0.2978494623655914,5.0,False
A61284902,달맞이우성빌라트,해운대구,중동,181.0,1995-05-27,31,177.0,0.9779005524861878,0.0,0.0,2.0,5,35.1622379244233,129.184324509381,부산광역시 해운대구 달맞이길 239-11,True,0.011049723756906077,,,,,,550000000.0,-0.2545454545454545,350000000.0,0.17142857142857149,0.0,True
A61285001,협진태양,해운대구,중동,159.0,1995-10-02,30,139.0,0.8742138364779874,1.0,1.0,5.0,3,35.161172499916,129.173151087977,부산광역시 해운대구 달맞이길65번길 15,True,0.031446540880503145,,,,,,400000000.0,-0.025000000000000022,295000000.0,0.3220338983050848,0.0,True
A61286403,센텀이편한세상,해운대구,재송동,1190.0,2006-02-18,20,1316.0,1.1058823529411765,13.0,29.0,75.0,3,35.189401531384,129.117817187906,부산광역시 해운대구 해운대로76번길 55,True,0.06302521008403361,698750000.0,27156117.09180193,0.028329654157468687,-0.012007168458781359,0.13904958677685952,837500000.0,-0.048358208955223914,462500000.0,0.7232432432432432,19.0,False
A61286701,센텀한보미도,해운대구,재송동,180.0,1992-09-07,34,105.0,0.5833333333333334,1.0,2.0,6.0,1,35.1869968933228,129.129847914108,부산광역시 해운대구 재반로64번길 74-1,True,0.03333333333333333,135000000.0,5242409.978818545,0.6875,-0.2321428571428571,-0.09999999999999998,170000000.0,-0.20588235294117652,80000000.0,0.6875,2.0,True
A61286706,재송동코오롱,해운대구,재송동,310.0,1990-06-18,36,295.0,0.9516129032258065,1.0,2.0,4.0,2,35.1885291037972,129.13142008224,부산광역시 해운대구 재반로84번길 96-7,True,0.012903225806451613,222000000.0,8626943.005181346,0.16842105263157903,0.17045454545454541,-0.08706467661691542,310000000.0,-0.28387096774193543,145000000.0,0.5310344827586206,2.0,True
A61286810,반도보라빌,해운대구,우동,548.0,2006-03-24,20,608.0,1.1094890510948905,7.0,15.0,24.0,3,35.1624138157013,129.147958676759,부산광역시 해운대구 해운대로 495,True,0.043795620437956206,652500000.0,25360010.270023897,0.060975609756097615,-0.06666666666666665,0.03149606299212593,847500000.0,-0.18584070796460173,500000000.0,0.3799999999999999,11.0,False
A61286907,현대베네시티,해운대구,우동,390.0,2005-06-28,21,859.0,2.2025641025641027,1.0,1.0,10.0,1,35.1581691082817,129.150728404706,부산광역시 해운대구 해운대해변로 163,True,0.02564102564102564,,,,,,,,,,,
A61287316,현대(1051-2),해운대구,재송동,421.0,1988-12-17,37,224.0,0.5320665083135392,3.0,9.0,20.0,1,35.190580765956,129.122756627994,부산광역시 해운대구 해운대로81번길 60,True,0.047505938242280284,,,,,,,,,,,
A61287317,센텀파미르,해운대구,재송동,373.0,2009-06-19,17,368.0,0.9865951742627346,4.0,9.0,14.0,2,35.1941914731661,129.125591411416,부산광역시 해운대구 해운대로61번길 56,True,0.03753351206434316,280000000.0,10988279.16888652,0.018181818181818077,0.0,-0.04518329070758742,420000000.0,-0.33333333333333337,255000000.0,0.0980392156862746,7.0,False
A61288601,해운대SKVIEW,해운대구,중동,183.0,2011-01-19,15,238.0,1.3005464480874316,0.0,2.0,8.0,2,35.1630174025798,129.170875237072,부산광역시 해운대구 좌동순환로468번길 11,True,0.04371584699453552,,,,-0.011576846307385202,-0.04214559386973182,787500000.0,-0.24063492063492065,487500000.0,0.22666666666666657,2.0,True
A61288602,해운대경남아너스빌,해운대구,중동,306.0,2012-03-05,14,459.0,1.5,2.0,3.0,8.0,4,35.1663850648712,129.170346610642,부산광역시 해운대구 해운대로 732,True,0.026143790849673203,,,,,0.09644670050761417,935000000.0,-0.1336898395721925,638000000.0,0.2695924764890283,0.0,True
A61288603,해운대래미안,해운대구,중동,747.0,2014-05-27,12,1005.0,1.3453815261044177,5.0,11.0,38.0,4,35.1640129176826,129.176736798264,부산광역시 해운대구 좌동순환로 402,True,0.050870147255689425,828500000.0,32170686.45438264,0.03562500000000002,0.020987654320987703,0.10060769750168808,1050000000.0,-0.21238095238095234,645000000.0,0.2821705426356589,9.0,False
A61288701,센텀협성르네상스타운,해운대구,재송동,472.0,2013-02-22,13,519.0,1.0995762711864407,5.0,11.0,24.0,2,35.1926896959249,129.117793106898,부산광역시 해운대구 해운대로38번길 60,True,0.05084745762711865,596000000.0,23228625.267125152,0.011884550084889645,0.0,0.05803571428571419,757500000.0,-0.2132013201320132,425000000.0,0.4023529411764706,7.0,False
A61301001,화목타운,수영구,남천동,180.0,1984-08-23,42,125.0,0.6944444444444444,3.0,6.0,12.0,2,35.1488819977033,129.110371525762,부산광역시 수영구 수영로 481,True,0.06666666666666667,497500000.0,19460029.647750497,-0.05954631379962194,-0.0018867924528301883,-0.037272727272727235,850000000.0,-0.37058823529411766,300000000.0,0.7833333333333334,6.0,False
A61301003,삼익비치,수영구,남천동,3060.0,1979-10-11,46,2644.0,0.8640522875816994,41.0,93.0,219.0,6,35.1437530945336,129.115366260127,부산광역시 수영구 광안해변로 100,True,0.07156862745098039,1172500000.0,45611811.85901214,0.019565217391304346,-0.03563941299790352,0.072072072072072,1600000000.0,-0.30000000000000004,880000000.0,0.2727272727272727,4.0,False
A61310005,광안동에스케이뷰,수영구,광안동,361.0,2006-03-30,20,520.0,1.440443213296399,1.0,3.0,10.0,3,35.156408551562,129.113578524482,부산광역시 수영구 광안로 12,True,0.027700831024930747,,,,,,585000000.0,0.0,470000000.0,0.24468085106382986,0.0,True
A61310006,롯데골드로즈,수영구,광안동,313.0,2006-06-20,20,219.0,0.6996805111821086,2.0,7.0,19.0,3,35.1633709652213,129.114789905501,부산광역시 수영구 수영로 648,True,0.06070287539936102,,,,,,,,,,,
A61310007,쌍용예가디오션,수영구,광안동,928.0,2014-11-28,11,1129.0,1.2165948275862069,8.0,17.0,31.0,3,35.1560597268621,129.114667093976,부산광역시 수영구 광안로 20,True,0.0334051724137931,1100000000.0,42711057.928196006,0.05263157894736836,0.061881188118811936,0.03980099502487566,1300000000.0,-0.15384615384615385,670000000.0,0.6417910447761195,14.0,False
A61313001,삼성,수영구,망미동,672.0,1991-11-28,34,570.0,0.8482142857142857,1.0,4.0,17.0,3,35.1686144727757,129.100818604991,부산광역시 수영구 망미로30번길 23,True,0.025297619047619048,250000000.0,9721894.885694083,,-0.07407407407407407,0.003731343283582156,453000000.0,-0.44812362030905073,229000000.0,0.09170305676855905,1.0,True
A61313002,더샵파크리치,수영구,망미동,862.0,2007-09-05,19,1672.0,1.939675174013921,3.0,7.0,15.0,3,35.1736824174031,129.107339690735,부산광역시 수영구 연수로315번길 16,True,0.01740139211136891,640000000.0,24852906.56625088,0.07563025210084029,-0.02371541501976282,0.07692307692307687,748000000.0,-0.14438502673796794,465000000.0,0.3763440860215055,4.0,False
A61313201,이편한세상1차,수영구,망미동,480.0,2004-06-24,22,482.0,1.0041666666666667,1.0,3.0,13.0,1,35.1793315555201,129.117663405744,부산광역시 수영구 좌수영로 176,True,0.027083333333333334,520000000.0,20203518.661764134,0.22352941176470598,-0.006772009029345383,-0.04021739130434787,626500000.0,-0.16999201915403028,327500000.0,0.5877862595419847,3.0,False
A61313202,이편한세상2차,수영구,망미동,486.0,2004-08-25,22,439.0,0.9032921810699589,7.0,13.0,29.0,2,35.1819093168633,129.116440491449,부산광역시 수영구 좌수영로 204,True,0.059670781893004114,381000000.0,14802387.595804047,-0.06845965770171147,0.031047865459249646,0.08614748449345289,530000000.0,-0.23207547169811316,262000000.0,0.5534351145038168,5.0,False
A61313203,이편한세상3차,수영구,망미동,530.0,2005-07-04,21,625.0,1.179245283018868,1.0,3.0,18.0,1,35.1820724535399,129.116974870884,부산광역시 수영구 좌수영로 192,True,0.033962264150943396,535000000.0,20836283.812491145,0.0490196078431373,0.11170212765957444,0.22151898734177222,630000000.0,-0.1507936507936508,319000000.0,0.677115987460815,3.0,False
A61370401,엑슬루타워,수영구,남천동,299.0,2012-05-08,14,660.0,2.2073578595317724,0.0,7.0,22.0,1,35.1399316610651,129.106487767528,부산광역시 수영구 황령대로473번길 15,True,0.07357859531772576,,,,,,,,,,,
A61375202,광원,수영구,광안동,589.0,1995-11-28,30,513.0,0.8709677419354839,6.0,13.0,21.0,3,35.1614978181642,129.107336656838,부산광역시 수영구 광일로 63,True,0.035653650254668934,377500000.0,14657606.777267914,0.014784946236559238,0.11029411764705888,0.02961918194640334,455000000.0,-0.1428571428571429,268000000.0,0.455223880597015,7.0,False
A61375603,비치-그린아파트,수영구,광안동,1038.0,1996-02-24,30,882.0,0.8497109826589595,1.0,11.0,37.0,2,35.163078915946,129.109265797747,부산광역시 수영구 광일로 49,True,0.03564547206165703,380000000.0,14770318.021201411,-0.04761904761904767,-0.02564102564102566,0.03600000000000003,525000000.0,-0.2761904761904762,302000000.0,0.2582781456953642,3.0,False
A61375702,현대,수영구,수영동,1180.0,1988-04-14,38,448.0,0.37966101694915255,3.0,5.0,24.0,5,35.1673047822004,129.122786494183,부산광역시 수영구 수영로741번길 20,True,0.020338983050847456,595000000.0,23272490.221642762,-0.2726161369193154,-0.18086956521739128,0.00866920152091244,1237500000.0,-0.5191919191919192,595000000.0,0.0,2.0,True
A61375703,수영강동원로얄듀크,수영구,수영동,423.0,2014-02-14,12,485.0,1.1465721040189125,2.0,11.0,25.0,1,35.1722324996562,129.111749709703,부산광역시 수영구 수미로14번길 35,True,0.0591016548463357,514000000.0,20409934.12877573,-0.06545454545454543,-0.05553126366418892,0.016408386508659945,697500000.0,-0.2630824372759857,410000000.0,0.25365853658536586,11.0,False
A61376401,협진태양,수영구,남천동,210.0,1984-06-29,42,170.0,0.8095238095238095,0.0,2.0,4.0,2,35.1477032308366,129.114105636214,부산광역시 수영구 광안해변로 141,True,0.01904761904761905,,,,0.06192170818505338,-0.0816993464052288,1260000000.0,-0.37142857142857144,700000000.0,0.13142857142857145,2.0,True
A61376503,로얄베스토피아,수영구,망미동,490.0,1993-06-04,33,335.0,0.6836734693877551,0.0,3.0,6.0,4,35.1787482625696,129.102626672718,부산광역시 수영구 과정로85번길 70,True,0.012244897959183673,,,,0.03551912568306004,-0.10731707317073169,237500000.0,-0.17052631578947364,159000000.0,0.23899371069182385,3.0,False
A61376701,망미한신,수영구,망미동,224.0,1989-09-09,37,192.0,0.8571428571428571,1.0,3.0,3.0,2,35.1775579993849,129.099683746844,부산광역시 수영구 망미배산로70번길 45,True,0.013392857142857142,245000000.0,9574846.04452866,,,-0.09259259259259256,348000000.0,-0.29597701149425293,165500000.0,0.48036253776435056,1.0,True
A61376802,현대한누리,수영구,망미동,458.0,1993-11-22,32,400.0,0.8733624454148472,2.0,2.0,6.0,3,35.1696756099189,129.098057062161,부산광역시 수영구 금련로43번길 32,True,0.013100436681222707,232000000.0,9033333.441892007,,0.008695652173912993,-0.0980392156862745,290500000.0,-0.16006884681583478,190000000.0,0.28421052631578947,2.0,True
A61376903,진로비치(101~103동),수영구,민락동,499.0,1997-05-24,29,482.0,0.9659318637274549,2.0,8.0,14.0,3,35.156903754398,129.127595982583,부산광역시 수영구 광안해변로 314,True,0.028056112224448898,430000000.0,16721659.203393824,0.1053984575835476,-0.012499999999999956,-0.1542553191489362,515000000.0,-0.16504854368932043,279000000.0,0.5412186379928314,3.0,False
A61377105,센텀비치푸르지오,수영구,민락동,1082.0,2003-08-18,23,1605.0,1.4833641404805915,4.0,15.0,45.0,4,35.1599390788056,129.131496560451,부산광역시 수영구 광안해변로 418,True,0.041589648798521256,576500000.0,22400682.568899132,0.02946428571428572,0.006741573033707926,0.0,757500000.0,-0.29372937293729373,399000000.0,0.3408521303258145,8.0,False
A61377106,부산더샵센텀포레,수영구,민락동,1006.0,2014-07-31,12,1319.0,1.3111332007952285,2.0,22.0,57.0,4,35.1665033337236,129.122162524106,부산광역시 수영구 수영로 776,True,0.05666003976143141,947500000.0,36822403.19847165,0.041208791208791284,0.061224489795918435,0.08531994981179425,1090000000.0,-0.05504587155963303,625000000.0,0.6479999999999999,11.0,False
A61377204,롯데캐슬자이언트,수영구,민락동,591.0,2003-11-29,22,1039.0,1.758037225042301,6.0,8.0,14.0,2,35.1582247902295,129.132568315554,부산광역시 수영구 광안해변로 386,True,0.023688663282571912,575000000.0,22339482.43039441,0.02678571428571419,-0.05100334448160537,-0.06326034063260344,790000000.0,-0.2721518987341772,420000000.0,0.36904761904761907,3.0,False
A61380402,삼정그린코아,수영구,광안동,231.0,2005-03-29,21,379.0,1.6406926406926408,0.0,0.0,5.0,3,35.1534393784812,129.115625610949,부산광역시 수영구 수영로540번길 57,True,0.021645021645021644,,,,,,,,,,,
A61380501,태평양하이츠,수영구,광안동,198.0,1997-03-04,29,180.0,0.9090909090909091,0.0,1.0,4.0,3,35.1513400600731,129.114252627938,부산광역시 수영구 남천바다로21번길 51,True,0.020202020202020204,,,,,0.005785123966942196,608500000.0,0.0,295000000.0,1.0627118644067797,0.0,True
A61380903,협성엠파이어106동,수영구,광안동,369.0,2005-04-29,21,403.0,1.0921409214092141,3.0,8.0,15.0,4,35.1583053997881,129.110834220008,부산광역시 수영구 장대골로19번길 20,True,0.04065040650406504,576000000.0,22365773.588901833,0.008315098468271387,-0.026001705029838007,0.055253623188405765,795000000.0,-0.30314465408805036,453000000.0,0.22295805739514352,8.0,False
A61380904,유림주상복합,수영구,광안동,423.0,2004-11-24,21,227.0,0.5366430260047281,1.0,3.0,8.0,1,35.1569272983278,129.112403595217,부산광역시 수영구 장대골로7번길 45,True,0.018912529550827423,,,,,,,,,,,
A61381101,상아,수영구,광안동,296.0,1988-07-05,38,149.0,0.5033783783783784,0.0,2.0,7.0,5,35.1640915705852,129.107121125676,부산광역시 수영구 광서로 54,True,0.02364864864864865,,,,-0.07407407407407407,-0.03703703703703709,440000000.0,-0.43181818181818177,218000000.0,0.14678899082568808,1.0,True
A61381201,광안동일스위트,수영구,광안동,210.0,2005-05-30,21,236.0,1.1238095238095238,0.0,3.0,11.0,5,35.1676625259308,129.113596989383,부산광역시 수영구 망미번영로38번길 104,True,0.05238095238095238,,,,,,550000000.0,-0.036363636363636376,400000000.0,0.32499999999999996,0.0,True
A61381601,우성보라,수영구,남천동,192.0,1989-04-28,37,235.0,1.2239583333333333,0.0,0.0,2.0,2,35.1408756248802,129.110727233855,부산광역시 수영구 수영로408번길 54,True,0.010416666666666666,,,,,,620000000.0,-0.15322580645161288,525000000.0,0.0,0.0,True
A61381602,남천동원로얄듀크,수영구,남천동,422.0,2000-05-04,26,716.0,1.6966824644549763,10.0,14.0,24.0,4,35.1422136267472,129.103289894918,부산광역시 수영구 황령대로 431,True,0.05687203791469194,502500000.0,19527202.07253886,0.015151515151515138,0.046875,0.03703703703703698,690000000.0,-0.2536231884057971,377000000.0,0.36604774535809015,6.0,False
A61381805,코오롱하늘채골든비치,수영구,남천동,987.0,2009-01-16,17,1892.0,1.916919959473151,8.0,18.0,36.0,3,35.143326922398,129.111829713286,부산광역시 수영구 남천동로 41,True,0.0364741641337386,928000000.0,36040955.63139932,-0.0383419689119171,0.04392905866302854,0.0918604651162791,1040000000.0,-0.10769230769230764,710000000.0,0.3070422535211268,6.0,False
A61381903,뉴비치,수영구,남천동,990.0,1986-05-28,40,887.0,0.895959595959596,5.0,12.0,47.0,5,35.1384626993821,129.110007910423,부산광역시 수영구 광안해변로15번길 68,True,0.047474747474747475,935000000.0,36317090.39548022,0.016304347826086918,0.03515625,0.09439707673568809,1100000000.0,-0.15000000000000002,695000000.0,0.3453237410071943,5.0,False
A61382701,수영만아이파크,수영구,민락동,213.0,2006-11-20,19,361.0,1.6948356807511737,0.0,2.0,13.0,2,35.1619333343148,129.129928495542,부산광역시 수영구 광안해변로 448,True,0.06103286384976526,,,,,-0.02941176470588236,890000000.0,-0.1601123595505618,500000000.0,0.4950000000000001,0.0,True
A61382802,광안현대하이페리온,수영구,민락동,265.0,2007-01-29,19,588.0,2.218867924528302,2.0,2.0,4.0,1,35.1620570381139,129.122025138106,부산광역시 수영구 광남로223번길 31,True,0.01509433962264151,,,,,,,,,,,
A61383101,수영협성르네상스타운,수영구,수영동,684.0,2004-07-23,22,908.0,1.327485380116959,2.0,3.0,9.0,3,35.1711046086256,129.120999627385,부산광역시 수영구 수영로741번길 46,True,0.013157894736842105,735000000.0,28553165.039766066,0.01379310344827589,0.08148148148148149,0.07806691449814118,889000000.0,-0.17322834645669294,420000000.0,0.75,2.0,True
A61401001,가야삼정그린코아,부산진구,가야동,383.0,2000-07-08,26,387.0,1.010443864229765,0.0,2.0,5.0,3,35.1516181510694,129.038106702896,부산광역시 부산진구 엄광로238번길 5,True,0.013054830287206266,,,,-0.005291005291005346,-0.010526315789473717,280000000.0,-0.3285714285714286,184500000.0,0.01897018970189701,1.0,True
A61401301,가야케이티이편한세상,부산진구,가야동,299.0,2006-09-28,19,505.0,1.6889632107023411,1.0,2.0,6.0,3,35.1546474591687,129.033762382888,부산광역시 부산진구 가야대로 569,True,0.020066889632107024,480000000.0,18639109.653034855,,-0.018404907975460127,-0.030303030303030276,515000000.0,-0.06796116504854366,385000000.0,0.24675324675324672,1.0,True
A61402002,두산위브센티움,부산진구,범천동,288.0,2005-04-25,21,296.0,1.0277777777777777,2.0,6.0,9.0,2,35.1442821532306,129.06239714305,부산광역시 부산진구 자유평화로37번길 67,True,0.03125,440000000.0,17096432.356057927,0.19727891156462585,0.12337662337662336,,465000000.0,-0.07526881720430112,290000000.0,0.48275862068965525,4.0,False
A61402003,서면베르빌2,부산진구,범천동,606.0,2004-08-18,22,200.0,0.33003300330033003,2.0,5.0,18.0,2,35.1451362665212,129.058408571234,부산광역시 부산진구 중앙대로 584,True,0.0297029702970297,,,,,,,,,,,
A61402004,범일역풍림아이원,부산진구,범천동,223.0,2012-05-29,14,353.0,1.5829596412556053,1.0,3.0,5.0,3,35.1442374823168,129.061034928962,부산광역시 부산진구 범일로154번길 33,True,0.02242152466367713,370000000.0,14377442.605037168,,,-0.02631578947368418,460000000.0,-0.19565217391304346,330000000.0,0.1212121212121211,1.0,True
A61402005,범내골역한라비발디STUDIO422,부산진구,범천동,428.0,2013-09-13,13,191.0,0.4462616822429907,0.0,0.0,0.0,1,35.148663071192,129.056195641242,부산광역시 부산진구 범천로 22,True,0.0,,,,,,,,,,,
A61402006,서면유림노르웨이숲,부산진구,범천동,381.0,2014-06-05,12,400.0,1.0498687664041995,2.0,4.0,13.0,3,35.1500044746506,129.057643029434,부산광역시 부산진구 신천대로 71,True,0.03412073490813648,403000000.0,15648828.014685119,-0.047281323877068515,0.09302633320100573,0.0009162303664922433,515000000.0,-0.21747572815533978,290000000.0,0.3896551724137931,3.0,False
A61403001,더샵센트럴스타,부산진구,부전동,1360.0,2011-06-17,15,3287.0,2.4169117647058824,5.0,17.0,39.0,2,35.1518342155363,129.060292382158,부산광역시 부산진구 중앙대로666번길 50,True,0.028676470588235293,,,,,,,,,,,
A61404002,삼정코아,부산진구,전포동,213.0,2004-01-27,22,102.0,0.4788732394366197,1.0,4.0,6.0,1,35.160810563169,129.062608141509,부산광역시 부산진구 동천로 134,True,0.028169014084507043,,,,,,,,,,,
A61404003,양정메트로하이츠,부산진구,전포동,258.0,2006-05-30,20,298.0,1.1550387596899225,1.0,4.0,9.0,2,35.1671485608778,129.069213421797,부산광역시 부산진구 진남로 477,True,0.03488372093023256,,,,-0.10168195718654438,-0.02840059790732441,400000000.0,-0.26875000000000004,254000000.0,0.15157480314960625,3.0,False
A61404004,한웅인터빌,부산진구,전포동,394.0,2004-06-21,22,228.0,0.5786802030456852,4.0,7.0,10.0,1,35.1511694446476,129.065877985563,부산광역시 부산진구 전포대로 162,True,0.025380710659898477,,,,,,,,,,,
A61404005,전포시영,부산진구,전포동,400.0,1978-08-31,48,172.0,0.43,1.0,2.0,3.0,1,35.1550072430126,129.072533048348,부산광역시 부산진구 진남로 336,True,0.0075,,,,,,,,,,,
A61404006,서면한신,부산진구,전포동,705.0,1997-09-13,29,695.0,0.9858156028368794,5.0,14.0,32.0,3,35.1628234273282,129.066855757132,부산광역시 부산진구 전포대로 294,True,0.04539007092198582,410000000.0,15921393.26900447,0.027568922305764465,-0.05882352941176472,0.0766233766233766,520000000.0,-0.1923076923076923,300000000.0,0.3999999999999999,8.0,False
A61404007,서면롯데캐슬스카이,부산진구,전포동,1395.0,2004-12-18,21,1319.0,0.9455197132616487,12.0,32.0,65.0,7,35.1619537729916,129.064739441542,부산광역시 부산진구 전포대로275번길 20,True,0.04659498207885305,610000000.0,23733533.608357787,-0.04163393558523176,0.04201680672268915,0.021043771043770976,725000000.0,-0.1448275862068965,443500000.0,0.39797068771138666,5.0,False
A61404101,전포동에메랄드홈,부산진구,전포동,241.0,2006-07-03,20,293.0,1.2157676348547717,0.0,5.0,16.0,4,35.1619428875592,129.063162702816,부산광역시 부산진구 중앙대로 786,True,0.06639004149377593,,,,0.08037653874004347,0.041916167664670656,445000000.0,-0.16179775280898878,300000000.0,0.2433333333333334,5.0,False
A61404203,서면대우디오빌2,부산진구,전포동,751.0,2005-05-26,21,388.0,0.5166444740346205,6.0,10.0,20.0,3,35.1609777083749,129.06583954255,부산광역시 부산진구 전포대로 274,True,0.02663115845539281,,,,,,,,,,,
A61409001,마제스타워서면,부산진구,부암동,248.0,2008-11-20,17,325.0,1.310483870967742,5.0,8.0,24.0,1,35.1684551662121,129.049666122982,부산광역시 부산진구 동평로 197,True,0.0967741935483871,300500000.0,11667843.275679491,-0.04451510333863273,0.04033613445378159,0.01333333333333342,425000000.0,-0.27294117647058824,250000000.0,0.236,8.0,False
A61409002,쌍용스윗닷홈스카이,부산진구,부암동,544.0,2007-11-28,18,774.0,1.4227941176470589,3.0,10.0,22.0,3,35.1634984252679,129.050697797136,부산광역시 부산진구 시민공원로 11,True,0.04044117647058824,470000000.0,18268551.236749113,0.08670520231213863,0.08827085852478844,-0.02352941176470591,518000000.0,-0.0926640926640927,327500000.0,0.43511450381679384,4.0,False
A61409003,일성인포,부산진구,부암동,546.0,1997-12-08,28,473.0,0.8663003663003663,2.0,4.0,11.0,2,35.1643616720816,129.051031683479,부산광역시 부산진구 신천대로 252,True,0.020146520146520148,,,,,,,,,,,
A61409004,타워베르빌,부산진구,부암동,704.0,2005-11-15,20,631.0,0.8963068181818182,1.0,2.0,19.0,3,35.1659444088819,129.050902545964,부산광역시 부산진구 시민공원로19번길 65,True,0.026988636363636364,287000000.0,11150880.084770707,,-0.02876480541455162,0.06000000000000005,350000000.0,-0.18000000000000005,248500000.0,0.15492957746478875,1.0,True
A61409005,부산서면동문굿모닝힐,부산진구,부암동,559.0,2011-09-27,14,916.0,1.6386404293381038,6.0,14.0,28.0,4,35.1617307022418,129.053101832092,부산광역시 부산진구 신천대로220번길 65,True,0.05008944543828265,416000000.0,16165384.316468485,-0.032558139534883734,0.010714285714285676,0.02987804878048772,495000000.0,-0.14242424242424245,351000000.0,0.20940170940170932,5.0,False
A61409006,솔내음파미유,부산진구,부암동,139.0,2004-09-10,22,90.0,0.6474820143884892,0.0,0.0,1.0,3,35.1735864925871,129.034902938145,,True,0.007194244604316547,,,,,,,,,,,
A61409301,백양산월드메르디앙,부산진구,부암동,315.0,2006-04-27,20,327.0,1.0380952380952382,5.0,9.0,17.0,2,35.1735758589088,129.032257647645,부산광역시 부산진구 백양산로 36,True,0.05396825396825397,262500000.0,10197522.928975796,-0.04371584699453557,-0.009433962264150941,-0.014044943820224698,360000000.0,-0.2666666666666667,252500000.0,0.045544554455445585,8.0,False
A61409302,당감뜨란채,부산진구,부암동,630.0,2005-08-28,21,540.0,0.8571428571428571,10.0,25.0,40.0,3,35.1749337216179,129.029905401339,부산광역시 부산진구 백양산로 57,True,0.06349206349206349,,,,,,428000000.0,-0.13551401869158874,330000000.0,0.1212121212121211,0.0,True
A61410304,"삼익(10,11동)",부산진구,당감동,1074.0,1978-12-05,47,700.0,0.6517690875232774,0.0,4.0,14.0,4,35.1619817959221,129.039811080995,부산광역시 부산진구 당감로 17,True,0.01303538175046555,,,,,,,,,,,
A61411202,고원,부산진구,개금동,325.0,1986-03-05,40,93.0,0.28615384615384615,0.0,0.0,2.0,1,35.145478125385,129.023681691682,부산광역시 부산진구 엄광로62번길 61,True,0.006153846153846154,,,,,,,,,,,
A61411303,성도,부산진구,개금동,296.0,1992-02-13,34,270.0,0.9121621621621622,1.0,5.0,7.0,2,35.1603921594073,129.02334512675,부산광역시 부산진구 개금본동로22번길 31,True,0.02364864864864865,,,,-0.09774436090225569,-0.08166969147005443,167500000.0,-0.28358208955223885,100000000.0,0.19999999999999996,3.0,False
A61471001,롯데갤러리움,부산진구,양정동,268.0,2006-04-27,20,507.0,1.8917910447761195,0.0,2.0,10.0,3,35.1758614952587,129.072833253991,부산광역시 부산진구 중앙대로969번길 11,True,0.03731343283582089,,,,0.11571428571428566,0.07042253521126751,520000000.0,-0.24807692307692308,300000000.0,0.30333333333333323,2.0,True
A61471201,개금롯데캐슬,부산진구,개금동,489.0,2010-11-12,15,647.0,1.3231083844580778,2.0,10.0,25.0,2,35.1548022955911,129.027322196214,부산광역시 부산진구 개금온정로 10,True,0.05112474437627812,500000000.0,19422229.860324737,-0.00990099009900991,0.05456453305351516,0.13378684807256236,567500000.0,-0.11894273127753308,357000000.0,0.40056022408963576,9.0,False
A61473002,네오스포,부산진구,부전동,782.0,1999-12-09,26,782.0,1.0,4.0,16.0,32.0,4,35.15362555977,129.054047151528,부산광역시 부산진구 신천대로 122,True,0.04092071611253197,245000000.0,9551656.920077974,0.10609480812641081,0.09952038369304561,-0.04729729729729726,300000000.0,-0.18333333333333335,180000000.0,0.36111111111111116,10.0,False
A61475202,태화현대1,부산진구,당감동,668.0,1996-01-05,30,510.0,0.7634730538922155,1.0,7.0,19.0,3,35.156984699411,129.042257249023,부산광역시 부산진구 가야대로 635-20,True,0.02844311377245509,,,,-0.04612978889757624,-0.01705426356589146,430000000.0,-0.2906976744186046,259000000.0,0.1776061776061777,1.0,True
A61475403,현대1차,부산진구,양정동,1733.0,1997-11-15,28,1390.0,0.8020773225620311,13.0,37.0,94.0,4,35.1742119686713,129.063037802602,부산광역시 부산진구 동평로 352,True,0.054241200230813615,362500000.0,14075185.31591952,0.04466858789625361,0.005586592178770999,0.06654275092936812,569000000.0,-0.36731107205623903,272000000.0,0.32352941176470584,11.0,False
A61475512,개금주공2,부산진구,개금동,2544.0,1988-06-30,38,897.0,0.35259433962264153,6.0,21.0,78.0,4,35.160050673057,129.030352293763,부산광역시 부산진구 백양관문로 7,True,0.030660377358490566,,,,,,,,,,,
A61475903,태화현대2,부산진구,당감동,820.0,1996-06-07,30,660.0,0.8048780487804879,2.0,9.0,25.0,3,35.1561948411934,129.041101811057,부산광역시 부산진구 가야대로 635-13,True,0.03048780487804878,,,,0.125,0.059561128526645746,417500000.0,-0.19041916167664674,259000000.0,0.3050193050193051,4.0,False
A61476002,경남,부산진구,범천동,950.0,2003-05-13,23,965.0,1.0157894736842106,7.0,12.0,31.0,3,35.1459261803379,129.056671283896,부산광역시 부산진구 신암로 32,True,0.03263157894736842,340000000.0,13209713.02428256,0.17241379310344818,-0.05970149253731338,0.08064516129032251,405000000.0,-0.16049382716049387,238000000.0,0.4285714285714286,2.0,True
A61476003,서면동일스위트,부산진구,범천동,332.0,2013-03-15,13,334.0,1.0060240963855422,0.0,3.0,9.0,2,35.1475713494485,129.056591455149,부산광역시 부산진구 범천로12번길 8,True,0.02710843373493976,,,,,,,,,,,
A61476403,벽산1,부산진구,가야동,1772.0,1991-01-28,35,1338.0,0.755079006772009,4.0,13.0,27.0,3,35.1466134423697,129.026989438444,부산광역시 부산진구 엄광로 68,True,0.015237020316027089,226000000.0,8775150.017649135,-0.017391304347826098,-0.050000000000000044,-0.002132196162046962,360000000.0,-0.37222222222222223,193000000.0,0.17098445595854916,5.0,False
A61477009,개금우드빌(1-9),부산진구,개금동,980.0,1994-07-09,32,535.0,0.5459183673469388,8.0,17.0,34.0,2,35.1631325735281,129.024598413974,부산광역시 부산진구 백양대로208번길 144,True,0.03469387755102041,,,,,,,,,,,
A61477105,개금아이파크,부산진구,개금동,1424.0,2002-06-28,24,1673.0,1.1748595505617978,10.0,23.0,46.0,5,35.1474573442981,129.019633646689,부산광역시 부산진구 복지로 70,True,0.032303370786516857,315250000.0,12240557.712672079,0.08706896551724141,-0.008333333333333304,0.03832752613240409,380000000.0,-0.12368421052631584,250000000.0,0.3320000000000001,8.0,False
A61477302,서면노르웨이아침,부산진구,전포동,512.0,2004-10-01,21,265.0,0.517578125,3.0,4.0,8.0,3,35.1499346550732,129.063479015263,부산광역시 부산진구 동천로 10-1,True,0.015625,,,,,,,,,,,
A61477303,한일유앤아이(890-1),부산진구,전포동,178.0,2006-09-26,19,187.0,1.050561797752809,1.0,5.0,14.0,2,35.1512881171368,129.064832269522,부산광역시 부산진구 전포대로171번길 13,True,0.07865168539325842,,,,0.03213242453748788,-0.0206378986866792,315000000.0,-0.1333333333333333,250000000.0,0.09200000000000008,4.0,False
A61477304,서면세종그랑시아,부산진구,전포동,290.0,2009-10-19,16,412.0,1.4206896551724137,7.0,8.0,16.0,2,35.1518183481782,129.064203905912,부산광역시 부산진구 전포대로171번길 12,True,0.05517241379310345,382500000.0,14882391.086482342,0.047945205479452024,0.02117486338797825,0.006756756756756799,455000000.0,-0.14065934065934071,295000000.0,0.3254237288135593,8.0,False
A61477403,시영(12~17동),부산진구,개금동,633.0,1975-01-01,51,30.0,0.04739336492890995,3.0,12.0,20.0,1,35.1466044705799,129.017038077616,부산광역시 부산진구 진사로61번길 29,True,0.0315955766192733,,,,,,,,,,,
A61477612,반도보라맨션,부산진구,개금동,480.0,1994-03-07,32,435.0,0.90625,2.0,2.0,9.0,2,35.159396809784,129.021662070086,부산광역시 부산진구 개금본동로 42,True,0.01875,,,,,-0.0015822784810126667,205000000.0,-0.24390243902439024,150000000.0,0.03333333333333344,0.0,True
A61477806,국제백양,부산진구,당감동,1153.0,1995-01-21,31,837.0,0.7259323503902863,4.0,17.0,30.0,3,35.1680304177471,129.029180210707,부산광역시 부산진구 백양관문로 104,True,0.026019080659150044,150500000.0,5844144.382667019,-0.11470588235294121,0.044303797468354444,-0.03453453453453459,216500000.0,-0.2840646651270208,135000000.0,0.14814814814814814,13.0,False
A61477902,국제프라자,부산진구,당감동,298.0,1995-03-10,31,240.0,0.8053691275167785,3.0,3.0,7.0,3,35.1669332736502,129.027537743545,부산광역시 부산진구 백양관문로 101,True,0.02348993288590604,160000000.0,6227883.934890304,,0.09589041095890405,-0.03164556962025311,193000000.0,-0.17098445595854928,145000000.0,0.10344827586206895,1.0,True
A61478703,한신타워,부산진구,연지동,350.0,1994-01-14,32,339.0,0.9685714285714285,3.0,5.0,16.0,3,35.176247842543,129.052748020157,부산광역시 부산진구 성지로61번길 30,True,0.045714285714285714,250000000.0,9817222.302098852,0.050420168067226934,0.010351966873705987,0.006250000000000089,300000000.0,-0.16666666666666663,200000000.0,0.25,3.0,False
A61478807,화인,부산진구,연지동,654.0,1996-08-14,30,431.0,0.6590214067278287,3.0,5.0,18.0,4,35.173029858395,129.059865435875,부산광역시 부산진구 동평로291번길 30,True,0.027522935779816515,,,,0.05871029836381125,0.05263157894736836,360000000.0,-0.23611111111111116,225000000.0,0.22222222222222232,1.0,True
A61478901,연지자이2차,부산진구,연지동,1011.0,2011-12-02,14,1282.0,1.268051434223541,13.0,36.0,66.0,5,35.1738340168288,129.048361881117,부산광역시 부산진구 초연로 11,True,0.06528189910979229,482500000.0,18749668.811785005,0.005208333333333259,0.06666666666666665,0.027472527472527375,640000000.0,-0.234375,399000000.0,0.22807017543859653,19.0,False
A61479104,현대2차,부산진구,양정동,1901.0,1998-07-15,28,1982.0,1.0426091530773278,14.0,44.0,82.0,3,35.1707552940831,129.066457433194,부산광역시 부산진구 거제대로 37,True,0.04313519200420831,397500000.0,15434168.725732438,0.046052631578947345,0.09116022099447507,0.0202090592334494,560000000.0,-0.2857142857142857,282500000.0,0.415929203539823,16.0,False
A61479403,쌍용스윗닷홈,부산진구,부암동,718.0,2004-12-17,21,1014.0,1.4122562674094707,1.0,3.0,23.0,1,35.175718691386,129.03275978455,부산광역시 부산진구 백양산로 70,True,0.03203342618384401,,,,,,,,,,,
A61479404,백양산삼정그린코아,부산진구,부암동,215.0,2012-12-12,13,226.0,1.0511627906976744,2.0,4.0,8.0,2,35.1745940406914,129.034798325839,부산광역시 부산진구 용사촌로 52-16,True,0.037209302325581395,,,,-0.06382978723404253,-0.010869565217391353,280000000.0,-0.2142857142857143,220000000.0,0.0,1.0,True
A61479502,반도보라빌,부산진구,가야동,1048.0,2005-02-02,21,1309.0,1.2490458015267176,4.0,16.0,40.0,4,35.1505026878858,129.032373713462,부산광역시 부산진구 가야공원로 41,True,0.03816793893129771,440000000.0,17110575.325419102,0.0931677018633541,-0.038529934795494936,0.008536585365853666,545000000.0,-0.17431192660550454,350000000.0,0.2857142857142858,9.0,False
A61479503,가야동원로얄듀크,부산진구,가야동,304.0,2013-05-01,13,305.0,1.0032894736842106,2.0,3.0,14.0,4,35.1540473007319,129.030183984771,부산광역시 부산진구 가야대로 531,True,0.046052631578947366,430000000.0,16696297.987148909,,0.031175059952038398,0.03041362530413627,518000000.0,-0.16988416988416988,360000000.0,0.19444444444444442,1.0,True
A61479605,동일스위트,부산진구,당감동,1090.0,2005-03-28,21,1265.0,1.1605504587155964,7.0,15.0,37.0,4,35.1671767965506,129.025974675989,부산광역시 부산진구 백양관문로 115,True,0.03394495412844037,247500000.0,10179181.004345858,-0.07476635514018692,0.0658307210031348,-0.014778325123152691,360000000.0,-0.33333333333333337,227500000.0,0.05494505494505497,9.0,False
A61479902,대원칸타빌멤버스,부산진구,양정동,840.0,2006-08-29,20,1213.0,1.444047619047619,7.0,11.0,29.0,3,35.1715683917271,129.068601210916,부산광역시 부산진구 거제대로 26,True,0.034523809523809526,441250000.0,17162836.227830976,-0.005073280721533235,0.019596541786743416,0.03157894736842115,552500000.0,-0.19909502262443435,330000000.0,0.34090909090909083,7.0,False
A61480002,유림,부산진구,가야동,300.0,1996-02-17,30,249.0,0.83,0.0,1.0,7.0,3,35.1555220259297,129.038464264142,부산광역시 부산진구 가야대로679번길 155,True,0.023333333333333334,,,,0.02752293577981657,-0.03508771929824561,340000000.0,-0.17647058823529416,263000000.0,0.06463878326996197,1.0,True
A61480003,화신,부산진구,가야동,299.0,1999-12-28,26,314.0,1.0501672240802675,1.0,2.0,6.0,3,35.1560687188261,129.03841338639,부산광역시 부산진구 가야대로679번길 166,True,0.020066889632107024,,,,0.23434704830053676,-0.06774193548387097,400000000.0,-0.13749999999999996,270000000.0,0.2777777777777777,1.0,True
A61480901,한진,부산진구,개금동,180.0,1992-07-30,34,113.0,0.6277777777777778,0.0,2.0,4.0,2,35.1616305877335,129.025644385027,부산광역시 부산진구 백양대로208번길 88,True,0.022222222222222223,,,,0.03333333333333344,-0.09090909090909094,185000000.0,-0.16216216216216217,150000000.0,0.03333333333333344,1.0,True
A61480902,삼환,부산진구,개금동,240.0,1995-09-07,31,208.0,0.8666666666666667,1.0,3.0,6.0,1,35.1621362327193,129.023358816377,부산광역시 부산진구 백양대로208번길 133,True,0.025,160000000.0,6216884.493111974,-0.06976744186046513,-0.01538461538461533,-0.11602209944751385,230000000.0,-0.30434782608695654,154000000.0,0.03896103896103886,3.0,False
A61480906,현대,부산진구,개금동,450.0,1992-12-30,33,217.0,0.4822222222222222,5.0,8.0,14.0,2,35.1599312043252,129.022396030521,부산광역시 부산진구 개금본동로 34,True,0.03111111111111111,167000000.0,6487727.352993113,-0.04571428571428571,0.09868421052631571,-0.07246376811594202,225000000.0,-0.2577777777777778,133000000.0,0.255639097744361,6.0,False
A61480908,동원화인패밀리,부산진구,개금동,894.0,1995-10-24,30,955.0,1.0682326621923937,6.0,13.0,28.0,3,35.1639281330622,129.02850740693,부산광역시 부산진구 백양관문로77번길 55,True,0.03131991051454139,179000000.0,6951047.305248293,-0.050397877984084904,-0.05208333333333337,-0.015957446808510634,256000000.0,-0.3046875,170800000.0,0.042154566744730726,9.0,False
A61481004,우성,부산진구,개금동,360.0,1989-09-01,37,325.0,0.9027777777777778,0.0,1.0,7.0,2,35.1617215116749,129.028788499808,부산광역시 부산진구 백양대로208번길 38-25,True,0.019444444444444445,,,,,,,,,,,
A61481005,개금주공1,부산진구,개금동,380.0,1987-01-20,39,130.0,0.34210526315789475,0.0,4.0,13.0,1,35.1594857551659,129.025642105969,부산광역시 부산진구 백양대로208번길 25,True,0.034210526315789476,,,,,,,,,,,
A61481111,엘지신개금(2-1),부산진구,개금동,2510.0,1998-11-02,27,2681.0,1.0681274900398405,15.0,23.0,61.0,4,35.1550481097082,129.019243033247,부산광역시 부산진구 백양대로300번길 20,True,0.024302788844621514,349000000.0,13551006.000705965,0.01013024602026058,-0.008571428571428563,0.05454545454545445,497000000.0,-0.2907444668008048,284000000.0,0.2411971830985915,9.0,False
A61481301,성원쌍떼뷰,부산진구,개금동,231.0,2004-04-14,22,240.0,1.0389610389610389,0.0,1.0,7.0,4,35.153770988473,129.024672295072,부산광역시 부산진구 개금온정로 5,True,0.030303030303030304,,,,,,295000000.0,-0.06101694915254241,215000000.0,0.28837209302325584,0.0,True
A61481501,대동,부산진구,개금동,246.0,1999-04-22,27,252.0,1.024390243902439,2.0,2.0,4.0,5,35.1430906580759,129.020955598837,부산광역시 부산진구 진사로89번길 73,True,0.016260162601626018,,,,,,178000000.0,-0.005617977528089901,169000000.0,0.047337278106508895,0.0,True
A61481601,벽산블루밍,부산진구,당감동,436.0,2006-04-18,20,443.0,1.0160550458715596,3.0,7.0,17.0,1,35.1583026129361,129.040329630606,부산광역시 부산진구 마철로 98,True,0.0389908256880734,358750000.0,13966114.466769574,0.06296296296296289,0.07827476038338665,-0.012307692307692353,457000000.0,-0.29759299781181614,240000000.0,0.3374999999999999,7.0,False
A61482201,동원타워,부산진구,당감동,240.0,1992-07-23,34,99.0,0.4125,2.0,3.0,5.0,2,35.1675575229994,129.048153270731,부산광역시 부산진구 동평로181번길 18,True,0.020833333333333332,155000000.0,6027574.829130333,,-0.14364640883977897,-0.06666666666666665,215000000.0,-0.3069767441860465,149000000.0,0.0,2.0,True
A61482207,개금주공3단지,부산진구,당감동,2716.0,1989-06-01,37,1091.0,0.4016936671575847,12.0,24.0,61.0,4,35.1613968466179,129.032430795113,부산광역시 부산진구 백양관문로 10,True,0.022459499263622975,,,,,,,,,,,
A61482301,태우선파크,부산진구,당감동,214.0,1994-02-07,32,160.0,0.7476635514018691,0.0,0.0,2.0,5,35.1672044212645,129.03214042881,부산광역시 부산진구 백양순환로35번길 43,True,0.009345794392523364,,,,,0.03337142857142861,235000000.0,-0.23046808510638295,169000000.0,0.07005917159763309,0.0,True
A61482302,"백양뜨란채,주공아파트(1단지)",부산진구,당감동,851.0,1999-07-21,27,594.0,0.6980023501762632,3.0,14.0,35.0,2,35.1711519461034,129.026345604739,부산광역시 부산진구 백양산로53번길 125,True,0.041128084606345476,,,,,-0.14,290000000.0,-0.2068965517241379,200000000.0,0.1499999999999999,0.0,True
A61482303,백양푸른채,부산진구,당감동,1116.0,1999-11-27,26,735.0,0.6586021505376344,4.0,15.0,41.0,3,35.1720654213412,129.027516045706,부산광역시 부산진구 백양산로53번길 62,True,0.036738351254480286,,,,,,280000000.0,0.0,237500000.0,0.17894736842105252,0.0,True
A61482803,대원아파트,부산진구,범천동,315.0,1986-11-22,39,186.0,0.5904761904761905,1.0,2.0,6.0,4,35.1463128535322,129.062030820175,부산광역시 부산진구 황령대로18번길 43,True,0.01904761904761905,,,,0.005025125628140614,-0.050000000000000044,660000000.0,-0.3939393939393939,330000000.0,0.21212121212121215,1.0,True
A61483201,대우디오빌1,부산진구,범천동,405.0,2004-10-15,21,161.0,0.39753086419753086,1.0,1.0,8.0,1,35.1567018053223,129.049715595385,부산광역시 부산진구 가야대로 714,True,0.019753086419753086,,,,,,,,,,,
A61483202,서면이-편한세상,부산진구,범천동,623.0,2006-12-27,19,961.0,1.5425361155698234,5.0,12.0,27.0,3,35.1564058760801,129.048580378752,부산광역시 부산진구 가야대로 702,True,0.04333868378812199,464000000.0,18032149.796855677,0.015317286652078765,-0.05463917525773199,-0.00513652338469861,606500000.0,-0.15910964550700746,350000000.0,0.4571428571428571,9.0,False
A61483301,서면항도타워맨션,부산진구,범천동,188.0,1994-05-16,32,151.0,0.8031914893617021,0.0,0.0,1.0,3,35.148299025333,129.054245137096,부산광역시 부산진구 신암로 72,True,0.005319148936170213,,,,,,300000000.0,-0.2666666666666667,200000000.0,0.10000000000000009,0.0,True
A61483503,일동미라주,부산진구,부암동,294.0,2007-03-30,19,367.0,1.248299319727891,2.0,2.0,5.0,2,35.1690653273854,129.051827406434,부산광역시 부산진구 동평로 218,True,0.017006802721088437,403500000.0,15677929.494768117,,0.07029177718832891,-0.06748466257668717,490000000.0,-0.17653061224489797,314500000.0,0.2829888712241653,2.0,True
A61483601,메리움,부산진구,부암동,260.0,1998-12-26,27,276.0,1.0615384615384615,1.0,2.0,9.0,3,35.1638104545377,129.050961104127,부산광역시 부산진구 신천대로 246,True,0.03461538461538462,279000000.0,10843245.78965964,,0.04104477611940305,0.026266416510319024,310000000.0,-0.09999999999999998,230000000.0,0.21304347826086967,1.0,True
A61483604,서면쌍용스윗닷홈파크,부산진구,부암동,296.0,2007-07-20,19,393.0,1.3277027027027026,3.0,6.0,16.0,2,35.1614234305728,129.051329563762,부산광역시 부산진구 신천대로220번길 31,True,0.05405405405405406,337000000.0,13094312.963617096,0.015060240963855387,0.04531250000000009,0.0007535795026374359,445000000.0,-0.24269662921348312,288000000.0,0.17013888888888884,3.0,False
A61483802,럭키무지개타운,부산진구,부암동,294.0,1989-09-02,37,179.0,0.608843537414966,0.0,0.0,2.0,4,35.1667839334845,129.049997734339,부산광역시 부산진구 신천대로 279,True,0.006802721088435374,,,,,,290000000.0,0.0,210000000.0,0.38095238095238093,0.0,True
A61484004,협성피닉스타운,부산진구,부암동,774.0,1993-12-10,32,704.0,0.9095607235142119,2.0,3.0,8.0,2,35.1729756707124,129.036945657457,부산광역시 부산진구 당감로 118,True,0.0103359173126615,,,,0.2551724137931035,-0.08256880733944949,248000000.0,-0.2661290322580645,140000000.0,0.30000000000000004,1.0,True
A61484005,화승,부산진구,부암동,1811.0,1997-03-29,29,1834.0,1.0127001656543346,9.0,27.0,73.0,3,35.1684027431243,129.037323992928,부산광역시 부산진구 당감로 79,True,0.04030922142462728,347500000.0,13529377.064653136,0.10317460317460325,0.037277147487844386,-0.014855355746677068,440000000.0,-0.1477272727272727,273000000.0,0.37362637362637363,17.0,False
A61484701,한솔폴라리스,부산진구,부전동,358.0,2005-05-20,21,217.0,0.6061452513966481,5.0,7.0,13.0,3,35.157122313948,129.053894882017,부산광역시 부산진구 가야대로 754,True,0.036312849162011177,,,,,,,,,,,
A61485301,양정삼성타워,부산진구,양정동,150.0,2000-11-14,25,96.0,0.64,2.0,3.0,9.0,2,35.1713651435274,129.071244396435,부산광역시 부산진구 양지로5번길 60,True,0.06,,,,,0.07073791348600511,295000000.0,-0.1084745762711864,210000000.0,0.2523809523809524,0.0,True
A61485902,유림노르웨이숲,부산진구,연지동,191.0,2006-04-26,20,193.0,1.0104712041884816,1.0,3.0,6.0,2,35.1752550133221,129.055511349615,부산광역시 부산진구 성지로62번길 8,True,0.031413612565445025,,,,-0.06666666666666665,-0.045454545454545414,395500000.0,-0.20353982300884954,270000000.0,0.16666666666666674,1.0,True
A61485904,청구,부산진구,연지동,451.0,2000-07-19,26,528.0,1.170731707317073,4.0,8.0,17.0,3,35.1757799714938,129.056326765076,부산광역시 부산진구 성지로62번길 10,True,0.037694013303769404,265000000.0,10289445.817154959,-0.11073825503355705,,-0.02510822510822508,370000000.0,-0.28378378378378377,229000000.0,0.1572052401746724,2.0,True
A61485906,연지2청구,부산진구,연지동,554.0,2002-09-05,24,525.0,0.9476534296028881,6.0,13.0,27.0,3,35.174113118202,129.05714237943,부산광역시 부산진구 동평로291번길 30-17,True,0.048736462093862815,265000000.0,10322237.960339943,0.07942973523421593,0.0040000000000000036,0.08568329718004342,338000000.0,-0.21597633136094674,210000000.0,0.26190476190476186,7.0,False
A61486001,경동,부산진구,연지동,176.0,2005-05-31,21,175.0,0.9943181818181818,1.0,5.0,13.0,3,35.1688839295904,129.046965735384,부산광역시 부산진구 초연로21번길 102,True,0.07386363636363637,230000000.0,8962255.796241518,0.03139013452914807,0.029885057471264354,-0.004444444444444473,300000000.0,-0.23333333333333328,200000000.0,0.1499999999999999,5.0,False
A61486005,연지자이,부산진구,연지동,547.0,2007-12-18,18,686.0,1.2541133455210238,0.0,5.0,13.0,3,35.1704728032631,129.048429217295,부산광역시 부산진구 동평로183번길 67,True,0.02376599634369287,,,,0.1499999999999999,0.0059880239520957446,578000000.0,-0.2145328719723183,315000000.0,0.44126984126984126,4.0,False
A61486008,세동한신,부산진구,연지동,789.0,1995-12-27,30,622.0,0.788339670468948,3.0,13.0,28.0,3,35.1717840601458,129.048936674435,부산광역시 부산진구 새싹로 183,True,0.035487959442332066,316000000.0,12271122.617086371,0.05333333333333323,0.025210084033613356,0.04166666666666674,425000000.0,-0.2564705882352941,245000000.0,0.28979591836734686,6.0,False
A61486301,한라비발디,부산진구,전포동,511.0,2005-08-26,21,648.0,1.2681017612524461,2.0,5.0,18.0,2,35.1506405123904,129.0661127988,부산광역시 부산진구 전포대로 156,True,0.03522504892367906,390000000.0,15165101.648600908,0.01894186806009146,-0.008894536213468918,0.004487179487179471,560000000.0,-0.3035714285714286,319000000.0,0.22257053291536044,4.0,False
A61486501,대동파크,부산진구,전포동,173.0,2000-04-01,26,118.0,0.6820809248554913,0.0,1.0,1.0,4,35.161126295456,129.07033627189,부산광역시 부산진구 진남로 404,True,0.005780346820809248,,,,,,202000000.0,-0.05940594059405946,160000000.0,0.1875,0.0,True
A61486502,화신,부산진구,전포동,268.0,1993-02-23,33,201.0,0.75,1.0,2.0,6.0,3,35.1599754943776,129.071818122003,부산광역시 부산진구 진남로356번길 90,True,0.022388059701492536,170000000.0,6679366.591260864,-0.05555555555555558,-0.038461538461538436,-0.04761904761904767,238000000.0,-0.2857142857142857,164000000.0,0.03658536585365857,2.0,True
A61486602,서면쌍용플래티넘,부산진구,전포동,432.0,2004-08-26,22,170.0,0.39351851851851855,1.0,5.0,9.0,1,35.1549497397849,129.062678612125,부산광역시 부산진구 동천로 70,True,0.020833333333333332,,,,,,,,,,,
A61487104,선경,부산진구,초읍동,314.0,1982-06-17,44,278.0,0.8853503184713376,1.0,1.0,1.0,2,35.1772204096758,129.047242611847,부산광역시 부산진구 새싹로 221,True,0.0031847133757961785,,,,,,,,,,,
A61487301,대진파레스필즈,부산진구,초읍동,160.0,1992-07-30,34,177.0,1.10625,0.0,2.0,5.0,2,35.1871374822936,129.049481215317,부산광역시 부산진구 성지곡로 60,True,0.03125,,,,0.11111111111111116,-0.05128205128205132,250000000.0,-0.19999999999999996,155000000.0,0.29032258064516125,2.0,True
A61487303,삼환,부산진구,초읍동,230.0,2002-02-28,24,231.0,1.0043478260869565,0.0,2.0,2.0,1,35.1878164233531,129.048181567678,부산광역시 부산진구 성지곡로 67,True,0.008695652173913044,,,,,-0.19207317073170727,358500000.0,-0.26080892608089257,246500000.0,0.07505070993914797,2.0,True
A61487305,한신,부산진구,초읍동,318.0,1996-04-06,30,305.0,0.9591194968553459,2.0,2.0,6.0,5,35.1833210213112,129.052117295756,부산광역시 부산진구 월드컵대로 449,True,0.018867924528301886,245000000.0,9530264.631343195,,0.0852713178294573,-0.03541666666666665,260000000.0,-0.05769230769230771,200000000.0,0.2250000000000001,1.0,True
A61487402,우신그린피아,부산진구,초읍동,190.0,2000-04-26,26,193.0,1.0157894736842106,0.0,1.0,6.0,2,35.181160034603,129.055167019818,부산광역시 부산진구 성지로114번길 68,True,0.031578947368421054,,,,,-0.05882352941176472,220000000.0,-0.2727272727272727,160000000.0,0.0,1.0,True
A61487406,초읍대우,부산진구,초읍동,363.0,2000-12-19,25,394.0,1.0853994490358128,5.0,8.0,13.0,3,35.1813986875358,129.058708686117,부산광역시 부산진구 성지로94번길 85,True,0.03581267217630854,212000000.0,8234269.438101739,-0.04932735426008972,0.006864988558352492,0.037735849056603765,235000000.0,-0.06382978723404253,190000000.0,0.1578947368421053,3.0,False
A61488201,백조,부산진구,양정동,190.0,1983-12-30,42,144.0,0.7578947368421053,1.0,1.0,3.0,2,35.1746984146301,129.070154946588,부산광역시 부산진구 동평로 409,True,0.015789473684210527,,,,,,,,,,,
A61609001,대진,북구,구포동,170.0,1981-06-13,45,,,1.0,4.0,5.0,1,35.2014029128379,129.003345805173,부산광역시 북구 백양대로1124번길 70,True,0.029411764705882353,,,,,,,,,,,
A61609002,구포동원로얄듀크비스타,북구,구포동,1079.0,2014-07-17,12,1274.0,1.180722891566265,9.0,22.0,40.0,3,35.208073180857,128.99889746397,부산광역시 북구 낙동대로1738번길 10,True,0.03707136237256719,446000000.0,17317783.431042835,-0.015452538631346546,-0.013071895424836555,0.025352112676056304,597000000.0,-0.23785594639865992,340000000.0,0.33823529411764697,11.0,False
A61609206,구포유림노르웨이숲2차,북구,구포동,1176.0,2005-06-15,21,1223.0,1.0399659863945578,12.0,25.0,47.0,4,35.1962431039498,129.002991484837,부산광역시 북구 낙동북로 737,True,0.039965986394557826,238250000.0,9258975.751016606,0.11592505854800939,-0.11478599221789887,-0.03137651821862353,267000000.0,-0.1460674157303371,182000000.0,0.25274725274725274,4.0,False
A61609304,구포대우,북구,구포동,225.0,1992-10-01,33,210.0,0.9333333333333333,1.0,1.0,4.0,2,35.1984025690726,129.010341234213,부산광역시 북구 모분재로105번길 43-7,True,0.017777777777777778,130000000.0,5055385.340560923,,,-0.040590405904059046,145000000.0,-0.10344827586206895,110000000.0,0.18181818181818188,1.0,True
A61610001,부영벽산파라빌,북구,덕천동,212.0,2005-05-17,21,216.0,1.0188679245283019,2.0,2.0,6.0,2,35.2138958764613,129.021980780882,부산광역시 북구 만덕대로155번길 14,True,0.02830188679245283,319000000.0,12425314.734508783,,-0.03915662650602414,-0.032352941176470584,420000000.0,-0.2404761904761905,295000000.0,0.08135593220338988,1.0,True
A61610002,아남프라자,북구,덕천동,275.0,2000-04-12,26,210.0,0.7636363636363637,1.0,2.0,5.0,6,35.2115061664524,129.007223409773,부산광역시 북구 금곡대로8번길 33,True,0.01818181818181818,,,,-0.05154639175257736,0.07386363636363646,270000000.0,-0.14814814814814814,205000000.0,0.12195121951219523,1.0,True
A61610003,롯데,북구,덕천동,705.0,2004-12-06,21,712.0,1.0099290780141843,5.0,17.0,30.0,3,35.2095334334768,129.021080144507,부산광역시 북구 함박봉로 26,True,0.0425531914893617,211500000.0,8235359.361135758,0.0071428571428571175,0.050000000000000044,-0.05437352245862881,320000000.0,-0.303125,188000000.0,0.18617021276595747,13.0,False
A61612002,화명동롯데캐슬멤버스,북구,화명동,299.0,2007-11-02,18,489.0,1.6354515050167224,7.0,8.0,14.0,3,35.2298378855786,129.013424732131,부산광역시 북구 금곡대로 240,True,0.046822742474916385,,,,,0.04166666666666674,475000000.0,-0.21052631578947367,360000000.0,0.04166666666666674,0.0,True
A61612006,우신,북구,화명동,480.0,1987-11-13,38,316.0,0.6583333333333333,2.0,2.0,5.0,3,35.2375466309547,129.016707037471,부산광역시 북구 산성로12번길 27,True,0.010416666666666666,,,,,,,,,,,
A61612010,화명2차현대,북구,화명동,743.0,2001-10-23,24,840.0,1.1305518169582773,6.0,11.0,23.0,4,35.227309697318,129.01001401447,부산광역시 북구 화명신도시로 48,True,0.03095558546433378,420000000.0,16306975.879558982,0.0,0.03512014787430684,0.08322324966974892,490000000.0,-0.1428571428571429,300000000.0,0.3999999999999999,3.0,False
A61612011,대우이안,북구,화명동,989.0,2002-10-26,23,1021.0,1.0323559150657229,4.0,15.0,36.0,4,35.2371706524696,129.009954863836,부산광역시 북구 화명신도시로 145,True,0.03640040444893832,485000000.0,18832779.508806277,0.07777777777777772,-0.04210526315789476,0.0,590000000.0,-0.17796610169491522,357500000.0,0.35664335664335667,6.0,False
A61612013,코오롱하늘채1차,북구,화명동,1280.0,2002-04-20,24,1494.0,1.1671875,6.0,20.0,49.0,5,35.2307920262206,129.011545185865,부산광역시 북구 화명신도시로 70,True,0.03828125,500000000.0,19417475.72815534,-0.012345679012345734,0.1292134831460674,0.11264367816091947,590000000.0,-0.15254237288135597,320000000.0,0.5625,4.0,False
A61612016,수정강변타운,북구,화명동,1780.0,2001-08-04,25,1475.0,0.8286516853932584,18.0,45.0,87.0,3,35.2213244327728,129.0060121223,부산광역시 북구 학사로17번길 31,True,0.04887640449438202,397250000.0,15543336.495138723,0.045394736842105265,0.05555555555555558,0.0,472500000.0,-0.10158730158730156,297000000.0,0.4292929292929293,13.0,False
A61612017,대림쌍용강변타운,북구,화명동,1895.0,2004-08-04,22,2252.0,1.1883905013192613,18.0,39.0,88.0,3,35.2264392828181,129.00705947304,부산광역시 북구 화명신도시로 39,True,0.04643799472295514,530000000.0,20595854.922279794,0.041769041769041726,0.03112840466926059,0.07565620174987142,615000000.0,-0.1382113821138211,373750000.0,0.41806020066889626,13.0,False
A61612018,롯데낙천대,북구,화명동,1950.0,2002-10-29,23,2266.0,1.162051282051282,15.0,35.0,84.0,4,35.2374576879253,129.011867869707,부산광역시 북구 화명신도시로 156,True,0.043076923076923075,561500000.0,21858816.312567092,0.011711711711711814,0.04716981132075482,0.06536585365853664,655000000.0,-0.16335877862595416,364500000.0,0.503429355281207,9.0,False
A61612019,대림타운,북구,화명동,3382.0,1998-06-01,28,3659.0,1.0819041986989946,33.0,72.0,142.0,5,35.2314080166544,129.015133073984,부산광역시 북구 금곡대로 268,True,0.041986989946777055,280500000.0,10891920.99933067,0.06653992395437269,0.03689687795648067,0.009380863039399667,362500000.0,-0.2262068965517241,225000000.0,0.2466666666666666,30.0,False
A61670501,덕천삼정그린코아,북구,덕천동,560.0,2007-12-24,18,660.0,1.1785714285714286,2.0,7.0,15.0,5,35.2140284510103,129.02011285035,부산광역시 북구 만덕대로155번길 15,True,0.026785714285714284,357000000.0,13964172.72855502,0.0625,-0.06128133704735372,0.013620071684587787,465000000.0,-0.23225806451612907,295000000.0,0.21016949152542375,3.0,False
A61672001,만덕대진,북구,만덕동,356.0,1979-08-31,47,217.0,0.6095505617977528,0.0,4.0,6.0,2,35.2139945921926,129.027429644979,부산광역시 북구 만덕1로 92,True,0.016853932584269662,,,,,,,,,,,
A61672002,만덕3휴먼시아,북구,만덕동,402.0,2009-11-11,16,408.0,1.0149253731343284,3.0,8.0,18.0,3,35.2135120517582,129.031393827958,부산광역시 북구 만덕1로51번길 11,True,0.04477611940298507,,,,,,,,,,,
A61672003,금정산센트럴포레,북구,만덕동,216.0,2011-10-06,14,220.0,1.0185185185185186,3.0,5.0,7.0,2,35.2135866505363,129.035128103305,부산광역시 북구 만덕1로 25-9,True,0.032407407407407406,,,,0.07352941176470584,-0.07236842105263153,473000000.0,-0.2283298097251586,333000000.0,0.09609609609609615,1.0,True
A61673103,쌍용스윗닷홈,북구,만덕동,600.0,2005-06-29,21,658.0,1.0966666666666667,4.0,7.0,19.0,3,35.2124756476365,129.030737502154,부산광역시 북구 만덕3로 49,True,0.03166666666666667,302250000.0,11736123.858068705,-0.025000000000000022,0.03333333333333344,-0.07083015993907082,397000000.0,-0.2002518891687658,255000000.0,0.2450980392156863,4.0,False
A61673301,화명현대,북구,화명동,240.0,1999-09-17,27,374.0,1.5583333333333333,2.0,4.0,7.0,2,35.2351114770405,129.017222935657,부산광역시 북구 화명대로 87,True,0.029166666666666667,,,,,,,,,,,
A61673302,삼한힐파크,북구,화명동,807.0,2003-11-06,22,878.0,1.0879801734820322,7.0,17.0,38.0,1,35.2355961916313,129.019849258614,부산광역시 북구 화명대로 119,True,0.04708798017348203,231500000.0,8988281.525754757,-0.02320675105485237,-0.0486815415821501,0.022146507666098714,312000000.0,-0.21474358974358976,210000000.0,0.16666666666666674,17.0,False
A61673303,화명대우,북구,화명동,316.0,2000-03-25,26,451.0,1.4272151898734178,2.0,6.0,11.0,3,35.2342271642497,129.019249112682,부산광역시 북구 화명대로 104,True,0.03481012658227848,297000000.0,11293166.027169967,0.00592718035563089,-0.11865671641791042,0.05176991150442478,362000000.0,-0.17403314917127077,240000000.0,0.24583333333333335,4.0,False
A61673304,동원로얄듀크,북구,화명동,1627.0,2004-11-30,21,1853.0,1.1389059618930546,16.0,37.0,89.0,3,35.2290967917765,129.014084050757,부산광역시 북구 금곡대로 228,True,0.054701905347264906,370000000.0,14365567.816421926,0.054131054131054235,0.004801097393690057,0.07658321060382911,460000000.0,-0.19565217391304346,284000000.0,0.30281690140845074,24.0,False
A61673305,화명유림,북구,화명동,506.0,2000-03-30,26,375.0,0.741106719367589,6.0,12.0,29.0,1,35.2350594490376,129.020400500987,부산광역시 북구 화명대로 110,True,0.05731225296442688,,,,,,,,,,,
A61673306,화명그린힐,북구,화명동,277.0,2003-05-01,23,283.0,1.0216606498194947,2.0,4.0,15.0,1,35.2323176560653,129.017722782897,부산광역시 북구 화명대로94번길 45,True,0.05415162454873646,,,,,,,,,,,
A61673307,화명그린파크맨션,북구,화명동,360.0,1988-12-02,37,207.0,0.575,1.0,3.0,12.0,1,35.2326561780843,129.014816003891,부산광역시 북구 금곡대로 280-9,True,0.03333333333333333,,,,,,,,,,,
A61673308,화명롯데캐슬카이저,북구,화명동,5239.0,2012-06-27,14,9063.0,1.7299102882229433,29.0,71.0,152.0,5,35.2263603201003,129.012210130511,부산광역시 북구 금곡대로 166,True,0.02901317045237641,669750000.0,26068689.87520972,-0.02581818181818185,0.006746626686656709,0.022900763358778553,785000000.0,-0.1490445859872611,512000000.0,0.3046875,18.0,False
A61673901,대우이안,북구,금곡동,215.0,2006-07-28,20,222.0,1.0325581395348837,1.0,3.0,7.0,1,35.2565111028652,129.011931841894,부산광역시 북구 금곡대로550번길 6,True,0.03255813953488372,312000000.0,12121683.049069505,0.16744621141253502,0.0608974358974359,0.024390243902439046,312000000.0,0.0,195000000.0,0.6000000000000001,3.0,False
A61673902,율리역벽산블루밍1단지,북구,금곡동,589.0,2014-03-29,12,652.0,1.1069609507640068,0.0,3.0,18.0,2,35.2489684522194,129.014089697572,부산광역시 북구 효열로 1,True,0.030560271646859084,,,,-0.02106649111257408,0.023744911804613356,542500000.0,-0.3299539170506912,336000000.0,0.08184523809523814,3.0,False
A61674703,코오롱,북구,화명동,450.0,1997-03-04,29,493.0,1.0955555555555556,1.0,4.0,10.0,2,35.2430508865362,129.023417097844,부산광역시 북구 양달로 80-11,True,0.022222222222222223,238000000.0,9241087.18672785,-0.008333333333333304,0.03239740820734349,-0.016528925619834656,287500000.0,-0.1721739130434783,208500000.0,0.14148681055155876,4.0,False
A61674912,화명뜨란채,북구,금곡동,981.0,2004-07-02,22,865.0,0.8817533129459735,9.0,29.0,62.0,3,35.242884949859,129.010879993085,부산광역시 북구 화명신도시로 219,True,0.06320081549439348,338000000.0,13171941.426546998,-0.023121387283236983,-0.04519774011299438,,430000000.0,-0.21395348837209305,310000000.0,0.0903225806451613,3.0,False
A61675204,구포대성아파트,북구,구포동,499.0,1986-07-25,40,272.0,0.5450901803607214,3.0,4.0,7.0,2,35.2006408139128,128.994132445749,부산광역시 북구 구남언덕로20번길 7,True,0.014028056112224449,,,,,,,,,,,
A61675505,동일,북구,만덕동,499.0,1998-12-02,27,533.0,1.0681362725450902,0.0,2.0,9.0,4,35.2162788522155,129.028435440996,부산광역시 북구 만덕1로104번가길 57,True,0.018036072144288578,,,,,0.039496279336004525,246000000.0,-0.07723577235772361,180000000.0,0.26111111111111107,0.0,True
A61675601,상록한신휴플러스,북구,만덕동,882.0,2006-03-31,20,882.0,1.0,6.0,9.0,31.0,2,35.203972397957,129.03263165167,부산광역시 북구 함박봉로140번길 16,True,0.035147392290249435,182000000.0,7066547.439759036,-0.2571428571428571,-0.11327649208282586,-0.09772727272727277,332000000.0,-0.4518072289156626,182000000.0,0.0,5.0,False
A61675806,삼성,북구,만덕동,600.0,1989-02-24,37,407.0,0.6783333333333333,1.0,6.0,12.0,3,35.2109245971145,129.036768960273,부산광역시 북구 만덕2로 10,True,0.02,242500000.0,9735401.459854014,-0.026104417670682722,-0.012219959266802416,-0.02400000000000002,397000000.0,-0.389168765743073,180000000.0,0.3472222222222223,5.0,False
A61676006,벽산삼협한솔,북구,금곡동,532.0,1995-05-27,31,597.0,1.1221804511278195,2.0,5.0,8.0,3,35.2660364322743,129.018303147659,부산광역시 북구 효열로 265,True,0.015037593984962405,224750000.0,8624629.338915052,-0.10099999999999998,0.04111842105263164,0.008849557522123908,307000000.0,-0.2679153094462541,170000000.0,0.32205882352941173,3.0,False
A61676316,금곡3단지주공,북구,금곡동,1484.0,1994-08-29,32,651.0,0.4386792452830189,6.0,16.0,39.0,2,35.2645788964271,129.021859138241,부산광역시 북구 효열로220번길 23,True,0.02628032345013477,,,,,,,,,,,
A61676509,금곡5단지주공,북구,금곡동,713.0,1994-11-05,31,236.0,0.33099579242636745,8.0,15.0,23.0,1,35.2499619789442,129.013375171263,부산광역시 북구 효열로37번길 22,True,0.03225806451612903,,,,,,,,,,,
A61676605,금곡6단지주공,북구,금곡동,504.0,1995-08-16,31,257.0,0.5099206349206349,3.0,7.0,15.0,1,35.2489583498651,129.015421319804,부산광역시 북구 효열로 40,True,0.02976190476190476,,,,,,,,,,,
A61676814,금곡9단지주공,북구,금곡동,1366.0,1996-05-06,30,536.0,0.3923865300146413,8.0,22.0,39.0,2,35.2582359902722,129.015202701014,부산광역시 북구 효열로 134,True,0.02855051244509517,,,,,,,,,,,
A61677013,화명한일유앤아이,북구,금곡동,1026.0,2002-02-08,24,1038.0,1.0116959064327486,10.0,18.0,50.0,2,35.2425002245561,129.012496205717,부산광역시 북구 화명신도시로 194,True,0.04873294346978557,331000000.0,13081437.125748504,0.04416403785488954,-0.1115646258503401,-0.005714285714285672,450000000.0,-0.2644444444444445,278000000.0,0.19064748201438841,11.0,False
A61677608,기비골마을,북구,덕천동,825.0,1994-09-23,31,459.0,0.5563636363636364,0.0,7.0,15.0,2,35.2160617248043,129.023770929231,부산광역시 북구 만덕1로104번길 29,True,0.01818181818181818,,,,,,,,,,,
A61678209,그린코아,북구,만덕동,1468.0,1991-01-28,35,1342.0,0.9141689373297003,3.0,10.0,29.0,4,35.2074079470518,129.030722714168,부산광역시 북구 덕천로234번길 47,True,0.019754768392370572,150000000.0,5844845.908607864,0.034482758620689724,-0.060509554140127375,-0.09638554216867468,255000000.0,-0.4117647058823529,131000000.0,0.1450381679389312,7.0,False
A61678706,럭키,북구,만덕동,900.0,1991-08-03,35,601.0,0.6677777777777778,2.0,11.0,18.0,2,35.2079235626477,129.028112471704,부산광역시 북구 덕천로 194,True,0.02,155000000.0,6069055.52918842,0.14814814814814814,0.18367346938775508,-0.07801418439716312,224000000.0,-0.3080357142857143,117000000.0,0.32478632478632474,9.0,False
A61678804,럭키2,북구,만덕동,714.0,1992-07-07,34,507.0,0.7100840336134454,5.0,12.0,21.0,1,35.2098416026819,129.027896884029,부산광역시 북구 덕천로234번길 34,True,0.029411764705882353,186000000.0,7226277.372262773,0.03333333333333344,-0.02659574468085102,0.012413793103448256,274000000.0,-0.3065693430656934,158000000.0,0.20253164556962022,12.0,False
A61679206,벽산강변타운,북구,화명동,1044.0,1995-11-17,30,940.0,0.9003831417624522,5.0,12.0,33.0,2,35.245398335453,129.01353176912,부산광역시 북구 양달로9번길 21,True,0.031609195402298854,246500000.0,9582400.753916834,0.0670995670995671,0.04978354978354971,0.04677060133630295,310000000.0,-0.24193548387096775,160000000.0,0.46875,9.0,False
A61679207,도시화명그린(295),북구,화명동,720.0,1996-04-27,30,407.0,0.5652777777777778,9.0,17.0,37.0,1,35.2449544851875,129.022813992369,부산광역시 북구 양달로 69,True,0.05138888888888889,,,,,,,,,,,
A61679208,경남아너스빌,북구,화명동,570.0,1998-12-24,27,758.0,1.3298245614035087,2.0,5.0,12.0,3,35.241106239451,129.015548138623,부산광역시 북구 대천천길 37,True,0.021052631578947368,370000000.0,14379931.692380166,0.019283746556473913,-0.008119079837618393,0.06695778748180503,450000000.0,-0.1777777777777778,290000000.0,0.27586206896551735,3.0,False
A61679209,도시화명그린(313),북구,화명동,390.0,1996-04-27,30,200.0,0.5128205128205128,1.0,4.0,8.0,1,35.2432282693769,129.02180874304,부산광역시 북구 양달로 80-18,True,0.020512820512820513,,,,,,,,,,,
A61680201,에이스타운,북구,구포동,164.0,1997-11-12,28,114.0,0.6951219512195121,0.0,0.0,4.0,3,35.2022489761702,128.999762466077,부산광역시 북구 백양대로 1098,True,0.024390243902439025,,,,,,212000000.0,0.0,212000000.0,0.0,0.0,True
A61680506,벽산그린필드,북구,구포동,238.0,1992-07-27,34,208.0,0.8739495798319328,2.0,2.0,3.0,4,35.1977933758362,129.011334266405,부산광역시 북구 모분재로105번길 53,True,0.012605042016806723,95000000.0,3688669.255206495,,-0.050000000000000044,-0.17021276595744683,155000000.0,-0.3870967741935484,95000000.0,0.0,1.0,True
A61680507,태평양그린,북구,구포동,299.0,1994-09-09,32,221.0,0.7391304347826086,0.0,1.0,3.0,3,35.1985094445072,129.011843877344,부산광역시 북구 모분재로149번길 53,True,0.010033444816053512,,,,-0.04390243902439028,-0.09090909090909094,137000000.0,-0.2846715328467153,98000000.0,0.0,1.0,True
A61680703,협진태양,북구,구포동,207.0,1997-12-24,28,259.0,1.251207729468599,1.0,1.0,3.0,4,35.1978202211816,128.995085475357,부산광역시 북구 백양대로 1025,True,0.014492753623188406,,,,,-0.08620689655172409,303000000.0,-0.12541254125412538,221000000.0,0.19909502262443435,0.0,True
A61680705,삼정그린코아,북구,구포동,668.0,1999-01-15,27,668.0,1.0,4.0,12.0,27.0,4,35.1955122900511,128.995071289777,부산광역시 북구 백양대로1016번길 10,True,0.040419161676646706,305000000.0,11874705.049551673,0.021775544388609624,0.009933774834437026,0.10363636363636353,410000000.0,-0.25609756097560976,245000000.0,0.24489795918367352,4.0,False
A61680707,구포현대,북구,구포동,1741.0,1994-02-28,32,918.0,0.527283170591614,12.0,27.0,51.0,3,35.1955368874101,128.993534496345,부산광역시 북구 백양대로 1003,True,0.02929350947731189,220000000.0,8558898.868391734,-0.08902691511387162,-0.08775409023301939,0.006250000000000089,368000000.0,-0.42934782608695654,184500000.0,0.1382113821138211,9.0,False
A61680901,벽산그린타운,북구,구포동,174.0,1993-09-27,32,92.0,0.5287356321839081,1.0,2.0,3.0,3,35.194748664288,129.013926977616,부산광역시 북구 시랑로182번길 19,True,0.017241379310344827,,,,,,167000000.0,-0.4011976047904192,100000000.0,0.0,0.0,True
A61680903,태경,북구,구포동,211.0,1992-09-08,34,195.0,0.9241706161137441,0.0,1.0,7.0,1,35.1944778929723,129.009777167194,부산광역시 북구 시랑로138번길 8,True,0.03317535545023697,,,,0.02238805970149249,0.2295454545454545,173000000.0,-0.20809248554913296,110000000.0,0.24545454545454537,1.0,True
A61680905,태평양,북구,구포동,232.0,1992-09-09,34,97.0,0.41810344827586204,0.0,0.0,1.0,1,35.1954063938298,129.013593012617,부산광역시 북구 시랑로 176,True,0.004310344827586207,,,,,,,,,,,
A61681001,유림2차(2),북구,금곡동,240.0,1994-12-06,31,242.0,1.0083333333333333,1.0,2.0,7.0,3,35.2632688745984,129.015996918577,부산광역시 북구 금곡대로616번길 57,True,0.029166666666666667,,,,-0.09196740395809078,-0.0800865800865801,248000000.0,-0.21370967741935487,180000000.0,0.08333333333333326,1.0,True
A61681003,유림2차(1),북구,금곡동,240.0,1994-11-30,31,240.0,1.0,1.0,1.0,3.0,3,35.2627469857172,129.017068871206,부산광역시 북구 효열로 193,True,0.0125,215000000.0,8010613.074404425,,-0.02714932126696834,-0.0444444444444444,245000000.0,-0.12244897959183676,180000000.0,0.19444444444444442,1.0,True
A61681107,금곡화목타운,북구,금곡동,576.0,1994-11-11,31,480.0,0.8333333333333334,2.0,10.0,18.0,1,35.2619495613495,129.019930267402,부산광역시 북구 효열로220번길 22,True,0.03125,,,,,,,,,,,
A61681108,협진태양·조성아파트,북구,금곡동,576.0,1994-10-17,31,390.0,0.6770833333333334,3.0,9.0,15.0,1,35.2615892682778,129.019418223118,부산광역시 북구 효열로162번길 41,True,0.026041666666666668,,,,,,,,,,,
A61681304,유림(1차),북구,금곡동,256.0,1994-10-06,31,169.0,0.66015625,3.0,5.0,10.0,2,35.252527794074,129.013096865724,부산광역시 북구 금곡대로470번길 33,True,0.0390625,165000000.0,6449893.390191898,-0.0060240963855421326,0.10299003322259126,-0.04477611940298509,200000000.0,-0.15000000000000002,130000000.0,0.3076923076923077,3.0,False
A61681501,승산벽산,북구,덕천동,180.0,1992-12-22,33,77.0,0.42777777777777776,0.0,2.0,2.0,2,35.2117199246877,129.02296796584,부산광역시 북구 만덕3로16번길 51,True,0.011111111111111112,,,,,0.1307420494699647,191000000.0,-0.16230366492146597,141500000.0,0.1307420494699647,1.0,True
A61681502,한성,북구,덕천동,340.0,1983-04-02,43,52.0,0.15294117647058825,0.0,5.0,9.0,1,35.2118779302876,129.020678850629,부산광역시 북구 만덕대로142번길 31,True,0.026470588235294117,,,,,,,,,,,
A61681904,대방,북구,덕천동,280.0,1993-12-28,32,239.0,0.8535714285714285,2.0,3.0,8.0,4,35.2115938954906,129.015002865562,부산광역시 북구 만덕대로90번길 13,True,0.02857142857142857,,,,,-0.08015267175572516,275000000.0,-0.09090909090909094,200000000.0,0.25,0.0,True
A61682301,청우파크맨션,북구,덕천동,173.0,1993-02-20,33,109.0,0.630057803468208,0.0,1.0,4.0,1,35.2102201319472,129.016881987485,부산광역시 북구 덕천로 107,True,0.023121387283236993,,,,-0.09999999999999998,,220000000.0,-0.30454545454545456,150000000.0,0.020000000000000018,1.0,True
A61682303,덕천주공1,북구,덕천동,1320.0,1991-10-30,34,368.0,0.2787878787878788,3.0,10.0,20.0,2,35.2063338690432,129.012317564896,부산광역시 북구 덕천로 72,True,0.015151515151515152,,,,,,,,,,,
A61682501,만덕현대,북구,만덕동,211.0,1997-06-03,29,161.0,0.7630331753554502,2.0,4.0,8.0,2,35.212323894117,129.028544990633,부산광역시 북구 만덕3로 45,True,0.037914691943127965,,,,-0.03482587064676612,,255000000.0,-0.23921568627450984,174120000.0,0.1141741327819894,1.0,True
A61682607,대성타워,북구,만덕동,816.0,1991-11-22,34,542.0,0.6642156862745098,7.0,12.0,25.0,2,35.2118089608169,129.035126434691,부산광역시 북구 덕천로259번길 30,True,0.030637254901960783,226000000.0,8796886.058032554,-0.017391304347826098,0.0604651162790697,-0.021590909090909105,315000000.0,-0.3222222222222222,181000000.0,0.1795580110497237,9.0,False
A61682702,유림노르웨이숲,북구,만덕동,218.0,2003-07-08,23,220.0,1.0091743119266054,0.0,6.0,13.0,2,35.2093716980131,129.041145777591,부산광역시 북구 덕천로 345,True,0.05963302752293578,,,,-0.02066115702479343,-0.08227848101265822,229000000.0,-0.20305676855895194,173000000.0,0.054913294797687806,4.0,False
A61682802,만덕2주공,북구,만덕동,360.0,2001-11-02,24,280.0,0.7777777777777778,3.0,5.0,10.0,3,35.2138791865827,129.033947631591,부산광역시 북구 만덕1로 25-12,True,0.027777777777777776,266500000.0,10427436.566279344,0.005660377358490676,0.022115384615384537,0.04761904761904767,298000000.0,-0.10570469798657722,217500000.0,0.22528735632183916,3.0,False
A61682804,협성파크,북구,만덕동,445.0,1997-10-04,28,365.0,0.8202247191011236,4.0,6.0,11.0,4,35.2147368682937,129.02840903516,부산광역시 북구 만덕1로 82,True,0.024719101123595506,195000000.0,7579505.300353356,-0.08018867924528306,0.05128205128205132,-0.014778325123152691,240000000.0,-0.1875,190000000.0,0.026315789473684292,3.0,False
A61682902,벽산라인훼미리,북구,만덕동,322.0,1994-11-14,31,271.0,0.8416149068322981,2.0,2.0,6.0,3,35.2117353739109,129.025309474486,부산광역시 북구 만덕대로178번길 29,True,0.018633540372670808,230000000.0,8930462.40734204,,0.08490566037735858,,230000000.0,0.0,195000000.0,0.17948717948717952,1.0,True
A61682907,동원,북구,만덕동,988.0,1992-12-23,33,376.0,0.3805668016194332,2.0,10.0,30.0,3,35.209485655516,129.030615805591,부산광역시 북구 덕천로234번길 7,True,0.030364372469635626,,,,0.12149532710280364,-0.08056872037914697,286000000.0,-0.26573426573426573,174500000.0,0.20343839541547282,1.0,True
A61682908,벽산라인타운,북구,만덕동,1166.0,1998-12-14,27,1173.0,1.0060034305317325,4.0,8.0,27.0,4,35.2102722134884,129.023603697746,부산광역시 북구 덕천로 182,True,0.023156089193825044,,,,-0.06950672645739908,-0.021590909090909105,294000000.0,-0.29421768707483,207500000.0,0.0,2.0,True
A61683003,만덕베르빌,북구,만덕동,430.0,2001-07-31,25,357.0,0.8302325581395349,1.0,4.0,16.0,2,35.2134632665354,129.03774784349,부산광역시 북구 만덕1로 8,True,0.037209302325581395,,,,0.22807017543859653,-0.02935010482180289,290000000.0,-0.03448275862068961,209000000.0,0.3397129186602872,1.0,True
A61683302,도시화명그린(206),북구,화명동,400.0,1996-06-08,30,263.0,0.6575,5.0,9.0,23.0,1,35.2431536155592,129.017384479827,부산광역시 북구 양달로 53,True,0.0575,,,,,,,,,,,
A61683305,그린숲속아파트,북구,화명동,900.0,1996-06-08,30,544.0,0.6044444444444445,8.0,17.0,37.0,1,35.240429013506,129.02353823947,부산광역시 북구 산성로 88,True,0.04111111111111111,,,,,,,,,,,
A61683602,삼경장미,북구,구포동,181.0,1995-02-24,31,97.0,0.5359116022099447,0.0,2.0,4.0,2,35.2037969387401,129.006768472109,부산광역시 북구 시랑로21번길 50,True,0.022099447513812154,,,,0.1576923076923078,0.14942528735632177,151000000.0,-0.0066225165562914245,127500000.0,0.17647058823529416,2.0,True
A61684110,화명리버빌2차,북구,금곡동,722.0,2003-06-17,23,735.0,1.018005540166205,3.0,12.0,27.0,2,35.2461885230218,129.011659906096,부산광역시 북구 화명신도시로 244,True,0.037396121883656507,309000000.0,12306532.566214887,-0.06927710843373491,0.014128728414442682,0.09658119658119668,405000000.0,-0.20246913580246917,186000000.0,0.7365591397849462,10.0,False
A61685214,코오롱하늘채2차,북구,화명동,1344.0,2002-12-06,23,1582.0,1.1770833333333333,4.0,15.0,41.0,4,35.2315659682026,129.012318725109,부산광역시 북구 화명신도시로 100,True,0.03050595238095238,561000000.0,21796668.040266085,0.10000000000000009,0.0326923076923078,0.03525954946131238,600000000.0,-0.10499999999999998,370000000.0,0.4513513513513514,3.0,False
A61701002,한일유엔아이,사상구,주례동,988.0,2005-02-03,21,1346.0,1.3623481781376519,7.0,13.0,27.0,3,35.1546524398987,129.010150704999,부산광역시 사상구 백양대로 372-15,True,0.027327935222672066,279750000.0,10943278.80512091,0.1656249999999999,-0.08947368421052626,-0.05258620689655169,360500000.0,-0.16782246879334262,240000000.0,0.25,4.0,False
A61703003,신엄궁대동,사상구,엄궁동,358.0,1998-05-01,28,306.0,0.8547486033519553,0.0,1.0,4.0,2,35.1239178199351,128.973460566942,부산광역시 사상구 엄궁남로 43,True,0.0111731843575419,,,,,-0.05013192612137207,237000000.0,-0.240506329113924,169000000.0,0.06508875739644981,0.0,True
A61704001,벽산하나로타운,사상구,덕포동,273.0,1994-10-12,31,245.0,0.8974358974358975,0.0,3.0,5.0,1,35.1734555329091,128.991171353937,부산광역시 사상구 덕상로 26-14,True,0.018315018315018316,,,,0.16666666666666674,0.02564102564102555,180000000.0,-0.19444444444444442,115000000.0,0.26086956521739135,3.0,False
A61704002,덕포동벽산블루밍,사상구,덕포동,350.0,2006-01-18,20,358.0,1.022857142857143,3.0,6.0,13.0,2,35.1753871522419,128.987235551857,부산광역시 사상구 사상로342번길 39,True,0.037142857142857144,307500000.0,11943926.223671278,-0.05092592592592593,-0.05660377358490565,-0.003076923076923088,390000000.0,-0.2435897435897436,270000000.0,0.09259259259259256,3.0,False
A61708002,창신그린힐,사상구,모라동,150.0,1993-07-15,33,145.0,0.9666666666666667,0.0,0.0,4.0,1,35.1872033810613,128.992873667773,부산광역시 사상구 백양대로902번길 46,True,0.02666666666666667,,,,,-0.1132075471698113,153500000.0,-0.3876221498371335,77000000.0,0.22077922077922074,0.0,True
A61770101,경동윈츠빌,사상구,주례동,312.0,2004-09-14,22,155.0,0.4967948717948718,1.0,1.0,5.0,3,35.1494086692682,129.013391522802,부산광역시 사상구 냉정로 120,True,0.016025641025641024,,,,,,,,,,,
A61772809,학산그린타운,사상구,모라동,163.0,1993-11-13,32,128.0,0.7852760736196319,0.0,1.0,1.0,1,35.1853053215324,128.99358603269,부산광역시 사상구 모라로 136-20,True,0.006134969325153374,,,,,,,,,,,
A61772810,모라리버빌,사상구,모라동,161.0,2005-06-17,21,184.0,1.1428571428571428,1.0,2.0,9.0,1,35.1900078501784,128.98906930168,부산광역시 사상구 사상로 512,True,0.055900621118012424,,,,,,,,,,,
A61775202,백양그린,사상구,모라동,1080.0,1992-07-08,34,750.0,0.6944444444444444,2.0,11.0,20.0,1,35.1827483234958,128.99375110875,부산광역시 사상구 모라로110번길 88,True,0.018518518518518517,,,,,,,,,,,
A61775401,주공4,사상구,모라동,900.0,1993-07-24,33,356.0,0.39555555555555555,3.0,9.0,23.0,1,35.1837852373414,129.001554178679,부산광역시 사상구 모라로192번길 50,True,0.025555555555555557,,,,,,,,,,,
A61775706,우성,사상구,모라동,796.0,1989-07-20,37,306.0,0.3844221105527638,4.0,5.0,13.0,3,35.1884675454805,128.992227465024,부산광역시 사상구 백양대로 906,True,0.016331658291457288,,,,,-0.0888888888888889,299000000.0,-0.31438127090301005,165000000.0,0.24242424242424243,0.0,True
A61775901,한신,사상구,괘법동,434.0,1994-12-14,31,361.0,0.8317972350230415,3.0,6.0,9.0,3,35.1679519256883,128.980954474456,부산광역시 사상구 낙동대로1210번길 53,True,0.020737327188940093,312500000.0,12134494.322527504,0.1837121212121211,,0.036870503597122406,360000000.0,-0.13194444444444442,235000000.0,0.32978723404255317,2.0,True
A61776003,괘법한신2,사상구,괘법동,1094.0,1998-07-13,28,1096.0,1.0018281535648994,3.0,16.0,41.0,4,35.1679724796601,128.978429393566,부산광역시 사상구 낙동대로1210번길 33,True,0.037477148080438755,395000000.0,15342514.124293786,0.09266943291839547,0.06511791622668084,0.06368960468521223,408000000.0,-0.031862745098039214,270000000.0,0.462962962962963,3.0,False
A61776104,반도보라,사상구,주례동,1206.0,1996-09-25,29,1133.0,0.939469320066335,8.0,15.0,38.0,4,35.1550766261996,129.013063989359,부산광역시 사상구 백양대로 372-22,True,0.03150912106135987,190750000.0,7406459.58348041,-0.1199538638985006,0.043209876543209846,-0.021126760563380254,285000000.0,-0.3929824561403509,173000000.0,0.0,9.0,False
A61776303,럭키주례1,사상구,주례동,2293.0,1987-04-11,39,547.0,0.23855211513301353,4.0,8.0,30.0,4,35.1487520361794,129.002919863298,부산광역시 사상구 가야대로284번길 12,True,0.013083296990841693,,,,-0.0778097982708934,-0.13037974683544307,540000000.0,-0.40740740740740744,285000000.0,0.12280701754385959,1.0,True
A61776508,엄궁대림,사상구,엄궁동,741.0,1999-08-14,27,748.0,1.00944669365722,1.0,5.0,15.0,3,35.1295673473089,128.97684813444,부산광역시 사상구 엄궁로 158,True,0.020242914979757085,,,,,-0.04435483870967738,294000000.0,-0.19047619047619047,202500000.0,0.1753086419753087,0.0,True
A61776509,롯데캐슬,사상구,엄궁동,1852.0,2010-05-27,16,2675.0,1.4443844492440605,3.0,14.0,38.0,5,35.1277999596243,128.974847188702,부산광역시 사상구 엄궁북로 62,True,0.020518358531317494,320000000.0,12424523.373634595,-0.06637490882567465,-0.11428571428571432,-0.040000000000000036,460000000.0,-0.30434782608695654,287750000.0,0.11207645525629895,6.0,False
A61776710,엄궁2차한신,사상구,엄궁동,1016.0,1999-08-31,27,1064.0,1.047244094488189,7.0,16.0,31.0,4,35.1245195206599,128.96924125613,부산광역시 사상구 엄궁로 40,True,0.03051181102362205,180000000.0,6996466.431095406,-0.25,-0.08695652173913049,0.045454545454545414,284000000.0,-0.3661971830985915,180000000.0,0.0,2.0,True
A61776811,코오롱,사상구,엄궁동,1158.0,1999-06-24,27,1167.0,1.0077720207253886,6.0,14.0,28.0,4,35.1260767796699,128.978290411866,부산광역시 사상구 엄궁로 142,True,0.024179620034542316,235000000.0,9139658.220388923,0.0,-0.08382066276803124,-0.020408163265306145,290000000.0,-0.18965517241379315,203250000.0,0.15621156211562126,4.0,False
A61776907,금강,사상구,학장동,730.0,1992-10-27,33,504.0,0.6904109589041096,2.0,7.0,16.0,2,35.1358794055547,128.978779697713,부산광역시 사상구 대동로64번길 25,True,0.021917808219178082,130000000.0,5058365.758754863,0.040000000000000036,-0.1349480968858131,-0.052631578947368474,192000000.0,-0.375,107000000.0,0.12149532710280364,7.0,False
A61777010,학장무학,사상구,학장동,893.0,1997-07-03,29,676.0,0.7569988801791714,5.0,7.0,15.0,2,35.1362175376004,128.977029451148,부산광역시 사상구 대동로 84,True,0.0167973124300112,250000000.0,9716170.062419033,0.13636363636363646,0.009667024704618665,-0.07455268389662029,304000000.0,-0.17763157894736847,220000000.0,0.13636363636363646,2.0,True
A61777105,학장벽산,사상구,학장동,526.0,1994-05-10,32,565.0,1.0741444866920151,2.0,4.0,10.0,1,35.139171124521,128.989449393156,부산광역시 사상구 학감대로 105-21,True,0.019011406844106463,,,,,,,,,,,
A61777312,반도보라타운,사상구,학장동,998.0,1994-08-29,32,945.0,0.9468937875751503,10.0,18.0,23.0,3,35.137291276807,128.979171839774,부산광역시 사상구 대동로 98,True,0.023046092184368736,198500000.0,7715547.703180211,0.06149732620320858,0.0332446808510638,-0.08653846153846156,250000000.0,-0.24,150000000.0,0.2666666666666666,8.0,False
A61777409,학장대림,사상구,학장동,825.0,1991-07-13,35,698.0,0.8460606060606061,2.0,4.0,11.0,3,35.1353202094785,128.992240607716,부산광역시 사상구 학감대로49번길 62,True,0.013333333333333334,,,,-0.10945945945945945,0.03629629629629627,195000000.0,-0.3241025641025641,113000000.0,0.16637168141592928,1.0,True
A61777411,학장동삼정그린코아아파트,사상구,학장동,511.0,2014-04-28,12,509.0,0.9960861056751468,1.0,6.0,16.0,3,35.1409900883449,128.985036725874,부산광역시 사상구 학감대로123번길 67,True,0.03131115459882583,,,,,,426000000.0,-0.06103286384976525,350000000.0,0.1428571428571428,1.0,True
A61777502,학장극동,사상구,학장동,299.0,1994-02-21,32,209.0,0.6989966555183946,1.0,1.0,5.0,3,35.1389325373556,128.987569140492,부산광역시 사상구 학감대로 109-43,True,0.016722408026755852,,,,,0.0888888888888888,182000000.0,-0.1923076923076923,125000000.0,0.17599999999999993,0.0,True
A61777711,목화,사상구,학장동,999.0,1993-07-19,33,650.0,0.6506506506506506,1.0,5.0,17.0,1,35.1382011582213,128.980514178446,부산광역시 사상구 대동로 104-8,True,0.01701701701701702,,,,,,,,,,,
A61777803,1차삼성,사상구,학장동,416.0,1997-11-11,28,282.0,0.6778846153846154,2.0,5.0,12.0,3,35.1389251389142,128.983649692946,부산광역시 사상구 대동로 148-29,True,0.028846153846153848,,,,,0.09195402298850586,245000000.0,-0.22448979591836737,150000000.0,0.2666666666666666,1.0,True
A61777806,학장동2차삼성,사상구,학장동,549.0,1999-02-03,27,560.0,1.0200364298724955,2.0,8.0,16.0,3,35.140493632359,128.98369423114,부산광역시 사상구 학감대로123번길 75,True,0.029143897996357013,,,,-0.12871287128712872,-0.12176414189837004,289500000.0,-0.20552677029360966,135000000.0,0.7037037037037037,3.0,False
A61777902,덕포청구,사상구,덕포동,432.0,2001-01-20,25,479.0,1.1087962962962963,1.0,2.0,8.0,4,35.1697209363564,128.990412125946,부산광역시 사상구 백양대로700번길 23,True,0.018518518518518517,,,,,0.05263157894736836,290000000.0,-0.1724137931034483,190000000.0,0.26315789473684204,0.0,True
A61777903,덕포경동메르빌,사상구,덕포동,517.0,2013-06-25,13,577.0,1.11605415860735,5.0,11.0,21.0,2,35.1709535797598,128.990175265967,부산광역시 사상구 덕상로 8-37,True,0.04061895551257253,265000000.0,10618585.74280316,-0.016697588126159513,-0.011029411764705843,0.011257035647279645,325000000.0,-0.18461538461538463,240000000.0,0.10416666666666674,4.0,False
A61778004,덕포늘푸른,사상구,덕포동,486.0,1996-12-18,29,357.0,0.7345679012345679,0.0,1.0,10.0,3,35.1755718975121,128.986230185902,부산광역시 사상구 사상로342번길 21,True,0.0205761316872428,,,,,0.004484304932735439,303000000.0,-0.07590759075907594,240000000.0,0.16666666666666674,0.0,True
A61778005,벽산신익타운,사상구,덕포동,420.0,1994-08-11,32,328.0,0.780952380952381,1.0,3.0,8.0,2,35.1726175674992,128.989436702177,부산광역시 사상구 덕상로 20,True,0.01904761904761905,125000000.0,4858371.1206642715,-0.21383647798742134,0.1407942238267148,-0.0770491803278689,185000000.0,-0.32432432432432434,110000000.0,0.13636363636363646,3.0,False
A61778201,동양한신,사상구,삼락동,431.0,1995-03-25,31,288.0,0.6682134570765661,2.0,6.0,12.0,4,35.1695341741381,128.980069554123,부산광역시 사상구 운산로 25,True,0.027842227378190254,,,,,-0.048979591836734726,329000000.0,-0.29179331306990886,233000000.0,0.0,1.0,True
A61778306,엄궁,사상구,엄궁동,460.0,1983-11-25,42,286.0,0.6217391304347826,2.0,2.0,11.0,1,35.1305712919636,128.974221283619,부산광역시 사상구 엄궁로 202,True,0.02391304347826087,,,,,,,,,,,
A61778405,엄궁럭키,사상구,엄궁동,441.0,1993-09-27,32,273.0,0.6190476190476191,0.0,1.0,4.0,2,35.1344278091787,128.976619769235,부산광역시 사상구 대동로 34-25,True,0.009070294784580499,,,,-0.04516129032258065,0.0,180000000.0,-0.1777777777777778,120000000.0,0.2333333333333334,1.0,True
A61778507,쌍용스윗닷홈,사상구,엄궁동,607.0,2005-11-24,20,615.0,1.013179571663921,3.0,5.0,14.0,3,35.1250308671541,128.976622970664,부산광역시 사상구 엄궁로 100,True,0.023064250411861616,272500000.0,10583906.812187294,,-0.08403361344537819,-0.008403361344537785,385000000.0,-0.29220779220779225,240000000.0,0.13541666666666674,2.0,True
A61778608,주례청구,사상구,주례동,831.0,2002-01-29,24,870.0,1.0469314079422383,1.0,3.0,15.0,4,35.1552456958258,129.001149167372,부산광역시 사상구 백양대로494번길 38,True,0.018050541516245487,,,,-0.05660377358490565,0.014778325123152802,262500000.0,-0.23809523809523814,175000000.0,0.1428571428571428,1.0,True
A61780802,사상강변동원,사상구,괘법동,600.0,1999-12-03,26,617.0,1.0283333333333333,5.0,10.0,25.0,3,35.1666822659555,128.978103908759,부산광역시 사상구 낙동대로1210번길 34,True,0.041666666666666664,310000000.0,12055149.658260664,-0.21319796954314718,0.06626506024096379,-0.0037509377344335793,400000000.0,-0.22499999999999998,285000000.0,0.08771929824561409,4.0,False
A61781003,부원파크타운,사상구,덕포동,420.0,1989-06-23,37,93.0,0.22142857142857142,1.0,2.0,3.0,4,35.1812758627065,128.990812442816,부산광역시 사상구 백양대로804번길 31,True,0.007142857142857143,,,,,,150000000.0,0.0,121500000.0,0.23456790123456783,0.0,True
A61781005,자유,사상구,덕포동,780.0,1989-07-20,37,382.0,0.4897435897435897,2.0,8.0,16.0,6,35.1800236911017,128.988750208023,부산광역시 사상구 백양대로 820,True,0.020512820512820513,,,,,0.17582417582417587,215000000.0,-0.0046511627906976605,134000000.0,0.5970149253731343,1.0,True
A61781102,오양힐타운,사상구,덕포동,352.0,1992-09-22,33,229.0,0.6505681818181818,0.0,6.0,13.0,3,35.1719967947986,128.989538130222,부산광역시 사상구 덕상로 8-35,True,0.036931818181818184,,,,0.0940766550522647,-0.04854368932038833,200000000.0,-0.16500000000000004,134000000.0,0.24626865671641784,6.0,False
A61781201,남영,사상구,덕포동,400.0,1993-07-03,33,118.0,0.295,2.0,6.0,15.0,2,35.1704770303418,128.989051453797,부산광역시 사상구 백양대로 716,True,0.0375,,,,,,,,,,,
A61781801,무학,사상구,모라동,205.0,1990-01-15,36,90.0,0.43902439024390244,0.0,0.0,4.0,1,35.1819396699118,128.988723026366,부산광역시 사상구 백양대로 846,True,0.01951219512195122,,,,,0.034482758620689724,183000000.0,-0.180327868852459,120030000.0,0.2496875781054737,0.0,True
A61781802,우성2차,사상구,모라동,220.0,1996-06-14,30,178.0,0.8090909090909091,2.0,2.0,3.0,2,35.1900069299791,128.995028973027,부산광역시 사상구 백양대로934번길 52-30,True,0.013636363636363636,185000000.0,7189965.846190083,,,0.06936416184971095,200000000.0,-0.07499999999999996,150000000.0,0.2333333333333334,1.0,True
A61781803,화인,사상구,모라동,245.0,1995-04-24,31,175.0,0.7142857142857143,3.0,7.0,12.0,3,35.190158656909,128.993406032582,부산광역시 사상구 백양대로934번길 48,True,0.04897959183673469,,,,,,197500000.0,-0.17721518987341767,160000000.0,0.015625,0.0,True
A61781804,삼정그린코아,사상구,모라동,438.0,1993-04-12,33,280.0,0.639269406392694,4.0,6.0,10.0,3,35.1888962384488,128.992911504029,부산광역시 사상구 백양대로934번길 20,True,0.0228310502283105,171000000.0,6639604.659371691,,-0.02285714285714291,0.020710059171597628,217000000.0,-0.14746543778801846,145000000.0,0.27586206896551735,3.0,False
A61781805,모라벽산,사상구,모라동,780.0,2001-09-15,25,797.0,1.0217948717948717,3.0,7.0,17.0,3,35.1916790424881,128.994105140325,부산광역시 사상구 백양대로934번길 84,True,0.021794871794871794,223000000.0,8667844.522968197,0.020594965675057253,0.05119047619047623,0.08271604938271615,260000000.0,-0.14230769230769236,185000000.0,0.2054054054054053,2.0,True
A61781807,모라동원타운,사상구,모라동,1110.0,1989-07-31,37,620.0,0.5585585585585585,2.0,15.0,33.0,3,35.1840225616711,128.989928866593,부산광역시 사상구 백양대로 879,True,0.02972972972972973,,,,-0.03441295546558709,0.2350000000000001,305000000.0,-0.1885245901639344,177500000.0,0.3943661971830985,5.0,False
A61781808,우신모라,사상구,모라동,1620.0,1992-06-16,34,866.0,0.5345679012345679,8.0,19.0,49.0,3,35.1831129739702,128.991284797338,부산광역시 사상구 백양대로 880,True,0.030246913580246913,,,,,,,,,,,
A61782802,삼성타워,사상구,엄궁동,208.0,1993-11-13,32,139.0,0.6682692307692307,0.0,3.0,7.0,2,35.1349025228323,128.977692717283,부산광역시 사상구 대동로64번길 40,True,0.03365384615384615,,,,-0.12549019607843137,-0.04580152671755722,165000000.0,-0.406060606060606,98000000.0,0.0,2.0,True
A61782804,무학다솜,사상구,엄궁동,387.0,2000-03-31,26,288.0,0.7441860465116279,2.0,3.0,8.0,2,35.1356740271724,128.976521878121,부산광역시 사상구 대동로64번길 22,True,0.020671834625323,,,,,,,,,,,
A61782901,엄궁한신1차,사상구,엄궁동,200.0,1998-06-02,28,203.0,1.015,1.0,1.0,5.0,2,35.1250310383356,128.968181589125,부산광역시 사상구 낙동대로 712-17,True,0.025,200000000.0,7771563.143950543,,0.02171136653895278,-0.09090909090909094,263300000.0,-0.24041017850360802,160000000.0,0.25,1.0,True
A61783201,주례한효,사상구,주례동,379.0,1996-10-31,29,294.0,0.7757255936675461,2.0,2.0,5.0,2,35.1554849768216,129.014227515264,부산광역시 사상구 백양대로342번길 50,True,0.013192612137203167,190000000.0,7377338.51041299,,,0.06145251396648055,224000000.0,-0.1517857142857143,150000000.0,0.2666666666666666,1.0,True
A61783202,엘지신주례2,사상구,주례동,874.0,1996-10-26,29,931.0,1.065217391304348,3.0,13.0,26.0,3,35.1538797351637,129.012849826569,부산광역시 사상구 백양대로342번길 17,True,0.029748283752860413,,,,-0.07017543859649122,-0.08637873754152825,347500000.0,-0.237410071942446,245000000.0,0.08163265306122458,3.0,False
A61783203,엘지신주례1,사상구,주례동,953.0,1996-10-26,29,931.0,0.9769150052465897,3.0,15.0,22.0,3,35.1547989827619,129.015740088934,부산광역시 사상구 백양대로342번길 16,True,0.023084994753410283,,,,,0.07636363636363641,372500000.0,-0.2053691275167785,254000000.0,0.16535433070866135,1.0,True
A61783402,현대무지개타운,사상구,주례동,977.0,1993-09-03,33,606.0,0.6202661207778914,2.0,4.0,19.0,3,35.144962255294,129.004988674681,부산광역시 사상구 주례로 93,True,0.019447287615148412,160000000.0,6212495.587716202,,-0.10863509749303624,-0.07383419689119175,235000000.0,-0.3191489361702128,146000000.0,0.09589041095890405,1.0,True
A61783601,주례2차동일,사상구,주례동,232.0,1998-12-31,27,239.0,1.0301724137931034,1.0,1.0,4.0,3,35.1544167811806,129.002169732662,부산광역시 사상구 양지로42번길 13,True,0.017241379310344827,,,,,,275000000.0,-0.13090909090909086,208000000.0,0.14903846153846145,0.0,True
A61783603,현대,사상구,주례동,259.0,1989-05-24,37,182.0,0.7027027027027027,1.0,3.0,5.0,2,35.1546316735451,129.002798799202,부산광역시 사상구 양지로30번길 5,True,0.019305019305019305,,,,,-0.20884520884520885,250000000.0,-0.33999999999999997,157000000.0,0.05095541401273884,2.0,True
A61783605,벽산신화,사상구,주례동,383.0,1993-04-06,33,230.0,0.6005221932114883,0.0,3.0,3.0,4,35.1544487144931,128.995331112121,부산광역시 사상구 백양대로 515,True,0.007832898172323759,,,,,,198000000.0,-0.09090909090909094,169500000.0,0.06194690265486735,0.0,True
A61783606,대성,사상구,주례동,420.0,1988-02-02,38,197.0,0.46904761904761905,1.0,1.0,5.0,2,35.1529714248882,129.004766175431,부산광역시 사상구 양지로 3,True,0.011904761904761904,,,,,,,,,,,
A61783607,주례1차동일,사상구,주례동,498.0,1998-12-05,27,536.0,1.0763052208835342,0.0,6.0,10.0,5,35.1539143027077,128.999419415161,부산광역시 사상구 백양대로494번길 10,True,0.020080321285140562,,,,,0.03173076923076934,300000000.0,-0.05500000000000005,215000000.0,0.3186046511627907,0.0,True
A61783801,주례벽산,사상구,주례동,263.0,1992-10-20,33,138.0,0.5247148288973384,0.0,1.0,1.0,2,35.1450091108767,129.001212578189,부산광역시 사상구 주례로139번길 8,True,0.0038022813688212928,,,,,0.0,175000000.0,-0.1428571428571429,140000000.0,0.0714285714285714,1.0,True
A61784101,구덕극동,사상구,학장동,274.0,1996-08-28,30,141.0,0.5145985401459854,3.0,4.0,9.0,3,35.1386601407187,128.993419177982,부산광역시 사상구 학감대로 62,True,0.032846715328467155,135000000.0,5246113.989637306,0.03846153846153855,-0.08450704225352113,-0.07999999999999996,176000000.0,-0.11931818181818177,115000000.0,0.34782608695652173,3.0,False
A61784104,학장동양,사상구,학장동,442.0,1984-11-01,41,250.0,0.5656108597285068,0.0,1.0,3.0,3,35.143605701898,128.991025185472,부산광역시 사상구 주례로 232,True,0.006787330316742082,,,,,,,,,,,
A61784208,신구덕우성,사상구,학장동,763.0,2000-09-04,26,769.0,1.0078636959370904,3.0,4.0,18.0,5,35.1400838571199,128.986955453872,부산광역시 사상구 학감대로 109-16,True,0.023591087811271297,255000000.0,9903495.35130046,-0.0077821011673151474,0.050256410256410255,0.05785123966942152,284000000.0,-0.102112676056338,210000000.0,0.2142857142857142,2.0,True
A61784213,구학마을,사상구,학장동,1110.0,1992-06-08,34,597.0,0.5378378378378378,4.0,11.0,23.0,1,35.1369601745874,128.991692452782,부산광역시 사상구 학감대로49번길 28-19,True,0.02072072072072072,,,,,,,,,,,
A61785102,주례제일타워맨션,사상구,주례동,246.0,1993-08-21,33,237.0,0.9634146341463414,0.0,2.0,5.0,1,35.1550139474922,128.996740877387,부산광역시 사상구 백양대로506번길 15,True,0.02032520325203252,,,,-0.10730948678071539,,225000000.0,-0.33333333333333337,137000000.0,0.0948905109489051,2.0,True
A61820001,롯데캐슬,강서구,명지동,1122.0,2008-12-11,17,1680.0,1.4973262032085561,9.0,13.0,29.0,3,35.0839924873696,128.904987654806,부산광역시 강서구 명지오션시티11로 84,True,0.025846702317290554,324000000.0,12587708.971038379,0.062295081967213006,0.017377567140600236,-0.07356154406409321,424000000.0,-0.23113207547169812,248000000.0,0.314516129032258,9.0,False
A61823002,지사금강펜테리움,강서구,지사동,1111.0,2013-11-19,12,1117.0,1.0054005400540054,6.0,33.0,55.0,1,35.1508946511378,128.838986989043,부산광역시 강서구 과학산단2로20번길 69,True,0.04950495049504951,,,,,,,,,,,
A61829001,부산신호윌더하임,강서구,신호동,671.0,2005-11-07,20,863.0,1.286140089418778,2.0,9.0,29.0,3,35.0885594778617,128.878041264508,부산광역시 강서구 신호삼로 55,True,0.043219076005961254,,,,0.03864734299516903,-0.045454545454545414,275000000.0,-0.23636363636363633,170000000.0,0.23529411764705888,4.0,False
A61870404,퀸덤1차아인슈타인타운,강서구,명지동,1112.0,2009-05-01,17,1576.0,1.4172661870503598,4.0,14.0,38.0,3,35.0863723143638,128.899846498513,부산광역시 강서구 명지오션시티11로 51,True,0.0341726618705036,,,,0.06294820717131477,-0.06617647058823528,427000000.0,-0.2740046838407494,260000000.0,0.1923076923076923,6.0,False
A61870405,퀸덤1차링컨타운,강서구,명지동,1102.0,2009-05-01,17,1556.0,1.411978221415608,4.0,9.0,21.0,3,35.0863938157981,128.896787329086,부산광역시 강서구 명지오션시티10로 16,True,0.019056261343012703,310000000.0,12057991.513437057,-0.07462686567164178,0.0,0.0078125,420000000.0,-0.26190476190476186,258000000.0,0.20155038759689914,2.0,True
A61870406,퀸덤1차에디슨타운,강서구,명지동,652.0,2009-05-01,17,941.0,1.4432515337423313,3.0,5.0,9.0,3,35.0881501153806,128.897360747756,부산광역시 강서구 명지오션시티10로 17,True,0.013803680981595092,382000000.0,14863813.229571983,0.3172413793103448,0.04510108864696738,0.004687499999999956,415000000.0,-0.07951807228915664,250250000.0,0.5264735264735265,2.0,True
A61870410,명지두산위브포세이돈,강서구,명지동,1256.0,2013-03-15,13,1449.0,1.1536624203821657,7.0,26.0,48.0,3,35.0839998406513,128.896736933411,부산광역시 강서구 명지오션시티11로 22,True,0.03821656050955414,320000000.0,12426584.889696408,0.0015649452269170805,0.05354200988467883,-0.06578947368421051,540000000.0,-0.3379629629629629,251000000.0,0.4243027888446216,23.0,False
A61870411,명지오션시티한신휴플러스,강서구,명지동,841.0,2014-08-13,12,932.0,1.1082045184304399,6.0,15.0,35.0,2,35.0808140745239,128.901127762161,부산광역시 강서구 명지오션시티1로 155,True,0.041617122473246136,320750000.0,12454112.248499822,0.03802588996763756,-0.07230657989877076,-0.003034901365705611,442500000.0,-0.2768361581920904,280000000.0,0.1428571428571428,14.0,False
A61872201,부산신호사랑으로부영1차,강서구,신호동,1064.0,2013-12-31,12,1077.0,1.012218045112782,1.0,1.0,2.0,1,35.088453806298,128.873729281805,부산광역시 강서구 신호삼로 27,True,0.0018796992481203006,,,,,,,,,,,
A61872202,부산신호사랑으로부영2차,강서구,신호동,1388.0,2014-06-26,12,1633.0,1.1765129682997117,0.0,1.0,4.0,1,35.0871199542696,128.873657869992,부산광역시 강서구 신호사로 27,True,0.002881844380403458,,,,,,,,,,,
A61881402,극동스타클래스,강서구,명지동,1124.0,2008-11-25,17,1547.0,1.3763345195729537,11.0,20.0,40.0,3,35.0839533492813,128.899987733079,부산광역시 강서구 명지오션시티2로 71,True,0.03558718861209965,285000000.0,11066007.765619485,-0.0813859790491539,-0.04062500000000002,-0.027152831652443754,510000000.0,-0.22549019607843135,240000000.0,0.6458333333333333,7.0,False
A61970112,현대,기장군,기장읍청강리,930.0,1993-08-23,33,510.0,0.5483870967741935,2.0,9.0,21.0,2,35.245345416724,129.220416678578,부산광역시 기장군 기장대로 563,True,0.02258064516129032,310000000.0,12092198.581560284,0.2770339855818744,-0.10042918454935623,-0.09341998375304628,434000000.0,-0.2857142857142857,200000000.0,0.55,4.0,False
A61970210,우신네오빌,기장군,기장읍청강리,524.0,2003-05-19,23,522.0,0.9961832061068703,0.0,3.0,15.0,4,35.2384340051543,129.223042066895,부산광역시 기장군 청강로 76,True,0.02862595419847328,,,,-0.0449438202247191,-0.022222222222222254,295000000.0,-0.27118644067796616,194500000.0,0.1053984575835476,2.0,True
A61970311,서부주공,기장군,기장읍서부리,702.0,2001-05-30,25,604.0,0.8603988603988604,4.0,10.0,18.0,2,35.244691959165,129.209469631691,부산광역시 기장군 차성서로 123,True,0.02564102564102564,,,,,,,,,,,
A61987102,고촌센트럴아파트,기장군,철마면고촌리,474.0,2014-01-03,12,524.0,1.1054852320675106,1.0,3.0,10.0,1,35.2371621692343,129.169975016589,부산광역시 기장군 고촌로 11,True,0.02109704641350211,230000000.0,8952583.156404812,-0.25806451612903225,-0.06542056074766356,-0.05044510385756673,457500000.0,-0.4972677595628415,210000000.0,0.09523809523809534,3.0,False
A61990105,문화그린맨션,기장군,기장읍교리,299.0,1993-05-13,33,205.0,0.68561872909699,1.0,3.0,8.0,2,35.2560719877201,129.21504411452,부산광역시 기장군 차성로417번길 21,True,0.026755852842809364,136000000.0,5334284.186129434,-0.02857142857142858,-0.19650655021834063,-0.06906906906906907,211000000.0,-0.35545023696682465,120000000.0,0.1333333333333333,2.0,True
A61990106,태영,기장군,기장읍교리,454.0,1995-11-30,30,231.0,0.5088105726872246,4.0,7.0,14.0,2,35.2553883195552,129.218175685905,부산광역시 기장군 차성로441번길 7,True,0.030837004405286344,200000000.0,7766990.291262136,0.11111111111111116,,-0.101123595505618,260000000.0,-0.23076923076923073,162000000.0,0.23456790123456783,3.0,False
A61990107,동부산동원로얄듀크,기장군,기장읍내리,284.0,2009-11-25,16,319.0,1.1232394366197183,0.0,5.0,6.0,1,35.2039681340411,129.205777133518,부산광역시 기장군 기장대로 67,True,0.02112676056338028,,,,-0.1428571428571429,-0.07246376811594202,530000000.0,-0.3584905660377359,275000000.0,0.23636363636363633,5.0,False
A61990108,이진캐스빌블루1차,기장군,기장읍교리,620.0,2011-03-24,15,785.0,1.2661290322580645,6.0,16.0,28.0,4,35.257149709614,129.218781350427,부산광역시 기장군 차성로 461,True,0.04516129032258064,332000000.0,12901066.29644616,-0.043227665706051854,0.01391941391941387,-0.0028818443804035088,475000000.0,-0.3052631578947368,285000000.0,0.1578947368421053,11.0,False
A61990109,이진캐스빌블루2차,기장군,기장읍교리,194.0,2011-09-05,15,219.0,1.1288659793814433,1.0,5.0,8.0,2,35.2553740718734,129.219222573882,부산광역시 기장군 차성로 452,True,0.041237113402061855,,,,,,430000000.0,-0.27441860465116275,285000000.0,0.09473684210526323,1.0,True
A61990110,이지더원,기장군,정관읍모전리,978.0,2011-12-01,14,1098.0,1.1226993865030674,8.0,21.0,49.0,2,35.339608265985,129.163228660489,부산광역시 기장군 정관1로 18,True,0.050102249488752554,231000000.0,8991422.586245943,-0.03749999999999998,-0.006382978723404209,-0.01673640167364021,330000000.0,-0.28181818181818186,197500000.0,0.19999999999999996,9.0,False
A61990301,씨엘늘채움,기장군,기장읍대라리,158.0,2007-03-15,19,158.0,1.0,0.0,0.0,3.0,3,35.2410879441712,129.208659193949,부산광역시 기장군 차성남로 8-18,True,0.0189873417721519,,,,,-0.010561423012784843,264000000.0,-0.15719696969696972,202900000.0,0.0965993100049285,0.0,True
A61990302,금강궁전,기장군,기장읍대라리,159.0,1994-12-29,31,90.0,0.5660377358490566,1.0,1.0,5.0,2,35.2417403284754,129.209746291207,부산광역시 기장군 차성남로 13-6,True,0.031446540880503145,,,,,,,,,,,
A61990304,이진캐스빌골드,기장군,기장읍대라리,239.0,2004-11-08,21,270.0,1.1297071129707112,2.0,4.0,8.0,2,35.2386803202446,129.210613217433,부산광역시 기장군 대청로 7,True,0.03347280334728033,261500000.0,10204105.764648706,0.005769230769230749,-0.024390243902439046,-0.09300341296928327,337000000.0,-0.2937685459940653,230000000.0,0.034782608695652195,3.0,False
A61990307,이진캐스빌,기장군,기장읍대라리,458.0,2003-04-10,23,361.0,0.7882096069868996,0.0,4.0,11.0,3,35.237774461358,129.210009359344,부산광역시 기장군 차성서로 51,True,0.024017467248908297,,,,,,,,,,,
A61990503,이진스카이빌,기장군,기장읍동부리,228.0,2004-01-08,22,197.0,0.8640350877192983,0.0,2.0,6.0,2,35.2472378952909,129.212082902684,부산광역시 기장군 차성서로 158-12,True,0.02631578947368421,,,,0.08695652173913038,0.034482758620689724,267000000.0,-0.06367041198501877,189000000.0,0.3227513227513228,1.0,True
A61990514,한신,기장군,기장읍동부리,1131.0,1995-05-18,31,612.0,0.5411140583554377,10.0,20.0,39.0,3,35.2493632613563,129.215284348333,부산광역시 기장군 차성로344번길 13,True,0.034482758620689655,240000000.0,9319291.639701124,0.08108108108108114,-0.06948640483383683,0.046739130434782616,323500000.0,-0.19629057187016996,181000000.0,0.43646408839779016,7.0,False
A61990609,청강주공,기장군,기장읍청강리,520.0,1990-10-08,35,214.0,0.4115384615384615,0.0,4.0,10.0,2,35.2337923919873,129.217097183856,부산광역시 기장군 청강로 6,True,0.019230769230769232,,,,,,,,,,,
A61991101,가화일광타워,기장군,일광읍이천리,449.0,2011-11-09,14,357.0,0.7951002227171492,3.0,9.0,19.0,1,35.2694052473581,129.234891836245,부산광역시 기장군 이천10길 37,True,0.042316258351893093,,,,,,,,,,,
A61996005,정관신도시롯데캐슬,기장군,정관읍용수리,761.0,2008-11-27,17,1174.0,1.542706964520368,5.0,12.0,26.0,3,35.3287252037714,129.170203180461,부산광역시 기장군 정관3로 52,True,0.03416557161629435,302750000.0,11772998.91098613,0.05121527777777768,-0.02749999999999997,0.007659574468085184,389000000.0,-0.18251928020565555,229500000.0,0.3856209150326797,5.0,False
A61996102,정관센트럴파크,기장군,정관읍달산리,588.0,2009-12-11,16,662.0,1.1258503401360545,5.0,8.0,18.0,2,35.3208722774513,129.185257823533,부산광역시 기장군 구연방곡로 10,True,0.030612244897959183,285000000.0,11092630.648354407,0.028880866425992746,0.018181818181818077,0.012658227848101333,342500000.0,-0.15328467153284675,208000000.0,0.39423076923076916,3.0,False
A61996104,서희스타힐스,기장군,정관읍방곡리,444.0,2011-04-25,15,494.0,1.1126126126126126,4.0,8.0,14.0,2,35.32637849695,129.188621802049,부산광역시 기장군 방곡3로 11,True,0.03153153153153153,229000000.0,8940021.29421507,0.020044543429844186,0.040909090909091006,-0.05672268907563027,308000000.0,-0.25649350649350644,195000000.0,0.1743589743589744,3.0,False
A61996106,이지더원2차,기장군,정관읍모전리,756.0,2012-11-23,13,834.0,1.1031746031746033,3.0,9.0,23.0,2,35.3332892479738,129.162836632655,부산광역시 기장군 정관2로 9,True,0.03042328042328042,265250000.0,10302256.003690958,-0.06602112676056338,-0.003731343283582045,-0.07025151777970506,410000000.0,-0.348780487804878,218000000.0,0.22477064220183496,4.0,False
A61996107,정관동일스위트1차,기장군,정관읍용수리,1758.0,2012-12-20,13,1942.0,1.1046643913538112,17.0,32.0,87.0,3,35.3250819627634,129.170299506937,부산광역시 기장군 정관4로 24,True,0.04948805460750853,309000000.0,12014364.92469961,0.008979591836734802,0.03171953255425719,-0.008196721311475419,420000000.0,-0.26428571428571423,234500000.0,0.31769722814498924,16.0,False
A61996108,정관1차동원로얄듀크,기장군,정관읍달산리,1028.0,2013-06-19,13,1314.0,1.2782101167315174,8.0,22.0,42.0,2,35.3186287861828,129.191582018242,부산광역시 기장군 산단4로 139,True,0.04085603112840467,,,,,,,,,,,
A61996109,정관롯데캐슬2차,기장군,정관읍모전리,911.0,2013-06-19,13,1458.0,1.6004390779363338,8.0,16.0,29.0,2,35.3299435263106,129.168350271631,부산광역시 기장군 정관3로 51,True,0.031833150384193196,,,,,,,,,,,
A61996110,정관동일스위트2차,기장군,정관읍모전리,1638.0,2013-08-30,13,1846.0,1.126984126984127,10.0,23.0,48.0,3,35.3284797639747,129.165298856214,부산광역시 기장군 정관3로 23,True,0.029304029304029304,250000000.0,9707435.542627996,-0.09909909909909909,0.020408163265306145,0.03250478011472269,365000000.0,-0.31506849315068497,220000000.0,0.13636363636363646,9.0,False
A61996111,정관2차동원로얄듀크,기장군,정관읍매학리,1249.0,2013-08-26,13,1297.0,1.0384307445956766,7.0,25.0,56.0,2,35.3194888818563,129.174541443359,부산광역시 기장군 정관5로 12,True,0.04483586869495596,366500000.0,14228940.708923481,0.02089136490250687,0.03571428571428581,-0.004225352112676051,470000000.0,-0.21276595744680848,266250000.0,0.3896713615023475,16.0,False
A61996113,정관협성르네상스타운,기장군,정관읍용수리,464.0,2013-12-12,12,766.0,1.6508620689655173,3.0,5.0,12.0,2,35.327407420069,129.174107912711,부산광역시 기장군 정관4로 68,True,0.02586206896551724,,,,,,,,,,,
A61996114,동일스위트3차,기장군,정관읍모전리,1500.0,2014-05-30,12,1867.0,1.2446666666666666,7.0,32.0,61.0,3,35.3373572475758,129.164573512814,부산광역시 기장군 모전1길 9,True,0.04066666666666666,300000000.0,11658388.033547893,0.05263157894736836,-0.03865546218487392,0.010526315789473717,374500000.0,-0.1989319092122831,224000000.0,0.3392857142857142,10.0,False
A61996115,이진캐스빌,기장군,정관읍용수리,539.0,2014-10-08,11,675.0,1.2523191094619666,2.0,11.0,24.0,2,35.3223008727583,129.174844142098,부산광역시 기장군 정관로 545,True,0.04452690166975881,421500000.0,16377971.484114207,0.0035714285714285587,0.013268998793727338,0.015795868772782606,520000000.0,-0.20192307692307687,291000000.0,0.42611683848797255,8.0,False
A61996204,정관현진에버빌,기장군,정관읍모전리,690.0,2009-01-23,17,1217.0,1.763768115942029,1.0,8.0,22.0,3,35.3343012698951,129.169207448176,부산광역시 기장군 정관2로 40,True,0.03188405797101449,270000000.0,10483833.0117193,-0.03139013452914796,-0.12903225806451613,0.04393673110720564,390000000.0,-0.3076923076923077,230000000.0,0.17391304347826098,7.0,False
A61996302,정관신도시계룡리슈빌,기장군,정관읍용수리,455.0,2008-12-16,17,638.0,1.402197802197802,5.0,11.0,22.0,3,35.3261921508458,129.171939153896,부산광역시 기장군 정관로 513,True,0.04835164835164835,325000000.0,12643335.34133469,-0.024024024024024038,-0.02985074626865669,0.05095541401273884,390000000.0,-0.16666666666666663,244000000.0,0.3319672131147542,6.0,False
A61996303,정관신동아파밀리에,기장군,정관읍용수리,655.0,2008-12-19,17,1155.0,1.7633587786259541,1.0,6.0,21.0,2,35.3261462988127,129.177261615111,부산광역시 기장군 정관5로 75,True,0.03206106870229008,,,,,,,,,,,
A61996306,정관신도시한진해모로,기장군,정관읍용수리,763.0,2008-12-24,17,1362.0,1.7850589777195283,3.0,11.0,29.0,2,35.3224848115304,129.172829068827,부산광역시 기장군 정관로 548,True,0.03800786369593709,,,,,,,,,,,
TRADE_0039881CB9D1,벨로스,해운대구,중동,,,,,,0.0,0.0,1.0,2,,,,True,,,,,,,,,,,,
TRADE_0048CC450DA6,카멜롯,서구,동대신동2가,,,,,,0.0,0.0,1.0,2,,,,True,,,,,,,250000000.0,0.0,250000000.0,0.0,0.0,True
TRADE_0061CD5567B6,세진오션파크빌,기장군,일광읍삼성리,,,,,,0.0,0.0,0.0,3,,,,True,,,,,,,245000000.0,0.0,245000000.0,0.0,0.0,True
TRADE_006F35A5B794,허브팰리스,동래구,온천동,,,,,,1.0,4.0,6.0,2,,,,True,,,,,,,,,,,,
TRADE_0070D9F696D7,세진에버그린B동,금정구,구서동,,,,,,0.0,0.0,0.0,1,,,,True,,,,,,,278000000.0,-0.046762589928057596,265000000.0,0.0,0.0,True
TRADE_00B167FEF1CB,센텀드림힐,해운대구,재송동,,,,,,0.0,0.0,2.0,2,,,,True,,,,,,,,,,,,
TRADE_00D446BA7825,대토,동래구,수안동,,,,,,0.0,0.0,0.0,1,,,,True,,,,,,,,,,,,
TRADE_0101B62BAE35,거성경원골든빌라,금정구,구서동,,,,,,0.0,0.0,0.0,1,,,,True,,,,,,,167500000.0,0.0,164000000.0,0.021341463414634054,0.0,True
TRADE_010BF464D2B6,리치빌,동래구,사직동,,,,,,0.0,0.0,0.0,2,,,,True,,,,,,,250000000.0,-0.008000000000000007,248000000.0,0.0,0.0,True
TRADE_014383E654EE,온천화목,금정구,장전동,,,,,,0.0,0.0,0.0,3,,,,True,,,,,,,803000000.0,-0.14072229140722292,288000000.0,1.3958333333333335,0.0,True
TRADE_016166127E51,하단동한웅드리머스,사하구,하단동,,,,,,0.0,1.0,2.0,1,,,,True,,,,,,,,,,,,
TRADE_0184B8C8231A,송원빌리지,해운대구,송정동,,,,,,0.0,0.0,0.0,1,,,,True,,,,,,,280000000.0,0.0,252000000.0,0.11111111111111116,0.0,True
TRADE_01AD65ED185F,광안아트빌리지,수영구,광안동,,,,,,0.0,0.0,0.0,1,,,,True,,,,,,,700000000.0,0.0,700000000.0,0.0,0.0,True
TRADE_01DC674EC858,연지센트럴파크,부산진구,연지동,,,,,,0.0,0.0,3.0,2,,,,True,,,,,,,,,,,,
TRADE_020AB82E4BF3,진일,부산진구,가야동,,,,,,0.0,1.0,1.0,1,,,,True,,,,,,,,,,,,
TRADE_0214E83E38C8,엘지신개금(2-2),부산진구,개금동,,,,,,4.0,9.0,22.0,3,,,,True,,,,,0.012195121951219523,-0.005988023952095856,430000000.0,-0.22790697674418603,263750000.0,0.25876777251184824,1.0,True
TRADE_02457BA53777,대가하이츠,동래구,명장동,,,,,,1.0,2.0,4.0,1,,,,True,,,,,,,,,,,,
TRADE_0247343880E0,금호천지,남구,용호동,,,,,,0.0,0.0,0.0,1,,,,True,,,,,,,,,,,,
TRADE_026CA894565A,썬플라워빌,동구,초량동,,,,,,0.0,0.0,1.0,2,,,,True,,,,,,,,,,,,
TRADE_0283771D7A54,개금블루스카이,부산진구,개금동,,,,,,0.0,0.0,1.0,2,,,,True,,,,,,,,,,,,
TRADE_02C1C7670B66,성화빌라트,금정구,남산동,,,,,,0.0,0.0,0.0,1,,,,True,,,,,,,262000000.0,-0.03053435114503822,254000000.0,0.0,0.0,True
TRADE_02D113B4F985,동래보해이브,동래구,안락동,,,,,,0.0,1.0,1.0,3,,,,True,,,,,,,,,,,,
TRADE_02DC76FE711D,부영,사하구,하단동,,,,,,0.0,0.0,0.0,1,,,,True,,,,,,,,,,,,
TRADE_02F3FC7314B9,동매힐스,사하구,신평동,,,,,,0.0,0.0,2.0,1,,,,True,,,,,,,,,,,,
TRADE_0305F15C3833,노블레스(764-112),사하구,괴정동,,,,,,0.0,0.0,0.0,1,,,,True,,,,,,,250000000.0,-0.21999999999999997,195000000.0,0.0,0.0,True
TRADE_0313308B025D,삼화빌라,금정구,구서동,,,,,,0.0,0.0,0.0,1,,,,True,,,,,,,416260000.0,0.0,416260000.0,0.0,0.0,True
TRADE_031A6475193E,산들파르테,부산진구,양정동,,,,,,0.0,0.0,2.0,1,,,,True,,,,,,,,,,,,
TRADE_032A43C9D297,한울시너스,영도구,남항동1가,,,,,,0.0,2.0,5.0,1,,,,True,,,,,,,,,,,,
TRADE_03382344A7C1,신우맨션,남구,대연동,,,,,,0.0,0.0,0.0,2,,,,True,,,,,,,,,,,,
TRADE_033C951161D3,모닝빌라트,부산진구,개금동,,,,,,0.0,0.0,0.0,2,,,,True,,,,,,,,,,,,
TRADE_036B1FDD2699,더포인트,기장군,기장읍동부리,,,,,,0.0,0.0,0.0,1,,,,True,,,,,,,,,,,,
TRADE_03870DEB60CB,서원,금정구,구서동,,,,,,0.0,0.0,0.0,2,,,,True,,,,,,,200000000.0,0.0,200000000.0,0.0,0.0,True
TRADE_039446198FFA,동산백조,기장군,기장읍동부리,,,,,,0.0,1.0,3.0,2,,,,True,,,,,,,,,,,,
TRADE_03A4213BA50F,수피아주상복합,남구,용호동,,,,,,1.0,4.0,4.0,2,,,,True,,,,,,-0.008968609865470878,275000000.0,-0.18181818181818177,190000000.0,0.18421052631578938,2.0,True
TRADE_03B1D7BF0470,신우,동구,초량동,,,,,,0.0,0.0,0.0,3,,,,True,,,,,,,,,,,,
TRADE_03CE94B91CDA,동양힐타운,해운대구,중동,,,,,,0.0,0.0,0.0,3,,,,True,,,,,,,,,,,,
TRADE_03CF0D6A13C1,광후빌리지,부산진구,전포동,,,,,,0.0,0.0,0.0,2,,,,True,,,,,,,,,,,,
TRADE_03DC5A3EE54F,마르빌주상복합,수영구,남천동,,,,,,2.0,3.0,3.0,2,,,,True,,340000000.0,13231132.075471697,0.030303030303030276,,0.2407407407407407,350000000.0,-0.02857142857142858,265000000.0,0.28301886792452824,3.0,False
TRADE_03E1686A4797,화천파크,사하구,하단동,,,,,,0.0,0.0,0.0,2,,,,True,,,,,,,,,,,,
TRADE_03EE770ED233,성도빌라,부산진구,개금동,,,,,,0.0,0.0,1.0,1,,,,True,,,,,,,,,,,,
TRADE_03F2DDBE5319,허브팰리스,부산진구,범천동,,,,,,0.0,0.0,2.0,2,,,,True,,,,,,,,,,,,
TRADE_03F9ABB0F1DD,대륙타워B,서구,충무동2가,,,,,,0.0,0.0,0.0,1,,,,True,,,,,,,,,,,,
TRADE_0428F485ADFC,해운대파크에비뉴,해운대구,우동,,,,,,0.0,1.0,4.0,2,,,,True,,,,,,,,,,,,
TRADE_044D72E6CCE5,클래식시티,영도구,청학동,,,,,,0.0,0.0,1.0,2,,,,True,,,,,,,,,,,,
TRADE_044FF2CE4EFA,동아에이스빌라,해운대구,중동,,,,,,0.0,0.0,0.0,2,,,,True,,,,,,,598000000.0,-0.14715719063545152,242000000.0,1.1074380165289255,0.0,True
TRADE_04610DF98259,아름베스트빌5,금정구,구서동,,,,,,0.0,0.0,0.0,2,,,,True,,,,,,,,,,,,
TRADE_047A728E9893,유니온캐슬,서구,서대신동1가,,,,,,0.0,0.0,0.0,2,,,,True,,,,,,,250000000.0,-0.19999999999999996,200000000.0,0.0,0.0,True
TRADE_048A95A6750A,봉황,부산진구,연지동,,,,,,0.0,1.0,1.0,3,,,,True,,,,,,,250000000.0,0.0,217000000.0,0.1520737327188939,0.0,True
TRADE_048EB91AD86D,보경그린,북구,화명동,,,,,,0.0,0.0,0.0,1,,,,True,,,,,,,,,,,,
TRADE_04A91813CE00,금강송도타운,서구,암남동,,,,,,0.0,0.0,1.0,1,,,,True,,,,,,,100000000.0,-0.07999999999999996,92000000.0,0.0,0.0,True
TRADE_04B16365F7DF,선경에이스하임,금정구,장전동,,,,,,0.0,0.0,0.0,2,,,,True,,,,,,,280000000.0,-0.017857142857142905,221000000.0,0.24434389140271495,0.0,True
TRADE_04D8160FAFD9,사직제이파크,동래구,사직동,,,,,,0.0,0.0,0.0,1,,,,True,,,,,,,,,,,,
TRADE_04DCB23CC5F7,평광우리가,부산진구,범천동,,,,,,0.0,1.0,1.0,2,,,,True,,,,,,,,,,,,
TRADE_0505CD7228D3,성경로즈힐1차-102,사하구,괴정동,,,,,,0.0,0.0,0.0,1,,,,True,,,,,,,165000000.0,-0.10303030303030303,148000000.0,0.0,0.0,True
TRADE_051A62A4198C,하구언1,사하구,하단동,,,,,,0.0,0.0,1.0,2,,,,True,,,,,,,,,,,,
TRADE_0527774C2ADA,동성베스트,금정구,회동동,,,,,,0.0,0.0,0.0,2,,,,True,,,,,,,155000000.0,-0.032258064516129004,150000000.0,0.0,0.0,True
TRADE_0540550DC20B,삼흥탑스빌,수영구,광안동,,,,,,0.0,0.0,0.0,1,,,,True,,,,,,,,,,,,
TRADE_054C286F3796,광안스윗팰리스,수영구,광안동,,,,,,1.0,1.0,2.0,2,,,,True,,,,,,,,,,,,
TRADE_0554E3177744,금광타워빌,동래구,수안동,,,,,,0.0,1.0,1.0,2,,,,True,,,,,,,,,,,,
TRADE_05566415FA3E,협성파라다이스,해운대구,송정동,,,,,,0.0,0.0,0.0,1,,,,True,,,,,,,,,,,,
TRADE_0557CA5FA175,대윤스위트,서구,서대신동3가,,,,,,0.0,0.0,0.0,1,,,,True,,,,,,,,,,,,
TRADE_0558FFD461CA,대륙빌라,남구,대연동,,,,,,0.0,0.0,1.0,1,,,,True,,,,,,,,,,,,
TRADE_0578C0076F05,대원,부산진구,부전동,,,,,,1.0,1.0,1.0,1,,,,True,,195000000.0,7744614.273679143,,,,198000000.0,-0.015151515151515138,195000000.0,0.0,1.0,True
TRADE_0580A95DD79C,국제그레이트,사하구,장림동,,,,,,0.0,1.0,2.0,3,,,,True,,,,,-0.02777777777777779,-0.16470588235294115,199000000.0,-0.29648241206030146,130000000.0,0.07692307692307687,1.0,True
TRADE_058D2D08C7C3,동산(1106),영도구,영선동4가,,,,,,0.0,0.0,1.0,2,,,,True,,,,,,,180000000.0,-0.46111111111111114,97000000.0,0.0,0.0,True
TRADE_0590F82D4E2A,그리심힐102,사하구,신평동,,,,,,0.0,0.0,0.0,2,,,,True,,,,,,,,,,,,
TRADE_059D4B48CED5,도영빌리지,서구,서대신동3가,,,,,,0.0,0.0,0.0,1,,,,True,,,,,,,,,,,,
TRADE_05A0AB37995F,남천현대빌,수영구,남천동,,,,,,0.0,0.0,0.0,2,,,,True,,,,,,,,,,,,
TRADE_05A79C0A0B7D,동성,연제구,거제동,,,,,,0.0,0.0,0.0,1,,,,True,,,,,,,,,,,,
TRADE_05E639A00C8A,배룡그린빌라,동구,초량동,,,,,,1.0,1.0,2.0,1,,,,True,,,,,,,,,,,,
TRADE_05EDF24577FC,삼성빌라,동래구,온천동,,,,,,1.0,1.0,1.0,1,,,,True,,,,,,,,,,,,
TRADE_05EF23BBF0C0,진흥목화,연제구,연산동,,,,,,0.0,0.0,1.0,3,,,,True,,,,,,,,,,,,
TRADE_060B93359D1A,천아하늘정원,사상구,괘법동,,,,,,0.0,0.0,2.0,2,,,,True,,,,,,,,,,,,
TRADE_061E9CF329CF,신생,중구,신창동2가,,,,,,0.0,1.0,1.0,2,,,,True,,,,,,,,,,,,
TRADE_062657AE3D39,범바우빌라,수영구,광안동,,,,,,0.0,0.0,1.0,1,,,,True,,,,,,0.09137055837563457,215000000.0,0.0,195000000.0,0.10256410256410264,0.0,True
TRADE_0626A79049B1,대승메종더어반,부산진구,범천동,,,,,,0.0,0.0,0.0,1,,,,True,,,,,,,,,,,,
TRADE_062EC69D1F2B,그린시티,사하구,괴정동,,,,,,0.0,0.0,3.0,3,,,,True,,,,,,,,,,,,
TRADE_065CCA638C5B,우일아내트,연제구,연산동,,,,,,0.0,0.0,0.0,1,,,,True,,,,,,,,,,,,
TRADE_06970E9FE683,그린파크,사하구,신평동,,,,,,0.0,0.0,0.0,1,,,,True,,,,,,,,,,,,
TRADE_06A2E7D22520,동우,연제구,연산동,,,,,,0.0,0.0,1.0,2,,,,True,,,,,,,160000000.0,0.0,88000000.0,0.8181818181818181,0.0,True
TRADE_06C2EDF05138,명보,동래구,온천동,,,,,,0.0,0.0,0.0,1,,,,True,,,,,,,,,,,,
TRADE_06CFDF42528E,대동레미안,연제구,연산동,,,,,,0.0,0.0,0.0,1,,,,True,,,,,,,244000000.0,-0.05737704918032782,230000000.0,0.0,0.0,True
TRADE_06D17CFA15AC,벽산그린빌라,금정구,장전동,,,,,,0.0,0.0,0.0,1,,,,True,,,,,,,,,,,,
TRADE_06F92E7857CE,성경로즈힐(1차)-101,사하구,괴정동,,,,,,0.0,0.0,0.0,1,,,,True,,,,,,,195000000.0,-0.1282051282051282,164000000.0,0.03658536585365857,0.0,True
TRADE_0705D42EC809,신화프라자,사하구,괴정동,,,,,,0.0,0.0,2.0,1,,,,True,,,,,,,,,,,,
TRADE_071D6F8B9D94,우림빌라,서구,남부민동,,,,,,0.0,0.0,0.0,1,,,,True,,,,,,,,,,,,
TRADE_071EE3371D77,창성골든빌비동,연제구,연산동,,,,,,0.0,0.0,0.0,2,,,,True,,,,,,,,,,,,
TRADE_072131337E11,금성타운,금정구,회동동,,,,,,0.0,1.0,4.0,4,,,,True,,,,,,-0.021276595744680882,235000000.0,-0.021276595744680882,215000000.0,0.06976744186046502,0.0,True
TRADE_07321A5490F2,벽산파라다이스빌라3,금정구,장전동,,,,,,0.0,0.0,0.0,1,,,,True,,,,,,,,,,,,
TRADE_07461AE6C118,에덴영진,사하구,하단동,,,,,,0.0,0.0,0.0,1,,,,True,,,,,,,,,,,,
TRADE_075308B6C129,금양빌리지(1736-2),남구,대연동,,,,,,0.0,0.0,0.0,1,,,,True,,,,,,,220000000.0,0.0,220000000.0,0.0,0.0,True
TRADE_0791087036F0,동경하이빌,남구,대연동,,,,,,0.0,0.0,0.0,2,,,,True,,,,,,,212000000.0,0.0,212000000.0,0.0,0.0,True
TRADE_07981205D711,유창아이리치,부산진구,개금동,,,,,,0.0,3.0,8.0,4,,,,True,,,,,,,,,,,,
TRADE_0798E7A3E8CB,일신크리스탈빌라,금정구,구서동,,,,,,0.0,0.0,1.0,1,,,,True,,,,,,,,,,,,
TRADE_07B3606DEECE,금광타워,연제구,연산동,,,,,,0.0,0.0,0.0,1,,,,True,,,,,,,240000000.0,0.0,237000000.0,0.012658227848101333,0.0,True
TRADE_07B37F54EE02,세창(702-48),동래구,명륜동,,,,,,1.0,2.0,3.0,2,,,,True,,,,,,,,,,,,
TRADE_07B938E71F7C,부광캐슬,동래구,온천동,,,,,,1.0,1.0,1.0,1,,,,True,,265000000.0,10333215.17192485,,,-0.04504504504504503,277500000.0,-0.04504504504504503,253000000.0,0.04743083003952564,1.0,True
TRADE_07D99918FE71,산마루,수영구,광안동,,,,,,0.0,0.0,0.0,1,,,,True,,,,,,,297000000.0,0.0,228000000.0,0.30263157894736836,0.0,True
TRADE_07E602235D3A,보람빌라2차,남구,대연동,,,,,,0.0,0.0,1.0,1,,,,True,,,,,,,200000000.0,-0.07499999999999996,185000000.0,0.0,0.0,True
TRADE_07F2278D4792,고관맨션,동구,초량동,,,,,,0.0,0.0,0.0,3,,,,True,,,,,,,,,,,,
TRADE_07FF264442B4,남천세원수아파트,수영구,남천동,,,,,,0.0,1.0,5.0,2,,,,True,,,,,,,,,,,,
TRADE_0867EFFFDB73,충무6차에코팰리스,서구,충무동1가,,,,,,1.0,1.0,2.0,2,,,,True,,,,,,,,,,,,
TRADE_0868E1534B2D,파밀리아,사상구,괘법동,,,,,,0.0,0.0,0.0,1,,,,True,,,,,,,,,,,,
TRADE_086DC66E13F3,영미(가동),수영구,망미동,,,,,,0.0,0.0,0.0,1,,,,True,,,,,,,,,,,,
TRADE_0871D3426907,목연정빌라,서구,토성동5가,,,,,,0.0,0.0,0.0,1,,,,True,,,,,,,,,,,,
TRADE_0880A6FDFDB3,포세이돈비,부산진구,전포동,,,,,,0.0,0.0,0.0,1,,,,True,,,,,,,,,,,,
TRADE_088633A2D047,리벤빌라,연제구,연산동,,,,,,0.0,0.0,0.0,1,,,,True,,,,,,,167000000.0,0.0,167000000.0,0.0,0.0,True
TRADE_08983261B670,조광빌로체,남구,용호동,,,,,,0.0,0.0,0.0,2,,,,True,,,,,,,280000000.0,0.0,205000000.0,0.36585365853658547,0.0,True
TRADE_08A94AB1F652,석포로얄캐슬2차,서구,서대신동2가,,,,,,0.0,0.0,0.0,1,,,,True,,,,,,,257500000.0,-0.029126213592232997,225000000.0,0.11111111111111116,0.0,True
TRADE_08CD8381E902,우창빌리지,수영구,수영동,,,,,,0.0,0.0,0.0,1,,,,True,,,,,,,200000000.0,-0.4,120000000.0,0.0,0.0,True
TRADE_0901A873E011,은하하우스,사상구,괘법동,,,,,,1.0,2.0,5.0,2,,,,True,,,,,,-0.0055248618784530246,280000000.0,-0.0535714285714286,250500000.0,0.05788423153692612,0.0,True
TRADE_0910DFFD614E,허브팰리스더파크,부산진구,부암동,,,,,,0.0,0.0,0.0,1,,,,True,,,,,,,475000000.0,0.0,475000000.0,0.0,0.0,True
TRADE_092D99F0F160,이린타워빌7,수영구,광안동,,,,,,0.0,0.0,0.0,3,,,,True,,,,,,,,,,,,
TRADE_093578404EED,노블비치,기장군,일광읍삼성리,,,,,,0.0,0.0,1.0,1,,,,True,,,,,,,,,,,,
TRADE_095E5402E268,우성로얄캐슬,사하구,다대동,,,,,,0.0,1.0,3.0,1,,,,True,,,,,,,,,,,,
TRADE_096517647FEA,아신,남구,우암동,,,,,,0.0,0.0,0.0,1,,,,True,,,,,,,,,,,,
TRADE_096527F58AD1,블레스힐타운,연제구,연산동,,,,,,0.0,0.0,0.0,1,,,,True,,,,,,,170000000.0,0.0,170000000.0,0.0,0.0,True
TRADE_0982C4847C77,포세이돈,부산진구,양정동,,,,,,1.0,2.0,4.0,2,,,,True,,,,,,,,,,,,
TRADE_09AB4B6642B2,금림필2차,동래구,명륜동,,,,,,0.0,1.0,2.0,2,,,,True,,,,,,,275000000.0,-0.07272727272727275,255000000.0,0.0,0.0,True
TRADE_09C90FF352C0,해운드림빌,연제구,연산동,,,,,,0.0,0.0,3.0,2,,,,True,,,,,,,,,,,,
TRADE_09D89F07BB5E,남경캐슬,기장군,기장읍동부리,,,,,,0.0,0.0,2.0,2,,,,True,,,,,,,166000000.0,0.0,165000000.0,0.0060606060606061,0.0,True
TRADE_09E2047C6482,위너스빌,서구,서대신동2가,,,,,,0.0,1.0,2.0,2,,,,True,,,,,0.03333333333333344,,248000000.0,0.0,208000000.0,0.1923076923076923,1.0,True
TRADE_09E33B6A6A0E,푸른마을,부산진구,가야동,,,,,,0.0,0.0,0.0,2,,,,True,,,,,,,,,,,,
TRADE_09E52BBA4E9F,동보스카이힐,동래구,온천동,,,,,,0.0,0.0,1.0,2,,,,True,,,,,,,310000000.0,-0.29032258064516125,220000000.0,0.0,0.0,True
TRADE_09F7532FC9BB,해운빌리지,연제구,연산동,,,,,,0.0,0.0,0.0,1,,,,True,,,,,,,,,,,,
TRADE_0A008E84EF09,장산상가맨션,해운대구,반여동,,,,,,0.0,0.0,1.0,1,,,,True,,,,,,,,,,,,
TRADE_0A3656601F26,동해맨션,동래구,온천동,,,,,,0.0,0.0,0.0,2,,,,True,,,,,,,,,,,,
TRADE_0A3F59F85036,동진프라임빌,수영구,광안동,,,,,,0.0,0.0,0.0,1,,,,True,,,,,,,,,,,,
TRADE_0A4E996C0727,광민베스토피아,부산진구,부전동,,,,,,0.0,0.0,0.0,1,,,,True,,,,,,,,,,,,
TRADE_0A592AA1E46F,청마,연제구,연산동,,,,,,1.0,1.0,1.0,1,,,,True,,,,,,,,,,,,
TRADE_0A5F85C2513A,더블루오피스텔,부산진구,전포동,,,,,,0.0,2.0,6.0,1,,,,True,,,,,,,,,,,,
TRADE_0A64F526FF57,지영빌라트,남구,문현동,,,,,,0.0,0.0,0.0,2,,,,True,,,,,,,,,,,,
TRADE_0A7D41DB2D42,금강로즈,기장군,기장읍대라리,,,,,,0.0,0.0,0.0,2,,,,True,,,,,,,58000000.0,0.0,58000000.0,0.0,0.0,True
TRADE_0A8CCAB448ED,성우이린타워,수영구,광안동,,,,,,1.0,1.0,2.0,1,,,,True,,,,,,,,,,,,
TRADE_0A8E452C2E08,센텀동원아파트,동구,수정동,,,,,,0.0,0.0,0.0,1,,,,True,,,,,,,,,,,,
TRADE_0AD70139355B,유진1,사하구,하단동,,,,,,0.0,0.0,0.0,1,,,,True,,,,,,,,,,,,
TRADE_0ADB1C17B05B,두송그린파크빌A동,사상구,괘법동,,,,,,0.0,0.0,0.0,1,,,,True,,,,,,,130000000.0,0.0,130000000.0,0.0,0.0,True
TRADE_0AE493C4F693,우영,부산진구,전포동,,,,,,0.0,0.0,2.0,2,,,,True,,,,,,,,,,,,
TRADE_0AEDD7F07839,모티더베스트빌,동구,수정동,,,,,,7.0,12.0,16.0,1,,,,True,,,,,,,,,,,,
TRADE_0AF2B2BF9D0F,현명빌라,수영구,민락동,,,,,,0.0,0.0,0.0,1,,,,True,,,,,,,,,,,,
TRADE_0B4441B21B26,은하(1076-19),사하구,괴정동,,,,,,0.0,0.0,0.0,1,,,,True,,,,,,,,,,,,
TRADE_0B5449293D5B,코이노빌,부산진구,부전동,,,,,,0.0,0.0,0.0,1,,,,True,,,,,,,298000000.0,-0.0738255033557047,250000000.0,0.10400000000000009,0.0,True
TRADE_0B5B0E433C1D,금강,남구,대연동,,,,,,0.0,0.0,1.0,1,,,,True,,,,,,,,,,,,
TRADE_0B7BE7534A07,도경나나빌,서구,토성동5가,,,,,,0.0,0.0,0.0,2,,,,True,,,,,,,228000000.0,-0.2543859649122807,170000000.0,0.0,0.0,True
TRADE_0B7E3C479C44,성림빌리지,동구,초량동,,,,,,0.0,0.0,0.0,1,,,,True,,,,,,,227000000.0,0.0,150000000.0,0.5133333333333334,0.0,True
TRADE_0B9D9A76B276,더블유하임,기장군,기장읍대라리,,,,,,0.0,0.0,0.0,1,,,,True,,,,,,,214000000.0,-0.01869158878504673,200000000.0,0.050000000000000044,0.0,True
TRADE_0BBA42CA4C4C,승경하이츠,사하구,괴정동,,,,,,0.0,0.0,0.0,1,,,,True,,,,,,,450000000.0,-0.28888888888888886,320000000.0,0.0,0.0,True
TRADE_0BE13941D02E,동삼초원,해운대구,반송동,,,,,,0.0,0.0,0.0,3,,,,True,,,,,,,,,,,,
TRADE_0BE35F188063,동남뷰,북구,만덕동,,,,,,0.0,0.0,0.0,1,,,,True,,,,,,,,,,,,
TRADE_0BF40E5D6FD5,남산미네르빌,금정구,남산동,,,,,,0.0,0.0,1.0,2,,,,True,,,,,,,,,,,,
TRADE_0C04B23399C0,동주광명맨션가동,북구,덕천동,,,,,,0.0,0.0,0.0,2,,,,True,,,,,,,160000000.0,0.0,160000000.0,0.0,0.0,True
TRADE_0C13F4E6B22A,골드클래스,영도구,동삼동,,,,,,1.0,4.0,5.0,2,,,,True,,170000000.0,6669837.118059684,0.06416275430359941,0.03870967741935494,0.011075949367088667,170000000.0,0.0,115000000.0,0.4782608695652173,3.0,False
TRADE_0C1E0BEA9616,대신썬빌리지A,서구,서대신동3가,,,,,,0.0,0.0,0.0,2,,,,True,,,,,,,268000000.0,-0.003731343283582045,225000000.0,0.18666666666666676,0.0,True
TRADE_0C2706DBDE0E,동광,연제구,연산동,,,,,,0.0,0.0,0.0,2,,,,True,,,,,,,,,,,,
TRADE_0C2D911F76FA,허브센티움,서구,부민동1가,,,,,,1.0,2.0,3.0,2,,,,True,,280000000.0,10882110.469909316,0.010830324909747224,-0.03633217993079585,-0.01754385964912286,315000000.0,-0.11111111111111116,273000000.0,0.02564102564102555,2.0,True
TRADE_0C383FD0B76E,로얄1,동래구,사직동,,,,,,1.0,4.0,5.0,3,,,,True,,,,,,,,,,,,
TRADE_0C3F892191DE,본동맨션,사상구,주례동,,,,,,1.0,1.0,1.0,1,,,,True,,,,,,,,,,,,
TRADE_0C4D5B8E8224,금호아트빌,서구,토성동1가,,,,,,0.0,1.0,1.0,2,,,,True,,,,,,,197000000.0,0.0,197000000.0,0.0,0.0,True
TRADE_0C59E0C6F927,양지,기장군,기장읍대라리,,,,,,0.0,0.0,0.0,1,,,,True,,,,,,,173500000.0,-0.023054755043227626,143000000.0,0.18531468531468542,0.0,True
TRADE_0C71CF6F704E,월드파크A동,기장군,기장읍동부리,,,,,,0.0,0.0,1.0,1,,,,True,,,,,,,,,,,,
TRADE_0C9C5033C273,동양주택,기장군,기장읍대라리,,,,,,0.0,0.0,1.0,2,,,,True,,,,,,0.0,135000000.0,-0.03703703703703709,125000000.0,0.040000000000000036,0.0,True
TRADE_0C9D6053639C,전원비치맨션,서구,암남동,,,,,,1.0,2.0,2.0,1,,,,True,,,,,,,,,,,,
TRADE_0C9ECE6556CA,거제아파트,연제구,거제동,,,,,,0.0,0.0,1.0,1,,,,True,,,,,,,,,,,,
TRADE_0CB0059102E1,수근에이스타운,영도구,봉래동3가,,,,,,0.0,0.0,2.0,3,,,,True,,,,,,-0.15000000000000002,284000000.0,-0.278169014084507,190000000.0,0.07894736842105265,0.0,True
TRADE_0CC88B1CC36B,골드타워,동래구,안락동,,,,,,0.0,0.0,0.0,2,,,,True,,,,,,,240000000.0,-0.125,210000000.0,0.0,0.0,True
TRADE_0CE5806F1CB5,아름베스트빌2차,금정구,남산동,,,,,,0.0,0.0,0.0,1,,,,True,,,,,,,210000000.0,0.0,210000000.0,0.0,0.0,True
TRADE_0CE9E1205895,월드드림빌,부산진구,초읍동,,,,,,0.0,0.0,0.0,1,,,,True,,,,,,,278500000.0,-0.11310592459605029,220000000.0,0.1227272727272728,0.0,True
TRADE_0CEBA92B16CF,이화맨션,해운대구,재송동,,,,,,0.0,0.0,0.0,2,,,,True,,,,,,,,,,,,
TRADE_0D14A3F3DF61,서현빌라,사상구,괘법동,,,,,,0.0,0.0,0.0,1,,,,True,,,,,,,,,,,,
TRADE_0D1E5C532264,창우블루빌,사하구,괴정동,,,,,,0.0,1.0,4.0,4,,,,True,,,,,,0.1217038539553752,318500000.0,-0.1208791208791209,235000000.0,0.1914893617021276,0.0,True
TRADE_0D22C4A34246,크로바(2동),남구,대연동,,,,,,0.0,0.0,0.0,1,,,,True,,,,,,,,,,,,
TRADE_0D2DF199FD5E,석탑그레이스빌,금정구,구서동,,,,,,0.0,0.0,1.0,1,,,,True,,,,,,0.2250000000000001,248000000.0,-0.012096774193548376,195000000.0,0.2564102564102564,0.0,True
TRADE_0D4B45AB57C5,금강센스빌제102동,기장군,기장읍동부리,,,,,,0.0,0.0,0.0,2,,,,True,,,,,,,164000000.0,0.0,150000000.0,0.09333333333333327,0.0,True
TRADE_0D75DDC00968,한성맨션1동~3동,북구,덕천동,,,,,,0.0,2.0,4.0,2,,,,True,,,,,,,,,,,,
TRADE_0D7D4A13C5FF,청학태림맨션,영도구,청학동,,,,,,0.0,0.0,0.0,1,,,,True,,,,,,,,,,,,
TRADE_0DA8B406E506,강일프라임빌,사상구,괘법동,,,,,,0.0,0.0,1.0,2,,,,True,,,,,,,,,,,,
TRADE_0DDCAF131EAB,거승수정빌라트,부산진구,부암동,,,,,,0.0,0.0,0.0,2,,,,True,,,,,,,,,,,,
TRADE_0E0243759DA9,대양그린힐,사하구,괴정동,,,,,,0.0,1.0,2.0,2,,,,True,,,,,,,335000000.0,0.0,207500000.0,0.6144578313253013,1.0,True
TRADE_0E099EB99660,해운그린빌,연제구,연산동,,,,,,0.0,0.0,1.0,2,,,,True,,,,,,,,,,,,
TRADE_0E24D6A31AC6,정남,북구,덕천동,,,,,,0.0,0.0,0.0,1,,,,True,,,,,,,,,,,,
TRADE_0E2594AA1E5D,대성,부산진구,전포동,,,,,,0.0,0.0,0.0,2,,,,True,,,,,,,,,,,,
TRADE_0E465B87317D,백운집시티타워,중구,부평동4가,,,,,,0.0,0.0,0.0,1,,,,True,,,,,,,287000000.0,-0.04181184668989546,230000000.0,0.19565217391304346,0.0,True
TRADE_0E4709EAFB09,홍림시티빌,연제구,연산동,,,,,,0.0,0.0,0.0,1,,,,True,,,,,,,,,,,,
TRADE_0E478CA85AFA,청파파크맨션,금정구,남산동,,,,,,0.0,0.0,0.0,2,,,,True,,,,,,,,,,,,
TRADE_0E51632E3C57,우일아내트,금정구,남산동,,,,,,0.0,0.0,1.0,1,,,,True,,,,,,,,,,,,
TRADE_0E5186DE7461,뉴금양타워빌,남구,대연동,,,,,,0.0,0.0,0.0,3,,,,True,,,,,,,235000000.0,0.0,220000000.0,0.06818181818181812,0.0,True
TRADE_0E5A78B5A2A9,향원에이스타운(77),서구,서대신동2가,,,,,,0.0,0.0,0.0,2,,,,True,,,,,,,263000000.0,0.0,263000000.0,0.0,0.0,True
TRADE_0E9585B35413,창광빌리지(1293-18),연제구,연산동,,,,,,0.0,0.0,1.0,2,,,,True,,,,,,,,,,,,
TRADE_0EEE061AA15E,구평(293-7),사하구,구평동,,,,,,0.0,0.0,0.0,1,,,,True,,,,,,,,,,,,
TRADE_0EF0CE8EEF27,한솔아트빌,남구,대연동,,,,,,0.0,0.0,0.0,1,,,,True,,,,,,,261000000.0,0.0,261000000.0,0.0,0.0,True
TRADE_0F0845812C5E,센텀동원2차,동구,초량동,,,,,,1.0,1.0,2.0,2,,,,True,,,,,,,,,,,,
TRADE_0F1C697594B1,덕포그랜드힐,부산진구,양정동,,,,,,0.0,0.0,1.0,3,,,,True,,,,,,,231000000.0,-0.04761904761904767,220000000.0,0.0,0.0,True
TRADE_0F1DC958FEB5,대진,동래구,수안동,,,,,,0.0,1.0,6.0,2,,,,True,,,,,,,,,,,,
TRADE_0F4E12E40A0F,월드빌리지,사하구,괴정동,,,,,,0.0,0.0,0.0,2,,,,True,,,,,,,315000000.0,0.0,230000000.0,0.36956521739130443,0.0,True
TRADE_0F733E1F7304,일루스타,사상구,괘법동,,,,,,0.0,1.0,1.0,1,,,,True,,,,,,,,,,,,
TRADE_0F73C6300FD1,하은빌라,서구,서대신동1가,,,,,,0.0,0.0,0.0,1,,,,True,,,,,,,,,,,,
TRADE_0F9985F310D1,은하아파트,중구,영주동,,,,,,0.0,1.0,1.0,1,,,,True,,,,,,,,,,,,
TRADE_0F9BDB1C2BE0,센텀타워,동구,좌천동,,,,,,0.0,0.0,0.0,3,,,,True,,,,,,,,,,,,
TRADE_0FB4AE38AB37,럭키(484-2),사하구,괴정동,,,,,,0.0,0.0,0.0,1,,,,True,,,,,,,250000000.0,-0.24,183000000.0,0.03825136612021862,0.0,True
TRADE_0FC673C417A0,해운스위트빌,연제구,연산동,,,,,,0.0,0.0,0.0,1,,,,True,,,,,,,200000000.0,0.0,200000000.0,0.0,0.0,True
TRADE_0FEF06CA4B7D,삼부장미,부산진구,부암동,,,,,,0.0,0.0,0.0,1,,,,True,,,,,,,,,,,,
TRADE_1009839716F6,부산빌라트,서구,서대신동3가,,,,,,0.0,0.0,0.0,1,,,,True,,,,,,,,,,,,
TRADE_102A1D454524,세흥비치,기장군,일광읍삼성리,,,,,,0.0,0.0,1.0,2,,,,True,,,,,,,,,,,,
TRADE_102C71167084,한성타운(102동),부산진구,전포동,,,,,,0.0,0.0,0.0,2,,,,True,,,,,,,,,,,,
TRADE_104148537585,삼진리버뷰A동,동래구,수안동,,,,,,0.0,0.0,0.0,1,,,,True,,,,,,,,,,,,
TRADE_10621B2B48AD,대청맨션,중구,대청동4가,,,,,,0.0,0.0,0.0,1,,,,True,,,,,,,,,,,,
TRADE_1071D0E5872A,동보파크맨션,남구,용호동,,,,,,0.0,0.0,0.0,1,,,,True,,,,,,,,,,,,
TRADE_1077613A2E49,더블루원3차,동래구,온천동,,,,,,0.0,3.0,3.0,3,,,,True,,,,,,,,,,,,
TRADE_107828D9695C,대정그린빌,부산진구,개금동,,,,,,0.0,1.0,1.0,1,,,,True,,,,,,,,,,,,
TRADE_107FAB2CBA5F,화송빌라,해운대구,재송동,,,,,,0.0,1.0,2.0,2,,,,True,,,,,,,,,,,,
TRADE_1081C854444C,대성문문현퀸즈더블유101,남구,문현동,,,,,,0.0,0.0,0.0,1,,,,True,,,,,,,,,,,,
TRADE_108563CC5AD0,디오빌비동,연제구,연산동,,,,,,0.0,0.0,0.0,1,,,,True,,,,,,,257000000.0,-0.0077821011673151474,255000000.0,0.0,0.0,True
TRADE_10A69620F777,신선,영도구,신선동2가,,,,,,0.0,0.0,1.0,1,,,,True,,,,,,,,,,,,
TRADE_10A93C8E02E5,일신,남구,대연동,,,,,,1.0,1.0,1.0,1,,,,True,,,,,,,,,,,,
TRADE_10C44348A576,동원맨션(776-21),수영구,광안동,,,,,,0.0,0.0,1.0,2,,,,True,,,,,,,470000000.0,0.0,430000000.0,0.09302325581395343,0.0,True
TRADE_10E348AA630A,크레빌,부산진구,양정동,,,,,,0.0,0.0,0.0,1,,,,True,,,,,,,,,,,,
TRADE_10EFB3F67B59,동방(1~5동),수영구,망미동,,,,,,0.0,1.0,1.0,4,,,,True,,,,,,,270000000.0,0.0,270000000.0,0.0,0.0,True
TRADE_110E0C75F924,금양에이스,남구,대연동,,,,,,0.0,0.0,1.0,1,,,,True,,,,,,,134000000.0,0.0,134000000.0,0.0,0.0,True
TRADE_110F690D8E0F,금정초원,금정구,장전동,,,,,,0.0,0.0,0.0,1,,,,True,,,,,,,,,,,,
TRADE_113C4C1FCBA3,성도파인힐,남구,용호동,,,,,,0.0,0.0,0.0,1,,,,True,,,,,,,230000000.0,-0.05217391304347829,215000000.0,0.013953488372093092,0.0,True
TRADE_11697B978501,늘푸른마을,수영구,광안동,,,,,,0.0,0.0,0.0,2,,,,True,,,,,,,328000000.0,-0.054878048780487854,300000000.0,0.03333333333333344,0.0,True
TRADE_11E545A00588,남경힐타운,남구,대연동,,,,,,0.0,0.0,0.0,2,,,,True,,,,,,,,,,,,
TRADE_11E5CB7DFF50,나래아트빌,수영구,광안동,,,,,,0.0,1.0,1.0,1,,,,True,,,,,,-0.005714285714285672,198000000.0,-0.12121212121212122,174000000.0,0.0,1.0,True
TRADE_11F311E6E72B,부원맨션,사상구,모라동,,,,,,2.0,2.0,2.0,2,,,,True,,,,,,,,,,,,
TRADE_121CE139FFB8,골든팰리스-더파크,금정구,청룡동,,,,,,1.0,4.0,4.0,1,,,,True,,,,,,,,,,,,
TRADE_123D9F5D3D1E,유림하이츠2차,동래구,사직동,,,,,,0.0,0.0,0.0,1,,,,True,,,,,,,,,,,,
TRADE_123E6D9F2931,삼성하이츠,금정구,장전동,,,,,,0.0,0.0,0.0,1,,,,True,,,,,,,,,,,,
TRADE_12C52037DA0C,성창빌라,남구,문현동,,,,,,0.0,0.0,0.0,1,,,,True,,,,,,,,,,,,
TRADE_12C8AF5FE47F,향원에이스타운(79),서구,서대신동2가,,,,,,0.0,1.0,1.0,1,,,,True,,,,,,,,,,,,
TRADE_130CB72EE5E1,도시안락,동래구,안락동,,,,,,0.0,0.0,2.0,2,,,,True,,,,,,,,,,,,
TRADE_132656BD7CDF,금강빌,동래구,온천동,,,,,,0.0,0.0,0.0,1,,,,True,,,,,,,,,,,,
TRADE_132BC3787288,오양카멜리아,해운대구,중동,,,,,,0.0,0.0,0.0,1,,,,True,,,,,,,,,,,,
TRADE_133287BB1AFF,태양빌라트,남구,용호동,,,,,,0.0,0.0,0.0,1,,,,True,,,,,,,,,,,,
TRADE_134EC34AA19C,조광네오빌,연제구,연산동,,,,,,0.0,0.0,0.0,1,,,,True,,,,,,,247000000.0,-0.19028340080971662,200000000.0,0.0,0.0,True
TRADE_134FB1CD9285,서면,부산진구,범전동,,,,,,0.0,1.0,2.0,3,,,,True,,,,,,,,,,,,
TRADE_1383463CC29E,동보빌라,기장군,기장읍동부리,,,,,,0.0,0.0,0.0,1,,,,True,,,,,,,150000000.0,-0.19999999999999996,77250000.0,0.5533980582524272,0.0,True
TRADE_138C50F07DED,태윤리더스,기장군,기장읍대라리,,,,,,0.0,0.0,0.0,1,,,,True,,,,,,,,,,,,
TRADE_13ACBB4FF1A2,에스비타운,연제구,연산동,,,,,,0.0,0.0,0.0,2,,,,True,,,,,,,,,,,,
TRADE_13CF6B1C2784,성지잉카빌리지,부산진구,초읍동,,,,,,0.0,0.0,0.0,1,,,,True,,,,,,,,,,,,
TRADE_13D23E7F1521,연산헤즈,연제구,연산동,,,,,,0.0,0.0,0.0,1,,,,True,,,,,,,,,,,,
TRADE_13DBAB5D21F3,아시아드삼정그린코아더시티,동래구,사직동,,,,,,0.0,1.0,2.0,1,,,,True,,,,,,,,,,,,
TRADE_13DD81B8C495,신성레포츠빌리지,해운대구,재송동,,,,,,0.0,0.0,0.0,1,,,,True,,,,,,,160000000.0,-0.0625,150000000.0,0.0,0.0,True
TRADE_13E453BEC1B3,지우푸른마을,기장군,기장읍대라리,,,,,,0.0,0.0,0.0,1,,,,True,,,,,,,125000000.0,0.0,125000000.0,0.0,0.0,True
TRADE_13F1DAB38E9A,동우,수영구,민락동,,,,,,0.0,0.0,1.0,2,,,,True,,,,,,,300000000.0,0.0,300000000.0,0.0,0.0,True
TRADE_1404C14AF02B,서면앙쥬빌주상복합,부산진구,전포동,,,,,,1.0,3.0,7.0,1,,,,True,,,,,,,,,,,,
TRADE_144488FC56B1,세종스마트빌,해운대구,송정동,,,,,,0.0,0.0,0.0,1,,,,True,,,,,,,195000000.0,0.0,172000000.0,0.13372093023255816,0.0,True
TRADE_144E3B44DAB2,아시아드힐,연제구,거제동,,,,,,0.0,0.0,0.0,1,,,,True,,,,,,,225000000.0,-0.11111111111111116,200000000.0,0.0,0.0,True
TRADE_1453EB1467A9,가화랜드빌,기장군,기장읍교리,,,,,,0.0,1.0,1.0,2,,,,True,,,,,,,,,,,,
TRADE_145F8BB9D0EF,성신탑빌,남구,문현동,,,,,,0.0,0.0,0.0,1,,,,True,,,,,,,,,,,,
TRADE_146A819AEB35,대성타워,영도구,동삼동,,,,,,0.0,1.0,2.0,1,,,,True,,,,,0.04761904761904767,0.023809523809523725,245500000.0,-0.10386965376782076,200000000.0,0.10000000000000009,1.0,True
TRADE_146CFD80DFE1,재우카라디움,금정구,장전동,,,,,,0.0,0.0,0.0,1,,,,True,,,,,,,275000000.0,-0.32727272727272727,185000000.0,0.0,0.0,True
TRADE_14774A96AA57,하버씨티,동구,초량동,,,,,,0.0,1.0,2.0,1,,,,True,,,,,,,,,,,,
TRADE_1485CCB67EF0,동남타워,동래구,명장동,,,,,,0.0,0.0,1.0,3,,,,True,,,,,,0.016949152542372836,211500000.0,-0.14893617021276595,169500000.0,0.06194690265486735,0.0,True
TRADE_1488A5F9A125,대양에이스,부산진구,개금동,,,,,,0.0,0.0,0.0,1,,,,True,,,,,,,,,,,,
TRADE_1489A7E3D65B,새한,금정구,구서동,,,,,,0.0,0.0,0.0,2,,,,True,,,,,,,,,,,,
TRADE_14A505BC1FF1,보수동해마루아파트2차,중구,보수동2가,,,,,,0.0,1.0,2.0,1,,,,True,,,,,,,,,,,,
TRADE_14B3892DDDFD,남강맨션,수영구,광안동,,,,,,0.0,0.0,1.0,2,,,,True,,,,,,,,,,,,
TRADE_14B3D458EEC2,동래센트럴파크,동래구,온천동,,,,,,0.0,1.0,1.0,2,,,,True,,,,,,,,,,,,
TRADE_14B43AB3A5C1,강진노블레스,사하구,괴정동,,,,,,1.0,2.0,3.0,2,,,,True,,219000000.0,8513691.174599584,,0.04285714285714293,,220000000.0,-0.004545454545454519,200000000.0,0.09499999999999997,1.0,True
TRADE_14C0F3263F57,센텀안성타워,해운대구,재송동,,,,,,0.0,0.0,1.0,1,,,,True,,,,,,0.07246376811594213,168000000.0,-0.11904761904761907,110000000.0,0.34545454545454546,0.0,True
TRADE_14C1DE4480DA,한나라빌6동7동,영도구,동삼동,,,,,,1.0,1.0,1.0,1,,,,True,,120000000.0,4659919.98117204,,,-0.2941176470588235,170000000.0,-0.2941176470588235,120000000.0,0.0,1.0,True
TRADE_14EEB4C968F3,효산,금정구,장전동,,,,,,0.0,0.0,0.0,2,,,,True,,,,,,,,,,,,
TRADE_14FF6D5FAE97,노이하우스2차,기장군,기장읍서부리,,,,,,0.0,1.0,1.0,1,,,,True,,,,,,,172000000.0,-0.2151162790697675,135000000.0,0.0,1.0,True
TRADE_150AB6231E0A,이한,사하구,하단동,,,,,,0.0,0.0,0.0,3,,,,True,,,,,,,,,,,,
TRADE_1516A566E935,아침해오름,수영구,광안동,,,,,,0.0,0.0,0.0,1,,,,True,,,,,,,389000000.0,0.0,389000000.0,0.0,0.0,True
TRADE_1527FC9DBB6F,그린빌,중구,보수동1가,,,,,,0.0,0.0,0.0,1,,,,True,,,,,,,208000000.0,0.0,200000000.0,0.040000000000000036,0.0,True
TRADE_1588A03FD7D1,온천동산들파르테,동래구,온천동,,,,,,0.0,0.0,1.0,1,,,,True,,,,,,,,,,,,
TRADE_15B937170504,신화하이빌,부산진구,초읍동,,,,,,0.0,0.0,0.0,1,,,,True,,,,,,,276000000.0,-0.2753623188405797,200000000.0,0.0,0.0,True
TRADE_15BB06A17141,다해미네스트,부산진구,연지동,,,,,,1.0,1.0,1.0,2,,,,True,,,,,,,,,,,,
TRADE_15BEACDA6817,화신,금정구,장전동,,,,,,0.0,0.0,1.0,2,,,,True,,,,,,,,,,,,
TRADE_15CA00AC72FF,더팰리스,동래구,사직동,,,,,,0.0,1.0,2.0,2,,,,True,,,,,,,,,,,,
TRADE_1601AC7CBA80,테마파크빌3차,기장군,기장읍대라리,,,,,,0.0,0.0,0.0,1,,,,True,,,,,,,165000000.0,-0.16666666666666663,110000000.0,0.25,0.0,True
TRADE_162A92443469,홍익푸르미,연제구,연산동,,,,,,0.0,0.0,0.0,2,,,,True,,,,,,,280000000.0,0.0,270000000.0,0.03703703703703698,0.0,True
TRADE_1634A7F1EBBD,KCB센트리움,동구,초량동,,,,,,0.0,0.0,0.0,2,,,,True,,,,,,,,,,,,
TRADE_1645495B9E42,동림빌라(B),남구,용호동,,,,,,0.0,0.0,1.0,3,,,,True,,,,,,,396000000.0,0.0,396000000.0,0.0,0.0,True
TRADE_1655BADE7970,엘가,북구,화명동,,,,,,2.0,3.0,4.0,2,,,,True,,,,,,,,,,,,
TRADE_165A289C5F85,희망센츄럴타운,서구,서대신동2가,,,,,,0.0,0.0,0.0,2,,,,True,,,,,,,290000000.0,-0.15517241379310343,218000000.0,0.12385321100917435,0.0,True
TRADE_16760BA607E8,삼성빌라,부산진구,당감동,,,,,,0.0,0.0,0.0,2,,,,True,,,,,,,158000000.0,0.0,158000000.0,0.0,0.0,True
TRADE_16882F08DDEB,두선빌라,영도구,대교동2가,,,,,,0.0,0.0,0.0,1,,,,True,,,,,,,275000000.0,-0.23636363636363633,210000000.0,0.0,0.0,True
TRADE_16929FA978E4,아이더블유타워,사상구,괘법동,,,,,,0.0,0.0,0.0,1,,,,True,,,,,,,,,,,,
TRADE_16A268E1C60C,개나리,동래구,명장동,,,,,,0.0,0.0,1.0,2,,,,True,,,,,,,,,,,,
TRADE_16C4E460FF2C,진흥목화,수영구,남천동,,,,,,0.0,0.0,0.0,2,,,,True,,,,,,,400000000.0,-0.07499999999999996,370000000.0,0.0,0.0,True
TRADE_16D05C9C2C7E,오션포레스타,서구,서대신동1가,,,,,,0.0,0.0,0.0,1,,,,True,,,,,,,,,,,,
TRADE_16DA5A43E3C3,로얄2,동래구,사직동,,,,,,0.0,0.0,0.0,4,,,,True,,,,,,,480000000.0,0.0,402000000.0,0.19402985074626855,0.0,True
TRADE_16E45072BD39,금강로즈맨션,기장군,기장읍대라리,,,,,,0.0,0.0,0.0,1,,,,True,,,,,,,153000000.0,-0.21568627450980393,80000000.0,0.5,0.0,True
TRADE_1742FD24458A,망미,수영구,망미동,,,,,,1.0,2.0,3.0,3,,,,True,,,,,,,150000000.0,0.0,150000000.0,0.0,0.0,True
TRADE_1748CEF5F4F1,글로벌빌라트,동래구,사직동,,,,,,0.0,1.0,1.0,2,,,,True,,,,,,,,,,,,
TRADE_175846C8D0F1,오양대교맨션,영도구,봉래동3가,,,,,,0.0,0.0,2.0,4,,,,True,,,,,,,,,,,,
TRADE_1767B385C7E8,에코팰리스3,서구,충무동3가,,,,,,2.0,4.0,5.0,1,,,,True,,,,,,,,,,,,
TRADE_17D040225FFD,송림빌라,금정구,구서동,,,,,,0.0,0.0,0.0,1,,,,True,,,,,,,327000000.0,0.0,327000000.0,0.0,0.0,True
TRADE_17FF11D71854,영도궁전빌라,영도구,영선동3가,,,,,,0.0,0.0,0.0,2,,,,True,,,,,,,240000000.0,0.0,213500000.0,0.1241217798594847,0.0,True
TRADE_1817EE749E1C,태창파크,수영구,민락동,,,,,,0.0,1.0,3.0,4,,,,True,,,,,,,435000000.0,0.0,400000000.0,0.08749999999999991,0.0,True
TRADE_1847CCF198AF,홍림로즈빌,부산진구,당감동,,,,,,0.0,0.0,3.0,1,,,,True,,,,,,,,,,,,
TRADE_1848E3DFD2B3,협성,사상구,모라동,,,,,,2.0,4.0,4.0,4,,,,True,,117000000.0,4688809.278037525,0.11428571428571432,,,150000000.0,-0.21999999999999997,105000000.0,0.11428571428571432,3.0,False
TRADE_187DD8855667,서강빌트,동래구,온천동,,,,,,0.0,0.0,0.0,1,,,,True,,,,,,,195000000.0,0.0,179500000.0,0.08635097493036215,0.0,True
TRADE_189320718E39,회현하이츠빌라,해운대구,반송동,,,,,,1.0,1.0,1.0,1,,,,True,,,,,,,,,,,,
TRADE_18B365466AAA,협성그린피아,부산진구,전포동,,,,,,0.0,0.0,0.0,2,,,,True,,,,,,,167000000.0,0.0,157000000.0,0.06369426751592355,0.0,True
TRADE_18B8A4C25539,국제,연제구,거제동,,,,,,0.0,0.0,0.0,1,,,,True,,,,,,,,,,,,
TRADE_18C40A96CCBE,굿모닝뷰,사상구,괘법동,,,,,,0.0,1.0,3.0,3,,,,True,,,,,,,,,,,,
TRADE_18C6CA5278AF,다전그린,사하구,하단동,,,,,,0.0,0.0,0.0,3,,,,True,,,,,,,310000000.0,-0.25806451612903225,223000000.0,0.03139013452914807,0.0,True
TRADE_18ED07203308,스카이뷰,사상구,감전동,,,,,,0.0,0.0,1.0,1,,,,True,,,,,,,180000000.0,0.0,180000000.0,0.0,0.0,True
TRADE_18F035704FF4,부림1차,남구,대연동,,,,,,0.0,1.0,1.0,2,,,,True,,,,,,,290000000.0,0.0,270000000.0,0.07407407407407418,1.0,True
TRADE_1906136C6B6F,흑교,중구,보수동2가,,,,,,0.0,0.0,1.0,2,,,,True,,,,,,,,,,,,
TRADE_190CE5F6FD8B,아름빌104동,동구,범일동,,,,,,0.0,0.0,0.0,1,,,,True,,,,,,,209000000.0,0.0,190000000.0,0.10000000000000009,0.0,True
TRADE_1918EDE52E74,광일센텀스카이뷰,수영구,광안동,,,,,,0.0,1.0,5.0,3,,,,True,,,,,,,,,,,,
TRADE_19514AA98466,서동동국에버리치,금정구,서동,,,,,,0.0,0.0,0.0,1,,,,True,,,,,,,,,,,,
TRADE_1959D5982B44,우영클래식파크,금정구,구서동,,,,,,0.0,0.0,0.0,1,,,,True,,,,,,,237000000.0,-0.0864978902953587,216500000.0,0.0,0.0,True
TRADE_19CCFDD331AA,삼영일리아,해운대구,우동,,,,,,0.0,0.0,0.0,1,,,,True,,,,,,,,,,,,
TRADE_19F1CE0BB442,남산누리마을,금정구,남산동,,,,,,1.0,3.0,6.0,2,,,,True,,,,,,,,,,,,
TRADE_19F58632DA1E,중앙(1781-80),남구,대연동,,,,,,0.0,0.0,0.0,1,,,,True,,,,,,,,,,,,
TRADE_19FC832DA3E9,강산해오름,연제구,연산동,,,,,,0.0,0.0,0.0,1,,,,True,,,,,,,220000000.0,0.0,210000000.0,0.04761904761904767,0.0,True
TRADE_1A1B43614056,크라운빌라,해운대구,중동,,,,,,0.0,0.0,0.0,1,,,,True,,,,,,,,,,,,
TRADE_1A3A11F3C880,한라,남구,용호동,,,,,,0.0,0.0,0.0,2,,,,True,,,,,,,,,,,,
TRADE_1A3EAEF46675,청보,부산진구,양정동,,,,,,0.0,0.0,1.0,1,,,,True,,,,,,,,,,,,
TRADE_1A4B87AE7293,대동그린빌,남구,대연동,,,,,,0.0,1.0,1.0,1,,,,True,,,,,,0.06666666666666665,240000000.0,0.0,225000000.0,0.06666666666666665,1.0,True
TRADE_1A4D2E272A45,홍림3차,연제구,연산동,,,,,,0.0,0.0,0.0,3,,,,True,,,,,,,247000000.0,0.0,200000000.0,0.2350000000000001,0.0,True
TRADE_1A50D119C87A,협진신태양(240-80),사하구,괴정동,,,,,,0.0,0.0,1.0,2,,,,True,,,,,,,,,,,,
TRADE_1A7173FE073A,대흥파크나동,해운대구,우동,,,,,,0.0,0.0,0.0,2,,,,True,,,,,,,,,,,,
TRADE_1AA1AB9BB72E,금강센스빌제101동,기장군,기장읍동부리,,,,,,0.0,0.0,0.0,1,,,,True,,,,,,,135000000.0,0.0,135000000.0,0.0,0.0,True
TRADE_1AA8A68D3517,하이츠빌리지,동구,수정동,,,,,,0.0,0.0,0.0,2,,,,True,,,,,,,220000000.0,0.0,220000000.0,0.0,0.0,True
TRADE_1AC7B4175998,국제빌라,금정구,남산동,,,,,,0.0,0.0,0.0,1,,,,True,,,,,,,,,,,,
TRADE_1AD354185ECE,크로바맨션,동래구,안락동,,,,,,0.0,0.0,0.0,2,,,,True,,,,,,,,,,,,
TRADE_1B2703FA0101,을숙도아침,북구,구포동,,,,,,0.0,0.0,1.0,1,,,,True,,,,,,,,,,,,
TRADE_1B2C2B25A9E0,재성힐링파크,사하구,다대동,,,,,,0.0,0.0,0.0,2,,,,True,,,,,,,,,,,,
TRADE_1B34F2A9312D,중앙시티빌,금정구,부곡동,,,,,,1.0,1.0,1.0,1,,,,True,,,,,,,,,,,,
TRADE_1B4775B6C549,까치,동래구,명장동,,,,,,0.0,0.0,0.0,1,,,,True,,,,,,,170000000.0,-0.2941176470588235,120000000.0,0.0,0.0,True
TRADE_1B704DDFC9A8,연산아이브,연제구,연산동,,,,,,0.0,0.0,2.0,2,,,,True,,,,,,,,,,,,
TRADE_1B727C23C8FA,용진노블레스,금정구,장전동,,,,,,0.0,0.0,1.0,1,,,,True,,,,,,-0.09259259259259256,285000000.0,-0.14035087719298245,220000000.0,0.11363636363636354,0.0,True
TRADE_1B83B32F2BAF,대교마루빌,영도구,봉래동2가,,,,,,0.0,0.0,1.0,2,,,,True,,,,,,,,,,,,
TRADE_1B8EC9FEA7B9,서원블루오션E동,서구,충무동1가,,,,,,0.0,0.0,0.0,1,,,,True,,,,,,,,,,,,
TRADE_1B9FB4FE3173,소라,사하구,당리동,,,,,,0.0,0.0,0.0,2,,,,True,,,,,,,,,,,,
TRADE_1BBC6AEA41A8,대은시티빌,연제구,연산동,,,,,,0.0,0.0,0.0,1,,,,True,,,,,,,,,,,,
TRADE_1BD5871386EB,누리아띠,사하구,장림동,,,,,,0.0,0.0,0.0,1,,,,True,,,,,,,,,,,,
TRADE_1BEFF09201D3,구포오바드빌,북구,구포동,,,,,,0.0,1.0,1.0,2,,,,True,,,,,,,249000000.0,-0.09638554216867468,208000000.0,0.08173076923076916,0.0,True
TRADE_1BFB5772D24C,수정골든빌,금정구,부곡동,,,,,,0.0,0.0,0.0,1,,,,True,,,,,,,,,,,,
TRADE_1C1318D62EF7,주은해변빌라,기장군,기장읍대변리,,,,,,0.0,0.0,0.0,2,,,,True,,,,,,,95000000.0,0.0,95000000.0,0.0,0.0,True
TRADE_1C27A1A032DC,대승타워,남구,대연동,,,,,,0.0,1.0,6.0,2,,,,True,,,,,,,,,,,,
TRADE_1C47A82EF0C5,한영빌라,사상구,주례동,,,,,,0.0,0.0,0.0,1,,,,True,,,,,,,,,,,,
TRADE_1C4B59523F6C,그린빌,금정구,서동,,,,,,0.0,0.0,0.0,1,,,,True,,,,,,,,,,,,
TRADE_1C5069A90AFC,유성단풍빌라,연제구,연산동,,,,,,0.0,0.0,0.0,1,,,,True,,,,,,,,,,,,
TRADE_1C631901E519,하이스카이,영도구,영선동1가,,,,,,0.0,0.0,0.0,1,,,,True,,,,,,,,,,,,
TRADE_1C8FDCC32E58,해성비발디,금정구,남산동,,,,,,0.0,1.0,1.0,3,,,,True,,,,,,,203000000.0,-0.19458128078817738,163500000.0,0.0,1.0,True
TRADE_1C96BE5FEEE7,형제맨션,동래구,수안동,,,,,,0.0,0.0,0.0,2,,,,True,,,,,,,,,,,,
TRADE_1CACC8EEEE9B,한신,연제구,거제동,,,,,,0.0,0.0,0.0,3,,,,True,,,,,,,,,,,,
TRADE_1CB341F5322C,일성센텀스카이뷰,수영구,광안동,,,,,,0.0,0.0,1.0,1,,,,True,,,,,,,,,,,,
TRADE_1CC48800C813,서원스위트홈,서구,토성동5가,,,,,,0.0,1.0,6.0,2,,,,True,,,,,-0.07258064516129037,-0.05882352941176472,270000000.0,-0.14814814814814814,200000000.0,0.1499999999999999,1.0,True
TRADE_1CE709B80896,삼주아파트,동래구,낙민동,,,,,,0.0,0.0,0.0,1,,,,True,,,,,,,,,,,,
TRADE_1CE73E07E106,신보수맨션,중구,보수동3가,,,,,,0.0,0.0,0.0,2,,,,True,,,,,,,,,,,,
TRADE_1CF6CABF4C26,에코펠리스,서구,충무동2가,,,,,,1.0,2.0,5.0,3,,,,True,,,,,,,,,,,,
TRADE_1CFD69D37FF6,수안,동래구,수안동,,,,,,0.0,3.0,4.0,4,,,,True,,,,,,,580000000.0,0.0,350000000.0,0.6571428571428573,0.0,True
TRADE_1D03A0238D25,우방빌라트,사하구,괴정동,,,,,,0.0,0.0,0.0,1,,,,True,,,,,,,,,,,,
TRADE_1D0C5E35CE92,청암,금정구,남산동,,,,,,0.0,0.0,1.0,2,,,,True,,,,,,,200000000.0,-0.18000000000000005,160000000.0,0.02499999999999991,0.0,True
TRADE_1D11AA7C9521,초원,동구,초량동,,,,,,0.0,0.0,1.0,1,,,,True,,,,,,,,,,,,
TRADE_1D21D540DACE,청솔맨션,사하구,신평동,,,,,,1.0,1.0,1.0,2,,,,True,,,,,,,,,,,,
TRADE_1D9662688925,덕광,해운대구,반여동,,,,,,0.0,0.0,0.0,2,,,,True,,,,,,,,,,,,
TRADE_1DC564D06812,동성베스트빌라,북구,덕천동,,,,,,0.0,0.0,0.0,1,,,,True,,,,,,,150000000.0,-0.21999999999999997,100000000.0,0.16999999999999993,0.0,True
TRADE_1DC9F2A8C04B,전원그린맨션A,기장군,기장읍교리,,,,,,0.0,0.0,0.0,3,,,,True,,,,,,,140000000.0,-0.1428571428571429,100000000.0,0.19999999999999996,0.0,True
TRADE_1DD9F9B67D78,가야센트리움,부산진구,가야동,,,,,,0.0,0.0,1.0,1,,,,True,,,,,,,,,,,,
TRADE_1DDE1AF8A0FC,새온천,금정구,장전동,,,,,,0.0,0.0,0.0,2,,,,True,,,,,,,,,,,,
TRADE_1E040D62374E,구서빌라1동,금정구,구서동,,,,,,0.0,0.0,0.0,1,,,,True,,,,,,,,,,,,
TRADE_1E070744E72A,일성아이앤유,동래구,온천동,,,,,,0.0,0.0,0.0,1,,,,True,,,,,,,,,,,,
TRADE_1E113CD0EA9B,광안비치빌리지(101),수영구,광안동,,,,,,0.0,0.0,0.0,1,,,,True,,,,,,,375000000.0,0.0,375000000.0,0.0,0.0,True
TRADE_1E1BABF72B57,남산타워,남구,대연동,,,,,,0.0,0.0,0.0,1,,,,True,,,,,,,277000000.0,0.0,277000000.0,0.0,0.0,True
TRADE_1E39B05EBFE7,광안동일빌라,수영구,광안동,,,,,,0.0,0.0,0.0,1,,,,True,,,,,,,,,,,,
TRADE_1E5001E44E0C,민락동화맨션가동,수영구,민락동,,,,,,0.0,0.0,0.0,2,,,,True,,,,,,,,,,,,
TRADE_1EAD6D7F67A7,페로스타워,영도구,동삼동,,,,,,0.0,0.0,1.0,2,,,,True,,,,,,,205000000.0,-0.12195121951219512,179500000.0,0.0027855153203342198,0.0,True
TRADE_1EE1C7D7D24E,충무(38-1),서구,충무동2가,,,,,,0.0,0.0,0.0,1,,,,True,,,,,,,,,,,,
TRADE_1EE89442D3D6,코포스빌,서구,서대신동3가,,,,,,0.0,0.0,0.0,1,,,,True,,,,,,,,,,,,
TRADE_1EF97FF4B92B,거제센텀,연제구,거제동,,,,,,0.0,1.0,1.0,1,,,,True,,,,,,,,,,,,
TRADE_1EF9908D51CA,희망센트럴뷰,연제구,연산동,,,,,,0.0,0.0,2.0,2,,,,True,,,,,,,295000000.0,-0.13559322033898302,212000000.0,0.20283018867924518,0.0,True
TRADE_1F025438746B,재성힐링파크2차,사하구,다대동,,,,,,0.0,1.0,4.0,1,,,,True,,,,,,,,,,,,
TRADE_1F08D07EC5D1,남영하이빌,금정구,구서동,,,,,,0.0,0.0,1.0,1,,,,True,,,,,,,234000000.0,-0.14529914529914534,200000000.0,0.0,0.0,True
TRADE_1F1233C4F23D,서대센츄럴타운,서구,서대신동3가,,,,,,1.0,2.0,2.0,1,,,,True,,239000000.0,9549582.273883035,0.13809523809523805,,,249500000.0,-0.04208416833667339,200000000.0,0.19500000000000006,2.0,True
TRADE_1F1AF724DF86,리츠아파트,기장군,기장읍동부리,,,,,,0.0,0.0,0.0,2,,,,True,,,,,,,160000000.0,-0.25,120000000.0,0.0,0.0,True
TRADE_1F22A112897C,봉황파크,수영구,남천동,,,,,,0.0,0.0,2.0,2,,,,True,,,,,,,350000000.0,0.0,350000000.0,0.0,0.0,True
TRADE_1F2E889B393A,푸른마을나동,동래구,온천동,,,,,,0.0,0.0,0.0,2,,,,True,,,,,,,302000000.0,-0.11258278145695366,268000000.0,0.0,0.0,True
TRADE_1F4ACC54B5BB,청조,사하구,당리동,,,,,,0.0,0.0,0.0,1,,,,True,,,,,,,,,,,,
TRADE_1F4B27C8CBD2,진은빌리지,서구,서대신동2가,,,,,,0.0,0.0,0.0,2,,,,True,,,,,,,177000000.0,0.0,177000000.0,0.0,0.0,True
TRADE_1F67152B9877,석공힐타운,해운대구,중동,,,,,,0.0,1.0,1.0,1,,,,True,,,,,,,,,,,,
TRADE_1F80683FAEF4,전원파크뷰,금정구,부곡동,,,,,,0.0,0.0,1.0,1,,,,True,,,,,,,320000000.0,-0.0625,300000000.0,0.0,0.0,True
TRADE_1F8240EF6911,서원블루오션G동,서구,부용동1가,,,,,,3.0,3.0,4.0,2,,,,True,,,,,,,,,,,,
TRADE_1FB182FB6A8E,무지개타운,금정구,부곡동,,,,,,2.0,3.0,5.0,4,,,,True,,,,,,,380000000.0,-0.1842105263157895,169500000.0,0.8289085545722714,0.0,True
TRADE_1FBF3582EC4D,효산벨루스,북구,구포동,,,,,,0.0,0.0,0.0,2,,,,True,,,,,,,,,,,,
TRADE_1FC4A0CA75C0,범천동프렌빌,부산진구,범천동,,,,,,1.0,1.0,2.0,1,,,,True,,,,,,,,,,,,
TRADE_1FFA50341996,유승아트(110-41),동구,초량동,,,,,,0.0,0.0,0.0,1,,,,True,,,,,,,,,,,,
TRADE_200096A2D0F4,삼성부곡,금정구,부곡동,,,,,,0.0,0.0,0.0,1,,,,True,,,,,,,,,,,,
TRADE_2005D1FB5F9F,수안동하나로아파트4차,동래구,수안동,,,,,,0.0,0.0,0.0,1,,,,True,,,,,,,240000000.0,0.0,214000000.0,0.12149532710280364,0.0,True
TRADE_200CDE3E500B,정림,사하구,당리동,,,,,,0.0,0.0,0.0,1,,,,True,,,,,,,,,,,,
TRADE_20200EE77F80,향원에이스타운(78),서구,서대신동2가,,,,,,0.0,0.0,0.0,1,,,,True,,,,,,,240000000.0,0.0,200000000.0,0.19999999999999996,0.0,True
TRADE_202274B59A99,정목까사,해운대구,중동,,,,,,0.0,0.0,0.0,1,,,,True,,,,,,,190000000.0,0.0,190000000.0,0.0,0.0,True
TRADE_2043B98E154A,산호비치,수영구,광안동,,,,,,0.0,0.0,1.0,1,,,,True,,,,,,,,,,,,
TRADE_20511A1317C3,타워팰리스,부산진구,양정동,,,,,,0.0,2.0,3.0,1,,,,True,,,,,,,,,,,,
TRADE_206838C4C464,해변빌라,수영구,광안동,,,,,,0.0,0.0,0.0,1,,,,True,,,,,,,,,,,,
TRADE_20AD28FA32AA,메종해.달.별,부산진구,양정동,,,,,,0.0,0.0,0.0,1,,,,True,,,,,,,,,,,,
TRADE_20D83F5C5A31,아침마을에이동,남구,대연동,,,,,,0.0,0.0,1.0,3,,,,True,,,,,,,250000000.0,0.0,250000000.0,0.0,0.0,True
TRADE_20E37E7058A8,태원더블루원,강서구,대저1동,,,,,,0.0,0.0,1.0,2,,,,True,,,,,,,,,,,,
TRADE_20F5CF8517DC,신익,사하구,괴정동,,,,,,0.0,1.0,1.0,2,,,,True,,,,,,,,,,,,
TRADE_211CBB17385E,삼광(585-78),사상구,학장동,,,,,,0.0,0.0,0.0,1,,,,True,,,,,,,175000000.0,-0.0028571428571428914,166000000.0,0.051204819277108404,0.0,True
TRADE_2135D8A1CF4F,센스빌,동래구,온천동,,,,,,0.0,0.0,0.0,1,,,,True,,,,,,,305000000.0,0.0,263000000.0,0.15969581749049433,0.0,True
TRADE_219793BDAB42,삼경,부산진구,개금동,,,,,,0.0,0.0,0.0,1,,,,True,,,,,,,,,,,,
TRADE_219B468861F4,진원하이빌1차,사상구,감전동,,,,,,0.0,0.0,0.0,1,,,,True,,,,,,,,,,,,
TRADE_219D31B691A8,기수빌라,금정구,남산동,,,,,,0.0,0.0,0.0,1,,,,True,,,,,,,,,,,,
TRADE_21C9CB6DEED8,흥아거북,연제구,연산동,,,,,,0.0,0.0,0.0,1,,,,True,,,,,,,265000000.0,0.0,250000000.0,0.06000000000000005,0.0,True
TRADE_21E8AE394CC5,항도맨션,남구,대연동,,,,,,0.0,0.0,0.0,1,,,,True,,,,,,,,,,,,
TRADE_21ED4EF4FE10,무궁화(337-2),북구,덕천동,,,,,,0.0,0.0,0.0,1,,,,True,,,,,,,,,,,,
TRADE_21FF184D46A3,대성하이츠빌,북구,금곡동,,,,,,0.0,0.0,1.0,2,,,,True,,,,,,,155000000.0,0.0,140000000.0,0.1071428571428572,0.0,True
TRADE_22154C179AF8,협성센트로,연제구,연산동,,,,,,0.0,0.0,2.0,2,,,,True,,,,,,,,,,,,
TRADE_221C533A791A,애경아트빌,기장군,기장읍동부리,,,,,,0.0,1.0,1.0,1,,,,True,,,,,,,,,,,,
TRADE_221F54E165CB,청송,동래구,온천동,,,,,,0.0,0.0,0.0,1,,,,True,,,,,,,,,,,,
TRADE_22354043190C,삼정,남구,용호동,,,,,,0.0,0.0,1.0,1,,,,True,,,,,,,242000000.0,0.0,204000000.0,0.18627450980392157,0.0,True
TRADE_2246E41AFF77,창신그린힐,부산진구,초읍동,,,,,,0.0,1.0,5.0,2,,,,True,,,,,0.12857142857142856,-0.180327868852459,203500000.0,-0.2235872235872236,130000000.0,0.21538461538461529,1.0,True
TRADE_2250EA7C6504,서면블리체,부산진구,부전동,,,,,,1.0,2.0,6.0,1,,,,True,,,,,,,,,,,,
TRADE_226EA4A466FC,세운,사하구,괴정동,,,,,,0.0,0.0,0.0,1,,,,True,,,,,,,,,,,,
TRADE_229D86FD7B20,한우아파트2동,남구,대연동,,,,,,0.0,0.0,0.0,2,,,,True,,,,,,,260000000.0,0.0,165000000.0,0.5757575757575757,0.0,True
TRADE_22C4A8D27332,어반힐즈,연제구,연산동,,,,,,2.0,3.0,5.0,1,,,,True,,,,,,,,,,,,
TRADE_22F191EFF095,해오름아트빌,연제구,연산동,,,,,,0.0,0.0,1.0,2,,,,True,,,,,,,,,,,,
TRADE_22FBDE4109FA,온천지음,금정구,부곡동,,,,,,0.0,0.0,0.0,1,,,,True,,,,,,,,,,,,
TRADE_22FF18F40BB4,프리미엄안단테,부산진구,전포동,,,,,,0.0,0.0,0.0,1,,,,True,,,,,,,,,,,,
TRADE_231429BCE551,유성해네스타워,사하구,괴정동,,,,,,0.0,1.0,3.0,1,,,,True,,,,,,,,,,,,
TRADE_234704320010,금오그린빌라,수영구,광안동,,,,,,0.0,0.0,0.0,1,,,,True,,,,,,,,,,,,
TRADE_234D218985BD,석주아트빌,연제구,연산동,,,,,,0.0,0.0,0.0,1,,,,True,,,,,,,230000000.0,-0.17391304347826086,190000000.0,0.0,0.0,True
TRADE_236A78B96092,동부썬빌라,해운대구,중동,,,,,,0.0,0.0,0.0,1,,,,True,,,,,,,,,,,,
TRADE_2378949F7791,반달,수영구,광안동,,,,,,0.0,0.0,0.0,1,,,,True,,,,,,,,,,,,
TRADE_23A22938C6A3,평생골드타운,사하구,장림동,,,,,,0.0,0.0,2.0,3,,,,True,,,,,,-0.3067729083665338,130000000.0,-0.3307692307692308,87000000.0,0.0,0.0,True
TRADE_23A43CCAA91E,유나베네스타운,금정구,부곡동,,,,,,0.0,0.0,1.0,3,,,,True,,,,,,,195000000.0,0.0,195000000.0,0.0,0.0,True
TRADE_23C796E0DDD7,송곡,사하구,괴정동,,,,,,0.0,0.0,0.0,1,,,,True,,,,,,,,,,,,
TRADE_23E457C1CAEA,대티은하,사하구,괴정동,,,,,,0.0,0.0,0.0,1,,,,True,,,,,,,,,,,,
TRADE_23F51A49FAC6,아림베르빌,동래구,온천동,,,,,,0.0,0.0,1.0,2,,,,True,,,,,,-0.14893617021276595,260000000.0,-0.23076923076923073,200000000.0,0.0,0.0,True
TRADE_24137EC85F9E,한영리더스,사하구,다대동,,,,,,0.0,0.0,1.0,3,,,,True,,,,,,,,,,,,
TRADE_243922B4D958,디아이하우스,연제구,연산동,,,,,,0.0,0.0,0.0,1,,,,True,,,,,,,,,,,,
TRADE_245DB52286E4,강산해오름,수영구,광안동,,,,,,0.0,0.0,0.0,1,,,,True,,,,,,,,,,,,
TRADE_245E42E805EE,드림파크빌리지,금정구,청룡동,,,,,,0.0,0.0,2.0,1,,,,True,,,,,,-0.06382978723404253,235000000.0,-0.1063829787234043,210000000.0,0.0,0.0,True
TRADE_24608598D4BB,지성하이츠빌라,동구,초량동,,,,,,0.0,0.0,0.0,2,,,,True,,,,,,,168000000.0,0.0,160000000.0,0.050000000000000044,0.0,True
TRADE_246109F0541F,맥스빌,금정구,남산동,,,,,,0.0,0.0,0.0,3,,,,True,,,,,,,285000000.0,-0.056140350877192935,212500000.0,0.26588235294117646,0.0,True
TRADE_246454B70F39,형제오션뷰,영도구,동삼동,,,,,,1.0,1.0,2.0,1,,,,True,,193000000.0,7509763.045692939,,0.1352941176470588,,210000000.0,-0.080952380952381,170000000.0,0.1352941176470588,1.0,True
TRADE_246ABAB4EA86,센텀대원,해운대구,재송동,,,,,,0.0,0.0,0.0,3,,,,True,,,,,,,,,,,,
TRADE_247AB149A10E,7차청탑그린빌라,중구,보수동3가,,,,,,0.0,0.0,0.0,1,,,,True,,,,,,,,,,,,
TRADE_248EF9C9A65E,동림,수영구,망미동,,,,,,0.0,1.0,3.0,1,,,,True,,,,,,,,,,,,
TRADE_24AF0FB26E97,대정르네상스빌,기장군,기장읍대라리,,,,,,0.0,0.0,0.0,1,,,,True,,,,,,,150000000.0,0.0,124000000.0,0.20967741935483875,0.0,True
TRADE_24F9ED627FAB,송남맨션,해운대구,재송동,,,,,,0.0,0.0,0.0,2,,,,True,,,,,,,170000000.0,0.0,170000000.0,0.0,0.0,True
TRADE_2511052AD78F,광안리치빌A,수영구,광안동,,,,,,0.0,0.0,1.0,2,,,,True,,,,,,,700000000.0,0.0,305000000.0,1.2950819672131146,0.0,True
TRADE_25130DD12949,삼한경희,영도구,동삼동,,,,,,0.0,0.0,3.0,1,,,,True,,,,,,,,,,,,
TRADE_2519B858165C,은우아일레,동래구,온천동,,,,,,2.0,3.0,8.0,1,,,,True,,,,,,,,,,,,
TRADE_253C688F97AC,LKS노빌리티,금정구,서동,,,,,,0.0,0.0,0.0,2,,,,True,,,,,,,,,,,,
TRADE_254ECD6B53A7,청송,영도구,영선동2가,,,,,,0.0,0.0,0.0,1,,,,True,,,,,,,235000000.0,0.0,235000000.0,0.0,0.0,True
TRADE_2571EAD65090,중앙,북구,구포동,,,,,,0.0,0.0,0.0,1,,,,True,,,,,,,,,,,,
TRADE_25901E00E7EC,거성경원,금정구,남산동,,,,,,0.0,1.0,2.0,4,,,,True,,,,,,,150000000.0,0.0,150000000.0,0.0,0.0,True
TRADE_25A579A8385E,경인,사하구,하단동,,,,,,0.0,0.0,1.0,1,,,,True,,,,,,,,,,,,
TRADE_25D5E1A4DC7C,석포로얄캐슬,서구,서대신동3가,,,,,,0.0,0.0,0.0,1,,,,True,,,,,,,,,,,,
TRADE_25E41FB1F482,센텀빌,동래구,온천동,,,,,,0.0,1.0,1.0,1,,,,True,,,,,,,,,,,,
TRADE_262C40D8727F,메리온시티,부산진구,양정동,,,,,,2.0,3.0,3.0,2,,,,True,,,,,,,,,,,,
TRADE_262D2BD32264,태경썬하우스텔,연제구,연산동,,,,,,0.0,0.0,0.0,1,,,,True,,,,,,,255000000.0,-0.05882352941176472,136000000.0,0.7647058823529411,0.0,True
TRADE_26785C7BCC39,대륙천마A,서구,충무동2가,,,,,,0.0,0.0,0.0,1,,,,True,,,,,,,,,,,,
TRADE_267D4BA3D658,주례센텀,사상구,주례동,,,,,,0.0,0.0,1.0,2,,,,True,,,,,,,,,,,,
TRADE_26AA1EC2E1A5,산들파르테2차,금정구,구서동,,,,,,0.0,0.0,2.0,1,,,,True,,,,,,,,,,,,
TRADE_26AE6691E4C9,신일맨션,남구,용호동,,,,,,0.0,0.0,1.0,2,,,,True,,,,,,,,,,,,
TRADE_26D46744A748,사하오성빌라맨션,사하구,괴정동,,,,,,0.0,0.0,1.0,4,,,,True,,,,,,,149000000.0,-0.32885906040268453,100000000.0,0.0,0.0,True
TRADE_26E436A1CA01,대림SM,사하구,당리동,,,,,,0.0,0.0,1.0,1,,,,True,,,,,,,,,,,,
TRADE_26E6100F2F51,금강빌라,금정구,장전동,,,,,,0.0,1.0,1.0,1,,,,True,,,,,,,,,,,,
TRADE_26E6B7887A58,석천,남구,우암동,,,,,,0.0,1.0,2.0,2,,,,True,,,,,,,,,,,,
TRADE_271D482486FF,뉴록원하이츠,남구,대연동,,,,,,0.0,0.0,0.0,1,,,,True,,,,,,,205000000.0,0.0,205000000.0,0.0,0.0,True
TRADE_276514896412,위드한빛,사상구,괘법동,,,,,,1.0,2.0,2.0,2,,,,True,,105000000.0,4085603.1128404667,,,0.0714285714285714,150000000.0,-0.30000000000000004,98000000.0,0.0714285714285714,1.0,True
TRADE_2768E23CF0A8,하단파미르빌,사하구,하단동,,,,,,0.0,0.0,0.0,1,,,,True,,,,,,,,,,,,
TRADE_2782DDBD030A,평화,부산진구,범천동,,,,,,0.0,0.0,0.0,1,,,,True,,,,,,,,,,,,
TRADE_2783F92AFB6E,대동레미안센트럴시티,부산진구,부전동,,,,,,0.0,1.0,1.0,1,,,,True,,,,,,,,,,,,
TRADE_27B6813BD5E5,서면베스트빌,부산진구,전포동,,,,,,0.0,0.0,0.0,1,,,,True,,,,,,,325000000.0,0.0,297000000.0,0.09427609427609429,0.0,True
TRADE_27CD45DB3FA5,한우리타워4차,서구,서대신동3가,,,,,,1.0,2.0,2.0,3,,,,True,,,,,,,,,,,,
TRADE_27E56F1CA086,동광하이빌(103),부산진구,전포동,,,,,,0.0,1.0,1.0,1,,,,True,,,,,,,250000000.0,0.0,250000000.0,0.0,1.0,True
TRADE_27F44C252BD0,드림,남구,대연동,,,,,,1.0,1.0,3.0,1,,,,True,,,,,,,,,,,,
TRADE_2819FC83601C,오현스위트,서구,서대신동2가,,,,,,0.0,0.0,1.0,1,,,,True,,,,,,,,,,,,
TRADE_28529FDDD513,풍신,부산진구,개금동,,,,,,0.0,0.0,0.0,1,,,,True,,,,,,,,,,,,
TRADE_285A14705B6E,조희라메르,해운대구,송정동,,,,,,0.0,1.0,1.0,2,,,,True,,,,,,,,,,,,
TRADE_286350683B0B,남산삼전빌라,금정구,남산동,,,,,,0.0,0.0,1.0,1,,,,True,,,,,,,,,,,,
TRADE_2864DF9ADFC6,삼흥파크타운,수영구,광안동,,,,,,0.0,0.0,0.0,1,,,,True,,,,,,,285000000.0,0.0,187000000.0,0.5240641711229947,0.0,True
TRADE_289B6FD27E13,금양드림타워,수영구,광안동,,,,,,0.0,0.0,0.0,2,,,,True,,,,,,,345000000.0,0.0,320000000.0,0.078125,0.0,True
TRADE_28A3CD84981F,나산리버빌,사하구,하단동,,,,,,0.0,0.0,3.0,3,,,,True,,,,,,,298000000.0,-0.11409395973154357,264000000.0,0.0,0.0,True
TRADE_28AA562307B4,신우빌라,해운대구,송정동,,,,,,0.0,0.0,1.0,1,,,,True,,,,,,,135000000.0,0.0,135000000.0,0.0,0.0,True
TRADE_28C1F373DFB7,홍림로얄뷰,부산진구,당감동,,,,,,0.0,1.0,5.0,2,,,,True,,,,,,,,,,,,
TRADE_28CF0598C8C9,부국2,북구,덕천동,,,,,,0.0,1.0,1.0,2,,,,True,,,,,,,,,,,,
TRADE_28DAED35D4C7,유진맨션,사상구,모라동,,,,,,0.0,3.0,5.0,1,,,,True,,,,,,,,,,,,
TRADE_28F6383C696B,대신썬빌리지B,서구,서대신동3가,,,,,,0.0,0.0,0.0,1,,,,True,,,,,,,250000000.0,0.0,218000000.0,0.14678899082568808,0.0,True
TRADE_291AB6D75ECA,동방,사하구,하단동,,,,,,0.0,0.0,0.0,1,,,,True,,,,,,,,,,,,
TRADE_29221164224F,반명빌라,연제구,연산동,,,,,,0.0,0.0,0.0,1,,,,True,,,,,,,,,,,,
TRADE_292AAE43AA05,감천화흥타워,사하구,감천동,,,,,,0.0,0.0,0.0,1,,,,True,,,,,,,,,,,,
TRADE_292AD3DF3563,공림비치힐,해운대구,중동,,,,,,0.0,0.0,0.0,1,,,,True,,,,,,,288000000.0,0.0,288000000.0,0.0,0.0,True
TRADE_29481871CE11,유림빌라,해운대구,재송동,,,,,,0.0,0.0,1.0,2,,,,True,,,,,,,234000000.0,-0.2991452991452992,164000000.0,0.0,0.0,True
TRADE_2953EADD00FC,시청역중앙하이츠,부산진구,양정동,,,,,,0.0,0.0,0.0,1,,,,True,,,,,,,,,,,,
TRADE_2972BDD3E84F,지성타워빌,수영구,광안동,,,,,,0.0,0.0,0.0,2,,,,True,,,,,,,308000000.0,0.0,308000000.0,0.0,0.0,True
TRADE_297ADB0AE1CC,금강캐슬(511-4),금정구,장전동,,,,,,0.0,0.0,0.0,1,,,,True,,,,,,,,,,,,
TRADE_29A09B406CFA,세진에버그린A동,금정구,구서동,,,,,,0.0,0.0,0.0,1,,,,True,,,,,,,,,,,,
TRADE_29DA5330C854,구서동나우빌라트,금정구,구서동,,,,,,0.0,0.0,0.0,2,,,,True,,,,,,,245000000.0,0.0,245000000.0,0.0,0.0,True
TRADE_29DF152A5537,배산프라임타워,연제구,연산동,,,,,,0.0,1.0,1.0,1,,,,True,,,,,,,,,,,,
TRADE_29E2A747027D,새천년골든밸류빌,금정구,구서동,,,,,,1.0,1.0,3.0,3,,,,True,,269000000.0,10694858.588596728,,0.16956521739130426,,288000000.0,-0.06597222222222221,230000000.0,0.16956521739130426,1.0,True
TRADE_2A0FD6F21993,백조,해운대구,중동,,,,,,0.0,0.0,0.0,3,,,,True,,,,,,,,,,,,
TRADE_2A1BBD4E3BA1,보람빌리지,수영구,광안동,,,,,,0.0,0.0,0.0,1,,,,True,,,,,,,530000000.0,-0.160377358490566,445000000.0,0.0,0.0,True
TRADE_2A488C4D8475,부강빌라가동,기장군,기장읍대라리,,,,,,0.0,0.0,0.0,1,,,,True,,,,,,,,,,,,
TRADE_2A616BA704BD,이진테마빌,기장군,기장읍서부리,,,,,,7.0,8.0,15.0,3,,,,True,,,,,,,,,,,,
TRADE_2A8A8FF824D1,한평드림빌,기장군,기장읍대라리,,,,,,0.0,0.0,0.0,1,,,,True,,,,,,,168000000.0,-0.09523809523809523,132000000.0,0.1515151515151516,0.0,True
TRADE_2A8E1F8F8A0E,화명장원맨션,북구,화명동,,,,,,0.0,0.0,0.0,2,,,,True,,,,,,,155000000.0,-0.0903225806451613,135000000.0,0.04444444444444451,0.0,True
TRADE_2AD17D740479,라온아파트,사하구,하단동,,,,,,0.0,0.0,0.0,1,,,,True,,,,,,,,,,,,
TRADE_2ADA40E8B11A,락우아트빌,동래구,명륜동,,,,,,0.0,0.0,0.0,1,,,,True,,,,,,,200000000.0,-0.025000000000000022,195000000.0,0.0,0.0,True
TRADE_2AFB163BBE0C,프랜즈원룸,동래구,수안동,,,,,,0.0,0.0,0.0,1,,,,True,,,,,,,,,,,,
TRADE_2B1001285720,백리휴먼빌리지,서구,서대신동3가,,,,,,0.0,0.0,0.0,2,,,,True,,,,,,,260000000.0,-0.1923076923076923,210000000.0,0.0,0.0,True
TRADE_2B108852D395,성도맨션,남구,감만동,,,,,,0.0,0.0,0.0,1,,,,True,,,,,,,,,,,,
TRADE_2B6527C7EF5F,남항동썬플라자,영도구,영선동2가,,,,,,0.0,0.0,0.0,3,,,,True,,,,,,,,,,,,
TRADE_2B8BD07EAE92,엘메르,사상구,감전동,,,,,,0.0,0.0,0.0,2,,,,True,,,,,,,,,,,,
TRADE_2BA5A7E3C3C0,도시,영도구,동삼동,,,,,,0.0,1.0,2.0,4,,,,True,,,,,,,161500000.0,0.0,129500000.0,0.24710424710424705,0.0,True
TRADE_2BF5F0343B88,삼부타워,서구,충무동2가,,,,,,0.0,0.0,0.0,2,,,,True,,,,,,,,,,,,
TRADE_2C0C8C5FB67F,백광월드타워,수영구,망미동,,,,,,0.0,0.0,0.0,2,,,,True,,,,,,,,,,,,
TRADE_2C0CC519A7F2,SC아르피나,연제구,연산동,,,,,,0.0,0.0,0.0,2,,,,True,,,,,,,,,,,,
TRADE_2C159129694B,대림힐빌라,해운대구,중동,,,,,,0.0,0.0,0.0,1,,,,True,,,,,,,,,,,,
TRADE_2C250A34C95A,진성,동래구,사직동,,,,,,0.0,0.0,1.0,1,,,,True,,,,,,,,,,,,
TRADE_2C2C3A3E55B7,라온힐즈,해운대구,송정동,,,,,,0.0,0.0,1.0,1,,,,True,,,,,,,,,,,,
TRADE_2C2C9099337D,페로스빌,영도구,청학동,,,,,,0.0,0.0,1.0,1,,,,True,,,,,,,,,,,,
TRADE_2C76F4702A29,신우하이츠빌라,북구,덕천동,,,,,,0.0,0.0,0.0,1,,,,True,,,,,,,205000000.0,0.0,205000000.0,0.0,0.0,True
TRADE_2C7A760D5605,투윈빌리지,남구,대연동,,,,,,0.0,0.0,0.0,5,,,,True,,,,,,,240000000.0,-0.04166666666666663,230000000.0,0.0,0.0,True
TRADE_2C98352A0F67,부일전원(899-12),남구,대연동,,,,,,0.0,0.0,0.0,1,,,,True,,,,,,,,,,,,
TRADE_2CAFCE919A59,하이츠빌리지,동구,초량동,,,,,,0.0,0.0,0.0,1,,,,True,,,,,,,235000000.0,0.0,225000000.0,0.04444444444444451,0.0,True
TRADE_2CB0E97C1A71,동국빌라,동래구,명장동,,,,,,0.0,0.0,0.0,1,,,,True,,,,,,,177000000.0,0.0,177000000.0,0.0,0.0,True
TRADE_2CC05A99DC99,삼인스카이뷰,수영구,남천동,,,,,,0.0,1.0,2.0,2,,,,True,,,,,,,,,,,,
TRADE_2CEDFFFDEE7F,송현다미랑,수영구,민락동,,,,,,1.0,2.0,3.0,1,,,,True,,295000000.0,11476569.40760389,-0.023178807947019875,0.02931034482758621,,327000000.0,-0.09785932721712542,260000000.0,0.13461538461538458,2.0,True
TRADE_2D07876CF1D6,동신빌라트(775-3),수영구,광안동,,,,,,0.0,0.0,0.0,1,,,,True,,,,,,,,,,,,
TRADE_2D0BED1A9548,주명아파트A동,기장군,기장읍대라리,,,,,,0.0,0.0,0.0,1,,,,True,,,,,,,,,,,,
TRADE_2D17A41A732F,수영동아성퍼스트힐,수영구,수영동,,,,,,0.0,1.0,1.0,1,,,,True,,,,,,,,,,,,
TRADE_2D61032E6A58,한창데파트,북구,구포동,,,,,,0.0,0.0,0.0,2,,,,True,,,,,,,,,,,,
TRADE_2D732FA0C5CD,신흥동백1차,영도구,동삼동,,,,,,0.0,0.0,0.0,2,,,,True,,,,,,,155000000.0,0.0,105000000.0,0.4761904761904763,0.0,True
TRADE_2D989699EA21,정원골드,수영구,광안동,,,,,,0.0,0.0,0.0,2,,,,True,,,,,,,365000000.0,0.0,325000000.0,0.12307692307692308,0.0,True
TRADE_2DAF3863E20C,남항무궁화맨션,영도구,남항동3가,,,,,,0.0,2.0,2.0,2,,,,True,,,,,,,120000000.0,0.0,105000000.0,0.1428571428571428,0.0,True
TRADE_2DC59F96C5D7,예그린,동구,초량동,,,,,,0.0,1.0,3.0,3,,,,True,,,,,,-0.24825487739395025,318700000.0,-0.3410731095073737,210000000.0,0.0,0.0,True
TRADE_2DD30A3736F9,서면그린빌,부산진구,범천동,,,,,,0.0,0.0,0.0,2,,,,True,,,,,,,268000000.0,-0.25373134328358204,200000000.0,0.0,0.0,True
TRADE_2DE9CFE017D3,가야누리애,부산진구,범천동,,,,,,0.0,1.0,5.0,2,,,,True,,,,,,,330000000.0,-0.21212121212121215,260000000.0,0.0,0.0,True
TRADE_2DEF0B7F715A,대동빌라1차(871-19),남구,대연동,,,,,,0.0,0.0,0.0,2,,,,True,,,,,,,,,,,,
TRADE_2E12C1ABCD17,우석쉐르빌,금정구,남산동,,,,,,0.0,0.0,0.0,2,,,,True,,,,,,,,,,,,
TRADE_2E6B838F02BA,동양하이츠,서구,부용동1가,,,,,,0.0,0.0,2.0,1,,,,True,,,,,,,,,,,,
TRADE_2E96E0F1B5F0,선경쉐르빌,사하구,하단동,,,,,,0.0,1.0,1.0,1,,,,True,,,,,,,,,,,,
TRADE_2E9DC0BF131B,청은빌라트,동래구,명륜동,,,,,,0.0,0.0,0.0,1,,,,True,,,,,,,240000000.0,0.0,240000000.0,0.0,0.0,True
TRADE_2EE246E6EFDA,삼흥드림월드,수영구,광안동,,,,,,0.0,0.0,0.0,1,,,,True,,,,,,,,,,,,
TRADE_2F15CAA41D7D,린다비스타,부산진구,범천동,,,,,,0.0,0.0,2.0,3,,,,True,,,,,,,,,,,,
TRADE_2F37CD5E6C7A,KCB센트리움,사하구,하단동,,,,,,0.0,0.0,0.0,1,,,,True,,,,,,,263000000.0,-0.07984790874524716,220000000.0,0.10000000000000009,0.0,True
TRADE_2F8440D64C8D,인환파크맨션,연제구,연산동,,,,,,0.0,0.0,0.0,1,,,,True,,,,,,,245000000.0,-0.1428571428571429,210000000.0,0.0,0.0,True
TRADE_2F9A28CB66A8,대원,해운대구,재송동,,,,,,0.0,0.0,2.0,2,,,,True,,,,,,,,,,,,
TRADE_2FC6AAA9E93E,평광하이츠빌,동래구,온천동,,,,,,0.0,0.0,0.0,1,,,,True,,,,,,,285000000.0,0.0,255000000.0,0.11764705882352944,0.0,True
TRADE_2FC6C606E538,송림아파트,남구,대연동,,,,,,0.0,0.0,0.0,2,,,,True,,,,,,,240000000.0,0.0,240000000.0,0.0,0.0,True
TRADE_2FCEB8EAD140,성림,기장군,정관읍달산리,,,,,,0.0,0.0,0.0,2,,,,True,,,,,,,,,,,,
TRADE_2FD2D0218978,동부산어반리움,기장군,기장읍대라리,,,,,,3.0,3.0,4.0,2,,,,True,,,,,,,,,,,,
TRADE_2FD80CCA590F,백양,북구,구포동,,,,,,1.0,1.0,1.0,3,,,,True,,130000000.0,5184916.606236403,,,0.22065727699530524,137500000.0,-0.054545454545454564,81000000.0,0.6049382716049383,1.0,True
TRADE_2FDCECCABBBE,새천년,동래구,명장동,,,,,,1.0,1.0,2.0,2,,,,True,,,,,,,270000000.0,0.0,260000000.0,0.03846153846153855,0.0,True
TRADE_2FE1F6D5E5F0,홍림그린피아2차,동래구,온천동,,,,,,0.0,0.0,1.0,1,,,,True,,,,,,,,,,,,
TRADE_2FEA3451768B,삼부로얄,부산진구,부암동,,,,,,0.0,0.0,0.0,1,,,,True,,,,,,,430000000.0,0.0,290000000.0,0.48275862068965525,0.0,True
TRADE_2FEE67BA5A7C,금샘빌라(747-12),금정구,구서동,,,,,,0.0,0.0,0.0,1,,,,True,,,,,,,200000000.0,0.0,165000000.0,0.21212121212121215,0.0,True
TRADE_2FF0373FF8E8,성동하이빌,부산진구,개금동,,,,,,0.0,0.0,0.0,2,,,,True,,,,,,,,,,,,
TRADE_301765349446,화이트빌라,해운대구,중동,,,,,,0.0,0.0,0.0,3,,,,True,,,,,,,,,,,,
TRADE_30180BE73EB0,성우펠리체리움,영도구,봉래동3가,,,,,,0.0,0.0,4.0,1,,,,True,,,,,,0.00952380952380949,340000000.0,-0.07058823529411762,277000000.0,0.1407942238267148,0.0,True
TRADE_3039EF6DD911,대곡타워,수영구,광안동,,,,,,0.0,0.0,0.0,1,,,,True,,,,,,,293000000.0,-0.018771331058020424,287500000.0,0.0,0.0,True
TRADE_303C3DC1DEFD,문화,서구,토성동2가,,,,,,0.0,1.0,1.0,1,,,,True,,,,,,,,,,,,
TRADE_303ED65292F0,"대하덕포(2,3호동)",사상구,덕포동,,,,,,0.0,1.0,3.0,1,,,,True,,,,,,,,,,,,
TRADE_30465298CCB8,유원임페리얼빌리지,해운대구,재송동,,,,,,0.0,0.0,0.0,1,,,,True,,,,,,,,,,,,
TRADE_3047ACA93324,우주그랜져빌리지,서구,서대신동1가,,,,,,0.0,0.0,0.0,3,,,,True,,,,,,,174000000.0,-0.2816091954022989,125000000.0,0.0,0.0,True
TRADE_30691AB43D11,미가,남구,용호동,,,,,,0.0,1.0,1.0,3,,,,True,,,,,,,,,,,,
TRADE_307846BE7804,보현빌라,해운대구,중동,,,,,,0.0,0.0,0.0,1,,,,True,,,,,,,,,,,,
TRADE_308B035721D5,지산오차드힐,부산진구,연지동,,,,,,0.0,0.0,0.0,1,,,,True,,,,,,,270000000.0,-0.07407407407407407,230000000.0,0.08695652173913038,0.0,True
TRADE_30CC7E4C3668,온천건흥,동래구,온천동,,,,,,0.0,0.0,0.0,1,,,,True,,,,,,,265000000.0,-0.05660377358490565,250000000.0,0.0,0.0,True
TRADE_30D87E17DF04,우정하이츠빌라(491-14),연제구,거제동,,,,,,0.0,0.0,0.0,2,,,,True,,,,,,,200000000.0,0.0,200000000.0,0.0,0.0,True
TRADE_30DCCB952EA6,유나맨션,영도구,동삼동,,,,,,0.0,1.0,3.0,2,,,,True,,,,,,,,,,,,
TRADE_30DD5CD5BAFE,청운,영도구,청학동,,,,,,1.0,1.0,1.0,1,,,,True,,,,,,,,,,,,
TRADE_311630EF7E01,서대신부백자연애,서구,서대신동3가,,,,,,1.0,3.0,7.0,3,,,,True,,,,,,,,,,,,
TRADE_312E087FEFCB,남산그린,금정구,청룡동,,,,,,0.0,0.0,1.0,1,,,,True,,,,,,,165000000.0,-0.21212121212121215,130000000.0,0.0,0.0,True
TRADE_313B180B5CA7,웰리안아파트,영도구,대교동2가,,,,,,0.0,0.0,0.0,2,,,,True,,,,,,,257000000.0,0.0,236000000.0,0.08898305084745761,0.0,True
TRADE_3148E4CEC36F,어반펠리체,북구,구포동,,,,,,1.0,1.0,1.0,3,,,,True,,,,,,,,,,,,
TRADE_315DE1941026,테마하이츠빌,기장군,기장읍대라리,,,,,,0.0,0.0,1.0,1,,,,True,,,,,,,,,,,,
TRADE_31607A7A722E,태경그린빌,금정구,남산동,,,,,,0.0,0.0,0.0,1,,,,True,,,,,,,235000000.0,-0.021276595744680882,210000000.0,0.09523809523809534,0.0,True
TRADE_3163703514B0,넥스빌,금정구,부곡동,,,,,,0.0,0.0,0.0,2,,,,True,,,,,,,,,,,,
TRADE_3163C2DE8144,유진캐슬3차아파트,영도구,남항동2가,,,,,,1.0,1.0,1.0,2,,,,True,,,,,,,,,,,,
TRADE_3199A83FC3C3,대동레미안센트럴시티,기장군,기장읍청강리,,,,,,0.0,0.0,0.0,1,,,,True,,,,,,,,,,,,
TRADE_31B84D2FD1F9,센텀더세진,해운대구,반송동,,,,,,0.0,1.0,2.0,1,,,,True,,,,,,,,,,,,
TRADE_31C19A29D986,월드파크3,연제구,거제동,,,,,,1.0,1.0,2.0,3,,,,True,,,,,,,,,,,,
TRADE_31E19E352B88,일원타워맨션,서구,암남동,,,,,,0.0,1.0,1.0,2,,,,True,,,,,,0.1692307692307693,165000000.0,-0.07878787878787874,120000000.0,0.2666666666666666,1.0,True
TRADE_31E1A4669F2E,이린타워빌10,수영구,광안동,,,,,,5.0,6.0,7.0,1,,,,True,,572500000.0,22247409.326424867,-0.029661016949152574,0.07272727272727275,,590000000.0,-0.05932203389830504,550000000.0,0.009090909090909038,6.0,False
TRADE_31F013B118C3,태영아너스,부산진구,개금동,,,,,,0.0,0.0,4.0,1,,,,True,,,,,,,,,,,,
TRADE_31F081F140E9,아리랑빌,사하구,당리동,,,,,,0.0,0.0,0.0,2,,,,True,,,,,,,234000000.0,-0.05128205128205132,150000000.0,0.48,0.0,True
TRADE_321C69CF554C,GK하늘숲,부산진구,개금동,,,,,,0.0,0.0,1.0,1,,,,True,,,,,,,222500000.0,-0.1910112359550562,180000000.0,0.0,0.0,True
TRADE_3222E241030E,미진타워빌,수영구,민락동,,,,,,0.0,0.0,0.0,1,,,,True,,,,,,,,,,,,
TRADE_323151E4B9E3,해피투모로우,해운대구,송정동,,,,,,0.0,1.0,1.0,2,,,,True,,,,,,,,,,,,
TRADE_324CDA4EB23F,전포센티움,부산진구,전포동,,,,,,0.0,0.0,1.0,1,,,,True,,,,,,,,,,,,
TRADE_3253B5C210C6,남석빌라,금정구,남산동,,,,,,0.0,0.0,0.0,1,,,,True,,,,,,,,,,,,
TRADE_325546ED95EE,홍익,사상구,주례동,,,,,,0.0,0.0,0.0,2,,,,True,,,,,,,140000000.0,0.0,140000000.0,0.0,0.0,True
TRADE_325BDAC6EFEC,대성하이빌,동래구,사직동,,,,,,0.0,0.0,1.0,2,,,,True,,,,,,0.18918918918918926,220000000.0,0.0,185000000.0,0.18918918918918926,0.0,True
TRADE_325E9DE53355,진흥,사하구,괴정동,,,,,,0.0,1.0,2.0,2,,,,True,,,,,,,502500000.0,-0.4,301500000.0,0.0,1.0,True
TRADE_3282F5EF5DE7,광이골드타워,남구,대연동,,,,,,0.0,0.0,0.0,1,,,,True,,,,,,,280000000.0,0.0,270000000.0,0.03703703703703698,0.0,True
TRADE_328756A960C0,국민,부산진구,가야동,,,,,,0.0,0.0,0.0,2,,,,True,,,,,,,,,,,,
TRADE_329820340303,충무에코팰리스2차,서구,충무동1가,,,,,,0.0,0.0,2.0,1,,,,True,,,,,,-0.012820512820512775,468000000.0,-0.1495726495726496,309000000.0,0.28802588996763756,0.0,True
TRADE_32A42DEE0DAD,정원센텀뷰,수영구,광안동,,,,,,0.0,0.0,2.0,1,,,,True,,,,,,,495000000.0,-0.08080808080808077,358000000.0,0.270949720670391,0.0,True
TRADE_32ADAC269EBF,욱일,기장군,기장읍교리,,,,,,0.0,1.0,2.0,2,,,,True,,,,,,,,,,,,
TRADE_32E378FF42B5,남양로얄타운,해운대구,재송동,,,,,,0.0,0.0,1.0,3,,,,True,,,,,,,,,,,,
TRADE_32EEB099D036,에스제이파베르,부산진구,범천동,,,,,,1.0,4.0,4.0,1,,,,True,,,,,,,,,,,,
TRADE_332C3E254E02,라경유닉스빌라트,금정구,구서동,,,,,,0.0,0.0,0.0,1,,,,True,,,,,,,,,,,,
TRADE_333F9BE3E0D0,장전동SJ타워,금정구,장전동,,,,,,0.0,0.0,2.0,1,,,,True,,,,,,,,,,,,
TRADE_3357921DA151,우일아내트,부산진구,범천동,,,,,,0.0,2.0,4.0,1,,,,True,,,,,,,,,,,,
TRADE_335B6396123C,전원아트빌,금정구,남산동,,,,,,0.0,0.0,0.0,1,,,,True,,,,,,,215000000.0,0.0,200000000.0,0.07499999999999996,0.0,True
TRADE_336CEF198CAC,동연아미가,부산진구,전포동,,,,,,0.0,1.0,1.0,1,,,,True,,,,,,,,,,,,
TRADE_33A6118F8C5D,범내골역이즈팰리스,부산진구,범천동,,,,,,1.0,3.0,6.0,2,,,,True,,,,,,,,,,,,
TRADE_33B8664D23C4,삼안리젠시5,해운대구,중동,,,,,,0.0,0.0,0.0,1,,,,True,,,,,,,,,,,,
TRADE_33D66F0796E2,센텀시티더블유,해운대구,재송동,,,,,,0.0,0.0,0.0,1,,,,True,,,,,,,300000000.0,-0.05666666666666664,270000000.0,0.04814814814814805,0.0,True
TRADE_3410240F329B,해운맨숀,수영구,수영동,,,,,,0.0,0.0,0.0,2,,,,True,,,,,,,,,,,,
TRADE_341EB15911B3,가야동그린시티,부산진구,가야동,,,,,,1.0,1.0,3.0,2,,,,True,,,,,,-0.012820512820512775,338330000.0,-0.06600065025271185,298570000.0,0.05837826975248683,0.0,True
TRADE_344023060318,더라임시티뷰,연제구,연산동,,,,,,0.0,2.0,6.0,1,,,,True,,,,,,,,,,,,
TRADE_34476F3C135B,힐링파크,영도구,영선동2가,,,,,,1.0,3.0,3.0,1,,,,True,,,,,,,,,,,,
TRADE_3452582C612D,로얄,부산진구,범천동,,,,,,0.0,0.0,2.0,2,,,,True,,,,,,,,,,,,
TRADE_3460BEAB20CA,목영해돋이,동래구,온천동,,,,,,0.0,0.0,5.0,2,,,,True,,,,,,0.2272727272727273,270000000.0,0.0,210000000.0,0.2857142857142858,0.0,True
TRADE_3470A19B4F26,덕화,북구,만덕동,,,,,,0.0,0.0,0.0,1,,,,True,,,,,,,,,,,,
TRADE_34F335CE01A8,목련5차,남구,용호동,,,,,,0.0,0.0,3.0,3,,,,True,,,,,,,,,,,,
TRADE_3530F85A845B,금강캐슬2차(511-10),금정구,장전동,,,,,,0.0,0.0,0.0,1,,,,True,,,,,,,628000000.0,0.0,628000000.0,0.0,0.0,True
TRADE_35503A913F24,다인빌(99-28),수영구,광안동,,,,,,0.0,0.0,0.0,1,,,,True,,,,,,,,,,,,
TRADE_3586564960E1,시영(1동),영도구,봉래동5가,,,,,,1.0,1.0,2.0,1,,,,True,,,,,,,,,,,,
TRADE_359243987D89,묘성폴라리스,북구,구포동,,,,,,0.0,1.0,1.0,1,,,,True,,,,,,,,,,,,
TRADE_3592CC8F3579,아름빌107동,동구,범일동,,,,,,0.0,0.0,1.0,1,,,,True,,,,,,,230000000.0,-0.34782608695652173,150000000.0,0.0,0.0,True
TRADE_3594E4B54027,부일그린빌,수영구,광안동,,,,,,0.0,0.0,1.0,1,,,,True,,,,,,,,,,,,
TRADE_359E6553625A,삼안스튜디오1차,해운대구,중동,,,,,,0.0,0.0,1.0,1,,,,True,,,,,,,,,,,,
TRADE_35C742C0FFF9,궁전빌리지,금정구,구서동,,,,,,0.0,0.0,1.0,1,,,,True,,,,,,,,,,,,
TRADE_35D3319FEBDD,하승빌라,동구,좌천동,,,,,,0.0,0.0,0.0,1,,,,True,,,,,,,139000000.0,0.0,139000000.0,0.0,0.0,True
TRADE_35EDA0C23395,신보빌라,동래구,온천동,,,,,,0.0,0.0,1.0,1,,,,True,,,,,,,173500000.0,-0.2219020172910663,135000000.0,0.0,0.0,True
TRADE_35F319F1C9D8,화승빌라,동래구,수안동,,,,,,0.0,0.0,0.0,1,,,,True,,,,,,,260000000.0,0.0,190000000.0,0.368421052631579,0.0,True
TRADE_36042A627ABE,배룡비치텔,동구,초량동,,,,,,0.0,0.0,1.0,2,,,,True,,,,,,-0.1821621621621622,220000000.0,-0.31227272727272726,151300000.0,0.0,0.0,True
TRADE_3610AEC98725,동일,동래구,사직동,,,,,,0.0,0.0,0.0,4,,,,True,,,,,,,477500000.0,0.0,427500000.0,0.11695906432748537,0.0,True
TRADE_361708EEA013,지오베스트빌,부산진구,양정동,,,,,,0.0,0.0,0.0,1,,,,True,,,,,,,,,,,,
TRADE_361CFCBA6163,우정맨션나동,북구,구포동,,,,,,0.0,0.0,0.0,1,,,,True,,,,,,,,,,,,
TRADE_36433DF0FDDF,센트럴파크,남구,대연동,,,,,,0.0,0.0,0.0,2,,,,True,,,,,,,,,,,,
TRADE_365B94BE9B84,그린빌,금정구,구서동,,,,,,1.0,1.0,2.0,1,,,,True,,,,,,,,,,,,
TRADE_36970C6DF0F6,한집시티빌,수영구,광안동,,,,,,0.0,0.0,0.0,1,,,,True,,,,,,,,,,,,
TRADE_369DFC44A8E5,프로그캐슬,부산진구,부전동,,,,,,0.0,0.0,0.0,1,,,,True,,,,,,,,,,,,
TRADE_369E29B99818,우일하이츠빌라,수영구,광안동,,,,,,0.0,0.0,0.0,1,,,,True,,,,,,,275000000.0,-0.1636363636363637,225000000.0,0.022222222222222143,0.0,True
TRADE_369E63920668,한신2,동래구,낙민동,,,,,,0.0,0.0,3.0,3,,,,True,,,,,,,745000000.0,-0.4563758389261745,405000000.0,0.0,0.0,True
TRADE_36DF6070C1B7,큰소나무빌라,동구,초량동,,,,,,0.0,0.0,0.0,2,,,,True,,,,,,,,,,,,
TRADE_36E9E9FB3855,홍익라이프나동,수영구,민락동,,,,,,0.0,0.0,1.0,1,,,,True,,,,,,,350000000.0,-0.1428571428571429,215000000.0,0.39534883720930236,0.0,True
TRADE_36F0AEA7D410,남천알파타워,수영구,남천동,,,,,,0.0,1.0,1.0,2,,,,True,,,,,,,,,,,,
TRADE_36FE70CF9474,지성캐슬,금정구,청룡동,,,,,,0.0,0.0,1.0,1,,,,True,,,,,,,,,,,,
TRADE_37140AB8233C,한성시티빌,부산진구,전포동,,,,,,1.0,2.0,2.0,2,,,,True,,,,,,,250000000.0,0.0,234000000.0,0.06837606837606836,1.0,True
TRADE_37273B438F5E,드리머스,연제구,연산동,,,,,,0.0,1.0,1.0,2,,,,True,,,,,,,,,,,,
TRADE_37682CB70E1A,일성아이앤유2차,동래구,온천동,,,,,,0.0,1.0,3.0,1,,,,True,,,,,,,,,,,,
TRADE_377BF55FD0E5,진흥목화,수영구,민락동,,,,,,0.0,0.0,0.0,1,,,,True,,,,,,,,,,,,
TRADE_378B421D7716,포르투나,동래구,온천동,,,,,,0.0,1.0,5.0,2,,,,True,,,,,,,,,,,,
TRADE_378B978E5318,미소지음,서구,동대신동1가,,,,,,0.0,0.0,1.0,1,,,,True,,,,,,,,,,,,
TRADE_3792A458DB7E,흥아거북,중구,영주동,,,,,,1.0,1.0,1.0,2,,,,True,,,,,,,233000000.0,-0.3133047210300429,120000000.0,0.33333333333333326,0.0,True
TRADE_37A8CEA7184B,온천유림,동래구,온천동,,,,,,0.0,0.0,0.0,1,,,,True,,,,,,,280000000.0,0.0,280000000.0,0.0,0.0,True
TRADE_37C84E5F403B,굿모닝뷰,부산진구,양정동,,,,,,2.0,2.0,4.0,3,,,,True,,,,,,,,,,,,
TRADE_37CFA411416F,한양탑스빌,금정구,청룡동,,,,,,0.0,0.0,0.0,2,,,,True,,,,,,,,,,,,
TRADE_37DCFB91938E,홍익빌레트,부산진구,전포동,,,,,,0.0,1.0,1.0,1,,,,True,,,,,,,,,,,,
TRADE_37E654EF6CDA,남일,영도구,남항동3가,,,,,,1.0,2.0,2.0,1,,,,True,,,,,,,,,,,,
TRADE_380E7502E698,향원밸리빌,서구,부민동1가,,,,,,0.0,1.0,1.0,1,,,,True,,,,,,,260000000.0,-0.05769230769230771,245000000.0,0.0,1.0,True
TRADE_381DC97DA629,자유,서구,서대신동2가,,,,,,0.0,1.0,1.0,2,,,,True,,,,,,-0.10152284263959388,197000000.0,-0.10152284263959388,138000000.0,0.28260869565217384,1.0,True
TRADE_3837EE591BAD,한일하나로,사하구,괴정동,,,,,,0.0,0.0,0.0,3,,,,True,,,,,,,,,,,,
TRADE_386540D83842,대연힐타운,남구,대연동,,,,,,0.0,0.0,0.0,1,,,,True,,,,,,,,,,,,
TRADE_386F5FD94D24,라인빌라트,연제구,연산동,,,,,,0.0,0.0,0.0,1,,,,True,,,,,,,208000000.0,0.0,165000000.0,0.2606060606060605,0.0,True
TRADE_387C9DED03A6,어반팰리스,사하구,하단동,,,,,,0.0,0.0,0.0,1,,,,True,,,,,,,,,,,,
TRADE_387D84321E99,국제그린파크,금정구,남산동,,,,,,0.0,0.0,0.0,2,,,,True,,,,,,,241000000.0,-0.23029045643153523,180000000.0,0.030555555555555447,0.0,True
TRADE_38B0B478F3E7,영선무궁화맨션,영도구,영선동3가,,,,,,0.0,0.0,1.0,3,,,,True,,,,,,,225000000.0,-0.4666666666666667,120000000.0,0.0,0.0,True
TRADE_38B145953202,허브센티움Ⅲ,동래구,온천동,,,,,,0.0,2.0,5.0,3,,,,True,,,,,,,,,,,,
TRADE_38B3E2EFE5E3,송림7차,금정구,남산동,,,,,,0.0,0.0,0.0,1,,,,True,,,,,,,231000000.0,0.0,231000000.0,0.0,0.0,True
TRADE_38BFDAA131DC,리치W,연제구,연산동,,,,,,0.0,0.0,2.0,2,,,,True,,,,,,,,,,,,
TRADE_38CBD8B30721,한울트라움,부산진구,전포동,,,,,,0.0,0.0,0.0,1,,,,True,,,,,,,350000000.0,-0.17142857142857137,250000000.0,0.15999999999999992,0.0,True
TRADE_38D16B1F20CB,모라동비버힐아파트,사상구,모라동,,,,,,0.0,1.0,1.0,2,,,,True,,,,,,,,,,,,
TRADE_38F3E3F2ECD0,삼화,북구,덕천동,,,,,,1.0,1.0,1.0,1,,,,True,,,,,,,,,,,,
TRADE_38F63D86C928,태광맨션(418-5),연제구,연산동,,,,,,0.0,0.0,0.0,1,,,,True,,,,,,,,,,,,
TRADE_39053A176F5A,모닝하우스,부산진구,범천동,,,,,,0.0,4.0,4.0,1,,,,True,,,,,,,,,,,,
TRADE_3907E085B343,아름빌106동,동구,범일동,,,,,,1.0,1.0,1.0,1,,,,True,,205650000.0,8010446.175637393,,,,225000000.0,-0.08599999999999997,184000000.0,0.11766304347826084,1.0,True
TRADE_3937865B3468,혜광드림팰리스,영도구,남항동1가,,,,,,0.0,0.0,1.0,3,,,,True,,,,,,,235000000.0,0.0,220000000.0,0.06818181818181812,0.0,True
TRADE_3944762F7931,어반빌리지,해운대구,재송동,,,,,,0.0,0.0,0.0,1,,,,True,,,,,,,,,,,,
TRADE_39B8A80160A9,펄스트빌A,사하구,하단동,,,,,,0.0,0.0,0.0,2,,,,True,,,,,,,200000000.0,0.0,175000000.0,0.1428571428571428,0.0,True
TRADE_39B91EB18106,대신맨션,해운대구,재송동,,,,,,2.0,4.0,4.0,2,,,,True,,105000000.0,4208672.415887282,-0.25,,,159000000.0,-0.339622641509434,105000000.0,0.0,2.0,True
TRADE_39C7017292EE,연막곡빌라트,금정구,부곡동,,,,,,0.0,0.0,0.0,1,,,,True,,,,,,,,,,,,
TRADE_3A069B072866,삼양비치빌라.활어센타,기장군,일광읍삼성리,,,,,,0.0,0.0,0.0,1,,,,True,,,,,,,,,,,,
TRADE_3A16BEB0D90E,부경킹스빌,남구,대연동,,,,,,0.0,0.0,0.0,1,,,,True,,,,,,,241000000.0,0.0,241000000.0,0.0,0.0,True
TRADE_3A2AE5AA0D66,동산파크맨션,남구,용호동,,,,,,0.0,0.0,0.0,1,,,,True,,,,,,,,,,,,
TRADE_3A42E523F0DF,베스안오션뷰,동구,수정동,,,,,,1.0,2.0,3.0,1,,,,True,,,,,,,,,,,,
TRADE_3A6B45175ADA,M타워,사하구,하단동,,,,,,0.0,0.0,0.0,1,,,,True,,,,,,,,,,,,
TRADE_3A9328A78378,화신골든맨션,금정구,청룡동,,,,,,2.0,2.0,4.0,2,,,,True,,197500000.0,7679629.558661656,,0.08965517241379306,-0.006849315068493178,225000000.0,-0.24444444444444446,160000000.0,0.0625,2.0,True
TRADE_3AC87236AAE5,스카이빌리지,남구,문현동,,,,,,0.0,1.0,2.0,1,,,,True,,,,,,,,,,,,
TRADE_3AD7A7ACEA4C,파인트리,부산진구,당감동,,,,,,0.0,0.0,0.0,1,,,,True,,,,,,,235000000.0,-0.06382978723404253,220000000.0,0.0,0.0,True
TRADE_3AF59EF754C3,한우리빌리지5차,서구,서대신동2가,,,,,,0.0,1.0,1.0,2,,,,True,,,,,,,,,,,,
TRADE_3AFEC2EE0BBC,석천,동래구,안락동,,,,,,2.0,3.0,7.0,3,,,,True,,220000000.0,8676945.141627824,,-0.022222222222222254,,264000000.0,-0.16666666666666663,202500000.0,0.08641975308641969,1.0,True
TRADE_3B1BF19BB42F,부림맨션,동래구,사직동,,,,,,0.0,0.0,0.0,1,,,,True,,,,,,,,,,,,
TRADE_3B461A5E43E3,소라,사하구,괴정동,,,,,,0.0,0.0,0.0,2,,,,True,,,,,,,,,,,,
TRADE_3B5130D34D8C,대로해도지빌,수영구,광안동,,,,,,0.0,1.0,2.0,3,,,,True,,,,,,,255000000.0,0.0,255000000.0,0.0,0.0,True
TRADE_3B57348A6103,토운모닝톤,부산진구,범천동,,,,,,1.0,1.0,3.0,1,,,,True,,,,,,,,,,,,
TRADE_3B6EC571C30C,송원쉐르빌,남구,대연동,,,,,,0.0,1.0,1.0,1,,,,True,,,,,,,,,,,,
TRADE_3B76731C5E37,그린비치맨션,서구,암남동,,,,,,0.0,0.0,0.0,2,,,,True,,,,,,,143500000.0,-0.09407665505226481,98000000.0,0.3265306122448979,0.0,True
TRADE_3B81AE0A3E2E,필라뷰,동래구,온천동,,,,,,0.0,0.0,0.0,2,,,,True,,,,,,,315000000.0,-0.2063492063492064,141960000.0,0.7610594533671458,0.0,True
TRADE_3BA8838C4B06,그린힐1차,해운대구,중동,,,,,,0.0,0.0,0.0,2,,,,True,,,,,,,,,,,,
TRADE_3BAB9A0534E1,금성,중구,부평동2가,,,,,,0.0,0.0,0.0,1,,,,True,,,,,,,,,,,,
TRADE_3BDB6C6CBDD6,다사랑빌,서구,부민동1가,,,,,,0.0,0.0,2.0,2,,,,True,,,,,,,,,,,,
TRADE_3BF1A01BCC2C,성지빌라,남구,용호동,,,,,,0.0,0.0,0.0,1,,,,True,,,,,,,175000000.0,0.0,175000000.0,0.0,0.0,True
TRADE_3C01CFC70611,삼경제일,사하구,장림동,,,,,,0.0,3.0,7.0,3,,,,True,,,,,,,,,,,,
TRADE_3C08590E1EDB,아젤리아빌라,서구,동대신동1가,,,,,,0.0,0.0,0.0,1,,,,True,,,,,,,,,,,,
TRADE_3C1918863A53,화신,사하구,괴정동,,,,,,1.0,2.0,3.0,4,,,,True,,,,,,,100000000.0,0.0,99000000.0,0.010101010101010166,0.0,True
TRADE_3C1ADAC39171,엘크루센트로아파트,사상구,감전동,,,,,,1.0,1.0,5.0,1,,,,True,,,,,,,,,,,,
TRADE_3C38768F03D8,남산,연제구,연산동,,,,,,0.0,0.0,1.0,2,,,,True,,,,,,,,,,,,
TRADE_3C48EA82018F,대우리치빌,부산진구,전포동,,,,,,1.0,1.0,1.0,2,,,,True,,186000000.0,7521137.115549564,,,,225000000.0,-0.17333333333333334,171000000.0,0.08771929824561409,1.0,True
TRADE_3C5453073E2E,서대신엔스타(278-2),서구,서대신동2가,,,,,,0.0,0.0,1.0,2,,,,True,,,,,,,,,,,,
TRADE_3C57B3A7CEFF,동림,중구,대청동4가,,,,,,0.0,0.0,0.0,2,,,,True,,,,,,,,,,,,
TRADE_3C70E8B737FD,일진스카이빌,서구,서대신동1가,,,,,,0.0,0.0,0.0,1,,,,True,,,,,,,,,,,,
TRADE_3C7ADB73A2C0,대진상가,북구,덕천동,,,,,,0.0,0.0,0.0,1,,,,True,,,,,,,,,,,,
TRADE_3C7B3C79D5FE,태림,수영구,광안동,,,,,,0.0,0.0,0.0,1,,,,True,,,,,,,495000000.0,-0.1717171717171717,268000000.0,0.5298507462686568,0.0,True
TRADE_3C88D3F84E87,개나리,수영구,광안동,,,,,,0.0,0.0,0.0,2,,,,True,,,,,,,,,,,,
TRADE_3C97F8FB9E0A,한우리6차,영도구,대교동1가,,,,,,0.0,0.0,0.0,2,,,,True,,,,,,,,,,,,
TRADE_3CA7F2E42B28,유원블루파크,영도구,봉래동1가,,,,,,0.0,1.0,4.0,1,,,,True,,,,,,,,,,,,
TRADE_3CAED835B617,에코펠리스,사하구,괴정동,,,,,,0.0,0.0,2.0,2,,,,True,,,,,,,,,,,,
TRADE_3CAEFD07C242,산수유,금정구,장전동,,,,,,1.0,1.0,1.0,2,,,,True,,230000000.0,8943089.430894308,,,-0.04166666666666663,275000000.0,-0.1636363636363637,200000000.0,0.1499999999999999,1.0,True
TRADE_3CD48FD8DB8D,동남,동구,수정동,,,,,,0.0,0.0,0.0,2,,,,True,,,,,,,,,,,,
TRADE_3CDC443F6E6B,화성빌라트,동래구,온천동,,,,,,0.0,0.0,0.0,1,,,,True,,,,,,,,,,,,
TRADE_3CE4637FECFB,그린빌라,해운대구,송정동,,,,,,0.0,0.0,1.0,2,,,,True,,,,,,,250000000.0,-0.4,150000000.0,0.0,0.0,True
TRADE_3D15ACEB677F,새연산(1825-2),연제구,연산동,,,,,,0.0,0.0,0.0,1,,,,True,,,,,,,,,,,,
TRADE_3D1B0D7D470E,광안동하나그린힐,수영구,광안동,,,,,,0.0,0.0,0.0,1,,,,True,,,,,,,248000000.0,-0.17741935483870963,150000000.0,0.3600000000000001,0.0,True
TRADE_3D1F6D211F65,한성,사하구,감천동,,,,,,0.0,0.0,2.0,2,,,,True,,,,,,,,,,,,
TRADE_3D21DF082FE9,부곡,금정구,부곡동,,,,,,0.0,0.0,0.0,1,,,,True,,,,,,,,,,,,
TRADE_3D2E10E6BEBD,구서동하나로3,금정구,구서동,,,,,,0.0,0.0,0.0,1,,,,True,,,,,,,,,,,,
TRADE_3D330C6408A5,한영리더스,서구,동대신동3가,,,,,,0.0,0.0,0.0,1,,,,True,,,,,,,,,,,,
TRADE_3D58C95AC370,현대그랜드빌라,동래구,온천동,,,,,,0.0,1.0,1.0,1,,,,True,,,,,,,,,,,,
TRADE_3D5B73AD4B31,메리온시티,부산진구,전포동,,,,,,0.0,2.0,3.0,2,,,,True,,,,,,,,,,,,
TRADE_3D786679DAC9,이삭빌,동래구,명륜동,,,,,,0.0,0.0,0.0,1,,,,True,,,,,,,,,,,,
TRADE_3DA3791C8E17,보수동봄여름가을겨울,중구,보수동2가,,,,,,0.0,0.0,2.0,3,,,,True,,,,,,,307000000.0,-0.0228013029315961,300000000.0,0.0,0.0,True
TRADE_3DB13BE073C5,아름베스트7차,금정구,남산동,,,,,,0.0,0.0,0.0,2,,,,True,,,,,,,185000000.0,0.0,185000000.0,0.0,0.0,True
TRADE_3DE619A42785,동원,금정구,부곡동,,,,,,0.0,0.0,2.0,3,,,,True,,,,,,,,,,,,
TRADE_3E110C83AD0C,더존빌,금정구,남산동,,,,,,0.0,0.0,0.0,2,,,,True,,,,,,,260000000.0,-0.050000000000000044,247000000.0,0.0,0.0,True
TRADE_3E235233931B,영선궁전빌라,영도구,영선동3가,,,,,,0.0,0.0,0.0,1,,,,True,,,,,,,228000000.0,0.0,228000000.0,0.0,0.0,True
TRADE_3E50E0A66B40,성동,남구,문현동,,,,,,2.0,2.0,9.0,1,,,,True,,,,,,,,,,,,
TRADE_3E5136D6981F,동조신현트레빌,사하구,괴정동,,,,,,0.0,0.0,1.0,2,,,,True,,,,,,,,,,,,
TRADE_3E7471D57E3C,일광,서구,아미동2가,,,,,,0.0,1.0,1.0,3,,,,True,,,,,,,265000000.0,0.0,265000000.0,0.0,0.0,True
TRADE_3E78928F7B45,마이네하임,연제구,연산동,,,,,,0.0,1.0,3.0,3,,,,True,,,,,,,,,,,,
TRADE_3E791B15DB06,휴그린,사상구,엄궁동,,,,,,0.0,0.0,0.0,3,,,,True,,,,,,,195000000.0,0.0,190000000.0,0.026315789473684292,0.0,True
TRADE_3E93D5BEF53F,록명하이빌,부산진구,부전동,,,,,,0.0,0.0,0.0,1,,,,True,,,,,,,,,,,,
TRADE_3EA376BF215A,전원빌라,서구,동대신동2가,,,,,,0.0,0.0,0.0,1,,,,True,,,,,,,,,,,,
TRADE_3ECE04C2BB59,협진태양,동래구,명장동,,,,,,0.0,2.0,2.0,4,,,,True,,,,,,,375000000.0,0.0,220000000.0,0.7045454545454546,0.0,True
TRADE_3F0C765DB317,오름파크,동래구,사직동,,,,,,0.0,0.0,3.0,2,,,,True,,,,,,,,,,,,
TRADE_3F125DD94492,M포레뷰,동래구,온천동,,,,,,0.0,1.0,4.0,1,,,,True,,,,,,,,,,,,
TRADE_3F317A1E7DE4,더리체,동래구,온천동,,,,,,0.0,0.0,1.0,1,,,,True,,,,,,,335000000.0,0.0,278500000.0,0.2028725314183124,0.0,True
TRADE_3F96C98640B7,수성아파트(441-0),동구,수정동,,,,,,0.0,0.0,0.0,1,,,,True,,,,,,,,,,,,
TRADE_3FA348EF6833,동방로얄,수영구,망미동,,,,,,0.0,0.0,0.0,2,,,,True,,,,,,,390000000.0,0.0,173000000.0,1.254335260115607,0.0,True
TRADE_3FA5301971E0,금잔디,수영구,광안동,,,,,,0.0,1.0,2.0,1,,,,True,,,,,,,,,,,,
TRADE_3FA7CDC8A9FA,성원맨투로빌,연제구,거제동,,,,,,1.0,1.0,1.0,2,,,,True,,,,,,,320000000.0,-0.04062500000000002,245000000.0,0.25306122448979584,0.0,True
TRADE_3FAA4B917F13,동원,연제구,연산동,,,,,,0.0,0.0,0.0,2,,,,True,,,,,,,,,,,,
TRADE_3FAF63BA896A,드림하이츠,부산진구,범천동,,,,,,0.0,0.0,0.0,2,,,,True,,,,,,,240000000.0,-0.37083333333333335,151000000.0,0.0,0.0,True
TRADE_3FC790A17711,협성맨션,부산진구,개금동,,,,,,0.0,0.0,0.0,2,,,,True,,,,,,,,,,,,
TRADE_3FFEF7F916DD,초원빌,사하구,괴정동,,,,,,0.0,0.0,0.0,2,,,,True,,,,,,,252000000.0,-0.2063492063492064,200000000.0,0.0,0.0,True
TRADE_3FFFFBF92886,동덕,사하구,괴정동,,,,,,0.0,0.0,1.0,2,,,,True,,,,,,,,,,,,
TRADE_4013F8EA6BBF,골든타워,연제구,연산동,,,,,,0.0,0.0,0.0,1,,,,True,,,,,,,,,,,,
TRADE_401D3850D5D3,서면,부산진구,전포동,,,,,,0.0,0.0,0.0,1,,,,True,,,,,,,,,,,,
TRADE_402D49772486,태양아트빌,사상구,괘법동,,,,,,0.0,0.0,0.0,3,,,,True,,,,,,,,,,,,
TRADE_403428EB4067,협성,동래구,사직동,,,,,,0.0,1.0,2.0,4,,,,True,,,,,,,455000000.0,0.0,455000000.0,0.0,0.0,True
TRADE_40601F123267,마마아파트,해운대구,중동,,,,,,0.0,0.0,0.0,2,,,,True,,,,,,,320000000.0,-0.28125,230000000.0,0.0,0.0,True
TRADE_407225F80163,한사랑빌라,금정구,장전동,,,,,,0.0,0.0,0.0,2,,,,True,,,,,,,,,,,,
TRADE_40814FAAC299,벽산첼시빌,해운대구,중동,,,,,,0.0,0.0,0.0,1,,,,True,,,,,,,,,,,,
TRADE_409AF37D7EBD,명유그린,해운대구,재송동,,,,,,0.0,1.0,2.0,3,,,,True,,,,,,,195000000.0,-0.10256410256410253,150000000.0,0.16666666666666674,0.0,True
TRADE_40B5724A5F3C,상우다솜,동래구,사직동,,,,,,0.0,0.0,0.0,2,,,,True,,,,,,,327000000.0,-0.021406727828746197,316000000.0,0.012658227848101333,0.0,True
TRADE_40BDECE31873,흑석타워빌,남구,대연동,,,,,,0.0,0.0,0.0,2,,,,True,,,,,,,227000000.0,0.0,227000000.0,0.0,0.0,True
TRADE_40C5604EBAE7,대원하이츠1차,해운대구,송정동,,,,,,0.0,0.0,0.0,1,,,,True,,,,,,,240000000.0,0.0,240000000.0,0.0,0.0,True
TRADE_40DDBA6A5BD6,용문아트빌,동구,수정동,,,,,,0.0,0.0,0.0,1,,,,True,,,,,,,,,,,,
TRADE_40DDDDF47D10,펄스트빌B,사하구,하단동,,,,,,0.0,0.0,0.0,1,,,,True,,,,,,,,,,,,
TRADE_40F237A662FC,GL타운B,서구,서대신동2가,,,,,,0.0,0.0,0.0,1,,,,True,,,,,,,,,,,,
TRADE_40FDB9DEA82D,청아,부산진구,전포동,,,,,,1.0,2.0,3.0,3,,,,True,,300000000.0,11653914.067098292,0.013513513513513598,-0.03870967741935483,0.17647058823529416,310000000.0,-0.032258064516129004,170000000.0,0.7647058823529411,2.0,True
TRADE_410AF0F5415E,포세이돈투,연제구,연산동,,,,,,0.0,0.0,0.0,1,,,,True,,,,,,,,,,,,
TRADE_411242F652DF,팍스타운,사상구,주례동,,,,,,0.0,1.0,2.0,1,,,,True,,,,,,,,,,,,
TRADE_412376001AD9,블루빌아파트,수영구,광안동,,,,,,0.0,0.0,0.0,1,,,,True,,,,,,,332000000.0,-0.09638554216867468,269000000.0,0.11524163568773238,0.0,True
TRADE_412FDDB08B86,경남,서구,서대신동2가,,,,,,0.0,0.0,0.0,1,,,,True,,,,,,,,,,,,
TRADE_41390F2E8FBF,목연정M팰리스,중구,부평동4가,,,,,,0.0,0.0,2.0,3,,,,True,,,,,,,,,,,,
TRADE_415682165743,금강비치빌,해운대구,송정동,,,,,,0.0,1.0,1.0,1,,,,True,,,,,,,225000000.0,-0.4222222222222223,130000000.0,0.0,1.0,True
TRADE_41655A94D36C,윤강하이츠빌라,연제구,연산동,,,,,,0.0,0.0,1.0,1,,,,True,,,,,,,,,,,,
TRADE_417203327EAE,이화,부산진구,가야동,,,,,,3.0,3.0,4.0,3,,,,True,,,,,,,,,,,,
TRADE_4175A81F308B,섬진3차,사하구,하단동,,,,,,0.0,0.0,0.0,1,,,,True,,,,,,,,,,,,
TRADE_4179A452E22F,파스텔하이빌,부산진구,개금동,,,,,,0.0,0.0,0.0,1,,,,True,,,,,,,225000000.0,-0.1333333333333333,195000000.0,0.0,0.0,True
TRADE_41BCE54F1FA0,우정하이빌,연제구,연산동,,,,,,0.0,0.0,0.0,2,,,,True,,,,,,,210000000.0,0.0,170000000.0,0.23529411764705888,0.0,True
TRADE_41BEE1EB626A,백산1,동래구,사직동,,,,,,0.0,0.0,1.0,2,,,,True,,,,,,,,,,,,
TRADE_41D420972890,부일힐타워,남구,대연동,,,,,,0.0,0.0,0.0,1,,,,True,,,,,,,330000000.0,-0.17272727272727273,273000000.0,0.0,0.0,True
TRADE_41E3D2ADB093,대산하이츠,연제구,연산동,,,,,,0.0,0.0,0.0,2,,,,True,,,,,,,200000000.0,0.0,200000000.0,0.0,0.0,True
TRADE_41E4F45F02BC,서면동화더파크,부산진구,부전동,,,,,,0.0,0.0,0.0,1,,,,True,,,,,,,,,,,,
TRADE_41F143A3C34A,태양연립,동래구,사직동,,,,,,0.0,0.0,1.0,2,,,,True,,,,,,,,,,,,
TRADE_41FA3B9FBFC9,명성빌리지,남구,대연동,,,,,,0.0,0.0,1.0,1,,,,True,,,,,,,,,,,,
TRADE_421A7B1F1EA0,중보빌라,서구,토성동3가,,,,,,0.0,0.0,1.0,2,,,,True,,,,,,,257000000.0,-0.06614785992217898,240000000.0,0.0,0.0,True
TRADE_42262273212E,에덴빌리지,서구,동대신동3가,,,,,,0.0,0.0,0.0,3,,,,True,,,,,,,197500000.0,-0.09367088607594942,179000000.0,0.0,0.0,True
TRADE_4240BDF89019,화신거화젠틀빌라,사하구,괴정동,,,,,,0.0,0.0,0.0,1,,,,True,,,,,,,,,,,,
TRADE_4241FE37CB3B,홍성,수영구,남천동,,,,,,0.0,0.0,0.0,2,,,,True,,,,,,,,,,,,
TRADE_42540E150312,부암동리젠트힐,부산진구,부암동,,,,,,0.0,0.0,1.0,1,,,,True,,,,,,,,,,,,
TRADE_42B38FA3D379,행복리치빌아파트,기장군,기장읍대라리,,,,,,0.0,0.0,0.0,1,,,,True,,,,,,,,,,,,
TRADE_42B734725697,로얄플러스빌라,중구,영주동,,,,,,2.0,2.0,2.0,1,,,,True,,,,,,,,,,,,
TRADE_42C9BFF74A5F,부림(1802-8),남구,대연동,,,,,,0.0,0.0,1.0,2,,,,True,,,,,,,277000000.0,0.0,208000000.0,0.33173076923076916,0.0,True
TRADE_42DE48F157F7,부성타워,금정구,구서동,,,,,,0.0,0.0,0.0,2,,,,True,,,,,,,,,,,,
TRADE_42FBE6CA8C07,진흥목화,금정구,남산동,,,,,,0.0,0.0,0.0,2,,,,True,,,,,,,,,,,,
TRADE_430F0EC9E7DE,창신,사상구,주례동,,,,,,0.0,0.0,0.0,1,,,,True,,,,,,,,,,,,
TRADE_432C66B7A507,세진,금정구,남산동,,,,,,2.0,2.0,2.0,1,,,,True,,220000000.0,8544192.06778863,,,,236000000.0,-0.11016949152542377,210000000.0,0.0,2.0,True
TRADE_4331DC1DE3C5,초원빌라,수영구,광안동,,,,,,0.0,0.0,0.0,1,,,,True,,,,,,,155000000.0,0.0,125000000.0,0.24,0.0,True
TRADE_434565313C9F,진흥,북구,덕천동,,,,,,0.0,0.0,0.0,1,,,,True,,,,,,,,,,,,
TRADE_4358B60B2435,구남,금정구,청룡동,,,,,,0.0,0.0,0.0,3,,,,True,,,,,,,184000000.0,0.0,184000000.0,0.0,0.0,True
TRADE_438396BC723B,강일프라임빌,연제구,연산동,,,,,,0.0,0.0,0.0,1,,,,True,,,,,,,,,,,,
TRADE_438A84462837,부광맨션,북구,구포동,,,,,,2.0,2.0,3.0,2,,,,True,,,,,,,,,,,,
TRADE_43AED17A4A87,경천골드빌,남구,대연동,,,,,,0.0,0.0,0.0,1,,,,True,,,,,,,238000000.0,-0.19327731092436973,180000000.0,0.06666666666666665,0.0,True
TRADE_43BAB80D4F34,흑석파크,남구,대연동,,,,,,0.0,0.0,0.0,1,,,,True,,,,,,,281500000.0,-0.023090586145648295,275000000.0,0.0,0.0,True
TRADE_43CD85B246A4,용진스타티스,북구,구포동,,,,,,0.0,0.0,0.0,1,,,,True,,,,,,,,,,,,
TRADE_43E39E58F4EB,대성베른시티1동,영도구,동삼동,,,,,,0.0,2.0,2.0,2,,,,True,,,,,,,,,,,,
TRADE_43EA74037636,한성아트빌,동구,초량동,,,,,,0.0,0.0,0.0,1,,,,True,,,,,,,205000000.0,0.0,205000000.0,0.0,0.0,True
TRADE_43FC793F3C51,신서면,부산진구,부암동,,,,,,0.0,0.0,0.0,1,,,,True,,,,,,,,,,,,
TRADE_4409F6B290D9,천양리버빌,북구,구포동,,,,,,0.0,0.0,0.0,1,,,,True,,,,,,,,,,,,
TRADE_4411BF3A7EA1,퀸즈팰리스,영도구,청학동,,,,,,0.0,0.0,0.0,4,,,,True,,,,,,,250000000.0,0.0,250000000.0,0.0,0.0,True
TRADE_44271408EE83,늘푸른아트빌,해운대구,재송동,,,,,,0.0,0.0,0.0,1,,,,True,,,,,,,,,,,,
TRADE_44307EDEDC73,신선(417-7),사하구,신평동,,,,,,0.0,0.0,0.0,1,,,,True,,,,,,,,,,,,
TRADE_44490F5C193B,부덕그린,수영구,광안동,,,,,,0.0,0.0,1.0,3,,,,True,,,,,,,350000000.0,0.0,298000000.0,0.17449664429530198,0.0,True
TRADE_4466C531AFD1,쏠데까사,해운대구,송정동,,,,,,0.0,0.0,1.0,3,,,,True,,,,,,,,,,,,
TRADE_448078BC3033,우성파크빌,수영구,망미동,,,,,,0.0,0.0,2.0,2,,,,True,,,,,,,503500000.0,0.0,318000000.0,0.5833333333333333,0.0,True
TRADE_448B9EC5C007,남산하이빌,남구,대연동,,,,,,1.0,1.0,1.0,2,,,,True,,290000000.0,11262798.634812286,,,,354000000.0,-0.1807909604519774,280000000.0,0.03571428571428581,1.0,True
TRADE_44954A226A79,송백그린,부산진구,양정동,,,,,,0.0,1.0,1.0,2,,,,True,,,,,,,175000000.0,0.0,175000000.0,0.0,0.0,True
TRADE_44B0AC3F3921,티아이더코어,금정구,부곡동,,,,,,0.0,0.0,0.0,1,,,,True,,,,,,,,,,,,
TRADE_44BC6DFB9E6D,어반스퀘어,연제구,연산동,,,,,,0.0,0.0,0.0,2,,,,True,,,,,,,,,,,,
TRADE_44C7B924C6AA,청산빌리지,동래구,온천동,,,,,,0.0,0.0,0.0,1,,,,True,,,,,,,230000000.0,-0.34782608695652173,150000000.0,0.0,0.0,True
TRADE_44EA9D308371,미광,사하구,괴정동,,,,,,0.0,3.0,3.0,2,,,,True,,,,,,,245000000.0,-0.18367346938775508,198000000.0,0.010101010101010166,0.0,True
TRADE_45423518755C,덕성아트빌,동래구,온천동,,,,,,0.0,0.0,0.0,1,,,,True,,,,,,,282000000.0,0.0,229000000.0,0.23144104803493448,0.0,True
TRADE_4542D604E590,흥림빌리지7차,수영구,광안동,,,,,,0.0,0.0,0.0,2,,,,True,,,,,,,,,,,,
TRADE_45578DABA667,동보맨션,남구,용호동,,,,,,0.0,0.0,0.0,2,,,,True,,,,,,,,,,,,
TRADE_456752E83FF5,신동아,금정구,서동,,,,,,0.0,0.0,0.0,2,,,,True,,,,,,,,,,,,
TRADE_45A09D261645,세븐빌,연제구,연산동,,,,,,0.0,0.0,0.0,1,,,,True,,,,,,,,,,,,
TRADE_45C396142219,부원골드빌,연제구,거제동,,,,,,0.0,0.0,0.0,2,,,,True,,,,,,,290000000.0,-0.31034482758620685,200000000.0,0.0,0.0,True
TRADE_45D52FA132B4,장미(773-1),금정구,부곡동,,,,,,0.0,0.0,1.0,2,,,,True,,,,,,,770000000.0,-0.2727272727272727,350000000.0,0.6000000000000001,0.0,True
TRADE_45D89F6381C2,송파지오스4,연제구,연산동,,,,,,0.0,0.0,1.0,1,,,,True,,,,,,,,,,,,
TRADE_45DD41411B63,삼일,남구,감만동,,,,,,1.0,2.0,5.0,3,,,,True,,,,,,,,,,,,
TRADE_45DE34FE7363,보광(617-1),부산진구,가야동,,,,,,0.0,0.0,0.0,1,,,,True,,,,,,,,,,,,
TRADE_45DF93C59B04,태흥스위트빌라,수영구,남천동,,,,,,0.0,0.0,0.0,2,,,,True,,,,,,,300000000.0,0.0,297000000.0,0.010101010101010166,0.0,True
TRADE_45E21F73C4B9,대성타워팰리스,금정구,구서동,,,,,,0.0,0.0,1.0,2,,,,True,,,,,,,,,,,,
TRADE_45E83CD82A76,태성캐슬,북구,구포동,,,,,,3.0,5.0,8.0,1,,,,True,,239000000.0,9287356.971523248,0.017021276595744705,0.017316017316017396,-0.02083333333333337,295000000.0,-0.15254237288135597,210000000.0,0.19047619047619047,5.0,False
TRADE_4604AD5CDB85,지산비바체,부산진구,양정동,,,,,,0.0,0.0,0.0,1,,,,True,,,,,,,,,,,,
TRADE_46059D474989,금오파크빌,수영구,광안동,,,,,,2.0,2.0,2.0,2,,,,True,,,,,,,,,,,,
TRADE_462CBC99EB14,천아드림타운,서구,부용동1가,,,,,,0.0,0.0,0.0,1,,,,True,,,,,,,260000000.0,-0.15384615384615385,220000000.0,0.0,0.0,True
TRADE_46474B51026F,지움포유,북구,구포동,,,,,,0.0,0.0,1.0,1,,,,True,,,,,,,,,,,,
TRADE_465A7A3B3FA2,일산(317-40),부산진구,전포동,,,,,,0.0,0.0,1.0,1,,,,True,,,,,,,,,,,,
TRADE_46693604E46B,코스마,해운대구,송정동,,,,,,0.0,0.0,0.0,2,,,,True,,,,,,,237000000.0,0.0,237000000.0,0.0,0.0,True
TRADE_4681CD4CC4EF,광명맨션(539-3),수영구,광안동,,,,,,0.0,0.0,0.0,2,,,,True,,,,,,,,,,,,
TRADE_468FFF426279,삼성월드빌,동래구,온천동,,,,,,0.0,0.0,0.0,2,,,,True,,,,,,,280000000.0,0.0,232000000.0,0.2068965517241379,0.0,True
TRADE_4692F283368B,화목데파트,해운대구,좌동,,,,,,2.0,5.0,9.0,1,,,,True,,,,,,,,,,,,
TRADE_46C6181817DC,센스빌(1240-3),동래구,온천동,,,,,,0.0,0.0,0.0,1,,,,True,,,,,,,215000000.0,0.0,190000000.0,0.13157894736842102,0.0,True
TRADE_46FCDB93D734,동부산렉슬,기장군,기장읍대라리,,,,,,0.0,2.0,2.0,3,,,,True,,,,,,,254000000.0,-0.07480314960629919,225000000.0,0.04444444444444451,0.0,True
TRADE_47297453500D,우일아내트,금정구,부곡동,,,,,,0.0,0.0,0.0,1,,,,True,,,,,,,280000000.0,0.0,280000000.0,0.0,0.0,True
TRADE_472C9395D3A2,시티파크,부산진구,개금동,,,,,,0.0,0.0,0.0,1,,,,True,,,,,,,281000000.0,-0.039145907473309594,220000000.0,0.2272727272727273,0.0,True
TRADE_474F6B7E5183,더폼타워,수영구,광안동,,,,,,0.0,0.0,1.0,2,,,,True,,,,,,,,,,,,
TRADE_475E93A8E3E9,수정(1181-4),동구,수정동,,,,,,0.0,0.0,0.0,1,,,,True,,,,,,,,,,,,
TRADE_4765EA819176,경보이리스힐아파트,기장군,기장읍교리,,,,,,0.0,0.0,0.0,1,,,,True,,,,,,,,,,,,
TRADE_476D5AD14FA8,삼광(585-19),사상구,학장동,,,,,,0.0,0.0,0.0,1,,,,True,,,,,,,165000000.0,0.0,165000000.0,0.0,0.0,True
TRADE_4773CBAAD118,무학프라자,남구,문현동,,,,,,1.0,2.0,5.0,2,,,,True,,250000000.0,9856630.82437276,,0.12359550561797761,,290000000.0,-0.13793103448275867,220000000.0,0.13636363636363646,1.0,True
TRADE_4775B47FEF6F,동신빌라트(120-296),수영구,광안동,,,,,,0.0,0.0,0.0,1,,,,True,,,,,,,,,,,,
TRADE_47810F6AF9BB,지성캐슬,수영구,광안동,,,,,,0.0,0.0,0.0,1,,,,True,,,,,,,,,,,,
TRADE_4789EC9D0DF7,대동아람아파트,사하구,당리동,,,,,,0.0,0.0,1.0,5,,,,True,,,,,,,142250000.0,-0.008787346221441172,110000000.0,0.28181818181818175,0.0,True
TRADE_47BD0B5A0732,큐브빌,연제구,거제동,,,,,,0.0,0.0,0.0,1,,,,True,,,,,,,,,,,,
TRADE_47C5E9DD8B0E,럭스빌비치,해운대구,송정동,,,,,,0.0,0.0,2.0,3,,,,True,,,,,,,,,,,,
TRADE_47CDA4C23065,협성네오빌,영도구,동삼동,,,,,,0.0,0.0,0.0,1,,,,True,,,,,,,165000000.0,-0.18181818181818177,135000000.0,0.0,0.0,True
TRADE_47D926DB3C54,크로바,부산진구,부전동,,,,,,0.0,0.0,0.0,1,,,,True,,,,,,,,,,,,
TRADE_47F9083F7081,석산2차,금정구,남산동,,,,,,0.0,0.0,0.0,1,,,,True,,,,,,,,,,,,
TRADE_47FDD07691F8,은하,사하구,하단동,,,,,,0.0,0.0,0.0,1,,,,True,,,,,,,,,,,,
TRADE_48015407223F,삼익,사하구,괴정동,,,,,,1.0,6.0,13.0,4,,,,True,,,,,,,,,,,,
TRADE_481F81BBDA91,창신,금정구,구서동,,,,,,0.0,0.0,0.0,2,,,,True,,,,,,,,,,,,
TRADE_4829D2E93689,청솔아트빌라,영도구,영선동3가,,,,,,0.0,0.0,1.0,2,,,,True,,,,,,,191000000.0,0.0,172000000.0,0.11046511627906974,0.0,True
TRADE_4858FCC03A89,건오힐타워,부산진구,당감동,,,,,,0.0,0.0,2.0,1,,,,True,,,,,,,,,,,,
TRADE_48826ED82FF3,화성맨션,사하구,괴정동,,,,,,0.0,0.0,0.0,1,,,,True,,,,,,,140000000.0,0.0,140000000.0,0.0,0.0,True
TRADE_489639814B84,문화파크,금정구,금사동,,,,,,0.0,0.0,0.0,2,,,,True,,,,,,,,,,,,
TRADE_48D94ED850F3,산들마을,금정구,구서동,,,,,,0.0,0.0,3.0,1,,,,True,,,,,,,,,,,,
TRADE_492CB4EF4D25,부국3,북구,덕천동,,,,,,0.0,0.0,0.0,1,,,,True,,,,,,,,,,,,
TRADE_492E2240A77F,신진1차,북구,구포동,,,,,,0.0,0.0,0.0,2,,,,True,,,,,,,,,,,,
TRADE_494827A7CBFB,정림주택,서구,동대신동3가,,,,,,0.0,0.0,0.0,1,,,,True,,,,,,,,,,,,
TRADE_494C4B83C742,창신빌라,기장군,기장읍대변리,,,,,,1.0,1.0,1.0,1,,,,True,,,,,,,,,,,,
TRADE_494F14C4BC82,금오아트빌,부산진구,개금동,,,,,,0.0,0.0,0.0,1,,,,True,,,,,,,,,,,,
TRADE_49767A466AD8,해운대석포로얄캐슬,해운대구,중동,,,,,,0.0,0.0,0.0,1,,,,True,,,,,,,,,,,,
TRADE_4988419CC348,대호그린빌라,서구,서대신동1가,,,,,,0.0,0.0,0.0,3,,,,True,,,,,,,,,,,,
TRADE_499182611480,퍼스트클래스,부산진구,가야동,,,,,,0.0,0.0,0.0,1,,,,True,,,,,,,,,,,,
TRADE_4998A3150BC9,승정빌라,부산진구,전포동,,,,,,0.0,0.0,0.0,1,,,,True,,,,,,,,,,,,
TRADE_49B3C63B4E25,대근하버빌30차,중구,부평동4가,,,,,,0.0,0.0,0.0,1,,,,True,,,,,,,250000000.0,-0.12,220000000.0,0.0,0.0,True
TRADE_49B4673399A1,서면라이포레,부산진구,범천동,,,,,,1.0,2.0,3.0,2,,,,True,,,,,,,,,,,,
TRADE_49B74446CFD4,태석101동,해운대구,우동,,,,,,0.0,1.0,1.0,3,,,,True,,,,,,,,,,,,
TRADE_49F58333FAD3,센텀디아이리더스,수영구,광안동,,,,,,0.0,0.0,2.0,1,,,,True,,,,,,,,,,,,
TRADE_4A3D46CEF6AA,비룡벨로스텔라,북구,구포동,,,,,,0.0,0.0,2.0,2,,,,True,,,,,,,,,,,,
TRADE_4A6C07BD556C,KH파인빌,연제구,연산동,,,,,,0.0,0.0,0.0,2,,,,True,,,,,,,,,,,,
TRADE_4A83316C1C9E,청광,동구,수정동,,,,,,0.0,0.0,0.0,2,,,,True,,,,,,,,,,,,
TRADE_4A99D43A93F6,선경아트빌,사하구,하단동,,,,,,0.0,0.0,2.0,2,,,,True,,,,,,,214000000.0,0.0,163000000.0,0.31288343558282206,0.0,True
TRADE_4A9E689B534A,양정상가,부산진구,양정동,,,,,,0.0,0.0,0.0,1,,,,True,,,,,,,,,,,,
TRADE_4AC7920F266B,청보빌라,남구,문현동,,,,,,0.0,0.0,0.0,1,,,,True,,,,,,,230000000.0,0.0,230000000.0,0.0,0.0,True
TRADE_4ACB67809A09,센트리움기장,기장군,기장읍대라리,,,,,,0.0,2.0,3.0,2,,,,True,,,,,,,,,,,,
TRADE_4ADF17738C3B,더클래스센텀,수영구,광안동,,,,,,1.0,2.0,3.0,2,,,,True,,,,,,,,,,,,
TRADE_4AF303AB4B2A,태림맨션(94-0),영도구,대평동1가,,,,,,0.0,0.0,0.0,2,,,,True,,,,,,,100000000.0,0.0,100000000.0,0.0,0.0,True
TRADE_4AF76F997538,세종엠스테이3차,수영구,광안동,,,,,,4.0,4.0,6.0,3,,,,True,,450000000.0,17507663.28696062,,0.05263157894736836,,460000000.0,-0.021739130434782594,300000000.0,0.5,1.0,True
TRADE_4B1ABF8021A0,송림,금정구,부곡동,,,,,,0.0,0.0,0.0,1,,,,True,,,,,,,,,,,,
TRADE_4B3EA1127D62,수정(1175-1),동구,수정동,,,,,,1.0,1.0,1.0,1,,,,True,,,,,,,,,,,,
TRADE_4B485BB38EDD,금초파크,동구,범일동,,,,,,0.0,1.0,1.0,1,,,,True,,,,,,,,,,,,
TRADE_4B4BE7C3447E,동래창덕더파크,동래구,온천동,,,,,,0.0,0.0,0.0,1,,,,True,,,,,,,,,,,,
TRADE_4B57145EA843,삼창파크맨션2동,영도구,동삼동,,,,,,0.0,0.0,1.0,3,,,,True,,,,,,,149000000.0,-0.34563758389261745,97500000.0,0.0,0.0,True
TRADE_4B84CAF09E82,"무궁화아파트101동,102동,103동,105동,106동",부산진구,당감동,,,,,,0.0,6.0,7.0,2,,,,True,,,,,,,,,,,,
TRADE_4B93E36F5D57,전원그린맨션B동,기장군,기장읍교리,,,,,,0.0,0.0,1.0,2,,,,True,,,,,,,175000000.0,-0.17142857142857137,120000000.0,0.20833333333333326,0.0,True
TRADE_4BBF939403E6,부영,부산진구,부전동,,,,,,0.0,0.0,0.0,1,,,,True,,,,,,,,,,,,
TRADE_4BD5A8700877,대유맨션,영도구,청학동,,,,,,0.0,0.0,0.0,1,,,,True,,,,,,,,,,,,
TRADE_4BDA583B3932,일성주택,남구,용호동,,,,,,0.0,0.0,0.0,2,,,,True,,,,,,,,,,,,
TRADE_4BDAEC242220,글로리성보빌라트,남구,대연동,,,,,,0.0,0.0,0.0,2,,,,True,,,,,,,255000000.0,0.0,255000000.0,0.0,0.0,True
TRADE_4BE546D8042D,신한,사하구,감천동,,,,,,0.0,1.0,1.0,2,,,,True,,,,,,,115000000.0,0.0,115000000.0,0.0,0.0,True
TRADE_4BE8A9ECD5BD,꿈꾸는가,금정구,구서동,,,,,,1.0,1.0,1.0,1,,,,True,,,,,,,,,,,,
TRADE_4BFD0FE695D9,정원맨션,금정구,서동,,,,,,1.0,1.0,1.0,1,,,,True,,,,,,,,,,,,
TRADE_4C412682A997,안락지음,동래구,안락동,,,,,,0.0,0.0,0.0,1,,,,True,,,,,,,,,,,,
TRADE_4C4345CD891E,유림노르웨이숲비치,영도구,동삼동,,,,,,0.0,1.0,8.0,2,,,,True,,,,,-0.022222222222222254,-0.006696428571428603,312000000.0,-0.2948717948717948,180000000.0,0.22222222222222232,1.0,True
TRADE_4C532F2F2263,경동메르빌골드,해운대구,중동,,,,,,0.0,0.0,0.0,2,,,,True,,,,,,,,,,,,
TRADE_4C56F4AAC9D3,봉황맨션D,동래구,명장동,,,,,,0.0,0.0,0.0,1,,,,True,,,,,,,,,,,,
TRADE_4C6782539F01,그린힐2차,해운대구,중동,,,,,,1.0,1.0,1.0,2,,,,True,,,,,,,,,,,,
TRADE_4C8D6028ECBA,주안골드빌리지,수영구,광안동,,,,,,0.0,1.0,1.0,2,,,,True,,,,,,,275000000.0,-0.08363636363636362,252000000.0,0.0,1.0,True
TRADE_4C944B884A39,범양빌라,금정구,청룡동,,,,,,0.0,0.0,0.0,4,,,,True,,,,,,,280000000.0,-0.2571428571428571,162000000.0,0.28395061728395055,0.0,True
TRADE_4C9788CC6D37,섬진4차,사상구,엄궁동,,,,,,0.0,1.0,2.0,1,,,,True,,,,,0.009615384615384581,0.04499999999999993,252500000.0,-0.16831683168316836,173000000.0,0.21387283236994215,1.0,True
TRADE_4CA8A5D3F000,예광스카이빌라,남구,대연동,,,,,,0.0,1.0,1.0,1,,,,True,,,,,,-0.23076923076923073,270000000.0,-0.2592592592592593,180000000.0,0.11111111111111116,1.0,True
TRADE_4CAFEFE7EA0F,남산천일로얄맨션,금정구,남산동,,,,,,1.0,1.0,1.0,3,,,,True,,,,,,,,,,,,
TRADE_4CB648C22D30,신동아(330-4),사하구,당리동,,,,,,0.0,0.0,0.0,1,,,,True,,,,,,,,,,,,
TRADE_4CBC8520C630,범전시영2동,부산진구,범전동,,,,,,1.0,1.0,1.0,2,,,,True,,,,,,,,,,,,
TRADE_4CD1AAEB4055,해운대엔스타,해운대구,우동,,,,,,0.0,2.0,4.0,2,,,,True,,,,,0.0,,368000000.0,-0.15760869565217395,310000000.0,0.0,1.0,True
TRADE_4CEB1FAF2614,청룡예뜨랑1,금정구,청룡동,,,,,,0.0,0.0,1.0,1,,,,True,,,,,,,,,,,,
TRADE_4D07957F6F3B,사상역경보센트리안,사상구,괘법동,,,,,,1.0,3.0,3.0,3,,,,True,,,,,,,,,,,,
TRADE_4D145433E4CC,영선2동4동,영도구,영선동4가,,,,,,1.0,1.0,1.0,1,,,,True,,,,,,,,,,,,
TRADE_4D1F3DF5B576,오션스카이,서구,서대신동1가,,,,,,1.0,1.0,1.0,2,,,,True,,,,,,,,,,,,
TRADE_4D262D5EEF1E,웰메이드홈,연제구,연산동,,,,,,1.0,1.0,3.0,1,,,,True,,,,,,,,,,,,
TRADE_4D2906D17E70,신일아트빌,연제구,연산동,,,,,,0.0,0.0,0.0,1,,,,True,,,,,,,210000000.0,-0.033333333333333326,140000000.0,0.44999999999999996,0.0,True
TRADE_4D41AC21DC33,우정하이츠빌라(491-2),연제구,거제동,,,,,,0.0,0.0,0.0,1,,,,True,,,,,,,159000000.0,0.0,159000000.0,0.0,0.0,True
TRADE_4D75D6ED6619,블루스카이,부산진구,가야동,,,,,,0.0,1.0,1.0,1,,,,True,,,,,,,,,,,,
TRADE_4D96155B7195,유창,금정구,남산동,,,,,,0.0,0.0,0.0,3,,,,True,,,,,,,,,,,,
TRADE_4DA157D8BAC3,세진,사상구,괘법동,,,,,,0.0,0.0,0.0,1,,,,True,,,,,,,195000000.0,0.0,195000000.0,0.0,0.0,True
TRADE_4DA42E8B38B3,한성빌라,서구,토성동5가,,,,,,1.0,2.0,3.0,2,,,,True,,182000000.0,7292374.9392909175,,-0.04210526315789476,,210000000.0,-0.1333333333333333,145380000.0,0.2518915944421516,1.0,True
TRADE_4DD0B09C900C,장미,사하구,괴정동,,,,,,0.0,1.0,2.0,2,,,,True,,,,,,,,,,,,
TRADE_4DD717E1C56A,신흥동백(361),사하구,감천동,,,,,,0.0,0.0,1.0,1,,,,True,,,,,,,,,,,,
TRADE_4DF08531FDFB,복음,수영구,망미동,,,,,,0.0,0.0,2.0,1,,,,True,,,,,,,,,,,,
TRADE_4E0A405B984D,삼한사랑채,남구,문현동,,,,,,3.0,6.0,11.0,1,,,,True,,271875000.0,10556388.98693964,-0.018058690744920947,-0.007755474452554756,0.037690839694656475,320000000.0,-0.14453125,228500000.0,0.19803063457330405,6.0,False
TRADE_4E0BA0CA127D,부승,서구,남부민동,,,,,,0.0,0.0,0.0,3,,,,True,,,,,,,,,,,,
TRADE_4E60BD79DA5A,행복타운,수영구,민락동,,,,,,0.0,0.0,0.0,2,,,,True,,,,,,,350000000.0,0.0,350000000.0,0.0,0.0,True
TRADE_4E62CA743951,대영(967-1),남구,대연동,,,,,,0.0,0.0,1.0,2,,,,True,,,,,,,,,,,,
TRADE_4E7DEAB40DE8,옛고을,동구,범일동,,,,,,0.0,0.0,0.0,3,,,,True,,,,,,,180000000.0,0.0,180000000.0,0.0,0.0,True
TRADE_4E8707F6EA79,한영아르미안,해운대구,중동,,,,,,0.0,0.0,0.0,2,,,,True,,,,,,,370000000.0,-0.04054054054054057,318000000.0,0.11635220125786172,0.0,True
TRADE_4EBB47610842,동호,동래구,복천동,,,,,,0.0,0.0,0.0,3,,,,True,,,,,,,,,,,,
TRADE_4EBE36FC1020,석산6차,금정구,남산동,,,,,,0.0,0.0,0.0,2,,,,True,,,,,,,,,,,,
TRADE_4ED508647121,신대우빌라트,사하구,괴정동,,,,,,0.0,1.0,1.0,1,,,,True,,,,,,,,,,,,
TRADE_4ED5AA0140CD,명굉강변맨션,북구,구포동,,,,,,0.0,1.0,1.0,4,,,,True,,,,,,,,,,,,
TRADE_4EE3F7DEB68D,화인,사하구,당리동,,,,,,0.0,0.0,0.0,3,,,,True,,,,,,,,,,,,
TRADE_4EE44B77B49C,아세만화니트,부산진구,양정동,,,,,,0.0,0.0,1.0,1,,,,True,,,,,,-0.01538461538461533,300000000.0,-0.1466666666666666,247000000.0,0.036437246963562764,0.0,True
TRADE_4EFB6363D48C,대성베른시티2동,영도구,동삼동,,,,,,0.0,0.0,0.0,1,,,,True,,,,,,,,,,,,
TRADE_4F544C16530D,서전,동래구,온천동,,,,,,0.0,0.0,0.0,4,,,,True,,,,,,,190000000.0,-0.12105263157894741,167000000.0,0.0,0.0,True
TRADE_4F5A03005196,보해이브빌2차,사하구,하단동,,,,,,0.0,1.0,2.0,1,,,,True,,,,,-0.08040201005025127,-0.13181818181818183,240000000.0,-0.23750000000000004,183000000.0,0.0,1.0,True
TRADE_4F70C28D0F28,성림,사하구,괴정동,,,,,,0.0,0.0,0.0,2,,,,True,,,,,,,95000000.0,0.0,95000000.0,0.0,0.0,True
TRADE_4F781ABD49EE,대우우남이채롬,금정구,부곡동,,,,,,0.0,1.0,3.0,1,,,,True,,,,,-0.039393939393939426,-0.051851851851851816,428000000.0,-0.25934579439252337,292000000.0,0.08561643835616439,1.0,True
TRADE_4F86977FF0A7,네오밸리스,금정구,청룡동,,,,,,0.0,0.0,0.0,1,,,,True,,,,,,,,,,,,
TRADE_4F8E134026B8,협성파크,동구,수정동,,,,,,0.0,0.0,1.0,3,,,,True,,,,,,,,,,,,
TRADE_4FAB5EAC16E8,괘법맨션,사상구,괘법동,,,,,,0.0,0.0,0.0,2,,,,True,,,,,,,,,,,,
TRADE_4FD83C287C13,범일동서면영동리원,동구,범일동,,,,,,0.0,0.0,2.0,2,,,,True,,,,,,,,,,,,
TRADE_4FD90EAD6EB8,피렌체,부산진구,양정동,,,,,,1.0,1.0,1.0,3,,,,True,,213000000.0,8306546.915622783,,,,290000000.0,-0.2655172413793103,213000000.0,0.0,1.0,True
TRADE_501058A0BFF9,금정아트빌,금정구,부곡동,,,,,,0.0,0.0,0.0,2,,,,True,,,,,,,207500000.0,0.0,207500000.0,0.0,0.0,True
TRADE_5015EC14BAB2,부전비치,기장군,일광읍이천리,,,,,,1.0,1.0,1.0,2,,,,True,,,,,,,212500000.0,0.0,150000000.0,0.41666666666666674,0.0,True
TRADE_50B2ADCAEC23,베네스빌리지(889-6),사하구,하단동,,,,,,0.0,1.0,1.0,1,,,,True,,,,,,,190000000.0,-0.10526315789473684,170000000.0,0.0,1.0,True
TRADE_50C838B52108,남연,사하구,하단동,,,,,,0.0,0.0,1.0,1,,,,True,,,,,,,,,,,,
TRADE_50CE12322225,태백(1505-10),남구,대연동,,,,,,0.0,0.0,0.0,1,,,,True,,,,,,,230000000.0,0.0,230000000.0,0.0,0.0,True
TRADE_50DAD4AA8435,양지,중구,대창동1가,,,,,,0.0,0.0,0.0,2,,,,True,,,,,,,128000000.0,0.0,128000000.0,0.0,0.0,True
TRADE_50EAACCA8697,협진태양맨션A동,수영구,망미동,,,,,,0.0,0.0,0.0,1,,,,True,,,,,,,,,,,,
TRADE_510C0ADF9295,월성,연제구,연산동,,,,,,0.0,0.0,0.0,1,,,,True,,,,,,,550000000.0,0.0,325000000.0,0.6923076923076923,0.0,True
TRADE_513DD95EF750,정원타워Ⅰ,수영구,광안동,,,,,,0.0,1.0,1.0,1,,,,True,,,,,,,375000000.0,0.0,356000000.0,0.05337078651685401,1.0,True
TRADE_517CF8BC5307,산호(1462-3),연제구,거제동,,,,,,0.0,0.0,1.0,2,,,,True,,,,,,,,,,,,
TRADE_51883DE7DFD7,록원골든빌B동,남구,대연동,,,,,,0.0,0.0,0.0,1,,,,True,,,,,,,310000000.0,0.0,280000000.0,0.1071428571428572,0.0,True
TRADE_518D0D15D00B,창덕더파크,부산진구,부전동,,,,,,0.0,0.0,0.0,1,,,,True,,,,,,,,,,,,
TRADE_519046900E76,정우빌라,사하구,신평동,,,,,,0.0,0.0,0.0,1,,,,True,,,,,,,,,,,,
TRADE_5197D5907A9E,아카페타운,사상구,덕포동,,,,,,0.0,0.0,0.0,4,,,,True,,,,,,,160000000.0,0.0,160000000.0,0.0,0.0,True
TRADE_51B5FB01AF6D,봉황맨션,수영구,광안동,,,,,,0.0,0.0,0.0,3,,,,True,,,,,,,220000000.0,0.0,161500000.0,0.3622291021671826,0.0,True
TRADE_51C69F78B98D,대주자유,해운대구,중동,,,,,,0.0,0.0,0.0,1,,,,True,,,,,,,,,,,,
TRADE_51C8748C22A3,일신파크빌,금정구,남산동,,,,,,0.0,0.0,0.0,1,,,,True,,,,,,,,,,,,
TRADE_51E5C68F7B46,대림파크빌,부산진구,초읍동,,,,,,0.0,1.0,2.0,1,,,,True,,,,,,,,,,,,
TRADE_51EEC9DB715D,보성오페라,금정구,구서동,,,,,,0.0,0.0,1.0,1,,,,True,,,,,,,,,,,,
TRADE_51FE5CDDB012,신풍아트빌라,금정구,남산동,,,,,,0.0,0.0,0.0,2,,,,True,,,,,,,,,,,,
TRADE_5206C8B0107A,일번파크맨션비동,금정구,남산동,,,,,,0.0,0.0,0.0,1,,,,True,,,,,,,,,,,,
TRADE_5208E52F57EB,광안시티빌,수영구,광안동,,,,,,0.0,0.0,0.0,1,,,,True,,,,,,,340000000.0,-0.05882352941176472,280000000.0,0.1428571428571428,0.0,True
TRADE_521D15DF5505,장원,영도구,동삼동,,,,,,0.0,0.0,0.0,1,,,,True,,,,,,,,,,,,
TRADE_524A86944A59,동래화목별동,동래구,안락동,,,,,,0.0,0.0,0.0,1,,,,True,,,,,,,,,,,,
TRADE_526768F54AAC,희성수빌리지,남구,대연동,,,,,,0.0,1.0,1.0,1,,,,True,,,,,,,,,,,,
TRADE_528BC5C65C4C,남산그린파크맨션,금정구,남산동,,,,,,0.0,0.0,0.0,2,,,,True,,,,,,,230000000.0,0.0,230000000.0,0.0,0.0,True
TRADE_5299EF9F506F,고려아펠리아,사상구,주례동,,,,,,0.0,1.0,1.0,1,,,,True,,,,,,,,,,,,
TRADE_52AFD45D995E,퍼스트빌,동구,범일동,,,,,,0.0,0.0,0.0,1,,,,True,,,,,,,,,,,,
TRADE_52C542ACA327,비온뒤,영도구,청학동,,,,,,0.0,0.0,2.0,2,,,,True,,,,,,,,,,,,
TRADE_52C5C09ABA9E,대원,연제구,거제동,,,,,,0.0,0.0,2.0,3,,,,True,,,,,,,,,,,,
TRADE_52E151624DB5,동일파크,동구,초량동,,,,,,1.0,1.0,4.0,3,,,,True,,,,,,,,,,,,
TRADE_52FA54CCDD99,강진융프라우2차,남구,문현동,,,,,,3.0,3.0,4.0,1,,,,True,,,,,,,,,,,,
TRADE_52FDAFB62300,플러스원,영도구,청학동,,,,,,0.0,0.0,2.0,2,,,,True,,,,,,,140000000.0,0.0,140000000.0,0.0,0.0,True
TRADE_5349160480DC,에이스센텀빌리지,수영구,광안동,,,,,,0.0,1.0,1.0,2,,,,True,,,,,,,,,,,,
TRADE_5365B9D8EE9D,성원더프라임아파트,부산진구,부전동,,,,,,0.0,2.0,4.0,2,,,,True,,,,,,,,,,,,
TRADE_537EFFB8E3D8,영선1동,영도구,영선동4가,,,,,,0.0,1.0,1.0,1,,,,True,,,,,,,,,,,,
TRADE_538271B9106A,미소지음주상복합,중구,보수동1가,,,,,,0.0,0.0,2.0,2,,,,True,,,,,,,275000000.0,-0.09818181818181815,248000000.0,0.0,0.0,True
TRADE_539EC4154426,보해이브빌,사하구,괴정동,,,,,,0.0,0.0,0.0,1,,,,True,,,,,,,,,,,,
TRADE_53BDB3CCF135,태안에버빌,연제구,연산동,,,,,,0.0,0.0,0.0,1,,,,True,,,,,,,,,,,,
TRADE_53C330727483,현은,동래구,온천동,,,,,,0.0,0.0,0.0,1,,,,True,,,,,,,165000000.0,0.0,165000000.0,0.0,0.0,True
TRADE_53D5148F0F05,대륙코리아나,동래구,사직동,,,,,,0.0,1.0,2.0,3,,,,True,,,,,,0.0,380000000.0,-0.052631578947368474,340000000.0,0.05882352941176472,1.0,True
TRADE_53DC109F6205,정원(176-28),남구,감만동,,,,,,0.0,0.0,0.0,2,,,,True,,,,,,,,,,,,
TRADE_53DFED146D12,하단시티빌101동,사하구,하단동,,,,,,0.0,0.0,0.0,1,,,,True,,,,,,,,,,,,
TRADE_53EE9369A413,중앙월드타워,남구,대연동,,,,,,0.0,0.0,0.0,1,,,,True,,,,,,,270000000.0,0.0,270000000.0,0.0,0.0,True
TRADE_54414EB83BFF,대명5차,금정구,남산동,,,,,,0.0,0.0,1.0,2,,,,True,,,,,,,,,,,,
TRADE_5463DC4FF741,"새진빌리지(A,B동)",남구,대연동,,,,,,0.0,0.0,0.0,2,,,,True,,,,,,,310000000.0,-0.24193548387096775,235000000.0,0.0,0.0,True
TRADE_547737BF8E89,투윈빌리지-1,남구,대연동,,,,,,0.0,0.0,0.0,1,,,,True,,,,,,,245000000.0,-0.008163265306122436,220000000.0,0.1045454545454545,0.0,True
TRADE_547FDE7512B2,탑패밀리,부산진구,범천동,,,,,,1.0,3.0,7.0,3,,,,True,,,,,,,,,,,,
TRADE_548BACDDB803,아스테리아,금정구,청룡동,,,,,,0.0,0.0,0.0,1,,,,True,,,,,,,200000000.0,-0.15000000000000002,170000000.0,0.0,0.0,True
TRADE_549BDCEC143F,오현예다움,서구,서대신동2가,,,,,,0.0,0.0,1.0,1,,,,True,,,,,,,,,,,,
TRADE_54B2166EF48F,에스디빌라트,기장군,기장읍대라리,,,,,,0.0,0.0,0.0,1,,,,True,,,,,,,,,,,,
TRADE_54C1C9A32165,왕신하이츠빌라,금정구,남산동,,,,,,0.0,0.0,0.0,1,,,,True,,,,,,,166000000.0,0.0,140000000.0,0.18571428571428572,0.0,True
TRADE_54DB1EAC4500,괴정동568-10공동주택(최중호),사하구,괴정동,,,,,,0.0,0.0,2.0,1,,,,True,,,,,,,,,,,,
TRADE_54FCB5EBBC66,성암,부산진구,부암동,,,,,,0.0,1.0,3.0,3,,,,True,,,,,,,,,,,,
TRADE_550817E56C10,지산로얄(1724-1),남구,대연동,,,,,,1.0,1.0,1.0,1,,,,True,,260000000.0,10097681.53465929,,,,260000000.0,0.0,260000000.0,0.0,1.0,True
TRADE_555849B1C516,일화그린빌라,동래구,온천동,,,,,,0.0,1.0,1.0,1,,,,True,,,,,,,,,,,,
TRADE_5569710636CF,서원블루오션C동,서구,토성동5가,,,,,,0.0,1.0,1.0,2,,,,True,,,,,,,,,,,,
TRADE_55A58179EA32,세원수아파트,부산진구,당감동,,,,,,0.0,1.0,4.0,2,,,,True,,,,,,,,,,,,
TRADE_55A7DEC1CEFC,투윈빌리지,사하구,괴정동,,,,,,1.0,2.0,2.0,3,,,,True,,,,,,,305000000.0,-0.2524590163934426,228000000.0,0.0,1.0,True
TRADE_55EAF9304E1B,원광브릿지타워,영도구,대교동1가,,,,,,0.0,0.0,0.0,2,,,,True,,,,,,,,,,,,
TRADE_560FD8E58C0F,대가하이츠,연제구,연산동,,,,,,0.0,0.0,0.0,1,,,,True,,,,,,,235000000.0,-0.276595744680851,170000000.0,0.0,0.0,True
TRADE_56241E95E616,동보4차,금정구,구서동,,,,,,0.0,0.0,0.0,2,,,,True,,,,,,,240000000.0,-0.33333333333333337,160000000.0,0.0,0.0,True
TRADE_563C83616F08,모닝아일랜드,영도구,대교동2가,,,,,,0.0,1.0,1.0,3,,,,True,,,,,,,345000000.0,-0.21739130434782605,263000000.0,0.026615969581748944,0.0,True
TRADE_563DCBEE4A65,연산역휴그린,연제구,연산동,,,,,,0.0,0.0,3.0,3,,,,True,,,,,,,,,,,,
TRADE_5690F2A75E58,영촌아트빌,서구,서대신동1가,,,,,,0.0,0.0,1.0,3,,,,True,,,,,,,242000000.0,-0.15289256198347112,205000000.0,0.0,0.0,True
TRADE_569B90DBA04A,전원그린빌라,영도구,동삼동,,,,,,0.0,0.0,0.0,1,,,,True,,,,,,,,,,,,
TRADE_56A8A71A1667,토명비치빌,해운대구,중동,,,,,,0.0,0.0,0.0,2,,,,True,,,,,,,215000000.0,-0.06976744186046513,200000000.0,0.0,0.0,True
TRADE_56BBD016647D,HY원룸,부산진구,부전동,,,,,,2.0,2.0,2.0,1,,,,True,,,,,,,,,,,,
TRADE_56D44998CC2C,명산아트빌,수영구,광안동,,,,,,0.0,0.0,0.0,1,,,,True,,,,,,,,,,,,
TRADE_56DE71E3955A,정남파크맨션,사상구,학장동,,,,,,0.0,1.0,2.0,2,,,,True,,,,,,,,,,,,
TRADE_56F5E2F9E8F0,상경전원,남구,우암동,,,,,,0.0,0.0,0.0,3,,,,True,,,,,,,275000000.0,0.0,180000000.0,0.5277777777777777,0.0,True
TRADE_572652EC3436,에이스빌라,해운대구,중동,,,,,,1.0,1.0,1.0,2,,,,True,,,,,,,,,,,,
TRADE_5745E558D080,폴더윈하이츠,부산진구,범천동,,,,,,0.0,1.0,1.0,3,,,,True,,,,,,,,,,,,
TRADE_57539C0EB856,성우센텀스카이뷰에이,수영구,광안동,,,,,,1.0,1.0,3.0,2,,,,True,,,,,,,,,,,,
TRADE_57A4DFBB735D,경원A동,금정구,남산동,,,,,,0.0,0.0,0.0,2,,,,True,,,,,,,240000000.0,-0.04166666666666663,225000000.0,0.022222222222222143,0.0,True
TRADE_57AFFD162D8F,리츠빌리지,기장군,기장읍교리,,,,,,0.0,0.0,0.0,1,,,,True,,,,,,,,,,,,
TRADE_57D9FE26163A,센텀재송빌,해운대구,재송동,,,,,,0.0,1.0,2.0,1,,,,True,,,,,,,,,,,,
TRADE_57EE60ABFC70,전원빌리지,연제구,거제동,,,,,,0.0,0.0,0.0,1,,,,True,,,,,,,255000000.0,-0.05882352941176472,240000000.0,0.0,0.0,True
TRADE_57F1AB8923C0,대륙빌라,서구,암남동,,,,,,0.0,0.0,0.0,1,,,,True,,,,,,,180000000.0,0.0,180000000.0,0.0,0.0,True
TRADE_58110612A4CA,금호천지,부산진구,부암동,,,,,,0.0,0.0,1.0,1,,,,True,,,,,,,,,,,,
TRADE_583FC8CBF91F,조은아크로빌,영도구,동삼동,,,,,,0.0,0.0,0.0,1,,,,True,,,,,,,130000000.0,0.0,130000000.0,0.0,0.0,True
TRADE_584BCD209D06,하단센토빌,사하구,하단동,,,,,,0.0,0.0,1.0,1,,,,True,,,,,,,,,,,,
TRADE_585EBBAEF896,동보하이츠,해운대구,중동,,,,,,0.0,0.0,0.0,1,,,,True,,,,,,,,,,,,
TRADE_58738F334685,다산몽레브,부산진구,가야동,,,,,,0.0,1.0,1.0,3,,,,True,,,,,,,278000000.0,-0.18705035971223016,220000000.0,0.027272727272727337,1.0,True
TRADE_5896D6BFF29F,세운이노빌,부산진구,범천동,,,,,,0.0,0.0,0.0,1,,,,True,,,,,,,,,,,,
TRADE_58D8C93F876B,민락동신화하니엘그린시티공동주택,수영구,민락동,,,,,,0.0,0.0,1.0,3,,,,True,,,,,,,,,,,,
TRADE_58E22D14B044,삼익아파트,부산진구,연지동,,,,,,0.0,1.0,3.0,4,,,,True,,,,,,,,,,,,
TRADE_58EFC3C2B5E0,곡산주택,북구,구포동,,,,,,1.0,3.0,3.0,1,,,,True,,80000000.0,3107344.632768362,-0.11602209944751385,,-0.29565217391304344,125000000.0,-0.36,80000000.0,0.0,3.0,False
TRADE_58F63433D9F4,장백,남구,대연동,,,,,,0.0,0.0,0.0,3,,,,True,,,,,,,245000000.0,-0.18367346938775508,163000000.0,0.22699386503067487,0.0,True
TRADE_58F9AE1094B8,대건빌라,동래구,사직동,,,,,,0.0,0.0,0.0,4,,,,True,,,,,,,450000000.0,-0.05555555555555558,319000000.0,0.33228840125391845,0.0,True
TRADE_5906D560E714,아크로폴리스,서구,토성동5가,,,,,,2.0,8.0,8.0,4,,,,True,,,,,,,230000000.0,0.0,210000000.0,0.09523809523809534,0.0,True
TRADE_59316CA8B255,동대신동미소지음3차주상복합아파트,서구,동대신동1가,,,,,,0.0,0.0,0.0,2,,,,True,,,,,,,,,,,,
TRADE_59364CA47691,일번파크맨션에이동,금정구,남산동,,,,,,1.0,1.0,1.0,1,,,,True,,,,,,,,,,,,
TRADE_595E1C735363,부원,북구,덕천동,,,,,,0.0,1.0,1.0,1,,,,True,,,,,,,,,,,,
TRADE_59606EDE2A8E,소도베르크,금정구,구서동,,,,,,0.0,0.0,0.0,1,,,,True,,,,,,,,,,,,
TRADE_5974138CF7B6,행복이가득한집A,금정구,장전동,,,,,,0.0,0.0,1.0,1,,,,True,,,,,,,,,,,,
TRADE_5979F26FE23F,대원빌라5,기장군,기장읍대라리,,,,,,0.0,0.0,0.0,1,,,,True,,,,,,,150000000.0,0.0,132000000.0,0.13636363636363646,0.0,True
TRADE_597AE928BFA7,엘리움,남구,용호동,,,,,,0.0,0.0,0.0,2,,,,True,,,,,,,,,,,,
TRADE_597C163AF3B5,금양타워빌,수영구,광안동,,,,,,0.0,0.0,0.0,1,,,,True,,,,,,,402000000.0,0.0,402000000.0,0.0,0.0,True
TRADE_59C1929912FD,해운하이츠,연제구,연산동,,,,,,0.0,1.0,1.0,2,,,,True,,,,,,,110000000.0,0.0,110000000.0,0.0,0.0,True
TRADE_59D755FAB1E8,수정(1186-1),동구,수정동,,,,,,0.0,0.0,1.0,1,,,,True,,,,,,,,,,,,
TRADE_59E74AF24A68,개금모아블루빌,부산진구,개금동,,,,,,0.0,0.0,0.0,1,,,,True,,,,,,,215000000.0,0.0,215000000.0,0.0,0.0,True
TRADE_5A08F21C604A,금호천지맨션,남구,문현동,,,,,,2.0,3.0,3.0,2,,,,True,,,,,,,,,,,,
TRADE_5A0F8AE48B2B,대명하이츠4차,금정구,남산동,,,,,,0.0,0.0,0.0,2,,,,True,,,,,,,190000000.0,0.0,190000000.0,0.0,0.0,True
TRADE_5A1C9A0E965E,정원센텀스카이,해운대구,재송동,,,,,,0.0,0.0,0.0,1,,,,True,,,,,,,,,,,,
TRADE_5A4EE57D0A3B,지오빌,사하구,하단동,,,,,,0.0,0.0,0.0,1,,,,True,,,,,,,,,,,,
TRADE_5A5C395A4186,부곡일천베스파,금정구,부곡동,,,,,,0.0,0.0,1.0,2,,,,True,,,,,,,800000000.0,-0.29625,490000000.0,0.1489795918367347,0.0,True
TRADE_5A6A3E80B5E1,흑석하이츠,수영구,광안동,,,,,,0.0,0.0,0.0,2,,,,True,,,,,,,395000000.0,0.0,395000000.0,0.0,0.0,True
TRADE_5A748DBC26CA,삼안리젠시6차,해운대구,중동,,,,,,0.0,0.0,0.0,1,,,,True,,,,,,,,,,,,
TRADE_5A815423B606,반도보라,사하구,괴정동,,,,,,0.0,0.0,0.0,2,,,,True,,,,,,,190000000.0,-0.26315789473684215,110000000.0,0.2727272727272727,0.0,True
TRADE_5A8CC947A054,에이젠아파트,연제구,연산동,,,,,,0.0,0.0,0.0,3,,,,True,,,,,,,225000000.0,-0.24444444444444446,170000000.0,0.0,0.0,True
TRADE_5A901934D33A,더킹페로스아파트,영도구,남항동1가,,,,,,0.0,0.0,4.0,2,,,,True,,,,,,-0.07199999999999995,387500000.0,-0.10193548387096774,320000000.0,0.08749999999999991,0.0,True
TRADE_5AD491068A05,시영79년,해운대구,재송동,,,,,,0.0,0.0,0.0,1,,,,True,,,,,,,,,,,,
TRADE_5AF409A89B0A,구덕,서구,서대신동3가,,,,,,0.0,0.0,0.0,2,,,,True,,,,,,,,,,,,
TRADE_5AF4EC631419,연제타워,연제구,연산동,,,,,,0.0,0.0,0.0,1,,,,True,,,,,,,210000000.0,0.0,210000000.0,0.0,0.0,True
TRADE_5AFA0547EAF5,한일하나로(문현동1152),남구,문현동,,,,,,0.0,0.0,0.0,2,,,,True,,,,,,,162000000.0,0.0,162000000.0,0.0,0.0,True
TRADE_5AFB796114D9,위클라우드7차,금정구,부곡동,,,,,,0.0,0.0,0.0,1,,,,True,,,,,,,,,,,,
TRADE_5B078C1007AA,어반빌리지,북구,구포동,,,,,,0.0,3.0,5.0,1,,,,True,,,,,,,,,,,,
TRADE_5B145D9F2B62,남산그린파크,금정구,남산동,,,,,,0.0,0.0,1.0,2,,,,True,,,,,,,168000000.0,0.0,162000000.0,0.03703703703703698,0.0,True
TRADE_5B336A631AFC,일원파크맨션,사하구,당리동,,,,,,0.0,1.0,1.0,3,,,,True,,,,,,,,,,,,
TRADE_5B42F416085D,제이메르시아파트,영도구,청학동,,,,,,0.0,0.0,0.0,1,,,,True,,,,,,,,,,,,
TRADE_5B5A281C14E5,하이츠빌리지,사하구,괴정동,,,,,,0.0,1.0,1.0,3,,,,True,,,,,,,105000000.0,-0.04761904761904767,100000000.0,0.0,1.0,True
TRADE_5B5D2B8CF539,개금코아팰리스,부산진구,개금동,,,,,,0.0,0.0,0.0,1,,,,True,,,,,,,,,,,,
TRADE_5B5F73C1116B,부영,사하구,당리동,,,,,,0.0,0.0,0.0,3,,,,True,,,,,,,,,,,,
TRADE_5B7CF550365C,당리동신동아(33-4),사하구,당리동,,,,,,1.0,2.0,2.0,2,,,,True,,,,,,,133000000.0,-0.24812030075187974,99000000.0,0.010101010101010166,0.0,True
TRADE_5B82A7AE3FBA,블루스카이,부산진구,범천동,,,,,,0.0,0.0,0.0,1,,,,True,,,,,,,,,,,,
TRADE_5B90697C233F,부백웨스턴타워,서구,서대신동3가,,,,,,0.0,2.0,2.0,3,,,,True,,,,,,,,,,,,
TRADE_5B91076FA799,담덕기장센텀,기장군,기장읍대라리,,,,,,0.0,0.0,0.0,3,,,,True,,,,,,,,,,,,
TRADE_5B92A30C594D,대신에코팰리스,서구,서대신동1가,,,,,,0.0,1.0,6.0,2,,,,True,,,,,,,,,,,,
TRADE_5BA0B8E0AE10,전원에스빌,연제구,연산동,,,,,,0.0,0.0,0.0,1,,,,True,,,,,,,280000000.0,-0.25,210000000.0,0.0,0.0,True
TRADE_5BAAAA9550CE,태석해오름A,부산진구,부전동,,,,,,0.0,0.0,1.0,1,,,,True,,,,,,,,,,,,
TRADE_5BB13D4B66C8,삼부,금정구,구서동,,,,,,0.0,0.0,0.0,1,,,,True,,,,,,,,,,,,
TRADE_5BC5DDB39B9C,다솜빌,부산진구,부전동,,,,,,0.0,2.0,2.0,1,,,,True,,,,,,,,,,,,
TRADE_5BDE2DA68507,승우맨션(가동),수영구,광안동,,,,,,0.0,0.0,1.0,1,,,,True,,,,,,,,,,,,
TRADE_5BEDF4B0A8C5,현대아트빌,동래구,복천동,,,,,,0.0,0.0,1.0,2,,,,True,,,,,,,720000000.0,0.0,400000000.0,0.8,0.0,True
TRADE_5BEF062CD9EB,대성문문현3차퀸즈W,남구,문현동,,,,,,0.0,0.0,1.0,2,,,,True,,,,,,,,,,,,
TRADE_5BF69BED6368,욱영아트빌,연제구,연산동,,,,,,0.0,0.0,0.0,2,,,,True,,,,,,,,,,,,
TRADE_5C3823B3350C,선아베스트빌,기장군,기장읍동부리,,,,,,0.0,0.0,0.0,1,,,,True,,,,,,,198000000.0,0.0,160000000.0,0.23750000000000004,0.0,True
TRADE_5C463A4ED45B,리뷰캐슬아파트,사하구,괴정동,,,,,,0.0,1.0,1.0,1,,,,True,,,,,,,,,,,,
TRADE_5C53DD31ACDC,풍림,수영구,광안동,,,,,,0.0,0.0,0.0,1,,,,True,,,,,,,,,,,,
TRADE_5C76E7196819,성현빌리지,서구,서대신동1가,,,,,,0.0,0.0,0.0,1,,,,True,,,,,,,230000000.0,0.0,230000000.0,0.0,0.0,True
TRADE_5C938254CD3B,삼진,북구,덕천동,,,,,,0.0,0.0,0.0,2,,,,True,,,,,,,,,,,,
TRADE_5CAED0815BB7,에코하임,수영구,수영동,,,,,,0.0,0.0,1.0,1,,,,True,,,,,,,,,,,,
TRADE_5CB7B4B263BB,청마,동래구,명륜동,,,,,,1.0,2.0,4.0,2,,,,True,,,,,0.1328125,,420000000.0,-0.30952380952380953,240000000.0,0.20833333333333326,1.0,True
TRADE_5CC758564E5A,옥돌,사하구,당리동,,,,,,1.0,1.0,1.0,1,,,,True,,270000000.0,10484819.95763709,,,,302000000.0,-0.10596026490066224,203000000.0,0.3300492610837438,1.0,True
TRADE_5CEBFF9C0958,지우센텀,기장군,기장읍대라리,,,,,,0.0,0.0,0.0,2,,,,True,,,,,,,152000000.0,0.0,125000000.0,0.21599999999999997,0.0,True
TRADE_5CF707738CD0,성원빌,동래구,온천동,,,,,,0.0,0.0,0.0,1,,,,True,,,,,,,,,,,,
TRADE_5D2ED0752462,개금역대상웰리움,부산진구,개금동,,,,,,1.0,3.0,8.0,3,,,,True,,,,,0.16785714285714293,0.1200000000000001,335000000.0,-0.023880597014925398,250000000.0,0.30800000000000005,1.0,True
TRADE_5D6060E4A214,홍익빌레트,북구,덕천동,,,,,,0.0,0.0,2.0,2,,,,True,,,,,,,,,,,,
TRADE_5D8F881CEA96,동림리라,남구,우암동,,,,,,0.0,1.0,1.0,1,,,,True,,,,,,,,,,,,
TRADE_5D92A5EACA6B,동림상가타운,남구,용호동,,,,,,0.0,0.0,0.0,3,,,,True,,,,,,,185000000.0,0.0,185000000.0,0.0,0.0,True
TRADE_5DFC99F09A92,대근아트빌라-1,동구,수정동,,,,,,0.0,0.0,0.0,2,,,,True,,,,,,,162000000.0,0.0,162000000.0,0.0,0.0,True
TRADE_5E0DFDE8D72D,상마타운,기장군,기장읍대라리,,,,,,1.0,1.0,1.0,1,,,,True,,140000000.0,5441696.113074204,,,,140000000.0,0.0,140000000.0,0.0,1.0,True
TRADE_5E23AD777219,POPS아트빌38,수영구,광안동,,,,,,0.0,0.0,1.0,1,,,,True,,,,,,,,,,,,
TRADE_5E3F8A2117CD,신동아(가)75-5,동래구,사직동,,,,,,0.0,1.0,1.0,2,,,,True,,,,,,,,,,,,
TRADE_5E4ABB2082EC,산들파르테,금정구,구서동,,,,,,0.0,0.0,0.0,1,,,,True,,,,,,,,,,,,
TRADE_5E58B1802500,영광주택,금정구,남산동,,,,,,0.0,0.0,0.0,1,,,,True,,,,,,,,,,,,
TRADE_5E6887A2BE25,삼정동백,사하구,감천동,,,,,,1.0,1.0,3.0,2,,,,True,,,,,,,,,,,,
TRADE_5E7895A8AC4B,토곡경림빌라,연제구,연산동,,,,,,0.0,0.0,0.0,1,,,,True,,,,,,,,,,,,
TRADE_5E8B45B61F49,한백아트빌,남구,대연동,,,,,,0.0,0.0,2.0,1,,,,True,,,,,,,,,,,,
TRADE_5EB171478700,청목미르피아,사하구,하단동,,,,,,1.0,1.0,1.0,3,,,,True,,225000000.0,8834658.036266718,,,0.09756097560975618,332000000.0,-0.32228915662650603,205000000.0,0.09756097560975618,1.0,True
TRADE_5EC0DDA501EE,삼창파크맨션1동,영도구,동삼동,,,,,,0.0,0.0,0.0,2,,,,True,,,,,,,,,,,,
TRADE_5EDD03AC037B,수성아파트(440-0),동구,수정동,,,,,,0.0,1.0,3.0,1,,,,True,,,,,,,,,,,,
TRADE_5EEA0CF68EDE,보수동한웅베어스,중구,보수동2가,,,,,,1.0,1.0,2.0,3,,,,True,,,,,,-0.0071428571428571175,330000000.0,-0.1575757575757576,275000000.0,0.01090909090909098,0.0,True
TRADE_5EEEE8FD6304,하나화이트빌,연제구,연산동,,,,,,0.0,0.0,0.0,1,,,,True,,,,,,,,,,,,
TRADE_5EF9D99202F1,동성빌라트,동래구,온천동,,,,,,0.0,0.0,0.0,1,,,,True,,,,,,,,,,,,
TRADE_5EFCFF167FF6,동경쉐르빌,남구,대연동,,,,,,1.0,1.0,1.0,2,,,,True,,240000000.0,9828741.623231571,,,,270000000.0,-0.11111111111111116,240000000.0,0.0,1.0,True
TRADE_5EFDA414ADC1,삼화펠리스힐아파트,기장군,기장읍동부리,,,,,,0.0,0.0,1.0,2,,,,True,,,,,,,,,,,,
TRADE_5F0258751CC8,뉴골든(1738-14),남구,대연동,,,,,,0.0,0.0,0.0,2,,,,True,,,,,,,266000000.0,-0.07894736842105265,240000000.0,0.02083333333333326,0.0,True
TRADE_5F0A6F025E21,광이드림타워,남구,대연동,,,,,,0.0,1.0,1.0,1,,,,True,,,,,,,280000000.0,-0.17142857142857137,232000000.0,0.0,1.0,True
TRADE_5F68CE9A331D,영진(5-43),부산진구,가야동,,,,,,0.0,1.0,1.0,2,,,,True,,,,,,,170000000.0,0.0,170000000.0,0.0,0.0,True
TRADE_5F7B80C3F921,유나베네스2차,강서구,녹산동,,,,,,0.0,0.0,1.0,2,,,,True,,,,,,,,,,,,
TRADE_5F8A92122978,고암시티텔,서구,동대신동1가,,,,,,0.0,0.0,0.0,1,,,,True,,,,,,,,,,,,
TRADE_5F9AEE7F452B,동국쉐르빌,금정구,부곡동,,,,,,0.0,0.0,0.0,1,,,,True,,,,,,,,,,,,
TRADE_5F9B3FE53993,에메랄드21,서구,서대신동1가,,,,,,0.0,1.0,1.0,1,,,,True,,,,,,,,,,,,
TRADE_5FB66D3632E9,삼주카라빌,연제구,연산동,,,,,,0.0,0.0,0.0,1,,,,True,,,,,,,204000000.0,0.0,204000000.0,0.0,0.0,True
TRADE_5FD769B31521,부일홈퓨처,사하구,괴정동,,,,,,0.0,0.0,0.0,1,,,,True,,,,,,,,,,,,
TRADE_5FE85CAAFC39,영생비치,사하구,구평동,,,,,,0.0,0.0,0.0,2,,,,True,,,,,,,,,,,,
TRADE_5FEEE8A2CF4B,동산201동,동래구,사직동,,,,,,0.0,0.0,0.0,1,,,,True,,,,,,,610000000.0,0.0,510000000.0,0.196078431372549,0.0,True
TRADE_602DB6E47F94,화목하이츠빌,사하구,괴정동,,,,,,0.0,0.0,1.0,1,,,,True,,,,,,,195000000.0,0.0,150000000.0,0.30000000000000004,0.0,True
TRADE_603DD5D5068C,삼화,남구,감만동,,,,,,0.0,0.0,1.0,1,,,,True,,,,,,,,,,,,
TRADE_6044F3CDB74B,홍익빌레트Ⅲ,남구,문현동,,,,,,0.0,0.0,1.0,1,,,,True,,,,,,,,,,,,
TRADE_6054AAD106CF,경성리치W,사하구,당리동,,,,,,1.0,1.0,4.0,1,,,,True,,,,,,,,,,,,
TRADE_6055190ADE71,봄여름가을겨울,동구,범일동,,,,,,1.0,1.0,2.0,1,,,,True,,330000000.0,12814478.36012332,,0.03125,-0.015151515151515138,360000000.0,-0.08333333333333337,320000000.0,0.03125,1.0,True
TRADE_60C7FE6E0266,미소지음6차,서구,동대신동1가,,,,,,0.0,0.0,1.0,1,,,,True,,,,,,,,,,,,
TRADE_60F397A536A1,대연로얄,남구,대연동,,,,,,0.0,0.0,1.0,1,,,,True,,,,,,,440000000.0,-0.07954545454545459,405000000.0,0.0,0.0,True
TRADE_610167B349DB,해성,금정구,남산동,,,,,,0.0,0.0,0.0,2,,,,True,,,,,,,,,,,,
TRADE_61204228A141,우성골든빌,수영구,망미동,,,,,,0.0,0.0,3.0,3,,,,True,,,,,,,506000000.0,-0.01976284584980237,300000000.0,0.6533333333333333,0.0,True
TRADE_6133F1DEBB1D,한일,금정구,구서동,,,,,,0.0,0.0,2.0,3,,,,True,,,,,,,,,,,,
TRADE_613B861C2DA6,경원골든B동,금정구,남산동,,,,,,0.0,0.0,0.0,1,,,,True,,,,,,,257000000.0,0.0,220000000.0,0.1681818181818182,0.0,True
TRADE_613FA6FD9CB8,휴림아르페(남산동21-7),금정구,남산동,,,,,,0.0,0.0,0.0,2,,,,True,,,,,,,,,,,,
TRADE_614DFDCEB35F,퀀텀펠리스,사상구,주례동,,,,,,1.0,1.0,1.0,1,,,,True,,,,,,,,,,,,
TRADE_6155E2623D2D,춘당탑스빌,동래구,온천동,,,,,,0.0,0.0,1.0,1,,,,True,,,,,,-0.009090909090909038,110000000.0,-0.009090909090909038,109000000.0,0.0,0.0,True
TRADE_615B6C9B63C3,이지벨빌리지,서구,동대신동2가,,,,,,0.0,0.0,0.0,2,,,,True,,,,,,,,,,,,
TRADE_616E9E0C9F66,연산맨션(325-7),연제구,연산동,,,,,,0.0,1.0,1.0,1,,,,True,,,,,,,,,,,,
TRADE_617E154B0C88,희망센트럴뷰,연제구,거제동,,,,,,0.0,1.0,3.0,2,,,,True,,,,,0.09433962264150941,,335000000.0,-0.13432835820895528,245000000.0,0.18367346938775508,1.0,True
TRADE_617E7042F90E,석포로얄캐슬3차,서구,서대신동2가,,,,,,0.0,0.0,1.0,2,,,,True,,,,,,,270000000.0,0.0,270000000.0,0.0,0.0,True
TRADE_618655416926,대암보수맨션,중구,보수동1가,,,,,,0.0,0.0,1.0,3,,,,True,,,,,,,,,,,,
TRADE_618B54E8AE6D,한울트라움아파트,부산진구,당감동,,,,,,0.0,0.0,1.0,3,,,,True,,,,,,,260000000.0,-0.007692307692307665,258000000.0,0.0,0.0,True
TRADE_61A10498CFDE,햇살가득한집,수영구,망미동,,,,,,0.0,1.0,1.0,1,,,,True,,,,,,,,,,,,
TRADE_61A60253AFC7,미화,금정구,남산동,,,,,,1.0,1.0,2.0,2,,,,True,,90000000.0,3519791.4197677174,,-0.3076923076923077,-0.13725490196078427,220000000.0,-0.5909090909090908,90000000.0,0.0,1.0,True
TRADE_61CBD2E39EF1,대원,북구,덕천동,,,,,,0.0,0.0,0.0,1,,,,True,,,,,,,,,,,,
TRADE_61D3A99A8D30,해찬솔,기장군,일광읍삼성리,,,,,,0.0,0.0,0.0,1,,,,True,,,,,,,,,,,,
TRADE_61EA0E2B3911,남강스위트홈,수영구,광안동,,,,,,0.0,1.0,1.0,2,,,,True,,,,,,,320000000.0,-0.09375,290000000.0,0.0,1.0,True
TRADE_6208C2C49C19,명성금강,남구,대연동,,,,,,0.0,0.0,1.0,1,,,,True,,,,,,,206000000.0,-0.41747572815533984,120000000.0,0.0,0.0,True
TRADE_621AEAB1413E,부창스카이빌,사상구,모라동,,,,,,0.0,0.0,0.0,1,,,,True,,,,,,,,,,,,
TRADE_622F06F2EB84,대성아트빌라3차,영도구,봉래동2가,,,,,,0.0,0.0,0.0,1,,,,True,,,,,,,,,,,,
TRADE_6245742C00DF,대우빌라,서구,서대신동1가,,,,,,0.0,0.0,0.0,1,,,,True,,,,,,,224000000.0,0.0,224000000.0,0.0,0.0,True
TRADE_6254FE07010A,로얄센트로빌,연제구,연산동,,,,,,0.0,0.0,1.0,1,,,,True,,,,,,,245000000.0,-0.10612244897959189,219000000.0,0.0,0.0,True
TRADE_6256D1491271,사상센텀아파트,사상구,괘법동,,,,,,0.0,0.0,3.0,2,,,,True,,,,,,,,,,,,
TRADE_626773232AAD,시청역동원시티비스타,연제구,연산동,,,,,,0.0,0.0,1.0,1,,,,True,,,,,,,,,,,,
TRADE_626B7748CC33,금정산롯데인벤스84,금정구,청룡동,,,,,,0.0,0.0,0.0,1,,,,True,,,,,,,,,,,,
TRADE_627A92ECD4F3,이린타워,수영구,광안동,,,,,,0.0,1.0,2.0,3,,,,True,,,,,,,,,,,,
TRADE_6284D9728CE6,대성캐슬,사상구,괘법동,,,,,,0.0,1.0,4.0,1,,,,True,,,,,,,,,,,,
TRADE_62B5510669EE,동림리라,수영구,광안동,,,,,,0.0,0.0,0.0,2,,,,True,,,,,,,,,,,,
TRADE_62C2051B0AD5,휴림아르페,동래구,온천동,,,,,,0.0,0.0,0.0,1,,,,True,,,,,,,,,,,,
TRADE_62CA75D71CED,해오름2차,부산진구,부전동,,,,,,0.0,0.0,2.0,1,,,,True,,,,,,,,,,,,
TRADE_62CC5528B8CF,아람,사하구,하단동,,,,,,0.0,0.0,0.0,1,,,,True,,,,,,,,,,,,
TRADE_62D9B6BFF0C1,동양,연제구,연산동,,,,,,0.0,0.0,0.0,1,,,,True,,,,,,,162000000.0,-0.07407407407407407,150000000.0,0.0,0.0,True
TRADE_62FE9B15EF87,송산아트빌,남구,대연동,,,,,,0.0,0.0,0.0,1,,,,True,,,,,,,,,,,,
TRADE_635DE4EC0628,금룡빌라,금정구,청룡동,,,,,,0.0,1.0,3.0,4,,,,True,,,,,,,185000000.0,0.0,185000000.0,0.0,0.0,True
TRADE_636BF1B0D156,한빛타운,영도구,봉래동3가,,,,,,0.0,0.0,0.0,1,,,,True,,,,,,,225000000.0,0.0,213000000.0,0.05633802816901401,0.0,True
TRADE_6390724761FE,포세이돈에이,부산진구,전포동,,,,,,0.0,0.0,0.0,1,,,,True,,,,,,,,,,,,
TRADE_63980C1C75D9,대영파크맨션,사하구,하단동,,,,,,0.0,0.0,1.0,2,,,,True,,,,,,,,,,,,
TRADE_63BC47497E60,전원타워빌,부산진구,양정동,,,,,,0.0,0.0,1.0,1,,,,True,,,,,,,295000000.0,-0.03389830508474578,240000000.0,0.1875,0.0,True
TRADE_63C62AB7B121,정원,남구,감만동,,,,,,0.0,1.0,1.0,3,,,,True,,,,,,,,,,,,
TRADE_63C67A9D7057,문화,사하구,하단동,,,,,,0.0,0.0,0.0,2,,,,True,,,,,,,,,,,,
TRADE_63DE4FB98697,한일하나로,부산진구,초읍동,,,,,,0.0,0.0,0.0,1,,,,True,,,,,,,188000000.0,-0.1436170212765957,161000000.0,0.0,0.0,True
TRADE_63EBA8ACC4E4,선우대청빌라,중구,대청동4가,,,,,,0.0,0.0,0.0,1,,,,True,,,,,,,,,,,,
TRADE_63EC9CEFA96C,현대프라힐스 동부산,기장군,철마면고촌리,,,,,,0.0,1.0,4.0,2,,,,True,,,,,,,286000000.0,0.0,240000000.0,0.19166666666666665,0.0,True
TRADE_63F584A3810C,남평파크빌,동래구,온천동,,,,,,0.0,0.0,0.0,1,,,,True,,,,,,,205000000.0,-0.024390243902439046,195000000.0,0.02564102564102555,0.0,True
TRADE_63F99D93CD72,서포맨션,부산진구,전포동,,,,,,0.0,0.0,0.0,1,,,,True,,,,,,,,,,,,
TRADE_640C5B4BF7E7,영주빌라,중구,영주동,,,,,,0.0,0.0,0.0,2,,,,True,,,,,,,,,,,,
TRADE_6424A16E4B38,아시아드코오롱하늘채,동래구,거제동,,,,,,1.0,1.0,15.0,1,,,,True,,865000000.0,33752904.38155149,,-0.025352112676056304,0.08435582822085896,1134000000.0,-0.2372134038800705,562000000.0,0.5391459074733096,1.0,True
TRADE_6425C19B6987,리츠캐슬,부산진구,범천동,,,,,,3.0,3.0,6.0,3,,,,True,,,,,,,,,,,,
TRADE_642B934DC25D,유한아트,기장군,기장읍동부리,,,,,,0.0,0.0,0.0,1,,,,True,,,,,,,95000000.0,0.0,95000000.0,0.0,0.0,True
TRADE_643BEB569C8B,하단시티빌(88-5),사하구,하단동,,,,,,0.0,0.0,2.0,1,,,,True,,,,,,,240000000.0,0.0,200000000.0,0.19999999999999996,0.0,True
TRADE_643D0667F831,전원파크맨션,영도구,동삼동,,,,,,0.0,0.0,1.0,3,,,,True,,,,,,,160000000.0,-0.15625,135000000.0,0.0,0.0,True
TRADE_644B52C437F7,삼풍아파트,사하구,괴정동,,,,,,1.0,1.0,1.0,3,,,,True,,,,,,,,,,,,
TRADE_644C5896A971,경원프라우드빌-I,부산진구,전포동,,,,,,0.0,0.0,1.0,2,,,,True,,,,,,,200000000.0,-0.050000000000000044,190000000.0,0.0,0.0,True
TRADE_646107F79324,분포맨션(나),남구,용호동,,,,,,0.0,0.0,0.0,2,,,,True,,,,,,,,,,,,
TRADE_64710B4EFF3B,궁전맨션,사하구,당리동,,,,,,0.0,0.0,0.0,2,,,,True,,,,,,,410000000.0,0.0,295000000.0,0.38983050847457634,0.0,True
TRADE_64803AFCE080,금보,남구,대연동,,,,,,1.0,1.0,1.0,3,,,,True,,,,,,,,,,,,
TRADE_64990EF4746B,학산코스모빌라,금정구,남산동,,,,,,0.0,0.0,2.0,2,,,,True,,,,,,,,,,,,
TRADE_64CAE52C3704,재송아이빌,해운대구,재송동,,,,,,0.0,0.0,0.0,2,,,,True,,,,,,,530000000.0,0.0,180000000.0,1.9444444444444446,0.0,True
TRADE_64CCDFB2C4F6,태화,사하구,괴정동,,,,,,0.0,1.0,4.0,1,,,,True,,,,,,,,,,,,
TRADE_64E66495DD1A,태백하우징빌라(871-20),남구,대연동,,,,,,0.0,0.0,0.0,2,,,,True,,,,,,,220000000.0,0.0,181000000.0,0.2154696132596685,0.0,True
TRADE_6507F6E99530,고은타워,동래구,사직동,,,,,,0.0,0.0,0.0,2,,,,True,,,,,,,435000000.0,0.0,310000000.0,0.403225806451613,0.0,True
TRADE_65127CF674CE,한사랑빌라트,동구,초량동,,,,,,0.0,2.0,3.0,2,,,,True,,,,,,,,,,,,
TRADE_6525E90666C9,디아이하우스,부산진구,전포동,,,,,,0.0,0.0,0.0,1,,,,True,,,,,,,,,,,,
TRADE_652CA636247C,파크블루11차,사상구,괘법동,,,,,,0.0,0.0,13.0,1,,,,True,,,,,,,,,,,,
TRADE_65394FE92539,괴정동천아하늘정원2차,사하구,괴정동,,,,,,0.0,4.0,5.0,2,,,,True,,,,,,,,,,,,
TRADE_653E9EFA1AE5,정원맨션,금정구,부곡동,,,,,,0.0,0.0,0.0,1,,,,True,,,,,,,,,,,,
TRADE_654C77B39766,문현신보빌라,남구,문현동,,,,,,0.0,0.0,0.0,2,,,,True,,,,,,,211500000.0,0.0,211500000.0,0.0,0.0,True
TRADE_6550EE4B84D9,우일화랑,영도구,동삼동,,,,,,0.0,0.0,0.0,3,,,,True,,,,,,,120000000.0,-0.06666666666666665,112000000.0,0.0,0.0,True
TRADE_6567C1AFC76F,동양맨션,수영구,수영동,,,,,,0.0,0.0,0.0,1,,,,True,,,,,,,311000000.0,-0.067524115755627,197000000.0,0.47208121827411165,0.0,True
TRADE_656EB7404FC9,호운빌라,서구,동대신동3가,,,,,,0.0,0.0,0.0,1,,,,True,,,,,,,215000000.0,0.0,215000000.0,0.0,0.0,True
TRADE_65BC38D4CC2B,락우하이빌,부산진구,개금동,,,,,,0.0,0.0,0.0,1,,,,True,,,,,,,242000000.0,-0.008264462809917328,219000000.0,0.09589041095890405,0.0,True
TRADE_65C7B5C4330F,노블시티,동구,좌천동,,,,,,0.0,0.0,0.0,1,,,,True,,,,,,,,,,,,
TRADE_65D4789D1A7B,듀오빌,동래구,온천동,,,,,,0.0,0.0,2.0,2,,,,True,,,,,,,,,,,,
TRADE_65DCE1C49323,무궁화(108-116동),부산진구,당감동,,,,,,1.0,1.0,3.0,3,,,,True,,,,,,,,,,,,
TRADE_65FA7A7B3A91,하나로2차,동래구,수안동,,,,,,0.0,1.0,2.0,2,,,,True,,,,,,,,,,,,
TRADE_661AC3E4E3BA,에이스빌리지,연제구,연산동,,,,,,0.0,0.0,0.0,1,,,,True,,,,,,,280000000.0,-0.2857142857142857,200000000.0,0.0,0.0,True
TRADE_663A2878C42B,대운파크빌,연제구,연산동,,,,,,0.0,0.0,0.0,1,,,,True,,,,,,,227000000.0,0.0,227000000.0,0.0,0.0,True
TRADE_6664E8F35DFF,괴정동그린시티,사하구,괴정동,,,,,,2.0,2.0,4.0,2,,,,True,,324500000.0,13097480.430528374,,-0.0370919881305638,-0.02720588235294119,350000000.0,-0.07285714285714284,270000000.0,0.20185185185185195,2.0,True
TRADE_6692C7409E60,SG이너스Ⅱ,금정구,부곡동,,,,,,1.0,1.0,1.0,1,,,,True,,,,,,,,,,,,
TRADE_6698FD4092CE,스카이파크1차,해운대구,중동,,,,,,0.0,0.0,0.0,1,,,,True,,,,,,,250000000.0,-0.248,175000000.0,0.07428571428571429,0.0,True
TRADE_66A58DF589CA,태종파크맨션(227-233),영도구,동삼동,,,,,,1.0,2.0,3.0,2,,,,True,,,,,,,,,,,,
TRADE_66B34C57FB76,동우빌라,북구,구포동,,,,,,0.0,0.0,0.0,1,,,,True,,,,,,,,,,,,
TRADE_66B4B21B3035,동경리치타운102동,남구,대연동,,,,,,0.0,0.0,0.0,1,,,,True,,,,,,,280000000.0,0.0,257000000.0,0.08949416342412442,0.0,True
TRADE_66D372FCE1ED,정원스카이,수영구,광안동,,,,,,0.0,1.0,1.0,1,,,,True,,,,,,,350000000.0,-0.08571428571428574,306000000.0,0.045751633986928164,1.0,True
TRADE_6723552957B5,광안리슈빌DS,수영구,민락동,,,,,,1.0,2.0,2.0,1,,,,True,,,,,,,,,,,,
TRADE_675099EBD204,수근에이스타운,서구,토성동1가,,,,,,0.0,0.0,2.0,2,,,,True,,,,,,0.23562570462232246,275000000.0,-0.0072727272727273196,208000000.0,0.3125,0.0,True
TRADE_677CBF2A0509,광림,동래구,낙민동,,,,,,1.0,2.0,2.0,1,,,,True,,,,,,,,,,,,
TRADE_677D69F2ED2C,솔내음파비르,수영구,광안동,,,,,,0.0,0.0,1.0,1,,,,True,,,,,,,320000000.0,-0.046875,295000000.0,0.03389830508474567,0.0,True
TRADE_677F081CB9B1,신익빌라,서구,동대신동2가,,,,,,0.0,0.0,0.0,1,,,,True,,,,,,,,,,,,
TRADE_677F2EF7F458,더클래스동진,수영구,광안동,,,,,,0.0,2.0,4.0,1,,,,True,,,,,,,,,,,,
TRADE_6783775E679E,세진오션리조트빌,기장군,일광읍삼성리,,,,,,1.0,1.0,1.0,2,,,,True,,185000000.0,7229557.700278288,,,,200000000.0,-0.07499999999999996,150000000.0,0.2333333333333334,1.0,True
TRADE_679672994F1E,청목마리안,해운대구,중동,,,,,,0.0,1.0,4.0,3,,,,True,,,,,,,550000000.0,-0.2545454545454545,335000000.0,0.22388059701492535,0.0,True
TRADE_67AD7F132E7B,광이하이빌B동,남구,대연동,,,,,,0.0,0.0,2.0,1,,,,True,,,,,,0.3111111111111111,250000000.0,-0.040000000000000036,180000000.0,0.33333333333333326,0.0,True
TRADE_67AF35F819D8,망미스위트빌,수영구,망미동,,,,,,0.0,0.0,1.0,2,,,,True,,,,,,,,,,,,
TRADE_67C3E757D866,동환라온제나기장,기장군,기장읍대라리,,,,,,0.0,1.0,1.0,1,,,,True,,,,,,,,,,,,
TRADE_67D014A427A6,영아빌라,남구,문현동,,,,,,0.0,0.0,0.0,1,,,,True,,,,,,,225000000.0,0.0,225000000.0,0.0,0.0,True
TRADE_682271BA3FF0,수양파크,사하구,당리동,,,,,,0.0,0.0,0.0,4,,,,True,,,,,,,125000000.0,0.0,125000000.0,0.0,0.0,True
TRADE_683854F83B27,협성베스트빌,사상구,괘법동,,,,,,0.0,0.0,0.0,2,,,,True,,,,,,,212000000.0,0.0,212000000.0,0.0,0.0,True
TRADE_684AE176D9DD,한신,서구,서대신동3가,,,,,,0.0,0.0,0.0,1,,,,True,,,,,,,,,,,,
TRADE_6861278F3A2B,새진흥맨션,북구,화명동,,,,,,1.0,1.0,1.0,2,,,,True,,,,,,,,,,,,
TRADE_6869B2655C4C,미진파크맨션,북구,덕천동,,,,,,0.0,0.0,0.0,1,,,,True,,,,,,,,,,,,
TRADE_6878022C6CF7,국제,연제구,연산동,,,,,,0.0,0.0,0.0,2,,,,True,,,,,,,,,,,,
TRADE_68780D421703,은하,사하구,괴정동,,,,,,0.0,0.0,0.0,2,,,,True,,,,,,,,,,,,
TRADE_6878DBF6975C,세종빌비동,동래구,온천동,,,,,,0.0,0.0,0.0,1,,,,True,,,,,,,165000000.0,0.0,163000000.0,0.012269938650306678,0.0,True
TRADE_687FA00F8288,대청맨션-1,중구,대청동4가,,,,,,0.0,0.0,0.0,1,,,,True,,,,,,,,,,,,
TRADE_68915C5B3CA4,금양위스빌(101동),금정구,부곡동,,,,,,0.0,0.0,0.0,1,,,,True,,,,,,,210000000.0,-0.16666666666666663,148000000.0,0.18243243243243246,0.0,True
TRADE_6891CE77A612,대신리치플러스,동래구,낙민동,,,,,,0.0,1.0,1.0,1,,,,True,,,,,,,310000000.0,-0.08064516129032262,280000000.0,0.017857142857142794,1.0,True
TRADE_68920BC4412B,삼광(585-77),사상구,학장동,,,,,,0.0,0.0,0.0,1,,,,True,,,,,,,192000000.0,-0.09895833333333337,138000000.0,0.2536231884057971,0.0,True
TRADE_68B016EBEF37,금강궁전-1,기장군,기장읍대라리,,,,,,0.0,0.0,0.0,1,,,,True,,,,,,,80000000.0,0.0,80000000.0,0.0,0.0,True
TRADE_68D6E7026711,문현동월가아파트,남구,문현동,,,,,,0.0,1.0,1.0,2,,,,True,,,,,,,,,,,,
TRADE_68DD27027AFF,대왕골든빌리지,남구,대연동,,,,,,0.0,0.0,0.0,1,,,,True,,,,,,,210000000.0,0.0,210000000.0,0.0,0.0,True
TRADE_68EFDC4EDE93,비룡벨로스텔라,동래구,온천동,,,,,,1.0,4.0,5.0,2,,,,True,,281000000.0,10923869.827713149,,0.17573221757322166,,288000000.0,-0.02430555555555558,237000000.0,0.18565400843881852,1.0,True
TRADE_690A2749FBFF,미래프라임,북구,덕천동,,,,,,0.0,0.0,0.0,1,,,,True,,,,,,,315000000.0,0.0,315000000.0,0.0,0.0,True
TRADE_69104D3A6E45,더샵골드,남구,대연동,,,,,,0.0,1.0,2.0,3,,,,True,,,,,,,,,,,,
TRADE_6922E60A5460,창신,연제구,연산동,,,,,,0.0,1.0,1.0,2,,,,True,,,,,,,,,,,,
TRADE_6947D2E4034D,모던아트빌,연제구,연산동,,,,,,0.0,0.0,0.0,1,,,,True,,,,,,,290000000.0,0.0,169000000.0,0.7159763313609468,0.0,True
TRADE_696A49BD4A6E,성신목화,기장군,기장읍교리,,,,,,1.0,1.0,1.0,3,,,,True,,130000000.0,5060155.697098372,,,,176000000.0,-0.26136363636363635,120000000.0,0.08333333333333326,1.0,True
TRADE_69C4A6542F98,신양맨션,부산진구,개금동,,,,,,1.0,2.0,2.0,2,,,,True,,,,,,,,,,,,
TRADE_69F86435CA09,새온천협성,금정구,부곡동,,,,,,0.0,0.0,0.0,2,,,,True,,,,,,,,,,,,
TRADE_69FB7C520903,보해이브아파트,남구,대연동,,,,,,0.0,1.0,4.0,1,,,,True,,,,,,,,,,,,
TRADE_6A072595137C,한우맨션1동,남구,대연동,,,,,,0.0,2.0,2.0,1,,,,True,,,,,,,,,,,,
TRADE_6A0C4A8C5795,정림파크,서구,동대신동3가,,,,,,0.0,2.0,2.0,2,,,,True,,,,,,,,,,,,
TRADE_6A1CAD3C6E43,오페라하우스,영도구,봉래동3가,,,,,,0.0,0.0,0.0,1,,,,True,,,,,,,222000000.0,0.0,222000000.0,0.0,0.0,True
TRADE_6A1CFDFD0D8E,남문빌라,남구,문현동,,,,,,0.0,0.0,0.0,2,,,,True,,,,,,,,,,,,
TRADE_6A41782D05D8,아람,사하구,괴정동,,,,,,0.0,0.0,1.0,1,,,,True,,,,,,,,,,,,
TRADE_6A418B83A14D,부영(172-2),사하구,괴정동,,,,,,0.0,0.0,0.0,1,,,,True,,,,,,,,,,,,
TRADE_6A54A63984F0,한우리아트빌,동래구,명륜동,,,,,,0.0,0.0,1.0,1,,,,True,,,,,,-0.0625,240000000.0,-0.0625,170000000.0,0.32352941176470584,0.0,True
TRADE_6A7BBCD9FF20,홍림세르빌,부산진구,당감동,,,,,,0.0,0.0,0.0,2,,,,True,,,,,,,,,,,,
TRADE_6A99A86DC0F9,디아트50,동래구,온천동,,,,,,0.0,2.0,2.0,1,,,,True,,,,,,,,,,,,
TRADE_6AC8AB0105E4,대륙타워A,서구,충무동2가,,,,,,0.0,0.0,0.0,1,,,,True,,,,,,,,,,,,
TRADE_6ACE21034160,케이에이치마이우스,연제구,연산동,,,,,,0.0,0.0,0.0,2,,,,True,,,,,,,,,,,,
TRADE_6AE657578E1C,국화,수영구,망미동,,,,,,0.0,1.0,1.0,3,,,,True,,,,,,,230000000.0,-0.01521739130434785,168000000.0,0.3482142857142858,0.0,True
TRADE_6AED6951C5DF,(188-0),해운대구,재송동,,,,,,0.0,0.0,0.0,1,,,,True,,,,,,,,,,,,
TRADE_6AFEAD6F876D,동아빌,사하구,괴정동,,,,,,0.0,0.0,0.0,1,,,,True,,,,,,,,,,,,
TRADE_6B0CC8E993E5,현우산호맨션,해운대구,중동,,,,,,0.0,1.0,2.0,1,,,,True,,,,,,,,,,,,
TRADE_6B139EA7A99B,더샵골드5,부산진구,양정동,,,,,,0.0,0.0,2.0,2,,,,True,,,,,,,,,,,,
TRADE_6B1407BE7030,동방(6~9동),수영구,망미동,,,,,,0.0,0.0,0.0,3,,,,True,,,,,,,380000000.0,-0.07894736842105265,200000000.0,0.75,0.0,True
TRADE_6B381082CF79,보성아트빌,영도구,청학동,,,,,,0.0,0.0,2.0,2,,,,True,,,,,,,130000000.0,0.0,99000000.0,0.31313131313131315,0.0,True
TRADE_6B57BAECCE69,리부스남천,수영구,남천동,,,,,,0.0,1.0,6.0,1,,,,True,,,,,,,,,,,,
TRADE_6B69B10919DD,유한빌라,중구,대청동4가,,,,,,0.0,0.0,0.0,1,,,,True,,,,,,,,,,,,
TRADE_6B74ED97E0D1,삼정그린코아,부산진구,초읍동,,,,,,0.0,2.0,5.0,2,,,,True,,,,,,,,,,,,
TRADE_6B8A287D0825,목련6차,남구,용호동,,,,,,1.0,1.0,2.0,2,,,,True,,,,,,,,,,,,
TRADE_6BA4622A250F,도완시티빌,금정구,청룡동,,,,,,0.0,0.0,0.0,1,,,,True,,,,,,,180000000.0,-0.05555555555555558,166000000.0,0.024096385542168752,0.0,True
TRADE_6BA759484DC7,초원펠레스빌B동,사상구,덕포동,,,,,,0.0,0.0,0.0,1,,,,True,,,,,,,,,,,,
TRADE_6BAFCE239EDA,삼창파크타운3차,영도구,동삼동,,,,,,0.0,1.0,2.0,5,,,,True,,,,,,,180000000.0,0.0,104000000.0,0.7307692307692308,0.0,True
TRADE_6BDE54EC1A30,광안마티나,수영구,광안동,,,,,,0.0,1.0,3.0,2,,,,True,,,,,,,,,,,,
TRADE_6C1AC25911FE,애뜰안,동구,초량동,,,,,,1.0,1.0,1.0,2,,,,True,,288000000.0,11187757.504414361,,,,288000000.0,0.0,288000000.0,0.0,1.0,True
TRADE_6C21DC0F9428,글로리에버빌,남구,대연동,,,,,,0.0,1.0,1.0,4,,,,True,,,,,,,230000000.0,0.0,230000000.0,0.0,0.0,True
TRADE_6C37CA58E908,송도힐타운,서구,암남동,,,,,,0.0,0.0,0.0,1,,,,True,,,,,,,142000000.0,-0.09859154929577463,112500000.0,0.13777777777777778,0.0,True
TRADE_6C3943DC35A8,남강하이츠,남구,대연동,,,,,,0.0,0.0,0.0,1,,,,True,,,,,,,240000000.0,0.0,240000000.0,0.0,0.0,True
TRADE_6C5E2F1D79E7,효성빌라,사하구,괴정동,,,,,,0.0,0.0,0.0,1,,,,True,,,,,,,,,,,,
TRADE_6C98DCB36AA2,에이스리버팰리스,연제구,연산동,,,,,,0.0,0.0,3.0,3,,,,True,,,,,,,,,,,,
TRADE_6C9B3D60449F,건한,서구,토성동3가,,,,,,0.0,0.0,0.0,1,,,,True,,,,,,,,,,,,
TRADE_6CA3ED580F6E,부송빌라,북구,구포동,,,,,,0.0,0.0,1.0,2,,,,True,,,,,,,185000000.0,-0.05405405405405406,175000000.0,0.0,0.0,True
TRADE_6CC34BBE3152,한주,사하구,하단동,,,,,,0.0,0.0,0.0,1,,,,True,,,,,,,200000000.0,0.0,183000000.0,0.09289617486338808,0.0,True
TRADE_6CCD7C92264B,수정동하이츠빌리지,동구,수정동,,,,,,0.0,0.0,0.0,2,,,,True,,,,,,,,,,,,
TRADE_6CD30431BBAC,남경(177-210),부산진구,개금동,,,,,,0.0,0.0,0.0,1,,,,True,,,,,,,145000000.0,0.0,145000000.0,0.0,0.0,True
TRADE_6CDD3072B32B,유원블루파크에이동,사하구,하단동,,,,,,0.0,0.0,2.0,1,,,,True,,,,,,,,,,,,
TRADE_6CE0FCFA009D,동남파크,중구,영주동,,,,,,0.0,0.0,0.0,4,,,,True,,,,,,,180000000.0,0.0,140000000.0,0.2857142857142858,0.0,True
TRADE_6CEC4A7C1D80,남화기수타워,금정구,청룡동,,,,,,0.0,1.0,4.0,2,,,,True,,,,,,,228000000.0,-0.16666666666666663,190000000.0,0.0,0.0,True
TRADE_6D0A61FC12C4,금광예다움,금정구,구서동,,,,,,1.0,1.0,1.0,1,,,,True,,,,,,,,,,,,
TRADE_6D1D15CBDE28,근영빌라2동,중구,대청동4가,,,,,,0.0,0.0,0.0,1,,,,True,,,,,,,,,,,,
TRADE_6D23EDEF0872,해강소라,해운대구,재송동,,,,,,0.0,0.0,0.0,1,,,,True,,,,,,,,,,,,
TRADE_6D485584A44A,하나로,금정구,구서동,,,,,,0.0,0.0,0.0,1,,,,True,,,,,,,240000000.0,0.0,215000000.0,0.11627906976744184,0.0,True
TRADE_6D5A5C652469,모라B,사상구,모라동,,,,,,0.0,0.0,1.0,1,,,,True,,,,,,,,,,,,
TRADE_6D9E5CDF33F1,파밀리아괘법4차,사상구,괘법동,,,,,,0.0,2.0,3.0,2,,,,True,,,,,,,,,,,,
TRADE_6DB191A57C13,드림아트온,금정구,장전동,,,,,,2.0,4.0,4.0,2,,,,True,,,,,,,,,,,,
TRADE_6DB95E9BEF4F,시티하임2차,동래구,온천동,,,,,,0.0,0.0,0.0,1,,,,True,,,,,,,,,,,,
TRADE_6DC8D6238C51,마마,부산진구,가야동,,,,,,0.0,0.0,1.0,1,,,,True,,,,,,,,,,,,
TRADE_6DE5BA8A93B0,동주,사하구,괴정동,,,,,,0.0,0.0,0.0,3,,,,True,,,,,,,270000000.0,0.0,130000000.0,1.076923076923077,0.0,True
TRADE_6E03B06FFDD5,연합그린빌라,동구,초량동,,,,,,0.0,0.0,0.0,1,,,,True,,,,,,,119000000.0,0.0,119000000.0,0.0,0.0,True
TRADE_6E3D95CA4EF4,화신골든맨션,남구,용호동,,,,,,0.0,0.0,2.0,4,,,,True,,,,,,,230000000.0,0.0,147000000.0,0.564625850340136,0.0,True
TRADE_6E427169D79F,더클래식시티,사하구,하단동,,,,,,0.0,0.0,0.0,1,,,,True,,,,,,,,,,,,
TRADE_6E50122A06B4,유한빌라,기장군,기장읍동부리,,,,,,0.0,0.0,0.0,1,,,,True,,,,,,,,,,,,
TRADE_6E80DC675ADA,동부제강사원,북구,구포동,,,,,,1.0,1.0,1.0,1,,,,True,,,,,,,,,,,,
TRADE_6E88B1ADC825,서면퀸즈W에디션,부산진구,부전동,,,,,,0.0,0.0,0.0,2,,,,True,,,,,,,,,,,,
TRADE_6EA3D2FC1514,LG스카이빌,금정구,금사동,,,,,,0.0,0.0,0.0,2,,,,True,,,,,,,,,,,,
TRADE_6EC20D58D2D6,용진마이스터,금정구,장전동,,,,,,0.0,0.0,0.0,1,,,,True,,,,,,,,,,,,
TRADE_6ECC8F19E4E2,지성캐슬,동래구,온천동,,,,,,0.0,0.0,2.0,1,,,,True,,,,,,,,,,,,
TRADE_6ED3E4CC6F29,금강가든빌,금정구,장전동,,,,,,0.0,0.0,0.0,2,,,,True,,,,,,,190000000.0,0.0,160000000.0,0.1875,0.0,True
TRADE_6ED6D4C4FCEA,동부맨션,남구,용호동,,,,,,0.0,0.0,0.0,1,,,,True,,,,,,,,,,,,
TRADE_6EF68586E989,남신베르디,금정구,부곡동,,,,,,1.0,1.0,1.0,2,,,,True,,,,,,,,,,,,
TRADE_6EFFA72F655F,궁전아이브,수영구,남천동,,,,,,0.0,0.0,0.0,2,,,,True,,,,,,,,,,,,
TRADE_6F13128E4E45,삼안스튜디오2차,해운대구,중동,,,,,,0.0,3.0,4.0,1,,,,True,,,,,,,,,,,,
TRADE_6F2386BB7E2C,보수2차봄여름가을겨울,중구,보수동2가,,,,,,1.0,1.0,2.0,2,,,,True,,308000000.0,11987969.57008905,,,-0.04049844236760125,330000000.0,-0.06666666666666665,280000000.0,0.10000000000000009,1.0,True
TRADE_6F2D6D289F2F,동원,부산진구,가야동,,,,,,2.0,4.0,8.0,3,,,,True,,,,,,,,,,,,
TRADE_6F2F4EA2DA55,대신센츄럴타운,서구,서대신동3가,,,,,,0.0,0.0,3.0,2,,,,True,,,,,,,253000000.0,-0.11067193675889331,215000000.0,0.04651162790697683,0.0,True
TRADE_6F303777E569,대신빌라,서구,서대신동3가,,,,,,0.0,0.0,0.0,2,,,,True,,,,,,,250000000.0,-0.12,220000000.0,0.0,0.0,True
TRADE_6F5A644BA078,청수하이빌,금정구,부곡동,,,,,,0.0,0.0,0.0,1,,,,True,,,,,,,152000000.0,0.0,152000000.0,0.0,0.0,True
TRADE_6F752E08CC5F,태경썬하우스텔(719-5),연제구,연산동,,,,,,0.0,0.0,0.0,1,,,,True,,,,,,,,,,,,
TRADE_6F859D44166C,서대신부백더자연애아파트,서구,서대신동1가,,,,,,0.0,1.0,1.0,2,,,,True,,,,,,,,,,,,
TRADE_6FA7E75A73D3,신공영,동래구,사직동,,,,,,0.0,1.0,2.0,1,,,,True,,,,,0.13157894736842102,,260000000.0,-0.17307692307692313,180000000.0,0.19444444444444442,1.0,True
TRADE_6FB962A3A95E,삼보무궁화,기장군,기장읍청강리,,,,,,0.0,0.0,0.0,1,,,,True,,,,,,,,,,,,
TRADE_6FCB69C9DD9E,광안명진웰리치,수영구,광안동,,,,,,0.0,0.0,1.0,1,,,,True,,,,,,-0.10869565217391308,299000000.0,-0.31438127090301005,205000000.0,0.0,0.0,True
TRADE_6FCC46BDC12D,대동레미안,부산진구,범천동,,,,,,1.0,1.0,1.0,1,,,,True,,215000000.0,8398437.5,,,-0.0444444444444444,235000000.0,-0.08510638297872342,200000000.0,0.07499999999999996,1.0,True
TRADE_6FD787B21895,대근아파트,사하구,괴정동,,,,,,0.0,0.0,0.0,2,,,,True,,,,,,,258000000.0,0.0,230000000.0,0.12173913043478257,0.0,True
TRADE_6FD8C694DD1C,발원시티,연제구,연산동,,,,,,0.0,0.0,0.0,1,,,,True,,,,,,,233000000.0,0.0,233000000.0,0.0,0.0,True
TRADE_6FE0B65C8E9D,하얏트,남구,감만동,,,,,,1.0,3.0,9.0,2,,,,True,,,,,,,,,,,,
TRADE_6FE26D13886A,삼한그린맨션,해운대구,반송동,,,,,,0.0,2.0,3.0,2,,,,True,,,,,,,,,,,,
TRADE_6FFB81FAD66A,덕주빌라,기장군,기장읍청강리,,,,,,0.0,0.0,0.0,1,,,,True,,,,,,,130000000.0,-0.23076923076923073,100000000.0,0.0,0.0,True
TRADE_7015DBFBF5BC,동성,북구,덕천동,,,,,,0.0,0.0,0.0,2,,,,True,,,,,,,,,,,,
TRADE_703A98C94B00,아델리아,동래구,낙민동,,,,,,0.0,0.0,1.0,1,,,,True,,,,,,,,,,,,
TRADE_705746285D1C,에이스로얄팰리스,수영구,광안동,,,,,,0.0,2.0,3.0,2,,,,True,,,,,,,,,,,,
TRADE_7058B4626310,대호(967-2),남구,대연동,,,,,,0.0,0.0,0.0,1,,,,True,,,,,,,,,,,,
TRADE_7084D524EDEA,대현빌라,사상구,괘법동,,,,,,0.0,0.0,0.0,1,,,,True,,,,,,,,,,,,
TRADE_70853A0D6A42,한양아파트,동구,범일동,,,,,,0.0,0.0,0.0,4,,,,True,,,,,,,575000000.0,0.0,370000000.0,0.554054054054054,0.0,True
TRADE_7098093EBC46,한울시너스아파트,남구,감만동,,,,,,0.0,2.0,6.0,1,,,,True,,,,,,,,,,,,
TRADE_70A539574263,고은파크,동래구,사직동,,,,,,0.0,0.0,0.0,3,,,,True,,,,,,,277000000.0,0.0,253000000.0,0.09486166007905128,0.0,True
TRADE_70BA335ED81D,효산센터빌,사하구,신평동,,,,,,1.0,1.0,1.0,3,,,,True,,,,,,,200000000.0,-0.10499999999999998,172000000.0,0.04069767441860472,0.0,True
TRADE_70D3CBA78F98,서동다성이룸,금정구,서동,,,,,,0.0,1.0,1.0,2,,,,True,,,,,,,,,,,,
TRADE_70D7983C80B5,리더스향원,서구,서대신동2가,,,,,,0.0,0.0,0.0,1,,,,True,,,,,,,,,,,,
TRADE_70E0FB6B8810,풍경아파트,사상구,괘법동,,,,,,0.0,0.0,0.0,1,,,,True,,,,,,,,,,,,
TRADE_70F0709C7D9D,동호그린빌라,기장군,기장읍동부리,,,,,,0.0,0.0,0.0,3,,,,True,,,,,,,,,,,,
TRADE_711B24292A08,백리명가에덴,금정구,장전동,,,,,,0.0,1.0,1.0,2,,,,True,,,,,,,,,,,,
TRADE_71337406D160,금오아트빌,부산진구,전포동,,,,,,0.0,0.0,0.0,1,,,,True,,,,,,,,,,,,
TRADE_7165CFEFAAC9,승웅아트빌A동,동래구,수안동,,,,,,0.0,0.0,0.0,1,,,,True,,,,,,,,,,,,
TRADE_716CC2DFA698,대은그린,연제구,연산동,,,,,,0.0,0.0,0.0,1,,,,True,,,,,,,220000000.0,0.0,210000000.0,0.04761904761904767,0.0,True
TRADE_7175B0C97C63,일번로얄주택,해운대구,재송동,,,,,,0.0,0.0,1.0,1,,,,True,,,,,,,167000000.0,-0.281437125748503,120000000.0,0.0,0.0,True
TRADE_71942DBA2461,동래효산벨뷰,동래구,온천동,,,,,,0.0,2.0,2.0,2,,,,True,,,,,,,,,,,,
TRADE_71A87DFC80F1,삼성사원,금정구,남산동,,,,,,0.0,0.0,0.0,2,,,,True,,,,,,,,,,,,
TRADE_71B0213E600C,일광한신더휴센트럴포레1단지,기장군,일광읍삼성리,,,,,,6.0,13.0,25.0,3,,,,True,,471250000.0,18309136.996671654,0.013440860215053752,-0.04173106646058733,-0.008528784648187626,557000000.0,-0.1840215439856373,406800000.0,0.11725663716814161,7.0,False
TRADE_71B6E94E0E2A,동일,영도구,신선동3가,,,,,,0.0,0.0,0.0,2,,,,True,,,,,,,,,,,,
TRADE_71C2059A12E4,목련아트빌,사하구,괴정동,,,,,,0.0,0.0,0.0,1,,,,True,,,,,,,198000000.0,0.0,198000000.0,0.0,0.0,True
TRADE_71CFE46E961E,(503-12),사하구,하단동,,,,,,0.0,1.0,1.0,1,,,,True,,,,,,,190000000.0,-0.21578947368421053,140000000.0,0.06428571428571428,1.0,True
TRADE_71D0F6936F38,동서하이빌아파트,해운대구,송정동,,,,,,1.0,1.0,2.0,2,,,,True,,258000000.0,10042462.845010614,,0.0117647058823529,,258000000.0,0.0,150000000.0,0.72,1.0,True
TRADE_720BC1C5B4D2,공영,연제구,연산동,,,,,,0.0,0.0,1.0,3,,,,True,,,,,,,,,,,,
TRADE_723A8296C90B,아틀리에933,부산진구,양정동,,,,,,1.0,1.0,1.0,1,,,,True,,,,,,,,,,,,
TRADE_7249DE172C2F,흑석파크빌,연제구,연산동,,,,,,0.0,0.0,0.0,1,,,,True,,,,,,,227000000.0,0.0,227000000.0,0.0,0.0,True
TRADE_725DD3FF0709,부곡아름채아파트,금정구,부곡동,,,,,,0.0,0.0,0.0,1,,,,True,,,,,,,,,,,,
TRADE_7262D9A4EB4E,초원시티빌,동래구,온천동,,,,,,0.0,0.0,1.0,1,,,,True,,,,,,,,,,,,
TRADE_72766AF2A5B3,봉래마을,영도구,봉래동2가,,,,,,0.0,0.0,0.0,1,,,,True,,,,,,,200000000.0,-0.09999999999999998,160000000.0,0.125,0.0,True
TRADE_7286AA80DE43,성지,남구,감만동,,,,,,0.0,0.0,0.0,3,,,,True,,,,,,,,,,,,
TRADE_7293E429854A,서면TK골드뷰,부산진구,부전동,,,,,,1.0,1.0,1.0,1,,,,True,,,,,,,,,,,,
TRADE_729D111D2C1B,동조리젠시,사하구,하단동,,,,,,0.0,0.0,2.0,1,,,,True,,,,,,-0.02941176470588236,185000000.0,-0.1351351351351351,155000000.0,0.032258064516129004,0.0,True
TRADE_72AAD86230D7,정원부르네오,수영구,광안동,,,,,,0.0,0.0,0.0,2,,,,True,,,,,,,360000000.0,0.0,305000000.0,0.180327868852459,0.0,True
TRADE_72ACF9DBBFB6,센텀에코하임,해운대구,재송동,,,,,,0.0,0.0,1.0,1,,,,True,,,,,,0.07692307692307687,260000000.0,-0.1923076923076923,195000000.0,0.07692307692307687,0.0,True
TRADE_72ADA7627632,일천그린빌,동래구,온천동,,,,,,0.0,0.0,0.0,1,,,,True,,,,,,,,,,,,
TRADE_731DA9B7191A,남촌빌라,금정구,남산동,,,,,,0.0,0.0,0.0,1,,,,True,,,,,,,150000000.0,0.0,150000000.0,0.0,0.0,True
TRADE_732161062C11,한영,사상구,감전동,,,,,,0.0,0.0,0.0,2,,,,True,,,,,,,160000000.0,0.0,160000000.0,0.0,0.0,True
TRADE_7363D1DF6D4D,유창1,남구,감만동,,,,,,0.0,0.0,2.0,1,,,,True,,,,,,,,,,,,
TRADE_737F13A470A2,삼양파크빌(326-7),북구,덕천동,,,,,,0.0,0.0,0.0,1,,,,True,,,,,,,112000000.0,0.0,112000000.0,0.0,0.0,True
TRADE_739DE861E49C,대신타워빌,서구,서대신동3가,,,,,,1.0,1.0,2.0,2,,,,True,,,,,,,,,,,,
TRADE_73D6B6952896,스파맨션,동래구,온천동,,,,,,1.0,1.0,1.0,2,,,,True,,170000000.0,6842297.841200146,,,,470000000.0,-0.6382978723404256,170000000.0,0.0,1.0,True
TRADE_742EAD55D903,재흥,기장군,정관읍달산리,,,,,,0.0,0.0,1.0,1,,,,True,,,,,,,,,,,,
TRADE_743034A314DE,호성에이스빌,사하구,하단동,,,,,,0.0,0.0,0.0,2,,,,True,,,,,,,,,,,,
TRADE_743EE702C26D,케이에이치마이우스,동래구,온천동,,,,,,1.0,1.0,1.0,2,,,,True,,,,,,,,,,,,
TRADE_744B8C8D9B1E,근영빌라4동,중구,대청동4가,,,,,,0.0,0.0,0.0,1,,,,True,,,,,,,,,,,,
TRADE_7464F493EDA3,삼보맨션,기장군,일광읍이천리,,,,,,1.0,1.0,1.0,2,,,,True,,,,,,,,,,,,
TRADE_746820BD3EBE,블리시움,동래구,낙민동,,,,,,0.0,1.0,3.0,1,,,,True,,,,,,,,,,,,
TRADE_747453F68B13,로즈빌리지,서구,서대신동3가,,,,,,0.0,0.0,0.0,1,,,,True,,,,,,,220000000.0,0.0,220000000.0,0.0,0.0,True
TRADE_748CA4B99BC8,선도아트빌,사상구,주례동,,,,,,0.0,0.0,0.0,1,,,,True,,,,,,,154000000.0,0.0,154000000.0,0.0,0.0,True
TRADE_748DEE3ACAE1,헤리티지우석,금정구,구서동,,,,,,1.0,2.0,2.0,2,,,,True,,,,,,,,,,,,
TRADE_74C1C48FCE69,선경뉴빌APT,중구,대창동1가,,,,,,0.0,0.0,1.0,3,,,,True,,,,,,,,,,,,
TRADE_74CF3C26DFF0,석산4,금정구,남산동,,,,,,0.0,0.0,0.0,1,,,,True,,,,,,,,,,,,
TRADE_74F330CEF42E,엑스젠플레이스,수영구,수영동,,,,,,0.0,0.0,0.0,2,,,,True,,,,,,,,,,,,
TRADE_7503A7A9B1DA,진산아트빌라,금정구,청룡동,,,,,,0.0,0.0,0.0,1,,,,True,,,,,,,169000000.0,-0.035502958579881616,163000000.0,0.0,0.0,True
TRADE_75131BD336CB,온천명화빌리지,동래구,온천동,,,,,,0.0,0.0,0.0,3,,,,True,,,,,,,200000000.0,0.0,200000000.0,0.0,0.0,True
TRADE_75253573B3C2,우창팰리스,강서구,대저1동,,,,,,0.0,0.0,0.0,1,,,,True,,,,,,,,,,,,
TRADE_754FB96BF47E,대성타워,수영구,광안동,,,,,,0.0,0.0,0.0,1,,,,True,,,,,,,,,,,,
TRADE_7556908AF118,화인아트빌리지,서구,서대신동3가,,,,,,0.0,0.0,0.0,1,,,,True,,,,,,,,,,,,
TRADE_7562B40726E5,동일센트럴,동래구,낙민동,,,,,,0.0,2.0,2.0,2,,,,True,,,,,,,265000000.0,-0.07547169811320753,240000000.0,0.02083333333333326,0.0,True
TRADE_756AE03E70D0,동원빌라,동구,수정동,,,,,,1.0,1.0,1.0,3,,,,True,,,,,,,,,,,,
TRADE_75893BF9FB14,금정산태진팰리스2차,금정구,장전동,,,,,,2.0,2.0,4.0,2,,,,True,,,,,,,,,,,,
TRADE_7596076E18E2,영일,영도구,대교동2가,,,,,,0.0,0.0,0.0,2,,,,True,,,,,,,,,,,,
TRADE_759C596DEC94,노이하우스3차,기장군,기장읍서부리,,,,,,0.0,1.0,2.0,1,,,,True,,,,,0.41428571428571437,,198000000.0,0.0,140000000.0,0.41428571428571437,1.0,True
TRADE_759D986860B5,리치플러스,사상구,괘법동,,,,,,0.0,0.0,2.0,2,,,,True,,,,,,,255000000.0,-0.11764705882352944,219000000.0,0.027397260273972712,0.0,True
TRADE_75C17D871F28,새괴정협진태양,사하구,괴정동,,,,,,0.0,0.0,0.0,2,,,,True,,,,,,,,,,,,
TRADE_75D81A53D360,유니온캐슬2차,서구,서대신동1가,,,,,,1.0,1.0,1.0,2,,,,True,,210000000.0,8568249.25816024,,,,227000000.0,-0.07488986784140972,210000000.0,0.0,1.0,True
TRADE_75EB3DF49E46,동아파크,사하구,괴정동,,,,,,1.0,2.0,4.0,1,,,,True,,100000000.0,3883723.667176651,-0.09090909090909094,-0.18604651162790697,-0.08333333333333337,160500000.0,-0.3769470404984424,100000000.0,0.0,2.0,True
TRADE_75EC46721014,동현맨션,금정구,부곡동,,,,,,0.0,0.0,0.0,2,,,,True,,,,,,,224000000.0,-0.3303571428571429,150000000.0,0.0,0.0,True
TRADE_75EFE0D8C2A0,대우아파트,기장군,정관읍달산리,,,,,,0.0,1.0,1.0,1,,,,True,,,,,,,,,,,,
TRADE_75F08C033AC4,건우리안,사하구,하단동,,,,,,0.0,2.0,4.0,1,,,,True,,,,,,,,,,,,
TRADE_75FEB4C7C328,강산마을,연제구,연산동,,,,,,0.0,0.0,0.0,1,,,,True,,,,,,,,,,,,
TRADE_7609D7334334,한성,사하구,괴정동,,,,,,0.0,0.0,1.0,3,,,,True,,,,,,,,,,,,
TRADE_761039DD1FEB,태백타워,수영구,광안동,,,,,,0.0,0.0,0.0,2,,,,True,,,,,,,364000000.0,0.0,364000000.0,0.0,0.0,True
TRADE_762248AAAF05,동주광명맨션나동,북구,덕천동,,,,,,0.0,0.0,0.0,2,,,,True,,,,,,,183000000.0,-0.180327868852459,131500000.0,0.14068441064638781,0.0,True
TRADE_7625BDAADE00,부원,동래구,온천동,,,,,,3.0,3.0,4.0,3,,,,True,,,,,,,,,,,,
TRADE_762DFC80E4C1,송원아트빌,남구,대연동,,,,,,0.0,0.0,0.0,2,,,,True,,,,,,,227500000.0,0.0,224000000.0,0.015625,0.0,True
TRADE_764931903DF8,신흥빌라트,중구,보수동3가,,,,,,0.0,0.0,0.0,1,,,,True,,,,,,,164000000.0,0.0,164000000.0,0.0,0.0,True
TRADE_7677B83782E0,동아,금정구,장전동,,,,,,0.0,0.0,0.0,1,,,,True,,,,,,,,,,,,
TRADE_767D475E1D9D,하이텔빌리지,연제구,연산동,,,,,,0.0,0.0,0.0,2,,,,True,,,,,,,,,,,,
TRADE_76829B2F7AA3,에르모사,서구,서대신동1가,,,,,,0.0,0.0,1.0,2,,,,True,,,,,,,,,,,,
TRADE_76C5DD5A71B2,대림엠파이어빌라,해운대구,중동,,,,,,0.0,0.0,1.0,1,,,,True,,,,,,,,,,,,
TRADE_76CDD3E07DB9,광이드림타워,금정구,구서동,,,,,,0.0,0.0,0.0,1,,,,True,,,,,,,320000000.0,-0.21875,250000000.0,0.0,0.0,True
TRADE_76E2DD2CFFD2,동광,중구,동광동5가,,,,,,0.0,0.0,0.0,1,,,,True,,,,,,,,,,,,
TRADE_76FD625D7D6C,더샵골드3,부산진구,범천동,,,,,,0.0,0.0,0.0,3,,,,True,,,,,,,298000000.0,0.0,260000000.0,0.14615384615384608,0.0,True
TRADE_770EE5C63B1F,동대맨션,서구,동대신동1가,,,,,,0.0,1.0,1.0,4,,,,True,,,,,,,240000000.0,-0.13749999999999996,207000000.0,0.0,1.0,True
TRADE_771213840495,미주빌리지,금정구,남산동,,,,,,0.0,0.0,0.0,2,,,,True,,,,,,,240000000.0,-0.25,180000000.0,0.0,0.0,True
TRADE_773127E0839A,대곡그린빌라,동래구,온천동,,,,,,0.0,0.0,0.0,1,,,,True,,,,,,,,,,,,
TRADE_775198AE98B5,프론티어빌2,사하구,하단동,,,,,,0.0,0.0,0.0,2,,,,True,,,,,,,160000000.0,0.0,150000000.0,0.06666666666666665,0.0,True
TRADE_7754B52A8F04,동아블루시아,부산진구,초읍동,,,,,,0.0,1.0,1.0,3,,,,True,,,,,,,,,,,,
TRADE_7757AE447470,남정해바라기,사하구,괴정동,,,,,,0.0,0.0,1.0,2,,,,True,,,,,,,,,,,,
TRADE_77913943999E,경보이리스힐,동래구,수안동,,,,,,0.0,2.0,6.0,1,,,,True,,,,,0.056492411467116366,0.11466165413533824,355000000.0,-0.1929577464788732,266000000.0,0.0770676691729324,2.0,True
TRADE_77C435F1E8A0,지우푸른마을,수영구,광안동,,,,,,0.0,0.0,0.0,2,,,,True,,,,,,,240000000.0,0.0,240000000.0,0.0,0.0,True
TRADE_77CD25266528,아름베스트빌4차,금정구,구서동,,,,,,0.0,0.0,0.0,3,,,,True,,,,,,,187500000.0,0.0,187500000.0,0.0,0.0,True
TRADE_77EEB6CE5D05,트레비앙,동래구,온천동,,,,,,0.0,0.0,1.0,1,,,,True,,,,,,,,,,,,
TRADE_781B4BAC2ABE,혜성파크빌,동래구,온천동,,,,,,0.0,0.0,0.0,1,,,,True,,,,,,,201000000.0,-0.10447761194029848,180000000.0,0.0,0.0,True
TRADE_781BF22EE9E2,경림감천,사하구,감천동,,,,,,0.0,0.0,0.0,2,,,,True,,,,,,,,,,,,
TRADE_781C3E10CD2C,가야봄여름가을겨울,부산진구,가야동,,,,,,1.0,1.0,1.0,2,,,,True,,368500000.0,14653464.630690034,,,,368500000.0,0.0,368500000.0,0.0,1.0,True
TRADE_7858A307D043,류빈비치빌,수영구,광안동,,,,,,0.0,0.0,1.0,2,,,,True,,,,,,,370000000.0,-0.2432432432432432,265000000.0,0.05660377358490565,0.0,True
TRADE_785C09312093,진성시티라이프,서구,서대신동2가,,,,,,0.0,0.0,0.0,1,,,,True,,,,,,,,,,,,
TRADE_785E53F0A3E7,외진가센트럴타워,강서구,대저1동,,,,,,0.0,0.0,1.0,3,,,,True,,,,,,,,,,,,
TRADE_787F158CCCA5,테마파크빌1차,기장군,기장읍대라리,,,,,,1.0,1.0,1.0,1,,,,True,,110000000.0,4287232.786110783,,,,155000000.0,-0.29032258064516125,100000000.0,0.10000000000000009,1.0,True
TRADE_78832EF81FD4,리치W도시형생활주택,서구,서대신동1가,,,,,,0.0,0.0,1.0,1,,,,True,,,,,,,,,,,,
TRADE_789FF437CD3B,성훈강변,북구,덕천동,,,,,,2.0,3.0,5.0,2,,,,True,,,,,,,,,,,,
TRADE_78BCE55BE7CA,궁전시티빌,사하구,하단동,,,,,,0.0,1.0,1.0,1,,,,True,,,,,,,178000000.0,-0.0561797752808989,165000000.0,0.018181818181818077,1.0,True
TRADE_78BD0349422C,부림빌라(31-87),남구,문현동,,,,,,0.0,0.0,0.0,2,,,,True,,,,,,,375000000.0,0.0,375000000.0,0.0,0.0,True
TRADE_78CBEC439137,동유네이처하우스,사상구,주례동,,,,,,0.0,0.0,0.0,1,,,,True,,,,,,,197000000.0,-0.060913705583756306,152000000.0,0.2171052631578947,0.0,True
TRADE_78EBCD13E105,엘리트빌라,해운대구,중동,,,,,,0.0,0.0,0.0,1,,,,True,,,,,,,,,,,,
TRADE_78FB24A0A958,우창그랜드빌라,금정구,청룡동,,,,,,0.0,0.0,0.0,1,,,,True,,,,,,,,,,,,
TRADE_7905A0F8D888,센텀바인하츠,사하구,장림동,,,,,,0.0,0.0,0.0,1,,,,True,,,,,,,,,,,,
TRADE_791704ACDF24,태인빌라,금정구,남산동,,,,,,0.0,0.0,1.0,1,,,,True,,,,,,,,,,,,
TRADE_7926266F9DD5,서면센트리움,부산진구,부암동,,,,,,0.0,2.0,3.0,2,,,,True,,,,,,,,,,,,
TRADE_7930B6F73816,대신탑스빌,동래구,낙민동,,,,,,0.0,0.0,1.0,1,,,,True,,,,,,0.008196721311475308,397000000.0,-0.38035264483627207,244000000.0,0.008196721311475308,0.0,True
TRADE_793DDB2ACD1A,삼원파크,남구,대연동,,,,,,0.0,0.0,0.0,1,,,,True,,,,,,,263000000.0,0.0,263000000.0,0.0,0.0,True
TRADE_7956075B4312,경희빌리지,금정구,구서동,,,,,,0.0,0.0,0.0,2,,,,True,,,,,,,295000000.0,-0.13559322033898302,255000000.0,0.0,0.0,True
TRADE_795737963E32,영남빌로체,남구,우암동,,,,,,0.0,1.0,2.0,2,,,,True,,,,,,,240000000.0,-0.0625,205000000.0,0.09756097560975618,0.0,True
TRADE_7961CB73E9A0,공작맨션,동래구,온천동,,,,,,0.0,0.0,0.0,2,,,,True,,,,,,,,,,,,
TRADE_7978694123EE,세경미가,연제구,거제동,,,,,,0.0,0.0,2.0,1,,,,True,,,,,,,,,,,,
TRADE_7981EF9B33D9,근영빌라3동,중구,대청동4가,,,,,,0.0,1.0,1.0,2,,,,True,,,,,,,,,,,,
TRADE_799D02DE1EC7,소망빌라,금정구,장전동,,,,,,0.0,0.0,0.0,1,,,,True,,,,,,,260000000.0,-0.23076923076923073,200000000.0,0.0,0.0,True
TRADE_79A811418268,민락동화맨션나동,수영구,민락동,,,,,,0.0,0.0,0.0,2,,,,True,,,,,,,,,,,,
TRADE_79FAAEE8F148,동국에버리치,부산진구,양정동,,,,,,0.0,0.0,0.0,1,,,,True,,,,,,,,,,,,
TRADE_7A11D2FD6CDE,초량마마맨션,동구,초량동,,,,,,0.0,1.0,1.0,3,,,,True,,,,,,,,,,,,
TRADE_7A22C5172D09,부평파크,중구,부평동4가,,,,,,0.0,0.0,2.0,1,,,,True,,,,,,,,,,,,
TRADE_7A362315C9A5,에이스빌(1293-2),연제구,연산동,,,,,,1.0,1.0,1.0,2,,,,True,,170000000.0,6942210.12250959,,,,170000000.0,0.0,165000000.0,0.030303030303030276,1.0,True
TRADE_7A40217231BF,수정캐슬,부산진구,양정동,,,,,,0.0,1.0,2.0,2,,,,True,,,,,,,,,,,,
TRADE_7A42988A438A,햇살좋은집,남구,대연동,,,,,,1.0,1.0,1.0,2,,,,True,,,,,,,,,,,,
TRADE_7A4B2560C471,메종나인,동래구,온천동,,,,,,0.0,0.0,0.0,2,,,,True,,,,,,,,,,,,
TRADE_7A5428DE7A42,태승타워,남구,대연동,,,,,,0.0,0.0,0.0,2,,,,True,,,,,,,,,,,,
TRADE_7A648E3C3173,우호윌러스빌,수영구,광안동,,,,,,0.0,0.0,0.0,1,,,,True,,,,,,,,,,,,
TRADE_7ADFA91F6147,흑석(1737-5),남구,대연동,,,,,,0.0,0.0,0.0,1,,,,True,,,,,,,227000000.0,-0.33920704845814975,150000000.0,0.0,0.0,True
TRADE_7AE2AB3EDAA3,홍림베스트빌,연제구,연산동,,,,,,0.0,0.0,0.0,1,,,,True,,,,,,,,,,,,
TRADE_7AF5AB96754B,삼정부영,사하구,괴정동,,,,,,0.0,0.0,0.0,2,,,,True,,,,,,,,,,,,
TRADE_7AFFFB043E93,범전시영1동,부산진구,범전동,,,,,,0.0,0.0,1.0,2,,,,True,,,,,,,,,,,,
TRADE_7B3EC0806A44,해피타운,동래구,온천동,,,,,,0.0,2.0,2.0,2,,,,True,,,,,,,195000000.0,0.0,195000000.0,0.0,0.0,True
TRADE_7B42127C8682,우림그린,사하구,괴정동,,,,,,1.0,1.0,2.0,2,,,,True,,,,,,,,,,,,
TRADE_7B527B098FE3,주안파크빌(1481-3),남구,대연동,,,,,,0.0,0.0,0.0,1,,,,True,,,,,,,,,,,,
TRADE_7B542212F7FE,문화,동구,좌천동,,,,,,0.0,0.0,1.0,1,,,,True,,,,,,,,,,,,
TRADE_7B580F815E13,세화빌라,금정구,남산동,,,,,,0.0,0.0,0.0,2,,,,True,,,,,,,,,,,,
TRADE_7B5F03719631,신진2차,북구,구포동,,,,,,0.0,0.0,4.0,2,,,,True,,,,,,,,,,,,
TRADE_7B8585770E9B,남정,연제구,연산동,,,,,,0.0,0.0,1.0,3,,,,True,,,,,,,171000000.0,0.0,171000000.0,0.0,0.0,True
TRADE_7B88D84394F8,장원하이드파크,동구,초량동,,,,,,1.0,2.0,2.0,2,,,,True,,,,,,,,,,,,
TRADE_7B90F8444DF4,삼창,사하구,하단동,,,,,,0.0,0.0,0.0,3,,,,True,,,,,,,,,,,,
TRADE_7B95B50AB73A,스윗팰리스,부산진구,전포동,,,,,,1.0,1.0,1.0,1,,,,True,,,,,,,,,,,,
TRADE_7BB63210021F,디어하임센텀,해운대구,재송동,,,,,,0.0,0.0,1.0,1,,,,True,,,,,,,200000000.0,-0.25,150000000.0,0.0,0.0,True
TRADE_7BBC0E650C36,대신하이츠빌라,금정구,구서동,,,,,,0.0,0.0,0.0,1,,,,True,,,,,,,301500000.0,0.0,301500000.0,0.0,0.0,True
TRADE_7BC18AB596E6,석산7,금정구,남산동,,,,,,0.0,1.0,1.0,1,,,,True,,,,,,,173000000.0,-0.2890173410404624,122000000.0,0.008196721311475308,1.0,True
TRADE_7C2AAE846EA2,허브센티움Ⅱ,동래구,온천동,,,,,,0.0,0.0,0.0,2,,,,True,,,,,,,306500000.0,-0.21696574225122345,220000000.0,0.09090909090909083,0.0,True
TRADE_7C30D6675A2D,금오리치,사상구,주례동,,,,,,0.0,0.0,1.0,1,,,,True,,,,,,,,,,,,
TRADE_7C3426AC8997,덕천시영,북구,덕천동,,,,,,0.0,0.0,0.0,1,,,,True,,,,,,,,,,,,
TRADE_7C67617A9434,골든에이지,영도구,남항동2가,,,,,,0.0,0.0,1.0,2,,,,True,,,,,,,,,,,,
TRADE_7C95AF5C757C,우석쉐르빌,금정구,구서동,,,,,,0.0,0.0,0.0,2,,,,True,,,,,,,,,,,,
TRADE_7C98DAD5CFA6,거성,연제구,거제동,,,,,,1.0,1.0,3.0,1,,,,True,,,,,,,,,,,,
TRADE_7C9E093E63D1,마마(1781-66),남구,대연동,,,,,,0.0,1.0,2.0,4,,,,True,,,,,,,280000000.0,0.0,165000000.0,0.696969696969697,0.0,True
TRADE_7C9EE71A1A81,유창맨션,해운대구,재송동,,,,,,0.0,0.0,1.0,2,,,,True,,,,,,,,,,,,
TRADE_7CA9E851514C,한울베스트빌라,수영구,광안동,,,,,,0.0,0.0,0.0,1,,,,True,,,,,,,,,,,,
TRADE_7CAE733B7AF7,영화,해운대구,반송동,,,,,,0.0,0.0,1.0,3,,,,True,,,,,,,,,,,,
TRADE_7CCAEBB0853C,엔학미지앙,연제구,연산동,,,,,,0.0,0.0,0.0,1,,,,True,,,,,,,240000000.0,0.0,198500000.0,0.20906801007556686,0.0,True
TRADE_7CE10BEFA0AB,하나로5차,서구,서대신동1가,,,,,,0.0,0.0,0.0,2,,,,True,,,,,,,240000000.0,-0.04166666666666663,205000000.0,0.12195121951219523,0.0,True
TRADE_7CF0F7DF9050,한우리타워,서구,서대신동3가,,,,,,0.0,0.0,0.0,1,,,,True,,,,,,,280000000.0,0.0,258000000.0,0.0852713178294573,0.0,True
TRADE_7D179CAB3D65,호주하이츠빌라,사하구,하단동,,,,,,0.0,0.0,0.0,1,,,,True,,,,,,,170000000.0,-0.1470588235294118,145000000.0,0.0,0.0,True
TRADE_7D17B90FEC70,명륜아이파크2단지,동래구,복천동,,,,,,1.0,3.0,8.0,2,,,,True,,650000000.0,25236808.326146625,-0.03917220990391723,0.07495948136142627,0.09540636042402828,713500000.0,-0.08899789768745625,500000000.0,0.30000000000000004,3.0,False
TRADE_7D1F207E8A60,한성,중구,영주동,,,,,,0.0,0.0,0.0,2,,,,True,,,,,,,112000000.0,0.0,112000000.0,0.0,0.0,True
TRADE_7D24C849B2C2,흥아거북,사하구,괴정동,,,,,,0.0,1.0,3.0,2,,,,True,,,,,,,,,,,,
TRADE_7D38B425F8EB,트레비앙,금정구,서동,,,,,,0.0,2.0,6.0,2,,,,True,,,,,,,,,,,,
TRADE_7D45A092CBBD,장미3,동래구,수안동,,,,,,0.0,1.0,2.0,3,,,,True,,,,,,,,,,,,
TRADE_7D51A1248206,홍원주택,금정구,구서동,,,,,,0.0,0.0,0.0,1,,,,True,,,,,,,,,,,,
TRADE_7D54AD21816C,골드스카이80,부산진구,당감동,,,,,,0.0,0.0,0.0,1,,,,True,,,,,,,,,,,,
TRADE_7D5893D4086C,가화만사성4차,기장군,기장읍대라리,,,,,,0.0,0.0,1.0,2,,,,True,,,,,,-0.15014164305949007,260000000.0,-0.42307692307692313,150000000.0,0.0,0.0,True
TRADE_7D68399E0E7C,삼성하이츠,금정구,남산동,,,,,,0.0,0.0,0.0,1,,,,True,,,,,,,,,,,,
TRADE_7D70E1122281,문현,남구,문현동,,,,,,0.0,0.0,1.0,1,,,,True,,,,,,,,,,,,
TRADE_7D73882B0ACE,창조드림빌라,서구,서대신동1가,,,,,,1.0,1.0,1.0,1,,,,True,,170000000.0,6608552.244080574,,,-0.08108108108108103,185000000.0,-0.08108108108108103,170000000.0,0.0,1.0,True
TRADE_7D742198CDAB,모아남산블루빌,금정구,남산동,,,,,,0.0,0.0,0.0,1,,,,True,,,,,,,210000000.0,-0.09523809523809523,175000000.0,0.08571428571428563,0.0,True
TRADE_7D78350229C8,영광마린타워,영도구,청학동,,,,,,0.0,0.0,0.0,2,,,,True,,,,,,,152000000.0,-0.125,120000000.0,0.10833333333333339,0.0,True
TRADE_7DD9E221B938,대림맨션,해운대구,중동,,,,,,0.0,0.0,0.0,2,,,,True,,,,,,,,,,,,
TRADE_7DF057E39300,"봉황맨션B,C",동래구,명장동,,,,,,0.0,0.0,0.0,2,,,,True,,,,,,,,,,,,
TRADE_7E0B1B08E8EA,공작맨션,해운대구,우동,,,,,,0.0,1.0,3.0,2,,,,True,,,,,,,,,,,,
TRADE_7E128ECCEFBE,아림비치,해운대구,우동,,,,,,0.0,0.0,0.0,1,,,,True,,,,,,,,,,,,
TRADE_7E24B9C2B463,남강하이츠,수영구,광안동,,,,,,0.0,0.0,0.0,1,,,,True,,,,,,,475000000.0,0.0,360000000.0,0.3194444444444444,0.0,True
TRADE_7E2949DFDE6E,소라맨션,수영구,남천동,,,,,,0.0,2.0,4.0,2,,,,True,,,,,,,,,,,,
TRADE_7E48936FD665,사직리첸스빌,동래구,사직동,,,,,,0.0,0.0,1.0,2,,,,True,,,,,,,329000000.0,-0.12158054711246202,279000000.0,0.03584229390680993,0.0,True
TRADE_7E4C665BA084,창신(B동),북구,구포동,,,,,,0.0,0.0,0.0,1,,,,True,,,,,,,,,,,,
TRADE_7E87C5628289,구덕하이츠,서구,서대신동3가,,,,,,0.0,1.0,3.0,1,,,,True,,,,,,,,,,,,
TRADE_7E8E290F3E50,세진골든빌리지,서구,동대신동2가,,,,,,0.0,0.0,0.0,1,,,,True,,,,,,,210000000.0,0.0,210000000.0,0.0,0.0,True
TRADE_7E99DE93A502,정우아트빌,사하구,괴정동,,,,,,0.0,0.0,1.0,1,,,,True,,,,,,,,,,,,
TRADE_7E9C75D0F54B,경화힐타워A동,사상구,괘법동,,,,,,0.0,0.0,0.0,1,,,,True,,,,,,,240000000.0,-0.10416666666666663,215000000.0,0.0,0.0,True
TRADE_7E9CD6E3B8CF,골든빌리지,영도구,봉래동3가,,,,,,0.0,0.0,1.0,1,,,,True,,,,,,,,,,,,
TRADE_7EBB9D88125F,대원빌라3차,기장군,기장읍대라리,,,,,,0.0,0.0,0.0,1,,,,True,,,,,,,149000000.0,-0.3355704697986577,99000000.0,0.0,0.0,True
TRADE_7EC229474BFD,새천년,남구,대연동,,,,,,0.0,0.0,0.0,1,,,,True,,,,,,,625000000.0,0.0,625000000.0,0.0,0.0,True
TRADE_7EF754407215,전망좋은방,북구,구포동,,,,,,0.0,0.0,0.0,1,,,,True,,,,,,,98000000.0,-0.2142857142857143,77000000.0,0.0,0.0,True
TRADE_7F07202AC5D7,수영에코하임리베,수영구,수영동,,,,,,0.0,0.0,0.0,1,,,,True,,,,,,,,,,,,
TRADE_7F0FBED5A873,남경하이빌,부산진구,개금동,,,,,,0.0,0.0,0.0,3,,,,True,,,,,,,,,,,,
TRADE_7F17D2D9DAB3,명륜소도베르크,동래구,명륜동,,,,,,1.0,5.0,11.0,1,,,,True,,,,,,,,,,,,
TRADE_7F1C1C195466,혜성빌라,기장군,기장읍동부리,,,,,,0.0,0.0,0.0,2,,,,True,,,,,,,69000000.0,-0.01449275362318836,68000000.0,0.0,0.0,True
TRADE_7F206420A983,영광골든타워,영도구,봉래동1가,,,,,,0.0,1.0,5.0,2,,,,True,,,,,,0.08295964125560529,250000000.0,-0.04800000000000004,205000000.0,0.16097560975609748,0.0,True
TRADE_7F28160CFFFB,세영엘도라도B동,서구,서대신동3가,,,,,,0.0,0.0,0.0,1,,,,True,,,,,,,,,,,,
TRADE_7F3CF6EF514E,태백-1,남구,대연동,,,,,,0.0,0.0,0.0,2,,,,True,,,,,,,175000000.0,-0.09142857142857141,159000000.0,0.0,0.0,True
TRADE_7F4207256818,파밀리아2,사상구,괘법동,,,,,,0.0,1.0,2.0,2,,,,True,,,,,,,,,,,,
TRADE_7F470206D23D,멤버스빌라트,금정구,구서동,,,,,,0.0,0.0,1.0,1,,,,True,,,,,,,197000000.0,-0.025380710659898442,192000000.0,0.0,0.0,True
TRADE_7F7D8B020972,씨티포레,동래구,온천동,,,,,,0.0,0.0,1.0,1,,,,True,,,,,,,,,,,,
TRADE_7F8434C16427,연산지음,연제구,연산동,,,,,,0.0,2.0,4.0,1,,,,True,,,,,,,,,,,,
TRADE_7FA9B41EEA9F,KH마이우스,부산진구,전포동,,,,,,2.0,2.0,2.0,2,,,,True,,,,,,,,,,,,
TRADE_8015F44DE0E2,아름베스트빌1,금정구,구서동,,,,,,1.0,1.0,1.0,3,,,,True,,,,,,,,,,,,
TRADE_80227A2C9D78,배룡하나빌,동구,초량동,,,,,,0.0,0.0,0.0,2,,,,True,,,,,,,200000000.0,-0.025000000000000022,160000000.0,0.21875,0.0,True
TRADE_802D358657CB,혜광마린팰리스,영도구,청학동,,,,,,0.0,0.0,1.0,2,,,,True,,,,,,,240000000.0,-0.125,190500000.0,0.10236220472440949,0.0,True
TRADE_8049C385987B,동해,사하구,장림동,,,,,,1.0,1.0,1.0,2,,,,True,,,,,,,,,,,,
TRADE_8054542BC0E4,광명(539-1),수영구,광안동,,,,,,0.0,0.0,1.0,1,,,,True,,,,,,,630000000.0,-0.3412698412698413,232500000.0,0.7849462365591398,0.0,True
TRADE_805F114700D1,대륙,동구,초량동,,,,,,0.0,0.0,0.0,3,,,,True,,,,,,,,,,,,
TRADE_8067283146C8,필아트빌,수영구,망미동,,,,,,0.0,0.0,0.0,1,,,,True,,,,,,,210000000.0,-0.19047619047619047,135000000.0,0.2592592592592593,0.0,True
TRADE_8072E45DF208,로웰타워,영도구,대교동1가,,,,,,1.0,2.0,3.0,1,,,,True,,,,,,,,,,,,
TRADE_80767E487DAA,라익,수영구,광안동,,,,,,0.0,3.0,3.0,2,,,,True,,,,,,,,,,,,
TRADE_8098CF253695,광안화목,수영구,광안동,,,,,,0.0,0.0,1.0,3,,,,True,,,,,,,,,,,,
TRADE_809A66B2E57E,필우파크,동구,수정동,,,,,,0.0,0.0,1.0,1,,,,True,,,,,,,,,,,,
TRADE_809B02F04C22,우신,동래구,수안동,,,,,,0.0,0.0,0.0,1,,,,True,,,,,,,,,,,,
TRADE_80A6FA363C33,황우그린빌라,동래구,온천동,,,,,,0.0,0.0,0.0,1,,,,True,,,,,,,,,,,,
TRADE_80C5612305BA,서원블루오션F동,중구,보수동3가,,,,,,0.0,1.0,1.0,2,,,,True,,,,,,,,,,,,
TRADE_80EA8D6AE01E,크로바C동,서구,서대신동3가,,,,,,0.0,0.0,0.0,1,,,,True,,,,,,,240000000.0,0.0,240000000.0,0.0,0.0,True
TRADE_80FE1972D7BE,괴정신동화,사하구,괴정동,,,,,,0.0,1.0,1.0,2,,,,True,,,,,,-0.2222222222222222,303500000.0,-0.3080724876441515,210000000.0,0.0,1.0,True
TRADE_8107E222C5F9,엘스퀘어,중구,중앙동4가,,,,,,0.0,1.0,2.0,2,,,,True,,,,,,,,,,,,
TRADE_810E8B3C699B,해운파크빌,연제구,연산동,,,,,,1.0,2.0,2.0,1,,,,True,,,,,,,,,,,,
TRADE_81305B7B67C9,창신(A동),북구,구포동,,,,,,0.0,0.0,0.0,1,,,,True,,,,,,,,,,,,
TRADE_8136A0444116,로얄캐슬,동래구,명륜동,,,,,,0.0,1.0,3.0,1,,,,True,,,,,-0.006802721088435382,,390000000.0,-0.0641025641025641,307500000.0,0.1869918699186992,1.0,True
TRADE_813E8C915FA8,광안하이캐슬,수영구,광안동,,,,,,0.0,0.0,0.0,1,,,,True,,,,,,,445000000.0,-0.2134831460674157,350000000.0,0.0,0.0,True
TRADE_813EF981ECDA,동광맨션,중구,중앙동4가,,,,,,1.0,1.0,1.0,2,,,,True,,,,,,,,,,,,
TRADE_81458F6FB5CF,남명더라우부용,서구,부용동1가,,,,,,1.0,1.0,2.0,2,,,,True,,,,,,,,,,,,
TRADE_8150D89FD44E,동보6차,금정구,남산동,,,,,,0.0,0.0,0.0,1,,,,True,,,,,,,,,,,,
TRADE_8157CA3BA921,대근아트빌라(106-11),동구,초량동,,,,,,0.0,0.0,0.0,1,,,,True,,,,,,,,,,,,
TRADE_816E268E8D2C,송정세양시에당,해운대구,송정동,,,,,,1.0,1.0,4.0,3,,,,True,,,,,,,372000000.0,-0.22043010752688175,220000000.0,0.3181818181818181,0.0,True
TRADE_817D574D236E,삼호빌라(116-2),수영구,광안동,,,,,,0.0,0.0,0.0,1,,,,True,,,,,,,,,,,,
TRADE_818389F158D7,성도솔밭맨션,사하구,당리동,,,,,,0.0,0.0,1.0,2,,,,True,,,,,,,,,,,,
TRADE_818A3DF5D42A,구서다움,금정구,구서동,,,,,,0.0,0.0,1.0,1,,,,True,,,,,,,,,,,,
TRADE_818B682FAC53,유원타워,부산진구,부전동,,,,,,0.0,0.0,0.0,3,,,,True,,,,,,,441980000.0,0.0,220000000.0,1.009,0.0,True
TRADE_818F228F598B,나경유닉스빌라트,금정구,남산동,,,,,,0.0,0.0,0.0,2,,,,True,,,,,,,,,,,,
TRADE_81B7BB04C1D7,백산타워빌라,수영구,민락동,,,,,,0.0,0.0,0.0,1,,,,True,,,,,,,200000000.0,0.0,180000000.0,0.11111111111111116,0.0,True
TRADE_81B91504CD39,진일,부산진구,개금동,,,,,,0.0,0.0,1.0,1,,,,True,,,,,,,,,,,,
TRADE_81BAB627D72D,동광하이빌(105),부산진구,전포동,,,,,,0.0,0.0,0.0,1,,,,True,,,,,,,,,,,,
TRADE_81C34CDA0806,초량하이츠빌리지,동구,초량동,,,,,,0.0,0.0,1.0,3,,,,True,,,,,,,280000000.0,-0.10892857142857137,240000000.0,0.039583333333333304,0.0,True
TRADE_81CEDBCB66AE,삼협아띠랑스,기장군,기장읍대라리,,,,,,2.0,2.0,4.0,3,,,,True,,,,,,,,,,,,
TRADE_82299B4E1BC7,부림(327-1),연제구,연산동,,,,,,0.0,0.0,0.0,1,,,,True,,,,,,,,,,,,
TRADE_823837413ECF,현호네오빌,부산진구,부전동,,,,,,1.0,2.0,2.0,2,,,,True,,,,,,,,,,,,
TRADE_826534174A9A,보수허브센티움,중구,보수동3가,,,,,,0.0,1.0,1.0,2,,,,True,,,,,,,,,,,,
TRADE_8266FF2C6563,호성빌라맨션,사하구,당리동,,,,,,0.0,1.0,1.0,3,,,,True,,,,,,,397000000.0,0.0,295000000.0,0.3457627118644069,0.0,True
TRADE_827AFBBAC897,샛별나동,영도구,신선동2가,,,,,,0.0,0.0,1.0,1,,,,True,,,,,,,,,,,,
TRADE_828188E3A72B,괘법동포르투나,사상구,괘법동,,,,,,1.0,2.0,6.0,1,,,,True,,,,,,,,,,,,
TRADE_829CFFA77877,서원블루오션D동,서구,부민동1가,,,,,,1.0,3.0,4.0,2,,,,True,,,,,,,,,,,,
TRADE_82A75F6B0833,정원힐타워,남구,대연동,,,,,,0.0,1.0,1.0,1,,,,True,,,,,,,277000000.0,-0.13357400722021662,240000000.0,0.0,1.0,True
TRADE_83010F41C678,태진팰리스,금정구,구서동,,,,,,0.0,0.0,2.0,3,,,,True,,,,,,,,,,,,
TRADE_8305F36E260D,궁전아이브더파크,부산진구,범천동,,,,,,0.0,1.0,3.0,1,,,,True,,,,,,,,,,,,
TRADE_830D70630C37,성완아이렉스원룸,해운대구,중동,,,,,,0.0,0.0,0.0,1,,,,True,,,,,,,,,,,,
TRADE_8382453A37E8,송도혜성주상복합빌딩,서구,암남동,,,,,,0.0,0.0,0.0,2,,,,True,,,,,,,200000000.0,0.0,200000000.0,0.0,0.0,True
TRADE_839365A34630,세영맨션,남구,문현동,,,,,,0.0,0.0,1.0,4,,,,True,,,,,,,190000000.0,0.0,118000000.0,0.6101694915254237,0.0,True
TRADE_83A3EFF47994,이화,연제구,연산동,,,,,,0.0,0.0,0.0,1,,,,True,,,,,,,,,,,,
TRADE_83BBD5B8A770,센텀엘카사,해운대구,우동,,,,,,1.0,2.0,4.0,1,,,,True,,,,,,,,,,,,
TRADE_83E5172C6DB9,삼보맨션,연제구,연산동,,,,,,0.0,0.0,0.0,3,,,,True,,,,,,,350000000.0,-0.09060000000000001,215000000.0,0.4804186046511627,0.0,True
TRADE_83F5DF695345,해오름,중구,보수동2가,,,,,,0.0,0.0,0.0,2,,,,True,,,,,,,210000000.0,0.0,210000000.0,0.0,0.0,True
TRADE_840532670F5C,대동레미안,남구,대연동,,,,,,0.0,0.0,0.0,2,,,,True,,,,,,,,,,,,
TRADE_843F3476B05D,강진융프라우,부산진구,범천동,,,,,,1.0,1.0,3.0,1,,,,True,,,,,,,,,,,,
TRADE_84439EBC113B,봉성맨션,사상구,삼락동,,,,,,0.0,0.0,0.0,1,,,,True,,,,,,,,,,,,
TRADE_846224B017A8,한성기린,동래구,안락동,,,,,,0.0,0.0,0.0,1,,,,True,,,,,,,,,,,,
TRADE_8468EFC45DD9,아름베스트빌3,금정구,구서동,,,,,,0.0,0.0,0.0,3,,,,True,,,,,,,,,,,,
TRADE_8491838D068E,선우,기장군,일광읍삼성리,,,,,,0.0,0.0,2.0,2,,,,True,,,,,,0.3421052631578947,285000000.0,-0.03508771929824561,140000000.0,0.9642857142857142,0.0,True
TRADE_84C8337F06E7,온천리젠시타워아파트,금정구,부곡동,,,,,,0.0,0.0,1.0,2,,,,True,,,,,,,,,,,,
TRADE_84D537F961E8,하단대진,사하구,하단동,,,,,,0.0,1.0,2.0,3,,,,True,,,,,,,,,,,,
TRADE_84DD7C141902,정원포트빌,사하구,다대동,,,,,,1.0,2.0,2.0,1,,,,True,,,,,,,,,,,,
TRADE_84F5CAB44553,부민부백자연애,서구,부민동1가,,,,,,0.0,0.0,0.0,3,,,,True,,,,,,,,,,,,
TRADE_855F8ED8CCB5,대동맨션,서구,남부민동,,,,,,0.0,0.0,0.0,1,,,,True,,,,,,,420000000.0,-0.08333333333333337,385000000.0,0.0,0.0,True
TRADE_8568841ED938,마린포시즌2차,서구,남부민동,,,,,,1.0,2.0,3.0,2,,,,True,,,,,,,,,,,,
TRADE_856B617E7EDC,승원빌라10차(873-8),남구,대연동,,,,,,0.0,0.0,0.0,1,,,,True,,,,,,,220000000.0,0.0,210000000.0,0.04761904761904767,0.0,True
TRADE_85C7224EFDBC,중경,연제구,연산동,,,,,,0.0,0.0,0.0,1,,,,True,,,,,,,,,,,,
TRADE_85C7F0C751B1,지성캐슬,금정구,남산동,,,,,,0.0,1.0,3.0,3,,,,True,,,,,,,,,,,,
TRADE_85D9720DD35B,수안동신맨션,동래구,수안동,,,,,,0.0,0.0,1.0,2,,,,True,,,,,,,,,,,,
TRADE_85E474C965B7,레지던스라움,북구,화명동,,,,,,0.0,1.0,4.0,2,,,,True,,,,,,,,,,,,
TRADE_85FC475827CF,일화아트빌라,부산진구,연지동,,,,,,0.0,0.0,0.0,2,,,,True,,,,,,,,,,,,
TRADE_860ECC6C53FF,보수스위트홈,동래구,온천동,,,,,,0.0,0.0,0.0,1,,,,True,,,,,,,270000000.0,0.0,270000000.0,0.0,0.0,True
TRADE_8663D67F95D8,행복이가득한집,금정구,남산동,,,,,,0.0,1.0,1.0,1,,,,True,,,,,,,269000000.0,-0.29368029739776946,190000000.0,0.0,1.0,True
TRADE_86879A43436D,문화,부산진구,부암동,,,,,,0.0,0.0,1.0,1,,,,True,,,,,,,,,,,,
TRADE_868C944644F8,태양원스빌,사상구,괘법동,,,,,,0.0,0.0,0.0,2,,,,True,,,,,,,,,,,,
TRADE_86D9B1ABF534,한울엠비시어스,사하구,하단동,,,,,,0.0,0.0,2.0,4,,,,True,,,,,,,,,,,,
TRADE_871050CEA190,대동레미안더오션,부산진구,부전동,,,,,,0.0,2.0,4.0,5,,,,True,,,,,,0.01449275362318847,400000000.0,-0.125,342000000.0,0.023391812865497075,0.0,True
TRADE_871EBE6BAF85,센텀포시즌,연제구,연산동,,,,,,0.0,0.0,1.0,2,,,,True,,,,,,,,,,,,
TRADE_8735EB334912,쎄븐하이츠,동래구,온천동,,,,,,0.0,0.0,0.0,1,,,,True,,,,,,,,,,,,
TRADE_87379A6E2CA0,한백빌라,수영구,민락동,,,,,,0.0,0.0,0.0,1,,,,True,,,,,,,,,,,,
TRADE_874C655B4C03,호암르네상스,연제구,연산동,,,,,,0.0,0.0,0.0,2,,,,True,,,,,,,170000000.0,0.0,170000000.0,0.0,0.0,True
TRADE_8756263E0E81,좌천현대,동구,좌천동,,,,,,0.0,0.0,0.0,1,,,,True,,,,,,,,,,,,
TRADE_8757AA37A562,썬라이즈A동,동구,초량동,,,,,,0.0,0.0,0.0,2,,,,True,,,,,,,220000000.0,0.0,200000000.0,0.10000000000000009,0.0,True
TRADE_875CF1B4BC2F,남도그린빌라,사하구,괴정동,,,,,,0.0,1.0,1.0,2,,,,True,,,,,,,,,,,,
TRADE_877DB02D8164,서동아신,금정구,서동,,,,,,0.0,1.0,1.0,1,,,,True,,,,,,,,,,,,
TRADE_879471284595,중경맨션,남구,용호동,,,,,,0.0,0.0,0.0,2,,,,True,,,,,,,,,,,,
TRADE_87B61A192635,플러스,동구,좌천동,,,,,,0.0,0.0,0.0,2,,,,True,,,,,,,,,,,,
TRADE_87BD7D2A9706,분포맨션,남구,용호동,,,,,,0.0,0.0,1.0,3,,,,True,,,,,,,,,,,,
TRADE_87CF65B5EA08,디오빌에이동,연제구,연산동,,,,,,0.0,0.0,0.0,1,,,,True,,,,,,,262000000.0,-0.022900763358778664,238000000.0,0.07563025210084029,0.0,True
TRADE_881742249080,한웅드리머스,중구,보수동3가,,,,,,0.0,1.0,1.0,1,,,,True,,,,,,,,,,,,
TRADE_881B7692D27A,삼성비치타운,부산진구,부전동,,,,,,0.0,1.0,1.0,1,,,,True,,,,,,,,,,,,
TRADE_88393F704354,세영엘도라도A동,서구,서대신동3가,,,,,,0.0,0.0,1.0,1,,,,True,,,,,,,,,,,,
TRADE_885C02F1EC24,건용베르빌,연제구,연산동,,,,,,1.0,1.0,1.0,1,,,,True,,184000000.0,7182398.864442865,,,,220000000.0,-0.1636363636363637,184000000.0,0.0,1.0,True
TRADE_8869CAC6D7ED,대교타운,영도구,봉래동1가,,,,,,0.0,1.0,1.0,3,,,,True,,,,,,,259000000.0,-0.0424710424710425,190000000.0,0.3052631578947369,0.0,True
TRADE_8875A1DACBD9,크로바A동,서구,서대신동3가,,,,,,0.0,0.0,0.0,3,,,,True,,,,,,,200000000.0,0.0,200000000.0,0.0,0.0,True
TRADE_8887240D2072,행복홈타운,수영구,광안동,,,,,,0.0,1.0,1.0,3,,,,True,,,,,,,438000000.0,0.0,322500000.0,0.35813953488372086,0.0,True
TRADE_889FA4797060,홍림써니빌,연제구,연산동,,,,,,0.0,0.0,1.0,1,,,,True,,,,,,,,,,,,
TRADE_88A52FE2AECD,구포동성가든타워,북구,구포동,,,,,,1.0,1.0,5.0,1,,,,True,,,,,,,,,,,,
TRADE_88CF0778D339,숭웅아트빌,부산진구,부암동,,,,,,0.0,0.0,0.0,2,,,,True,,,,,,,170000000.0,0.0,170000000.0,0.0,0.0,True
TRADE_88D7E9A53FEB,영진(5-56),부산진구,가야동,,,,,,0.0,0.0,1.0,1,,,,True,,,,,,,,,,,,
TRADE_88F351FD1915,더월드,사하구,괴정동,,,,,,0.0,0.0,0.0,1,,,,True,,,,,,,640000000.0,-0.375,400000000.0,0.0,0.0,True
TRADE_8904299C781E,그린힐타운A동,동래구,온천동,,,,,,0.0,0.0,0.0,2,,,,True,,,,,,,210000000.0,0.0,210000000.0,0.0,0.0,True
TRADE_8938E31D07F2,동경에이스,남구,대연동,,,,,,0.0,0.0,0.0,1,,,,True,,,,,,,210000000.0,-0.1428571428571429,175000000.0,0.02857142857142847,0.0,True
TRADE_89508EA9C1BB,태원,사상구,주례동,,,,,,0.0,1.0,1.0,3,,,,True,,,,,,,,,,,,
TRADE_896BB69D8074,배서티안타워,서구,서대신동3가,,,,,,0.0,0.0,1.0,1,,,,True,,,,,,,250000000.0,-0.12,220000000.0,0.0,0.0,True
TRADE_89769BBFBC19,제이스빌,영도구,대교동2가,,,,,,0.0,0.0,0.0,1,,,,True,,,,,,,,,,,,
TRADE_897EF43AF0E4,대웅그린빌리지,동래구,안락동,,,,,,0.0,0.0,0.0,1,,,,True,,,,,,,500000000.0,0.0,410000000.0,0.2195121951219512,0.0,True
TRADE_8986B5152758,서린에코빌아파트,기장군,기장읍동부리,,,,,,0.0,1.0,2.0,1,,,,True,,,,,,,,,,,,
TRADE_8987E2DCE9EB,구서건흥,금정구,구서동,,,,,,0.0,0.0,1.0,1,,,,True,,,,,,0.1499999999999999,280000000.0,-0.1785714285714286,200000000.0,0.1499999999999999,0.0,True
TRADE_89911D42EDF6,금일아트빌라,사하구,괴정동,,,,,,0.0,0.0,1.0,1,,,,True,,,,,,-0.2093023255813954,225000000.0,-0.24444444444444446,170000000.0,0.0,0.0,True
TRADE_89AED95DA318,부평,중구,부평동2가,,,,,,0.0,0.0,2.0,6,,,,True,,,,,,,,,,,,
TRADE_89B0E58DA8F1,초읍,부산진구,초읍동,,,,,,0.0,0.0,0.0,1,,,,True,,,,,,,,,,,,
TRADE_89C212290C26,글로리리치빌,남구,대연동,,,,,,2.0,2.0,3.0,3,,,,True,,240000000.0,9327523.25992227,,,0.04347826086956519,260000000.0,-0.07692307692307687,230000000.0,0.04347826086956519,2.0,True
TRADE_89DF8F73CAF9,오양,연제구,연산동,,,,,,0.0,0.0,1.0,2,,,,True,,,,,,,,,,,,
TRADE_89EA5C7F0E90,이음골든브릿지,북구,구포동,,,,,,0.0,0.0,0.0,1,,,,True,,,,,,,,,,,,
TRADE_89FD71EAC86F,한울시너스,동구,초량동,,,,,,0.0,0.0,1.0,3,,,,True,,,,,,,,,,,,
TRADE_8A4E71471F75,천양스카이빌,금정구,구서동,,,,,,0.0,0.0,0.0,1,,,,True,,,,,,,220000000.0,0.0,220000000.0,0.0,0.0,True
TRADE_8A5615C0F047,서광빌라트,연제구,연산동,,,,,,0.0,0.0,0.0,1,,,,True,,,,,,,,,,,,
TRADE_8A56B3EACC21,보수3차봄여름가을겨울,중구,보수동3가,,,,,,1.0,3.0,6.0,2,,,,True,,,,,,,,,,,,
TRADE_8A586066B05A,대림해운대빌라,해운대구,중동,,,,,,0.0,0.0,0.0,1,,,,True,,,,,,,,,,,,
TRADE_8A76F264E329,마마,사하구,당리동,,,,,,0.0,0.0,0.0,1,,,,True,,,,,,,,,,,,
TRADE_8A92DB6A89EE,에스더,동래구,낙민동,,,,,,0.0,0.0,0.0,1,,,,True,,,,,,,,,,,,
TRADE_8A9F364C2120,태경에버리치,동래구,온천동,,,,,,0.0,0.0,1.0,1,,,,True,,,,,,0.0,315000000.0,-0.2222222222222222,230000000.0,0.0652173913043479,0.0,True
TRADE_8AA14AD34FB6,충렬,동래구,안락동,,,,,,0.0,0.0,0.0,2,,,,True,,,,,,,,,,,,
TRADE_8AAB1EB54F07,유정,영도구,봉래동5가,,,,,,0.0,0.0,0.0,2,,,,True,,,,,,,,,,,,
TRADE_8AAE412C0441,해운,부산진구,가야동,,,,,,0.0,0.0,1.0,3,,,,True,,,,,,,,,,,,
TRADE_8AB7EDA48FB3,블루스카이빌(159-3),부산진구,초읍동,,,,,,1.0,1.0,1.0,2,,,,True,,,,,,,,,,,,
TRADE_8AB8FC7B511F,부흥3차,수영구,광안동,,,,,,0.0,0.0,0.0,4,,,,True,,,,,,,228000000.0,-0.23245614035087714,175000000.0,0.0,0.0,True
TRADE_8ABD94647E71,대근아트빌라,동구,좌천동,,,,,,0.0,0.0,0.0,2,,,,True,,,,,,,,,,,,
TRADE_8B213CCA2662,삼백크라시앙,금정구,부곡동,,,,,,1.0,2.0,4.0,1,,,,True,,260000000.0,10117924.528301887,0.13043478260869557,-0.07894736842105265,,267000000.0,-0.02621722846441943,230000000.0,0.13043478260869557,2.0,True
TRADE_8B2B743A8B28,대정파크빌,부산진구,개금동,,,,,,0.0,0.0,0.0,1,,,,True,,,,,,,,,,,,
TRADE_8B3747EB4D17,동서산장,동래구,온천동,,,,,,0.0,0.0,0.0,2,,,,True,,,,,,,200000000.0,0.0,139990000.0,0.4286734766769056,0.0,True
TRADE_8B3D48FC50F3,노블레스(764-11),사하구,괴정동,,,,,,0.0,0.0,1.0,1,,,,True,,,,,,,230000000.0,-0.15217391304347827,195000000.0,0.0,0.0,True
TRADE_8B7FF2B94D04,전원금강빌,연제구,연산동,,,,,,0.0,0.0,1.0,1,,,,True,,,,,,,250000000.0,-0.19999999999999996,200000000.0,0.0,0.0,True
TRADE_8B81851DF631,엘크루블루오션,강서구,명지동,,,,,,6.0,14.0,26.0,1,,,,True,,,,,,,,,,,,
TRADE_8B8529FBDEAE,대동맨션,서구,암남동,,,,,,0.0,0.0,0.0,1,,,,True,,,,,,,,,,,,
TRADE_8BBFE925023F,수호천사,사하구,괴정동,,,,,,1.0,2.0,5.0,2,,,,True,,,,,,,,,,,,
TRADE_8BD919B2CB17,금일아트빌,사하구,괴정동,,,,,,0.0,0.0,1.0,1,,,,True,,,,,,,235000000.0,0.0,235000000.0,0.0,0.0,True
TRADE_8BEACD46CEE3,영화맨션,금정구,구서동,,,,,,0.0,0.0,0.0,1,,,,True,,,,,,,341000000.0,0.0,294000000.0,0.15986394557823136,0.0,True
TRADE_8BEF09701542,범일역이즈팰리스,동구,범일동,,,,,,2.0,2.0,6.0,1,,,,True,,,,,,,,,,,,
TRADE_8C0ACF1AD441,동남하이츠맨션,해운대구,중동,,,,,,1.0,2.0,4.0,3,,,,True,,,,,,,750000000.0,0.0,567500000.0,0.3215859030837005,0.0,True
TRADE_8C1D0241BE75,파밀리아괘법3차,사상구,괘법동,,,,,,1.0,1.0,2.0,2,,,,True,,,,,,,,,,,,
TRADE_8C25E2FC231C,최신망미APT,수영구,망미동,,,,,,0.0,0.0,0.0,2,,,,True,,,,,,,,,,,,
TRADE_8C2C315A07F2,두산하이빌,사하구,당리동,,,,,,0.0,0.0,0.0,2,,,,True,,,,,,,,,,,,
TRADE_8C36E31C2DA6,디아이하우스,수영구,광안동,,,,,,0.0,0.0,2.0,1,,,,True,,,,,,,,,,,,
TRADE_8C381F051EB2,아이블리스,영도구,대교동2가,,,,,,0.0,0.0,5.0,2,,,,True,,,,,,,,,,,,
TRADE_8C382760734C,가람리버빌,사하구,괴정동,,,,,,0.0,0.0,1.0,2,,,,True,,,,,,,345000000.0,-0.25217391304347825,258000000.0,0.0,0.0,True
TRADE_8C56BECDE83B,남성하이빌,금정구,부곡동,,,,,,0.0,0.0,0.0,1,,,,True,,,,,,,,,,,,
TRADE_8C663D1F09F9,대성아파트,남구,대연동,,,,,,0.0,0.0,0.0,3,,,,True,,,,,,,,,,,,
TRADE_8CBE80276B7F,태경에버리치2차,동래구,온천동,,,,,,1.0,1.0,3.0,2,,,,True,,275000000.0,10684012.243936896,,,,288000000.0,-0.04513888888888884,275000000.0,0.0,1.0,True
TRADE_8D0E4F09C079,성연파크,연제구,연산동,,,,,,0.0,0.0,0.0,2,,,,True,,,,,,,,,,,,
TRADE_8D4AA7A032A3,영화,금정구,남산동,,,,,,0.0,0.0,0.0,1,,,,True,,,,,,,,,,,,
TRADE_8D698B8EE6A7,로얄스카이캐슬,중구,부평동4가,,,,,,3.0,4.0,7.0,1,,,,True,,,,,,,,,,,,
TRADE_8D712A10AD6A,동방(822-3),수영구,망미동,,,,,,0.0,1.0,1.0,1,,,,True,,,,,,,220000000.0,-0.15909090909090906,185000000.0,0.0,1.0,True
TRADE_8D71BBAA42AC,부일산호맨션,동래구,수안동,,,,,,0.0,0.0,0.0,2,,,,True,,,,,,,700000000.0,-0.3571428571428571,402500000.0,0.11801242236024834,0.0,True
TRADE_8D87D1BD5E2E,섬진1,사하구,하단동,,,,,,0.0,0.0,0.0,1,,,,True,,,,,,,300000000.0,-0.23333333333333328,210000000.0,0.09523809523809534,0.0,True
TRADE_8DD09A99E8D0,창광,연제구,연산동,,,,,,0.0,0.0,0.0,1,,,,True,,,,,,,,,,,,
TRADE_8DD2A5318310,한성맨션,영도구,봉래동5가,,,,,,0.0,0.0,0.0,3,,,,True,,,,,,,145000000.0,0.0,145000000.0,0.0,0.0,True
TRADE_8DDBBF531E8D,월드리빙필,동래구,온천동,,,,,,0.0,0.0,0.0,3,,,,True,,,,,,,,,,,,
TRADE_8DF58C9F63A2,더웰리스,사하구,감천동,,,,,,0.0,0.0,0.0,1,,,,True,,,,,,,220000000.0,-0.19545454545454544,177000000.0,0.0,0.0,True
TRADE_8DF9C7B3023D,신화코스탈빌라,해운대구,중동,,,,,,0.0,0.0,0.0,1,,,,True,,,,,,,,,,,,
TRADE_8E0292048AAD,(888-1),사하구,하단동,,,,,,0.0,0.0,1.0,2,,,,True,,,,,,,212000000.0,-0.089622641509434,193000000.0,0.0,0.0,True
TRADE_8E1047F6A21F,토명비취빌,수영구,광안동,,,,,,0.0,0.0,0.0,2,,,,True,,,,,,,316000000.0,0.0,280000000.0,0.12857142857142856,0.0,True
TRADE_8E2086CF6E03,로타리,수영구,광안동,,,,,,1.0,1.0,2.0,1,,,,True,,,,,,,,,,,,
TRADE_8E71514F97AF,신화하니엘더라임,동래구,온천동,,,,,,0.0,0.0,1.0,2,,,,True,,,,,,,,,,,,
TRADE_8E99C5BAA3C5,경우빌라,중구,대청동4가,,,,,,0.0,1.0,1.0,1,,,,True,,,,,,,,,,,,
TRADE_8EBAB6A47CF5,삼부,사하구,괴정동,,,,,,0.0,1.0,2.0,1,,,,True,,,,,,,,,,,,
TRADE_8EC65C5FC489,동양빌라,동구,초량동,,,,,,0.0,0.0,0.0,1,,,,True,,,,,,,,,,,,
TRADE_8EE4A653B013,어반오션시티,동구,범일동,,,,,,0.0,1.0,1.0,2,,,,True,,,,,,,,,,,,
TRADE_8EF01156154A,정광주택,북구,덕천동,,,,,,0.0,0.0,0.0,1,,,,True,,,,,,,,,,,,
TRADE_8EF0B7A7D8D7,신도,사하구,감천동,,,,,,0.0,0.0,1.0,1,,,,True,,,,,,,,,,,,
TRADE_8F0634F7B8B6,궁전스카이,동래구,사직동,,,,,,0.0,0.0,2.0,3,,,,True,,,,,,,338000000.0,-0.023668639053254448,285000000.0,0.1578947368421053,0.0,True
TRADE_8F33AC20CBD7,해성체르니아파트2차,금정구,남산동,,,,,,0.0,1.0,2.0,2,,,,True,,,,,0.1728395061728396,,205000000.0,-0.07317073170731703,162000000.0,0.1728395061728396,1.0,True
TRADE_8F36C89CC7D2,석산빌라9,금정구,구서동,,,,,,0.0,0.0,0.0,1,,,,True,,,,,,,,,,,,
TRADE_8F4FF98426FD,희재하이빌,금정구,부곡동,,,,,,0.0,0.0,0.0,1,,,,True,,,,,,,,,,,,
TRADE_8F629F1E3FC4,삼경,연제구,연산동,,,,,,0.0,0.0,0.0,2,,,,True,,,,,,,,,,,,
TRADE_8FA1FD466922,래미안포레스티지1단지(장전동),금정구,장전동,,,,,,3.0,4.0,5.0,2,,,,True,,947500000.0,36794257.048314914,0.024324324324324298,-0.04072745901639341,,976000000.0,-0.029200819672131173,925000000.0,0.024324324324324298,3.0,False
TRADE_8FB20FE99DC3,그린시티,사하구,하단동,,,,,,0.0,0.0,1.0,1,,,,True,,,,,,,,,,,,
TRADE_8FC9CC3A4B5B,개금동아이리스5차애비뉴,부산진구,개금동,,,,,,0.0,0.0,1.0,1,,,,True,,,,,,,,,,,,
TRADE_8FCAE0E637A3,센트럴파크빌라6차,기장군,기장읍대라리,,,,,,0.0,0.0,0.0,2,,,,True,,,,,,,150000000.0,-0.09333333333333338,133000000.0,0.022556390977443552,0.0,True
TRADE_8FD76D50B364,광남하이츠빌B동,사하구,다대동,,,,,,0.0,0.0,0.0,1,,,,True,,,,,,,200000000.0,0.0,198000000.0,0.010101010101010166,0.0,True
TRADE_8FE24FC94DFA,더블루원,동래구,온천동,,,,,,0.0,0.0,5.0,1,,,,True,,,,,,,,,,,,
TRADE_8FF1DDBD2167,송도맨션,서구,암남동,,,,,,0.0,0.0,1.0,1,,,,True,,,,,,,155000000.0,-0.15806451612903227,130500000.0,0.0,0.0,True
TRADE_90414D430C17,용마맨션,남구,용호동,,,,,,0.0,0.0,0.0,2,,,,True,,,,,,,,,,,,
TRADE_90510EDD2D66,장산하이츠빌라,해운대구,재송동,,,,,,0.0,1.0,1.0,2,,,,True,,,,,,,160000000.0,0.0,160000000.0,0.0,0.0,True
TRADE_9056B923E641,구서빌라2동,금정구,구서동,,,,,,0.0,0.0,0.0,1,,,,True,,,,,,,,,,,,
TRADE_906AB8734B27,세양리버빌라트,사하구,하단동,,,,,,0.0,0.0,1.0,1,,,,True,,,,,,0.034482758620689724,228000000.0,-0.07894736842105265,170000000.0,0.23529411764705888,0.0,True
TRADE_906D17F13876,월드밸리,중구,부평동2가,,,,,,0.0,0.0,0.0,3,,,,True,,,,,,,,,,,,
TRADE_907D0AC3162D,동백그린숲,동래구,온천동,,,,,,2.0,3.0,4.0,1,,,,True,,,,,,,,,,,,
TRADE_909A207C1BD1,오션스타,동구,초량동,,,,,,0.0,3.0,3.0,1,,,,True,,,,,,,,,,,,
TRADE_909EDC759425,센텀블루씨,해운대구,재송동,,,,,,0.0,0.0,0.0,3,,,,True,,,,,,,335000000.0,-0.15522388059701497,223000000.0,0.26905829596412567,0.0,True
TRADE_90A1616F9F5E,동양(302),남구,문현동,,,,,,0.0,0.0,1.0,2,,,,True,,,,,,,,,,,,
TRADE_90B1B4B55125,로얄캐슬,금정구,구서동,,,,,,0.0,0.0,0.0,1,,,,True,,,,,,,,,,,,
TRADE_90DDC6E358F8,동성아트B,남구,감만동,,,,,,0.0,0.0,0.0,1,,,,True,,,,,,,,,,,,
TRADE_90F6622B94DA,정도한스빌,기장군,일광읍이천리,,,,,,1.0,1.0,5.0,1,,,,True,,,,,,,,,,,,
TRADE_9101224A1348,남평N-CITY,동구,초량동,,,,,,0.0,3.0,6.0,1,,,,True,,,,,,,,,,,,
TRADE_910E67BAB592,기장에코하임6차,기장군,기장읍대라리,,,,,,0.0,0.0,0.0,2,,,,True,,,,,,,,,,,,
TRADE_9172A22A5A1E,아이리스힐,동래구,온천동,,,,,,0.0,0.0,0.0,1,,,,True,,,,,,,,,,,,
TRADE_91911ED5EF2F,온천아이브,금정구,장전동,,,,,,0.0,1.0,1.0,2,,,,True,,,,,,,,,,,,
TRADE_91933BCD55CA,일호센텀누리,연제구,연산동,,,,,,1.0,1.0,5.0,3,,,,True,,,,,,,,,,,,
TRADE_91BACA88EEFC,백산,부산진구,당감동,,,,,,0.0,1.0,5.0,4,,,,True,,,,,,,,,,,,
TRADE_91D2363E399D,헤리츠아파트,서구,토성동5가,,,,,,0.0,0.0,0.0,1,,,,True,,,,,,,300000000.0,-0.10666666666666669,237000000.0,0.13080168776371304,0.0,True
TRADE_91D73D8EEC68,킴스힐타워,연제구,연산동,,,,,,0.0,0.0,2.0,1,,,,True,,,,,,,,,,,,
TRADE_91D826C35936,일동파크맨션,북구,덕천동,,,,,,0.0,0.0,0.0,3,,,,True,,,,,,,,,,,,
TRADE_921B141EF70C,노블파크,연제구,거제동,,,,,,1.0,1.0,3.0,1,,,,True,,,,,,,,,,,,
TRADE_9220E11F9CE9,소호(7동),북구,덕천동,,,,,,0.0,0.0,0.0,2,,,,True,,,,,,,,,,,,
TRADE_923A58BFD76B,삼부본동,부산진구,부암동,,,,,,0.0,1.0,1.0,2,,,,True,,,,,,,,,,,,
TRADE_924B1EA84CE9,안락시영(충렬),동래구,명장동,,,,,,0.0,0.0,0.0,1,,,,True,,,,,,,,,,,,
TRADE_925266D987CD,용진스타티스7차,동래구,온천동,,,,,,0.0,0.0,0.0,1,,,,True,,,,,,,,,,,,
TRADE_927EC147DC72,오페라하우스,북구,만덕동,,,,,,0.0,0.0,0.0,1,,,,True,,,,,,,160000000.0,0.0,160000000.0,0.0,0.0,True
TRADE_92B589E6AA6F,송암파크빌,서구,암남동,,,,,,2.0,2.0,2.0,2,,,,True,,240000000.0,9883938.599775365,,,,240000000.0,0.0,235000000.0,0.02127659574468077,1.0,True
TRADE_92B97286386D,스타파크아파트,서구,토성동2가,,,,,,0.0,0.0,0.0,1,,,,True,,,,,,,,,,,,
TRADE_9320BAE5E249,영동힐타운,사하구,하단동,,,,,,1.0,1.0,1.0,2,,,,True,,188000000.0,7577867.350677903,,,-0.12558139534883717,225000000.0,-0.1644444444444444,188000000.0,0.0,1.0,True
TRADE_933B4A8E707D,동환빌라트,금정구,구서동,,,,,,0.0,0.0,0.0,1,,,,True,,,,,,,,,,,,
TRADE_936FF16F36CD,유성빌라,동래구,사직동,,,,,,0.0,0.0,0.0,1,,,,True,,,,,,,,,,,,
TRADE_938C680F9FC6,태석102동,해운대구,우동,,,,,,0.0,0.0,0.0,3,,,,True,,,,,,,,,,,,
TRADE_938DE214F1E7,기장마르빌,기장군,기장읍대라리,,,,,,0.0,0.0,0.0,2,,,,True,,,,,,,140000000.0,0.0,100000000.0,0.3999999999999999,0.0,True
TRADE_93A3497B08FA,수강드림빌라드,연제구,연산동,,,,,,0.0,0.0,2.0,2,,,,True,,,,,,,195000000.0,0.0,155000000.0,0.25806451612903225,0.0,True
TRADE_93A350C66062,비룡벨로스텔라,영도구,동삼동,,,,,,0.0,0.0,1.0,3,,,,True,,,,,,,,,,,,
TRADE_93ACE04B8DB0,태창빌라,수영구,수영동,,,,,,0.0,0.0,2.0,1,,,,True,,,,,,,,,,,,
TRADE_93B0CACA5C8F,석탑빌,연제구,연산동,,,,,,0.0,0.0,1.0,1,,,,True,,,,,,,220000000.0,-0.09090909090909094,195000000.0,0.02564102564102555,0.0,True
TRADE_93B10921C5F4,화성빌라트,부산진구,양정동,,,,,,0.0,0.0,0.0,1,,,,True,,,,,,,,,,,,
TRADE_93CBFB568522,크로바B동,서구,서대신동3가,,,,,,0.0,0.0,0.0,1,,,,True,,,,,,,217000000.0,0.0,205000000.0,0.05853658536585371,0.0,True
TRADE_942C40D51515,삼흥골드빌,남구,대연동,,,,,,0.0,0.0,0.0,3,,,,True,,,,,,,232500000.0,-0.053763440860215006,220000000.0,0.0,0.0,True
TRADE_94378180F4D1,향원부평타워,중구,부평동4가,,,,,,0.0,0.0,0.0,2,,,,True,,,,,,,185000000.0,0.0,185000000.0,0.0,0.0,True
TRADE_9447F17B05C0,수정(1173-3),동구,수정동,,,,,,0.0,0.0,0.0,1,,,,True,,,,,,,,,,,,
TRADE_945DF7C08AB3,경원프라우드-2,부산진구,전포동,,,,,,1.0,1.0,3.0,2,,,,True,,,,,,,,,,,,
TRADE_946BDA79047F,베스안하우스,동구,수정동,,,,,,0.0,0.0,1.0,1,,,,True,,,,,,,,,,,,
TRADE_947BA4DC6934,청산빌라,금정구,청룡동,,,,,,0.0,0.0,0.0,1,,,,True,,,,,,,200000000.0,0.0,200000000.0,0.0,0.0,True
TRADE_9483DEA2B20B,더블루,부산진구,개금동,,,,,,0.0,0.0,2.0,1,,,,True,,,,,,,,,,,,
TRADE_949398D5356C,누원아트빌,수영구,광안동,,,,,,0.0,0.0,0.0,3,,,,True,,,,,,,,,,,,
TRADE_94A8E2EF1A38,한국빌라,서구,동대신동2가,,,,,,0.0,0.0,0.0,1,,,,True,,,,,,,,,,,,
TRADE_94F840638322,우일빌라,연제구,연산동,,,,,,0.0,0.0,1.0,1,,,,True,,,,,,,,,,,,
TRADE_950CBCF97FD6,보인빌라,동래구,온천동,,,,,,0.0,0.0,1.0,2,,,,True,,,,,,,250000000.0,0.0,205000000.0,0.2195121951219512,0.0,True
TRADE_95297754F10E,송도태경시티빌,서구,암남동,,,,,,0.0,0.0,0.0,1,,,,True,,,,,,,240000000.0,0.0,240000000.0,0.0,0.0,True
TRADE_9547F151FA60,태건빌리지,동래구,온천동,,,,,,0.0,0.0,0.0,1,,,,True,,,,,,,300000000.0,0.0,245000000.0,0.22448979591836737,0.0,True
TRADE_9548BE24DE76,태성캐슬,금정구,구서동,,,,,,0.0,3.0,4.0,1,,,,True,,,,,,,,,,,,
TRADE_957C1B2ED811,상림팰리스빌,해운대구,중동,,,,,,0.0,0.0,1.0,1,,,,True,,,,,,,,,,,,
TRADE_95C9A88B92CB,삼안리젠시3,해운대구,중동,,,,,,0.0,0.0,0.0,1,,,,True,,,,,,,,,,,,
TRADE_95CA83CFBBF6,페로스타워,영도구,봉래동2가,,,,,,0.0,0.0,0.0,1,,,,True,,,,,,,206000000.0,0.0,206000000.0,0.0,0.0,True
TRADE_95EC9CEB3810,새동림,사하구,당리동,,,,,,0.0,0.0,0.0,3,,,,True,,,,,,,333000000.0,0.0,270000000.0,0.2333333333333334,0.0,True
TRADE_95F4BAF71289,센텀캐슬,해운대구,재송동,,,,,,0.0,0.0,1.0,2,,,,True,,,,,,,,,,,,
TRADE_9663751B823E,우암대진,남구,우암동,,,,,,0.0,1.0,2.0,2,,,,True,,,,,,,,,,,,
TRADE_96887EE990BC,이담채,해운대구,송정동,,,,,,0.0,0.0,0.0,1,,,,True,,,,,,,,,,,,
TRADE_9697A269ACC8,태림맨션,동래구,온천동,,,,,,0.0,0.0,2.0,2,,,,True,,,,,,,,,,,,
TRADE_969C35AF7F9F,로얄팰리스,금정구,청룡동,,,,,,0.0,0.0,0.0,2,,,,True,,,,,,,,,,,,
TRADE_96BBC7F44344,주원,남구,대연동,,,,,,0.0,0.0,1.0,1,,,,True,,,,,,,,,,,,
TRADE_96C3ADB9F054,범일역삼정그린코아더시티,동구,범일동,,,,,,0.0,0.0,0.0,1,,,,True,,,,,,,,,,,,
TRADE_9740D1A7592A,명품블루파크,연제구,연산동,,,,,,0.0,2.0,2.0,1,,,,True,,,,,,,,,,,,
TRADE_975F1EEBDC8D,조일그랜져타운,부산진구,범천동,,,,,,0.0,0.0,0.0,1,,,,True,,,,,,,240000000.0,0.0,180000000.0,0.33333333333333326,0.0,True
TRADE_9760F8E6DA17,덕인디오네빌,부산진구,연지동,,,,,,0.0,1.0,2.0,1,,,,True,,,,,,,,,,,,
TRADE_976484110898,동양팰리스,부산진구,전포동,,,,,,1.0,2.0,4.0,2,,,,True,,,,,,,,,,,,
TRADE_976A33082757,나경위너스,금정구,부곡동,,,,,,0.0,0.0,0.0,1,,,,True,,,,,,,,,,,,
TRADE_977BE8DA5CD7,진흥하늘이,연제구,거제동,,,,,,1.0,1.0,2.0,1,,,,True,,385000000.0,14957687.580351213,,0.14925373134328357,-0.06493506493506496,385000000.0,0.0,260000000.0,0.48076923076923084,1.0,True
TRADE_9782D4985FF3,시영,부산진구,가야동,,,,,,1.0,1.0,5.0,1,,,,True,,,,,,,,,,,,
TRADE_978EDDEB9497,한아름,금정구,남산동,,,,,,0.0,0.0,1.0,2,,,,True,,,,,,,,,,,,
TRADE_97927D5CCF99,동진,영도구,봉래동2가,,,,,,0.0,1.0,1.0,3,,,,True,,,,,,,,,,,,
TRADE_97A5FFA0C8F8,광남,수영구,남천동,,,,,,0.0,0.0,0.0,2,,,,True,,,,,,,280000000.0,0.0,280000000.0,0.0,0.0,True
TRADE_97B0AA2C125B,장림대동맨션,사하구,장림동,,,,,,0.0,1.0,3.0,3,,,,True,,,,,0.04347826086956519,-0.00303030303030305,183500000.0,-0.08446866485013627,138500000.0,0.21299638989169667,1.0,True
TRADE_97C5836A972D,영화,부산진구,개금동,,,,,,0.0,0.0,0.0,1,,,,True,,,,,,,,,,,,
TRADE_97C597A5D04C,연산스카이힐,연제구,연산동,,,,,,1.0,2.0,4.0,3,,,,True,,,,,,,,,,,,
TRADE_97FDD5699FE1,보성하이츠빌라2차,연제구,연산동,,,,,,0.0,0.0,1.0,2,,,,True,,,,,,,,,,,,
TRADE_98182C5D6E7D,나경빌라3동,금정구,청룡동,,,,,,0.0,0.0,0.0,1,,,,True,,,,,,,340000000.0,0.0,340000000.0,0.0,0.0,True
TRADE_981DADC60BEC,신춘하나빌,해운대구,우동,,,,,,0.0,0.0,1.0,1,,,,True,,,,,,,400000000.0,-0.21250000000000002,297000000.0,0.06060606060606055,0.0,True
TRADE_981E7E8F732E,더베이하우스,남구,용호동,,,,,,0.0,0.0,1.0,2,,,,True,,,,,,,,,,,,
TRADE_9858D38EB19D,신화시티빌,연제구,연산동,,,,,,0.0,0.0,0.0,2,,,,True,,,,,,,230000000.0,-0.13043478260869568,200000000.0,0.0,0.0,True
TRADE_985B95BE0059,대웅맨션,수영구,민락동,,,,,,0.0,0.0,0.0,1,,,,True,,,,,,,,,,,,
TRADE_9863D382F087,청우빌리지,동래구,수안동,,,,,,0.0,0.0,0.0,1,,,,True,,,,,,,188500000.0,-0.018567639257294433,185000000.0,0.0,0.0,True
TRADE_988E53C8F50A,대신강변타워,동래구,명륜동,,,,,,0.0,0.0,0.0,1,,,,True,,,,,,,325000000.0,0.0,248000000.0,0.310483870967742,0.0,True
TRADE_98A636F34C56,미르빌,연제구,거제동,,,,,,0.0,0.0,0.0,1,,,,True,,,,,,,272000000.0,0.0,243000000.0,0.11934156378600824,0.0,True
TRADE_98BA2687FFBE,더샵골드6,부산진구,전포동,,,,,,1.0,3.0,4.0,2,,,,True,,,,,,,,,,,,
TRADE_98C071185655,병산프리덤,수영구,민락동,,,,,,0.0,0.0,2.0,2,,,,True,,,,,,,335000000.0,0.0,300000000.0,0.1166666666666667,0.0,True
TRADE_98D3659CE9FC,하림빌라트,동래구,온천동,,,,,,0.0,0.0,0.0,1,,,,True,,,,,,,,,,,,
TRADE_99028EB727AF,새한빌리지,남구,대연동,,,,,,0.0,0.0,0.0,1,,,,True,,,,,,,233000000.0,-0.03862660944206009,224000000.0,0.0,0.0,True
TRADE_992462CBF058,삼진빌라(481-8),금정구,남산동,,,,,,0.0,0.0,0.0,2,,,,True,,,,,,,190000000.0,-0.11578947368421055,168000000.0,0.0,0.0,True
TRADE_993DC0ACC63C,대신빌라(631-11),금정구,청룡동,,,,,,0.0,0.0,0.0,2,,,,True,,,,,,,,,,,,
TRADE_9941D469EE25,두꺼비맨션,사하구,하단동,,,,,,0.0,1.0,1.0,1,,,,True,,,,,,,,,,,,
TRADE_994E22344644,동경쉐르빌102동,동래구,온천동,,,,,,0.0,0.0,1.0,3,,,,True,,,,,,,363000000.0,-0.2148760330578512,285000000.0,0.0,0.0,True
TRADE_997D434950D1,삼흥토인월드,수영구,광안동,,,,,,0.0,1.0,1.0,2,,,,True,,,,,,,,,,,,
TRADE_9993F334273A,남천시티빌,수영구,남천동,,,,,,0.0,0.0,1.0,1,,,,True,,,,,,,450000000.0,-0.0444444444444444,377000000.0,0.14058355437665782,0.0,True
TRADE_999EACA68604,해림아파트비이동,북구,화명동,,,,,,0.0,0.0,0.0,1,,,,True,,,,,,,168000000.0,0.0,159000000.0,0.05660377358490565,0.0,True
TRADE_99FE36EE9342,양산맨션,남구,문현동,,,,,,0.0,0.0,0.0,2,,,,True,,,,,,,,,,,,
TRADE_99FE97539511,로얄하임,남구,용호동,,,,,,0.0,0.0,0.0,1,,,,True,,,,,,,260000000.0,0.0,235000000.0,0.1063829787234043,0.0,True
TRADE_9A04BFD77164,청운아파트2동,중구,영주동,,,,,,0.0,0.0,0.0,1,,,,True,,,,,,,,,,,,
TRADE_9A45C978F639,미금기찰빌라,북구,덕천동,,,,,,0.0,0.0,2.0,1,,,,True,,,,,,,,,,,,
TRADE_9A4945EF5230,다온미즈,금정구,서동,,,,,,0.0,0.0,1.0,1,,,,True,,,,,,,,,,,,
TRADE_9A5B65727F45,우석쉐르빌,동래구,온천동,,,,,,0.0,0.0,1.0,3,,,,True,,,,,,,,,,,,
TRADE_9A79B5B1A67E,가화랜드빌5차,기장군,기장읍대라리,,,,,,0.0,1.0,1.0,2,,,,True,,,,,,,,,,,,
TRADE_9A8ECA385BEF,에스케이드림피아,연제구,연산동,,,,,,1.0,1.0,1.0,1,,,,True,,,,,,,,,,,,
TRADE_9AA930034D07,광우파크,사상구,주례동,,,,,,0.0,1.0,1.0,1,,,,True,,,,,,,,,,,,
TRADE_9AAC2285A296,연산재건,연제구,연산동,,,,,,0.0,1.0,2.0,3,,,,True,,,,,,,,,,,,
TRADE_9AD6740D73BF,국제아트빌A,남구,대연동,,,,,,0.0,0.0,0.0,1,,,,True,,,,,,,250000000.0,0.0,250000000.0,0.0,0.0,True
TRADE_9AF6D5E4609A,포세이돈,연제구,연산동,,,,,,0.0,0.0,1.0,1,,,,True,,,,,,,,,,,,
TRADE_9B4CD56CDA2A,광남하이츠빌라A동,사하구,다대동,,,,,,0.0,0.0,0.0,1,,,,True,,,,,,,206000000.0,0.0,206000000.0,0.0,0.0,True
TRADE_9B674BCF7C10,대성아르빌,중구,보수동2가,,,,,,0.0,0.0,2.0,1,,,,True,,,,,,,,,,,,
TRADE_9B716C7CEBD8,태린비주펠리스,사하구,감천동,,,,,,0.0,0.0,3.0,2,,,,True,,,,,,,,,,,,
TRADE_9B74AEC6E5E5,대흥타워,금정구,청룡동,,,,,,0.0,0.0,0.0,1,,,,True,,,,,,,190000000.0,0.0,150000000.0,0.2666666666666666,0.0,True
TRADE_9B7C513B5FB7,로터스빌리지,연제구,연산동,,,,,,1.0,1.0,2.0,1,,,,True,,,,,,,,,,,,
TRADE_9B83C3113099,풍전,해운대구,반송동,,,,,,0.0,1.0,1.0,2,,,,True,,,,,,,,,,,,
TRADE_9B9D9E7456CC,예그린숲,사하구,괴정동,,,,,,0.0,0.0,3.0,3,,,,True,,,,,,,300000000.0,-0.026666666666666616,271000000.0,0.07749077490774914,0.0,True
TRADE_9BA9E294839D,동남파크나,동래구,명장동,,,,,,0.0,0.0,0.0,1,,,,True,,,,,,,,,,,,
TRADE_9BD3D9A4E272,전원덕수궁빌,연제구,연산동,,,,,,0.0,0.0,0.0,1,,,,True,,,,,,,190000000.0,0.0,170000000.0,0.11764705882352944,0.0,True
TRADE_9BD5E04AECFA,성원빌라트,남구,대연동,,,,,,0.0,0.0,0.0,1,,,,True,,,,,,,,,,,,
TRADE_9BDC14CEDFE0,영림로즈빌,부산진구,가야동,,,,,,1.0,2.0,2.0,1,,,,True,,,,,,,,,,,,
TRADE_9BE0A9F24AB0,양정해광빌리지,부산진구,양정동,,,,,,0.0,0.0,0.0,1,,,,True,,,,,,,,,,,,
TRADE_9C0554838108,서광골드타워,해운대구,우동,,,,,,0.0,0.0,0.0,2,,,,True,,,,,,,1050000000.0,-0.09523809523809523,695000000.0,0.3669064748201438,0.0,True
TRADE_9C0FDCD377CF,벽송,금정구,구서동,,,,,,1.0,1.0,3.0,3,,,,True,,173000000.0,6735488.437942425,,0.01764705882352935,-0.12051282051282053,230000000.0,-0.24782608695652175,170000000.0,0.01764705882352935,1.0,True
TRADE_9C5853964804,명륜동위너비타,동래구,명륜동,,,,,,1.0,1.0,5.0,3,,,,True,,,,,,,263500000.0,-0.05123339658444026,210000000.0,0.19047619047619047,0.0,True
TRADE_9C58CC5690C2,진성,부산진구,가야동,,,,,,0.0,0.0,1.0,2,,,,True,,,,,,,245000000.0,-0.18367346938775508,130000000.0,0.5384615384615385,0.0,True
TRADE_9C5D32E83012,광안타워,수영구,광안동,,,,,,0.0,0.0,0.0,1,,,,True,,,,,,,320000000.0,-0.0625,300000000.0,0.0,0.0,True
TRADE_9C701B9BEE07,동남파크다,동래구,명장동,,,,,,0.0,0.0,0.0,1,,,,True,,,,,,,,,,,,
TRADE_9C75AE64C93A,영화,금정구,부곡동,,,,,,0.0,0.0,0.0,2,,,,True,,,,,,,,,,,,
TRADE_9C77BCBC9E06,백양,부산진구,부암동,,,,,,0.0,0.0,0.0,2,,,,True,,,,,,,115000000.0,0.0,72000000.0,0.5972222222222223,0.0,True
TRADE_9C7FC051D21D,한울비치빌,수영구,민락동,,,,,,0.0,0.0,0.0,2,,,,True,,,,,,,,,,,,
TRADE_9CA4ABCBAB33,더퍼스트아파트,영도구,대교동2가,,,,,,0.0,0.0,0.0,2,,,,True,,,,,,,,,,,,
TRADE_9CAA44AE0D44,시영,중구,보수동1가,,,,,,1.0,1.0,2.0,1,,,,True,,,,,,,,,,,,
TRADE_9CBFA1AB61E9,봉황주택,영도구,동삼동,,,,,,0.0,0.0,0.0,3,,,,True,,,,,,,185000000.0,0.0,155000000.0,0.19354838709677424,0.0,True
TRADE_9D19E84E1BE8,동아해운대빌라,해운대구,중동,,,,,,0.0,0.0,0.0,1,,,,True,,,,,,,,,,,,
TRADE_9D1A53D0CA95,세진비치빌라,수영구,광안동,,,,,,0.0,0.0,1.0,2,,,,True,,,,,,,500000000.0,-0.28,279000000.0,0.29032258064516125,0.0,True
TRADE_9D699437D1BF,벽송수피아,부산진구,초읍동,,,,,,0.0,0.0,0.0,1,,,,True,,,,,,,,,,,,
TRADE_9D8E34C5027D,금정맨션,금정구,장전동,,,,,,1.0,1.0,3.0,2,,,,True,,160000000.0,6389157.792836398,,-0.12806539509536785,,220000000.0,-0.2727272727272727,160000000.0,0.0,1.0,True
TRADE_9DBF52E92F37,부광아트빌,금정구,서동,,,,,,0.0,0.0,0.0,1,,,,True,,,,,,,,,,,,
TRADE_9DD46019E617,송천,서구,서대신동3가,,,,,,0.0,0.0,1.0,2,,,,True,,,,,,,,,,,,
TRADE_9DE88A60D605,금보맨션,수영구,광안동,,,,,,0.0,0.0,1.0,1,,,,True,,,,,,,,,,,,
TRADE_9E23FF76CB6B,문현파크,남구,문현동,,,,,,0.0,0.0,2.0,1,,,,True,,,,,,,,,,,,
TRADE_9E2561D30EC3,동부스타빌라,해운대구,중동,,,,,,0.0,0.0,0.0,1,,,,True,,,,,,,,,,,,
TRADE_9E91BB9611EC,남경,부산진구,개금동,,,,,,0.0,0.0,0.0,1,,,,True,,,,,,,,,,,,
TRADE_9E965362EEE4,삼현,북구,구포동,,,,,,0.0,1.0,1.0,1,,,,True,,,,,,,,,,,,
TRADE_9E968C9BE9C4,동광하이빌(106),부산진구,전포동,,,,,,0.0,0.0,1.0,2,,,,True,,,,,,,200000000.0,0.0,200000000.0,0.0,0.0,True
TRADE_9EB52BD2934B,삼성파크,금정구,구서동,,,,,,0.0,1.0,4.0,3,,,,True,,,,,,,,,,,,
TRADE_9EC0860CFAA7,하단에덴,사하구,하단동,,,,,,0.0,0.0,2.0,1,,,,True,,,,,,-0.1284722222222222,170000000.0,-0.1588235294117647,108000000.0,0.3240740740740742,0.0,True
TRADE_9EC584793415,창신맨션,해운대구,반여동,,,,,,0.0,0.0,0.0,3,,,,True,,,,,,,,,,,,
TRADE_9F41B9298DCC,향양,금정구,부곡동,,,,,,0.0,0.0,1.0,1,,,,True,,,,,,,,,,,,
TRADE_9F4A7AE04C29,명선하이츠,동래구,명장동,,,,,,0.0,0.0,0.0,1,,,,True,,,,,,,280000000.0,0.0,230000000.0,0.21739130434782616,0.0,True
TRADE_9F65D3D81428,성림,부산진구,초읍동,,,,,,0.0,0.0,0.0,2,,,,True,,,,,,,230000000.0,0.0,230000000.0,0.0,0.0,True
TRADE_9F688BEC0332,좌천시민(737-1),동구,좌천동,,,,,,0.0,1.0,4.0,1,,,,True,,,,,,,,,,,,
TRADE_9F70E5E4D357,태건아트빌,동래구,온천동,,,,,,0.0,0.0,0.0,2,,,,True,,,,,,,170000000.0,0.0,170000000.0,0.0,0.0,True
TRADE_9F82EB75AA6F,미소지움아파트,중구,영주동,,,,,,0.0,2.0,2.0,1,,,,True,,,,,,,,,,,,
TRADE_9F936EB0BDC9,에덴빌리지,사하구,하단동,,,,,,0.0,0.0,0.0,1,,,,True,,,,,,,250000000.0,0.0,147000000.0,0.7006802721088434,0.0,True
TRADE_9F940BC3D3A8,민송베른시티,서구,남부민동,,,,,,0.0,0.0,1.0,1,,,,True,,,,,,0.02006688963210701,330000000.0,-0.0757575757575758,283000000.0,0.07773851590106018,0.0,True
TRADE_9FA239102B9D,현대캐스빌,사하구,괴정동,,,,,,0.0,1.0,1.0,2,,,,True,,,,,,-0.1216216216216216,148000000.0,-0.1216216216216216,130000000.0,0.0,1.0,True
TRADE_9FAB34F0FDAF,청명골드타워,동구,초량동,,,,,,0.0,1.0,1.0,1,,,,True,,,,,,-0.2692307692307693,260000000.0,-0.2692307692307693,190000000.0,0.0,1.0,True
TRADE_9FCDC949D87B,초원,부산진구,양정동,,,,,,0.0,0.0,1.0,1,,,,True,,,,,,,,,,,,
TRADE_9FE1FA2E0C9B,선경시티빌,동래구,온천동,,,,,,0.0,1.0,1.0,1,,,,True,,,,,,,,,,,,
TRADE_9FF96C595500,무지개,사하구,감천동,,,,,,0.0,0.0,0.0,3,,,,True,,,,,,,,,,,,
TRADE_A0114A70BF6E,성우스카이뷰,수영구,광안동,,,,,,0.0,0.0,0.0,2,,,,True,,,,,,,,,,,,
TRADE_A037109629C1,스카이파크2차,해운대구,중동,,,,,,0.0,0.0,0.0,2,,,,True,,,,,,,,,,,,
TRADE_A0515BB445F0,원우,영도구,청학동,,,,,,0.0,0.0,0.0,2,,,,True,,,,,,,,,,,,
TRADE_A05D49AA70A8,부곡동프리미엄안단테아파트,금정구,부곡동,,,,,,1.0,1.0,4.0,3,,,,True,,,,,,,,,,,,
TRADE_A06270190971,건흥,금정구,남산동,,,,,,0.0,0.0,0.0,1,,,,True,,,,,,,252000000.0,-0.12698412698412698,220000000.0,0.0,0.0,True
TRADE_A06EFE50BA3A,시티하임3차,동래구,온천동,,,,,,1.0,1.0,1.0,1,,,,True,,,,,,,,,,,,
TRADE_A08F7F421462,서해재송,해운대구,재송동,,,,,,0.0,0.0,1.0,3,,,,True,,,,,,,210000000.0,-0.38095238095238093,130000000.0,0.0,0.0,True
TRADE_A092B4BA0D08,대영아르피나,동구,초량동,,,,,,0.0,0.0,2.0,1,,,,True,,,,,,,,,,,,
TRADE_A0EE918E5CB9,팰리스타워,부산진구,초읍동,,,,,,0.0,0.0,0.0,1,,,,True,,,,,,,,,,,,
TRADE_A10B51D0E6B2,남도그린빌라,동래구,온천동,,,,,,0.0,0.0,0.0,1,,,,True,,,,,,,,,,,,
TRADE_A130B2C2EE4E,디마크하우스,해운대구,중동,,,,,,0.0,0.0,0.0,1,,,,True,,,,,,,,,,,,
TRADE_A146D8EA1DB5,보해이브빌,부산진구,전포동,,,,,,1.0,1.0,1.0,1,,,,True,,252000000.0,9842584.921292461,,,,325000000.0,-0.22461538461538466,252000000.0,0.0,1.0,True
TRADE_A1729E8D8EEB,제이스힐타워,영도구,남항동1가,,,,,,1.0,1.0,2.0,1,,,,True,,,,,,,,,,,,
TRADE_A17D6FF366F2,오성빌라트,동래구,복천동,,,,,,0.0,1.0,1.0,2,,,,True,,,,,,,,,,,,
TRADE_A1916CDF3CE5,양지코쿤,부산진구,부전동,,,,,,0.0,0.0,0.0,2,,,,True,,,,,,,,,,,,
TRADE_A1A70E4116B6,동남,남구,대연동,,,,,,0.0,0.0,0.0,1,,,,True,,,,,,,200000000.0,-0.35,130000000.0,0.0,0.0,True
TRADE_A1AD6C65A77F,신양(614-2),부산진구,개금동,,,,,,0.0,0.0,0.0,2,,,,True,,,,,,,,,,,,
TRADE_A1C8C492D7FF,대신메트로빌,서구,서대신동2가,,,,,,0.0,0.0,0.0,1,,,,True,,,,,,,267000000.0,-0.0337078651685393,220000000.0,0.17272727272727262,0.0,True
TRADE_A1DA91EF2A4E,위클라우드4차,금정구,부곡동,,,,,,0.0,0.0,0.0,2,,,,True,,,,,,,,,,,,
TRADE_A1F148D8AA97,스타파크,부산진구,범천동,,,,,,1.0,1.0,3.0,3,,,,True,,,,,,,,,,,,
TRADE_A204D7B0921D,동양(706-2),연제구,연산동,,,,,,0.0,0.0,2.0,1,,,,True,,,,,,,417000000.0,-0.28057553956834536,300000000.0,0.0,0.0,True
TRADE_A207D40DD568,부일에코캐슬,수영구,광안동,,,,,,0.0,0.0,0.0,1,,,,True,,,,,,,,,,,,
TRADE_A20DEB697FF7,동래센트리움아파트,동래구,수안동,,,,,,0.0,0.0,1.0,1,,,,True,,,,,,,,,,,,
TRADE_A20F528C6879,주명아파트B동,기장군,기장읍대라리,,,,,,1.0,1.0,1.0,1,,,,True,,,,,,,,,,,,
TRADE_A216FF32D655,한진스카이뷰,금정구,구서동,,,,,,0.0,0.0,0.0,1,,,,True,,,,,,,,,,,,
TRADE_A21D49509D04,위클라우드1,금정구,구서동,,,,,,0.0,0.0,0.0,1,,,,True,,,,,,,,,,,,
TRADE_A23CEAEF7BBE,당리빌타운,사하구,당리동,,,,,,0.0,0.0,0.0,1,,,,True,,,,,,,,,,,,
TRADE_A241087172A9,영원베네스트아파트,사하구,괴정동,,,,,,0.0,0.0,2.0,3,,,,True,,,,,,,,,,,,
TRADE_A2517760ED5E,명승명가,금정구,구서동,,,,,,1.0,1.0,3.0,2,,,,True,,195000000.0,7575935.954791618,,-0.15217391304347827,-0.18367346938775508,260000000.0,-0.25,180000000.0,0.08333333333333326,1.0,True
TRADE_A282FB91B0FE,명진,금정구,구서동,,,,,,0.0,0.0,0.0,2,,,,True,,,,,,,,,,,,
TRADE_A28A01D34B29,송도삼정비치맨션,서구,암남동,,,,,,0.0,1.0,2.0,3,,,,True,,,,,,,,,,,,
TRADE_A2A13529F179,금계빌라트,금정구,부곡동,,,,,,0.0,0.0,0.0,1,,,,True,,,,,,,235000000.0,-0.12765957446808507,205000000.0,0.0,0.0,True
TRADE_A2AED2291B0C,성우맨션,해운대구,중동,,,,,,0.0,1.0,3.0,3,,,,True,,,,,,,,,,,,
TRADE_A2B5E4550193,지영아이니드빌,동래구,온천동,,,,,,0.0,1.0,4.0,1,,,,True,,,,,0.31914893617021267,,320000000.0,-0.03125,230000000.0,0.34782608695652173,1.0,True
TRADE_A2CF23FA6C0C,토성파크아파트,서구,토성동1가,,,,,,0.0,0.0,0.0,1,,,,True,,,,,,,,,,,,
TRADE_A2EC34833E46,에스엔디파인빌,부산진구,부전동,,,,,,1.0,3.0,6.0,1,,,,True,,,,,,,,,,,,
TRADE_A2FC176B4B8C,성우아파트,북구,덕천동,,,,,,0.0,0.0,2.0,1,,,,True,,,,,,,,,,,,
TRADE_A33D1D792DFF,금정빌리지,금정구,부곡동,,,,,,0.0,0.0,0.0,1,,,,True,,,,,,,249000000.0,0.0,249000000.0,0.0,0.0,True
TRADE_A35AF7AF079E,위클라우드16차,금정구,부곡동,,,,,,0.0,1.0,2.0,1,,,,True,,,,,,,,,,,,
TRADE_A370127370D5,아름빌103동,동구,범일동,,,,,,0.0,0.0,0.0,1,,,,True,,,,,,,,,,,,
TRADE_A3891188AF98,동성맨션,남구,대연동,,,,,,0.0,0.0,0.0,2,,,,True,,,,,,,,,,,,
TRADE_A38B1863ADFC,동천맨션,남구,문현동,,,,,,1.0,1.0,2.0,1,,,,True,,,,,,,,,,,,
TRADE_A3B081447F9A,동이라메르,동구,초량동,,,,,,0.0,2.0,3.0,2,,,,True,,,,,,,,,,,,
TRADE_A3D979B83C6F,대진에이스빌,부산진구,부암동,,,,,,0.0,0.0,0.0,1,,,,True,,,,,,,,,,,,
TRADE_A3E2320A5052,화신,영도구,청학동,,,,,,1.0,1.0,3.0,4,,,,True,,,,,,,155000000.0,-0.22580645161290325,120000000.0,0.0,0.0,True
TRADE_A3EA99984BF2,광안지음주상복합,수영구,광안동,,,,,,2.0,2.0,2.0,1,,,,True,,,,,,,,,,,,
TRADE_A4192B2F9C19,청성아트(33-5),영도구,영선동1가,,,,,,0.0,0.0,0.0,4,,,,True,,,,,,,189000000.0,0.0,189000000.0,0.0,0.0,True
TRADE_A41B4FB501A9,지평웰리브,북구,구포동,,,,,,0.0,1.0,2.0,3,,,,True,,,,,,,260000000.0,-0.13461538461538458,225000000.0,0.0,0.0,True
TRADE_A42D4408E195,남성맨션,동구,수정동,,,,,,0.0,0.0,0.0,3,,,,True,,,,,,,,,,,,
TRADE_A4479F8D087E,보라빌,동구,초량동,,,,,,0.0,0.0,0.0,1,,,,True,,,,,,,,,,,,
TRADE_A44A319F125A,더블루원허브,사하구,하단동,,,,,,0.0,0.0,6.0,1,,,,True,,,,,,,,,,,,
TRADE_A4533490CC3C,위스빌,금정구,부곡동,,,,,,0.0,0.0,0.0,2,,,,True,,,,,,,,,,,,
TRADE_A45D7D44A3B9,양정퀸즈더블유에디션,부산진구,양정동,,,,,,0.0,0.0,1.0,1,,,,True,,,,,,,,,,,,
TRADE_A48B703A50DD,서영펠로우,서구,토성동5가,,,,,,0.0,1.0,2.0,1,,,,True,,,,,,,,,,,,
TRADE_A4910A337C61,부전베스트,기장군,기장읍동부리,,,,,,0.0,0.0,1.0,2,,,,True,,,,,,,160000000.0,-0.18125000000000002,123000000.0,0.06504065040650397,0.0,True
TRADE_A49695AEBA6D,대림그린빌라,연제구,연산동,,,,,,0.0,0.0,0.0,1,,,,True,,,,,,,,,,,,
TRADE_A4A08CC0C616,동광하이빌(102),부산진구,전포동,,,,,,1.0,1.0,1.0,1,,,,True,,,,,,,,,,,,
TRADE_A4C92C91C210,청보화이트,남구,대연동,,,,,,0.0,0.0,0.0,1,,,,True,,,,,,,,,,,,
TRADE_A4C977959061,용당창조,남구,용당동,,,,,,0.0,1.0,1.0,2,,,,True,,,,,,0.04615384615384621,190000000.0,-0.10526315789473684,140000000.0,0.2142857142857142,1.0,True
TRADE_A4CAA4BB3D27,삼한사랑채,금정구,부곡동,,,,,,0.0,0.0,3.0,1,,,,True,,,,,,,,,,,,
TRADE_A4DAAAC36E99,선빌리지,동구,초량동,,,,,,0.0,0.0,0.0,1,,,,True,,,,,,,297000000.0,-0.3400673400673401,196000000.0,0.0,0.0,True
TRADE_A4E028A253B5,블루스카이빌(3차),부산진구,초읍동,,,,,,0.0,0.0,1.0,1,,,,True,,,,,,,233000000.0,0.0,230000000.0,0.01304347826086949,0.0,True
TRADE_A4F043D39BF3,한성타운(101동),부산진구,전포동,,,,,,0.0,0.0,0.0,1,,,,True,,,,,,,330000000.0,0.0,240000000.0,0.375,0.0,True
TRADE_A51678C0AA39,청강리더스빌,기장군,기장읍청강리,,,,,,1.0,1.0,2.0,1,,,,True,,202000000.0,8207964.656253001,,-0.11403508771929827,-0.06521739130434778,317000000.0,-0.362776025236593,202000000.0,0.0,1.0,True
TRADE_A521EDC9E03F,예광스카이파크,수영구,망미동,,,,,,0.0,0.0,1.0,1,,,,True,,,,,,,260000000.0,0.0,260000000.0,0.0,0.0,True
TRADE_A53F5E91326A,세종월드,수영구,광안동,,,,,,0.0,0.0,2.0,1,,,,True,,,,,,,310000000.0,0.0,280000000.0,0.1071428571428572,0.0,True
TRADE_A54B3F3694BF,까치빌라트,금정구,부곡동,,,,,,0.0,0.0,0.0,1,,,,True,,,,,,,167500000.0,0.0,167500000.0,0.0,0.0,True
TRADE_A557E784933F,구서동피닉스빌,금정구,구서동,,,,,,1.0,1.0,1.0,2,,,,True,,,,,,,,,,,,
TRADE_A55CC370B4EF,이화맨션가동,수영구,민락동,,,,,,0.0,0.0,0.0,1,,,,True,,,,,,,,,,,,
TRADE_A563C92A840D,(292-28),부산진구,초읍동,,,,,,0.0,0.0,1.0,1,,,,True,,,,,,,330000000.0,0.0,330000000.0,0.0,0.0,True
TRADE_A586C26BB11A,대성문퀸즈더블유,부산진구,양정동,,,,,,0.0,0.0,2.0,4,,,,True,,,,,,,283000000.0,0.0,259000000.0,0.0926640926640927,0.0,True
TRADE_A5943B94E57C,남천팰리스,수영구,남천동,,,,,,0.0,0.0,0.0,1,,,,True,,,,,,,,,,,,
TRADE_A5A3D0B5A20D,월드파크5,수영구,광안동,,,,,,1.0,2.0,2.0,2,,,,True,,,,,,,,,,,,
TRADE_A5B68C044BE4,태창맨션,남구,용호동,,,,,,0.0,0.0,2.0,2,,,,True,,,,,,,,,,,,
TRADE_A5B8C66BB9E6,센스,금정구,부곡동,,,,,,0.0,0.0,0.0,1,,,,True,,,,,,,250000000.0,-0.040000000000000036,240000000.0,0.0,0.0,True
TRADE_A5DAF74F8943,엘리시움,연제구,연산동,,,,,,1.0,3.0,4.0,2,,,,True,,,,,,,,,,,,
TRADE_A5E65E3E7428,골든패밀리,수영구,남천동,,,,,,0.0,0.0,0.0,1,,,,True,,,,,,,445000000.0,0.0,348000000.0,0.27873563218390807,0.0,True
TRADE_A5FE40571393,써니아르빌,북구,덕천동,,,,,,0.0,0.0,0.0,1,,,,True,,,,,,,160000000.0,0.0,145000000.0,0.10344827586206895,0.0,True
TRADE_A60847F41D4D,오성,사하구,당리동,,,,,,0.0,0.0,0.0,3,,,,True,,,,,,,297000000.0,0.0,297000000.0,0.0,0.0,True
TRADE_A60CE506B059,영신목화,사하구,괴정동,,,,,,0.0,0.0,0.0,3,,,,True,,,,,,,338000000.0,0.0,338000000.0,0.0,0.0,True
TRADE_A65B1D732479,나산리츠,사하구,하단동,,,,,,1.0,1.0,4.0,1,,,,True,,,,,,,,,,,,
TRADE_A66340829FBF,경동,연제구,거제동,,,,,,0.0,0.0,0.0,1,,,,True,,,,,,,,,,,,
TRADE_A675D691B572,창성골든빌에이동,연제구,연산동,,,,,,0.0,0.0,1.0,1,,,,True,,,,,,,,,,,,
TRADE_A677B6FD8781,도남하이츠,남구,대연동,,,,,,1.0,2.0,4.0,2,,,,True,,,,,0.08974358974358965,0.5030303030303029,270000000.0,-0.05555555555555558,165000000.0,0.5454545454545454,1.0,True
TRADE_A685DD3D39F9,영신맨션1동,남구,용호동,,,,,,0.0,0.0,3.0,1,,,,True,,,,,,,,,,,,
TRADE_A68B49300485,무지개타운D동,동래구,명장동,,,,,,0.0,0.0,0.0,1,,,,True,,,,,,,,,,,,
TRADE_A68F75BAE2AA,서연하이츠,연제구,연산동,,,,,,0.0,0.0,0.0,1,,,,True,,,,,,,,,,,,
TRADE_A6A0BF04522B,반도,금정구,부곡동,,,,,,0.0,1.0,1.0,2,,,,True,,,,,,,,,,,,
TRADE_A6C09649722D,정서,서구,서대신동1가,,,,,,0.0,0.0,0.0,1,,,,True,,,,,,,218500000.0,0.0,176000000.0,0.2414772727272727,0.0,True
TRADE_A6CB8DEC8214,일자맨션,사상구,괘법동,,,,,,0.0,0.0,1.0,1,,,,True,,,,,,,,,,,,
TRADE_A6EBD83643DB,금산,남구,용호동,,,,,,0.0,0.0,0.0,1,,,,True,,,,,,,270000000.0,-0.12592592592592589,236000000.0,0.0,0.0,True
TRADE_A6F1A85C1316,KH파인우스,동래구,온천동,,,,,,0.0,0.0,0.0,1,,,,True,,,,,,,,,,,,
TRADE_A6F56E6ADC6C,카라디움,수영구,민락동,,,,,,0.0,0.0,0.0,2,,,,True,,,,,,,320000000.0,-0.21875,250000000.0,0.0,0.0,True
TRADE_A6F860E44D39,동남파크가,동래구,명장동,,,,,,0.0,0.0,0.0,1,,,,True,,,,,,,,,,,,
TRADE_A70C802D46C8,서원비동,서구,토성동5가,,,,,,0.0,0.0,2.0,2,,,,True,,,,,,,250000000.0,-0.08399999999999996,140000000.0,0.6357142857142857,0.0,True
TRADE_A71774C8B051,전원파크맨션아파트,동구,초량동,,,,,,0.0,0.0,1.0,2,,,,True,,,,,,,198000000.0,-0.19191919191919193,110000000.0,0.4545454545454546,0.0,True
TRADE_A72258ACCFC4,연산훼미리타운,연제구,연산동,,,,,,0.0,0.0,0.0,3,,,,True,,,,,,,185000000.0,0.0,165000000.0,0.1212121212121211,0.0,True
TRADE_A7387C7069E1,대주,연제구,거제동,,,,,,0.0,0.0,0.0,1,,,,True,,,,,,,207000000.0,0.0,207000000.0,0.0,0.0,True
TRADE_A749F6D3C806,서호,수영구,광안동,,,,,,0.0,0.0,2.0,2,,,,True,,,,,,,300000000.0,-0.4,180000000.0,0.0,0.0,True
TRADE_A7512BBD8DA5,화원레샹스,사하구,괴정동,,,,,,0.0,1.0,4.0,1,,,,True,,,,,0.0249520153550864,-0.043636363636363584,317000000.0,-0.1577287066246057,228000000.0,0.17105263157894735,1.0,True
TRADE_A7572C403F9C,디아이라뷰,수영구,망미동,,,,,,0.0,2.0,4.0,1,,,,True,,,,,,,,,,,,
TRADE_A76F255B36C8,강변타워,사하구,하단동,,,,,,0.0,1.0,1.0,2,,,,True,,,,,,,195000000.0,-0.07692307692307687,135000000.0,0.33333333333333326,0.0,True
TRADE_A785CD3332BF,화지빌라트,부산진구,초읍동,,,,,,0.0,1.0,1.0,1,,,,True,,,,,,,175000000.0,0.0,175000000.0,0.0,1.0,True
TRADE_A78875746506,삼우빌라,부산진구,개금동,,,,,,0.0,0.0,0.0,1,,,,True,,,,,,,,,,,,
TRADE_A78914339016,(83-1),서구,서대신동2가,,,,,,0.0,0.0,0.0,1,,,,True,,,,,,,,,,,,
TRADE_A79D76D88E25,(54-25),중구,대창동1가,,,,,,0.0,0.0,0.0,4,,,,True,,,,,,,,,,,,
TRADE_A7C7B9F5DBEC,태창빌라,금정구,부곡동,,,,,,0.0,0.0,0.0,2,,,,True,,,,,,,,,,,,
TRADE_A7F00B7BB4AC,대근아트빌라(355-1),동구,수정동,,,,,,0.0,0.0,2.0,1,,,,True,,,,,,,,,,,,
TRADE_A7F074AE689C,아신빌라,수영구,망미동,,,,,,0.0,0.0,0.0,1,,,,True,,,,,,,,,,,,
TRADE_A81509CD545B,삼보하이빌,금정구,남산동,,,,,,0.0,0.0,0.0,1,,,,True,,,,,,,,,,,,
TRADE_A817029ACA5D,한일하나로,부산진구,범천동,,,,,,0.0,0.0,0.0,2,,,,True,,,,,,,310000000.0,-0.09677419354838712,130000000.0,1.1538461538461537,0.0,True
TRADE_A81849DDF531,한아루시빌,사하구,괴정동,,,,,,0.0,1.0,1.0,1,,,,True,,,,,,,358000000.0,-0.2737430167597765,260000000.0,0.0,1.0,True
TRADE_A8308D826900,세경HUB센트럴시티,부산진구,전포동,,,,,,0.0,0.0,0.0,1,,,,True,,,,,,,,,,,,
TRADE_A8315480041F,동우빌라,동래구,낙민동,,,,,,0.0,0.0,0.0,2,,,,True,,,,,,,175000000.0,0.0,175000000.0,0.0,0.0,True
TRADE_A84855757BDA,아미전원빌라,서구,아미동2가,,,,,,0.0,1.0,2.0,2,,,,True,,,,,,,,,,,,
TRADE_A85D91E14A2B,구서하모니빌리지,금정구,구서동,,,,,,0.0,0.0,0.0,1,,,,True,,,,,,,,,,,,
TRADE_A864E27FBBE2,도심하이트,연제구,연산동,,,,,,0.0,0.0,0.0,1,,,,True,,,,,,,,,,,,
TRADE_A88013215FF0,남강파크,남구,대연동,,,,,,0.0,0.0,0.0,1,,,,True,,,,,,,240000000.0,0.0,240000000.0,0.0,0.0,True
TRADE_A89325F7C25C,승우맨션(나동),수영구,광안동,,,,,,0.0,1.0,3.0,1,,,,True,,,,,,,,,,,,
TRADE_A8A89A51FE67,낙원타워,북구,덕천동,,,,,,0.0,0.0,1.0,3,,,,True,,,,,,,180000000.0,0.0,180000000.0,0.0,0.0,True
TRADE_A8C1BD7C9E90,성무아이반스타,동구,범일동,,,,,,0.0,1.0,1.0,2,,,,True,,,,,,,,,,,,
TRADE_A8C1E04200E4,대암가든,사하구,당리동,,,,,,0.0,0.0,2.0,2,,,,True,,,,,,,,,,,,
TRADE_A8C6B15AB6A4,삼화그린빌,사상구,괘법동,,,,,,0.0,0.0,1.0,2,,,,True,,,,,,,180000000.0,0.0,180000000.0,0.0,0.0,True
TRADE_A920E9FC5033,행복한집,동래구,온천동,,,,,,0.0,0.0,0.0,3,,,,True,,,,,,,,,,,,
TRADE_A93671D55C12,남경캐슬,부산진구,개금동,,,,,,0.0,0.0,0.0,2,,,,True,,,,,,,240000000.0,0.0,220000000.0,0.09090909090909083,0.0,True
TRADE_A93A0F25AC7D,신동아,동래구,온천동,,,,,,0.0,0.0,0.0,1,,,,True,,,,,,,,,,,,
TRADE_A93CE6732BC7,에이원더시티,기장군,기장읍대라리,,,,,,0.0,0.0,1.0,3,,,,True,,,,,,,,,,,,
TRADE_A9455CCC6D22,무궁화,연제구,연산동,,,,,,0.0,1.0,2.0,1,,,,True,,,,,,,,,,,,
TRADE_A958E25AF9D5,삼산프리빌리지,부산진구,연지동,,,,,,0.0,0.0,0.0,1,,,,True,,,,,,,180000000.0,0.0,180000000.0,0.0,0.0,True
TRADE_A97FF2EEA0A5,하이츠빌리지-1,동구,초량동,,,,,,0.0,0.0,0.0,1,,,,True,,,,,,,,,,,,
TRADE_A98C3AC3BBAC,삼정그린빌라,동래구,온천동,,,,,,0.0,0.0,1.0,1,,,,True,,,,,,,,,,,,
TRADE_A9AEB31CB3CA,수영금보,수영구,광안동,,,,,,0.0,0.0,0.0,1,,,,True,,,,,,,,,,,,
TRADE_A9B918033956,명성리치빌,남구,대연동,,,,,,0.0,0.0,0.0,2,,,,True,,,,,,,370000000.0,0.0,300000000.0,0.2333333333333334,0.0,True
TRADE_A9C30B9E0CDF,협진신태양,사하구,괴정동,,,,,,0.0,0.0,2.0,3,,,,True,,,,,,,225000000.0,0.0,160000000.0,0.40625,0.0,True
TRADE_A9DD89744771,새진흥,북구,덕천동,,,,,,0.0,0.0,0.0,2,,,,True,,,,,,,,,,,,
TRADE_A9F1350AF8F3,삼정지성빌라,동래구,사직동,,,,,,0.0,0.0,0.0,1,,,,True,,,,,,,255000000.0,0.0,230000000.0,0.10869565217391308,0.0,True
TRADE_AA0C739BACFA,오션블루,영도구,봉래동2가,,,,,,0.0,1.0,1.0,1,,,,True,,,,,,,,,,,,
TRADE_AA12AF5EAA9D,금화,금정구,구서동,,,,,,0.0,0.0,1.0,2,,,,True,,,,,,,,,,,,
TRADE_AA149EEF4C8D,삼성타워,해운대구,중동,,,,,,0.0,0.0,2.0,2,,,,True,,,,,,,,,,,,
TRADE_AA1FA27ABD71,가원(가동),금정구,서동,,,,,,0.0,0.0,0.0,1,,,,True,,,,,,,,,,,,
TRADE_AA225E6C4A37,윈저빌타운,사상구,괘법동,,,,,,0.0,0.0,1.0,1,,,,True,,,,,,,,,,,,
TRADE_AA4F6621D15E,부림(408-14),연제구,연산동,,,,,,0.0,1.0,1.0,1,,,,True,,,,,,,195000000.0,0.0,180000000.0,0.08333333333333326,1.0,True
TRADE_AA5EDB58C832,동산그린타워,기장군,기장읍동부리,,,,,,0.0,2.0,3.0,2,,,,True,,,,,-0.09375,-0.20365535248041777,210000000.0,-0.30952380952380953,140000000.0,0.03571428571428581,1.0,True
TRADE_AA610EE542EE,남평파크뷰,동래구,온천동,,,,,,0.0,0.0,0.0,1,,,,True,,,,,,,168500000.0,-0.10979228486646886,150000000.0,0.0,0.0,True
TRADE_AA6D8994C0ED,창조센추리,사상구,주례동,,,,,,0.0,1.0,3.0,1,,,,True,,,,,0.039175257731958846,-0.08425925925925926,280000000.0,-0.09999999999999998,220000000.0,0.1454545454545455,1.0,True
TRADE_AA7EAFEF2ED7,대림비치,해운대구,중동,,,,,,0.0,0.0,2.0,2,,,,True,,,,,,,,,,,,
TRADE_AA9A454F1FEE,신라탑스빌,수영구,광안동,,,,,,0.0,0.0,1.0,2,,,,True,,,,,,,,,,,,
TRADE_AA9C11777BB9,보강빌라,서구,암남동,,,,,,0.0,0.0,0.0,1,,,,True,,,,,,,157000000.0,0.0,157000000.0,0.0,0.0,True
TRADE_AABB43DEA9B0,윤성리버티,금정구,장전동,,,,,,3.0,5.0,16.0,2,,,,True,,,,,,,,,,,,
TRADE_AAC9B89296F7,양정클래스원,부산진구,양정동,,,,,,2.0,4.0,9.0,2,,,,True,,,,,,,,,,,,
TRADE_AACAE10599C8,유림예다움,사하구,다대동,,,,,,1.0,2.0,2.0,1,,,,True,,190000000.0,7376809.053591871,0.007957559681697646,,,210000000.0,-0.09523809523809523,160000000.0,0.1875,2.0,True
TRADE_AAD0DC963EA5,영산,서구,동대신동2가,,,,,,0.0,0.0,2.0,3,,,,True,,,,,,,150000000.0,-0.23333333333333328,115000000.0,0.0,0.0,True
TRADE_AB060400224F,강남,사상구,엄궁동,,,,,,0.0,0.0,0.0,1,,,,True,,,,,,,,,,,,
TRADE_AB147927D1F4,반도보라맨션,수영구,남천동,,,,,,0.0,1.0,2.0,3,,,,True,,,,,,,1067000000.0,0.0,533000000.0,1.0018761726078798,0.0,True
TRADE_AB1574364BC1,우일아내트,금정구,서동,,,,,,0.0,0.0,2.0,1,,,,True,,,,,,,,,,,,
TRADE_AB169777E260,태림,부산진구,개금동,,,,,,0.0,0.0,1.0,3,,,,True,,,,,,,150000000.0,0.0,147000000.0,0.020408163265306145,0.0,True
TRADE_AB17523E84EE,파크블루V,수영구,광안동,,,,,,1.0,2.0,5.0,2,,,,True,,,,,,,,,,,,
TRADE_AB18585A6683,천지해오름,영도구,청학동,,,,,,0.0,0.0,1.0,2,,,,True,,,,,,0.08852459016393444,218000000.0,-0.23853211009174313,145000000.0,0.14482758620689662,0.0,True
TRADE_AB25077B19F0,동산그린맨션,남구,용호동,,,,,,0.0,0.0,1.0,1,,,,True,,,,,,,,,,,,
TRADE_AB25940950F5,에덴하이츠타운,사하구,하단동,,,,,,0.0,0.0,0.0,1,,,,True,,,,,,,270000000.0,0.0,195000000.0,0.3846153846153846,0.0,True
TRADE_AB564F86B567,삼성콘도맨션,해운대구,중동,,,,,,0.0,1.0,2.0,2,,,,True,,,,,,,620000000.0,-0.03548387096774197,570000000.0,0.04912280701754379,0.0,True
TRADE_AB579D75D2A5,푸르미르,남구,용호동,,,,,,0.0,1.0,3.0,4,,,,True,,,,,,,255000000.0,0.0,255000000.0,0.0,0.0,True
TRADE_AB59927701C7,대암,남구,문현동,,,,,,0.0,0.0,0.0,2,,,,True,,,,,,,,,,,,
TRADE_AB7F7D638D6C,한신1,동래구,낙민동,,,,,,0.0,0.0,1.0,2,,,,True,,,,,,,640000000.0,-0.140625,305000000.0,0.8032786885245902,0.0,True
TRADE_AB9071588774,삼성타워,사하구,괴정동,,,,,,0.0,1.0,2.0,3,,,,True,,,,,,,205000000.0,-0.12195121951219512,166000000.0,0.0843373493975903,1.0,True
TRADE_ABAAE82B4776,금광팰리스,동구,초량동,,,,,,0.0,0.0,0.0,1,,,,True,,,,,,,224000000.0,-0.017857142857142905,210000000.0,0.04761904761904767,0.0,True
TRADE_ABC70C8E5A93,하단동천아하늘정원,사하구,하단동,,,,,,0.0,0.0,0.0,1,,,,True,,,,,,,300000000.0,-0.1333333333333333,240000000.0,0.08333333333333326,0.0,True
TRADE_ABD621F9F373,리베르캐슬,사상구,괘법동,,,,,,0.0,0.0,0.0,1,,,,True,,,,,,,,,,,,
TRADE_ABDAC495075F,오션펠리체,서구,서대신동1가,,,,,,0.0,0.0,0.0,2,,,,True,,,,,,,,,,,,
TRADE_ABE7E7C346CF,더테라스,기장군,기장읍대라리,,,,,,0.0,0.0,0.0,2,,,,True,,,,,,,,,,,,
TRADE_ABF148C38C18,금오파크뷰,부산진구,연지동,,,,,,0.0,0.0,0.0,2,,,,True,,,,,,,245000000.0,-0.1428571428571429,210000000.0,0.0,0.0,True
TRADE_AC041F55D8EA,서림온천빌라,동래구,온천동,,,,,,0.0,0.0,0.0,1,,,,True,,,,,,,380000000.0,0.0,246000000.0,0.5447154471544715,0.0,True
TRADE_AC0FFEA67186,온천화신젠틀빌라,동래구,온천동,,,,,,0.0,0.0,0.0,1,,,,True,,,,,,,,,,,,
TRADE_AC1AB537015F,삼경,사하구,괴정동,,,,,,0.0,0.0,0.0,2,,,,True,,,,,,,,,,,,
TRADE_ACA2DDAA96D4,현대드림타워,부산진구,개금동,,,,,,0.0,0.0,0.0,1,,,,True,,,,,,,180000000.0,0.0,180000000.0,0.0,0.0,True
TRADE_ACA312207BFA,플로이온,남구,용호동,,,,,,0.0,0.0,0.0,1,,,,True,,,,,,,,,,,,
TRADE_ACAFE8E76016,신익탑스빌,수영구,수영동,,,,,,0.0,1.0,1.0,3,,,,True,,,,,,,,,,,,
TRADE_ACBDD5E67A3F,아시아나비치,해운대구,송정동,,,,,,0.0,0.0,0.0,1,,,,True,,,,,,,,,,,,
TRADE_ACE27026D672,한일하나로,부산진구,가야동,,,,,,0.0,1.0,2.0,4,,,,True,,,,,,,253000000.0,-0.031620553359683834,230000000.0,0.0652173913043479,0.0,True
TRADE_ACE550EE0699,유진캐슬,영도구,봉래동4가,,,,,,0.0,0.0,0.0,2,,,,True,,,,,,,196900000.0,0.0,196900000.0,0.0,0.0,True
TRADE_ACEE8BC5CE92,동산(202동),동래구,사직동,,,,,,0.0,0.0,0.0,1,,,,True,,,,,,,,,,,,
TRADE_ACF031A6BA26,마스터빌,사상구,모라동,,,,,,0.0,0.0,0.0,2,,,,True,,,,,,,178000000.0,-0.1573033707865169,150000000.0,0.0,0.0,True
TRADE_AD1B10911EF3,주원쉐르빌,동구,좌천동,,,,,,0.0,0.0,0.0,1,,,,True,,,,,,,,,,,,
TRADE_AD2807E71F70,무궁화,동래구,수안동,,,,,,0.0,1.0,4.0,3,,,,True,,,,,,,415000000.0,-0.06024096385542166,378000000.0,0.031746031746031855,0.0,True
TRADE_AD34F99C841A,썬그린빌리지,남구,대연동,,,,,,0.0,0.0,2.0,3,,,,True,,,,,,0.025104602510460206,245000000.0,0.0,239000000.0,0.025104602510460206,0.0,True
TRADE_AD5FEFADD173,리첸타워,부산진구,초읍동,,,,,,0.0,0.0,0.0,2,,,,True,,,,,,,,,,,,
TRADE_AD6A18D8E3F9,이정팰리스,남구,용호동,,,,,,0.0,0.0,0.0,1,,,,True,,,,,,,,,,,,
TRADE_AD733185E5FD,부원,연제구,거제동,,,,,,1.0,1.0,2.0,2,,,,True,,,,,,,,,,,,
TRADE_AD804BE1B50C,다온미즈,부산진구,개금동,,,,,,0.0,2.0,9.0,1,,,,True,,,,,,,,,,,,
TRADE_AD997BA5C450,신선맨션,남구,용당동,,,,,,0.0,1.0,1.0,2,,,,True,,,,,,,,,,,,
TRADE_ADA9624F3ECF,삼성,동래구,안락동,,,,,,0.0,0.0,0.0,1,,,,True,,,,,,,,,,,,
TRADE_ADB024C8A32B,오양장미,수영구,망미동,,,,,,1.0,5.0,6.0,1,,,,True,,,,,,,,,,,,
TRADE_ADBF981AB9B2,송도봄여름가을겨울,서구,암남동,,,,,,0.0,1.0,2.0,3,,,,True,,,,,-0.15384615384615385,-0.3142857142857143,350000000.0,-0.37142857142857144,220000000.0,0.0,1.0,True
TRADE_ADC01342D7ED,경동리브,수영구,망미동,,,,,,0.0,0.0,0.0,1,,,,True,,,,,,,,,,,,
TRADE_ADDFD36757C1,초원스마트빌,동래구,온천동,,,,,,0.0,1.0,1.0,1,,,,True,,,,,,,,,,,,
TRADE_AE02AD2321A5,지음시그너스인동래,동래구,온천동,,,,,,0.0,0.0,0.0,1,,,,True,,,,,,,,,,,,
TRADE_AE1F729C8CE1,이린타워빌8,수영구,광안동,,,,,,0.0,1.0,2.0,2,,,,True,,,,,,,,,,,,
TRADE_AE24A8CA48AA,일호센텀누리,수영구,광안동,,,,,,0.0,0.0,4.0,1,,,,True,,,,,,,,,,,,
TRADE_AE42EF077D94,석산5차,금정구,남산동,,,,,,0.0,0.0,0.0,1,,,,True,,,,,,,175000000.0,0.0,175000000.0,0.0,0.0,True
TRADE_AE49FD2E9102,영신맨션,남구,용호동,,,,,,0.0,0.0,1.0,2,,,,True,,,,,,,,,,,,
TRADE_AE4AD4B8AC78,장미(215-1),금정구,부곡동,,,,,,0.0,0.0,1.0,2,,,,True,,,,,,,,,,,,
TRADE_AE701645E10C,금성맨션,동래구,온천동,,,,,,0.0,0.0,0.0,1,,,,True,,,,,,,,,,,,
TRADE_AE71B4A4D6B7,부성,부산진구,초읍동,,,,,,0.0,0.0,0.0,1,,,,True,,,,,,,,,,,,
TRADE_AE772FEE4564,다사랑빌,부산진구,양정동,,,,,,0.0,0.0,0.0,1,,,,True,,,,,,,,,,,,
TRADE_AE82D09D6B60,청수하이빌,동래구,온천동,,,,,,0.0,0.0,1.0,1,,,,True,,,,,,,235000000.0,-0.23404255319148937,180000000.0,0.0,0.0,True
TRADE_AEA069883F76,대성타운,영도구,영선동1가,,,,,,0.0,0.0,0.0,1,,,,True,,,,,,,243000000.0,-0.03292181069958844,231000000.0,0.017316017316017396,0.0,True
TRADE_AEBEA6C2C4E6,뜨락,부산진구,부전동,,,,,,0.0,0.0,0.0,1,,,,True,,,,,,,209000000.0,-0.09090909090909094,190000000.0,0.0,0.0,True
TRADE_AEC70B5975FA,여명비치,수영구,광안동,,,,,,0.0,0.0,0.0,1,,,,True,,,,,,,277000000.0,-0.028880866425992746,238000000.0,0.13025210084033612,0.0,True
TRADE_AEECE52DF3C4,청우하이빌,연제구,연산동,,,,,,0.0,0.0,1.0,1,,,,True,,,,,,,,,,,,
TRADE_AF2CCDA509C4,섬강스위트빌,수영구,광안동,,,,,,0.0,0.0,0.0,2,,,,True,,,,,,,,,,,,
TRADE_AF32080559C7,골드리버,동래구,온천동,,,,,,0.0,0.0,3.0,2,,,,True,,,,,,,,,,,,
TRADE_AF3C8AB84591,레스틴뷰(restynv),사상구,괘법동,,,,,,1.0,2.0,3.0,1,,,,True,,,,,,,,,,,,
TRADE_AF4C327321DB,부흥맨션,수영구,광안동,,,,,,0.0,0.0,0.0,1,,,,True,,,,,,,,,,,,
TRADE_AF4DBCB164DD,태림로즈빌A동,해운대구,송정동,,,,,,0.0,0.0,0.0,1,,,,True,,,,,,,350000000.0,-0.1428571428571429,245000000.0,0.22448979591836737,0.0,True
TRADE_AF73D8BB4E63,삼경맨션,서구,암남동,,,,,,0.0,0.0,0.0,2,,,,True,,,,,,,,,,,,
TRADE_AFAAFA1F53E4,대원맨션,남구,문현동,,,,,,1.0,2.0,2.0,2,,,,True,,,,,,,,,,,,
TRADE_AFAB4CC8A0D3,영림,동구,초량동,,,,,,0.0,1.0,1.0,1,,,,True,,,,,,,,,,,,
TRADE_AFB14BC64C79,보영미네르빌,부산진구,부전동,,,,,,0.0,1.0,2.0,1,,,,True,,,,,,,,,,,,
TRADE_AFC0244132E9,남산그린,금정구,남산동,,,,,,0.0,0.0,1.0,3,,,,True,,,,,,,142000000.0,0.0,142000000.0,0.0,0.0,True
TRADE_AFC132C74C16,대산,부산진구,전포동,,,,,,0.0,0.0,0.0,2,,,,True,,,,,,,,,,,,
TRADE_AFC462E0A80E,보현빌리지,서구,서대신동2가,,,,,,0.0,0.0,0.0,1,,,,True,,,,,,,,,,,,
TRADE_AFDC59D218CB,청학스카이파크,영도구,청학동,,,,,,0.0,0.0,1.0,1,,,,True,,,,,,,140000000.0,-0.08571428571428574,120000000.0,0.06666666666666665,0.0,True
TRADE_AFE6070C92C2,금토그랑프리빌,수영구,민락동,,,,,,0.0,1.0,1.0,1,,,,True,,,,,,,340000000.0,-0.32352941176470584,215000000.0,0.06976744186046502,1.0,True
TRADE_B02EABCE70DA,충무제1,서구,충무동2가,,,,,,0.0,0.0,1.0,1,,,,True,,,,,,,,,,,,
TRADE_B0338AA3C7DE,동남하이츠빌라트,부산진구,전포동,,,,,,0.0,0.0,0.0,1,,,,True,,,,,,,245000000.0,-0.1673469387755102,204000000.0,0.0,0.0,True
TRADE_B04FBAB83A7F,로얄이스트,서구,동대신동2가,,,,,,0.0,0.0,0.0,1,,,,True,,,,,,,,,,,,
TRADE_B052CD2F09C3,두리아2차,기장군,정관읍방곡리,,,,,,0.0,0.0,0.0,2,,,,True,,,,,,,124000000.0,0.0,124000000.0,0.0,0.0,True
TRADE_B05568AADF47,세화,연제구,연산동,,,,,,0.0,0.0,0.0,2,,,,True,,,,,,,293000000.0,0.0,293000000.0,0.0,0.0,True
TRADE_B06946A90281,동래더씨드,동래구,복천동,,,,,,0.0,0.0,0.0,2,,,,True,,,,,,,,,,,,
TRADE_B08B73C8E853,궁전그린파크빌라,영도구,영선동2가,,,,,,1.0,1.0,1.0,1,,,,True,,,,,,,,,,,,
TRADE_B098D98E5683,소암파크,금정구,청룡동,,,,,,0.0,0.0,0.0,1,,,,True,,,,,,,,,,,,
TRADE_B0BC0F2A9D5E,상아노블빌라,연제구,연산동,,,,,,0.0,0.0,0.0,1,,,,True,,,,,,,,,,,,
TRADE_B0C3ED181925,온천프라자,동래구,온천동,,,,,,1.0,1.0,1.0,2,,,,True,,,,,,,,,,,,
TRADE_B0D9BC254554,부마힐타워,남구,대연동,,,,,,0.0,0.0,0.0,1,,,,True,,,,,,,200000000.0,-0.10499999999999998,174000000.0,0.028735632183908066,0.0,True
TRADE_B0E2855D85BB,동산산호,남구,용호동,,,,,,0.0,0.0,0.0,1,,,,True,,,,,,,,,,,,
TRADE_B0E94D83027E,하단지음주상복합,사하구,하단동,,,,,,0.0,2.0,3.0,2,,,,True,,,,,,,,,,,,
TRADE_B11D28641313,부일스톤캐슬,동래구,낙민동,,,,,,0.0,0.0,0.0,2,,,,True,,,,,,,,,,,,
TRADE_B143E9C1FBF7,시엘더숲,해운대구,송정동,,,,,,0.0,0.0,0.0,1,,,,True,,,,,,,,,,,,
TRADE_B165E7379E7A,대우에덴프라자,사하구,하단동,,,,,,0.0,0.0,1.0,2,,,,True,,,,,,,207000000.0,-0.033816425120772986,190000000.0,0.05263157894736836,0.0,True
TRADE_B169FA44EAA0,동부문빌라,해운대구,중동,,,,,,0.0,0.0,0.0,1,,,,True,,,,,,,,,,,,
TRADE_B1A37FAEE85C,대성파크,금정구,구서동,,,,,,0.0,0.0,0.0,3,,,,True,,,,,,,,,,,,
TRADE_B1BFBB9DC215,혜광나인힐빌라,영도구,남항동2가,,,,,,0.0,0.0,0.0,1,,,,True,,,,,,,180000000.0,0.0,180000000.0,0.0,0.0,True
TRADE_B1D516480E07,센텀스위트홈,기장군,기장읍동부리,,,,,,0.0,0.0,0.0,1,,,,True,,,,,,,,,,,,
TRADE_B1D534C3B832,에스엘하우스,해운대구,중동,,,,,,0.0,0.0,0.0,1,,,,True,,,,,,,,,,,,
TRADE_B1EB020FDDB8,하구언2,사하구,하단동,,,,,,0.0,0.0,0.0,1,,,,True,,,,,,,,,,,,
TRADE_B203839F1955,성경센스빌,사하구,장림동,,,,,,0.0,0.0,1.0,1,,,,True,,,,,,0.16814159292035402,198000000.0,0.0,157000000.0,0.26114649681528657,0.0,True
TRADE_B21CA0978735,오름CASTLE,동구,수정동,,,,,,1.0,3.0,4.0,2,,,,True,,,,,,,,,,,,
TRADE_B21CDB6822FA,신우피렌체,연제구,연산동,,,,,,0.0,0.0,2.0,2,,,,True,,,,,,,300000000.0,0.0,250000000.0,0.19999999999999996,0.0,True
TRADE_B224108B11FD,골든빌리지,남구,대연동,,,,,,0.0,0.0,0.0,1,,,,True,,,,,,,,,,,,
TRADE_B24BFE6E10DF,뉴하이츠빌라,수영구,남천동,,,,,,0.0,0.0,0.0,1,,,,True,,,,,,,,,,,,
TRADE_B255FA848FE2,명례솔터시티,기장군,장안읍명례리,,,,,,2.0,3.0,5.0,1,,,,True,,,,,,,,,,,,
TRADE_B266FD673D6D,뉴리버빌,연제구,연산동,,,,,,0.0,0.0,0.0,1,,,,True,,,,,,,206000000.0,0.0,197800000.0,0.04145601617795758,0.0,True
TRADE_B27088BEF13E,대명쉐르빌,수영구,수영동,,,,,,0.0,0.0,0.0,2,,,,True,,,,,,,230000000.0,0.0,230000000.0,0.0,0.0,True
TRADE_B2781C299156,문화빌라,수영구,광안동,,,,,,0.0,0.0,0.0,1,,,,True,,,,,,,,,,,,
TRADE_B2811E987BEF,구서다움파크,금정구,구서동,,,,,,0.0,0.0,2.0,1,,,,True,,,,,,,,,,,,
TRADE_B28CC8DCBAA3,그린빌,수영구,망미동,,,,,,0.0,0.0,0.0,2,,,,True,,,,,,,270000000.0,0.0,200000000.0,0.3500000000000001,0.0,True
TRADE_B2B4A566A637,금호,사하구,괴정동,,,,,,0.0,1.0,2.0,3,,,,True,,,,,,0.05263157894736836,160000000.0,-0.3125,104500000.0,0.05263157894736836,1.0,True
TRADE_B2C03E365C9D,화신2,동구,초량동,,,,,,0.0,0.0,0.0,1,,,,True,,,,,,,,,,,,
TRADE_B2C104CF5291,성동빌라,동래구,온천동,,,,,,0.0,0.0,0.0,1,,,,True,,,,,,,,,,,,
TRADE_B2C1C853D4EA,성도뷰크,동래구,온천동,,,,,,0.0,1.0,2.0,3,,,,True,,,,,-0.13793103448275867,0.00746268656716409,310000000.0,-0.19354838709677424,220000000.0,0.13636363636363646,1.0,True
TRADE_B2D686309470,JM글로리아,수영구,광안동,,,,,,0.0,0.0,0.0,1,,,,True,,,,,,,,,,,,
TRADE_B2F5E35231C1,반석비치빌라2차,해운대구,중동,,,,,,0.0,0.0,0.0,1,,,,True,,,,,,,,,,,,
TRADE_B2FB1AE133A0,세명플러스빌,연제구,연산동,,,,,,0.0,0.0,0.0,1,,,,True,,,,,,,285000000.0,0.0,285000000.0,0.0,0.0,True
TRADE_B30F8E291C56,모드니하이츠,기장군,기장읍대라리,,,,,,0.0,0.0,0.0,2,,,,True,,,,,,,,,,,,
TRADE_B324B843A364,연지동백리명가에덴,부산진구,연지동,,,,,,1.0,1.0,1.0,2,,,,True,,,,,,,,,,,,
TRADE_B324C5164FA1,목연정빌라,중구,부평동4가,,,,,,0.0,0.0,0.0,2,,,,True,,,,,,,230000000.0,0.0,230000000.0,0.0,0.0,True
TRADE_B384A2C9B81F,성남,수영구,광안동,,,,,,0.0,0.0,0.0,1,,,,True,,,,,,,,,,,,
TRADE_B3919845A959,청호,사하구,하단동,,,,,,0.0,0.0,2.0,1,,,,True,,,,,,,250000000.0,-0.21999999999999997,195000000.0,0.0,0.0,True
TRADE_B399F31B16B2,부전,수영구,광안동,,,,,,0.0,0.0,0.0,1,,,,True,,,,,,,,,,,,
TRADE_B3C54F691638,프론티어빌,사하구,하단동,,,,,,0.0,0.0,1.0,3,,,,True,,,,,,,169000000.0,-0.1124260355029586,150000000.0,0.0,0.0,True
TRADE_B3EBBCE01E41,초읍그린,부산진구,초읍동,,,,,,1.0,2.0,3.0,2,,,,True,,,,,,,,,,,,
TRADE_B3F38974DC6B,금화맨션,사하구,괴정동,,,,,,0.0,0.0,0.0,2,,,,True,,,,,,,123000000.0,-0.024390243902439046,120000000.0,0.0,0.0,True
TRADE_B3FB2FDBD5FD,삼부,금정구,청룡동,,,,,,0.0,0.0,0.0,1,,,,True,,,,,,,258500000.0,0.0,258500000.0,0.0,0.0,True
TRADE_B4362E4982B7,평광청솔,금정구,남산동,,,,,,0.0,0.0,0.0,1,,,,True,,,,,,,250000000.0,0.0,250000000.0,0.0,0.0,True
TRADE_B43749AEACA0,신풍주택,금정구,남산동,,,,,,0.0,0.0,0.0,1,,,,True,,,,,,,,,,,,
TRADE_B44577B8F074,원오피스텔,동래구,온천동,,,,,,0.0,0.0,0.0,1,,,,True,,,,,,,,,,,,
TRADE_B46B41E7C3D1,태승타워,연제구,거제동,,,,,,0.0,0.0,0.0,1,,,,True,,,,,,,,,,,,
TRADE_B46BA5358074,감천단지,사하구,감천동,,,,,,0.0,4.0,5.0,4,,,,True,,,,,,,148500000.0,-0.22558922558922556,115000000.0,0.0,0.0,True
TRADE_B48F0E16B8B9,헤리츠아파트2차,서구,토성동5가,,,,,,0.0,0.0,1.0,2,,,,True,,,,,,,330000000.0,0.0,325000000.0,0.01538461538461533,0.0,True
TRADE_B4A37176D203,대하덕포(1호동),사상구,덕포동,,,,,,0.0,0.0,1.0,1,,,,True,,,,,,,,,,,,
TRADE_B4CB3B7F0579,광일,수영구,광안동,,,,,,0.0,0.0,0.0,1,,,,True,,,,,,,,,,,,
TRADE_B4D757CF26E6,양정센텀,부산진구,양정동,,,,,,1.0,3.0,7.0,5,,,,True,,219000000.0,8538516.06805293,-0.05907626208378092,-0.09072580645161288,,257000000.0,-0.14785992217898836,170000000.0,0.28823529411764715,3.0,False
TRADE_B4E315915B85,센추리빌라,동구,범일동,,,,,,0.0,0.0,0.0,1,,,,True,,,,,,,,,,,,
TRADE_B4FAEE558368,금정산태진팰리스,금정구,장전동,,,,,,0.0,0.0,0.0,1,,,,True,,,,,,,,,,,,
TRADE_B4FF67D555DB,아람센트럴시티,사하구,하단동,,,,,,3.0,3.0,4.0,2,,,,True,,,,,,,,,,,,
TRADE_B500C2FB0C57,남일,연제구,연산동,,,,,,2.0,3.0,3.0,4,,,,True,,,,,,,,,,,,
TRADE_B50584F294D0,백산상가빌라,금정구,서동,,,,,,0.0,0.0,0.0,1,,,,True,,,,,,,172000000.0,0.0,172000000.0,0.0,0.0,True
TRADE_B52379628BE8,신일,금정구,구서동,,,,,,0.0,0.0,1.0,1,,,,True,,,,,,,,,,,,
TRADE_B52D96F0B019,정상네이처빌5차,남구,용호동,,,,,,0.0,0.0,0.0,3,,,,True,,,,,,,,,,,,
TRADE_B52DB7A4F5E6,연산오성빌라맨션,연제구,연산동,,,,,,0.0,0.0,0.0,1,,,,True,,,,,,,,,,,,
TRADE_B53035E66516,대정빌라(852-9),남구,대연동,,,,,,0.0,0.0,0.0,1,,,,True,,,,,,,205000000.0,-0.04878048780487809,195000000.0,0.0,0.0,True
TRADE_B53102CA5569,다대에코하임,사하구,다대동,,,,,,0.0,0.0,0.0,1,,,,True,,,,,,,,,,,,
TRADE_B550CC487661,리버힐즈,수영구,민락동,,,,,,0.0,0.0,0.0,1,,,,True,,,,,,,,,,,,
TRADE_B562FDB6FC5E,해운하이츠,해운대구,중동,,,,,,0.0,0.0,0.0,1,,,,True,,,,,,,,,,,,
TRADE_B563E08B16DE,임페리얼빌라,금정구,장전동,,,,,,0.0,0.0,0.0,1,,,,True,,,,,,,,,,,,
TRADE_B5A28D9E55AC,사하빌라,사하구,괴정동,,,,,,0.0,0.0,0.0,1,,,,True,,,,,,,,,,,,
TRADE_B5AE14A0DDEB,서원블루오션B동,서구,토성동5가,,,,,,0.0,0.0,0.0,1,,,,True,,,,,,,308000000.0,-0.18831168831168832,250000000.0,0.0,0.0,True
TRADE_B5B4A1E9DFB7,동서빌라,중구,보수동3가,,,,,,0.0,0.0,0.0,1,,,,True,,,,,,,165000000.0,0.0,165000000.0,0.0,0.0,True
TRADE_B5BEF5F2B166,석산3차,금정구,남산동,,,,,,0.0,0.0,1.0,2,,,,True,,,,,,,,,,,,
TRADE_B5C0391E7A0E,하나타운,영도구,남항동1가,,,,,,0.0,0.0,0.0,2,,,,True,,,,,,,,,,,,
TRADE_B5C0FE27273C,용두산맨션,중구,신창동1가,,,,,,0.0,0.0,0.0,2,,,,True,,,,,,,,,,,,
TRADE_B5DBE6FF1E43,성지하나로,동구,범일동,,,,,,0.0,0.0,0.0,3,,,,True,,,,,,,172000000.0,0.0,172000000.0,0.0,0.0,True
TRADE_B5FCB6D787BB,한우,사하구,괴정동,,,,,,0.0,1.0,1.0,1,,,,True,,,,,,,,,,,,
TRADE_B60632468ADA,명진프라임빌,남구,대연동,,,,,,0.0,0.0,2.0,3,,,,True,,,,,,,,,,,,
TRADE_B638A586D7F4,센텀빌리지,수영구,광안동,,,,,,0.0,0.0,3.0,2,,,,True,,,,,,0.0,227500000.0,-0.09890109890109888,200000000.0,0.02499999999999991,0.0,True
TRADE_B6501C067132,아남하이츠3차,해운대구,중동,,,,,,0.0,0.0,0.0,1,,,,True,,,,,,,,,,,,
TRADE_B6633DAF7B38,대정베스트빌,기장군,기장읍동부리,,,,,,0.0,1.0,1.0,1,,,,True,,,,,,,,,,,,
TRADE_B66426B47576,삼부,동래구,수안동,,,,,,0.0,0.0,1.0,1,,,,True,,,,,,,,,,,,
TRADE_B66AD2CF0F96,시티하임,동래구,온천동,,,,,,0.0,0.0,0.0,1,,,,True,,,,,,,,,,,,
TRADE_B675C4420F87,W-PARKⅡ,수영구,광안동,,,,,,0.0,0.0,1.0,2,,,,True,,,,,,,,,,,,
TRADE_B677AF477873,삼성맨션,남구,용호동,,,,,,0.0,0.0,0.0,1,,,,True,,,,,,,,,,,,
TRADE_B684F1FAABD1,현대(1042-2),해운대구,재송동,,,,,,2.0,4.0,6.0,3,,,,True,,230000000.0,9183303.085299455,0.09523809523809534,,0.2359550561797752,255000000.0,-0.0980392156862745,116000000.0,0.9827586206896552,3.0,False
TRADE_B68DB57B5D63,삼주,해운대구,중동,,,,,,1.0,2.0,2.0,2,,,,True,,,,,,,650000000.0,-0.06153846153846154,335000000.0,0.8208955223880596,0.0,True
TRADE_B68F77495C5C,부경솔리드101동,사하구,괴정동,,,,,,0.0,0.0,0.0,2,,,,True,,,,,,,225000000.0,0.0,225000000.0,0.0,0.0,True
TRADE_B6A398F5FF46,황중베르빌,기장군,기장읍대라리,,,,,,0.0,1.0,2.0,2,,,,True,,,,,0.1923076923076923,,156000000.0,-0.0064102564102563875,130000000.0,0.1923076923076923,1.0,True
TRADE_B6D1494239B5,동경리치타운(1797-8),남구,대연동,,,,,,0.0,0.0,1.0,3,,,,True,,,,,,,310000000.0,-0.041935483870967794,256000000.0,0.16015625,0.0,True
TRADE_B6ED60B0BA1E,괴정동원,사하구,괴정동,,,,,,1.0,1.0,2.0,3,,,,True,,,,,,,225000000.0,-0.13111111111111107,195500000.0,0.0,0.0,True
TRADE_B6FB95A15BC7,삼우,부산진구,가야동,,,,,,0.0,1.0,1.0,1,,,,True,,,,,,,,,,,,
TRADE_B717BA6A2197,아미맨션,서구,아미동2가,,,,,,0.0,0.0,2.0,1,,,,True,,,,,,,,,,,,
TRADE_B7210B7570CE,남평파크뷰,기장군,일광읍삼성리,,,,,,0.0,0.0,0.0,1,,,,True,,,,,,,210000000.0,-0.023809523809523836,173000000.0,0.18497109826589586,0.0,True
TRADE_B72207AB3ECC,일성아이앤유,사하구,당리동,,,,,,0.0,0.0,1.0,2,,,,True,,,,,,,,,,,,
TRADE_B730C66BDD45,대호맨션,동래구,명장동,,,,,,0.0,0.0,0.0,3,,,,True,,,,,,,,,,,,
TRADE_B771669556C4,일화아트빌라,금정구,구서동,,,,,,0.0,0.0,0.0,1,,,,True,,,,,,,,,,,,
TRADE_B79255641BB9,남산하이시티,금정구,남산동,,,,,,0.0,0.0,0.0,1,,,,True,,,,,,,,,,,,
TRADE_B7B45379FD3F,오름캐슬,남구,대연동,,,,,,0.0,0.0,0.0,1,,,,True,,,,,,,,,,,,
TRADE_B7CC5C7AC211,광안화목5,수영구,광안동,,,,,,0.0,0.0,0.0,2,,,,True,,,,,,,,,,,,
TRADE_B7D815DDD97F,동아썬빌라,금정구,장전동,,,,,,0.0,0.0,0.0,1,,,,True,,,,,,,,,,,,
TRADE_B7DF946C6AE2,대원빌라2차,부산진구,부전동,,,,,,0.0,0.0,0.0,1,,,,True,,,,,,,,,,,,
TRADE_B7E39DD9DDEC,동보5차,금정구,남산동,,,,,,0.0,0.0,0.0,1,,,,True,,,,,,,190000000.0,0.0,190000000.0,0.0,0.0,True
TRADE_B7F75F3F1318,정호베스트빌,남구,문현동,,,,,,0.0,0.0,0.0,1,,,,True,,,,,,,,,,,,
TRADE_B821D4F1F32E,광민파크빌,수영구,광안동,,,,,,0.0,0.0,0.0,1,,,,True,,,,,,,292000000.0,0.0,292000000.0,0.0,0.0,True
TRADE_B834D1411E25,경원프라우드빌,해운대구,좌동,,,,,,0.0,0.0,0.0,1,,,,True,,,,,,,650000000.0,-0.2692307692307693,387500000.0,0.22580645161290325,0.0,True
TRADE_B843BFD93DA2,신풍골든,연제구,연산동,,,,,,0.0,0.0,1.0,1,,,,True,,,,,,0.22916666666666674,295000000.0,0.0,240000000.0,0.22916666666666674,0.0,True
TRADE_B846FD6779B8,협성베스트하우스,부산진구,초읍동,,,,,,0.0,0.0,0.0,2,,,,True,,,,,,,180000000.0,0.0,180000000.0,0.0,0.0,True
TRADE_B85AD7036D6A,리치하우스,사하구,당리동,,,,,,2.0,3.0,5.0,2,,,,True,,,,,0.005747126436781658,0.0,358000000.0,-0.022346368715083775,280000000.0,0.25,1.0,True
TRADE_B863A74C3317,우진타워,남구,대연동,,,,,,0.0,0.0,0.0,1,,,,True,,,,,,,,,,,,
TRADE_B88398ACC4EA,필우빌라맨션,동구,수정동,,,,,,0.0,0.0,0.0,1,,,,True,,,,,,,,,,,,
TRADE_B88B8C92C1D8,지광베르디아,사하구,괴정동,,,,,,0.0,0.0,0.0,1,,,,True,,,,,,,,,,,,
TRADE_B88C85B1CA05,성림타워,부산진구,범천동,,,,,,0.0,0.0,0.0,3,,,,True,,,,,,,225000000.0,-0.3555555555555555,120000000.0,0.20833333333333326,0.0,True
TRADE_B8908751D01C,동서상가,연제구,연산동,,,,,,0.0,0.0,1.0,3,,,,True,,,,,,,310000000.0,0.0,302500000.0,0.024793388429751984,0.0,True
TRADE_B8B4B1C21B14,구봉빌리지,동구,초량동,,,,,,0.0,0.0,0.0,1,,,,True,,,,,,,248000000.0,0.0,248000000.0,0.0,0.0,True
TRADE_B8DB8EEF6597,온천장해피투모로우,금정구,장전동,,,,,,1.0,3.0,4.0,2,,,,True,,,,,,,,,,,,
TRADE_B8EAF3685600,동조리젠시2,사하구,하단동,,,,,,0.0,0.0,0.0,3,,,,True,,,,,,,187500000.0,-0.040000000000000036,180000000.0,0.0,0.0,True
TRADE_B9127DB8CDDD,대명빌라1차,금정구,남산동,,,,,,0.0,0.0,0.0,1,,,,True,,,,,,,160000000.0,-0.28125,100000000.0,0.1499999999999999,0.0,True
TRADE_B918EE5C34EA,대로베스타빌,수영구,광안동,,,,,,0.0,0.0,0.0,1,,,,True,,,,,,,,,,,,
TRADE_B936A014BF30,유영,연제구,연산동,,,,,,0.0,0.0,0.0,1,,,,True,,,,,,,,,,,,
TRADE_B94A20B149F7,덕산에이스빌라,금정구,남산동,,,,,,0.0,0.0,0.0,1,,,,True,,,,,,,,,,,,
TRADE_B94C9EA479E7,덕림아파트,동구,수정동,,,,,,0.0,1.0,2.0,2,,,,True,,,,,,,,,,,,
TRADE_B97BD68C7605,도형리치빌A동,북구,구포동,,,,,,0.0,0.0,1.0,1,,,,True,,,,,,-0.0625,160000000.0,-0.0625,150000000.0,0.0,0.0,True
TRADE_B990385075F2,대변그린비치빌,기장군,기장읍대변리,,,,,,0.0,1.0,1.0,1,,,,True,,,,,,,175000000.0,-0.2857142857142857,125000000.0,0.0,1.0,True
TRADE_B9CFD1049395,프린세스빌라,서구,서대신동1가,,,,,,0.0,0.0,0.0,2,,,,True,,,,,,,,,,,,
TRADE_B9D171228754,태양아르떼,서구,충무동2가,,,,,,0.0,0.0,1.0,1,,,,True,,,,,,,,,,,,
TRADE_B9E1FECE04A8,동산,사하구,하단동,,,,,,0.0,0.0,0.0,1,,,,True,,,,,,,,,,,,
TRADE_B9E73B5789C4,세종타워,수영구,광안동,,,,,,0.0,0.0,0.0,1,,,,True,,,,,,,270000000.0,-0.03703703703703709,260000000.0,0.0,0.0,True
TRADE_B9F3DA54D5DD,로얄3차,동래구,사직동,,,,,,0.0,0.0,0.0,4,,,,True,,,,,,,488000000.0,-0.049180327868852514,340000000.0,0.3647058823529412,0.0,True
TRADE_B9FB6C01E318,창신,동래구,명장동,,,,,,0.0,0.0,0.0,1,,,,True,,,,,,,,,,,,
TRADE_B9FC5356E8B4,서면시즈빌,부산진구,당감동,,,,,,0.0,3.0,4.0,4,,,,True,,,,,,,,,,,,
TRADE_B9FC97FCBA7A,대호(877-6),남구,대연동,,,,,,0.0,0.0,1.0,2,,,,True,,,,,,,175000000.0,0.0,175000000.0,0.0,0.0,True
TRADE_BA09D051E0DE,서면베스티움더시티,동구,범일동,,,,,,1.0,1.0,3.0,1,,,,True,,,,,,,,,,,,
TRADE_BA269C696E88,리버포레(B동),사하구,하단동,,,,,,0.0,0.0,0.0,1,,,,True,,,,,,,,,,,,
TRADE_BA288B5CD044,스카이엘,금정구,구서동,,,,,,0.0,0.0,6.0,2,,,,True,,,,,,,,,,,,
TRADE_BA3236D92C10,동경시티빌,남구,대연동,,,,,,0.0,0.0,0.0,1,,,,True,,,,,,,150000000.0,0.0,150000000.0,0.0,0.0,True
TRADE_BA35C4B45660,화인상아,연제구,거제동,,,,,,0.0,0.0,0.0,2,,,,True,,,,,,,,,,,,
TRADE_BA4215B3F443,진일,연제구,연산동,,,,,,0.0,0.0,0.0,1,,,,True,,,,,,,,,,,,
TRADE_BA422AE30AF8,로즈빌라,사하구,괴정동,,,,,,0.0,0.0,1.0,1,,,,True,,,,,,,,,,,,
TRADE_BA4C025C5547,석산8차,금정구,남산동,,,,,,0.0,0.0,0.0,1,,,,True,,,,,,,,,,,,
TRADE_BA5003006D6D,세진,해운대구,반여동,,,,,,0.0,0.0,0.0,1,,,,True,,,,,,,,,,,,
TRADE_BAA999EBCC24,모라A,사상구,모라동,,,,,,0.0,0.0,1.0,1,,,,True,,,,,,,,,,,,
TRADE_BABFC21EA2CD,동림하이츠,남구,용호동,,,,,,0.0,0.0,0.0,1,,,,True,,,,,,,185000000.0,0.0,185000000.0,0.0,0.0,True
TRADE_BACD984B84BA,덕인센추리온,금정구,구서동,,,,,,1.0,2.0,5.0,1,,,,True,,276000000.0,10724125.750618154,-0.07999999999999996,-0.011158798283261828,-0.01604729729729726,312500000.0,-0.11680000000000001,276000000.0,0.0,2.0,True
TRADE_BAF9B4419277,금수하이빌,수영구,광안동,,,,,,0.0,0.0,0.0,2,,,,True,,,,,,,233000000.0,0.0,233000000.0,0.0,0.0,True
TRADE_BAFCA032FEC1,보해이브빌,사하구,하단동,,,,,,0.0,1.0,2.0,2,,,,True,,,,,,,240000000.0,0.0,180000000.0,0.33333333333333326,0.0,True
TRADE_BAFEF07B65B7,영광맨션,금정구,부곡동,,,,,,0.0,0.0,1.0,2,,,,True,,,,,,,,,,,,
TRADE_BB1F97BA004B,리츠빌리지,기장군,기장읍교리,,,,,,0.0,0.0,1.0,2,,,,True,,,,,,,239000000.0,-0.01673640167364021,218000000.0,0.07798165137614688,0.0,True
TRADE_BB307AF3D722,현대아쿠아팰리스동백섬,해운대구,우동,,,,,,0.0,0.0,0.0,3,,,,True,,,,,,,610000000.0,-0.09836065573770492,490000000.0,0.12244897959183665,0.0,True
TRADE_BB5326F8A619,정원센텀뷰남천,수영구,남천동,,,,,,2.0,6.0,16.0,2,,,,True,,530000000.0,21151287.942919336,-0.04504504504504503,0.004629629629629539,0.19999999999999996,555000000.0,-0.04504504504504503,383000000.0,0.38381201044386426,2.0,True
TRADE_BB60B03FFA07,신흥동백맨션8,영도구,동삼동,,,,,,0.0,0.0,0.0,3,,,,True,,,,,,,,,,,,
TRADE_BB6FB4094248,자연아트빌,사상구,주례동,,,,,,0.0,0.0,0.0,1,,,,True,,,,,,,,,,,,
TRADE_BB7093042AF7,구서1차봄여름가을겨울,금정구,구서동,,,,,,0.0,0.0,1.0,1,,,,True,,,,,,,,,,,,
TRADE_BB82C4E84963,혜성골든타운,해운대구,재송동,,,,,,0.0,0.0,1.0,2,,,,True,,,,,,,,,,,,
TRADE_BB9317B7DC8A,태광리치뷰,연제구,거제동,,,,,,1.0,3.0,5.0,1,,,,True,,,,,,,,,,,,
TRADE_BBADD3EDF919,시청역더리체,연제구,연산동,,,,,,0.0,1.0,5.0,3,,,,True,,,,,,,355000000.0,-0.028169014084507005,294000000.0,0.17346938775510212,0.0,True
TRADE_BBB98C44AC01,교보타워,남구,대연동,,,,,,0.0,0.0,0.0,1,,,,True,,,,,,,312000000.0,0.0,312000000.0,0.0,0.0,True
TRADE_BBC89621D48B,보람시티빌,남구,대연동,,,,,,0.0,0.0,0.0,1,,,,True,,,,,,,248000000.0,0.0,248000000.0,0.0,0.0,True
TRADE_BBF82E5B265B,민화그린빌라,해운대구,반송동,,,,,,0.0,0.0,0.0,1,,,,True,,,,,,,,,,,,
TRADE_BC033F315974,신동아(320-31),사하구,당리동,,,,,,0.0,0.0,0.0,1,,,,True,,,,,,,,,,,,
TRADE_BC3FF9EC6475,영미(나동),수영구,망미동,,,,,,0.0,0.0,0.0,1,,,,True,,,,,,,,,,,,
TRADE_BC445DD045B0,진송드림빌,남구,대연동,,,,,,0.0,0.0,0.0,2,,,,True,,,,,,,,,,,,
TRADE_BC447EFE9ACC,미림크라운맨션(1465-5),남구,대연동,,,,,,0.0,1.0,1.0,1,,,,True,,,,,,,,,,,,
TRADE_BC4918285DD2,아림시티빌,연제구,연산동,,,,,,0.0,0.0,0.0,1,,,,True,,,,,,,240000000.0,0.0,222000000.0,0.08108108108108114,0.0,True
TRADE_BC5CE69B14A6,던힐즈아파트,기장군,기장읍대라리,,,,,,0.0,0.0,0.0,1,,,,True,,,,,,,,,,,,
TRADE_BC6E6271DD6E,동보시티빌,기장군,기장읍동부리,,,,,,0.0,1.0,1.0,2,,,,True,,,,,,,,,,,,
TRADE_BC849F52B6D9,에코팰리스,영도구,영선동1가,,,,,,1.0,1.0,1.0,2,,,,True,,,,,,,346000000.0,0.0,325000000.0,0.06461538461538452,0.0,True
TRADE_BCBE9DD82FE8,부산기장포스코더샵,기장군,기장읍동부리,,,,,,0.0,0.0,0.0,1,,,,True,,,,,,,365000000.0,-0.12328767123287676,243000000.0,0.3168724279835391,0.0,True
TRADE_BCCE6009241B,보람,해운대구,반여동,,,,,,2.0,2.0,4.0,1,,,,True,,,,,,,,,,,,
TRADE_BCE69C3A073B,대진골든빌리지,서구,서대신동2가,,,,,,0.0,1.0,1.0,1,,,,True,,,,,,,,,,,,
TRADE_BCF2FD52607E,진흥목화,서구,동대신동1가,,,,,,1.0,1.0,1.0,1,,,,True,,245000000.0,9518730.176670458,,,0.02083333333333326,260000000.0,-0.05769230769230771,220000000.0,0.11363636363636354,1.0,True
TRADE_BCF495EF737A,양지빌라,동구,수정동,,,,,,0.0,0.0,0.0,1,,,,True,,,,,,,170000000.0,-0.08823529411764708,155000000.0,0.0,0.0,True
TRADE_BD026ECE31C4,광안부백자연애아파트,수영구,광안동,,,,,,0.0,1.0,2.0,1,,,,True,,,,,,,,,,,,
TRADE_BD13737DE028,거성리젠시,금정구,남산동,,,,,,1.0,1.0,1.0,3,,,,True,,170000000.0,6608209.728792476,,,,230000000.0,-0.26086956521739135,170000000.0,0.0,1.0,True
TRADE_BD6F6808DCBB,성림(1829-11),연제구,연산동,,,,,,0.0,0.0,0.0,2,,,,True,,,,,,,,,,,,
TRADE_BD8197A229F1,경우골드빌라,동래구,온천동,,,,,,0.0,0.0,1.0,1,,,,True,,,,,,,,,,,,
TRADE_BDA5F58465C8,서인드림빌10차,기장군,기장읍서부리,,,,,,0.0,0.0,0.0,1,,,,True,,,,,,,153000000.0,-0.019607843137254943,150000000.0,0.0,0.0,True
TRADE_BDADE465F35F,햇살마루,연제구,연산동,,,,,,0.0,0.0,0.0,1,,,,True,,,,,,,,,,,,
TRADE_BDAFE7F1A7FA,칠산주택조합,사하구,하단동,,,,,,1.0,1.0,2.0,1,,,,True,,,,,,,,,,,,
TRADE_BDB4F40C5FDE,뷔센하우스,해운대구,중동,,,,,,0.0,1.0,1.0,1,,,,True,,,,,,,,,,,,
TRADE_BE093CC57826,영도화랑,영도구,남항동3가,,,,,,0.0,1.0,2.0,1,,,,True,,,,,,,,,,,,
TRADE_BE1C90282D6C,센텀스카이A,해운대구,재송동,,,,,,0.0,0.0,0.0,1,,,,True,,,,,,,230000000.0,-0.08913043478260874,190000000.0,0.10263157894736841,0.0,True
TRADE_BE4C8C0861B4,동우그린빌라가동,기장군,기장읍대라리,,,,,,0.0,0.0,0.0,2,,,,True,,,,,,,,,,,,
TRADE_BE56369DBC10,진흥목화,수영구,광안동,,,,,,1.0,1.0,1.0,2,,,,True,,,,,,,510000000.0,0.0,510000000.0,0.0,0.0,True
TRADE_BE6A7BA0B502,파크블루9차,북구,구포동,,,,,,0.0,0.0,3.0,1,,,,True,,,,,,,,,,,,
TRADE_BE6A94E2BE02,대신자유,서구,서대신동2가,,,,,,0.0,0.0,0.0,1,,,,True,,,,,,,217000000.0,-0.3087557603686636,150000000.0,0.0,0.0,True
TRADE_BE6B79CDBF88,콜트힐,금정구,남산동,,,,,,0.0,0.0,0.0,1,,,,True,,,,,,,,,,,,
TRADE_BE7BC1F66D14,부곡협성,금정구,부곡동,,,,,,0.0,0.0,0.0,3,,,,True,,,,,,,,,,,,
TRADE_BE82643AF322,목련빌라,연제구,연산동,,,,,,0.0,0.0,1.0,1,,,,True,,,,,,,230000000.0,-0.28260869565217395,165000000.0,0.0,0.0,True
TRADE_BE82FD19515A,세종빌에이동,동래구,온천동,,,,,,0.0,0.0,0.0,1,,,,True,,,,,,,263000000.0,-0.2395437262357415,200000000.0,0.0,0.0,True
TRADE_BEAB689B2438,태림맨션,서구,암남동,,,,,,0.0,0.0,0.0,1,,,,True,,,,,,,148000000.0,-0.05405405405405406,135000000.0,0.03703703703703698,0.0,True
TRADE_BEBEED3C7735,푸른마을(888-7),남구,대연동,,,,,,0.0,0.0,0.0,3,,,,True,,,,,,,260000000.0,0.0,260000000.0,0.0,0.0,True
TRADE_BEC24D9B86AF,지성캐슬,연제구,연산동,,,,,,1.0,1.0,1.0,1,,,,True,,,,,,,,,,,,
TRADE_BEF7CF6DC656,한신,동래구,명장동,,,,,,0.0,0.0,1.0,2,,,,True,,,,,,,,,,,,
TRADE_BF05516619F3,진주,수영구,남천동,,,,,,0.0,0.0,1.0,2,,,,True,,,,,,,750000000.0,0.0,450000000.0,0.6666666666666667,0.0,True
TRADE_BF2C44F0AB67,광안메르빌,수영구,광안동,,,,,,2.0,3.0,7.0,3,,,,True,,318000000.0,12362928.649856035,-0.04790419161676651,0.018750000000000044,,358000000.0,-0.11173184357541899,288000000.0,0.10416666666666674,2.0,True
TRADE_BF56205BB17D,신흥동백2,영도구,동삼동,,,,,,0.0,0.0,0.0,3,,,,True,,,,,,,,,,,,
TRADE_BF79C86310F7,우정맨션가동,북구,구포동,,,,,,0.0,0.0,1.0,1,,,,True,,,,,,,,,,,,
TRADE_BF7DB98DF489,동원빌라,동래구,사직동,,,,,,0.0,0.0,5.0,2,,,,True,,,,,,,600000000.0,-0.18833333333333335,487000000.0,0.0,0.0,True
TRADE_BF85BB449398,GL타운A,서구,서대신동2가,,,,,,0.0,0.0,0.0,1,,,,True,,,,,,,,,,,,
TRADE_BFEDBD2CBEC2,동산빌라,금정구,남산동,,,,,,0.0,1.0,1.0,1,,,,True,,,,,,,,,,,,
TRADE_C00D26A31B56,진명드림빌,연제구,연산동,,,,,,0.0,0.0,0.0,1,,,,True,,,,,,,,,,,,
TRADE_C0118F5C0319,파레스빌라,수영구,민락동,,,,,,0.0,0.0,0.0,2,,,,True,,,,,,,,,,,,
TRADE_C01ECEB50CD8,전원금강빌,금정구,구서동,,,,,,0.0,0.0,0.0,1,,,,True,,,,,,,245000000.0,-0.22448979591836737,190000000.0,0.0,0.0,True
TRADE_C027D143BF57,성원빌리지(590-4),사하구,하단동,,,,,,0.0,0.0,0.0,1,,,,True,,,,,,,,,,,,
TRADE_C02A6229A53E,조은아파트,금정구,구서동,,,,,,0.0,0.0,0.0,1,,,,True,,,,,,,,,,,,
TRADE_C0692AACBD50,태림아파트,부산진구,초읍동,,,,,,0.0,0.0,0.0,2,,,,True,,,,,,,165000000.0,0.0,165000000.0,0.0,0.0,True
TRADE_C0731E87025B,대산,해운대구,반여동,,,,,,0.0,0.0,0.0,1,,,,True,,,,,,,,,,,,
TRADE_C084FE7046E6,덕성빌라,해운대구,우동,,,,,,0.0,0.0,1.0,1,,,,True,,,,,,,,,,,,
TRADE_C08750E19FCD,진명드림빌,영도구,남항동2가,,,,,,1.0,1.0,1.0,2,,,,True,,168000000.0,6526960.207205086,,,,210000000.0,-0.19999999999999996,168000000.0,0.0,1.0,True
TRADE_C08D77E81C35,덕한빌라,금정구,장전동,,,,,,0.0,0.0,0.0,1,,,,True,,,,,,,187000000.0,0.0,187000000.0,0.0,0.0,True
TRADE_C0B8896E1EA0,반야빌라,금정구,장전동,,,,,,0.0,0.0,1.0,1,,,,True,,,,,,,240000000.0,0.0,240000000.0,0.0,0.0,True
TRADE_C0BB1C15121C,라경유닉스빌라,동래구,온천동,,,,,,0.0,1.0,1.0,1,,,,True,,,,,,,,,,,,
TRADE_C0CE7CF33067,동화마을5,해운대구,반송동,,,,,,1.0,3.0,8.0,2,,,,True,,,,,,,,,,,,
TRADE_C0DDE7A3D748,태안,연제구,연산동,,,,,,0.0,0.0,0.0,1,,,,True,,,,,,,,,,,,
TRADE_C0FF739F1357,선마린빌라트,영도구,동삼동,,,,,,0.0,0.0,0.0,1,,,,True,,,,,,,,,,,,
TRADE_C1353BA0182D,골든,부산진구,범천동,,,,,,0.0,1.0,1.0,4,,,,True,,,,,,,270000000.0,0.0,270000000.0,0.0,0.0,True
TRADE_C135EE3E19A2,양지마을,연제구,연산동,,,,,,0.0,0.0,0.0,3,,,,True,,,,,,,240000000.0,-0.3416666666666667,158000000.0,0.0,0.0,True
TRADE_C1BD6346E923,청성,영도구,영선동2가,,,,,,0.0,0.0,1.0,1,,,,True,,,,,,,241000000.0,-0.12863070539419086,210000000.0,0.0,0.0,True
TRADE_C1C1440BA053,한성기린,금정구,서동,,,,,,0.0,0.0,0.0,3,,,,True,,,,,,,,,,,,
TRADE_C1D1F16B56E0,구서쌍용스윗닷홈,금정구,구서동,,,,,,0.0,2.0,3.0,1,,,,True,,,,,,,,,,,,
TRADE_C1F514794E52,화신,수영구,민락동,,,,,,0.0,2.0,2.0,3,,,,True,,,,,,,740000000.0,-0.4054054054054054,315000000.0,0.39682539682539675,2.0,True
TRADE_C1F7579CA020,거제동서하이빌,연제구,거제동,,,,,,0.0,0.0,0.0,1,,,,True,,,,,,,775000000.0,0.0,775000000.0,0.0,0.0,True
TRADE_C209AE6372F9,팬츠하우스,부산진구,초읍동,,,,,,0.0,0.0,0.0,2,,,,True,,,,,,,,,,,,
TRADE_C20D856C2DC7,로즈빌라(170-13),수영구,광안동,,,,,,0.0,0.0,0.0,1,,,,True,,,,,,,,,,,,
TRADE_C214B3E7D805,미림맨션,연제구,연산동,,,,,,0.0,0.0,0.0,2,,,,True,,,,,,,,,,,,
TRADE_C219A4446E2F,세영,연제구,연산동,,,,,,0.0,0.0,1.0,1,,,,True,,,,,,,,,,,,
TRADE_C235EF7ADDD2,대승스위트,서구,서대신동3가,,,,,,1.0,1.0,2.0,1,,,,True,,222000000.0,8653437.278525868,,-0.09756097560975607,,246000000.0,-0.09756097560975607,210000000.0,0.05714285714285716,1.0,True
TRADE_C23BEAD79FD1,으뜸빌라,사하구,괴정동,,,,,,0.0,0.0,0.0,1,,,,True,,,,,,,,,,,,
TRADE_C26D92F4E1A4,동보3,금정구,구서동,,,,,,0.0,0.0,0.0,1,,,,True,,,,,,,205000000.0,0.0,173000000.0,0.18497109826589586,0.0,True
TRADE_C27B6E67CDAE,고려빌라맨션,서구,암남동,,,,,,1.0,1.0,2.0,3,,,,True,,175000000.0,6869275.603663614,,-0.10256410256410253,-0.13953488372093026,252500000.0,-0.306930693069307,175000000.0,0.0,1.0,True
TRADE_C29255DA9B49,영선3동,영도구,영선동4가,,,,,,0.0,0.0,0.0,1,,,,True,,,,,,,,,,,,
TRADE_C2A7D4199828,용진스타티스,동래구,온천동,,,,,,0.0,0.0,2.0,2,,,,True,,,,,,0.4884393063583814,290000000.0,-0.08620689655172409,173000000.0,0.5317919075144508,0.0,True
TRADE_C2AAEA0A8F23,세명빌라,동래구,온천동,,,,,,0.0,0.0,0.0,1,,,,True,,,,,,,,,,,,
TRADE_C2B5FD2D256C,페리II,기장군,기장읍대라리,,,,,,0.0,0.0,1.0,1,,,,True,,,,,,,,,,,,
TRADE_C2DE78D175B7,형진강변프라자,기장군,정관읍매학리,,,,,,1.0,3.0,4.0,4,,,,True,,180000000.0,7198254.9684924865,,0.27659574468085113,,202000000.0,-0.1089108910891089,141000000.0,0.27659574468085113,1.0,True
TRADE_C2E67F97F821,남평N-CITY,금정구,구서동,,,,,,0.0,1.0,1.0,2,,,,True,,,,,,,,,,,,
TRADE_C2EA063B1D36,베스안하우스2동,동구,수정동,,,,,,0.0,0.0,0.0,1,,,,True,,,,,,,,,,,,
TRADE_C2F8674833E9,한맥현대,남구,문현동,,,,,,0.0,1.0,1.0,2,,,,True,,,,,,,240000000.0,-0.16666666666666663,193000000.0,0.03626943005181338,0.0,True
TRADE_C2FD7F179506,동국에버리치,기장군,기장읍대라리,,,,,,0.0,0.0,0.0,4,,,,True,,,,,,,,,,,,
TRADE_C3428BDB5934,상록캐스빌,해운대구,재송동,,,,,,0.0,0.0,0.0,1,,,,True,,,,,,,,,,,,
TRADE_C34776DB26B6,영동써니,해운대구,송정동,,,,,,0.0,1.0,1.0,1,,,,True,,,,,,,155000000.0,0.0,155000000.0,0.0,1.0,True
TRADE_C383B88EF303,노블파크,부산진구,양정동,,,,,,0.0,0.0,0.0,1,,,,True,,,,,,,,,,,,
TRADE_C3A2EEC69E64,청마파크,연제구,연산동,,,,,,0.0,1.0,2.0,3,,,,True,,,,,,,,,,,,
TRADE_C3BD18AB4DF6,한성그린,수영구,남천동,,,,,,0.0,0.0,1.0,1,,,,True,,,,,,,,,,,,
TRADE_C3C6A4522625,해성체르니,금정구,남산동,,,,,,0.0,0.0,1.0,1,,,,True,,,,,,,240000000.0,-0.25,180000000.0,0.0,0.0,True
TRADE_C3D22324C35C,부호하이츠,금정구,부곡동,,,,,,0.0,0.0,1.0,2,,,,True,,,,,,,282500000.0,-0.09734513274336287,255000000.0,0.0,0.0,True
TRADE_C45D40DA69D1,백세해운대빌라1차,해운대구,중동,,,,,,0.0,0.0,1.0,2,,,,True,,,,,,,,,,,,
TRADE_C45E5392F6DA,디아이세라뷰,수영구,광안동,,,,,,0.0,1.0,1.0,1,,,,True,,,,,,,,,,,,
TRADE_C465E9C74561,노블레스힐,중구,보수동2가,,,,,,0.0,1.0,2.0,1,,,,True,,,,,,,,,,,,
TRADE_C47CC0C79F1E,화목빌라(776-8),북구,덕천동,,,,,,0.0,0.0,0.0,2,,,,True,,,,,,,,,,,,
TRADE_C4872B8BB222,신화골든뷰,부산진구,전포동,,,,,,0.0,3.0,7.0,2,,,,True,,,,,,0.08787878787878789,290000000.0,-0.06896551724137934,215000000.0,0.2558139534883721,0.0,True
TRADE_C490BF65FF2C,천일로얄,사하구,괴정동,,,,,,0.0,0.0,1.0,3,,,,True,,,,,,,307000000.0,-0.17915309446254069,150000000.0,0.6799999999999999,0.0,True
TRADE_C4ADAA707ACB,시영(169-1),영도구,봉래동5가,,,,,,0.0,1.0,3.0,1,,,,True,,,,,,,,,,,,
TRADE_C4BCE66EA4CE,성우파크,사하구,하단동,,,,,,0.0,0.0,0.0,1,,,,True,,,,,,,198000000.0,0.0,180000000.0,0.10000000000000009,0.0,True
TRADE_C4D597E710DD,괴정한일하나로타운,사하구,괴정동,,,,,,1.0,1.0,1.0,4,,,,True,,,,,,,139000000.0,-0.17266187050359716,115000000.0,0.0,0.0,True
TRADE_C4D5BF6B3123,대진,수영구,남천동,,,,,,0.0,0.0,0.0,1,,,,True,,,,,,,,,,,,
TRADE_C4E7C2733A88,스테이빌,수영구,광안동,,,,,,0.0,0.0,1.0,1,,,,True,,,,,,,,,,,,
TRADE_C4EAB5FF2C98,그린시티빌,동구,초량동,,,,,,0.0,0.0,0.0,1,,,,True,,,,,,,240000000.0,0.0,208000000.0,0.15384615384615374,0.0,True
TRADE_C4EE0A5162D6,W-PARK,수영구,광안동,,,,,,1.0,2.0,5.0,4,,,,True,,,,,,,,,,,,
TRADE_C50D96A82C2D,형제아트빌,연제구,연산동,,,,,,0.0,0.0,0.0,1,,,,True,,,,,,,,,,,,
TRADE_C52956689550,한우리빌리지2차,서구,서대신동2가,,,,,,0.0,0.0,0.0,1,,,,True,,,,,,,265000000.0,-0.037735849056603765,250000000.0,0.020000000000000018,0.0,True
TRADE_C536F90DAE85,옥돌골든아르빌2,사하구,하단동,,,,,,0.0,0.0,0.0,1,,,,True,,,,,,,220000000.0,0.0,185000000.0,0.18918918918918926,0.0,True
TRADE_C539AF68FFCC,광이골드타워2차,남구,대연동,,,,,,0.0,0.0,0.0,2,,,,True,,,,,,,255000000.0,-0.13725490196078427,220000000.0,0.0,0.0,True
TRADE_C53BFF95A9AF,골든팰리스,금정구,장전동,,,,,,0.0,0.0,1.0,2,,,,True,,,,,,,,,,,,
TRADE_C549BD8F03B6,늘푸른포스트빌,동구,초량동,,,,,,0.0,0.0,0.0,3,,,,True,,,,,,,,,,,,
TRADE_C560C414B659,센트럴파크빌라1차,기장군,기장읍대라리,,,,,,1.0,1.0,1.0,2,,,,True,,120000000.0,4936886.3955119215,,,,120000000.0,0.0,120000000.0,0.0,1.0,True
TRADE_C56643D8DF72,하나파크빌,연제구,연산동,,,,,,0.0,0.0,0.0,1,,,,True,,,,,,,,,,,,
TRADE_C56C54495623,남산두맨션,연제구,연산동,,,,,,0.0,0.0,0.0,1,,,,True,,,,,,,,,,,,
TRADE_C5844F501053,이즈아트빌,부산진구,연지동,,,,,,0.0,0.0,0.0,1,,,,True,,,,,,,203000000.0,-0.3645320197044335,129000000.0,0.0,0.0,True
TRADE_C58DD8971AE3,아신빌라,금정구,남산동,,,,,,0.0,0.0,0.0,1,,,,True,,,,,,,158000000.0,-0.05063291139240511,143500000.0,0.04529616724738683,0.0,True
TRADE_C5944BAB8CBC,동조리젠시타워,사하구,괴정동,,,,,,0.0,1.0,1.0,3,,,,True,,,,,,,289000000.0,0.0,205000000.0,0.40975609756097553,0.0,True
TRADE_C5B04FEA0DC3,용진힐타운,금정구,장전동,,,,,,0.0,0.0,0.0,1,,,,True,,,,,,,380000000.0,-0.4473684210526315,210000000.0,0.0,0.0,True
TRADE_C5C1F5402431,대명2차,금정구,남산동,,,,,,0.0,0.0,0.0,1,,,,True,,,,,,,150000000.0,-0.08333333333333337,137500000.0,0.0,0.0,True
TRADE_C5D38CD99395,스윗팰리스,부산진구,연지동,,,,,,1.0,2.0,3.0,2,,,,True,,,,,,,,,,,,
TRADE_C5D5E73C14A4,그린아일,동구,좌천동,,,,,,0.0,0.0,0.0,2,,,,True,,,,,,,209500000.0,-0.05011933174224348,190000000.0,0.047368421052631504,0.0,True
TRADE_C62E89EDE4D8,태안에버빌,금정구,부곡동,,,,,,0.0,0.0,1.0,3,,,,True,,,,,,,760000000.0,-0.2677631578947368,556500000.0,0.0,0.0,True
TRADE_C64C6F93F71A,삼양파크빌(326-11),북구,덕천동,,,,,,0.0,0.0,0.0,2,,,,True,,,,,,,173000000.0,0.0,173000000.0,0.0,0.0,True
TRADE_C65E675BA908,금수하이빌,부산진구,가야동,,,,,,0.0,0.0,0.0,1,,,,True,,,,,,,250000000.0,0.0,206000000.0,0.21359223300970864,0.0,True
TRADE_C676285591A7,동부리젠시빌,남구,대연동,,,,,,0.0,0.0,0.0,1,,,,True,,,,,,,,,,,,
TRADE_C687FA15EA3E,세원秀아파트,부산진구,초읍동,,,,,,0.0,1.0,5.0,3,,,,True,,,,,,-0.03676470588235292,370000000.0,-0.1216216216216216,300000000.0,0.08333333333333326,0.0,True
TRADE_C691014DE9E6,쏠데까사Ⅱ,해운대구,송정동,,,,,,0.0,0.0,0.0,1,,,,True,,,,,,,255000000.0,-0.207843137254902,200000000.0,0.010000000000000009,0.0,True
TRADE_C6AD05A7A9B2,일신스카이빌,부산진구,양정동,,,,,,0.0,0.0,0.0,1,,,,True,,,,,,,245000000.0,-0.22448979591836737,190000000.0,0.0,0.0,True
TRADE_C6C7D5A4085A,진흥목화,연제구,거제동,,,,,,1.0,1.0,1.0,2,,,,True,,,,,,,,,,,,
TRADE_C6D22CFF28A8,루미랑스,연제구,연산동,,,,,,0.0,0.0,1.0,2,,,,True,,,,,,,,,,,,
TRADE_C6E745AFCB8F,동호이루마시티,중구,대청동4가,,,,,,0.0,0.0,0.0,3,,,,True,,,,,,,281000000.0,-0.12811387900355875,205000000.0,0.19512195121951215,0.0,True
TRADE_C7005769B82C,리버빌,남구,문현동,,,,,,0.0,0.0,1.0,2,,,,True,,,,,,,,,,,,
TRADE_C70F7700B36D,나경위너스,금정구,남산동,,,,,,0.0,0.0,1.0,2,,,,True,,,,,,,,,,,,
TRADE_C717EAFFC1B4,부경솔리드102동,사하구,괴정동,,,,,,0.0,0.0,0.0,1,,,,True,,,,,,,325500000.0,-0.044546850998463894,214000000.0,0.4532710280373833,0.0,True
TRADE_C71C02E4C143,행운아트빌,금정구,장전동,,,,,,0.0,1.0,1.0,2,,,,True,,,,,,,208000000.0,0.0,208000000.0,0.0,1.0,True
TRADE_C72B609EF475,이화맨션나동,수영구,민락동,,,,,,0.0,0.0,0.0,2,,,,True,,,,,,,210000000.0,0.0,210000000.0,0.0,0.0,True
TRADE_C77F2F0EA97C,영광맨션,영도구,청학동,,,,,,0.0,0.0,0.0,2,,,,True,,,,,,,,,,,,
TRADE_C7966341962E,청아리치타운,금정구,구서동,,,,,,0.0,0.0,2.0,2,,,,True,,,,,,,255000000.0,-0.2196078431372549,199000000.0,0.0,0.0,True
TRADE_C79B232FA9DE,크로바,사하구,당리동,,,,,,0.0,0.0,0.0,1,,,,True,,,,,,,,,,,,
TRADE_C79CA50709F9,금천베스트원,사하구,다대동,,,,,,0.0,0.0,0.0,1,,,,True,,,,,,,,,,,,
TRADE_C7A0AF9864DE,퀸페로스,영도구,남항동1가,,,,,,0.0,1.0,4.0,1,,,,True,,,,,-0.09298531810766719,0.011206896551724244,343000000.0,-0.18950437317784252,270000000.0,0.029629629629629672,1.0,True
TRADE_C7A842155DCE,삼화파크맨션,해운대구,재송동,,,,,,0.0,1.0,1.0,2,,,,True,,,,,,,,,,,,
TRADE_C7D6A01FCD3D,주례,사상구,주례동,,,,,,1.0,3.0,3.0,1,,,,True,,,,,,,,,,,,
TRADE_C7DC15AF59E8,아덴펜트하우스,북구,화명동,,,,,,0.0,0.0,8.0,1,,,,True,,,,,,,,,,,,
TRADE_C7DDCF6EA769,태광맨션(418-8),연제구,연산동,,,,,,0.0,0.0,0.0,1,,,,True,,,,,,,,,,,,
TRADE_C7E6E02149A4,남평파크빌,부산진구,개금동,,,,,,0.0,0.0,2.0,1,,,,True,,,,,,,200000000.0,-0.2875,142500000.0,0.0,0.0,True
TRADE_C7EBE3DECA09,신우빌라,서구,서대신동2가,,,,,,1.0,1.0,2.0,2,,,,True,,,,,,,255000000.0,-0.21568627450980393,200000000.0,0.0,0.0,True
TRADE_C80E96ACFCBA,초원맨션,서구,초장동,,,,,,0.0,0.0,0.0,2,,,,True,,,,,,,,,,,,
TRADE_C8272DB19113,경인,북구,덕천동,,,,,,0.0,0.0,0.0,1,,,,True,,,,,,,,,,,,
TRADE_C82733165D5A,건원안단테,동래구,명륜동,,,,,,0.0,0.0,0.0,2,,,,True,,,,,,,279000000.0,-0.12186379928315416,245000000.0,0.0,0.0,True
TRADE_C82F90C4A114,중앙,부산진구,범천동,,,,,,0.0,0.0,0.0,1,,,,True,,,,,,,,,,,,
TRADE_C8590805856B,금림필3차,동래구,명륜동,,,,,,2.0,2.0,2.0,1,,,,True,,202000000.0,8126564.539127566,,,,260000000.0,-0.22307692307692306,202000000.0,0.0,2.0,True
TRADE_C86D31A529D8,크로바D동,서구,서대신동3가,,,,,,0.0,0.0,0.0,3,,,,True,,,,,,,210000000.0,0.0,210000000.0,0.0,0.0,True
TRADE_C870420F4FB9,수영엔스타Ⅱ,수영구,수영동,,,,,,0.0,2.0,3.0,2,,,,True,,,,,,,,,,,,
TRADE_C873222128F0,더썬불루,수영구,수영동,,,,,,1.0,1.0,1.0,1,,,,True,,,,,,,,,,,,
TRADE_C88661B34FC5,해림발리빌,남구,용호동,,,,,,0.0,0.0,0.0,1,,,,True,,,,,,,220000000.0,-0.13636363636363635,178000000.0,0.0674157303370786,0.0,True
TRADE_C88D8A5B84C5,달맞이아르미안,해운대구,중동,,,,,,0.0,0.0,0.0,1,,,,True,,,,,,,,,,,,
TRADE_C894DFFD7E2C,산호,연제구,연산동,,,,,,0.0,0.0,1.0,2,,,,True,,,,,,,,,,,,
TRADE_C8AC209252A7,극동아파트,수영구,민락동,,,,,,0.0,0.0,0.0,1,,,,True,,,,,,,500000000.0,0.0,218500000.0,1.288329519450801,0.0,True
TRADE_C8BF5A7A7013,대라하이츠,기장군,기장읍대라리,,,,,,0.0,0.0,1.0,1,,,,True,,,,,,,90000000.0,0.0,90000000.0,0.0,0.0,True
TRADE_C8C0032D3A57,그린시티,중구,대청동2가,,,,,,0.0,0.0,1.0,1,,,,True,,,,,,,360000000.0,-0.13888888888888884,277000000.0,0.11913357400722013,0.0,True
TRADE_C8D8824E5CC0,이지더원3차,기장군,정관읍모전리,,,,,,6.0,8.0,29.0,2,,,,True,,317500000.0,12330822.643285867,-0.02905198776758411,0.0,0.03559870550161803,413500000.0,-0.22611850060459493,241250000.0,0.3264248704663213,4.0,False
TRADE_C8E0043CB207,보라스카이타운,해운대구,재송동,,,,,,0.0,0.0,0.0,1,,,,True,,,,,,,245000000.0,0.0,210000000.0,0.16666666666666674,0.0,True
TRADE_C904B8A9CCF4,대상로웰아파트,사상구,모라동,,,,,,1.0,1.0,2.0,1,,,,True,,,,,,,,,,,,
TRADE_C9A7C0F056D2,부원,사하구,당리동,,,,,,0.0,1.0,3.0,2,,,,True,,,,,,,,,,,,
TRADE_C9B9202D5DF5,그린팰리스,영도구,대교동2가,,,,,,0.0,0.0,0.0,1,,,,True,,,,,,,,,,,,
TRADE_C9C297E4DB3E,푸른마을,금정구,구서동,,,,,,0.0,0.0,0.0,1,,,,True,,,,,,,,,,,,
TRADE_C9C3FFDC8710,장산스위트홈,서구,부민동3가,,,,,,0.0,0.0,0.0,1,,,,True,,,,,,,,,,,,
TRADE_C9CA9DA81CAA,수양리치빌,서구,남부민동,,,,,,0.0,0.0,0.0,1,,,,True,,,,,,,175000000.0,-0.1428571428571429,150000000.0,0.0,0.0,True
TRADE_C9F5D23B6A03,기산비치타운,서구,암남동,,,,,,1.0,1.0,3.0,2,,,,True,,,,,,,,,,,,
TRADE_CA387CD4485C,동산뉴그린맨션,남구,용호동,,,,,,0.0,0.0,0.0,3,,,,True,,,,,,,,,,,,
TRADE_CA70359AD6F8,일양하이츠빌라,금정구,남산동,,,,,,0.0,0.0,0.0,2,,,,True,,,,,,,,,,,,
TRADE_CA726810E01F,뉴스카이,영도구,남항동1가,,,,,,0.0,0.0,3.0,2,,,,True,,,,,,0.05212765957446819,260000000.0,-0.06538461538461537,200000000.0,0.21500000000000008,0.0,True
TRADE_CAE1FE91500A,홍익빌레트Ⅱ,남구,문현동,,,,,,0.0,1.0,1.0,1,,,,True,,,,,,,,,,,,
TRADE_CAEF7B8BCA4E,호암르네상스,사하구,괴정동,,,,,,0.0,0.0,0.0,1,,,,True,,,,,,,283500000.0,0.0,249000000.0,0.13855421686746983,0.0,True
TRADE_CB052E560F0A,동원,부산진구,범전동,,,,,,0.0,3.0,8.0,4,,,,True,,,,,,,1048000000.0,0.0,660000000.0,0.5878787878787879,0.0,True
TRADE_CB12FDB304AE,해운빌라,연제구,연산동,,,,,,0.0,0.0,0.0,1,,,,True,,,,,,,,,,,,
TRADE_CB2BDF8E1D25,동신그린빌,서구,동대신동3가,,,,,,0.0,0.0,0.0,1,,,,True,,,,,,,,,,,,
TRADE_CB4582776187,프라임시티,북구,화명동,,,,,,0.0,0.0,1.0,1,,,,True,,,,,,,,,,,,
TRADE_CB483EEB6F58,글로벌타워,부산진구,개금동,,,,,,1.0,1.0,2.0,2,,,,True,,,,,,0.023622047244094446,274500000.0,-0.05282331511839711,242000000.0,0.07438016528925617,0.0,True
TRADE_CB4BD0840A17,동산오챠드힐,금정구,청룡동,,,,,,0.0,1.0,1.0,3,,,,True,,,,,,,220000000.0,-0.09090909090909094,200000000.0,0.0,0.0,True
TRADE_CB5E18DE35A8,덕산,서구,동대신동3가,,,,,,0.0,0.0,0.0,2,,,,True,,,,,,,,,,,,
TRADE_CB6E8F30BAA0,옥돌골든아르빌,사하구,하단동,,,,,,0.0,0.0,0.0,1,,,,True,,,,,,,247000000.0,-0.291497975708502,175000000.0,0.0,0.0,True
TRADE_CB7E2C13EEF5,한주,사상구,감전동,,,,,,0.0,0.0,0.0,2,,,,True,,,,,,,170000000.0,0.0,170000000.0,0.0,0.0,True
TRADE_CB8FDF169D8B,글로벌,수영구,광안동,,,,,,1.0,1.0,2.0,3,,,,True,,,,,,,300000000.0,0.0,300000000.0,0.0,0.0,True
TRADE_CB990550D60B,가야일산주택,부산진구,가야동,,,,,,0.0,1.0,8.0,3,,,,True,,,,,,,,,,,,
TRADE_CB9AD7A33475,아남하이츠4,해운대구,중동,,,,,,0.0,0.0,0.0,1,,,,True,,,,,,,,,,,,
TRADE_CBCE519679E3,서면루미랑스,부산진구,부암동,,,,,,0.0,2.0,2.0,1,,,,True,,,,,,,,,,,,
TRADE_CBF1B76E8910,대림선라이즈1,해운대구,중동,,,,,,0.0,0.0,0.0,1,,,,True,,,,,,,,,,,,
TRADE_CBFF4CB3DD16,동우주택,부산진구,범천동,,,,,,0.0,0.0,1.0,1,,,,True,,,,,,,,,,,,
TRADE_CC0568DCA906,더블루원2차,동래구,온천동,,,,,,0.0,0.0,1.0,1,,,,True,,,,,,,,,,,,
TRADE_CC1F2B2085FE,백산,수영구,남천동,,,,,,2.0,5.0,5.0,2,,,,True,,440000000.0,17536231.88405797,-0.004524886877828038,,,590000000.0,-0.2542372881355932,400000000.0,0.10000000000000009,3.0,False
TRADE_CC442C5DF4A2,선빌오피스텔,동구,초량동,,,,,,0.0,0.0,0.0,1,,,,True,,,,,,,,,,,,
TRADE_CC55784B7CC5,신일,사하구,하단동,,,,,,0.0,0.0,0.0,1,,,,True,,,,,,,,,,,,
TRADE_CC69CC27ABEA,경일,북구,구포동,,,,,,0.0,1.0,2.0,1,,,,True,,,,,-0.13661202185792354,0.002941176470588225,185000000.0,-0.1459459459459459,158000000.0,0.0,1.0,True
TRADE_CC75FB4C9610,대청타워,중구,대청동4가,,,,,,0.0,0.0,0.0,2,,,,True,,,,,,,,,,,,
TRADE_CCB98F18E782,청아시티빌,연제구,연산동,,,,,,0.0,0.0,0.0,2,,,,True,,,,,,,200000000.0,-0.125,175000000.0,0.0,0.0,True
TRADE_CD00CFA4C3D9,동트레,수영구,광안동,,,,,,0.0,0.0,2.0,2,,,,True,,,,,,,394000000.0,-0.1116751269035533,305000000.0,0.14754098360655732,0.0,True
TRADE_CD082B303F35,툇마루家,서구,서대신동2가,,,,,,0.0,0.0,2.0,3,,,,True,,,,,,,,,,,,
TRADE_CD10342DB464,그린센트,부산진구,부암동,,,,,,0.0,0.0,0.0,1,,,,True,,,,,,,,,,,,
TRADE_CD155D5B7E58,아름빌102동,동구,범일동,,,,,,0.0,1.0,1.0,2,,,,True,,,,,,,208000000.0,0.0,208000000.0,0.0,0.0,True
TRADE_CD1EF44D64B8,토마하우스,동구,초량동,,,,,,0.0,2.0,4.0,2,,,,True,,,,,,,,,,,,
TRADE_CD2A46D77FF2,선경하모니,수영구,민락동,,,,,,0.0,0.0,0.0,2,,,,True,,,,,,,220000000.0,0.0,220000000.0,0.0,0.0,True
TRADE_CD2CC3E67A4E,린다비스타,남구,대연동,,,,,,0.0,0.0,0.0,1,,,,True,,,,,,,,,,,,
TRADE_CD32DDA06339,명성빌라(1480-34),남구,대연동,,,,,,0.0,0.0,0.0,2,,,,True,,,,,,,267000000.0,0.0,220000000.0,0.21363636363636362,0.0,True
TRADE_CD488B479BFA,서원에이동,서구,토성동5가,,,,,,0.0,0.0,1.0,3,,,,True,,,,,,,295000000.0,-0.17796610169491522,242500000.0,0.0,0.0,True
TRADE_CD5311EFB1CE,영화맨션,동래구,수안동,,,,,,0.0,0.0,0.0,2,,,,True,,,,,,,,,,,,
TRADE_CD5A97EEFAD7,금오에코팰리스,동래구,온천동,,,,,,0.0,1.0,1.0,1,,,,True,,,,,,-0.011857707509881465,280000000.0,-0.1071428571428571,250000000.0,0.0,1.0,True
TRADE_CD658B1C21CD,티파니빌라트,사하구,하단동,,,,,,0.0,2.0,5.0,2,,,,True,,,,,,,,,,,,
TRADE_CD6F7F27EECD,목련(B),사하구,괴정동,,,,,,0.0,0.0,0.0,2,,,,True,,,,,,,180000000.0,0.0,180000000.0,0.0,0.0,True
TRADE_CD71CE11785D,남평파크뷰,동래구,사직동,,,,,,0.0,0.0,1.0,1,,,,True,,,,,,,170000000.0,-0.4,102000000.0,0.0,0.0,True
TRADE_CD76DEEC66F3,일화그린,금정구,구서동,,,,,,0.0,0.0,0.0,1,,,,True,,,,,,,,,,,,
TRADE_CD79016F2583,전포동위너비타,부산진구,전포동,,,,,,0.0,0.0,2.0,1,,,,True,,,,,,,,,,,,
TRADE_CD7A72EBE172,건아맨션(335-1),영도구,동삼동,,,,,,0.0,0.0,0.0,3,,,,True,,,,,,,,,,,,
TRADE_CDA05D79ED89,대동레미안더오션2,부산진구,부전동,,,,,,1.0,2.0,3.0,2,,,,True,,,,,,,,,,,,
TRADE_CDB86710ECC4,부영,북구,덕천동,,,,,,0.0,0.0,0.0,2,,,,True,,,,,,,,,,,,
TRADE_CDC67B7AC951,태영아트빌,연제구,거제동,,,,,,0.0,0.0,0.0,1,,,,True,,,,,,,345000000.0,0.0,200000000.0,0.7250000000000001,0.0,True
TRADE_CDDEDCB87D44,동조리젠시,부산진구,범천동,,,,,,0.0,1.0,1.0,2,,,,True,,,,,,,,,,,,
TRADE_CDDF02EDD886,금잔디,사상구,덕포동,,,,,,0.0,0.0,0.0,3,,,,True,,,,,,,,,,,,
TRADE_CDEE45B4F683,가화랜드빌기장1차,기장군,기장읍대라리,,,,,,0.0,1.0,1.0,2,,,,True,,,,,,,,,,,,
TRADE_CE0B2D6F74E5,남평엔시티,해운대구,송정동,,,,,,2.0,3.0,3.0,2,,,,True,,,,,,,,,,,,
TRADE_CE226C998B51,남경,부산진구,연지동,,,,,,0.0,0.0,1.0,1,,,,True,,,,,,,,,,,,
TRADE_CE3B62917378,정상리치스,남구,용호동,,,,,,0.0,0.0,2.0,1,,,,True,,,,,,,,,,,,
TRADE_CE41C526E97B,세롬스카이빌,동래구,온천동,,,,,,0.0,0.0,0.0,1,,,,True,,,,,,,200000000.0,0.0,200000000.0,0.0,0.0,True
TRADE_CEAA108C03CB,동원퀸스빌,부산진구,범천동,,,,,,1.0,2.0,2.0,3,,,,True,,,,,,,,,,,,
TRADE_CEDC5BEDBD18,그린힐타운B동,동래구,온천동,,,,,,0.0,0.0,0.0,1,,,,True,,,,,,,,,,,,
TRADE_CEEA98BA24C0,대운스카이뷰1차,사하구,하단동,,,,,,16.0,16.0,16.0,1,,,,True,,,,,,,,,,,,
TRADE_CF19AF7B9F68,새둥지빌라(1405-26),연제구,연산동,,,,,,0.0,0.0,0.0,1,,,,True,,,,,,,190000000.0,0.0,190000000.0,0.0,0.0,True
TRADE_CF2C5194F1D6,대라주공,기장군,기장읍대라리,,,,,,0.0,0.0,0.0,2,,,,True,,,,,,,,,,,,
TRADE_CF4166BB2257,개금미네스트,부산진구,개금동,,,,,,0.0,0.0,1.0,1,,,,True,,,,,,,,,,,,
TRADE_CF5E3663A9BB,협진태양맨션B동,수영구,망미동,,,,,,0.0,0.0,1.0,1,,,,True,,,,,,,215000000.0,-0.11627906976744184,150000000.0,0.2666666666666666,0.0,True
TRADE_CF8273298531,원타워,동래구,온천동,,,,,,0.0,1.0,3.0,3,,,,True,,,,,,,390000000.0,-0.17948717948717952,300000000.0,0.06666666666666665,1.0,True
TRADE_CFA90E09DFF9,송오레스트빌,동래구,명륜동,,,,,,0.0,0.0,0.0,1,,,,True,,,,,,,288000000.0,0.0,288000000.0,0.0,0.0,True
TRADE_CFBF83E59150,아침마을비동,남구,대연동,,,,,,0.0,0.0,0.0,3,,,,True,,,,,,,236000000.0,-0.012711864406779627,233000000.0,0.0,0.0,True
TRADE_CFFCB937494E,지오빌1(A동),사하구,하단동,,,,,,0.0,1.0,2.0,3,,,,True,,,,,,-0.052000000000000046,251000000.0,-0.055776892430278835,205000000.0,0.15609756097560967,0.0,True
TRADE_D03283A19BED,금호천지,연제구,연산동,,,,,,1.0,2.0,2.0,2,,,,True,,,,,,,,,,,,
TRADE_D03A0E31F1FC,대화빌,동래구,온천동,,,,,,0.0,1.0,1.0,2,,,,True,,,,,,,,,,,,
TRADE_D03D2F3E3023,부평부백자연애,중구,부평동4가,,,,,,0.0,1.0,2.0,2,,,,True,,,,,,,,,,,,
TRADE_D06A8097B20D,조은빌라,연제구,연산동,,,,,,0.0,0.0,0.0,1,,,,True,,,,,,,186000000.0,-0.12903225806451613,162000000.0,0.0,0.0,True
TRADE_D078CBCF25A4,정구팰리스,금정구,남산동,,,,,,0.0,0.0,1.0,2,,,,True,,,,,,,268000000.0,-0.17910447761194026,220000000.0,0.0,0.0,True
TRADE_D0923CBA55F2,남항화랑맨션,영도구,남항동3가,,,,,,1.0,1.0,1.0,1,,,,True,,135000000.0,5357142.857142857,,,-0.07534246575342463,225000000.0,-0.4,122000000.0,0.10655737704918034,1.0,True
TRADE_D097FDA30E4C,동남아트빌,금정구,서동,,,,,,0.0,0.0,0.0,1,,,,True,,,,,,,,,,,,
TRADE_D0BD69BD3B96,삼호,남구,대연동,,,,,,0.0,0.0,0.0,1,,,,True,,,,,,,,,,,,
TRADE_D0C945A6846B,초량위드빌,동구,초량동,,,,,,1.0,1.0,1.0,3,,,,True,,,,,,,,,,,,
TRADE_D0CA622757D1,동아베스트빌라,연제구,연산동,,,,,,0.0,0.0,0.0,1,,,,True,,,,,,,278000000.0,-0.3525179856115108,180000000.0,0.0,0.0,True
TRADE_D0D9602EF7FD,태림그린빌,해운대구,송정동,,,,,,0.0,0.0,0.0,1,,,,True,,,,,,,298000000.0,-0.20134228187919467,238000000.0,0.0,0.0,True
TRADE_D0E637AD00FA,보광(617-8),부산진구,가야동,,,,,,0.0,0.0,0.0,2,,,,True,,,,,,,180000000.0,0.0,165000000.0,0.09090909090909083,0.0,True
TRADE_D15B59806449,대연백리명가에덴,남구,대연동,,,,,,1.0,1.0,1.0,1,,,,True,,,,,,,,,,,,
TRADE_D1696300FB6A,대림포레,금정구,구서동,,,,,,1.0,1.0,1.0,1,,,,True,,,,,,,,,,,,
TRADE_D186A640CD65,한영리더스,서구,토성동5가,,,,,,0.0,2.0,2.0,2,,,,True,,,,,,,,,,,,
TRADE_D19DB75A6B0D,동래다솜시티,동래구,수안동,,,,,,1.0,1.0,4.0,2,,,,True,,,,,,,,,,,,
TRADE_D1AB6D863B4B,흑석파크,수영구,광안동,,,,,,0.0,0.0,0.0,1,,,,True,,,,,,,347000000.0,0.0,280000000.0,0.23928571428571432,0.0,True
TRADE_D1AF6434753D,한영비치,해운대구,재송동,,,,,,1.0,2.0,4.0,2,,,,True,,,,,,,,,,,,
TRADE_D1B64FC5111F,삼영빌라,금정구,서동,,,,,,0.0,0.0,0.0,1,,,,True,,,,,,,,,,,,
TRADE_D1C5E7B79BDB,삼일아파트,연제구,연산동,,,,,,0.0,0.0,0.0,2,,,,True,,,,,,,,,,,,
TRADE_D1FD5CC2C826,더휴,사하구,하단동,,,,,,0.0,0.0,1.0,1,,,,True,,,,,,,,,,,,
TRADE_D222098E3BE2,남강하이츠,연제구,거제동,,,,,,0.0,0.0,0.0,2,,,,True,,,,,,,158000000.0,0.0,158000000.0,0.0,0.0,True
TRADE_D2255023CCEC,헤를리치,사하구,하단동,,,,,,1.0,1.0,1.0,2,,,,True,,,,,,,,,,,,
TRADE_D243E0121846,파크뷰빌리지,남구,대연동,,,,,,0.0,0.0,0.0,1,,,,True,,,,,,,248000000.0,-0.11290322580645162,220000000.0,0.0,0.0,True
TRADE_D26B1B0E021B,대림썬라이츠2차,해운대구,중동,,,,,,0.0,0.0,0.0,2,,,,True,,,,,,,,,,,,
TRADE_D2B572C94FF3,로얄,연제구,연산동,,,,,,0.0,1.0,2.0,3,,,,True,,,,,,,230000000.0,0.0,230000000.0,0.0,1.0,True
TRADE_D2D45EB38A33,진동선빌리지,기장군,기장읍동부리,,,,,,0.0,0.0,0.0,3,,,,True,,,,,,,84000000.0,0.0,84000000.0,0.0,0.0,True
TRADE_D2D79D55DA7B,강산마을,수영구,광안동,,,,,,0.0,0.0,0.0,1,,,,True,,,,,,,,,,,,
TRADE_D2EB5168F49D,북부맨션,북구,덕천동,,,,,,0.0,0.0,0.0,1,,,,True,,,,,,,,,,,,
TRADE_D2EB57F8A20B,아름빌101동,동구,범일동,,,,,,0.0,0.0,0.0,1,,,,True,,,,,,,200000000.0,0.0,190000000.0,0.05263157894736836,0.0,True
TRADE_D32C3B79AA82,두리아,기장군,정관읍방곡리,,,,,,0.0,0.0,0.0,2,,,,True,,,,,,,85000000.0,0.0,85000000.0,0.0,0.0,True
TRADE_D33FBA04355E,삼우맨션,동래구,온천동,,,,,,0.0,1.0,2.0,4,,,,True,,,,,,,267000000.0,-0.36329588014981273,170000000.0,0.0,0.0,True
TRADE_D340FAD9B7C4,광이하이빌A동,남구,대연동,,,,,,0.0,0.0,1.0,1,,,,True,,,,,,-0.025000000000000022,200000000.0,-0.025000000000000022,195000000.0,0.0,0.0,True
TRADE_D35AF0588781,조광,금정구,구서동,,,,,,0.0,0.0,1.0,1,,,,True,,,,,,,,,,,,
TRADE_D378F4D56B77,봉황맨션A,동래구,명장동,,,,,,0.0,0.0,0.0,1,,,,True,,,,,,,,,,,,
TRADE_D3C269C98075,(76-0),서구,서대신동2가,,,,,,0.0,1.0,1.0,1,,,,True,,,,,,,,,,,,
TRADE_D3EB796C0045,오름캐슬,동래구,사직동,,,,,,0.0,1.0,1.0,2,,,,True,,,,,,,,,,,,
TRADE_D3F588FF4839,GLG스파타운,동래구,온천동,,,,,,0.0,0.0,0.0,2,,,,True,,,,,,,255000000.0,-0.3529411764705882,165000000.0,0.0,0.0,True
TRADE_D45AFDC1AEB9,가비펠리치,수영구,광안동,,,,,,0.0,1.0,4.0,2,,,,True,,,,,,,,,,,,
TRADE_D46C1F3EB53F,동원,남구,용호동,,,,,,0.0,1.0,2.0,2,,,,True,,,,,,,200000000.0,-0.07499999999999996,165000000.0,0.1212121212121211,0.0,True
TRADE_D4A8D6AEBF76,서진하이트빌,연제구,연산동,,,,,,1.0,1.0,2.0,1,,,,True,,200000000.0,7799113.737075332,,-0.19999999999999996,,250000000.0,-0.19999999999999996,200000000.0,0.0,1.0,True
TRADE_D4BE30996930,대륙천마B,서구,충무동2가,,,,,,0.0,0.0,0.0,1,,,,True,,,,,,,,,,,,
TRADE_D4F395C4A923,경남비,서구,서대신동2가,,,,,,0.0,0.0,0.0,1,,,,True,,,,,,,230000000.0,-0.021739130434782594,199000000.0,0.1306532663316582,0.0,True
TRADE_D51A59BB7C5C,대연동에스케이뷰201동,남구,대연동,,,,,,0.0,0.0,1.0,1,,,,True,,,,,,,,,,,,
TRADE_D5652CFE5CFF,화인아트,수영구,민락동,,,,,,0.0,0.0,1.0,1,,,,True,,,,,,,,,,,,
TRADE_D573FCA62FCD,이원,남구,감만동,,,,,,0.0,0.0,0.0,2,,,,True,,,,,,,,,,,,
TRADE_D576478B7FB5,야긴다하임,부산진구,부암동,,,,,,0.0,1.0,2.0,1,,,,True,,,,,,,,,,,,
TRADE_D57B625E54DA,엘리유리안,동래구,명륜동,,,,,,0.0,1.0,4.0,4,,,,True,,,,,,,335000000.0,-0.020895522388059695,300000000.0,0.09333333333333327,0.0,True
TRADE_D57F6C36F3B8,한진중공업사원,영도구,봉래동5가,,,,,,0.0,0.0,1.0,1,,,,True,,,,,,,,,,,,
TRADE_D581DB70D3CE,태영아너스,연제구,연산동,,,,,,1.0,1.0,1.0,1,,,,True,,,,,,,,,,,,
TRADE_D58416AEAF80,태흥이오니아빌,남구,대연동,,,,,,0.0,0.0,0.0,1,,,,True,,,,,,,240000000.0,0.0,240000000.0,0.0,0.0,True
TRADE_D5927C5D7BEE,용진베스트빌라,금정구,구서동,,,,,,0.0,0.0,0.0,1,,,,True,,,,,,,200000000.0,-0.19999999999999996,160000000.0,0.0,0.0,True
TRADE_D5A41E16C4B9,선경에이스,중구,보수동3가,,,,,,1.0,1.0,3.0,1,,,,True,,,,,,,,,,,,
TRADE_D5B0BC4A3FF2,세경더뷰,동래구,온천동,,,,,,0.0,0.0,0.0,1,,,,True,,,,,,,,,,,,
TRADE_D5B467050982,장림신도,사하구,장림동,,,,,,0.0,1.0,1.0,2,,,,True,,,,,,,120000000.0,-0.050000000000000044,65000000.0,0.7538461538461538,0.0,True
TRADE_D5B9695A6AFA,천아하늘정원,사하구,괴정동,,,,,,0.0,0.0,1.0,1,,,,True,,,,,,0.03404255319148941,260000000.0,-0.06538461538461537,180000000.0,0.3500000000000001,0.0,True
TRADE_D5D628FC215D,새한아트빌,부산진구,전포동,,,,,,0.0,0.0,0.0,1,,,,True,,,,,,,245000000.0,-0.08163265306122447,225000000.0,0.0,0.0,True
TRADE_D5DD5B558583,거북맨션,금정구,구서동,,,,,,0.0,0.0,0.0,2,,,,True,,,,,,,,,,,,
TRADE_D5E119E8F369,동서허브H,동래구,낙민동,,,,,,0.0,0.0,0.0,3,,,,True,,,,,,,,,,,,
TRADE_D5E5B05AB857,에이스스카이뷰,해운대구,송정동,,,,,,1.0,1.0,1.0,2,,,,True,,,,,,,,,,,,
TRADE_D5E9B9A71F2C,현대빌라,동래구,온천동,,,,,,0.0,0.0,1.0,1,,,,True,,,,,,,,,,,,
TRADE_D5EF2B385B51,협진태양,사하구,괴정동,,,,,,0.0,1.0,4.0,3,,,,True,,,,,-0.42307692307692313,,395000000.0,-0.4683544303797469,210000000.0,0.0,1.0,True
TRADE_D60516D065D2,골든팰리스,영도구,남항동1가,,,,,,0.0,0.0,0.0,1,,,,True,,,,,,,198000000.0,0.0,198000000.0,0.0,0.0,True
TRADE_D611C9FE284D,대원하이츠2차,해운대구,송정동,,,,,,0.0,0.0,1.0,2,,,,True,,,,,,,245000000.0,-0.22448979591836737,150000000.0,0.2666666666666666,0.0,True
TRADE_D629DC54FCFA,광안리치빌B,수영구,광안동,,,,,,0.0,0.0,1.0,2,,,,True,,,,,,-0.23809523809523814,550000000.0,-0.4181818181818182,248000000.0,0.29032258064516125,0.0,True
TRADE_D63E0756127C,라움팰리스타워,수영구,남천동,,,,,,1.0,6.0,10.0,4,,,,True,,,,,,,645000000.0,0.0,645000000.0,0.0,0.0,True
TRADE_D6495F91ED15,팰리스빌1,기장군,기장읍대라리,,,,,,0.0,2.0,2.0,1,,,,True,,,,,,,174000000.0,-0.22413793103448276,135000000.0,0.0,2.0,True
TRADE_D6649A180D34,서진늘해랑,해운대구,송정동,,,,,,0.0,0.0,0.0,1,,,,True,,,,,,,,,,,,
TRADE_D66BFBBD8E1B,남영아트펠리체,동래구,온천동,,,,,,0.0,0.0,1.0,1,,,,True,,,,,,,,,,,,
TRADE_D68214AD87E4,원남빌라,기장군,기장읍교리,,,,,,0.0,0.0,0.0,1,,,,True,,,,,,,,,,,,
TRADE_D69C291481D1,좌천시민(741-1),동구,좌천동,,,,,,0.0,0.0,3.0,1,,,,True,,,,,,,,,,,,
TRADE_D6A68F464214,동경쉐르빌,동래구,온천동,,,,,,1.0,1.0,2.0,4,,,,True,,278000000.0,10856804.73372781,,,0.0018018018018017834,300000000.0,-0.07333333333333336,243000000.0,0.1440329218106995,1.0,True
TRADE_D6A7CD60822E,동부스위트,기장군,기장읍동부리,,,,,,0.0,0.0,1.0,2,,,,True,,,,,,,232000000.0,0.0,210000000.0,0.10476190476190483,0.0,True
TRADE_D6D18F551CAB,해성체르니B동,금정구,남산동,,,,,,0.0,0.0,1.0,1,,,,True,,,,,,-0.15000000000000002,230000000.0,-0.26086956521739135,170000000.0,0.0,0.0,True
TRADE_D6E98E6A8BB2,해마루아파트,수영구,수영동,,,,,,0.0,0.0,1.0,1,,,,True,,,,,,,,,,,,
TRADE_D6EE4E522ACD,흰돌빌라,동구,좌천동,,,,,,0.0,0.0,0.0,1,,,,True,,,,,,,,,,,,
TRADE_D6F25C183DEF,현대망미,수영구,망미동,,,,,,0.0,2.0,3.0,2,,,,True,,,,,0.025490196078431282,,400000000.0,-0.34624999999999995,187000000.0,0.39839572192513373,2.0,True
TRADE_D6FA35BA9049,새한센시빌,동래구,수안동,,,,,,0.0,0.0,2.0,1,,,,True,,,,,,-0.025862068965517238,340000000.0,-0.044117647058823484,200000000.0,0.625,0.0,True
TRADE_D72B17ED7013,한림,부산진구,부암동,,,,,,0.0,0.0,0.0,1,,,,True,,,,,,,,,,,,
TRADE_D7337A5F4355,미소드리움부곡1차,금정구,부곡동,,,,,,0.0,0.0,0.0,1,,,,True,,,,,,,,,,,,
TRADE_D73D51B316D2,일신파크빌,부산진구,초읍동,,,,,,0.0,0.0,0.0,1,,,,True,,,,,,,250000000.0,0.0,216000000.0,0.15740740740740744,0.0,True
TRADE_D74D594C9797,샛별스위트,부산진구,양정동,,,,,,0.0,3.0,4.0,1,,,,True,,,,,,,,,,,,
TRADE_D75C48617108,태림아르페,금정구,청룡동,,,,,,0.0,0.0,1.0,2,,,,True,,,,,,,,,,,,
TRADE_D75C7E9CAC2D,용문빌리지,서구,서대신동1가,,,,,,0.0,0.0,2.0,1,,,,True,,,,,,,285000000.0,-0.21578947368421053,222000000.0,0.006756756756756799,0.0,True
TRADE_D791A4434B02,초읍포레스타아파트,부산진구,초읍동,,,,,,0.0,0.0,2.0,1,,,,True,,,,,,,,,,,,
TRADE_D79ADE0626DC,한우5동,사하구,괴정동,,,,,,0.0,0.0,1.0,1,,,,True,,,,,,,,,,,,
TRADE_D79C540DB6FF,동양크리스탈,부산진구,범천동,,,,,,0.0,0.0,1.0,2,,,,True,,,,,,,235000000.0,0.0,235000000.0,0.0,0.0,True
TRADE_D7BC8693D8E8,청탑그린빌라,서구,암남동,,,,,,0.0,0.0,0.0,2,,,,True,,,,,,,230000000.0,0.0,230000000.0,0.0,0.0,True
TRADE_D7BCA49FC7C7,선진무지개,사상구,엄궁동,,,,,,0.0,0.0,0.0,1,,,,True,,,,,,,160000000.0,0.0,130000000.0,0.23076923076923084,0.0,True
TRADE_D7BF6ACB33F6,신우피렌체,수영구,광안동,,,,,,1.0,1.0,1.0,3,,,,True,,390000000.0,15937981.808162177,,,,390000000.0,0.0,320000000.0,0.21875,1.0,True
TRADE_D7C4C89B77C1,홍익라이프가동,수영구,민락동,,,,,,0.0,0.0,1.0,1,,,,True,,,,,,,290000000.0,0.0,205000000.0,0.41463414634146334,0.0,True
TRADE_D7C8A5838995,금광예다움,부산진구,연지동,,,,,,0.0,0.0,0.0,1,,,,True,,,,,,,,,,,,
TRADE_D7CBB5688666,베로나,기장군,기장읍대라리,,,,,,0.0,0.0,1.0,1,,,,True,,,,,,,,,,,,
TRADE_D7D1EB313DCA,예그린,중구,부평동4가,,,,,,0.0,0.0,1.0,1,,,,True,,,,,,,265000000.0,0.0,210000000.0,0.26190476190476186,0.0,True
TRADE_D7D47DDDEE77,라메르빌라,해운대구,중동,,,,,,0.0,0.0,0.0,1,,,,True,,,,,,,,,,,,
TRADE_D7EC169D1613,해운대협성엠파이어,해운대구,우동,,,,,,0.0,1.0,2.0,2,,,,True,,,,,,,,,,,,
TRADE_D82FB95E8A87,고려,금정구,구서동,,,,,,0.0,0.0,1.0,3,,,,True,,,,,,,,,,,,
TRADE_D85C3ED1B300,송파지오스빌라트,중구,보수동2가,,,,,,0.0,1.0,2.0,3,,,,True,,,,,,,199000000.0,-0.09547738693467334,120000000.0,0.5,0.0,True
TRADE_D85F25C59224,금상예림,사하구,괴정동,,,,,,0.0,0.0,0.0,1,,,,True,,,,,,,430000000.0,0.0,430000000.0,0.0,0.0,True
TRADE_D85F51AFB257,로얄센텀빌,해운대구,우동,,,,,,0.0,0.0,0.0,1,,,,True,,,,,,,268000000.0,-0.06716417910447758,250000000.0,0.0,0.0,True
TRADE_D87A386F6940,반도빌라,수영구,남천동,,,,,,0.0,0.0,0.0,1,,,,True,,,,,,,,,,,,
TRADE_D880A4C67CCE,유나베네스1차,강서구,녹산동,,,,,,1.0,2.0,2.0,2,,,,True,,,,,,,,,,,,
TRADE_D8CC1AAC27BA,거제동3차동원로얄듀크,연제구,거제동,,,,,,1.0,3.0,7.0,2,,,,True,,,,,,,,,,,,
TRADE_D8CECE0D675A,로얄팰리스,영도구,대교동2가,,,,,,0.0,0.0,0.0,2,,,,True,,,,,,,227000000.0,0.0,227000000.0,0.0,0.0,True
TRADE_D8CEED69AEF7,한빛,부산진구,범천동,,,,,,0.0,0.0,0.0,2,,,,True,,,,,,,380000000.0,0.0,320000000.0,0.1875,0.0,True
TRADE_D8D1FAE0256F,새괴정화신,사하구,괴정동,,,,,,0.0,0.0,0.0,2,,,,True,,,,,,,,,,,,
TRADE_D8D4EA4F1EDA,덕천한라,북구,덕천동,,,,,,0.0,3.0,3.0,2,,,,True,,,,,,0.03658536585365857,188000000.0,-0.22340425531914898,100000000.0,0.45999999999999996,2.0,True
TRADE_D8D790FB4840,화천승학,사하구,당리동,,,,,,0.0,0.0,1.0,1,,,,True,,,,,,,,,,,,
TRADE_D8DB72E3B524,크라운,수영구,망미동,,,,,,0.0,1.0,1.0,1,,,,True,,,,,,,,,,,,
TRADE_D8F7CECBBB6B,동진,부산진구,부전동,,,,,,1.0,1.0,1.0,1,,,,True,,,,,,,,,,,,
TRADE_D90D03BD4E5D,크로바빌리지,서구,부용동1가,,,,,,0.0,0.0,0.0,1,,,,True,,,,,,,216000000.0,0.0,205000000.0,0.0536585365853659,0.0,True
TRADE_D9390B93D25E,대신타워펠리스,서구,서대신동1가,,,,,,1.0,1.0,2.0,2,,,,True,,,,,,,242000000.0,0.0,240000000.0,0.008333333333333304,0.0,True
TRADE_D93CDBCE017E,일신하일라빌리지,동래구,온천동,,,,,,0.0,0.0,0.0,1,,,,True,,,,,,,,,,,,
TRADE_D951B7B7F7D7,갤러리하우스,기장군,기장읍대라리,,,,,,0.0,0.0,0.0,1,,,,True,,,,,,,238000000.0,0.0,230000000.0,0.034782608695652195,0.0,True
TRADE_D9593139618F,하단시티빌(88-4),사하구,하단동,,,,,,0.0,0.0,1.0,1,,,,True,,,,,,,250000000.0,0.0,180000000.0,0.38888888888888884,0.0,True
TRADE_D97384459ACB,선경아파트,서구,부용동1가,,,,,,0.0,0.0,0.0,3,,,,True,,,,,,,,,,,,
TRADE_D97F7AA8AA97,영일아트빌,연제구,연산동,,,,,,1.0,1.0,1.0,2,,,,True,,,,,,,210000000.0,0.0,210000000.0,0.0,0.0,True
TRADE_D983860881BF,홍림그린피아,동래구,온천동,,,,,,0.0,1.0,2.0,2,,,,True,,,,,,,,,,,,
TRADE_D9988E454745,센트럴파크7,기장군,기장읍대라리,,,,,,0.0,0.0,0.0,1,,,,True,,,,,,,135000000.0,-0.1703703703703704,112000000.0,0.0,0.0,True
TRADE_D9BDAF9EAE4B,동남온천맨션,동래구,온천동,,,,,,0.0,0.0,3.0,3,,,,True,,,,,,,359500000.0,0.0,230000000.0,0.5630434782608695,0.0,True
TRADE_DA2C1DADF8AD,대림,남구,문현동,,,,,,1.0,2.0,2.0,4,,,,True,,,,,,,305000000.0,-0.180327868852459,202000000.0,0.2376237623762376,0.0,True
TRADE_DA3147D7B5D4,근창펠리체,동래구,온천동,,,,,,0.0,0.0,1.0,1,,,,True,,,,,,,,,,,,
TRADE_DA3884F62418,신선(417-0),사하구,신평동,,,,,,0.0,0.0,0.0,1,,,,True,,,,,,,,,,,,
TRADE_DA6D5B22D5B8,향원인터빌,중구,부평동4가,,,,,,0.0,0.0,1.0,3,,,,True,,,,,,,250000000.0,-0.26,180000000.0,0.02777777777777768,0.0,True
TRADE_DA7678C1BA53,월가아델리스,기장군,기장읍대라리,,,,,,0.0,1.0,3.0,1,,,,True,,,,,,,,,,,,
TRADE_DA76B0579F30,대룡파크맨션,영도구,청학동,,,,,,0.0,1.0,1.0,3,,,,True,,,,,,0.30000000000000004,133000000.0,-0.022556390977443663,98000000.0,0.3265306122448979,1.0,True
TRADE_DA7E956E1815,삼정그린빌라,동래구,명장동,,,,,,0.0,0.0,0.0,1,,,,True,,,,,,,468500000.0,0.0,327500000.0,0.43053435114503813,0.0,True
TRADE_DAB067067C8F,페리B동,기장군,기장읍대라리,,,,,,0.0,0.0,0.0,1,,,,True,,,,,,,150000000.0,0.0,150000000.0,0.0,0.0,True
TRADE_DAD7F2747FB5,덕경네오빌,동래구,안락동,,,,,,0.0,0.0,0.0,3,,,,True,,,,,,,293000000.0,-0.14675767918088733,230000000.0,0.08695652173913038,0.0,True
TRADE_DAE5E04E8682,동성아트빌,동구,초량동,,,,,,0.0,1.0,1.0,2,,,,True,,,,,,0.07692307692307687,295000000.0,-0.288135593220339,195000000.0,0.07692307692307687,1.0,True
TRADE_DAEBBADFCD66,부원맨션,부산진구,양정동,,,,,,0.0,0.0,0.0,4,,,,True,,,,,,,420000000.0,-0.24285714285714288,267000000.0,0.1910112359550562,0.0,True
TRADE_DAF12D14BC89,디어하임A,남구,대연동,,,,,,0.0,0.0,0.0,2,,,,True,,,,,,,275000000.0,0.0,275000000.0,0.0,0.0,True
TRADE_DAF1EA907467,대명하이츠3차,금정구,남산동,,,,,,0.0,0.0,0.0,3,,,,True,,,,,,,165000000.0,-0.12727272727272732,83500000.0,0.7245508982035929,0.0,True
TRADE_DB0042AE5217,일산맨션,사상구,주례동,,,,,,0.0,0.0,0.0,1,,,,True,,,,,,,,,,,,
TRADE_DB48372CA9ED,한사랑빌라,동래구,온천동,,,,,,0.0,0.0,0.0,2,,,,True,,,,,,,,,,,,
TRADE_DB613622B154,한진아파트,금정구,구서동,,,,,,0.0,1.0,2.0,3,,,,True,,,,,,,225000000.0,-0.022222222222222254,203000000.0,0.08374384236453203,0.0,True
TRADE_DB653C1F0E0B,조희바다풍경,해운대구,송정동,,,,,,0.0,1.0,2.0,3,,,,True,,,,,,,,,,,,
TRADE_DB94624BB8C6,해창쁘띠메종,동래구,온천동,,,,,,0.0,0.0,0.0,1,,,,True,,,,,,,,,,,,
TRADE_DB96121845A7,해피모아빌,연제구,연산동,,,,,,0.0,0.0,0.0,2,,,,True,,,,,,,,,,,,
TRADE_DB98F451FD78,동원,부산진구,당감동,,,,,,0.0,0.0,1.0,1,,,,True,,,,,,,,,,,,
TRADE_DBC8E42C4DBB,어진빌라,사상구,괘법동,,,,,,1.0,1.0,1.0,1,,,,True,,149000000.0,6116432.392088568,,,,149000000.0,0.0,149000000.0,0.0,1.0,True
TRADE_DBE046DF5069,대양그린빌,연제구,연산동,,,,,,0.0,0.0,0.0,1,,,,True,,,,,,,,,,,,
TRADE_DBED2AF880BB,더샵월드타워,남구,대연동,,,,,,0.0,1.0,1.0,1,,,,True,,,,,,,,,,,,
TRADE_DBF5FDF693BC,영광드림타워,남구,대연동,,,,,,0.0,0.0,0.0,2,,,,True,,,,,,,245000000.0,-0.04081632653061229,230000000.0,0.021739130434782705,0.0,True
TRADE_DC0ACB77001E,목련4차,남구,용호동,,,,,,0.0,0.0,0.0,1,,,,True,,,,,,,,,,,,
TRADE_DC17784B5FF3,다대대상웰리움,사하구,다대동,,,,,,0.0,0.0,0.0,1,,,,True,,,,,,,,,,,,
TRADE_DC501F063EEB,훼밀리빌라트,동래구,명륜동,,,,,,0.0,0.0,0.0,2,,,,True,,,,,,,370000000.0,0.0,245000000.0,0.510204081632653,0.0,True
TRADE_DC559FED2516,타크빌,연제구,연산동,,,,,,0.0,0.0,0.0,1,,,,True,,,,,,,,,,,,
TRADE_DC59C9AE2618,금정리치빌,금정구,장전동,,,,,,0.0,0.0,0.0,1,,,,True,,,,,,,247000000.0,-0.1497975708502024,210000000.0,0.0,0.0,True
TRADE_DC820E59F7F3,대동레미안7,남구,대연동,,,,,,1.0,2.0,4.0,2,,,,True,,,,,,,,,,,,
TRADE_DC822EFAC927,희망파크빌,수영구,광안동,,,,,,0.0,0.0,1.0,1,,,,True,,,,,,,280000000.0,-0.3571428571428571,180000000.0,0.0,0.0,True
TRADE_DC848D2C9F6B,수민위즈빌,금정구,남산동,,,,,,2.0,3.0,3.0,1,,,,True,,212500000.0,8256342.81395001,-0.14314516129032262,,-0.0625,260000000.0,-0.23076923076923073,200000000.0,0.0,3.0,False
TRADE_DCC49323A77D,주은타워빌,사상구,괘법동,,,,,,0.0,0.0,1.0,2,,,,True,,,,,,-0.0714285714285714,337000000.0,-0.228486646884273,260000000.0,0.0,0.0,True
TRADE_DCDEA829E6ED,늘푸른파크,연제구,연산동,,,,,,0.0,0.0,0.0,2,,,,True,,,,,,,195000000.0,0.0,155000000.0,0.25806451612903225,0.0,True
TRADE_DD03FE79C4FE,세전은화빌라,서구,동대신동3가,,,,,,0.0,0.0,0.0,1,,,,True,,,,,,,226000000.0,0.0,226000000.0,0.0,0.0,True
TRADE_DD0F9CFF2430,예담빌라,수영구,광안동,,,,,,0.0,0.0,0.0,1,,,,True,,,,,,,214000000.0,0.0,214000000.0,0.0,0.0,True
TRADE_DD18F9B9C75F,산호,금정구,구서동,,,,,,0.0,0.0,0.0,2,,,,True,,,,,,,280000000.0,0.0,230000000.0,0.21739130434782616,0.0,True
TRADE_DD25344A1A1D,성원맨션,서구,아미동2가,,,,,,0.0,0.0,0.0,3,,,,True,,,,,,,,,,,,
TRADE_DD2E3FF53535,남경이즈빌,부산진구,개금동,,,,,,0.0,0.0,0.0,1,,,,True,,,,,,,,,,,,
TRADE_DD31EA4C20AF,송정비체하임,해운대구,송정동,,,,,,0.0,0.0,0.0,1,,,,True,,,,,,,,,,,,
TRADE_DD40C95D49AD,대연맨션,남구,대연동,,,,,,0.0,0.0,0.0,1,,,,True,,,,,,,,,,,,
TRADE_DD547DEF3DEC,한성그린아파트,서구,토성동2가,,,,,,0.0,1.0,2.0,3,,,,True,,,,,,0.10505836575875493,284000000.0,0.0,257000000.0,0.10505836575875493,1.0,True
TRADE_DD55C742BD49,광명캐슬,동래구,온천동,,,,,,0.0,0.0,0.0,1,,,,True,,,,,,,,,,,,
TRADE_DD5B6B6C0220,홍원메르디앙,금정구,부곡동,,,,,,0.0,0.0,1.0,2,,,,True,,,,,,,300000000.0,-0.13666666666666671,250000000.0,0.03600000000000003,0.0,True
TRADE_DD62CE833E53,아이홈대연,남구,대연동,,,,,,1.0,2.0,3.0,1,,,,True,,388000000.0,15090923.877108682,0.12138728323699421,0.019444444444444375,-0.06493506493506496,442500000.0,-0.12316384180790962,340000000.0,0.14117647058823524,2.0,True
TRADE_DD651F4DFEA6,소호(8동),북구,덕천동,,,,,,0.0,0.0,1.0,1,,,,True,,,,,,,,,,,,
TRADE_DD6E2FAA28FD,골든엠파이어,부산진구,당감동,,,,,,0.0,1.0,1.0,2,,,,True,,,,,,,,,,,,
TRADE_DD6F0F1D87B0,스카이맨션,해운대구,중동,,,,,,1.0,1.0,2.0,2,,,,True,,,,,,,,,,,,
TRADE_DDA32D2C7FDD,홍림빌리지,연제구,연산동,,,,,,0.0,0.0,0.0,2,,,,True,,,,,,,220000000.0,0.0,220000000.0,0.0,0.0,True
TRADE_DDD06853F2DA,가람빌리지,남구,용호동,,,,,,0.0,0.0,0.0,2,,,,True,,,,,,,200000000.0,-0.040000000000000036,139000000.0,0.38129496402877705,0.0,True
TRADE_DDD341C94FDF,서면엘리시움,부산진구,전포동,,,,,,2.0,4.0,5.0,1,,,,True,,258500000.0,10308746.17463404,-0.06846846846846844,0.0185185185185186,,300000000.0,-0.1383333333333333,233000000.0,0.10944206008583701,4.0,False
TRADE_DE118170A9F8,협진태양,금정구,부곡동,,,,,,1.0,3.0,24.0,2,,,,True,,,,,,,,,,,,
TRADE_DE3B4298ADF7,삼흥펠리스빌,금정구,구서동,,,,,,0.0,1.0,2.0,1,,,,True,,,,,0.040000000000000036,,270000000.0,-0.03703703703703709,250000000.0,0.040000000000000036,1.0,True
TRADE_DEB51D82966B,효림시티빌,동래구,온천동,,,,,,0.0,0.0,1.0,3,,,,True,,,,,,,200000000.0,-0.02749999999999997,194500000.0,0.0,0.0,True
TRADE_DEB6D394AF28,영도도남,영도구,동삼동,,,,,,0.0,0.0,0.0,1,,,,True,,,,,,,120000000.0,0.0,120000000.0,0.0,0.0,True
TRADE_DEBAE48372E1,연지동삼정그린코아,부산진구,연지동,,,,,,1.0,1.0,2.0,3,,,,True,,,,,,-0.02777777777777779,405000000.0,-0.13580246913580252,305000000.0,0.14754098360655732,0.0,True
TRADE_DEC5856F7E9B,온천보현빌라,동래구,온천동,,,,,,0.0,0.0,0.0,1,,,,True,,,,,,,,,,,,
TRADE_DEC7EF9D5741,남산파크빌리지,금정구,남산동,,,,,,0.0,0.0,0.0,2,,,,True,,,,,,,180000000.0,-0.05555555555555558,152410000.0,0.11541237451610797,0.0,True
TRADE_DEF29CF99188,금성파크빌,금정구,남산동,,,,,,0.0,0.0,0.0,1,,,,True,,,,,,,,,,,,
TRADE_DEFA63A8D182,세영,부산진구,부전동,,,,,,0.0,0.0,0.0,1,,,,True,,,,,,,247000000.0,-0.10931174089068829,220000000.0,0.0,0.0,True
TRADE_DF6A4D5C3B5D,진흥상가,동래구,안락동,,,,,,0.0,0.0,0.0,1,,,,True,,,,,,,,,,,,
TRADE_DF8253050B21,새영진,부산진구,가야동,,,,,,0.0,0.0,0.0,2,,,,True,,,,,,,180000000.0,0.0,180000000.0,0.0,0.0,True
TRADE_DF8B214E9F3E,우방빌아트,사하구,하단동,,,,,,0.0,0.0,0.0,2,,,,True,,,,,,,245000000.0,0.0,245000000.0,0.0,0.0,True
TRADE_DF8E549D2B6E,허브센티움,동래구,온천동,,,,,,0.0,0.0,1.0,3,,,,True,,,,,,,269000000.0,0.0,248000000.0,0.08467741935483875,0.0,True
TRADE_DFA55CC0F401,센텀그레이스아파트,수영구,수영동,,,,,,0.0,0.0,0.0,2,,,,True,,,,,,,,,,,,
TRADE_DFB799CC45D5,삼오에펠빌리지,동래구,온천동,,,,,,0.0,1.0,2.0,1,,,,True,,,,,,,,,,,,
TRADE_DFD1C42296D1,신동양코스모,해운대구,중동,,,,,,0.0,0.0,0.0,1,,,,True,,,,,,,,,,,,
TRADE_DFEAAB2C3CF9,목연정M팰리스,부산진구,전포동,,,,,,0.0,1.0,1.0,2,,,,True,,,,,,,,,,,,
TRADE_E0072AE0E050,동해,연제구,연산동,,,,,,0.0,0.0,0.0,2,,,,True,,,,,,,,,,,,
TRADE_E016F6F51B3F,골든캐슬,서구,동대신동2가,,,,,,0.0,0.0,2.0,3,,,,True,,,,,,,290000000.0,-0.03448275862068961,265000000.0,0.05660377358490565,0.0,True
TRADE_E01E2BBE5D85,남동경빌,남구,대연동,,,,,,0.0,0.0,0.0,1,,,,True,,,,,,,193000000.0,0.0,193000000.0,0.0,0.0,True
TRADE_E039B02189EF,영광그린파크(나),해운대구,재송동,,,,,,0.0,0.0,0.0,2,,,,True,,,,,,,177000000.0,-0.1384180790960452,140000000.0,0.08928571428571419,0.0,True
TRADE_E05BD454B09F,동우빌라,동래구,온천동,,,,,,0.0,0.0,0.0,1,,,,True,,,,,,,225000000.0,0.0,225000000.0,0.0,0.0,True
TRADE_E05F6D5F29E7,승웅아트빌B동,동래구,수안동,,,,,,0.0,0.0,0.0,1,,,,True,,,,,,,260000000.0,0.0,190000000.0,0.368421052631579,0.0,True
TRADE_E06C6E98E179,삼성아파트,동래구,명장동,,,,,,0.0,0.0,0.0,2,,,,True,,,,,,,,,,,,
TRADE_E0CC0554B36C,베스안하우스2차,동구,수정동,,,,,,0.0,0.0,2.0,2,,,,True,,,,,,,,,,,,
TRADE_E0CE18644605,중동에코하임,해운대구,중동,,,,,,0.0,0.0,0.0,2,,,,True,,,,,,,370000000.0,0.0,278000000.0,0.3309352517985611,0.0,True
TRADE_E0EAD94B49C5,동대센츄럴타운,서구,동대신동3가,,,,,,0.0,0.0,0.0,1,,,,True,,,,,,,255000000.0,-0.07843137254901966,228000000.0,0.030701754385964897,0.0,True
TRADE_E0F450A574CC,동림드림빌,남구,용호동,,,,,,0.0,0.0,0.0,2,,,,True,,,,,,,232000000.0,0.0,232000000.0,0.0,0.0,True
TRADE_E10385DE0C9F,예그리나,동구,범일동,,,,,,0.0,0.0,0.0,1,,,,True,,,,,,,,,,,,
TRADE_E1060FB1F1CE,은하,남구,대연동,,,,,,0.0,0.0,1.0,1,,,,True,,,,,,,,,,,,
TRADE_E119098B1883,센텀스카이B,해운대구,재송동,,,,,,0.0,0.0,0.0,1,,,,True,,,,,,,223000000.0,0.0,180000000.0,0.23888888888888893,0.0,True
TRADE_E125E9B15657,은호,북구,덕천동,,,,,,0.0,0.0,0.0,1,,,,True,,,,,,,,,,,,
TRADE_E12D0B9A9556,동산파크타운,영도구,동삼동,,,,,,1.0,1.0,5.0,3,,,,True,,,,,,,,,,,,
TRADE_E13201913CC7,샘하이츠,금정구,남산동,,,,,,0.0,0.0,0.0,1,,,,True,,,,,,,162000000.0,-0.13580246913580252,140000000.0,0.0,0.0,True
TRADE_E13279858129,유원블루파크비동,사하구,하단동,,,,,,0.0,0.0,0.0,1,,,,True,,,,,,,,,,,,
TRADE_E162B49101C0,덕산,동래구,칠산동,,,,,,0.0,0.0,6.0,3,,,,True,,,,,,,,,,,,
TRADE_E188A1526FCF,세인한아름,부산진구,범천동,,,,,,0.0,2.0,4.0,1,,,,True,,,,,0.015065913370998052,,467000000.0,-0.4229122055674518,210000000.0,0.28333333333333344,2.0,True
TRADE_E18A431F437A,명일리치빌,연제구,연산동,,,,,,0.0,0.0,0.0,1,,,,True,,,,,,,247500000.0,-0.2404040404040404,188000000.0,0.0,0.0,True
TRADE_E195C1392C3E,다사랑빌,수영구,남천동,,,,,,0.0,1.0,1.0,1,,,,True,,,,,,,,,,,,
TRADE_E1B49E7226F0,삼성,부산진구,당감동,,,,,,0.0,1.0,2.0,2,,,,True,,,,,,,,,,,,
TRADE_E1D2889FDA66,대묵M-PARK(베스트로즈힐),금정구,서동,,,,,,0.0,0.0,2.0,2,,,,True,,,,,,,390000000.0,0.0,200000000.0,0.95,0.0,True
TRADE_E1D77375DA0A,남강하이빌,수영구,남천동,,,,,,0.0,0.0,0.0,1,,,,True,,,,,,,330000000.0,0.0,330000000.0,0.0,0.0,True
TRADE_E1E0D08648A3,전원시티빌,연제구,거제동,,,,,,0.0,0.0,0.0,2,,,,True,,,,,,,273000000.0,0.0,273000000.0,0.0,0.0,True
TRADE_E1E9A8FCB9E4,어반젠트리,영도구,대교동1가,,,,,,0.0,0.0,0.0,2,,,,True,,,,,,,,,,,,
TRADE_E2267934B566,동방파크,남구,용호동,,,,,,0.0,0.0,1.0,3,,,,True,,,,,,,,,,,,
TRADE_E242B8901AAC,수정(1161-7),동구,수정동,,,,,,0.0,0.0,1.0,1,,,,True,,,,,,,,,,,,
TRADE_E25AAD295312,금양아이파크,수영구,남천동,,,,,,0.0,2.0,5.0,2,,,,True,,,,,,,,,,,,
TRADE_E263A70E4F76,남성타워,사하구,감천동,,,,,,0.0,0.0,1.0,2,,,,True,,,,,,,162500000.0,-0.22461538461538466,99000000.0,0.2727272727272727,0.0,True
TRADE_E28322B418F2,동양부곡,금정구,부곡동,,,,,,0.0,2.0,4.0,3,,,,True,,,,,,,,,,,,
TRADE_E29FC6D7C08D,황제빌리지,연제구,거제동,,,,,,0.0,0.0,0.0,1,,,,True,,,,,,,,,,,,
TRADE_E2A735F2E79E,엘리시움,금정구,남산동,,,,,,0.0,0.0,0.0,2,,,,True,,,,,,,,,,,,
TRADE_E2B4408B59E7,동경빌라,해운대구,중동,,,,,,0.0,0.0,0.0,1,,,,True,,,,,,,,,,,,
TRADE_E2FA8C561F7B,대근하버빌타운,중구,부평동4가,,,,,,1.0,1.0,2.0,2,,,,True,,185000000.0,7195898.161244696,,-0.02631578947368418,,250000000.0,-0.26,170000000.0,0.08823529411764697,1.0,True
TRADE_E3087BF2C0B5,유림아트빌,수영구,광안동,,,,,,0.0,0.0,0.0,1,,,,True,,,,,,,,,,,,
TRADE_E331A9290EB4,원재아트빌,기장군,기장읍교리,,,,,,1.0,1.0,1.0,1,,,,True,,130000000.0,5056577.086280056,,,0.08333333333333326,157000000.0,-0.1719745222929936,95000000.0,0.368421052631579,1.0,True
TRADE_E34DC3C76565,신진테마빌,연제구,연산동,,,,,,0.0,0.0,1.0,1,,,,True,,,,,,,218500000.0,-0.2448512585812357,165000000.0,0.0,0.0,True
TRADE_E35EC3A69B1F,부흥4차,수영구,광안동,,,,,,0.0,0.0,0.0,2,,,,True,,,,,,,480000000.0,0.0,480000000.0,0.0,0.0,True
TRADE_E368920772EF,광남2차,수영구,남천동,,,,,,0.0,1.0,1.0,1,,,,True,,,,,,-0.09473684210526312,380000000.0,-0.09473684210526312,340000000.0,0.0117647058823529,1.0,True
TRADE_E3705805E6E6,남천블루비치,수영구,남천동,,,,,,0.0,0.0,2.0,1,,,,True,,,,,,,,,,,,
TRADE_E3826330E7CB,대동,영도구,대평동1가,,,,,,0.0,0.0,0.0,1,,,,True,,,,,,,,,,,,
TRADE_E3864B82DC25,대흥파크가동,해운대구,우동,,,,,,0.0,0.0,0.0,2,,,,True,,,,,,,,,,,,
TRADE_E387773D437E,병산한마음빌,연제구,거제동,,,,,,0.0,0.0,0.0,1,,,,True,,,,,,,202000000.0,0.0,200000000.0,0.010000000000000009,0.0,True
TRADE_E390D7954C53,동광세화맨션,금정구,남산동,,,,,,0.0,0.0,1.0,3,,,,True,,,,,,,,,,,,
TRADE_E39E749875E3,대현101동,사상구,괘법동,,,,,,0.0,0.0,0.0,1,,,,True,,,,,,,280000000.0,0.0,217000000.0,0.29032258064516125,0.0,True
TRADE_E3C6BDE4084B,중동맨션,해운대구,중동,,,,,,0.0,0.0,2.0,1,,,,True,,,,,,,,,,,,
TRADE_E3D6EDFD126C,해오름,서구,토성동5가,,,,,,0.0,1.0,5.0,1,,,,True,,,,,-0.09090909090909094,-0.028846153846153855,290000000.0,-0.1724137931034483,240000000.0,0.0,1.0,True
TRADE_E3EB72882B69,남양빌리지,사하구,괴정동,,,,,,0.0,0.0,0.0,3,,,,True,,,,,,,495000000.0,0.0,450000000.0,0.10000000000000009,0.0,True
TRADE_E3FF01AA29A3,정우골든시티,금정구,장전동,,,,,,0.0,2.0,2.0,1,,,,True,,,,,,,,,,,,
TRADE_E400F58E1B46,대우포르투나,수영구,남천동,,,,,,1.0,2.0,2.0,1,,,,True,,440000000.0,17116182.572614107,0.10000000000000009,,0.11258278145695355,470000000.0,-0.06382978723404253,280000000.0,0.5714285714285714,2.0,True
TRADE_E40BFED61C90,금샘하이클래스,동래구,사직동,,,,,,0.0,0.0,0.0,1,,,,True,,,,,,,,,,,,
TRADE_E41DD8974371,충렬지음,동래구,안락동,,,,,,1.0,1.0,4.0,1,,,,True,,,,,,,,,,,,
TRADE_E43FCC2C8C3F,삼경,사하구,하단동,,,,,,0.0,0.0,0.0,3,,,,True,,,,,,,,,,,,
TRADE_E47CA44F8C21,부전타워,기장군,기장읍교리,,,,,,3.0,5.0,11.0,3,,,,True,,173500000.0,6813378.494704604,0.11217948717948723,0.036363636363636376,-0.0625,200000000.0,-0.08999999999999997,135000000.0,0.3481481481481481,4.0,False
TRADE_E48AC4675A11,올유레스틴뷰,사상구,괘법동,,,,,,0.0,0.0,4.0,1,,,,True,,,,,,,,,,,,
TRADE_E491DC3F07EB,아름베스트빌6차,금정구,구서동,,,,,,0.0,0.0,1.0,2,,,,True,,,,,,-0.12556053811659196,265000000.0,-0.26415094339622647,195000000.0,0.0,0.0,True
TRADE_E493D6B9CC7E,삼성맨션,남구,대연동,,,,,,0.0,0.0,0.0,1,,,,True,,,,,,,,,,,,
TRADE_E4A896CC1ABC,태광(405-4),연제구,연산동,,,,,,0.0,0.0,0.0,1,,,,True,,,,,,,,,,,,
TRADE_E4B027E2ADB7,충우드림라이프,사하구,하단동,,,,,,0.0,0.0,1.0,1,,,,True,,,,,,,285000000.0,-0.04210526315789476,272000000.0,0.003676470588235281,0.0,True
TRADE_E4CDCBEA6E82,우남센스빌,금정구,구서동,,,,,,0.0,0.0,0.0,1,,,,True,,,,,,,212000000.0,-0.160377358490566,150000000.0,0.18666666666666676,0.0,True
TRADE_E4D92BA20816,벽송수피아,금정구,남산동,,,,,,0.0,0.0,0.0,3,,,,True,,,,,,,228000000.0,-0.06140350877192979,205000000.0,0.04390243902439028,0.0,True
TRADE_E508FF584514,대근아트,서구,부용동1가,,,,,,0.0,0.0,0.0,1,,,,True,,,,,,,,,,,,
TRADE_E51A5FE21665,그린힐타운C동,동래구,온천동,,,,,,0.0,0.0,0.0,1,,,,True,,,,,,,,,,,,
TRADE_E51F70D71DA0,이충라온제나,북구,구포동,,,,,,0.0,0.0,0.0,1,,,,True,,,,,,,,,,,,
TRADE_E525596104C2,성도주택,부산진구,개금동,,,,,,0.0,0.0,0.0,1,,,,True,,,,,,,,,,,,
TRADE_E5488CB7EEF2,중앙하이츠,연제구,연산동,,,,,,0.0,0.0,0.0,2,,,,True,,,,,,,250000000.0,0.0,250000000.0,0.0,0.0,True
TRADE_E551C4722B9C,썬리치,동구,초량동,,,,,,0.0,0.0,0.0,3,,,,True,,,,,,,171000000.0,0.0,160000000.0,0.06875000000000009,0.0,True
TRADE_E5674E979FD4,고은파크뷰,수영구,광안동,,,,,,0.0,0.0,0.0,2,,,,True,,,,,,,410000000.0,-0.024390243902439046,360000000.0,0.11111111111111116,0.0,True
TRADE_E56B5950AC14,천아하늘정원,금정구,부곡동,,,,,,0.0,0.0,0.0,1,,,,True,,,,,,,,,,,,
TRADE_E57006390284,삼강네오빌,수영구,광안동,,,,,,0.0,0.0,0.0,1,,,,True,,,,,,,,,,,,
TRADE_E570DA919D5B,해오름빌리지1차,연제구,연산동,,,,,,0.0,0.0,0.0,2,,,,True,,,,,,,,,,,,
TRADE_E58891430D12,산호맨션,부산진구,양정동,,,,,,0.0,0.0,1.0,2,,,,True,,,,,,0.02564102564102555,600000000.0,-0.33333333333333337,330000000.0,0.21212121212121215,0.0,True
TRADE_E5920ED6A69D,대동하이츠빌,남구,대연동,,,,,,0.0,0.0,0.0,1,,,,True,,,,,,,265000000.0,-0.13207547169811318,223500000.0,0.029082774049216997,0.0,True
TRADE_E5B775A94B47,삼성,남구,용호동,,,,,,0.0,0.0,1.0,1,,,,True,,,,,,,,,,,,
TRADE_E5D0EFF025B6,성우센텀스카이뷰비,수영구,광안동,,,,,,2.0,3.0,3.0,1,,,,True,,,,,,,,,,,,
TRADE_E5EA906975CA,펠리스빌3,기장군,기장읍대라리,,,,,,0.0,0.0,0.0,1,,,,True,,,,,,,,,,,,
TRADE_E5EF11F4A981,그린파크,부산진구,초읍동,,,,,,0.0,0.0,0.0,1,,,,True,,,,,,,200000000.0,-0.25,150000000.0,0.0,0.0,True
TRADE_E6094356C9DD,구서태성에버리치,금정구,구서동,,,,,,0.0,0.0,0.0,1,,,,True,,,,,,,,,,,,
TRADE_E61C0FF5C89A,정림위더스하임,영도구,남항동1가,,,,,,1.0,2.0,5.0,2,,,,True,,,,,,,,,,,,
TRADE_E67776AE1EA0,구성빌라,서구,충무동2가,,,,,,0.0,0.0,0.0,1,,,,True,,,,,,,,,,,,
TRADE_E688C388FEA2,괴정웰메이드홈,사하구,괴정동,,,,,,0.0,1.0,1.0,2,,,,True,,,,,,,,,,,,
TRADE_E69EB08B05B0,에버그린,사상구,괘법동,,,,,,0.0,0.0,0.0,1,,,,True,,,,,,,,,,,,
TRADE_E6EF4A45044B,신한백조,수영구,망미동,,,,,,0.0,0.0,1.0,1,,,,True,,,,,,,,,,,,
TRADE_E6F2519B8AC8,전포대진,부산진구,전포동,,,,,,0.0,0.0,0.0,1,,,,True,,,,,,,,,,,,
TRADE_E6FDC129DD0C,성지백양,부산진구,당감동,,,,,,0.0,0.0,0.0,1,,,,True,,,,,,,,,,,,
TRADE_E71272DDE262,정호베스트빌(15-17),남구,문현동,,,,,,0.0,0.0,0.0,3,,,,True,,,,,,,545000000.0,0.0,480000000.0,0.13541666666666674,0.0,True
TRADE_E7217DBE55A4,대보드림채,금정구,구서동,,,,,,0.0,0.0,2.0,1,,,,True,,,,,,,,,,,,
TRADE_E76CB80D9FC5,일동대영,부산진구,연지동,,,,,,0.0,0.0,3.0,1,,,,True,,,,,,,370000000.0,-0.10810810810810811,215000000.0,0.5348837209302326,0.0,True
TRADE_E78B14517058,아카데미빌라,금정구,청룡동,,,,,,0.0,0.0,0.0,1,,,,True,,,,,,,,,,,,
TRADE_E7AED6E4C4C7,동아,부산진구,가야동,,,,,,0.0,0.0,3.0,2,,,,True,,,,,,,373000000.0,-0.12868632707774796,270000000.0,0.20370370370370372,0.0,True
TRADE_E7BB0B8178EB,대가하이츠,동래구,온천동,,,,,,0.0,2.0,4.0,3,,,,True,,,,,0.009771986970684043,0.06529209621993126,363000000.0,-0.1460055096418733,230000000.0,0.34782608695652173,1.0,True
TRADE_E7C415F11093,성지그린빌,부산진구,초읍동,,,,,,0.0,0.0,0.0,1,,,,True,,,,,,,,,,,,
TRADE_E7C9A75CCCC8,남도그린파크,금정구,남산동,,,,,,0.0,0.0,0.0,2,,,,True,,,,,,,172000000.0,0.0,172000000.0,0.0,0.0,True
TRADE_E7F374A26AC3,대능더에스티지,부산진구,양정동,,,,,,1.0,3.0,8.0,1,,,,True,,,,,,,,,,,,
TRADE_E7F9AA0A886F,남부빌라,남구,감만동,,,,,,0.0,0.0,0.0,3,,,,True,,,,,,,109000000.0,0.0,109000000.0,0.0,0.0,True
TRADE_E818A9CF40A0,센텀엘카사,중구,보수동2가,,,,,,0.0,0.0,1.0,1,,,,True,,,,,,,,,,,,
TRADE_E8221F8E2AF1,영광그린파크(가),해운대구,재송동,,,,,,0.0,0.0,0.0,3,,,,True,,,,,,,200000000.0,-0.06999999999999995,145000000.0,0.28275862068965507,0.0,True
TRADE_E830541EEBF8,참빛마을2,해운대구,재송동,,,,,,1.0,2.0,3.0,3,,,,True,,211000000.0,8198516.425291415,-0.018604651162790753,-0.022935779816513735,,218000000.0,-0.032110091743119296,170000000.0,0.24117647058823533,2.0,True
TRADE_E8422C6CBDA4,이수빌라,수영구,광안동,,,,,,0.0,0.0,0.0,2,,,,True,,,,,,,315000000.0,0.0,315000000.0,0.0,0.0,True
TRADE_E84BDC08D225,동조리젠시,사하구,괴정동,,,,,,0.0,0.0,1.0,2,,,,True,,,,,,,145000000.0,0.0,145000000.0,0.0,0.0,True
TRADE_E84D6DA1D5C8,최신빌라,금정구,장전동,,,,,,0.0,0.0,0.0,2,,,,True,,,,,,,,,,,,
TRADE_E84E890C246C,문성하이츠빌라,동래구,복천동,,,,,,0.0,1.0,1.0,1,,,,True,,,,,,,,,,,,
TRADE_E87A15015D01,세왕자이연,금정구,청룡동,,,,,,1.0,1.0,2.0,1,,,,True,,,,,,,,,,,,
TRADE_E8892F6768D2,동백,금정구,부곡동,,,,,,0.0,0.0,0.0,2,,,,True,,,,,,,,,,,,
TRADE_E8B7BEFD270C,용진힐타운,북구,구포동,,,,,,1.0,1.0,1.0,1,,,,True,,198000000.0,7698833.510074231,,,,230000000.0,-0.13913043478260867,140000000.0,0.41428571428571437,1.0,True
TRADE_E8C049221C05,수목하우스,부산진구,양정동,,,,,,0.0,0.0,0.0,1,,,,True,,,,,,,,,,,,
TRADE_E8D28664166A,한림맨션,남구,감만동,,,,,,0.0,1.0,1.0,3,,,,True,,,,,,,,,,,,
TRADE_E8F29259661D,한성기린(668-0),동래구,안락동,,,,,,0.0,2.0,2.0,2,,,,True,,,,,,,,,,,,
TRADE_E9187A17F456,송도타워맨션,서구,암남동,,,,,,0.0,0.0,3.0,3,,,,True,,,,,,,300000000.0,0.0,240000000.0,0.25,0.0,True
TRADE_E9266D073CD6,제일,사하구,장림동,,,,,,0.0,0.0,0.0,2,,,,True,,,,,,,,,,,,
TRADE_E92BAB8CA4FC,동광세화맨션,영도구,동삼동,,,,,,0.0,0.0,1.0,2,,,,True,,,,,,,,,,,,
TRADE_E93640ADA580,신우비치맨션,해운대구,송정동,,,,,,0.0,0.0,0.0,2,,,,True,,,,,,,,,,,,
TRADE_E94A0360D65E,엘스퀘어,금정구,부곡동,,,,,,0.0,0.0,1.0,2,,,,True,,,,,,,,,,,,
TRADE_E977A8F421CA,전자종합상가,부산진구,부전동,,,,,,0.0,0.0,1.0,4,,,,True,,,,,,,310000000.0,0.0,310000000.0,0.0,0.0,True
TRADE_E977B55F064F,광안봉황맨션,수영구,광안동,,,,,,0.0,0.0,0.0,2,,,,True,,,,,,,285000000.0,0.0,180000000.0,0.5833333333333333,0.0,True
TRADE_E98D0641F140,스카이아트빌,기장군,기장읍대라리,,,,,,0.0,0.0,0.0,1,,,,True,,,,,,,130000000.0,-0.06153846153846154,120000000.0,0.016666666666666607,0.0,True
TRADE_E9AA9422C933,우성맨션,남구,문현동,,,,,,0.0,1.0,3.0,1,,,,True,,,,,,,,,,,,
TRADE_E9BADB136710,새롬하이빌2차,부산진구,범천동,,,,,,0.0,1.0,1.0,3,,,,True,,,,,,0.20879120879120872,300000000.0,-0.08333333333333337,180000000.0,0.5277777777777777,1.0,True
TRADE_E9C91380940C,송림주택,사상구,주례동,,,,,,0.0,0.0,2.0,2,,,,True,,,,,,,,,,,,
TRADE_E9D35C3A54AA,더샵시티,남구,대연동,,,,,,1.0,1.0,5.0,2,,,,True,,,,,,,,,,,,
TRADE_E9D717CF96CC,동경위너스빌라,해운대구,우동,,,,,,0.0,0.0,0.0,1,,,,True,,,,,,,,,,,,
TRADE_E9F1913E8008,제일,동구,좌천동,,,,,,0.0,1.0,2.0,1,,,,True,,,,,,,,,,,,
TRADE_E9F355A85C8D,금광타워,기장군,기장읍대라리,,,,,,0.0,0.0,0.0,2,,,,True,,,,,,,185000000.0,-0.06486486486486487,173000000.0,0.0,0.0,True
TRADE_EA33ABCCD52B,동주파크,중구,영주동,,,,,,1.0,3.0,4.0,3,,,,True,,,,,,,167500000.0,-0.22388059701492535,90000000.0,0.4444444444444444,0.0,True
TRADE_EA4938BBEFEB,삼창파크타운1동2동,영도구,동삼동,,,,,,0.0,0.0,2.0,4,,,,True,,,,,,,155000000.0,0.0,100000000.0,0.55,0.0,True
TRADE_EA4EDFBF2FFE,수목하우스,부산진구,양정동,,,,,,1.0,2.0,3.0,1,,,,True,,,,,,,,,,,,
TRADE_EA6C281ACFFF,서전미네르빌,금정구,서동,,,,,,0.0,0.0,0.0,2,,,,True,,,,,,,,,,,,
TRADE_EA82A4F5F59B,하나빌,영도구,대평동1가,,,,,,0.0,0.0,1.0,1,,,,True,,,,,,-0.13714285714285712,220000000.0,-0.3136363636363636,151000000.0,0.0,0.0,True
TRADE_EAA7CEF63DBA,오션스카이블루,서구,서대신동2가,,,,,,0.0,0.0,1.0,1,,,,True,,,,,,,,,,,,
TRADE_EAEA854FCAE1,백조그린타운,북구,구포동,,,,,,0.0,2.0,4.0,2,,,,True,,,,,0.23008849557522115,0.17757009345794383,167000000.0,-0.16766467065868262,103000000.0,0.3495145631067962,1.0,True
TRADE_EB01431CBD5F,신한탑스빌,금정구,부곡동,,,,,,0.0,0.0,0.0,1,,,,True,,,,,,,205000000.0,0.0,160000000.0,0.28125,0.0,True
TRADE_EB0F21DABB68,제세하이빌(48-7),동래구,사직동,,,,,,0.0,0.0,0.0,2,,,,True,,,,,,,,,,,,
TRADE_EB0FD844CEB6,남부,서구,아미동2가,,,,,,0.0,1.0,1.0,2,,,,True,,,,,,,,,,,,
TRADE_EB134E28D9D7,광이골드힐A,남구,우암동,,,,,,0.0,0.0,0.0,1,,,,True,,,,,,,,,,,,
TRADE_EB19B5C2C57B,대주하이빌,북구,구포동,,,,,,0.0,0.0,0.0,1,,,,True,,,,,,,,,,,,
TRADE_EB1E1AD6233A,보광맨션,남구,문현동,,,,,,0.0,0.0,1.0,1,,,,True,,,,,,,,,,,,
TRADE_EB2F3E0C3E8B,효정빌라,서구,서대신동1가,,,,,,0.0,0.0,0.0,2,,,,True,,,,,,,,,,,,
TRADE_EB33ADAF8768,무진,사하구,하단동,,,,,,0.0,0.0,0.0,1,,,,True,,,,,,,172000000.0,-0.09883720930232553,150000000.0,0.03333333333333344,0.0,True
TRADE_EB525DE2120D,동아국민,금정구,부곡동,,,,,,0.0,0.0,0.0,1,,,,True,,,,,,,,,,,,
TRADE_EB66A0E2E32E,청호파크빌라,동래구,사직동,,,,,,0.0,1.0,2.0,1,,,,True,,,,,,,,,,,,
TRADE_EB758A33EA93,프린스빌라,해운대구,우동,,,,,,0.0,1.0,1.0,1,,,,True,,,,,,,,,,,,
TRADE_EBA76438BED0,우림,사하구,감천동,,,,,,0.0,0.0,1.0,2,,,,True,,,,,,,70000000.0,0.0,70000000.0,0.0,0.0,True
TRADE_EBB2AD9CCE3A,중경,수영구,광안동,,,,,,1.0,2.0,6.0,1,,,,True,,,,,,,,,,,,
TRADE_EBB4BDF2B736,온누리,동구,초량동,,,,,,0.0,0.0,0.0,1,,,,True,,,,,,,270000000.0,0.0,245000000.0,0.1020408163265305,0.0,True
TRADE_EBE9B9239709,화신거림(212-1),연제구,거제동,,,,,,1.0,2.0,3.0,1,,,,True,,,,,,,,,,,,
TRADE_EC1CD868BC7A,동보빌라맨션,남구,용호동,,,,,,1.0,1.0,1.0,1,,,,True,,,,,,,,,,,,
TRADE_EC38E84A3C80,금강빌리지,북구,구포동,,,,,,0.0,0.0,0.0,1,,,,True,,,,,,,190000000.0,0.0,190000000.0,0.0,0.0,True
TRADE_EC44A19E22F1,오현리버뷰,사하구,하단동,,,,,,0.0,1.0,1.0,1,,,,True,,,,,,,,,,,,
TRADE_EC4CB8B15B10,달맞이베네치아,해운대구,중동,,,,,,0.0,0.0,0.0,3,,,,True,,,,,,,535000000.0,0.0,535000000.0,0.0,0.0,True
TRADE_EC8A8F4691FD,대신빌라,서구,토성동5가,,,,,,1.0,1.0,1.0,1,,,,True,,,,,,,,,,,,
TRADE_EC8BB66AE76B,오양,수영구,망미동,,,,,,0.0,1.0,2.0,1,,,,True,,,,,,,,,,,,
TRADE_EC979B4D0449,청운아파트1동,중구,영주동,,,,,,0.0,0.0,0.0,1,,,,True,,,,,,,,,,,,
TRADE_ECEF8096FDF9,퍼스트클래스,사하구,괴정동,,,,,,0.0,0.0,1.0,1,,,,True,,,,,,,,,,,,
TRADE_ECFC0E3E6468,나산리츠빌라,사하구,괴정동,,,,,,0.0,0.0,1.0,2,,,,True,,,,,,,560000000.0,-0.3482142857142857,365000000.0,0.0,0.0,True
TRADE_ED1381B71A6D,타워별장,서구,동대신동3가,,,,,,0.0,0.0,0.0,2,,,,True,,,,,,,168000000.0,0.0,100000000.0,0.6799999999999999,0.0,True
TRADE_ED1767D8BA65,천우그린빌라,서구,부민동1가,,,,,,0.0,0.0,0.0,1,,,,True,,,,,,,245000000.0,-0.11020408163265305,200000000.0,0.09000000000000008,0.0,True
TRADE_ED21BE5ACE3F,반도,동래구,온천동,,,,,,0.0,0.0,5.0,1,,,,True,,,,,,,,,,,,
TRADE_ED511AB5082C,미소드림,서구,서대신동1가,,,,,,1.0,1.0,3.0,1,,,,True,,,,,,,,,,,,
TRADE_ED7B49EE8167,한솔,수영구,광안동,,,,,,0.0,0.0,1.0,1,,,,True,,,,,,,,,,,,
TRADE_EDA4D0BFF07F,청송,사상구,엄궁동,,,,,,0.0,0.0,0.0,1,,,,True,,,,,,,170000000.0,0.0,170000000.0,0.0,0.0,True
TRADE_EDB2779F6BDF,신도,북구,덕천동,,,,,,0.0,3.0,3.0,2,,,,True,,,,,,,,,,,,
TRADE_EDBC70B21818,성인아르빌,영도구,봉래동2가,,,,,,0.0,0.0,0.0,1,,,,True,,,,,,,227000000.0,-0.08370044052863435,208000000.0,0.0,0.0,True
TRADE_EDD80C5CDDD3,영림더채움,사하구,하단동,,,,,,0.0,0.0,0.0,1,,,,True,,,,,,,,,,,,
TRADE_EE0150B8B42D,서동로얄맨션,금정구,서동,,,,,,0.0,0.0,0.0,3,,,,True,,,,,,,,,,,,
TRADE_EE1082BD4718,동양빌라,중구,보수동3가,,,,,,0.0,0.0,0.0,1,,,,True,,,,,,,225000000.0,-0.15555555555555556,190000000.0,0.0,0.0,True
TRADE_EE13A82326DC,우성빌라(백세해운대빌라2차),해운대구,중동,,,,,,0.0,0.0,0.0,1,,,,True,,,,,,,,,,,,
TRADE_EE18736D8974,나경위너스,연제구,연산동,,,,,,0.0,0.0,1.0,1,,,,True,,,,,,,,,,,,
TRADE_EE1EDD4CF515,엘리시아,부산진구,양정동,,,,,,0.0,0.0,1.0,1,,,,True,,,,,,-0.11646586345381527,249000000.0,-0.11646586345381527,215000000.0,0.023255813953488413,0.0,True
TRADE_EE3F0AE04252,아침햇살,남구,대연동,,,,,,2.0,2.0,4.0,3,,,,True,,,,,,,,,,,,
TRADE_EE5B6C1C0BF4,우소재,금정구,장전동,,,,,,0.0,0.0,0.0,1,,,,True,,,,,,,,,,,,
TRADE_EE5E065D4FC7,수안동미소지음아파트,동래구,수안동,,,,,,0.0,0.0,2.0,3,,,,True,,,,,,,340000000.0,0.0,300000000.0,0.1333333333333333,0.0,True
TRADE_EE9068F194AF,삼주빌리지,해운대구,중동,,,,,,0.0,0.0,0.0,1,,,,True,,,,,,,,,,,,
TRADE_EEC5650CA344,금강스위트,금정구,장전동,,,,,,0.0,0.0,0.0,1,,,,True,,,,,,,,,,,,
TRADE_EEDB6AE2799C,봉래,영도구,봉래동3가,,,,,,0.0,0.0,0.0,1,,,,True,,,,,,,,,,,,
TRADE_EEDD993DA835,에코하임기장,기장군,기장읍대라리,,,,,,0.0,0.0,1.0,1,,,,True,,,,,,,,,,,,
TRADE_EEEB18C7510C,디어하임B,남구,대연동,,,,,,0.0,0.0,1.0,1,,,,True,,,,,,,310000000.0,-0.032258064516129004,255000000.0,0.17647058823529416,0.0,True
TRADE_EEF9948DF779,남평파크뷰,기장군,기장읍대라리,,,,,,0.0,0.0,0.0,1,,,,True,,,,,,,240000000.0,-0.050000000000000044,175000000.0,0.30285714285714294,0.0,True
TRADE_EF12FDDDDA4C,원정프린스,수영구,망미동,,,,,,0.0,0.0,0.0,2,,,,True,,,,,,,,,,,,
TRADE_EF2D04A54190,모라새상가,사상구,모라동,,,,,,0.0,0.0,0.0,2,,,,True,,,,,,,,,,,,
TRADE_EF39407F1462,산호맨션,수영구,망미동,,,,,,1.0,1.0,2.0,2,,,,True,,,,,,-0.04587155963302747,283000000.0,-0.08127208480565373,200000000.0,0.30000000000000004,0.0,True
TRADE_EF486EC19180,태성맨션,동래구,안락동,,,,,,0.0,0.0,1.0,2,,,,True,,,,,,,,,,,,
TRADE_EF5148799CEC,조일센토빌,사하구,하단동,,,,,,0.0,0.0,0.0,4,,,,True,,,,,,,,,,,,
TRADE_EF582FCFC701,우호스카이빌,부산진구,양정동,,,,,,0.0,0.0,0.0,4,,,,True,,,,,,,200000000.0,0.0,200000000.0,0.0,0.0,True
TRADE_EF6549D1791D,문화,서구,남부민동,,,,,,0.0,0.0,1.0,1,,,,True,,,,,,,,,,,,
TRADE_EF65EFD08190,이진빌라,수영구,민락동,,,,,,1.0,1.0,1.0,1,,,,True,,320000000.0,12442559.208200777,,,,540000000.0,-0.40740740740740744,230000000.0,0.3913043478260869,1.0,True
TRADE_EF75D0C53E4D,체어빌골드,동구,초량동,,,,,,0.0,0.0,0.0,1,,,,True,,,,,,,,,,,,
TRADE_EF8776C7F9C5,경민맨션,사하구,감천동,,,,,,0.0,0.0,0.0,1,,,,True,,,,,,,,,,,,
TRADE_EFDAD08C908B,명조빌라,동래구,온천동,,,,,,0.0,0.0,0.0,2,,,,True,,,,,,,,,,,,
TRADE_EFDC400167EB,사남신익,사하구,괴정동,,,,,,0.0,1.0,4.0,3,,,,True,,,,,,,179000000.0,-0.16201117318435754,141500000.0,0.060070671378091856,0.0,True
TRADE_F0028E519AE4,대호세화,사하구,하단동,,,,,,2.0,2.0,2.0,3,,,,True,,,,,,,,,,,,
TRADE_F002974D5E71,용호맨션,남구,용호동,,,,,,0.0,0.0,0.0,1,,,,True,,,,,,,,,,,,
TRADE_F0434FA558A4,거북맨션,서구,암남동,,,,,,0.0,0.0,0.0,1,,,,True,,,,,,,,,,,,
TRADE_F09179810A21,궁전쉐르빌,금정구,구서동,,,,,,1.0,1.0,1.0,1,,,,True,,170000000.0,6600776.561948464,,,,243000000.0,-0.3004115226337448,170000000.0,0.0,1.0,True
TRADE_F09DB0D9E8DD,정심파크빌,동래구,온천동,,,,,,0.0,0.0,0.0,2,,,,True,,,,,,,310000000.0,-0.06451612903225812,270000000.0,0.07407407407407418,0.0,True
TRADE_F0CF5583636B,덕천시영,북구,덕천동,,,,,,0.0,0.0,0.0,1,,,,True,,,,,,,,,,,,
TRADE_F0E8166DC357,대경위너스,영도구,청학동,,,,,,0.0,0.0,0.0,2,,,,True,,,,,,,,,,,,
TRADE_F1406606D78C,덕경네오빌,사하구,신평동,,,,,,0.0,0.0,0.0,2,,,,True,,,,,,,168000000.0,-0.04761904761904767,150000000.0,0.06666666666666665,0.0,True
TRADE_F146B8F01667,록원월드타워,남구,대연동,,,,,,0.0,0.0,0.0,2,,,,True,,,,,,,,,,,,
TRADE_F1533B5451AA,협성센트로2차,수영구,광안동,,,,,,0.0,0.0,0.0,1,,,,True,,,,,,,340000000.0,0.0,340000000.0,0.0,0.0,True
TRADE_F156D8CE171F,공영2,동래구,온천동,,,,,,0.0,0.0,0.0,2,,,,True,,,,,,,,,,,,
TRADE_F17F13639B32,대동하이츠,부산진구,부전동,,,,,,0.0,0.0,0.0,2,,,,True,,,,,,,,,,,,
TRADE_F1BAB253A9BF,엄궁로얄화교아파트,사상구,엄궁동,,,,,,0.0,2.0,3.0,1,,,,True,,,,,,,,,,,,
TRADE_F1E1C44B97ED,행운빌라트,금정구,부곡동,,,,,,0.0,0.0,0.0,1,,,,True,,,,,,,,,,,,
TRADE_F21B82EB6D8B,대진,남구,문현동,,,,,,1.0,2.0,2.0,1,,,,True,,,,,,,,,,,,
TRADE_F22162C535D5,버드나무,연제구,거제동,,,,,,0.0,0.0,0.0,2,,,,True,,,,,,,,,,,,
TRADE_F226ECF0BD7E,황금빌리지,부산진구,초읍동,,,,,,0.0,0.0,0.0,1,,,,True,,,,,,,,,,,,
TRADE_F22B812AB314,광안에코하임센트럴뷰,수영구,광안동,,,,,,0.0,1.0,2.0,1,,,,True,,,,,,,,,,,,
TRADE_F2348E1F52F3,삼안스튜디오2000,해운대구,중동,,,,,,0.0,2.0,2.0,1,,,,True,,,,,,,,,,,,
TRADE_F246C68B129A,동원,부산진구,부암동,,,,,,0.0,0.0,3.0,4,,,,True,,,,,,,182250000.0,-0.34156378600823045,120000000.0,0.0,0.0,True
TRADE_F247FD985A74,한일맨션,부산진구,초읍동,,,,,,1.0,2.0,4.0,2,,,,True,,,,,,,,,,,,
TRADE_F258CEB8190C,전포유림노르웨이숲,부산진구,전포동,,,,,,0.0,3.0,7.0,1,,,,True,,,,,,,,,,,,
TRADE_F261E132BB04,무지개,동래구,명장동,,,,,,0.0,1.0,1.0,1,,,,True,,,,,,,,,,,,
TRADE_F27E6CF3F979,동양맨션,수영구,광안동,,,,,,0.0,0.0,0.0,3,,,,True,,,,,,,,,,,,
TRADE_F280B32D4A85,영림,영도구,영선동2가,,,,,,0.0,0.0,0.0,1,,,,True,,,,,,,,,,,,
TRADE_F28E1A121F72,예일프라자,부산진구,전포동,,,,,,0.0,0.0,1.0,2,,,,True,,,,,,,,,,,,
TRADE_F295554D28CB,제일(13-1105),사하구,감천동,,,,,,1.0,1.0,2.0,1,,,,True,,,,,,,,,,,,
TRADE_F2AAC799D447,썬그린타워빌,남구,대연동,,,,,,0.0,0.0,0.0,1,,,,True,,,,,,,254000000.0,-0.11220472440944884,215000000.0,0.04883720930232549,0.0,True
TRADE_F2B051EAD7BA,충무쇼핑맨션,서구,남부민동,,,,,,2.0,2.0,3.0,4,,,,True,,,,,,,,,,,,
TRADE_F2B81CBAB54B,송남,해운대구,반여동,,,,,,0.0,0.0,0.0,1,,,,True,,,,,,,137000000.0,-0.12408759124087587,120000000.0,0.0,0.0,True
TRADE_F2EC81162DB7,해맞이빌,기장군,일광읍삼성리,,,,,,0.0,1.0,2.0,2,,,,True,,,,,,,283000000.0,-0.24028268551236753,190000000.0,0.13157894736842102,1.0,True
TRADE_F2F1A8A361BF,광후빌리지,금정구,장전동,,,,,,0.0,0.0,0.0,1,,,,True,,,,,,,,,,,,
TRADE_F303A5E3B11E,금보빌라타운,수영구,광안동,,,,,,1.0,3.0,6.0,4,,,,True,,,,,,,490000000.0,0.0,250000000.0,0.96,0.0,True
TRADE_F315A7264692,헤리츠아파트3차,서구,충무동1가,,,,,,1.0,4.0,7.0,2,,,,True,,405000000.0,16687476.588837557,,0.012499999999999956,,405000000.0,0.0,350000000.0,0.15714285714285725,1.0,True
TRADE_F31CF1D9E1EA,대성캐슬2,사상구,괘법동,,,,,,0.0,0.0,0.0,2,,,,True,,,,,,,,,,,,
TRADE_F32C48FE3147,북부,북구,만덕동,,,,,,1.0,1.0,2.0,2,,,,True,,,,,,,,,,,,
TRADE_F3685EBECB50,삼원그린(1733-10),남구,대연동,,,,,,0.0,0.0,1.0,2,,,,True,,,,,,,280000000.0,-0.017857142857142905,250000000.0,0.10000000000000009,0.0,True
TRADE_F3CC5F71AC5B,한성,연제구,거제동,,,,,,0.0,0.0,0.0,2,,,,True,,,,,,,500000000.0,0.0,500000000.0,0.0,0.0,True
TRADE_F3D21EAA19CE,한일,사상구,모라동,,,,,,0.0,0.0,4.0,2,,,,True,,,,,,-0.11818181818181817,158000000.0,-0.22468354430379744,90000000.0,0.36111111111111116,0.0,True
TRADE_F3D4F19867A6,진달래,해운대구,재송동,,,,,,0.0,0.0,0.0,2,,,,True,,,,,,,,,,,,
TRADE_F412B9206AA6,한마음,사하구,당리동,,,,,,0.0,0.0,0.0,1,,,,True,,,,,,,256000000.0,0.0,220000000.0,0.16363636363636358,0.0,True
TRADE_F41AC68C1854,로얄맨션,남구,용호동,,,,,,0.0,0.0,0.0,1,,,,True,,,,,,,,,,,,
TRADE_F42A500E22B9,태안하버빌,동구,수정동,,,,,,0.0,0.0,1.0,3,,,,True,,,,,,,250000000.0,-0.09999999999999998,200000000.0,0.125,0.0,True
TRADE_F4373A02FA12,한진스카이,금정구,구서동,,,,,,0.0,0.0,1.0,2,,,,True,,,,,,,318500000.0,-0.08634222919937207,291000000.0,0.0,0.0,True
TRADE_F48AFC728D91,삼부맨션,금정구,구서동,,,,,,0.0,0.0,0.0,1,,,,True,,,,,,,,,,,,
TRADE_F49DE35A1079,한맥타운,동래구,온천동,,,,,,0.0,0.0,0.0,1,,,,True,,,,,,,,,,,,
TRADE_F4CA64879670,성보리치빌,동구,초량동,,,,,,0.0,0.0,0.0,1,,,,True,,,,,,,,,,,,
TRADE_F52D6291D5CB,협동,부산진구,범천동,,,,,,0.0,0.0,0.0,1,,,,True,,,,,,,,,,,,
TRADE_F52E2D4F5368,현대,영도구,남항동3가,,,,,,0.0,0.0,0.0,2,,,,True,,,,,,,,,,,,
TRADE_F52EF3A4B17A,장산파크빌,남구,대연동,,,,,,0.0,0.0,0.0,1,,,,True,,,,,,,137000000.0,0.0,137000000.0,0.0,0.0,True
TRADE_F53D98B94F32,웰스플러스,동래구,복천동,,,,,,0.0,0.0,2.0,4,,,,True,,,,,,,270000000.0,0.0,200000000.0,0.3500000000000001,0.0,True
TRADE_F53E77C97822,대동아이파크,남구,대연동,,,,,,0.0,0.0,0.0,4,,,,True,,,,,,,275000000.0,0.0,275000000.0,0.0,0.0,True
TRADE_F565230433ED,세종엠-스테이Ⅱ,수영구,남천동,,,,,,1.0,1.0,2.0,2,,,,True,,,,,,,,,,,,
TRADE_F5B3A938871B,구서동삼백크라시앙,금정구,구서동,,,,,,0.0,0.0,4.0,1,,,,True,,,,,,0.03385416666666674,262000000.0,-0.05534351145038163,219500000.0,0.1275626423690206,0.0,True
TRADE_F605EE2BCFC1,영화맨션,동래구,명장동,,,,,,0.0,0.0,1.0,3,,,,True,,,,,,,,,,,,
TRADE_F609199FC0D4,새롬하이빌,부산진구,연지동,,,,,,0.0,0.0,0.0,1,,,,True,,,,,,,182000000.0,0.0,182000000.0,0.0,0.0,True
TRADE_F61E3F4B7C06,새광안맨션,수영구,광안동,,,,,,1.0,1.0,2.0,2,,,,True,,,,,,,400000000.0,0.0,169000000.0,1.3668639053254439,0.0,True
TRADE_F63773697251,동산로즈맨션,남구,용호동,,,,,,0.0,0.0,0.0,2,,,,True,,,,,,,,,,,,
TRADE_F63E4A063087,오션스카이남천,수영구,남천동,,,,,,0.0,0.0,0.0,1,,,,True,,,,,,,,,,,,
TRADE_F64CA2787881,대유빌아트,수영구,민락동,,,,,,0.0,0.0,0.0,1,,,,True,,,,,,,295000000.0,0.0,200000000.0,0.4750000000000001,0.0,True
TRADE_F660740AE1B1,형수빌라,중구,대청동4가,,,,,,0.0,0.0,0.0,1,,,,True,,,,,,,,,,,,
TRADE_F6A967CA1AFF,동보2차,금정구,구서동,,,,,,0.0,0.0,0.0,2,,,,True,,,,,,,275000000.0,-0.10181818181818181,243000000.0,0.016460905349794164,0.0,True
TRADE_F6B5F66FA1FB,마리나프리텔,수영구,남천동,,,,,,0.0,0.0,0.0,1,,,,True,,,,,,,,,,,,
TRADE_F6C0DB44824B,고은아트,연제구,연산동,,,,,,0.0,0.0,0.0,2,,,,True,,,,,,,225000000.0,0.0,210000000.0,0.0714285714285714,0.0,True
TRADE_F6CD2C623016,한성빌리지,부산진구,초읍동,,,,,,0.0,0.0,0.0,1,,,,True,,,,,,,,,,,,
TRADE_F6D46AA1464A,삼성금정,동래구,온천동,,,,,,0.0,0.0,0.0,3,,,,True,,,,,,,149000000.0,-0.1610738255033557,100000000.0,0.25,0.0,True
TRADE_F6E2CEAC06F0,보수에코팰리스,중구,보수동3가,,,,,,1.0,2.0,7.0,2,,,,True,,,,,,,,,,,,
TRADE_F6EACFA14BD2,공작,사하구,하단동,,,,,,0.0,1.0,1.0,3,,,,True,,,,,,,,,,,,
TRADE_F6FD9C00777D,해림아파트에이동,북구,화명동,,,,,,0.0,0.0,0.0,1,,,,True,,,,,,,,,,,,
TRADE_F6FFD9298657,광안센텀스카이뷰,수영구,광안동,,,,,,0.0,0.0,1.0,1,,,,True,,,,,,,,,,,,
TRADE_F71FA6C540B7,JPark,사하구,괴정동,,,,,,0.0,0.0,1.0,1,,,,True,,,,,,,,,,,,
TRADE_F7291CD77554,TK골드뷰,부산진구,범천동,,,,,,0.0,0.0,1.0,2,,,,True,,,,,,,360000000.0,-0.20833333333333337,265000000.0,0.07547169811320753,0.0,True
TRADE_F751F1BD988C,삼신,영도구,봉래동5가,,,,,,0.0,0.0,0.0,3,,,,True,,,,,,,112000000.0,0.0,112000000.0,0.0,0.0,True
TRADE_F769E2E50A70,효정풍경채,서구,서대신동3가,,,,,,1.0,1.0,4.0,1,,,,True,,,,,,,,,,,,
TRADE_F780448DFB49,신흥동백(359-1),사하구,감천동,,,,,,0.0,0.0,2.0,2,,,,True,,,,,,,,,,,,
TRADE_F7AB6583136E,무궁화(117-119동),부산진구,당감동,,,,,,0.0,0.0,0.0,3,,,,True,,,,,,,379000000.0,0.0,265000000.0,0.4301886792452829,0.0,True
TRADE_F7B6D2F9B8AB,선경하우스,영도구,영선동3가,,,,,,0.0,0.0,0.0,1,,,,True,,,,,,,,,,,,
TRADE_F7F70940A26D,장원드림타워,수영구,광안동,,,,,,0.0,0.0,0.0,1,,,,True,,,,,,,248000000.0,0.0,220000000.0,0.1272727272727272,0.0,True
TRADE_F825D2D4A068,부산역삼정그린코아더시티,동구,초량동,,,,,,0.0,0.0,0.0,2,,,,True,,,,,,,453000000.0,0.0,408000000.0,0.11029411764705888,0.0,True
TRADE_F82E9671D56C,청호2차,사하구,하단동,,,,,,1.0,2.0,2.0,2,,,,True,,225000000.0,8747643.732327992,0.022727272727272707,,0.09336609336609336,270000000.0,-0.16666666666666663,197000000.0,0.14213197969543145,2.0,True
TRADE_F860B13E2AD5,럭키,사하구,괴정동,,,,,,0.0,0.0,1.0,2,,,,True,,,,,,,,,,,,
TRADE_F86A82D14D89,화천아파트,사하구,장림동,,,,,,0.0,1.0,4.0,3,,,,True,,,,,,,,,,,,
TRADE_F87CBA95C285,대근스카이,동구,초량동,,,,,,0.0,0.0,0.0,2,,,,True,,,,,,,,,,,,
TRADE_F89441EC947E,해뜰채,금정구,청룡동,,,,,,0.0,1.0,1.0,1,,,,True,,,,,,,,,,,,
TRADE_F896634D0054,세광플러스빌,중구,영주동,,,,,,0.0,0.0,0.0,2,,,,True,,,,,,,,,,,,
TRADE_F89707273E3D,신흥동백빌라,서구,남부민동,,,,,,0.0,0.0,0.0,2,,,,True,,,,,,,150000000.0,-0.3533333333333334,97000000.0,0.0,0.0,True
TRADE_F8BEAE346959,하단한신원룸,사하구,하단동,,,,,,1.0,1.0,4.0,2,,,,True,,,,,,,,,,,,
TRADE_F8E6B8A09758,동산오차드힐,수영구,광안동,,,,,,0.0,1.0,1.0,1,,,,True,,,,,,,358000000.0,-0.3296089385474861,240000000.0,0.0,1.0,True
TRADE_F8FB24F2A8F9,황희그린빌,수영구,광안동,,,,,,0.0,0.0,0.0,1,,,,True,,,,,,,,,,,,
TRADE_F90EEC1D931E,비룡벨로스텔라,기장군,기장읍청강리,,,,,,0.0,0.0,1.0,3,,,,True,,,,,,,,,,,,
TRADE_F93875BF40B6,범어사역더리체,금정구,청룡동,,,,,,0.0,0.0,0.0,1,,,,True,,,,,,,,,,,,
TRADE_F941CA8148CC,범천동이즈팰리스,부산진구,범천동,,,,,,0.0,2.0,3.0,2,,,,True,,,,,,,,,,,,
TRADE_F94389AEFDBD,대영캐슬,동래구,사직동,,,,,,0.0,0.0,0.0,1,,,,True,,,,,,,267000000.0,0.0,227000000.0,0.17621145374449343,0.0,True
TRADE_F945232E9E9B,무궁화,서구,서대신동1가,,,,,,0.0,0.0,0.0,1,,,,True,,,,,,,185000000.0,0.0,185000000.0,0.0,0.0,True
TRADE_F95DC655188B,거성빌라(38-4),금정구,남산동,,,,,,0.0,0.0,0.0,1,,,,True,,,,,,,180000000.0,-0.02777777777777779,175000000.0,0.0,0.0,True
TRADE_F96483CD848B,대원리치빌,수영구,민락동,,,,,,0.0,0.0,0.0,3,,,,True,,,,,,,288000000.0,0.0,210000000.0,0.37142857142857144,0.0,True
TRADE_F9AC72B59BA6,삼산,금정구,구서동,,,,,,0.0,0.0,0.0,3,,,,True,,,,,,,,,,,,
TRADE_F9E18A9D484F,화인,서구,서대신동3가,,,,,,0.0,0.0,1.0,2,,,,True,,,,,,,,,,,,
TRADE_F9F1F72BD7E3,초원,중구,영주동,,,,,,0.0,2.0,2.0,1,,,,True,,,,,,,,,,,,
TRADE_FA0E876D5DAA,부영아파트나동,사하구,괴정동,,,,,,0.0,0.0,0.0,2,,,,True,,,,,,,,,,,,
TRADE_FA2382D96D4B,봉황(3-15),수영구,남천동,,,,,,0.0,0.0,0.0,1,,,,True,,,,,,,580000000.0,0.0,505000000.0,0.14851485148514842,0.0,True
TRADE_FA3846C69CAC,한마음빌리지,서구,동대신동2가,,,,,,0.0,0.0,0.0,1,,,,True,,,,,,,222000000.0,0.0,180000000.0,0.2333333333333334,0.0,True
TRADE_FA6F2B02E376,수신,기장군,기장읍대라리,,,,,,0.0,1.0,2.0,2,,,,True,,,,,,,,,,,,
TRADE_FA7A48A8B617,(용호맨션),남구,용호동,,,,,,0.0,1.0,1.0,2,,,,True,,,,,,,,,,,,
TRADE_FA7D459F759B,LK뉴탑5차,수영구,광안동,,,,,,0.0,0.0,0.0,1,,,,True,,,,,,,,,,,,
TRADE_FA84C84729E5,세진베스트빌,동래구,온천동,,,,,,0.0,1.0,1.0,2,,,,True,,,,,,,,,,,,
TRADE_FAA4D1C6344C,휴누리,사하구,당리동,,,,,,0.0,1.0,1.0,1,,,,True,,,,,,,,,,,,
TRADE_FAC5A998B61D,성우로하스캐슬,연제구,연산동,,,,,,0.0,1.0,1.0,1,,,,True,,,,,,,,,,,,
TRADE_FACB08F6D0EA,안성빌라(30-19),금정구,금사동,,,,,,0.0,0.0,0.0,4,,,,True,,,,,,,159500000.0,0.0,159500000.0,0.0,0.0,True
TRADE_FAD12E226CB3,우창더뷰,강서구,대저1동,,,,,,0.0,1.0,1.0,2,,,,True,,,,,,,,,,,,
TRADE_FAE0D07C0522,시티그린타워,사하구,장림동,,,,,,0.0,0.0,1.0,1,,,,True,,,,,,,,,,,,
TRADE_FAF65060E522,진흥목화,금정구,구서동,,,,,,1.0,1.0,4.0,1,,,,True,,260000000.0,10095091.526476672,,-0.10189982728842828,0.01403508771929829,338000000.0,-0.23076923076923073,215000000.0,0.20930232558139528,1.0,True
TRADE_FAF8701F5D68,아이뷰파크,동래구,명장동,,,,,,2.0,3.0,6.0,3,,,,True,,,,,,,,,,,,
TRADE_FB36773A293B,동성아트A,남구,감만동,,,,,,0.0,0.0,0.0,2,,,,True,,,,,,,205000000.0,0.0,205000000.0,0.0,0.0,True
TRADE_FB48E8240033,구서백리명가에덴,금정구,구서동,,,,,,0.0,1.0,3.0,3,,,,True,,,,,,,,,,,,
TRADE_FB4C70EACA84,우성로얄,연제구,거제동,,,,,,0.0,0.0,1.0,2,,,,True,,,,,,,156000000.0,0.0,156000000.0,0.0,0.0,True
TRADE_FB7DF34C9AC7,삼흥빌라,기장군,기장읍대라리,,,,,,0.0,0.0,0.0,2,,,,True,,,,,,,140000000.0,0.0,140000000.0,0.0,0.0,True
TRADE_FB81EFB1B358,(207-3),금정구,서동,,,,,,1.0,2.0,6.0,2,,,,True,,,,,,,,,,,,
TRADE_FB8B7B91CBD1,스카이파크빌라3차,해운대구,중동,,,,,,0.0,0.0,0.0,1,,,,True,,,,,,,,,,,,
TRADE_FBA125C38AC2,태평양프린스,사하구,괴정동,,,,,,0.0,0.0,0.0,1,,,,True,,,,,,,,,,,,
TRADE_FBA3A6E33748,부백자연애,서구,토성동3가,,,,,,0.0,0.0,1.0,3,,,,True,,,,,,,,,,,,
TRADE_FBA8D9FD3CAD,록원골든빌A동,남구,대연동,,,,,,0.0,0.0,0.0,1,,,,True,,,,,,,,,,,,
TRADE_FBB6D79AB8DC,섬진2,사하구,하단동,,,,,,0.0,0.0,0.0,1,,,,True,,,,,,,213000000.0,-0.06103286384976525,180000000.0,0.11111111111111116,0.0,True
TRADE_FBC36BF0DD6D,삼경맨션,동래구,수안동,,,,,,0.0,2.0,2.0,2,,,,True,,,,,,,,,,,,
TRADE_FBE80D2A64BC,승부그린코아,해운대구,재송동,,,,,,0.0,0.0,0.0,1,,,,True,,,,,,,,,,,,
TRADE_FBEAD503BDC9,광안센템빌,수영구,광안동,,,,,,0.0,0.0,0.0,1,,,,True,,,,,,,320000000.0,-0.13749999999999996,238000000.0,0.1596638655462186,0.0,True
TRADE_FC1AD1DC5B24,새동양,동래구,명장동,,,,,,0.0,0.0,0.0,2,,,,True,,,,,,,,,,,,
TRADE_FC2C4081ADEA,로젠하임,동구,범일동,,,,,,0.0,0.0,0.0,1,,,,True,,,,,,,,,,,,
TRADE_FC339FBFA39B,아남하이츠,부산진구,초읍동,,,,,,0.0,0.0,0.0,1,,,,True,,,,,,,,,,,,
TRADE_FC598129D427,우남카사벨라,금정구,남산동,,,,,,0.0,1.0,1.0,1,,,,True,,,,,,-0.09333333333333338,260000000.0,-0.2153846153846154,204000000.0,0.0,1.0,True
TRADE_FC653D216CA8,월드파크빌B동,기장군,기장읍동부리,,,,,,0.0,0.0,2.0,1,,,,True,,,,,,,,,,,,
TRADE_FC9E269CCAB2,문현오름캐슬,남구,문현동,,,,,,0.0,0.0,0.0,1,,,,True,,,,,,,,,,,,
TRADE_FCD800419D4B,삼창,동래구,명륜동,,,,,,0.0,1.0,1.0,2,,,,True,,,,,,,,,,,,
TRADE_FCDBD6AE1241,남경하이츠빌라,부산진구,전포동,,,,,,0.0,0.0,0.0,2,,,,True,,,,,,,210000000.0,0.0,173000000.0,0.21387283236994215,0.0,True
TRADE_FCE3EAB6B5F9,해마루3,금정구,부곡동,,,,,,0.0,0.0,0.0,1,,,,True,,,,,,,,,,,,
TRADE_FCE45A0A9045,더페로스,영도구,영선동3가,,,,,,0.0,0.0,0.0,1,,,,True,,,,,,,300000000.0,-0.09583333333333333,240000000.0,0.13020833333333326,0.0,True
TRADE_FCE7828F1D73,협성센트로1차,수영구,광안동,,,,,,0.0,0.0,0.0,1,,,,True,,,,,,,400000000.0,0.0,386000000.0,0.03626943005181338,0.0,True
TRADE_FCF19637D809,진영프라임제이,사상구,주례동,,,,,,1.0,2.0,4.0,3,,,,True,,,,,,,,,,,,
TRADE_FD1E94616D30,송파지오스V,수영구,광안동,,,,,,0.0,2.0,2.0,2,,,,True,,,,,,0.12653778558875217,327000000.0,-0.019877675840978548,270000000.0,0.1870370370370371,2.0,True
TRADE_FD254D962EA5,센텀더웰,해운대구,송정동,,,,,,0.0,0.0,0.0,1,,,,True,,,,,,,270000000.0,-0.17592592592592593,200000000.0,0.11250000000000004,0.0,True
TRADE_FD260E5E347D,삼원,연제구,연산동,,,,,,1.0,2.0,2.0,3,,,,True,,,,,,,245000000.0,0.0,220000000.0,0.11363636363636354,0.0,True
TRADE_FD47723F21D2,동래하이츠빌라,동래구,수안동,,,,,,0.0,0.0,0.0,1,,,,True,,,,,,,275000000.0,-0.018181818181818188,270000000.0,0.0,0.0,True
TRADE_FD64EA77AA7E,성해,사하구,장림동,,,,,,0.0,0.0,0.0,2,,,,True,,,,,,,,,,,,
TRADE_FD774613AC5C,남산타워2차,남구,대연동,,,,,,0.0,0.0,0.0,1,,,,True,,,,,,,261000000.0,-0.05747126436781613,246000000.0,0.0,0.0,True
TRADE_FD7E5E379BA6,대훈아트빌,부산진구,개금동,,,,,,0.0,1.0,1.0,2,,,,True,,,,,,,180000000.0,-0.16666666666666663,150000000.0,0.0,1.0,True
TRADE_FDC566300C9F,석화스위트빌,동래구,온천동,,,,,,0.0,0.0,0.0,1,,,,True,,,,,,,233000000.0,-0.1523605150214592,197500000.0,0.0,0.0,True
TRADE_FDC9A8C6349B,해금리더스,동래구,사직동,,,,,,0.0,1.0,1.0,3,,,,True,,,,,,,285000000.0,-0.1228070175438597,250000000.0,0.0,1.0,True
TRADE_FDDE676AC71A,오름캐슬2차아파트,동구,수정동,,,,,,0.0,0.0,0.0,1,,,,True,,,,,,,,,,,,
TRADE_FDE09C8F5A88,에이스센텀스카이뷰,수영구,광안동,,,,,,0.0,0.0,1.0,2,,,,True,,,,,,,,,,,,
TRADE_FDF3FDEB87C5,부영맨션,연제구,연산동,,,,,,0.0,0.0,1.0,2,,,,True,,,,,,,,,,,,
TRADE_FE02DA1E7FE9,유인인터빌,부산진구,범천동,,,,,,0.0,0.0,3.0,3,,,,True,,,,,,,,,,,,
TRADE_FE082A95E642,장림,사하구,장림동,,,,,,1.0,1.0,1.0,3,,,,True,,,,,,,,,,,,
TRADE_FE1B3F77D36A,동남주상복합,부산진구,당감동,,,,,,0.0,0.0,1.0,1,,,,True,,,,,,-0.09523809523809523,210000000.0,-0.09523809523809523,187000000.0,0.016042780748663166,0.0,True
TRADE_FE32441BDE82,부일,수영구,망미동,,,,,,0.0,0.0,1.0,3,,,,True,,,,,,,221000000.0,-0.25791855203619907,164000000.0,0.0,0.0,True
TRADE_FE4E811D0C95,청산,서구,부용동1가,,,,,,0.0,0.0,2.0,2,,,,True,,,,,,0.04022988505747116,94000000.0,-0.07446808510638303,87000000.0,0.0,0.0,True
TRADE_FE4F9D604910,협성,금정구,부곡동,,,,,,0.0,0.0,0.0,2,,,,True,,,,,,,,,,,,
TRADE_FE7249F7FE1C,미소마을,동래구,사직동,,,,,,0.0,0.0,1.0,2,,,,True,,,,,,,300000000.0,-0.43333333333333335,170000000.0,0.0,0.0,True
TRADE_FE76CDDCCE50,화남밴빌라,수영구,남천동,,,,,,0.0,0.0,0.0,1,,,,True,,,,,,,,,,,,
TRADE_FE78D5C28629,세흥빌라,수영구,광안동,,,,,,0.0,1.0,1.0,3,,,,True,,,,,,,280000000.0,-0.1428571428571429,240000000.0,0.0,1.0,True
TRADE_FE7B7B0CDB1E,사상역이즈팰리스,사상구,괘법동,,,,,,2.0,2.0,2.0,1,,,,True,,,,,,,,,,,,
TRADE_FED9360CDFBC,대성문문현2차퀸즈w,남구,문현동,,,,,,0.0,0.0,1.0,1,,,,True,,,,,,,,,,,,
TRADE_FEDA3FE09651,대청가람채,사하구,하단동,,,,,,0.0,0.0,0.0,1,,,,True,,,,,,,,,,,,
TRADE_FF05FA1F129D,휴림아르페,금정구,구서동,,,,,,1.0,1.0,2.0,2,,,,True,,,,,,,,,,,,
TRADE_FF34EA81A295,에스제이파베르,사하구,당리동,,,,,,1.0,1.0,6.0,4,,,,True,,,,,,,300000000.0,-0.16666666666666663,250000000.0,0.0,0.0,True
TRADE_FF5A4DF0ED62,스카이빌리지2,남구,문현동,,,,,,0.0,1.0,1.0,2,,,,True,,,,,,,,,,,,
TRADE_FF6255ECEC1D,에이스하임,금정구,구서동,,,,,,0.0,0.0,0.0,3,,,,True,,,,,,,234000000.0,0.0,234000000.0,0.0,0.0,True
TRADE_FF6E61E9C090,금화베르빌,연제구,거제동,,,,,,0.0,0.0,0.0,2,,,,True,,,,,,,277500000.0,-0.2792792792792793,200000000.0,0.0,0.0,True
TRADE_FF7A451516DA,휴림아르페,금정구,남산동,,,,,,0.0,0.0,1.0,1,,,,True,,,,,,,,,,,,
TRADE_FF7BFC029F3F,서면팰리스,부산진구,전포동,,,,,,0.0,1.0,2.0,1,,,,True,,,,,,,,,,,,
TRADE_FF91EDB8FF69,삼보로얄캐슬,해운대구,송정동,,,,,,0.0,1.0,4.0,2,,,,True,,,,,0.040000000000000036,-0.025000000000000022,230000000.0,-0.15217391304347827,151000000.0,0.2913907284768211,1.0,True
TRADE_FF939441C63B,용연파크,남구,용호동,,,,,,0.0,0.0,0.0,1,,,,True,,,,,,,,,,,,
TRADE_FFC5ED31B9D9,금정,금정구,부곡동,,,,,,0.0,0.0,2.0,1,,,,True,,,,,,,,,,,,
TRADE_FFD104985BBC,명가포레스트,부산진구,전포동,,,,,,0.0,0.0,0.0,1,,,,True,,,,,,,,,,,,
TRADE_FFD4A5F5A17C,선경뉴빌,동구,좌천동,,,,,,0.0,3.0,3.0,1,,,,True,,,,,,,,,,,,
TRADE_FFE056CFA891,태원빌리지,해운대구,송정동,,,,,,0.0,1.0,1.0,1,,,,True,,,,,,,292000000.0,-0.09246575342465757,265000000.0,0.0,1.0,True
TRADE_FFE71C9A2872,부성파크빌,금정구,서동,,,,,,0.0,0.0,0.0,1,,,,True,,,,,,,227500000.0,-0.1648351648351648,180000000.0,0.05555555555555558,0.0,True
TRADE_FFF84D96A3D9,페리A동,기장군,기장읍대라리,,,,,,0.0,0.0,0.0,2,,,,True,,,,,,,189000000.0,-0.12698412698412698,165000000.0,0.0,0.0,True
