internal_complex_id,complex_name,sigungu,dong,jibun,sido,region_code,region_key,region_name,region_level_1,region_level_2,market_area,is_busan,is_satellite,households,approval_date,apartment_age,parking_total,parking_per_household,transactions_3m,transactions_6m,transactions_12m,area_variety,latitude,longitude,road_address,provisional,turnover_12m,price_84,price_84_per_3_3sqm,price_change_3m,price_change_6m,price_change_12m,rolling_peak,drawdown_from_peak,rolling_trough,recovery_from_trough,sample_count,low_sample_flag,discount_vs_dong_mean,watch_label
A10020029,한독,연제구,연산동,1873-30,부산광역시,26470,busan,부산,BUSAN,부산광역시,BUSAN_CORE,True,False,150.0,1979-03-23,47,86.0,0.5733333333333334,0.0,0.0,3.0,3,35.1728832483228,129.089548068769,부산광역시 연제구 봉수로 15,True,0.02,,,,,-0.0505050505050505,410000000.0,-0.5414634146341464,185000000.0,0.016216216216216273,0.0,True,,데이터 기반 노후단지
A10020161,조성하이츠,사하구,다대동,1548-15,부산광역시,26380,busan,부산,BUSAN,부산광역시,BUSAN_CORE,True,False,132.0,1995-10-20,30,129.0,0.9772727272727273,1.0,2.0,5.0,1,35.0510241096984,128.965568505012,부산광역시 사하구 다대낙조2길 7,True,0.03787878787878788,225000000.0,8739406.779661017,-0.08163265306122447,0.05027932960893855,-0.08028455284552849,285000000.0,-0.21052631578947367,194000000.0,0.1597938144329898,2.0,True,-0.039145907473309594,데이터 기반 노후단지
A10020256,창신,사하구,당리동,237-2,부산광역시,26380,busan,부산,BUSAN,부산광역시,BUSAN_CORE,True,False,203.0,1985-03-18,41,100.0,0.49261083743842365,0.0,0.0,1.0,2,35.1073306666582,128.969796874961,부산광역시 사하구 승학로17번길 20,True,0.0049261083743842365,,,,,,,,,,,,,데이터 기반 노후단지
A10020370,태림,영도구,동삼동,314,부산광역시,26200,busan,부산,BUSAN,부산광역시,BUSAN_CORE,True,False,120.0,1980-05-28,46,79.0,0.6583333333333333,0.0,0.0,1.0,2,35.078541262951,129.071576703417,부산광역시 영도구 웃서발로 92,True,0.008333333333333333,,,,,,,,,,,,,데이터 기반 노후단지
A10020434,현대신델라,사하구,괴정동,342-3,부산광역시,26380,busan,부산,BUSAN,부산광역시,BUSAN_CORE,True,False,131.0,1989-12-05,36,53.0,0.40458015267175573,0.0,0.0,2.0,4,35.1042274192036,129.003840143718,부산광역시 사하구 낙동대로 106,True,0.015267175572519083,,,,,,188000000.0,0.0,163000000.0,0.15337423312883436,0.0,True,,데이터 기반 노후단지
A10020470,제일아파트,동래구,낙민동,186-13,부산광역시,26260,busan,부산,BUSAN,부산광역시,BUSAN_CORE,True,False,144.0,1995-11-18,30,,,0.0,2.0,9.0,2,35.1991493586831,129.089394919423,부산광역시 동래구 낙민로 14,True,0.0625,,,,-0.050000000000000044,-0.125,370000000.0,-0.22972972972972971,240000000.0,0.1875,1.0,True,,데이터 기반 노후단지
A10020525,동일,사하구,감천동,648,부산광역시,26380,busan,부산,BUSAN,부산광역시,BUSAN_CORE,True,False,142.0,1987-10-17,38,72.0,0.5070422535211268,1.0,2.0,3.0,5,35.0911975488938,128.998467274975,부산광역시 사하구 감천로 53,True,0.02112676056338028,,,,,,225000000.0,0.0,225000000.0,0.0,0.0,True,,데이터 기반 노후단지
A10020573,삼한,금정구,금사동,561-1,부산광역시,26410,busan,부산,BUSAN,부산광역시,BUSAN_CORE,True,False,131.0,1992-01-29,34,75.0,0.5725190839694656,0.0,0.0,3.0,2,35.2130088456305,129.109649182961,부산광역시 금정구 중군진로 21,True,0.022900763358778626,,,,,0.17582417582417587,218000000.0,-0.01834862385321101,170000000.0,0.2588235294117647,0.0,True,,데이터 기반 노후단지
A10020679,동산그린,남구,용호동,566-1,부산광역시,26290,busan,부산,BUSAN,부산광역시,BUSAN_CORE,True,False,114.0,1988-09-15,38,,,0.0,0.0,0.0,3,35.1142370787864,129.115223630517,부산광역시 남구 동명로170번길 101,True,0.0,,,,,,,,,,,,,데이터 기반 노후단지
A10020687,광남백조맨션(1동),김해시,봉황동,455-2,경상남도,48250,gimhae,김해,GYEONGNAM,김해시,GIMHAE,False,True,120.0,1988-09-21,38,,,0.0,1.0,2.0,3,35.2341317995254,128.873714256553,경상남도 김해시 가야의길 98-18,True,0.016666666666666666,,,,,,170750000.0,-0.004392386530014614,118000000.0,0.44067796610169485,0.0,True,,데이터 기반 노후단지
A10020702,센텀이진캐스빌,해운대구,재송동,111,부산광역시,26350,busan,부산,BUSAN,부산광역시,BUSAN_CORE,True,False,147.0,1993-08-04,33,132.0,0.8979591836734694,0.0,0.0,1.0,1,35.1828994656358,129.127880709978,부산광역시 해운대구 재반로42번길 23,True,0.006802721088435374,,,,,0.3151515151515152,255000000.0,-0.14901960784313728,150000000.0,0.44666666666666677,0.0,True,,데이터 기반 노후단지
A10020779,동일,금정구,구서동,735-1,부산광역시,26410,busan,부산,BUSAN,부산광역시,BUSAN_CORE,True,False,149.0,1986-07-11,40,80.0,0.5369127516778524,0.0,0.0,2.0,3,35.256376570651,129.087185504676,부산광역시 금정구 구서중앙로40번길 48,True,0.013422818791946308,,,,,,,,,,,,,데이터 기반 노후단지
A10020780,국제그린,금정구,부곡동,788-78,부산광역시,26410,busan,부산,BUSAN,부산광역시,BUSAN_CORE,True,False,122.0,1996-02-29,30,89.0,0.7295081967213115,0.0,0.0,1.0,3,35.2179085424584,129.088771606115,부산광역시 금정구 부곡로18번길 24,True,0.00819672131147541,,,,,-0.01741616844294258,259000000.0,-0.2702702702702703,170000000.0,0.11176470588235299,0.0,True,,데이터 기반 노후단지
A10020784,화신거화2,부산진구,전포동,191-236,부산광역시,26230,busan,부산,BUSAN,부산광역시,BUSAN_CORE,True,False,115.0,1993-06-24,33,76.0,0.6608695652173913,0.0,2.0,4.0,3,35.1595640388836,129.071058651563,부산광역시 부산진구 진남로 388,True,0.034782608695652174,,,,0.017964071856287456,-0.07417582417582413,238000000.0,-0.2857142857142857,165000000.0,0.030303030303030276,1.0,True,,데이터 기반 노후단지
A10020806,경동아파트,금정구,남산동,122-10,부산광역시,26410,busan,부산,BUSAN,부산광역시,BUSAN_CORE,True,False,144.0,1993-08-26,33,,,1.0,1.0,2.0,2,35.2640916831223,129.091136343489,부산광역시 금정구 학산로 5,True,0.013888888888888888,285000000.0,11236559.139784945,,-0.07467532467532467,,308000000.0,-0.07467532467532467,234500000.0,0.21535181236673773,1.0,True,0.0,데이터 기반 노후단지
A10020859,동우강변타워2,양산시,상북면석계리,7,경상남도,48330,yangsan,양산,GYEONGNAM,양산시,YANGSAN,False,True,114.0,1993-09-18,33,74.0,0.6491228070175439,1.0,2.0,7.0,2,35.4225468536311,129.064825594664,경상남도 양산시 상북중앙로 447,True,0.06140350877192982,81000000.0,3147668.3937823833,0.15714285714285725,-0.17032967032967028,-0.07065217391304346,125000000.0,-0.352,70000000.0,0.15714285714285725,2.0,True,0.0,데이터 기반 노후단지
A10020971,미주,부산진구,부암동,332-6,부산광역시,26230,busan,부산,BUSAN,부산광역시,BUSAN_CORE,True,False,198.0,1986-09-13,40,,,1.0,1.0,2.0,3,35.1662976173507,129.044542432476,부산광역시 부산진구 동평로131번길 8,True,0.010101010101010102,,,,,,,,,,,,,데이터 기반 노후단지
A10020978,주공아파트,김해시,어방동,816,경상남도,48250,gimhae,김해,GYEONGNAM,김해시,GIMHAE,False,True,220.0,1989-11-15,36,105.0,0.4772727272727273,1.0,2.0,2.0,2,35.238504900854,128.901882788272,경상남도 김해시 활천로166번길 28,True,0.00909090909090909,,,,,,,,,,,,,데이터 기반 노후단지
A10021024,광하주택3,해운대구,반송동,93-6,부산광역시,26350,busan,부산,BUSAN,부산광역시,BUSAN_CORE,True,False,250.0,1987-12-14,38,145.0,0.58,1.0,1.0,5.0,3,35.2308074255822,129.161071898662,부산광역시 해운대구 신반송로 194,True,0.02,,,,,,,,,,,,,데이터 기반 노후단지
A10021073,협진태양,사하구,당리동,532,부산광역시,26380,busan,부산,BUSAN,부산광역시,BUSAN_CORE,True,False,265.0,1982-03-31,44,111.0,0.4188679245283019,0.0,0.0,2.0,1,35.0985223501239,128.976938758993,부산광역시 사하구 다대로 30,True,0.007547169811320755,,,,,,,,,,,,,데이터 기반 노후단지
A10021074,장림협진태양,사하구,장림동,65,부산광역시,26380,busan,부산,BUSAN,부산광역시,BUSAN_CORE,True,False,148.0,1989-05-02,37,,,1.0,1.0,2.0,4,35.0783790631708,128.979708432193,부산광역시 사하구 두송로 32,True,0.013513513513513514,,,,,,142000000.0,-0.2605633802816901,82000000.0,0.2804878048780488,0.0,True,,데이터 기반 노후단지
A10021131,새동래3,동래구,수안동,34-1,부산광역시,26260,busan,부산,BUSAN,부산광역시,BUSAN_CORE,True,False,200.0,1981-12-15,44,80.0,0.4,0.0,2.0,2.0,1,35.1962391753715,129.086417308025,부산광역시 동래구 온천천로285번길 28,True,0.01,,,,,,,,,,,,,데이터 기반 노후단지
A10021189,해운파크맨션,해운대구,우동,397-68,부산광역시,26350,busan,부산,BUSAN,부산광역시,BUSAN_CORE,True,False,160.0,1985-04-03,41,,,0.0,0.0,0.0,3,35.1670914307369,129.156984536359,부산광역시 해운대구 우동1로71번길 9-9,True,0.0,,,,,,,,,,,,,데이터 기반 노후단지
A10021196,대동맨션,중구,동광동5가,16-11,부산광역시,26110,busan,부산,BUSAN,부산광역시,BUSAN_CORE,True,False,120.0,1981-06-12,45,70.0,0.5833333333333334,0.0,0.0,1.0,2,35.1073357939697,129.033769374286,부산광역시 중구 동광길93번길 5,True,0.008333333333333333,,,,,,185000000.0,-0.10810810810810811,155000000.0,0.06451612903225801,0.0,True,,데이터 기반 노후단지
A10021198,부원,중구,대창동1가,54-67,부산광역시,26110,busan,부산,BUSAN,부산광역시,BUSAN_CORE,True,False,144.0,1972-11-04,53,,,0.0,0.0,0.0,3,35.1078467905881,129.0358337725,부산광역시 중구 중앙대로115번길 1-6,True,0.0,,,,,,,,,,,,,데이터 기반 노후단지
A10021201,현대4,해운대구,반여동,1477-10,부산광역시,26350,busan,부산,BUSAN,부산광역시,BUSAN_CORE,True,False,120.0,1989-01-07,37,110.0,0.9166666666666666,1.0,3.0,12.0,3,35.1950663310378,129.116667552559,부산광역시 해운대구 선수촌로21번길 31,True,0.1,,,,3.5769230769230766,-0.42460317460317465,940000000.0,-0.3670212765957447,115000000.0,4.173913043478261,2.0,True,,데이터 기반 노후단지
A10021207,이진캐스빌,해운대구,중동,1526-1,부산광역시,26350,busan,부산,BUSAN,부산광역시,BUSAN_CORE,True,False,108.0,1989-05-26,37,82.0,0.7592592592592593,0.0,0.0,1.0,2,35.1599424904763,129.177111885041,부산광역시 해운대구 달맞이길117번다길 33,True,0.009259259259259259,,,,,,360000000.0,0.0,190000000.0,0.894736842105263,0.0,True,,데이터 기반 노후단지
A10021220,광우파크맨션,해운대구,반여동,1291-1405,부산광역시,26350,busan,부산,BUSAN,부산광역시,BUSAN_CORE,True,False,110.0,1986-09-29,40,,,0.0,3.0,5.0,1,35.1967825789008,129.133349103859,부산광역시 해운대구 재반로212번길 33-52,True,0.045454545454545456,,,,,,,,,,,,,데이터 기반 노후단지
A10021235,화랑,연제구,거제동,867-5,부산광역시,26470,busan,부산,BUSAN,부산광역시,BUSAN_CORE,True,False,105.0,1985-07-10,41,90.0,0.8571428571428571,0.0,0.0,1.0,2,35.1876050748444,129.068240098451,부산광역시 연제구 아시아드대로 31,True,0.009523809523809525,,,,,,510000000.0,-0.4647058823529412,260000000.0,0.050000000000000044,0.0,True,,데이터 기반 노후단지
A10021242,현대,해운대구,우동,340,부산광역시,26350,busan,부산,BUSAN,부산광역시,BUSAN_CORE,True,False,113.0,1994-02-28,32,,,0.0,1.0,3.0,2,35.1707247811581,129.156041352155,부산광역시 해운대구 우동1로 125,True,0.02654867256637168,,,,,,310000000.0,-0.19354838709677424,215000000.0,0.16279069767441867,0.0,True,,데이터 기반 노후단지
A10021249,홍림센텀아파트,해운대구,반여동,1581-22,부산광역시,26350,busan,부산,BUSAN,부산광역시,BUSAN_CORE,True,False,100.0,1991-09-07,35,46.0,0.46,0.0,0.0,0.0,1,35.2023390712821,129.136151346039,부산광역시 해운대구 재반로282번길 83,True,0.0,,,,,,,,,,,,,데이터 기반 노후단지
A10021261,한우,동래구,안락동,465-1,부산광역시,26260,busan,부산,BUSAN,부산광역시,BUSAN_CORE,True,False,190.0,1983-01-26,43,94.0,0.49473684210526314,1.0,3.0,5.0,2,35.1985091619307,129.109642254355,부산광역시 동래구 충렬대로457번길 72,True,0.02631578947368421,,,,,,,,,,,,,데이터 기반 노후단지
A10021277,삼진그린,해운대구,우동,1102-29,부산광역시,26350,busan,부산,BUSAN,부산광역시,BUSAN_CORE,True,False,130.0,1993-08-12,33,86.0,0.6615384615384615,0.0,0.0,0.0,2,35.1715430306961,129.140453039607,부산광역시 해운대구 해운대로383번가길 19,True,0.0,,,,,,380000000.0,-0.21052631578947367,250000000.0,0.19999999999999996,0.0,True,,데이터 기반 노후단지
A10021285,문현해운맨션,남구,문현동,986-5,부산광역시,26290,busan,부산,BUSAN,부산광역시,BUSAN_CORE,True,False,140.0,1987-01-26,39,57.0,0.40714285714285714,2.0,2.0,4.0,2,35.1320137784911,129.068787817865,부산광역시 남구 장고개로85번길 14-37,True,0.02857142857142857,,,,,,,,,,,,,데이터 기반 노후단지
A10021303,신흥동백맨션,사상구,엄궁동,37-3,부산광역시,26530,busan,부산,BUSAN,부산광역시,BUSAN_CORE,True,False,156.0,1992-11-16,33,91.0,0.5833333333333334,0.0,0.0,1.0,3,35.1295121043299,128.975831689263,부산광역시 사상구 엄궁로 172,True,0.00641025641025641,,,,,,162000000.0,-0.043209876543209846,105000000.0,0.4761904761904763,0.0,True,,데이터 기반 노후단지
A10021306,그린파크,해운대구,반여동,1600-1,부산광역시,26350,busan,부산,BUSAN,부산광역시,BUSAN_CORE,True,False,200.0,1988-07-14,38,93.0,0.465,0.0,1.0,5.0,1,35.201893825265,129.132021319419,부산광역시 해운대구 재반로270번길 13,True,0.025,,,,,,,,,,,,,데이터 기반 노후단지
A10021308,화신1,동구,초량동,865-166,부산광역시,26170,busan,부산,BUSAN,부산광역시,BUSAN_CORE,True,False,216.0,1986-06-03,40,132.0,0.6111111111111112,0.0,1.0,2.0,4,35.1185346437742,129.032165033694,부산광역시 동구 망양로 516-4,True,0.009259259259259259,,,,,,169000000.0,-0.1301775147928994,125000000.0,0.17599999999999993,0.0,True,,데이터 기반 노후단지
A10021327,한사랑,동래구,온천동,1350,부산광역시,26260,busan,부산,BUSAN,부산광역시,BUSAN_CORE,True,False,109.0,1993-06-30,33,72.0,0.6605504587155964,2.0,9.0,15.0,3,35.2080565617282,129.067710554714,부산광역시 동래구 아시아드대로255번가길 8-9,True,0.13761467889908258,288500000.0,11332910.159735287,-0.010291595197255532,-0.002579535683576939,0.022927689594356204,377000000.0,-0.23474801061007955,200000000.0,0.4424999999999999,8.0,False,-0.2008310249307479,데이터 기반 노후단지
A10021328,경동,해운대구,반송동,885,부산광역시,26350,busan,부산,BUSAN,부산광역시,BUSAN_CORE,True,False,126.0,1995-03-02,31,67.0,0.5317460317460317,0.0,1.0,3.0,1,35.2263951338859,129.163068010927,부산광역시 해운대구 신반송로 76,True,0.023809523809523808,,,,,,,,,,,,,데이터 기반 노후단지
A10021338,남성선파크,해운대구,재송동,1151-2,부산광역시,26350,busan,부산,BUSAN,부산광역시,BUSAN_CORE,True,False,180.0,1988-04-02,38,0.0,0.0,1.0,5.0,10.0,3,35.1926977889963,129.130509296882,부산광역시 해운대구 재송2로 17,True,0.05555555555555555,,,,,,,,,,,,,데이터 기반 노후단지
A10021343,삼강,해운대구,중동,1402-5,부산광역시,26350,busan,부산,BUSAN,부산광역시,BUSAN_CORE,True,False,131.0,1983-12-06,42,16.0,0.12213740458015267,1.0,1.0,3.0,2,35.1610676606171,129.164801531096,부산광역시 해운대구 해운대해변로298번길 9-1,True,0.022900763358778626,,,,,,,,,,,,,데이터 기반 노후단지
A10021353,대림에이스타운,중구,보수동1가,41-1,부산광역시,26110,busan,부산,BUSAN,부산광역시,BUSAN_CORE,True,False,140.0,1994-10-22,31,125.0,0.8928571428571429,0.0,0.0,0.0,4,35.1066446623513,129.025360405631,부산광역시 중구 법수길 72,True,0.0,,,,,,,,,,,,,데이터 기반 노후단지
A10021395,삼정송림맨션,사상구,학장동,437,부산광역시,26530,busan,부산,BUSAN,부산광역시,BUSAN_CORE,True,False,230.0,1986-06-30,40,114.0,0.4956521739130435,0.0,0.0,3.0,1,35.1401369580371,128.98576706907,부산광역시 사상구 학감대로123번길 65,True,0.013043478260869565,,,,,,,,,,,,,데이터 기반 노후단지
A10021413,대진타워맨션,서구,남부민동,653,부산광역시,26140,busan,부산,BUSAN,부산광역시,BUSAN_CORE,True,False,116.0,1985-06-04,41,85.0,0.7327586206896551,0.0,0.0,2.0,3,35.0871791491614,129.024119987453,부산광역시 서구 충무대로 185,True,0.017241379310344827,,,,,-0.03159340659340659,200000000.0,-0.23750000000000004,140000000.0,0.08928571428571419,0.0,True,,데이터 기반 노후단지
A10021421,청파,사상구,학장동,574-13,부산광역시,26530,busan,부산,BUSAN,부산광역시,BUSAN_CORE,True,False,190.0,1985-05-24,41,110.0,0.5789473684210527,0.0,1.0,1.0,1,35.1397257635471,128.982101618842,부산광역시 사상구 대동로 138,True,0.005263157894736842,,,,,,,,,,,,,데이터 기반 노후단지
A10021426,대영파크맨션,양산시,하북면지산리,17-16,경상남도,48330,yangsan,양산,GYEONGNAM,양산시,YANGSAN,False,True,105.0,1991-11-01,34,35.0,0.3333333333333333,0.0,1.0,1.0,2,35.4950175789335,129.08030766435,경상남도 양산시 지산로 27-9,True,0.009523809523809525,,,,,,157000000.0,-0.36305732484076436,100000000.0,0.0,0.0,True,,데이터 기반 노후단지
A10021442,유원,사상구,덕포동,198,부산광역시,26530,busan,부산,BUSAN,부산광역시,BUSAN_CORE,True,False,280.0,1980-05-17,46,183.0,0.6535714285714286,0.0,6.0,8.0,3,35.1710141330332,128.986416169404,부산광역시 사상구 사상로310번길 54,True,0.02857142857142857,,,,,,,,,,,,,데이터 기반 노후단지
A10021445,금산훼미리,양산시,동면금산리,763,경상남도,48330,yangsan,양산,GYEONGNAM,양산시,YANGSAN,False,True,139.0,1992-10-16,33,33.0,0.23741007194244604,0.0,1.0,4.0,2,35.304880527622,129.025879697906,경상남도 양산시 금산3길 7,True,0.02877697841726619,,,,,,,,,,,,,데이터 기반 노후단지
A10021450,백제삼정데파트,김해시,삼정동,76-1,경상남도,48250,gimhae,김해,GYEONGNAM,김해시,GIMHAE,False,True,110.0,1993-05-27,33,3.0,0.02727272727272727,0.0,1.0,2.0,3,35.234006379884,128.896422884923,경상남도 김해시 활천로68번길 27,True,0.01818181818181818,,,,,0.30000000000000004,140000000.0,-0.0714285714285714,84000000.0,0.5476190476190477,1.0,True,,데이터 기반 노후단지
A10021454,대진로얄,기장군,기장읍동부리,133-8,부산광역시,26710,busan,부산,BUSAN,부산광역시,BUSAN_GIJANG,True,False,116.0,1990-08-31,36,48.0,0.41379310344827586,0.0,1.0,4.0,2,35.2467229305117,129.214770362559,부산광역시 기장군 차성로326번길 9,True,0.034482758620689655,,,,-0.06432748538011701,,191000000.0,-0.16230366492146597,130000000.0,0.23076923076923084,1.0,True,,데이터 기반 노후단지
A10021467,주례맨션,사상구,주례동,519-6,부산광역시,26530,busan,부산,BUSAN,부산광역시,BUSAN_CORE,True,False,210.0,1983-04-02,43,105.0,0.5,1.0,4.0,7.0,3,35.149184041433,129.005730944964,부산광역시 사상구 가야대로306번길 20,True,0.03333333333333333,,,,,,,,,,,,,데이터 기반 노후단지
A10021493,대호,연제구,거제동,1466-19,부산광역시,26470,busan,부산,BUSAN,부산광역시,BUSAN_CORE,True,False,105.0,1996-05-02,30,,,0.0,0.0,2.0,3,35.1944841709067,129.084655252094,부산광역시 연제구 거제천로255번길 53,True,0.01904761904761905,,,,,,,,,,,,,데이터 기반 노후단지
A10021495,다뉴브,연제구,거제동,1088-5,부산광역시,26470,busan,부산,BUSAN,부산광역시,BUSAN_CORE,True,False,144.0,1993-11-06,32,,,2.0,3.0,7.0,2,35.1912474236273,129.069581458922,부산광역시 연제구 월드컵대로252번길 5,True,0.04861111111111111,,,,0.04482758620689653,-0.04458598726114649,360000000.0,-0.15833333333333333,228000000.0,0.32894736842105265,1.0,True,,데이터 기반 노후단지
A10021497,아림파크맨션,동래구,명장동,497-76,부산광역시,26260,busan,부산,BUSAN,부산광역시,BUSAN_CORE,True,False,144.0,1988-07-27,38,55.0,0.3819444444444444,0.0,0.0,2.0,3,35.2101427655171,129.102149476573,부산광역시 동래구 명서로 140,True,0.013888888888888888,,,,,,,,,,,,,데이터 기반 노후단지
A10021502,서인백조,김해시,진례면초전리,231-1,경상남도,48250,gimhae,김해,GYEONGNAM,김해시,GIMHAE,False,True,128.0,1992-07-11,34,93.0,0.7265625,0.0,0.0,1.0,1,35.2488944947377,128.754442870177,경상남도 김해시 송현로 53,True,0.0078125,,,,,0.04626865671641789,80000000.0,-0.12375000000000003,52500000.0,0.33523809523809533,0.0,True,,데이터 기반 노후단지
A10021561,반회새진흥,양산시,상북면석계리,179-1,경상남도,48330,yangsan,양산,GYEONGNAM,양산시,YANGSAN,False,True,138.0,1989-04-27,37,70.0,0.5072463768115942,0.0,0.0,0.0,1,35.4122983062312,129.056897978845,경상남도 양산시 반회서3길 28,True,0.0,,,,,,,,,,,,,데이터 기반 노후단지
A10021572,신익별장,서구,암남동,81-19,부산광역시,26140,busan,부산,BUSAN,부산광역시,BUSAN_CORE,True,False,115.0,1989-05-18,37,61.0,0.5304347826086957,0.0,1.0,1.0,3,35.0802357009841,129.019697727295,부산광역시 서구 천마로 17,True,0.008695652173913044,,,,,-0.15194346289752647,190000000.0,-0.368421052631579,109500000.0,0.09589041095890405,1.0,True,,데이터 기반 노후단지
A10021596,로얄,부산진구,연지동,198-1,부산광역시,26230,busan,부산,BUSAN,부산광역시,BUSAN_CORE,True,False,235.0,1986-01-15,40,160.0,0.6808510638297872,0.0,2.0,9.0,4,35.1710906156813,129.052618668127,부산광역시 부산진구 국악로 5,True,0.03829787234042553,,,,0.006896551724137945,-0.056847545219638196,430000000.0,-0.15116279069767447,290000000.0,0.2586206896551724,1.0,True,,데이터 기반 노후단지
A10021606,삼영,양산시,상북면석계리,78-32,경상남도,48330,yangsan,양산,GYEONGNAM,양산시,YANGSAN,False,True,110.0,1988-03-18,38,20.0,0.18181818181818182,2.0,3.0,5.0,1,35.4176529666519,129.062049898954,경상남도 양산시 삼계1길 2,True,0.045454545454545456,,,,,,,,,,,,,데이터 기반 노후단지
A10021631,동원,동래구,사직동,139-5,부산광역시,26260,busan,부산,BUSAN,부산광역시,BUSAN_CORE,True,False,140.0,1980-09-29,46,100.0,0.7142857142857143,0.0,2.0,8.0,3,35.2013734443993,129.073014379677,부산광역시 동래구 여고북로 140,True,0.05714285714285714,,,,,,,,,,,,,데이터 기반 노후단지
A10021675,명륜한신,동래구,명륜동,693,부산광역시,26260,busan,부산,BUSAN,부산광역시,BUSAN_CORE,True,False,157.0,1985-09-14,41,112.0,0.7133757961783439,0.0,1.0,4.0,3,35.2108283843561,129.081271270877,부산광역시 동래구 동래로57번길 4,True,0.025477707006369428,,,,,,990000000.0,-0.39595959595959596,597000000.0,0.0016750418760469454,0.0,True,,데이터 기반 노후단지
A10021680,신사직,동래구,사직동,146-8,부산광역시,26260,busan,부산,BUSAN,부산광역시,BUSAN_CORE,True,False,152.0,1976-12-02,49,90.0,0.5921052631578947,2.0,2.0,7.0,2,35.1999940090596,129.076465481892,부산광역시 동래구 여고로135번길 27,True,0.046052631578947366,,,,,,,,,,,,,데이터 기반 노후단지
A10021686,성우,김해시,진례면송정리,252-1,경상남도,48250,gimhae,김해,GYEONGNAM,김해시,GIMHAE,False,True,110.0,1992-06-03,34,27.0,0.24545454545454545,1.0,1.0,3.0,3,35.2498267373686,128.749318282463,경상남도 김해시 진례로256번길 10-1,True,0.02727272727272727,,,,,,121000000.0,-0.42148760330578516,59000000.0,0.18644067796610164,0.0,True,,데이터 기반 노후단지
A10021688,새들맨션,중구,대청동4가,79-1,부산광역시,26110,busan,부산,BUSAN,부산광역시,BUSAN_CORE,True,False,131.0,1981-04-08,45,57.0,0.4351145038167939,1.0,2.0,4.0,1,35.1049075011062,129.029882668148,부산광역시 중구 중구로 81,True,0.030534351145038167,230000000.0,9021752.050398193,0.0,-0.017094017094017144,-0.2068965517241379,370000000.0,-0.3783783783783784,154000000.0,0.49350649350649345,2.0,True,0.0,데이터 기반 노후단지
A10021712,백산2,동래구,사직동,141-10,부산광역시,26260,busan,부산,BUSAN,부산광역시,BUSAN_CORE,True,False,160.0,1986-03-21,40,,,0.0,1.0,5.0,3,35.2016503731452,129.074944263616,부산광역시 동래구 여고로127번길 65,True,0.03125,,,,,,,,,,,,,데이터 기반 노후단지
A10021799,반도보라,동래구,수안동,106-1,부산광역시,26260,busan,부산,BUSAN,부산광역시,BUSAN_CORE,True,False,180.0,1984-11-23,41,,,0.0,0.0,1.0,2,35.1989878113858,129.086514741498,부산광역시 동래구 충렬대로238번가길 58,True,0.005555555555555556,,,,,0.049180327868852514,470000000.0,-0.3191489361702128,220000000.0,0.4545454545454546,0.0,True,,데이터 기반 노후단지
A10021800,해운,동래구,사직동,601-3,부산광역시,26260,busan,부산,BUSAN,부산광역시,BUSAN_CORE,True,False,160.0,1984-06-12,42,92.0,0.575,0.0,1.0,1.0,4,35.1998558775731,129.052939490232,부산광역시 동래구 쇠미로71번길 5,True,0.00625,,,,,,258000000.0,-0.22480620155038755,200000000.0,0.0,0.0,True,,데이터 기반 노후단지
A10021860,시영,김해시,어방동,458-8,경상남도,48250,gimhae,김해,GYEONGNAM,김해시,GIMHAE,False,True,116.0,1991-02-11,35,,,3.0,8.0,13.0,2,35.24509722618,128.903251611062,경상남도 김해시 인제로169번길 9,True,0.11206896551724138,,,,,,,,,,,,,데이터 기반 노후단지
A10021874,화인,동래구,온천동,1119,부산광역시,26260,busan,부산,BUSAN,부산광역시,BUSAN_CORE,True,False,126.0,1992-05-01,34,57.0,0.4523809523809524,1.0,1.0,2.0,3,35.2114459406721,129.064741273224,부산광역시 동래구 쇠미로235번길 12,True,0.015873015873015872,,,,,,240000000.0,-0.375,150000000.0,0.0,0.0,True,,데이터 기반 노후단지
A10021875,대근(가나),김해시,진영읍좌곤리,2-14,경상남도,48250,gimhae,김해,GYEONGNAM,김해시,GIMHAE,False,True,197.0,1991-11-22,34,44.0,0.2233502538071066,0.0,0.0,5.0,2,35.303556771865,128.709903736354,경상남도 김해시 진남로 9,True,0.025380710659898477,,,,,,66500000.0,-0.20300751879699253,53000000.0,0.0,0.0,True,,데이터 기반 노후단지
A10021914,삼보(290-2),동래구,명장동,290-2,부산광역시,26260,busan,부산,BUSAN,부산광역시,BUSAN_CORE,True,False,174.0,1986-04-11,40,84.0,0.4827586206896552,0.0,0.0,0.0,3,35.206032380709,129.099651295817,부산광역시 동래구 시실로 202,True,0.0,,,,,,,,,,,,,데이터 기반 노후단지
A10021915,새동래2마동,동래구,수안동,2-6,부산광역시,26260,busan,부산,BUSAN,부산광역시,BUSAN_CORE,True,False,118.0,1980-12-18,45,70.0,0.5932203389830508,3.0,4.0,19.0,1,35.2008624134057,129.081944485967,부산광역시 동래구 충렬대로202번길 37,True,0.16101694915254236,,,,,,,,,,,,,데이터 기반 노후단지
A10021988,가람,김해시,대성동,88,경상남도,48250,gimhae,김해,GYEONGNAM,김해시,GIMHAE,False,True,108.0,1995-09-12,31,,,0.0,0.0,2.0,4,35.2379426510641,128.874918034814,경상남도 김해시 구지로 102-1,True,0.018518518518518517,,,,,,146000000.0,-0.34931506849315064,95000000.0,0.0,0.0,True,,데이터 기반 노후단지
A10022074,남흥,동래구,안락동,600-6,부산광역시,26260,busan,부산,BUSAN,부산광역시,BUSAN_CORE,True,False,140.0,1989-10-17,36,,,1.0,1.0,1.0,2,35.1950773339408,129.105122794473,부산광역시 동래구 충렬대로428번가길 19,True,0.007142857142857143,270000000.0,10486053.901376955,,,-0.12195121951219512,370000000.0,-0.2702702702702703,223000000.0,0.21076233183856496,1.0,True,0.0,데이터 기반 노후단지
A10022163,동양맨션,동래구,명장동,300-55,부산광역시,26260,busan,부산,BUSAN,부산광역시,BUSAN_CORE,True,False,220.0,1982-02-15,44,103.0,0.4681818181818182,0.0,1.0,6.0,2,35.2089685907854,129.101660572011,부산광역시 동래구 명서로 160,True,0.02727272727272727,,,,,,,,,,,,,데이터 기반 노후단지
A10022281,구덕자유,서구,서대신동3가,566-5,부산광역시,26140,busan,부산,BUSAN,부산광역시,BUSAN_CORE,True,False,116.0,1996-04-18,30,56.0,0.4827586206896552,2.0,2.0,5.0,2,35.1137812674724,129.012448357479,부산광역시 서구 망양로33번길 27,True,0.04310344827586207,,,,,0.15217391304347827,270000000.0,-0.01851851851851849,210000000.0,0.26190476190476186,0.0,True,,데이터 기반 노후단지
A10022337,조양,사상구,주례동,122,부산광역시,26530,busan,부산,BUSAN,부산광역시,BUSAN_CORE,True,False,245.0,1984-09-14,42,162.0,0.6612244897959184,0.0,0.0,1.0,3,35.1482414749614,129.005580314746,부산광역시 사상구 냉정로 56,True,0.004081632653061225,,,,,,295000000.0,-0.3220338983050848,181000000.0,0.1049723756906078,0.0,True,,데이터 기반 노후단지
A10022350,장미,동래구,수안동,8-1,부산광역시,26260,busan,부산,BUSAN,부산광역시,BUSAN_CORE,True,False,140.0,1978-05-23,48,99.0,0.7071428571428572,0.0,0.0,0.0,2,35.1996343200762,129.081813667386,부산광역시 동래구 충렬대로202번길 77,True,0.0,,,,,,685000000.0,-0.39854014598540144,364000000.0,0.13186813186813184,0.0,True,,데이터 기반 노후단지
A10022385,연합그린파크(3동4동5동),김해시,진영읍진영리,533-2,경상남도,48250,gimhae,김해,GYEONGNAM,김해시,GIMHAE,False,True,120.0,1992-08-19,34,,,1.0,1.0,3.0,3,35.3033544743483,128.718318339806,경상남도 김해시 진영로50번길 16,True,0.025,61000000.0,2370187.21299894,,0.07017543859649122,,62500000.0,-0.02400000000000002,40000000.0,0.5249999999999999,1.0,True,-0.17567567567567566,데이터 기반 노후단지
A10022509,명장일양타운,동래구,명장동,461-1,부산광역시,26260,busan,부산,BUSAN,부산광역시,BUSAN_CORE,True,False,149.0,1992-02-08,34,107.0,0.7181208053691275,0.0,3.0,4.0,5,35.2077681885416,129.105708677327,부산광역시 동래구 명장로63번다길 6,True,0.026845637583892617,,,,,,310000000.0,-0.3548387096774194,200000000.0,0.0,1.0,True,,데이터 기반 노후단지
A10022543,동원맨션,북구,만덕동,839-1,부산광역시,26320,busan,부산,BUSAN,부산광역시,BUSAN_CORE,True,False,277.0,1988-04-20,38,142.0,0.5126353790613718,0.0,0.0,2.0,4,35.208669843027,129.035615074414,부산광역시 북구 덕천로276번길 5,True,0.007220216606498195,,,,,,210000000.0,0.0,178000000.0,0.1797752808988764,0.0,True,,데이터 기반 노후단지
A10022618,경원골든,북구,구포동,857-10,부산광역시,26320,busan,부산,BUSAN,부산광역시,BUSAN_CORE,True,False,129.0,1993-09-18,33,55.0,0.4263565891472868,0.0,1.0,2.0,2,35.1981261997561,129.012623233598,부산광역시 북구 모분재로149번길 27,True,0.015503875968992248,,,,0.11764705882352944,,124000000.0,-0.2338709677419355,85000000.0,0.11764705882352944,1.0,True,,데이터 기반 노후단지
A10022622,남천파크,수영구,남천동,255,부산광역시,26500,busan,부산,BUSAN,부산광역시,BUSAN_CORE,True,False,130.0,1983-11-22,42,75.0,0.5769230769230769,0.0,0.0,2.0,2,35.1403319628361,129.107948064073,부산광역시 수영구 수영로384번길 7,True,0.015384615384615385,,,,,,875000000.0,-0.2628571428571429,468000000.0,0.3782051282051282,0.0,True,,데이터 기반 노후단지
A10023018,연산삼성타워맨션,연제구,연산동,1135-160,부산광역시,26470,busan,부산,BUSAN,부산광역시,BUSAN_CORE,True,False,149.0,1990-07-19,36,118.0,0.7919463087248322,0.0,1.0,2.0,2,35.1791739210374,129.088963965581,부산광역시 연제구 쌍미천로 70,True,0.013422818791946308,,,,0.05517241379310356,,220000000.0,-0.30454545454545456,145000000.0,0.05517241379310356,1.0,True,,데이터 기반 노후단지
A10024372,동일,사상구,주례동,317,부산광역시,26530,busan,부산,BUSAN,부산광역시,BUSAN_CORE,True,False,276.0,1989-02-24,37,161.0,0.5833333333333334,0.0,0.0,0.0,4,35.1535966539034,129.002854621879,부산광역시 사상구 양지로 47,True,0.0,,,,,,270000000.0,-0.2962962962962963,180000000.0,0.05555555555555558,0.0,True,,데이터 기반 노후단지
A10025062,현대타워,사하구,장림동,506-5,부산광역시,26380,busan,부산,BUSAN,부산광역시,BUSAN_CORE,True,False,118.0,1993-03-31,33,52.0,0.4406779661016949,0.0,2.0,6.0,2,35.0698944057329,128.977713224862,부산광역시 사하구 다대로 365,True,0.05084745762711865,,,,-0.033333333333333326,-0.05600000000000005,134000000.0,-0.13432835820895528,104500000.0,0.11004784688995217,1.0,True,,데이터 기반 노후단지
A10025307,센텀협성,해운대구,재송동,1025-1,부산광역시,26350,busan,부산,BUSAN,부산광역시,BUSAN_CORE,True,False,175.0,1987-01-10,39,86.0,0.49142857142857144,0.0,1.0,2.0,2,35.1917538219764,129.123833523262,부산광역시 해운대구 해운대로81번가길 63,True,0.011428571428571429,,,,,,,,,,,,,데이터 기반 노후단지
A10025411,동서연천타워,연제구,연산동,1,부산광역시,26470,busan,부산,BUSAN,부산광역시,BUSAN_CORE,True,False,113.0,1993-06-02,33,66.0,0.584070796460177,0.0,0.0,2.0,2,35.1832955678406,129.101785491308,부산광역시 연제구 톳고개로 30,True,0.017699115044247787,,,,,0.07191780821917804,245000000.0,-0.36122448979591837,140000000.0,0.11785714285714288,0.0,True,,데이터 기반 노후단지
A10025719,한성기린,수영구,망미동,209-4,부산광역시,26500,busan,부산,BUSAN,부산광역시,BUSAN_CORE,True,False,113.0,1994-12-30,31,69.0,0.6106194690265486,0.0,0.0,4.0,2,35.1741877981349,129.118812173918,부산광역시 수영구 수미로71번길 20,True,0.035398230088495575,,,,,,740000000.0,-0.2432432432432432,291000000.0,0.9243986254295533,0.0,True,,데이터 기반 노후단지
A10027204,한보장산,해운대구,재송동,1184-1,부산광역시,26350,busan,부산,BUSAN,부산광역시,BUSAN_CORE,True,False,140.0,1995-02-27,31,66.0,0.4714285714285714,0.0,1.0,1.0,1,35.1924759105576,129.134101494483,부산광역시 해운대구 재송2로 96,True,0.007142857142857143,,,,,,,,,,,,,데이터 기반 노후단지
A60180701,삼익,동구,범일동,830-100,부산광역시,26170,busan,부산,BUSAN,부산광역시,BUSAN_CORE,True,False,150.0,1978-09-23,48,118.0,0.7866666666666666,0.0,0.0,0.0,2,35.1394235856207,129.064594483242,부산광역시 동구 조방로16번길 20,True,0.0,,,,,,467500000.0,-0.25133689839572193,325000000.0,0.07692307692307687,0.0,True,,데이터 기반 노후단지
A60275001,삼익,서구,동대신동2가,313,부산광역시,26140,busan,부산,BUSAN,부산광역시,BUSAN_CORE,True,False,410.0,1976-06-19,50,320.0,0.7804878048780488,0.0,1.0,7.0,3,35.112825105996,129.020096423424,부산광역시 서구 대영로85번길 34-47,True,0.01707317073170732,,,,-0.03951975987993994,-0.024752475247524774,720000000.0,-0.33333333333333337,399000000.0,0.20300751879699241,1.0,True,,데이터 기반 노후단지
A60281201,문화,서구,동대신동3가,173,부산광역시,26140,busan,부산,BUSAN,부산광역시,BUSAN_CORE,True,False,180.0,1971-12-17,54,16.0,0.08888888888888889,0.0,1.0,4.0,2,35.1150726941653,129.01590480137,부산광역시 서구 구덕로 350,True,0.022222222222222223,,,,,,,,,,,,,데이터 기반 노후단지
A60283005,송도정림비치타운,서구,암남동,64-2,부산광역시,26140,busan,부산,BUSAN,부산광역시,BUSAN_CORE,True,False,268.0,1993-02-25,33,148.0,0.5522388059701493,2.0,3.0,5.0,3,35.0816176579061,129.017127017576,부산광역시 서구 감천로 271,True,0.018656716417910446,165000000.0,6436525.42571853,0.1619718309859155,-0.03459119496855345,0.06000000000000005,188000000.0,-0.12234042553191493,92000000.0,0.7934782608695652,3.0,False,0.10000000000000009,데이터 기반 노후단지
A60283203,삼경빌라맨션,서구,암남동,81-23,부산광역시,26140,busan,부산,BUSAN,부산광역시,BUSAN_CORE,True,False,181.0,1989-08-10,37,106.0,0.585635359116022,0.0,3.0,5.0,4,35.0798791022522,129.018431737614,부산광역시 서구 감천로 277,True,0.027624309392265192,,,,,0.046428571428571486,184000000.0,-0.18478260869565222,139500000.0,0.07526881720430101,3.0,False,,데이터 기반 노후단지
A60283301,송도혜성비치타운,서구,암남동,604-2,부산광역시,26140,busan,부산,BUSAN,부산광역시,BUSAN_CORE,True,False,150.0,1993-04-28,33,95.0,0.6333333333333333,0.0,1.0,4.0,3,35.0715564957295,129.015952412899,부산광역시 서구 암남공원로 52,True,0.02666666666666667,,,,0.07238605898123329,0.3571428571428572,200000000.0,0.0,140000000.0,0.4285714285714286,1.0,True,,데이터 기반 노후단지
A60283304,송도현대,서구,암남동,611-5,부산광역시,26140,busan,부산,BUSAN,부산광역시,BUSAN_CORE,True,False,208.0,1992-12-31,33,176.0,0.8461538461538461,1.0,1.0,2.0,2,35.0700500672896,129.016852658647,부산광역시 서구 암남공원로 72,True,0.009615384615384616,135000000.0,5249513.93389501,,0.06299212598425208,-0.25568181818181823,198000000.0,-0.31818181818181823,127000000.0,0.06299212598425208,1.0,True,-0.09999999999999998,데이터 기반 노후단지
A60403002,신평럭키무지개타운,사하구,신평동,206-1,부산광역시,26380,busan,부산,BUSAN,부산광역시,BUSAN_CORE,True,False,505.0,1990-07-25,36,400.0,0.7920792079207921,0.0,1.0,10.0,3,35.0930367630439,128.969835825273,부산광역시 사하구 신산북로43번길 43,True,0.019801980198019802,,,,0.05369127516778516,0.0,178500000.0,-0.1204481792717087,120000000.0,0.30833333333333335,1.0,True,,데이터 기반 노후단지
A60404202,장림로얄베스토피아,사하구,장림동,185-29,부산광역시,26380,busan,부산,BUSAN,부산광역시,BUSAN_CORE,True,False,187.0,1993-07-28,33,140.0,0.7486631016042781,0.0,2.0,5.0,3,35.0800195446792,128.978402615502,부산광역시 사하구 다대로227번길 45,True,0.026737967914438502,,,,0.016528925619834656,0.016666666666666607,168000000.0,-0.2678571428571429,100000000.0,0.22999999999999998,1.0,True,,데이터 기반 노후단지
A60471209,당리반도보라맨션,사하구,당리동,180,부산광역시,26380,busan,부산,BUSAN,부산광역시,BUSAN_CORE,True,False,384.0,1992-07-25,34,438.0,1.140625,1.0,1.0,6.0,2,35.1077907594936,128.97383770278,부산광역시 사하구 제석로79번길 11,True,0.015625,245000000.0,9545454.545454545,,0.02083333333333326,0.02320675105485237,315000000.0,-0.2222222222222222,204000000.0,0.2009803921568627,1.0,True,0.3999999999999999,데이터 기반 노후단지
A60471706,벽산으뜸,사하구,당리동,534-1,부산광역시,26380,busan,부산,BUSAN,부산광역시,BUSAN_CORE,True,False,270.0,1992-08-27,34,233.0,0.8629629629629629,0.0,3.0,6.0,3,35.0984925415412,128.976235714823,부산광역시 사하구 다대로22번길 30,True,0.022222222222222223,,,,-0.02895752895752901,,162000000.0,-0.18518518518518523,109000000.0,0.21100917431192667,3.0,False,,데이터 기반 노후단지
A60471808,당리신익,사하구,당리동,407,부산광역시,26380,busan,부산,BUSAN,부산광역시,BUSAN_CORE,True,False,300.0,1992-01-24,34,284.0,0.9466666666666667,0.0,1.0,5.0,3,35.1039461588334,128.979653342323,부산광역시 사하구 승학로 123-4,True,0.016666666666666666,,,,,,195000000.0,-0.18974358974358974,140000000.0,0.12857142857142856,0.0,True,,데이터 기반 노후단지
A60471811,당리에덴동산타운,사하구,당리동,353-22,부산광역시,26380,busan,부산,BUSAN,부산광역시,BUSAN_CORE,True,False,245.0,1989-01-12,37,,,0.0,1.0,3.0,4,35.1051472093201,128.982578000911,부산광역시 사하구 승학로131번길 39,True,0.012244897959183673,,,,,,165000000.0,0.0,165000000.0,0.0,0.0,True,,데이터 기반 노후단지
A60471904,삼성타워맨션,사하구,당리동,480-9,부산광역시,26380,busan,부산,BUSAN,부산광역시,BUSAN_CORE,True,False,210.0,1991-12-19,34,190.0,0.9047619047619048,1.0,3.0,8.0,2,35.1065009310321,128.984611817306,부산광역시 사하구 마하로 81,True,0.0380952380952381,105000000.0,4083195.851991515,0.16666666666666674,0.005154639175257714,,220000000.0,-0.5227272727272727,75000000.0,0.3999999999999999,3.0,False,-0.4,데이터 기반 노후단지
A60472010,당리4차혜성,사하구,당리동,17,부산광역시,26380,busan,부산,BUSAN,부산광역시,BUSAN_CORE,True,False,423.0,1996-01-30,30,288.0,0.6808510638297872,0.0,3.0,14.0,3,35.1100235494771,128.979455564708,부산광역시 사하구 제석로 127,True,0.03309692671394799,,,,0.22930153321976143,-0.0015220700152207556,201000000.0,-0.12039800995024874,132000000.0,0.33939393939393936,2.0,True,,데이터 기반 노후단지
A60472602,신평한성임호,사하구,신평동,100,부산광역시,26380,busan,부산,BUSAN,부산광역시,BUSAN_CORE,True,False,217.0,1993-06-18,33,160.0,0.7373271889400922,3.0,4.0,11.0,3,35.0924608067553,128.979682076481,부산광역시 사하구 다대로 109,True,0.05069124423963134,143500000.0,5618550.798663817,0.1479999999999999,-0.10810810810810811,-0.04322033898305089,202000000.0,-0.23267326732673266,124000000.0,0.25,4.0,False,-0.22406218316998983,데이터 기반 노후단지
A60473003,조성,사하구,다대동,948-1,부산광역시,26380,busan,부산,BUSAN,부산광역시,BUSAN_CORE,True,False,408.0,1990-03-31,36,180.0,0.4411764705882353,1.0,2.0,5.0,2,35.0563303584511,128.966762182539,부산광역시 사하구 윤공단로17번길 103,True,0.012254901960784314,,,,,,,,,,,,,데이터 기반 노후단지
A60473407,신동양,사하구,괴정동,547-1,부산광역시,26380,busan,부산,BUSAN,부산광역시,BUSAN_CORE,True,False,273.0,1979-12-20,46,249.0,0.9120879120879121,0.0,0.0,6.0,3,35.0978488812929,128.987832163174,부산광역시 사하구 장평로450번길 12,True,0.02197802197802198,,,,,0.08108108108108114,410000000.0,-0.31707317073170727,200000000.0,0.3999999999999999,0.0,True,,데이터 기반 노후단지
A60473602,구평화신,사하구,구평동,41-7,부산광역시,26380,busan,부산,BUSAN,부산광역시,BUSAN_CORE,True,False,496.0,1993-05-14,33,393.0,0.7923387096774194,2.0,8.0,14.0,2,35.086802317881,128.993009102991,부산광역시 사하구 사하로 47,True,0.028225806451612902,115000000.0,4467596.6802048385,-0.14338919925512106,-0.18414533443435177,0.024809160305343525,188000000.0,-0.4148936170212766,110000000.0,0.0,6.0,False,0.0,데이터 기반 노후단지
A60474307,다대해송,사하구,다대동,113-11,부산광역시,26380,busan,부산,BUSAN,부산광역시,BUSAN_CORE,True,False,714.0,1991-12-06,34,306.0,0.42857142857142855,2.0,3.0,12.0,1,35.062715611943,128.977558970913,부산광역시 사하구 다대로 470,True,0.01680672268907563,,,,,,,,,,,,,데이터 기반 노후단지
A60474905,한신혜성,사하구,하단동,277-2,부산광역시,26380,busan,부산,BUSAN,부산광역시,BUSAN_CORE,True,False,533.0,1996-05-07,30,354.0,0.6641651031894934,2.0,3.0,15.0,3,35.1012889287059,128.971520894865,부산광역시 사하구 동매로 120,True,0.028142589118198873,,,,0.054054054054053946,-0.052369077306733125,233000000.0,-0.16309012875536477,165000000.0,0.18181818181818188,1.0,True,,데이터 기반 노후단지
A60475305,신다대,사하구,다대동,113,부산광역시,26380,busan,부산,BUSAN,부산광역시,BUSAN_CORE,True,False,570.0,1991-12-22,34,162.0,0.28421052631578947,7.0,16.0,24.0,1,35.0677788241625,128.97774328445,부산광역시 사하구 다대로 400,True,0.042105263157894736,,,,,,,,,,,,,데이터 기반 노후단지
A60475408,국제그린,사하구,다대동,94-2,부산광역시,26380,busan,부산,BUSAN,부산광역시,BUSAN_CORE,True,False,996.0,1995-05-01,31,539.0,0.5411646586345381,5.0,19.0,41.0,1,35.0660657761745,128.984454188143,부산광역시 사하구 다대로381번길 75,True,0.04116465863453815,,,,,,,,,,,,,데이터 기반 노후단지
A60475412,다송,사하구,다대동,94-5,부산광역시,26380,busan,부산,BUSAN,부산광역시,BUSAN_CORE,True,False,500.0,1995-05-11,31,190.0,0.38,2.0,7.0,23.0,1,35.0642645919934,128.985861988552,부산광역시 사하구 다대로381번길 99,True,0.046,,,,,,,,,,,,,데이터 기반 노후단지
A60475509,다대푸른,사하구,다대동,1548-13,부산광역시,26380,busan,부산,BUSAN,부산광역시,BUSAN_CORE,True,False,640.0,1996-06-27,30,311.0,0.4859375,4.0,10.0,26.0,1,35.0516482081223,128.965077815255,부산광역시 사하구 다대낙조2길 11,True,0.040625,,,,,,,,,,,,,데이터 기반 노후단지
A60475612,다대포현대,사하구,다대동,120-1,부산광역시,26380,busan,부산,BUSAN,부산광역시,BUSAN_CORE,True,False,2181.0,1993-09-09,33,2029.0,0.9303071985327831,11.0,18.0,45.0,4,35.0614810237866,128.979312755324,부산광역시 사하구 다대로 473,True,0.02063273727647868,240000000.0,9330819.98114986,0.02127659574468077,0.009463722397476282,-0.004149377593360981,348000000.0,-0.31034482758620685,188000000.0,0.27659574468085113,5.0,False,0.02491103202846978,데이터 기반 노후단지
A60475710,삼환,사하구,다대동,120-10,부산광역시,26380,busan,부산,BUSAN,부산광역시,BUSAN_CORE,True,False,1669.0,1996-09-13,30,1843.0,1.104254044337927,6.0,23.0,41.0,3,35.0617575665852,128.981626579868,부산광역시 사하구 다대로429번길 20,True,0.02456560814859197,237500000.0,9234711.912336513,0.0,-0.06862745098039214,0.004020100502512669,356500000.0,-0.33380084151472655,215500000.0,0.10208816705336421,4.0,False,0.014234875444839812,데이터 기반 노후단지
A60475803,다대다해,사하구,다대동,80-14,부산광역시,26380,busan,부산,BUSAN,부산광역시,BUSAN_CORE,True,False,372.0,1986-11-03,39,132.0,0.3548387096774194,1.0,3.0,13.0,1,35.0670018985278,128.981883148782,부산광역시 사하구 다송로 7,True,0.03494623655913978,,,,,,,,,,,,,데이터 기반 노후단지
A60475903,신익강변타운,사하구,신평동,408,부산광역시,26380,busan,부산,BUSAN,부산광역시,BUSAN_CORE,True,False,937.0,1992-03-25,34,501.0,0.5346851654215582,1.0,2.0,18.0,4,35.0954286698909,128.962988469135,부산광역시 사하구 하신중앙로 180,True,0.0192102454642476,200000000.0,7773851.590106006,0.25,-0.034852546916890104,0.10029498525073755,250000000.0,-0.19999999999999996,148000000.0,0.3513513513513513,2.0,True,0.08144643460628598,데이터 기반 노후단지
A60476101,가락타운1,사하구,하단동,1161-2,부산광역시,26380,busan,부산,BUSAN,부산광역시,BUSAN_CORE,True,False,1746.0,1992-09-14,34,1272.0,0.7285223367697594,5.0,15.0,42.0,2,35.1102986564977,128.958536370229,부산광역시 사하구 하신번영로 365,True,0.024054982817869417,285500000.0,11092430.05705596,-0.054635761589403975,0.007792207792207684,-0.046052631578947345,450000000.0,-0.37777777777777777,216000000.0,0.2962962962962963,14.0,False,0.05618497109826581,데이터 기반 노후단지
A60476206,가락타운3,사하구,하단동,1175,부산광역시,26380,busan,부산,BUSAN,부산광역시,BUSAN_CORE,True,False,2980.0,1992-09-14,34,2277.0,0.7640939597315436,14.0,35.0,89.0,2,35.1010731620413,128.957963941885,부산광역시 사하구 하신번영로 233,True,0.029865771812080538,255125000.0,9912201.966674449,0.0004901960784313708,-0.04672897196261683,0.06057596822244293,368000000.0,-0.2744565217391305,187000000.0,0.427807486631016,32.0,False,-0.05618497109826592,데이터 기반 노후단지
A60476511,자유,사하구,다대동,382-3,부산광역시,26380,busan,부산,BUSAN,부산광역시,BUSAN_CORE,True,False,987.0,1993-10-05,33,700.0,0.7092198581560284,2.0,6.0,15.0,3,35.0516153734285,128.971564860205,부산광역시 사하구 다대로 617,True,0.015197568389057751,,,,-0.15384615384615385,-0.07476635514018692,315000000.0,-0.3015873015873016,160000000.0,0.375,3.0,False,,데이터 기반 노후단지
A60476604,다대코오롱맨션,사하구,다대동,37,부산광역시,26380,busan,부산,BUSAN,부산광역시,BUSAN_CORE,True,False,520.0,1988-07-25,38,190.0,0.36538461538461536,0.0,2.0,6.0,4,35.064090656245,128.98184158244,부산광역시 사하구 다송로 36,True,0.011538461538461539,,,,,,325000000.0,0.0,244500000.0,0.3292433537832311,0.0,True,,데이터 기반 노후단지
A60476805,현대,사하구,신평동,400,부산광역시,26380,busan,부산,BUSAN,부산광역시,BUSAN_CORE,True,False,992.0,1994-12-17,31,877.0,0.8840725806451613,5.0,13.0,29.0,2,35.0938469892527,128.96428483733,부산광역시 사하구 하신중앙로 170,True,0.029233870967741934,238250000.0,9315607.759138823,0.12117647058823522,0.0,-0.0444444444444444,305000000.0,-0.14754098360655743,180000000.0,0.4444444444444444,11.0,False,0.28827306522473806,데이터 기반 노후단지
A60476911,강남,사하구,장림동,566-7,부산광역시,26380,busan,부산,BUSAN,부산광역시,BUSAN_CORE,True,False,447.0,1992-06-30,34,294.0,0.6577181208053692,3.0,6.0,12.0,2,35.0713714020767,128.970294090814,부산광역시 사하구 장평로41번길 61,True,0.026845637583892617,101125000.0,3929590.511245423,0.12361111111111112,-0.22580645161290325,-0.04051172707889128,145000000.0,-0.40689655172413797,86000000.0,0.0,4.0,False,-0.13599145603417595,데이터 기반 노후단지
A60477013,극동정림,사하구,장림동,426,부산광역시,26380,busan,부산,BUSAN,부산광역시,BUSAN_CORE,True,False,472.0,1995-12-20,30,355.0,0.7521186440677966,6.0,10.0,24.0,4,35.0726356792876,128.977617040664,부산광역시 사하구 다대로 339,True,0.05084745762711865,130000000.0,5049435.028248588,-0.1362126245847176,0.023255813953488413,-0.09722222222222221,164000000.0,-0.2195121951219512,122000000.0,0.049180327868852514,4.0,False,0.11071555713777137,데이터 기반 노후단지
A60477315,장림현대(372-4),사하구,장림동,372-4,부산광역시,26380,busan,부산,BUSAN,부산광역시,BUSAN_CORE,True,False,828.0,1989-10-20,36,618.0,0.7463768115942029,2.0,3.0,4.0,3,35.0736843186045,128.97719060866,부산광역시 사하구 다대로 301,True,0.004830917874396135,,,,,,300000000.0,-0.4,158000000.0,0.139240506329114,0.0,True,,데이터 기반 노후단지
A60477608,장림삼경아파트,사하구,장림동,60-20,부산광역시,26380,busan,부산,BUSAN,부산광역시,BUSAN_CORE,True,False,298.0,1993-04-03,33,143.0,0.4798657718120805,0.0,2.0,10.0,3,35.0769514166666,128.982580602208,부산광역시 사하구 다대로277번길 141,True,0.03355704697986577,,,,,,111000000.0,-0.29729729729729726,77000000.0,0.01298701298701288,0.0,True,,데이터 기반 노후단지
A60478201,감천현대,사하구,감천동,682-1,부산광역시,26380,busan,부산,BUSAN,부산광역시,BUSAN_CORE,True,False,200.0,1994-10-29,31,121.0,0.605,0.0,2.0,4.0,4,35.0902534268192,128.9962495497,부산광역시 사하구 감천로 38,True,0.02,,,,,-0.14634146341463417,235000000.0,-0.25531914893617025,174500000.0,0.002865329512893977,0.0,True,,데이터 기반 노후단지
A60478203,감천백산,사하구,감천동,682,부산광역시,26380,busan,부산,BUSAN,부산광역시,BUSAN_CORE,True,False,224.0,1995-12-19,30,154.0,0.6875,0.0,2.0,4.0,3,35.0905945623474,128.995825878518,부산광역시 사하구 감천로 32,True,0.017857142857142856,,,,,,185000000.0,-0.08108108108108103,158000000.0,0.07594936708860756,0.0,True,,데이터 기반 노후단지
A60480405,남성한빛가든,사하구,감천동,181-1,부산광역시,26380,busan,부산,BUSAN,부산광역시,BUSAN_CORE,True,False,307.0,1995-10-20,30,230.0,0.749185667752443,0.0,2.0,6.0,2,35.0841873393999,129.009516574052,부산광역시 사하구 감천로 175,True,0.019543973941368076,,,,0.03333333333333344,-0.15977961432506882,217000000.0,-0.2857142857142857,150000000.0,0.03333333333333344,2.0,True,,데이터 기반 노후단지
A60480703,벽산하이츠타운,사하구,괴정동,352-34,부산광역시,26380,busan,부산,BUSAN,부산광역시,BUSAN_CORE,True,False,299.0,1995-11-13,30,221.0,0.7391304347826086,2.0,3.0,6.0,3,35.1008676181434,129.003917768296,부산광역시 사하구 오작로 104,True,0.020066889632107024,124000000.0,4833451.452870305,,-0.0780669144981413,-0.17333333333333334,191500000.0,-0.3524804177545692,100000000.0,0.24,1.0,True,0.0,데이터 기반 노후단지
A60481001,신익타운,사하구,괴정동,398-22,부산광역시,26380,busan,부산,BUSAN,부산광역시,BUSAN_CORE,True,False,228.0,1991-04-23,35,144.0,0.631578947368421,0.0,0.0,1.0,5,35.098352966658,128.998804115049,부산광역시 사하구 오작로 46,True,0.0043859649122807015,,,,,,184000000.0,-0.2663043478260869,125000000.0,0.08000000000000007,0.0,True,,데이터 기반 노후단지
A60481002,신괴정화신아파트,사하구,괴정동,398-23,부산광역시,26380,busan,부산,BUSAN,부산광역시,BUSAN_CORE,True,False,270.0,1990-03-31,36,187.0,0.6925925925925925,0.0,1.0,6.0,5,35.0992782463789,128.999413790074,부산광역시 사하구 오작로 68,True,0.022222222222222223,,,,-0.018867924528301883,-0.20972644376899696,185000000.0,-0.29729729729729726,110000000.0,0.18181818181818188,1.0,True,,데이터 기반 노후단지
A60481203,국제,사하구,괴정동,491-9,부산광역시,26380,busan,부산,BUSAN,부산광역시,BUSAN_CORE,True,False,176.0,1985-06-05,41,150.0,0.8522727272727273,0.0,0.0,1.0,2,35.0947645574797,128.991807753275,부산광역시 사하구 사하로141번길 20,True,0.005681818181818182,,,,,,335000000.0,-0.4119402985074627,197000000.0,0.0,0.0,True,,데이터 기반 노후단지
A60481206,우신타워아파트,사하구,괴정동,614-9,부산광역시,26380,busan,부산,BUSAN,부산광역시,BUSAN_CORE,True,False,250.0,1989-10-12,36,150.0,0.6,0.0,2.0,4.0,3,35.0940384070786,128.9891943234,부산광역시 사하구 사하로141번나길 35-4,True,0.016,,,,-0.014814814814814836,0.08064516129032251,158000000.0,-0.15822784810126578,100000000.0,0.33000000000000007,1.0,True,,데이터 기반 노후단지
A60481601,동진그린힐,사하구,괴정동,1207-4,부산광역시,26380,busan,부산,BUSAN,부산광역시,BUSAN_CORE,True,False,207.0,1995-06-08,31,139.0,0.6714975845410628,1.0,2.0,8.0,3,35.0965666850898,128.980775002903,부산광역시 사하구 장평로 378,True,0.03864734299516908,,,,-0.2178770949720671,-0.08205128205128209,202000000.0,-0.306930693069307,135000000.0,0.03703703703703698,1.0,True,,데이터 기반 노후단지
A60482013,몰운대,사하구,다대동,1550,부산광역시,26380,busan,부산,BUSAN,부산광역시,BUSAN_CORE,True,False,2960.0,1996-01-10,30,1461.0,0.49358108108108106,15.0,40.0,96.0,1,35.0516293768853,128.966106194759,부산광역시 사하구 다대낙조2길 12,True,0.032432432432432434,,,,,,,,,,,,,데이터 기반 노후단지
A60482902,우림그린맨션,사하구,당리동,33-3,부산광역시,26380,busan,부산,BUSAN,부산광역시,BUSAN_CORE,True,False,194.0,1991-05-27,35,175.0,0.9020618556701031,0.0,1.0,2.0,2,35.1097668210744,128.978416943787,부산광역시 사하구 제석로95번길 22-5,True,0.010309278350515464,,,,0.007407407407407307,0.02264150943396226,160000000.0,-0.15000000000000002,118000000.0,0.15254237288135597,1.0,True,,데이터 기반 노후단지
A60483203,신평삼익아파트,사하구,신평동,7,부산광역시,26380,busan,부산,BUSAN,부산광역시,BUSAN_CORE,True,False,312.0,1989-05-30,37,87.0,0.27884615384615385,1.0,3.0,7.0,4,35.0940000071703,128.974009012869,부산광역시 사하구 장평로 311,True,0.022435897435897436,,,,,,150000000.0,0.0,126000000.0,0.19047619047619047,0.0,True,,데이터 기반 노후단지
A60483404,한신,사하구,신평동,425,부산광역시,26380,busan,부산,BUSAN,부산광역시,BUSAN_CORE,True,False,937.0,1993-12-14,32,739.0,0.7886872998932765,3.0,8.0,23.0,3,35.0970527267283,128.965872629359,부산광역시 사하구 비봉로 42,True,0.02454642475987193,158000000.0,6137005.6497175135,0.02931596091205213,0.05333333333333323,0.04406779661016946,170000000.0,-0.07058823529411762,125000000.0,0.264,6.0,False,-0.1456573166610341,데이터 기반 노후단지
A60484001,장림현대(60-42),사하구,장림동,60-42,부산광역시,26380,busan,부산,BUSAN,부산광역시,BUSAN_CORE,True,False,152.0,1995-07-15,31,111.0,0.7302631578947368,1.0,1.0,8.0,3,35.0787377276337,128.980856441858,부산광역시 사하구 두송로 47,True,0.05263157894736842,,,,,-0.0546875,149000000.0,-0.09395973154362414,105000000.0,0.2857142857142858,0.0,True,,데이터 기반 노후단지
A60484003,동원타워,사하구,장림동,25,부산광역시,26380,busan,부산,BUSAN,부산광역시,BUSAN_CORE,True,False,216.0,1993-11-18,32,147.0,0.6805555555555556,1.0,3.0,7.0,2,35.0758782963308,128.980661132354,부산광역시 사하구 다대로277번길 56,True,0.032407407407407406,,,,0.11447084233261329,-0.020000000000000018,152000000.0,-0.125,100000000.0,0.33000000000000007,2.0,True,,데이터 기반 노후단지
A60484004,장림우림그린맨션,사하구,장림동,244-6,부산광역시,26380,busan,부산,BUSAN,부산광역시,BUSAN_CORE,True,False,255.0,1992-01-28,34,166.0,0.6509803921568628,0.0,0.0,5.0,2,35.0789046991948,128.979213345887,부산광역시 사하구 두송로 25,True,0.0196078431372549,,,,,0.3529411764705883,170000000.0,-0.05294117647058827,95000000.0,0.6947368421052631,0.0,True,,데이터 기반 노후단지
A60484607,국제마마,사하구,장림동,566-12,부산광역시,26380,busan,부산,BUSAN,부산광역시,BUSAN_CORE,True,False,288.0,1993-09-06,33,139.0,0.4826388888888889,1.0,4.0,7.0,2,35.0707155860485,128.97076106908,부산광역시 사하구 장평로41번길 51,True,0.024305555555555556,,,,,-0.16822429906542058,142000000.0,-0.37323943661971826,89000000.0,0.0,1.0,True,,데이터 기반 노후단지
A60484612,벽산아파트,사하구,장림동,532,부산광역시,26380,busan,부산,BUSAN,부산광역시,BUSAN_CORE,True,False,450.0,1992-09-09,34,234.0,0.52,3.0,3.0,12.0,5,35.0689911277764,128.972591681397,부산광역시 사하구 장평로41번길 19,True,0.02666666666666667,120000000.0,4673669.302490262,,0.10091743119266061,0.022321428571428603,159000000.0,-0.24528301886792447,105000000.0,0.1428571428571428,1.0,True,0.02527589889640436,데이터 기반 노후단지
A60485510,자유,사하구,괴정동,740,부산광역시,26380,busan,부산,BUSAN,부산광역시,BUSAN_CORE,True,False,320.0,1982-09-01,44,369.0,1.153125,0.0,2.0,4.0,2,35.097783465162,128.989127859139,부산광역시 사하구 낙동대로 263,True,0.0125,,,,,,490000000.0,-0.23469387755102045,350000000.0,0.0714285714285714,0.0,True,,데이터 기반 노후단지
A60605201,영광그린,영도구,신선동2가,181-30,부산광역시,26200,busan,부산,BUSAN,부산광역시,BUSAN_CORE,True,False,209.0,1993-12-30,32,135.0,0.645933014354067,0.0,1.0,3.0,4,35.0840327464745,129.04700975547,부산광역시 영도구 중복길 270,True,0.014354066985645933,,,,,-0.3548387096774194,170000000.0,-0.4117647058823529,100000000.0,0.0,1.0,True,,데이터 기반 노후단지
A60608001,벽산비치,영도구,동삼동,510-27,부산광역시,26200,busan,부산,BUSAN,부산광역시,BUSAN_CORE,True,False,414.0,1995-06-10,31,535.0,1.2922705314009661,2.0,4.0,16.0,3,35.0754307334395,129.069474367541,부산광역시 영도구 와치로 266,True,0.03864734299516908,221000000.0,8493070.921159891,,0.016091954022988464,0.04166666666666674,255000000.0,-0.1333333333333333,188000000.0,0.17553191489361697,2.0,True,0.11194968553459117,데이터 기반 노후단지
A60608002,조양비취맨션,영도구,동삼동,656,부산광역시,26200,busan,부산,BUSAN,부산광역시,BUSAN_CORE,True,False,630.0,1985-12-21,40,320.0,0.5079365079365079,0.0,2.0,5.0,3,35.0709375752394,129.070767885546,부산광역시 영도구 절영로 504,True,0.007936507936507936,,,,,,,,,,,,,데이터 기반 노후단지
A60608106,반도보라비치타운,영도구,동삼동,1124-2,부산광역시,26200,busan,부산,BUSAN,부산광역시,BUSAN_CORE,True,False,320.0,1994-11-14,31,353.0,1.103125,1.0,3.0,11.0,2,35.0718028893525,129.060358052407,부산광역시 영도구 함지로 19,True,0.034375,,,,,-0.1505791505791506,265000000.0,-0.4981132075471698,133000000.0,0.0,0.0,True,,데이터 기반 노후단지
A60608303,동삼그린힐,영도구,동삼동,1123,부산광역시,26200,busan,부산,BUSAN,부산광역시,BUSAN_CORE,True,False,2088.0,1993-09-22,33,913.0,0.43726053639846746,3.0,13.0,51.0,2,35.0856395176363,129.069877449987,부산광역시 영도구 상리로 1,True,0.02442528735632184,,,,,,,,,,,,,데이터 기반 노후단지
A60673703,일신마리나,영도구,청학동,85,부산광역시,26200,busan,부산,BUSAN,부산광역시,BUSAN_CORE,True,False,355.0,1994-01-11,32,270.0,0.7605633802816901,1.0,2.0,8.0,4,35.0869066625643,129.063036793119,부산광역시 영도구 조내기로 33,True,0.022535211267605635,,,,-0.09722222222222221,-0.2637931034482759,169000000.0,-0.42307692307692313,97500000.0,0.0,1.0,True,,데이터 기반 노후단지
A60675110,함지그린,영도구,동삼동,1124,부산광역시,26200,busan,부산,BUSAN,부산광역시,BUSAN_CORE,True,False,1000.0,1994-05-06,32,550.0,0.55,1.0,12.0,32.0,2,35.0712895362543,129.061998563801,부산광역시 영도구 함지로 8,True,0.032,,,,,,,,,,,,,데이터 기반 노후단지
A60675701,대동대교맨션,영도구,대평동1가,1,부산광역시,26200,busan,부산,BUSAN,부산광역시,BUSAN_CORE,True,False,462.0,1980-08-30,46,288.0,0.6233766233766234,1.0,1.0,2.0,4,35.0911570054442,129.035937887166,부산광역시 영도구 대평로 16,True,0.004329004329004329,290000000.0,10777027.027027026,,0.15999999999999992,,530000000.0,-0.4528301886792453,250000000.0,0.15999999999999992,1.0,True,0.0,데이터 기반 노후단지
A60675801,미광마린타워,영도구,봉래동2가,112,부산광역시,26200,busan,부산,BUSAN,부산광역시,BUSAN_CORE,True,False,676.0,1992-06-05,34,471.0,0.6967455621301775,0.0,3.0,8.0,2,35.0945736176092,129.043307273236,부산광역시 영도구 대교로14번길 17,True,0.011834319526627219,,,,-0.022662889518413554,0.06515151515151518,477000000.0,-0.2767295597484277,249000000.0,0.3855421686746987,1.0,True,,데이터 기반 노후단지
A60675901,영도대원,영도구,영선동4가,245-1,부산광역시,26200,busan,부산,BUSAN,부산광역시,BUSAN_CORE,True,False,448.0,1991-01-05,35,358.0,0.7991071428571429,0.0,5.0,6.0,4,35.0823032131452,129.04406716788,부산광역시 영도구 남항새싹길 79,True,0.013392857142857142,,,,,,200000000.0,0.0,200000000.0,0.0,0.0,True,,데이터 기반 노후단지
A60680702,삼창파크타운5동6동,영도구,동삼동,402-4,부산광역시,26200,busan,부산,BUSAN,부산광역시,BUSAN_CORE,True,False,183.0,1990-12-07,35,130.0,0.7103825136612022,0.0,0.0,1.0,4,35.0748134884244,129.072915379612,부산광역시 영도구 절영로 551,True,0.00546448087431694,,,,,-0.07499999999999996,170000000.0,-0.12941176470588234,148000000.0,0.0,0.0,True,,데이터 기반 노후단지
A60680703,경전,영도구,동삼동,265,부산광역시,26200,busan,부산,BUSAN,부산광역시,BUSAN_CORE,True,False,224.0,1993-10-14,32,138.0,0.6160714285714286,0.0,1.0,3.0,6,35.0808965763072,129.071501974261,부산광역시 영도구 동삼동로 10,True,0.013392857142857142,,,,,-0.0064102564102563875,215000000.0,-0.2790697674418605,150000000.0,0.03333333333333344,1.0,True,,데이터 기반 노후단지
A60680705,에덴금호,영도구,동삼동,680-12,부산광역시,26200,busan,부산,BUSAN,부산광역시,BUSAN_CORE,True,False,285.0,1995-06-09,31,220.0,0.7719298245614035,0.0,3.0,8.0,3,35.0710310870538,129.075712610301,부산광역시 영도구 태종로 702,True,0.028070175438596492,,,,0.3076923076923077,-0.08346972176759415,190000000.0,-0.10526315789473684,105000000.0,0.6190476190476191,1.0,True,,데이터 기반 노후단지
A60680909,국제마마뉴비치타운,영도구,동삼동,510-33,부산광역시,26200,busan,부산,BUSAN,부산광역시,BUSAN_CORE,True,False,522.0,1995-07-03,31,573.0,1.0977011494252873,3.0,8.0,16.0,3,35.0724791628311,129.069240000023,부산광역시 영도구 중리로 32,True,0.03065134099616858,176500000.0,6791627.798507462,0.014367816091954033,-0.033333333333333326,-0.015514809590973178,234000000.0,-0.17521367521367526,141000000.0,0.36879432624113484,6.0,False,-0.11194968553459117,데이터 기반 노후단지
A60680912,절영아파트(208동-214동),영도구,동삼동,510-2,부산광역시,26200,busan,부산,BUSAN,부산광역시,BUSAN_CORE,True,False,1340.0,1995-10-20,30,685.0,0.5111940298507462,8.0,18.0,35.0,1,35.0767270675141,129.067752734813,부산광역시 영도구 와치로 231,True,0.026119402985074626,,,,,,,,,,,,,데이터 기반 노후단지
A60681801,삼창,영도구,청학동,48,부산광역시,26200,busan,부산,BUSAN,부산광역시,BUSAN_CORE,True,False,175.0,1995-12-29,30,111.0,0.6342857142857142,0.0,0.0,2.0,2,35.0922675558914,129.066622624195,부산광역시 영도구 광암길 6,True,0.011428571428571429,,,,,,183000000.0,-0.03825136612021862,153000000.0,0.15032679738562083,0.0,True,,데이터 기반 노후단지
A60681802,한라비치,영도구,청학동,62-60,부산광역시,26200,busan,부산,BUSAN,부산광역시,BUSAN_CORE,True,False,299.0,1994-05-14,32,254.0,0.8494983277591973,0.0,3.0,6.0,3,35.0892915085618,129.067871065438,부산광역시 영도구 태종로 428,True,0.020066889632107024,,,,0.1352941176470588,0.0676470588235294,238500000.0,-0.19077568134171907,160500000.0,0.20249221183800614,1.0,True,,데이터 기반 노후단지
A60702002,우성베스토피아,동래구,복천동,500-1,부산광역시,26260,busan,부산,BUSAN,부산광역시,BUSAN_CORE,True,False,744.0,1989-02-08,37,736.0,0.989247311827957,0.0,4.0,16.0,3,35.205826507023,129.087317319323,부산광역시 동래구 복천로5번길 34,True,0.021505376344086023,,,,0.01538461538461533,0.030110935023771823,595000000.0,-0.4117647058823529,240000000.0,0.45833333333333326,2.0,True,,데이터 기반 노후단지
A60706303,동부현대,동래구,온천동,1680,부산광역시,26260,busan,부산,BUSAN,부산광역시,BUSAN_CORE,True,False,227.0,1995-10-28,30,183.0,0.8061674008810573,0.0,1.0,2.0,3,35.2061638285848,129.05847169714,부산광역시 동래구 쇠미로129번길 86,True,0.00881057268722467,,,,,,210000000.0,-0.1428571428571429,130000000.0,0.3846153846153846,0.0,True,,데이터 기반 노후단지
A60711001,조양,동래구,명장동,24-1,부산광역시,26260,busan,부산,BUSAN,부산광역시,BUSAN_CORE,True,False,380.0,1983-10-22,42,296.0,0.7789473684210526,1.0,4.0,14.0,3,35.2059409006853,129.101215043535,부산광역시 동래구 반송로273번길 2,True,0.03684210526315789,,,,,,500000000.0,-0.19999999999999996,398000000.0,0.005025125628140614,0.0,True,,데이터 기반 노후단지
A60711002,삼성타운,동래구,명장동,63-9,부산광역시,26260,busan,부산,BUSAN,부산광역시,BUSAN_CORE,True,False,471.0,1996-08-01,30,381.0,0.8089171974522293,0.0,4.0,10.0,2,35.2026966821831,129.099963388662,부산광역시 동래구 명장로20번길 90,True,0.021231422505307854,,,,0.032786885245901676,0.00328947368421062,410000000.0,-0.29268292682926833,258750000.0,0.12077294685990347,2.0,True,,데이터 기반 노후단지
A60712102,삼익,동래구,사직동,13-1,부산광역시,26260,busan,부산,BUSAN,부산광역시,BUSAN_CORE,True,False,300.0,1979-06-25,47,241.0,0.8033333333333333,2.0,5.0,11.0,3,35.2007754924069,129.059105181141,부산광역시 동래구 사직북로48번길 25,True,0.03666666666666667,,,,,-0.050000000000000044,575000000.0,-0.17391304347826086,340000000.0,0.3970588235294117,0.0,True,,데이터 기반 노후단지
A60775306,동래럭키,동래구,온천동,707,부산광역시,26260,busan,부산,BUSAN,부산광역시,BUSAN_CORE,True,False,1536.0,1983-04-04,43,668.0,0.4348958333333333,1.0,9.0,27.0,2,35.2098418293523,129.074414771081,부산광역시 동래구 충렬대로107번길 54,True,0.017578125,,,,0.015348288075560879,0.0725552050473186,1235000000.0,-0.2995951417004049,660000000.0,0.31060606060606055,5.0,False,,데이터 기반 노후단지
A60775701,중앙하이츠1,동래구,낙민동,91-2,부산광역시,26260,busan,부산,BUSAN,부산광역시,BUSAN_CORE,True,False,330.0,1994-09-30,32,191.0,0.5787878787878787,0.0,1.0,15.0,2,35.1951138337049,129.09650329891,부산광역시 동래구 안남로31번길 10,True,0.045454545454545456,,,,,0.01846153846153853,410000000.0,-0.1658536585365854,237000000.0,0.4430379746835442,0.0,True,,데이터 기반 노후단지
A60776006,한양,동래구,낙민동,172,부산광역시,26260,busan,부산,BUSAN,부산광역시,BUSAN_CORE,True,False,552.0,1980-04-30,46,181.0,0.3278985507246377,1.0,3.0,9.0,3,35.1984482125389,129.091672765039,부산광역시 동래구 충렬대로 314,True,0.016304347826086956,420000000.0,16716921.963574959,,-0.0561797752808989,,720000000.0,-0.41666666666666663,340000000.0,0.23529411764705888,1.0,True,0.0,데이터 기반 노후단지
A60776301,동래복천현대,동래구,복천동,446-1,부산광역시,26260,busan,부산,BUSAN,부산광역시,BUSAN_CORE,True,False,370.0,1996-03-29,30,277.0,0.7486486486486487,0.0,0.0,7.0,2,35.207317387581,129.086135102383,부산광역시 동래구 복천로5번길 31,True,0.01891891891891892,,,,,0.07801652892561983,447000000.0,-0.31767337807606266,260000000.0,0.17307692307692313,0.0,True,,데이터 기반 노후단지
A60777805,삼익,동래구,온천동,397-6,부산광역시,26260,busan,부산,BUSAN,부산광역시,BUSAN_CORE,True,False,432.0,1978-12-11,47,255.0,0.5902777777777778,2.0,3.0,12.0,3,35.2131533810125,129.074840755826,부산광역시 동래구 금강로 28,True,0.027777777777777776,450000000.0,17976031.95739015,,-0.01098901098901095,,850000000.0,-0.47058823529411764,367000000.0,0.22615803814713886,1.0,True,0.24653739612188375,데이터 기반 노후단지
A60780104,중앙하이츠2,동래구,낙민동,90-6,부산광역시,26260,busan,부산,BUSAN,부산광역시,BUSAN_CORE,True,False,511.0,1996-06-17,30,320.0,0.6262230919765166,3.0,7.0,26.0,2,35.1942207793998,129.095775567402,부산광역시 동래구 안남로 36,True,0.050880626223091974,,,,0.05087014725568939,0.08571428571428563,470000000.0,-0.19148936170212771,281000000.0,0.35231316725978656,2.0,True,,데이터 기반 노후단지
A60780701,영산무지개타운,동래구,명장동,25-1,부산광역시,26260,busan,부산,BUSAN,부산광역시,BUSAN_CORE,True,False,186.0,1993-06-26,33,130.0,0.6989247311827957,0.0,0.0,8.0,2,35.204982211851,129.098579243599,부산광역시 동래구 충렬사로67번길 13,True,0.043010752688172046,,,,,-0.06888888888888889,295000000.0,-0.28983050847457625,180000000.0,0.16388888888888897,0.0,True,,데이터 기반 노후단지
A60780703,국제파크,동래구,명장동,26-24,부산광역시,26260,busan,부산,BUSAN,부산광역시,BUSAN_CORE,True,False,255.0,1996-05-23,30,206.0,0.807843137254902,2.0,2.0,4.0,4,35.205797845905,129.100225846451,부산광역시 동래구 충렬사로 81,True,0.01568627450980392,265000000.0,10312500.0,,-0.1166666666666667,0.04823747680890533,342000000.0,-0.22514619883040932,240000000.0,0.10416666666666674,1.0,True,0.07070707070707072,데이터 기반 노후단지
A60781204,명장경동,동래구,명장동,22-1,부산광역시,26260,busan,부산,BUSAN,부산광역시,BUSAN_CORE,True,False,335.0,1992-05-25,34,337.0,1.0059701492537314,1.0,2.0,3.0,1,35.2070824492915,129.101808154632,부산광역시 동래구 명서로 182,True,0.008955223880597015,230000000.0,8939929.328621907,-0.04166666666666663,-0.265625,-0.14590747330960852,405000000.0,-0.4320987654320988,230000000.0,0.0,2.0,True,-0.07070707070707072,데이터 기반 노후단지
A60781502,유원,동래구,사직동,632-94,부산광역시,26260,busan,부산,BUSAN,부산광역시,BUSAN_CORE,True,False,236.0,1992-12-02,33,205.0,0.8686440677966102,2.0,2.0,4.0,3,35.2041753489932,129.055055798796,부산광역시 동래구 쇠미로119번길 85,True,0.01694915254237288,102000000.0,3970744.3671110068,,-0.15000000000000002,-0.11275415896487984,174000000.0,-0.31034482758620685,84000000.0,0.4285714285714286,2.0,True,0.0,데이터 기반 노후단지
A60782204,새동래1(가~라동),동래구,수안동,6-1,부산광역시,26260,busan,부산,BUSAN,부산광역시,BUSAN_CORE,True,False,424.0,1979-11-24,46,223.0,0.5259433962264151,2.0,3.0,7.0,4,35.1999785601655,129.082835125892,부산광역시 동래구 명륜로75번길 31,True,0.01650943396226415,,,,,,440000000.0,-0.19318181818181823,355000000.0,0.0,0.0,True,,데이터 기반 노후단지
A60782205,한진,동래구,수안동,666-1,부산광역시,26260,busan,부산,BUSAN,부산광역시,BUSAN_CORE,True,False,499.0,1996-09-20,30,342.0,0.685370741482966,3.0,7.0,23.0,2,35.2018228547911,129.080330624903,부산광역시 동래구 충렬대로200번길 25,True,0.04609218436873747,440000000.0,17144881.331916403,0.03529411764705892,,-0.03888888888888886,520000000.0,-0.15384615384615385,375000000.0,0.17333333333333334,2.0,True,-0.05477980665950588,데이터 기반 노후단지
A60782402,금양해바라기1,동래구,수안동,665-3,부산광역시,26260,busan,부산,BUSAN,부산광역시,BUSAN_CORE,True,False,216.0,1979-06-22,47,185.0,0.8564814814814815,1.0,3.0,15.0,4,35.2007741697571,129.081222575291,부산광역시 동래구 충렬대로202번길 14,True,0.06944444444444445,,,,,0.01819848975188787,635000000.0,-0.2420944881889764,427000000.0,0.12709601873536291,0.0,True,,데이터 기반 노후단지
A60782403,금양해바라기2,동래구,수안동,665-1,부산광역시,26260,busan,부산,BUSAN,부산광역시,BUSAN_CORE,True,False,228.0,1981-01-20,45,197.0,0.8640350877192983,2.0,5.0,25.0,4,35.2007741697571,129.081222575291,부산광역시 동래구 충렬대로202번길 14,True,0.10964912280701754,491000000.0,19071327.68361582,,,0.030971128608923815,510000000.0,-0.03725490196078429,442500000.0,0.1096045197740112,1.0,True,0.05477980665950599,데이터 기반 노후단지
A60782701,화목,동래구,안락동,962,부산광역시,26260,busan,부산,BUSAN,부산광역시,BUSAN_CORE,True,False,793.0,1990-08-31,36,669.0,0.8436317780580076,0.0,5.0,12.0,2,35.2028961368731,129.096894952043,부산광역시 동래구 충렬사로 39,True,0.015132408575031526,,,,0.05747126436781613,-0.11764705882352944,425000000.0,-0.43529411764705883,205000000.0,0.1707317073170731,4.0,False,,데이터 기반 노후단지
A60783703,온천화신아파트,동래구,온천동,1129-2,부산광역시,26260,busan,부산,BUSAN,부산광역시,BUSAN_CORE,True,False,210.0,1991-03-14,35,197.0,0.9380952380952381,0.0,0.0,0.0,2,35.2111275824039,129.064132592803,부산광역시 동래구 쇠미로235번길 9,True,0.0,,,,,,292500000.0,-0.14529914529914534,150000000.0,0.6666666666666667,0.0,True,,데이터 기반 노후단지
A60784001,대륙코리아나,동래구,온천동,1650,부산광역시,26260,busan,부산,BUSAN,부산광역시,BUSAN_CORE,True,False,183.0,1995-11-11,30,136.0,0.7431693989071039,1.0,2.0,6.0,2,35.2051069642959,129.058354435146,부산광역시 동래구 쇠미로129번길 67,True,0.03278688524590164,,,,0.2606060606060605,,240000000.0,-0.1333333333333333,165000000.0,0.2606060606060605,1.0,True,,데이터 기반 노후단지
A60784004,새온천화신동영,동래구,온천동,1600,부산광역시,26260,busan,부산,BUSAN,부산광역시,BUSAN_CORE,True,False,464.0,1995-08-31,31,345.0,0.7435344827586207,0.0,2.0,12.0,4,35.2049198335584,129.060126503007,부산광역시 동래구 쇠미로129번길 62-12,True,0.02586206896551724,,,,,0.040925266903914626,220000000.0,-0.20454545454545459,150000000.0,0.16666666666666674,0.0,True,,데이터 기반 노후단지
A60784302,동영,동래구,온천동,1459-5,부산광역시,26260,busan,부산,BUSAN,부산광역시,BUSAN_CORE,True,False,215.0,1992-04-13,34,192.0,0.8930232558139535,3.0,4.0,7.0,5,35.2029718249172,129.075180782235,부산광역시 동래구 충렬대로140번길 56,True,0.03255813953488372,344500000.0,13381385.72551698,,-0.029577464788732355,-0.04312668463611857,410000000.0,-0.07317073170731703,280000000.0,0.3571428571428572,2.0,True,-0.04570637119113574,데이터 기반 노후단지
A60804303,벽산기린,남구,문현동,351-12,부산광역시,26290,busan,부산,BUSAN,부산광역시,BUSAN_CORE,True,False,300.0,1990-11-19,35,250.0,0.8333333333333334,1.0,4.0,5.0,1,35.1348944789754,129.071759407674,부산광역시 남구 지게골로 52-15,True,0.016666666666666666,253000000.0,9859470.949456777,-0.02692307692307694,0.06875000000000009,-0.02692307692307694,328000000.0,-0.22865853658536583,195000000.0,0.2974358974358975,4.0,False,0.026369168356997985,데이터 기반 노후단지
A60806104,동일,남구,우암동,67,부산광역시,26290,busan,부산,BUSAN,부산광역시,BUSAN_CORE,True,False,312.0,1988-07-28,38,195.0,0.625,0.0,0.0,0.0,4,35.125613410547,129.07866638816,부산광역시 남구 유엔로 1-1,True,0.0,,,,,,295000000.0,-0.05084745762711862,200000000.0,0.3999999999999999,0.0,True,,데이터 기반 노후단지
A60809201,벽산화이트타워,남구,용호동,776-3,부산광역시,26290,busan,부산,BUSAN,부산광역시,BUSAN_CORE,True,False,343.0,1994-12-15,31,222.0,0.6472303206997084,0.0,2.0,6.0,2,35.1106451130922,129.116180925431,부산광역시 남구 용호로269번길 90,True,0.01749271137026239,,,,,-0.09517045454545459,246000000.0,-0.3150406504065041,150000000.0,0.1233333333333333,0.0,True,,데이터 기반 노후단지
A60875305,감만현대1차,남구,감만동,225-2,부산광역시,26290,busan,부산,BUSAN,부산광역시,BUSAN_CORE,True,False,885.0,1996-05-01,30,561.0,0.6338983050847458,2.0,4.0,15.0,3,35.1116284133821,129.08278722916,부산광역시 남구 우암로2번길 5,True,0.01694915254237288,,,,,0.26865671641791056,265000000.0,-0.037735849056603765,201000000.0,0.26865671641791056,0.0,True,,데이터 기반 노후단지
A60875603,장백장미타워1,남구,대연동,255-1,부산광역시,26290,busan,부산,BUSAN,부산광역시,BUSAN_CORE,True,False,287.0,1996-02-12,30,235.0,0.818815331010453,1.0,4.0,6.0,4,35.1490070056331,129.091256816267,부산광역시 남구 황령대로319번길 120,True,0.020905923344947737,250000000.0,9927797.833935019,0.16279069767441867,0.09523809523809534,0.22222222222222232,287500000.0,-0.13043478260869568,150000000.0,0.6666666666666667,3.0,False,0.0,데이터 기반 노후단지
A60876202,한양,남구,문현동,41,부산광역시,26290,busan,부산,BUSAN,부산광역시,BUSAN_CORE,True,False,225.0,1978-11-20,47,180.0,0.8,0.0,1.0,2.0,3,35.1443773951391,129.073134867679,부산광역시 남구 고동골로78번길 23,True,0.008888888888888889,,,,,,340000000.0,-0.11176470588235299,220000000.0,0.3727272727272728,1.0,True,,데이터 기반 노후단지
A60876301,일신프리빌리지,남구,용호동,179-4,부산광역시,26290,busan,부산,BUSAN,부산광역시,BUSAN_CORE,True,False,518.0,1996-02-26,30,381.0,0.7355212355212355,2.0,10.0,20.0,3,35.1264844347542,129.107746359289,부산광역시 남구 용호로 34,True,0.03861003861003861,300000000.0,11648429.226967879,-0.012345679012345734,-0.032258064516129004,0.13888888888888884,423500000.0,-0.29161747343565525,250000000.0,0.19999999999999996,6.0,False,0.0,데이터 기반 노후단지
A60876602,도시타워,남구,용호동,538-40,부산광역시,26290,busan,부산,BUSAN,부산광역시,BUSAN_CORE,True,False,232.0,1993-03-22,33,170.0,0.7327586206896551,2.0,4.0,7.0,3,35.1113983178011,129.108404970996,부산광역시 남구 용호로232번길 31,True,0.03017241379310345,,,,,,170000000.0,0.0,170000000.0,0.0,0.0,True,,데이터 기반 노후단지
A60876904,경동,남구,용호동,519-5,부산광역시,26290,busan,부산,BUSAN,부산광역시,BUSAN_CORE,True,False,499.0,1992-12-05,33,490.0,0.9819639278557114,1.0,5.0,15.0,4,35.1168252310244,129.116604883383,부산광역시 남구 동명로 202,True,0.03006012024048096,,,,,0.013157894736842035,220000000.0,-0.2090909090909091,162000000.0,0.07407407407407418,0.0,True,,데이터 기반 노후단지
A60877106,뉴서울,남구,우암동,53-1,부산광역시,26290,busan,부산,BUSAN,부산광역시,BUSAN_CORE,True,False,429.0,1996-04-01,30,273.0,0.6363636363636364,2.0,6.0,9.0,2,35.1248893944206,129.079413370863,부산광역시 남구 유엔로 10,True,0.02097902097902098,240000000.0,9379441.023211747,-0.0606653620352251,-0.06509433962264155,-0.04485981308411213,321000000.0,-0.25233644859813087,202000000.0,0.18811881188118806,3.0,False,0.0,데이터 기반 노후단지
A60877302,자유1,남구,우암동,25,부산광역시,26290,busan,부산,BUSAN,부산광역시,BUSAN_CORE,True,False,299.0,1991-12-10,34,233.0,0.7792642140468228,1.0,4.0,8.0,2,35.1260434945939,129.081586989914,부산광역시 남구 우암로154번길 57,True,0.026755852842809364,,,,-0.045253863134657846,0.04618937644341803,267000000.0,-0.13857677902621723,191000000.0,0.20418848167539272,3.0,False,,데이터 기반 노후단지
A60877405,자유2,남구,우암동,25-1,부산광역시,26290,busan,부산,BUSAN,부산광역시,BUSAN_CORE,True,False,335.0,1993-06-14,33,257.0,0.7671641791044777,0.0,1.0,3.0,3,35.1254911265067,129.081311656871,부산광역시 남구 유엔로 22,True,0.008955223880597015,,,,,-0.02748414376321351,310000000.0,-0.25806451612903225,180000000.0,0.2777777777777777,0.0,True,,데이터 기반 노후단지
A60877503,우암자유3,남구,우암동,49-2,부산광역시,26290,busan,부산,BUSAN,부산광역시,BUSAN_CORE,True,False,288.0,1994-03-26,32,251.0,0.8715277777777778,1.0,2.0,4.0,4,35.1236692993283,129.080537319844,부산광역시 남구 우암로 142,True,0.013888888888888888,,,,,-0.020930232558139528,315000000.0,-0.29841269841269846,200000000.0,0.10499999999999998,0.0,True,,데이터 기반 노후단지
A60879402,대우,남구,대연동,1170-2,부산광역시,26290,busan,부산,BUSAN,부산광역시,BUSAN_CORE,True,False,457.0,1996-02-27,30,323.0,0.7067833698030634,1.0,2.0,5.0,3,35.1226138653384,129.089334527126,부산광역시 남구 홍곡로 343,True,0.010940919037199124,,,,,,299000000.0,-0.0635451505016722,200000000.0,0.3999999999999999,0.0,True,,데이터 기반 노후단지
A60880001,우암자유5,남구,감만동,31-3,부산광역시,26290,busan,부산,BUSAN,부산광역시,BUSAN_CORE,True,False,247.0,1996-09-12,30,90.0,0.3643724696356275,0.0,4.0,6.0,2,35.1228450882339,129.08577892971,부산광역시 남구 양지골로 358,True,0.024291497975708502,,,,,,,,,,,,,데이터 기반 노후단지
A60880003,우암자유4,남구,감만동,46-1,부산광역시,26290,busan,부산,BUSAN,부산광역시,BUSAN_CORE,True,False,269.0,1994-10-11,31,200.0,0.7434944237918215,1.0,6.0,9.0,4,35.1222348052972,129.082149128341,부산광역시 남구 석포로 7,True,0.03345724907063197,280000000.0,10882110.469909316,,,0.018181818181818077,287000000.0,-0.024390243902439046,208000000.0,0.34615384615384626,1.0,True,0.0,데이터 기반 노후단지
A60882001,광원문현맨션,남구,문현동,18,부산광역시,26290,busan,부산,BUSAN,부산광역시,BUSAN_CORE,True,False,200.0,1991-03-12,35,120.0,0.6,0.0,0.0,1.0,3,35.1463800862981,129.074248371105,부산광역시 남구 고동골로97번길 67,True,0.005,,,,,-0.10311750599520386,263000000.0,-0.2889733840304183,167000000.0,0.11976047904191622,0.0,True,,데이터 기반 노후단지
A60882302,대도라이프타운,남구,문현동,238-233,부산광역시,26290,busan,부산,BUSAN,부산광역시,BUSAN_CORE,True,False,293.0,1992-12-15,33,124.0,0.4232081911262799,2.0,3.0,10.0,4,35.1384877901971,129.075806405356,부산광역시 남구 수영로39번가길 83,True,0.034129692832764506,240000000.0,9345132.743362831,,0.04347826086956519,-0.06000000000000005,255000000.0,-0.05882352941176472,155000000.0,0.5483870967741935,1.0,True,-0.026369168356997985,데이터 기반 노후단지
A60883002,한신문화타운,남구,용당동,564-3,부산광역시,26290,busan,부산,BUSAN,부산광역시,BUSAN_CORE,True,False,330.0,1990-10-16,35,364.0,1.103030303030303,1.0,2.0,5.0,2,35.122693172804,129.097210095627,부산광역시 남구 유엔평화로 152-2,True,0.015151515151515152,215000000.0,8350005.8844297975,0.004672897196261738,0.0943877551020409,-0.12473572938689215,266000000.0,-0.19172932330827064,183000000.0,0.17486338797814205,2.0,True,0.0,데이터 기반 노후단지
A60883501,동부타워,남구,용호동,514-1,부산광역시,26290,busan,부산,BUSAN,부산광역시,BUSAN_CORE,True,False,164.0,1992-03-18,34,130.0,0.7926829268292683,0.0,0.0,0.0,1,35.1183187661098,129.117762442195,부산광역시 남구 동명로 193,True,0.0,,,,,,245000000.0,-0.273469387755102,125000000.0,0.42399999999999993,0.0,True,,데이터 기반 노후단지
A60883502,신익타워,남구,용호동,514-26,부산광역시,26290,busan,부산,BUSAN,부산광역시,BUSAN_CORE,True,False,218.0,1993-06-25,33,147.0,0.6743119266055045,0.0,0.0,3.0,3,35.1188458605305,129.117633070731,부산광역시 남구 동명로 189,True,0.013761467889908258,,,,,-0.08499999999999996,201000000.0,-0.08955223880597019,152000000.0,0.20394736842105265,0.0,True,,데이터 기반 노후단지
A60883603,대광타워맨션,남구,용호동,467,부산광역시,26290,busan,부산,BUSAN,부산광역시,BUSAN_CORE,True,False,479.0,1995-04-13,31,371.0,0.7745302713987474,1.0,4.0,9.0,5,35.1225598270356,129.115036219657,부산광역시 남구 이기대공원로26번길 45-3,True,0.018789144050104383,,,,0.1428571428571428,0.04166666666666674,212000000.0,-0.15094339622641506,150000000.0,0.19999999999999996,1.0,True,,데이터 기반 노후단지
A60883803,협진태양,남구,용호동,536-18,부산광역시,26290,busan,부산,BUSAN,부산광역시,BUSAN_CORE,True,False,315.0,1988-11-09,37,229.0,0.726984126984127,0.0,1.0,1.0,3,35.1135209238817,129.108398804688,부산광역시 남구 용호로198번길 37,True,0.0031746031746031746,,,,,,,,,,,,,데이터 기반 노후단지
A60883804,한진훼미리타운,남구,용호동,537-13,부산광역시,26290,busan,부산,BUSAN,부산광역시,BUSAN_CORE,True,False,449.0,1996-03-19,30,169.0,0.37639198218262804,0.0,4.0,8.0,1,35.1128033844232,129.107815629463,부산광역시 남구 용호로232번길 61,True,0.017817371937639197,,,,,,,,,,,,,데이터 기반 노후단지
A60884602,동일타운,남구,용호동,522-2,부산광역시,26290,busan,부산,BUSAN,부산광역시,BUSAN_CORE,True,False,444.0,1991-10-17,34,388.0,0.8738738738738738,0.0,3.0,13.0,4,35.1148815854807,129.114645437619,부산광역시 남구 동명로170번길 93,True,0.02927927927927928,,,,,0.016949152542372836,275000000.0,-0.12727272727272732,199000000.0,0.20603015075376874,0.0,True,,데이터 기반 노후단지
A60975204,선경1,금정구,구서동,185-1,부산광역시,26410,busan,부산,BUSAN,부산광역시,BUSAN_CORE,True,False,616.0,1985-11-15,40,597.0,0.9691558441558441,1.0,3.0,10.0,3,35.2560057821536,129.088358330187,부산광역시 금정구 구서중앙로 20,True,0.016233766233766232,,,,-0.0675,-0.07976190476190481,740000000.0,-0.495945945945946,350000000.0,0.06571428571428561,1.0,True,,데이터 기반 노후단지
A60975303,경남한신,금정구,부곡동,225-6,부산광역시,26410,busan,부산,BUSAN,부산광역시,BUSAN_CORE,True,False,1408.0,1995-03-30,31,1341.0,0.9524147727272727,7.0,30.0,57.0,4,35.236865898024,129.089689808643,부산광역시 금정구 중앙대로1685번길 24,True,0.040482954545454544,357000000.0,13868157.739846969,0.020000000000000018,-0.07339449541284404,-0.052023121387283267,535000000.0,-0.33271028037383177,330000000.0,0.08181818181818179,13.0,False,0.3484419263456091,데이터 기반 노후단지
A60975404,뉴그린1,금정구,부곡동,962,부산광역시,26410,busan,부산,BUSAN,부산광역시,BUSAN_CORE,True,False,990.0,1990-07-09,36,579.0,0.5848484848484848,3.0,10.0,16.0,2,35.2192288383225,129.095613916107,부산광역시 금정구 동현로 103,True,0.01616161616161616,,,,,,,,,,,,,데이터 기반 노후단지
A60975902,부영벽산,금정구,구서동,166-1,부산광역시,26410,busan,부산,BUSAN,부산광역시,BUSAN_CORE,True,False,220.0,1993-05-08,33,213.0,0.9681818181818181,1.0,4.0,8.0,3,35.257009295527,129.089208936431,부산광역시 금정구 중앙대로1929번길 48,True,0.03636363636363636,,,,0.08220502901353965,0.19042553191489353,393750000.0,-0.2895238095238095,205000000.0,0.3646341463414635,2.0,True,,데이터 기반 노후단지
A60976105,선경3,금정구,구서동,1006-2,부산광역시,26410,busan,부산,BUSAN,부산광역시,BUSAN_CORE,True,False,795.0,1989-07-01,37,776.0,0.9761006289308176,1.0,3.0,9.0,2,35.2623826042217,129.084693110615,부산광역시 금정구 금샘로 446,True,0.011320754716981131,290000000.0,11264124.293785311,0.07407407407407418,0.0,-0.08121410992616895,500000000.0,-0.42000000000000004,228000000.0,0.27192982456140347,2.0,True,0.13725490196078427,데이터 기반 노후단지
A60976201,일신,금정구,구서동,1025,부산광역시,26410,busan,부산,BUSAN,부산광역시,BUSAN_CORE,True,False,206.0,1990-06-08,36,140.0,0.6796116504854369,1.0,1.0,2.0,2,35.2575092544354,129.085678875477,부산광역시 금정구 두실로45번길 102,True,0.009708737864077669,,,,,-0.05128205128205132,278000000.0,-0.33453237410071945,165000000.0,0.1212121212121211,0.0,True,,데이터 기반 노후단지
A60976404,럭키남산,금정구,남산동,115-30,부산광역시,26410,busan,부산,BUSAN,부산광역시,BUSAN_CORE,True,False,410.0,1991-08-02,35,348.0,0.848780487804878,0.0,2.0,6.0,2,35.2645426115052,129.086038264481,부산광역시 금정구 남산로37번길 52,True,0.014634146341463415,,,,-0.15555555555555556,0.07317073170731714,325000000.0,-0.41538461538461535,190000000.0,0.0,1.0,True,,데이터 기반 노후단지
A60976502,부곡늘푸른아파트,금정구,부곡동,958,부산광역시,26410,busan,부산,BUSAN,부산광역시,BUSAN_CORE,True,False,885.0,1991-06-03,35,339.0,0.38305084745762713,2.0,7.0,22.0,2,35.2229201910639,129.098204553398,부산광역시 금정구 동현로 77,True,0.024858757062146894,,,,,,,,,,,,,데이터 기반 노후단지
A60980002,태평양,금정구,구서동,75,부산광역시,26410,busan,부산,BUSAN,부산광역시,BUSAN_CORE,True,False,200.0,1994-07-13,32,199.0,0.995,0.0,1.0,1.0,2,35.2487307026893,129.098026943995,부산광역시 금정구 체육공원로 56,True,0.005,,,,,,186500000.0,-0.034852546916890104,155000000.0,0.16129032258064524,0.0,True,,데이터 기반 노후단지
A60980506,구서우성,금정구,구서동,1027-1,부산광역시,26410,busan,부산,BUSAN,부산광역시,BUSAN_CORE,True,False,1118.0,1994-12-30,31,546.0,0.4883720930232558,5.0,8.0,20.0,2,35.2563661777052,129.085029295376,부산광역시 금정구 금강로541번길 40,True,0.017889087656529516,220000000.0,8544192.06778863,0.011494252873563315,0.00917431192660545,-0.062365591397849474,370000000.0,-0.3783783783783784,195000000.0,0.17948717948717952,6.0,False,-0.13725490196078427,데이터 기반 노후단지
A60981101,삼성,금정구,남산동,35-8,부산광역시,26410,busan,부산,BUSAN,부산광역시,BUSAN_CORE,True,False,180.0,1992-12-12,33,87.0,0.48333333333333334,3.0,7.0,12.0,1,35.2610050646642,129.093346566951,부산광역시 금정구 금단로 136,True,0.06666666666666667,,,,,,,,,,,,,데이터 기반 노후단지
A60981302,현대그레이스,금정구,남산동,374-68,부산광역시,26410,busan,부산,BUSAN,부산광역시,BUSAN_CORE,True,False,207.0,1994-06-14,32,104.0,0.5024154589371981,0.0,2.0,4.0,3,35.2691704424584,129.094218599076,부산광역시 금정구 벅구산로 25-5,True,0.01932367149758454,,,,0.05610561056105601,0.032258064516129004,182000000.0,-0.1208791208791209,138000000.0,0.1594202898550725,1.0,True,,데이터 기반 노후단지
A60981801,부곡맨션,금정구,부곡동,297-3,부산광역시,26410,busan,부산,BUSAN,부산광역시,BUSAN_CORE,True,False,156.0,1985-10-08,40,90.0,0.5769230769230769,0.0,2.0,3.0,4,35.2205128362936,129.091475652653,부산광역시 금정구 서동로 16-3,True,0.019230769230769232,,,,,,327000000.0,-0.09174311926605505,200000000.0,0.4850000000000001,0.0,True,,데이터 기반 노후단지
A60982103,우신뉴타운,금정구,부곡동,235-5,부산광역시,26410,busan,부산,BUSAN,부산광역시,BUSAN_CORE,True,False,552.0,1995-04-03,31,500.0,0.9057971014492754,0.0,2.0,9.0,3,35.2340611704664,129.090096714769,부산광역시 금정구 중앙대로1667번길 8,True,0.016304347826086956,,,,,0.021428571428571352,470000000.0,-0.23404255319148937,300000000.0,0.19999999999999996,0.0,True,,데이터 기반 노후단지
A60982202,현대,금정구,부곡동,364-15,부산광역시,26410,busan,부산,BUSAN,부산광역시,BUSAN_CORE,True,False,192.0,1989-08-25,37,150.0,0.78125,2.0,2.0,4.0,2,35.2297993260917,129.095929083325,부산광역시 금정구 동부곡로27번길 85,True,0.020833333333333332,172500000.0,6709293.417408215,,-0.052197802197802234,-0.15121951219512197,211000000.0,-0.18246445497630337,165000000.0,0.045454545454545414,2.0,True,-0.3484419263456091,데이터 기반 노후단지
A60982402,경보온천타워,금정구,부곡동,391-2,부산광역시,26410,busan,부산,BUSAN,부산광역시,BUSAN_CORE,True,False,192.0,1994-05-16,32,122.0,0.6354166666666666,0.0,0.0,5.0,2,35.2215471892072,129.088213557942,부산광역시 금정구 오시게로54번길 14,True,0.026041666666666668,,,,,-0.025657894736842102,448000000.0,-0.1741071428571429,295000000.0,0.2542372881355932,0.0,True,,데이터 기반 노후단지
A60982403,신동아,금정구,부곡동,386-1,부산광역시,26410,busan,부산,BUSAN,부산광역시,BUSAN_CORE,True,False,204.0,1995-11-30,30,156.0,0.7647058823529411,0.0,1.0,4.0,2,35.2220045298418,129.090619048807,부산광역시 금정구 부곡로18번안길 95,True,0.0196078431372549,,,,,,448000000.0,-0.21875,240000000.0,0.45833333333333326,1.0,True,,데이터 기반 노후단지
A60983104,서동현대,금정구,서동,255,부산광역시,26410,busan,부산,BUSAN,부산광역시,BUSAN_CORE,True,False,386.0,1989-03-14,37,306.0,0.7927461139896373,1.0,3.0,5.0,2,35.2114537182686,129.108238613901,부산광역시 금정구 옥봉로13번길 6,True,0.012953367875647668,,,,,,,,,,,,,데이터 기반 노후단지
A60984701,경보,금정구,구서동,267,부산광역시,26410,busan,부산,BUSAN,부산광역시,BUSAN_CORE,True,False,199.0,1996-07-31,30,157.0,0.7889447236180904,1.0,2.0,4.0,3,35.2525693689014,129.092847030233,부산광역시 금정구 금단로 33,True,0.020100502512562814,,,,-0.19475655430711614,0.12093023255813962,285000000.0,-0.24561403508771928,180000000.0,0.19444444444444442,1.0,True,,데이터 기반 노후단지
A61108001,연산센트럴파크,연제구,연산동,958-6,부산광역시,26470,busan,부산,BUSAN,부산광역시,BUSAN_CORE,True,False,293.0,1992-11-03,33,220.0,0.7508532423208191,1.0,1.0,3.0,2,35.1838771430912,129.093752101619,부산광역시 연제구 고분로98번길 16,True,0.010238907849829351,,,,,,228000000.0,-0.2850877192982456,130000000.0,0.25384615384615383,0.0,True,,데이터 기반 노후단지
A61175110,주공,연제구,연산동,2220,부산광역시,26470,busan,부산,BUSAN,부산광역시,BUSAN_CORE,True,False,2038.0,1986-11-28,39,980.0,0.48086359175662413,1.0,9.0,27.0,5,35.1785179574933,129.111055676864,부산광역시 연제구 토현로 10,True,0.01324828263002944,,,,0.0,-0.08910891089108908,818000000.0,-0.4498777506112469,330000000.0,0.36363636363636354,4.0,False,,데이터 기반 노후단지
A61175209,한양(5차),연제구,연산동,387-1,부산광역시,26470,busan,부산,BUSAN,부산광역시,BUSAN_CORE,True,False,1452.0,1981-11-06,44,1283.0,0.8836088154269972,4.0,10.0,35.0,6,35.1907586181256,129.100628084087,부산광역시 연제구 온천천남로 110,True,0.024104683195592287,382500000.0,15090157.70006498,-0.02423469387755106,-0.020000000000000018,-0.038461538461538436,640000000.0,-0.3671875,360000000.0,0.125,3.0,False,0.3228428151478471,데이터 기반 노후단지
A61175307,한양,연제구,거제동,129-1,부산광역시,26470,busan,부산,BUSAN,부산광역시,BUSAN_CORE,True,False,336.0,1985-07-26,41,134.0,0.39880952380952384,0.0,3.0,6.0,3,35.1972884484811,129.0809484195,부산광역시 연제구 중앙대로1226번길 4,True,0.017857142857142856,,,,-0.03065134099616862,-0.001941747572815511,803000000.0,-0.36986301369863017,430000000.0,0.17674418604651154,2.0,True,,데이터 기반 노후단지
A61175403,대우그린,연제구,거제동,1288-3,부산광역시,26470,busan,부산,BUSAN,부산광역시,BUSAN_CORE,True,False,336.0,1993-02-27,33,189.0,0.5625,0.0,3.0,8.0,2,35.1878038008399,129.061396772362,부산광역시 연제구 월드컵대로 343,True,0.023809523809523808,,,,0.05909090909090908,0.05238095238095242,390000000.0,-0.4025641025641026,170000000.0,0.37058823529411766,1.0,True,,데이터 기반 노후단지
A61175505,대우,연제구,거제동,917-1,부산광역시,26470,busan,부산,BUSAN,부산광역시,BUSAN_CORE,True,False,412.0,1993-09-17,33,226.0,0.5485436893203883,2.0,8.0,16.0,2,35.1886447433903,129.070011382832,부산광역시 연제구 아시아드대로28번길 9,True,0.038834951456310676,390000000.0,15151871.909583235,0.040000000000000036,0.1572700296735905,0.08615384615384625,470000000.0,-0.17021276595744683,249000000.0,0.5662650602409638,6.0,False,-0.03703703703703709,데이터 기반 노후단지
A61175702,경남,연제구,거제동,38-45,부산광역시,26470,busan,부산,BUSAN,부산광역시,BUSAN_CORE,True,False,384.0,1984-09-18,42,319.0,0.8307291666666666,0.0,3.0,9.0,4,35.1867936578779,129.074371753941,부산광역시 연제구 거제대로214번길 6,True,0.0234375,,,,0.04444444444444451,0.07602339181286544,730000000.0,-0.3561643835616438,330000000.0,0.4242424242424243,1.0,True,,데이터 기반 노후단지
A61175804,현대,연제구,거제동,840,부산광역시,26470,busan,부산,BUSAN,부산광역시,BUSAN_CORE,True,False,618.0,1986-05-28,40,450.0,0.7281553398058253,3.0,6.0,17.0,2,35.1844844030634,129.072701135557,부산광역시 연제구 거제대로 198,True,0.02750809061488673,420000000.0,16313559.322033899,,-0.08943089430894313,0.0361581920903955,675000000.0,-0.37777777777777777,368000000.0,0.14130434782608692,1.0,True,0.03703703703703698,데이터 기반 노후단지
A61176004,한성기린,연제구,연산동,584-1,부산광역시,26470,busan,부산,BUSAN,부산광역시,BUSAN_CORE,True,False,450.0,1993-11-05,32,332.0,0.7377777777777778,2.0,8.0,16.0,4,35.1905686234806,129.08436440404,부산광역시 연제구 세병로 16,True,0.035555555555555556,340000000.0,13224893.917963224,0.024096385542168752,0.041860465116279055,-0.00303030303030305,378000000.0,-0.10052910052910058,269000000.0,0.2639405204460967,2.0,True,0.17586028013141974,데이터 기반 노후단지
A61176101,동덕현대,연제구,연산동,1829-1,부산광역시,26470,busan,부산,BUSAN,부산광역시,BUSAN_CORE,True,False,478.0,1994-03-03,32,234.0,0.4895397489539749,0.0,3.0,6.0,3,35.171628997698,129.092403877286,부산광역시 연제구 연미로 14,True,0.012552301255230125,,,,0.0475000000000001,-0.16666666666666663,297000000.0,-0.2289562289562289,190000000.0,0.20526315789473681,2.0,True,,데이터 기반 노후단지
A61176308,선경,연제구,연산동,2235-4,부산광역시,26470,busan,부산,BUSAN,부산광역시,BUSAN_CORE,True,False,576.0,1995-06-05,31,832.0,1.4444444444444444,0.0,4.0,9.0,3,35.1774031788907,129.109088890896,부산광역시 연제구 과정로 74,True,0.015625,,,,0.17647058823529416,0.10917030567685582,495000000.0,-0.15555555555555556,297500000.0,0.4050420168067226,3.0,False,,데이터 기반 노후단지
A61180301,동래화신타운,연제구,거제동,1461-1,부산광역시,26470,busan,부산,BUSAN,부산광역시,BUSAN_CORE,True,False,168.0,1995-10-31,30,156.0,0.9285714285714286,0.0,1.0,7.0,3,35.1928825189694,129.08965373572,부산광역시 연제구 온천천공원길 74,True,0.041666666666666664,,,,,0.16666666666666674,402000000.0,-0.21641791044776115,225000000.0,0.3999999999999999,0.0,True,,데이터 기반 노후단지
A61180304,태경썬싸인,연제구,거제동,163-1,부산광역시,26470,busan,부산,BUSAN,부산광역시,BUSAN_CORE,True,False,224.0,1995-02-23,31,201.0,0.8973214285714286,0.0,1.0,5.0,3,35.1982422339383,129.079689707121,부산광역시 연제구 중앙대로1226번길 30,True,0.022321428571428572,,,,-0.04181184668989546,,355000000.0,-0.22535211267605637,200000000.0,0.375,1.0,True,,데이터 기반 노후단지
A61180701,현대타운,연제구,거제동,1025,부산광역시,26470,busan,부산,BUSAN,부산광역시,BUSAN_CORE,True,False,273.0,1995-09-05,31,238.0,0.8717948717948718,0.0,2.0,5.0,2,35.1892276312654,129.068919008352,부산광역시 연제구 아시아드대로46번길 15,True,0.018315018315018316,,,,0.016233766233766156,-0.02050473186119872,430000000.0,-0.27209302325581397,260000000.0,0.2038461538461538,1.0,True,,데이터 기반 노후단지
A61181003,동서그린,연제구,연산동,3,부산광역시,26470,busan,부산,BUSAN,부산광역시,BUSAN_CORE,True,False,188.0,1991-12-24,34,112.0,0.5957446808510638,0.0,2.0,3.0,2,35.1825343047604,129.101866865525,부산광역시 연제구 토곡로 50-2,True,0.015957446808510637,,,,,0.1287128712871286,193000000.0,-0.11398963730569944,150000000.0,0.1399999999999999,0.0,True,,데이터 기반 노후단지
A61181004,부전타워,연제구,연산동,57-134,부산광역시,26470,busan,부산,BUSAN,부산광역시,BUSAN_CORE,True,False,214.0,1993-11-04,32,148.0,0.6915887850467289,1.0,1.0,5.0,4,35.180908915649,129.105807106374,부산광역시 연제구 토곡남로 11,True,0.02336448598130841,210000000.0,8397964.129907902,,-0.21553978333955925,0.2910810810810811,267700000.0,-0.21553978333955925,185000000.0,0.1351351351351351,1.0,True,-0.2737333563894172,데이터 기반 노후단지
A61181102,한양타워,연제구,연산동,307-10,부산광역시,26470,busan,부산,BUSAN,부산광역시,BUSAN_CORE,True,False,302.0,1992-08-04,34,206.0,0.6821192052980133,0.0,1.0,2.0,2,35.1904464765009,129.092729099912,부산광역시 연제구 과정로344번길 22,True,0.006622516556291391,,,,,0.09090909090909083,395000000.0,-0.2860759493670886,215000000.0,0.31162790697674425,1.0,True,,데이터 기반 노후단지
A61181103,경동,연제구,연산동,304-1,부산광역시,26470,busan,부산,BUSAN,부산광역시,BUSAN_CORE,True,False,318.0,1994-12-31,31,252.0,0.7924528301886793,0.0,1.0,5.0,3,35.1922748919981,129.092615622947,부산광역시 연제구 과정로344번길 50,True,0.015723270440251572,,,,,0.013461538461538414,355000000.0,-0.2577464788732394,226500000.0,0.16335540838852092,0.0,True,,데이터 기반 노후단지
A61181202,현대(481-3),연제구,연산동,481-3,부산광역시,26470,busan,부산,BUSAN,부산광역시,BUSAN_CORE,True,False,181.0,1996-08-02,30,168.0,0.9281767955801105,0.0,0.0,2.0,2,35.1837253978978,129.108456388445,부산광역시 연제구 고분로236번길 13,True,0.011049723756906077,,,,,,300000000.0,-0.033333333333333326,267000000.0,0.08614232209737827,0.0,True,,데이터 기반 노후단지
A61181205,경남,연제구,연산동,137,부산광역시,26470,busan,부산,BUSAN,부산광역시,BUSAN_CORE,True,False,297.0,1994-03-16,32,230.0,0.7744107744107744,3.0,5.0,8.0,3,35.1834095640106,129.110916809877,부산광역시 연제구 고분로 260,True,0.026936026936026935,223250000.0,8867657.67934521,,0.005630630630630629,-0.021428571428571463,290000000.0,-0.2301724137931035,202500000.0,0.10246913580246919,2.0,True,-0.22790938959017815,데이터 기반 노후단지
A61182006,삼익,연제구,연산동,578-1,부산광역시,26470,busan,부산,BUSAN,부산광역시,BUSAN_CORE,True,False,305.0,1979-07-10,47,187.0,0.6131147540983607,1.0,2.0,7.0,3,35.1913830978643,129.081257836377,부산광역시 연제구 중앙대로 1164,True,0.022950819672131147,,,,,,470000000.0,-0.36170212765957444,289000000.0,0.03806228373702414,0.0,True,,데이터 기반 노후단지
A61182007,연산센터빌,연제구,연산동,585-6,부산광역시,26470,busan,부산,BUSAN,부산광역시,BUSAN_CORE,True,False,312.0,1995-07-13,31,216.0,0.6923076923076923,1.0,7.0,14.0,2,35.189430467261,129.083223112246,부산광역시 연제구 거제천로230번길 53,True,0.04487179487179487,290000000.0,11276069.282431955,0.013986013986013957,0.11196911196911197,-0.036206896551724155,375000000.0,-0.22666666666666668,240000000.0,0.20833333333333326,4.0,False,0.0029396507003285333,데이터 기반 노후단지
A61182301,서전기아타운,연제구,연산동,1135-48,부산광역시,26470,busan,부산,BUSAN,부산광역시,BUSAN_CORE,True,False,152.0,1994-01-22,32,54.0,0.35526315789473684,1.0,3.0,5.0,3,35.1803656736881,129.088536990669,부산광역시 연제구 쌍미천로84번길 2,True,0.03289473684210526,,,,0.08666666666666667,0.1592592592592592,190000000.0,-0.14210526315789473,135000000.0,0.20740740740740748,1.0,True,,데이터 기반 노후단지
A61182303,대진그린타워,연제구,연산동,1135-3,부산광역시,26470,busan,부산,BUSAN,부산광역시,BUSAN_CORE,True,False,161.0,1993-04-02,33,82.0,0.5093167701863354,0.0,0.0,4.0,3,35.1811180220599,129.089201748949,부산광역시 연제구 쌍미천로84번길 59-10,True,0.024844720496894408,,,,,0.06349206349206349,178000000.0,-0.2471910112359551,120000000.0,0.1166666666666667,0.0,True,,데이터 기반 노후단지
A61182901,효성,연제구,연산동,1643-2,부산광역시,26470,busan,부산,BUSAN,부산광역시,BUSAN_CORE,True,False,189.0,1983-05-04,43,93.0,0.49206349206349204,1.0,2.0,7.0,2,35.1786006171557,129.079372934307,부산광역시 연제구 중앙대로1038번길 54,True,0.037037037037037035,,,,,,,,,,,,,데이터 기반 노후단지
A61202001,신동아,해운대구,우동,496-1,부산광역시,26350,busan,부산,BUSAN,부산광역시,BUSAN_CORE,True,False,194.0,1991-08-21,35,146.0,0.7525773195876289,1.0,4.0,5.0,1,35.1629702712593,129.155018850314,부산광역시 해운대구 우동1로 9-28,True,0.02577319587628866,510000000.0,19858407.079646014,0.033958438925494105,0.008000000000000007,-0.03368623676612126,730000000.0,-0.3013698630136986,350000000.0,0.4571428571428571,4.0,False,-0.23002725938351865,데이터 기반 노후단지
A61203008,신성,해운대구,좌동,1271,부산광역시,26350,busan,부산,BUSAN,부산광역시,BUSAN_CORE,True,False,330.0,1996-05-29,30,339.0,1.0272727272727273,5.0,9.0,20.0,3,35.1727440112245,129.167918813811,부산광역시 해운대구 대천로67번길 15,True,0.06060606060606061,512500000.0,19903146.844917268,,0.09042553191489366,-0.010309278350515427,607000000.0,-0.15156507413509057,300000000.0,0.7166666666666666,2.0,True,-0.11676001723395091,데이터 기반 노후단지
A61203012,영남,해운대구,좌동,1328,부산광역시,26350,busan,부산,BUSAN,부산광역시,BUSAN_CORE,True,False,512.0,1996-08-27,30,513.0,1.001953125,2.0,3.0,16.0,3,35.1680799575736,129.183087303976,부산광역시 해운대구 좌동순환로311번길 8,True,0.03125,,,,0.1562678878076702,0.030000000000000027,575000000.0,-0.12173913043478257,333000000.0,0.5165165165165164,1.0,True,,데이터 기반 노후단지
A61203015,한일,해운대구,좌동,1274,부산광역시,26350,busan,부산,BUSAN,부산광역시,BUSAN_CORE,True,False,662.0,1996-06-29,30,665.0,1.0045317220543806,2.0,8.0,26.0,3,35.1725806206666,129.171283942742,부산광역시 해운대구 대천로 56,True,0.03927492447129909,,,,0.004936917169500843,0.03619909502262453,700000000.0,-0.34571428571428575,372000000.0,0.23118279569892475,1.0,True,,데이터 기반 노후단지
A61203016,동신,해운대구,좌동,1302,부산광역시,26350,busan,부산,BUSAN,부산광역시,BUSAN_CORE,True,False,676.0,1996-05-30,30,681.0,1.007396449704142,3.0,4.0,13.0,4,35.177503729391,129.179007579303,부산광역시 해운대구 좌동순환로217번길 7,True,0.019230769230769232,,,,,0.08085106382978724,585000000.0,-0.1316239316239316,350000000.0,0.4514285714285715,0.0,True,,데이터 기반 노후단지
A61203024,대우,해운대구,좌동,1333,부산광역시,26350,busan,부산,BUSAN,부산광역시,BUSAN_CORE,True,False,852.0,1996-09-16,30,895.0,1.050469483568075,3.0,23.0,51.0,4,35.1673954673428,129.179439891781,부산광역시 해운대구 세실로 19,True,0.05985915492957746,,,,-0.0635964912280702,0.11764705882352944,685000000.0,-0.16788321167883213,398500000.0,0.4303638644918444,3.0,False,,데이터 기반 노후단지
A61203025,벽산1,해운대구,좌동,1321,부산광역시,26350,busan,부산,BUSAN,부산광역시,BUSAN_CORE,True,False,880.0,1996-08-30,30,965.0,1.0965909090909092,3.0,14.0,35.0,4,35.1705390635997,129.180432057658,부산광역시 해운대구 대천로 205,True,0.03977272727272727,,,,0.05577956989247301,0.14176245210727978,894000000.0,-0.10514541387024612,490000000.0,0.6326530612244898,3.0,False,,데이터 기반 노후단지
A61203034,대동타운,해운대구,좌동,1288,부산광역시,26350,busan,부산,BUSAN,부산광역시,BUSAN_CORE,True,False,1240.0,1996-05-30,30,1312.0,1.0580645161290323,7.0,14.0,50.0,5,35.1765713115698,129.17149491438,부산광역시 해운대구 대천로103번길 29,True,0.04032258064516129,648000000.0,25193213.94910462,0.06930693069306937,0.09661016949152534,0.14161849710982666,732000000.0,-0.11475409836065575,378000000.0,0.7142857142857142,3.0,False,0.11676001723395091,데이터 기반 노후단지
A61206102,반여현대,해운대구,반여동,1088,부산광역시,26350,busan,부산,BUSAN,부산광역시,BUSAN_CORE,True,False,296.0,1995-06-26,31,239.0,0.8074324324324325,1.0,3.0,7.0,3,35.2078897522749,129.119441207426,부산광역시 해운대구 삼어로 131,True,0.02364864864864865,210000000.0,8153900.458877514,-0.03669724770642202,0.01904761904761898,-0.12133891213389125,345000000.0,-0.3913043478260869,197000000.0,0.06598984771573613,2.0,True,-0.12225705329153602,데이터 기반 노후단지
A61206103,센텀SD,해운대구,반여동,692-6,부산광역시,26350,busan,부산,BUSAN,부산광역시,BUSAN_CORE,True,False,296.0,1993-04-06,33,171.0,0.5777027027027027,1.0,7.0,11.0,2,35.2110224792036,129.119601272797,부산광역시 해운대구 삼어로 149,True,0.037162162162162164,172500000.0,6934124.296538115,0.014705882352941124,-0.032258064516129004,-0.14320987654320982,285000000.0,-0.39473684210526316,150000000.0,0.1499999999999999,6.0,False,-0.27899686520376177,데이터 기반 노후단지
A61206202,현대3,해운대구,반여동,1291-1460,부산광역시,26350,busan,부산,BUSAN,부산광역시,BUSAN_CORE,True,False,288.0,1995-04-07,31,210.0,0.7291666666666666,0.0,1.0,3.0,3,35.1949007637827,129.133903994221,부산광역시 해운대구 재반로212번길 67,True,0.010416666666666666,,,,,-0.3058823529411765,185000000.0,-0.3621621621621621,118000000.0,0.0,1.0,True,,데이터 기반 노후단지
A61271101,센텀삼환Nauville,해운대구,우동,1100,부산광역시,26350,busan,부산,BUSAN,부산광역시,BUSAN_CORE,True,False,926.0,1996-08-22,30,955.0,1.031317494600432,3.0,10.0,49.0,3,35.1724804660659,129.138756330029,부산광역시 해운대구 해운대로 361,True,0.052915766738660906,,,,0.0807692307692307,0.12026359143327836,914500000.0,-0.24002186987424823,515000000.0,0.3495145631067962,2.0,True,,데이터 기반 노후단지
A61272011,현대그린맨션,해운대구,반여동,1411-10,부산광역시,26350,busan,부산,BUSAN,부산광역시,BUSAN_CORE,True,False,600.0,1986-05-31,40,412.0,0.6866666666666666,1.0,3.0,6.0,4,35.19852822286,129.116494686233,부산광역시 해운대구 선수촌로21번길 65,True,0.01,332000000.0,12918287.937743189,,,0.04402515723270439,635000000.0,-0.4771653543307086,305500000.0,0.08674304418985268,1.0,True,0.387669801462905,데이터 기반 노후단지
A61272801,보훈,해운대구,반여동,1594-1,부산광역시,26350,busan,부산,BUSAN,부산광역시,BUSAN_CORE,True,False,300.0,1979-08-14,47,0.0,0.0,1.0,3.0,6.0,1,35.198578080298,129.133473248753,부산광역시 해운대구 재반로242번길 41,True,0.02,,,,,,,,,,,,,데이터 기반 노후단지
A61273104,남흥,해운대구,반송동,887,부산광역시,26350,busan,부산,BUSAN,부산광역시,BUSAN_CORE,True,False,450.0,1996-06-27,30,350.0,0.7777777777777778,3.0,5.0,14.0,2,35.2278142716289,129.162360328861,부산광역시 해운대구 신반송로 163,True,0.03111111111111111,195000000.0,7581291.23468426,0.04278074866310155,-0.08830548926014314,0.11428571428571432,235000000.0,-0.17021276595744683,150000000.0,0.30000000000000004,2.0,True,0.026315789473684292,데이터 기반 노후단지
A61273903,현대일성2,해운대구,반여동,1291-1446,부산광역시,26350,busan,부산,BUSAN,부산광역시,BUSAN_CORE,True,False,298.0,1994-05-06,32,246.0,0.825503355704698,2.0,4.0,8.0,3,35.1970218886579,129.133570864271,부산광역시 해운대구 재반로226번길 72,True,0.026845637583892617,158500000.0,6154977.64179807,0.22393822393822393,-0.18181818181818177,-0.11373707533234856,210000000.0,-0.24523809523809526,124000000.0,0.278225806451613,3.0,False,-0.3375130616509927,데이터 기반 노후단지
A61274011,경남마리나,해운대구,우동,1388-1,부산광역시,26350,busan,부산,BUSAN,부산광역시,BUSAN_CORE,True,False,624.0,1996-09-30,30,632.0,1.0128205128205128,3.0,5.0,21.0,3,35.1611586505307,129.142559403507,부산광역시 해운대구 해운대해변로 99,True,0.03365384615384615,,,,,-0.005025125628140725,1700000000.0,-0.3382352941176471,750000000.0,0.5,0.0,True,,데이터 기반 노후단지
A61274114,경동,해운대구,우동,974,부산광역시,26350,busan,부산,BUSAN,부산광역시,BUSAN_CORE,True,False,892.0,1995-06-15,31,962.0,1.0784753363228698,8.0,15.0,40.0,3,35.1618278396226,129.142635887201,부산광역시 해운대구 해운대해변로 85,True,0.04484304932735426,732500000.0,28454973.51383166,-0.004755434782608647,0.061594202898550776,0.20718816067653267,930000000.0,-0.2123655913978495,513500000.0,0.4264849074975656,4.0,False,0.10589222059131886,데이터 기반 노후단지
A61274213,롯데,해운대구,우동,938,부산광역시,26350,busan,부산,BUSAN,부산광역시,BUSAN_CORE,True,False,852.0,1993-07-31,33,1153.0,1.3532863849765258,6.0,13.0,31.0,2,35.1634441587193,129.147619699842,부산광역시 해운대구 해운대로483번길 10,True,0.036384976525821594,689750000.0,26829031.11739745,0.006934306569343018,0.0620155038759691,0.11087328767123283,889500000.0,-0.2355255761663856,440000000.0,0.5454545454545454,10.0,False,0.04135038792199608,데이터 기반 노후단지
A61274707,삼호가든맨션,해운대구,우동,1104-1,부산광역시,26350,busan,부산,BUSAN,부산광역시,BUSAN_CORE,True,False,1076.0,1985-01-12,41,1100.0,1.0223048327137547,1.0,2.0,21.0,5,35.1749283317367,129.139725587321,부산광역시 해운대구 해운대로349번길 24,True,0.019516728624535316,945000000.0,36692552.06494882,,-0.015625,-0.009829280910501836,1450000000.0,-0.34827586206896555,740000000.0,0.277027027027027,1.0,True,0.42671419584818615,데이터 기반 노후단지
A61274815,센텀삼익아파트,해운대구,재송동,1023,부산광역시,26350,busan,부산,BUSAN,부산광역시,BUSAN_CORE,True,False,936.0,1981-07-30,45,436.0,0.4658119658119658,2.0,9.0,19.0,3,35.1907671525517,129.121418403334,부산광역시 해운대구 해운대로61번가길 6,True,0.0202991452991453,,,,,,,,,,,,,데이터 기반 노후단지
A61275302,현대,해운대구,좌동,1337,부산광역시,26350,busan,부산,BUSAN,부산광역시,BUSAN_CORE,True,False,957.0,1996-05-30,30,994.0,1.038662486938349,6.0,12.0,42.0,4,35.1655331454587,129.178084411953,부산광역시 해운대구 양운로37번길 11,True,0.0438871473354232,,,,0.03206412825651306,0.08681672025723475,688000000.0,-0.251453488372093,365000000.0,0.41095890410958913,2.0,True,,데이터 기반 노후단지
A61277002,대우동삼,해운대구,우동,1007-16,부산광역시,26350,busan,부산,BUSAN,부산광역시,BUSAN_CORE,True,False,299.0,1993-12-16,32,304.0,1.0167224080267558,1.0,4.0,14.0,2,35.1632466596495,129.140278462921,부산광역시 해운대구 해운대로452번길 18,True,0.046822742474916385,788000000.0,30639802.050194412,0.25928885337594876,-0.007465618860510781,0.12767857142857153,825000000.0,-0.044848484848484804,460000000.0,0.7130434782608697,4.0,False,0.18968337177605354,데이터 기반 노후단지
A61277909,시영80년,해운대구,재송동,1026-1,부산광역시,26350,busan,부산,BUSAN,부산광역시,BUSAN_CORE,True,False,470.0,1981-02-27,45,0.0,0.0,0.0,3.0,7.0,1,35.1922705324306,129.125143200975,부산광역시 해운대구 재반로165번길 82,True,0.014893617021276596,,,,,,,,,,,,,데이터 기반 노후단지
A61278912,대우마리나3,해운대구,우동,977,부산광역시,26350,busan,부산,BUSAN,부산광역시,BUSAN_CORE,True,False,750.0,1994-10-14,31,620.0,0.8266666666666667,3.0,17.0,27.0,4,35.1620496306781,129.145118731208,부산광역시 해운대구 해운대해변로 115,True,0.036,596000000.0,23156258.83017801,-0.3811007268951194,0.050615595075239384,0.03477051460361613,1280000000.0,-0.534375,596000000.0,0.0,7.0,False,-0.10018871880897473,데이터 기반 노후단지
A61279801,대우금사,해운대구,반여동,586-2,부산광역시,26350,busan,부산,BUSAN,부산광역시,BUSAN_CORE,True,False,466.0,1995-08-31,31,412.0,0.8841201716738197,3.0,8.0,11.0,3,35.2137591182302,129.117534437521,부산광역시 해운대구 삼어로 207,True,0.023605150214592276,212500000.0,8250970.70243558,-0.011627906976744207,-0.109375,-0.21818181818181814,355000000.0,-0.4014084507042254,208500000.0,0.01918465227817756,5.0,False,-0.11180773249738762,데이터 기반 노후단지
A61280103,삼정그린코아,해운대구,반송동,78,부산광역시,26350,busan,부산,BUSAN,부산광역시,BUSAN_CORE,True,False,299.0,1994-01-13,32,215.0,0.7190635451505016,1.0,1.0,3.0,3,35.2309347944682,129.160484411792,부산광역시 해운대구 신반송로 196,True,0.010033444816053512,,,,,0.08823529411764697,228000000.0,-0.21052631578947367,139000000.0,0.29496402877697836,0.0,True,,데이터 기반 노후단지
A61280805,삼한그린타운1,해운대구,반송동,888,부산광역시,26350,busan,부산,BUSAN,부산광역시,BUSAN_CORE,True,False,560.0,1995-01-24,31,481.0,0.8589285714285714,1.0,4.0,14.0,1,35.2283461910031,129.161246786733,부산광역시 해운대구 신반송로 171,True,0.025,185000000.0,7193354.542241074,-0.0026954177897574594,0.1212121212121211,-0.1333333333333333,236000000.0,-0.21610169491525422,150000000.0,0.2333333333333334,4.0,False,-0.02631578947368418,데이터 기반 노후단지
A61280906,신동아,해운대구,반여동,982-14,부산광역시,26350,busan,부산,BUSAN,부산광역시,BUSAN_CORE,True,False,355.0,1996-06-11,30,224.0,0.6309859154929578,2.0,5.0,9.0,2,35.2060697623062,129.127373925198,부산광역시 해운대구 반여로 176,True,0.02535211267605634,,,,,0.0,365000000.0,-0.4246575342465754,210000000.0,0.0,0.0,True,,데이터 기반 노후단지
A61281104,벽산한솔타운,해운대구,반여동,1063-2,부산광역시,26350,busan,부산,BUSAN,부산광역시,BUSAN_CORE,True,False,298.0,1995-11-04,30,196.0,0.6577181208053692,0.0,1.0,3.0,1,35.206334492381,129.118276483815,부산광역시 해운대구 삼어로 103,True,0.010067114093959731,,,,,,,,,,,,,데이터 기반 노후단지
A61281117,센텀대림,해운대구,반여동,1199-11,부산광역시,26350,busan,부산,BUSAN,부산광역시,BUSAN_CORE,True,False,1500.0,1996-08-19,30,1443.0,0.962,5.0,21.0,52.0,3,35.2006488722715,129.117222167006,부산광역시 해운대구 선수촌로 95,True,0.034666666666666665,350000000.0,13591433.278418452,0.054216867469879526,-0.025787965616045794,0.009629629629629655,540000000.0,-0.33333333333333337,240000000.0,0.5,6.0,False,0.46290491118077326,데이터 기반 노후단지
A61281301,에덴동산타운,해운대구,반여동,1291-1414,부산광역시,26350,busan,부산,BUSAN,부산광역시,BUSAN_CORE,True,False,204.0,1993-07-16,33,200.0,0.9803921568627451,0.0,2.0,3.0,2,35.1960380950074,129.132866139524,부산광역시 해운대구 재반로212번길 45,True,0.014705882352941176,,,,-0.02692307692307694,-0.013461538461538414,158000000.0,-0.1993670886075949,112000000.0,0.1294642857142858,2.0,True,,데이터 기반 노후단지
A61281505,삼익그린맨션,해운대구,반여동,1405-31,부산광역시,26350,busan,부산,BUSAN,부산광역시,BUSAN_CORE,True,False,315.0,1985-06-22,41,201.0,0.638095238095238,0.0,0.0,3.0,3,35.1970565973999,129.117888818723,부산광역시 해운대구 선수촌로21번길 30,True,0.009523809523809525,,,,,0.0,574000000.0,-0.38153310104529614,305000000.0,0.16393442622950816,0.0,True,,데이터 기반 노후단지
A61281507,왕자,해운대구,반여동,1477-1,부산광역시,26350,busan,부산,BUSAN,부산광역시,BUSAN_CORE,True,False,390.0,1979-03-23,47,284.0,0.7282051282051282,3.0,8.0,15.0,1,35.1943644540504,129.117825281987,부산광역시 해운대구 선수촌로 9,True,0.038461538461538464,,,,,,,,,,,,,데이터 기반 노후단지
A61281901,협성그린파크,해운대구,우동,347-2,부산광역시,26350,busan,부산,BUSAN,부산광역시,BUSAN_CORE,True,False,189.0,1992-06-26,34,170.0,0.8994708994708994,1.0,2.0,3.0,1,35.1705482305744,129.153758709651,부산광역시 해운대구 우동1로 111,True,0.015873015873015872,290000000.0,11276069.282431955,0.07407407407407418,0.07692307692307687,0.015037593984962516,370000000.0,-0.21621621621621623,170000000.0,0.7058823529411764,2.0,True,-0.5621723631788635,데이터 기반 노후단지
A61281904,신동비치,해운대구,우동,345-6,부산광역시,26350,busan,부산,BUSAN,부산광역시,BUSAN_CORE,True,False,267.0,1991-12-19,34,142.0,0.5318352059925093,0.0,1.0,2.0,2,35.1703950829486,129.156302836849,부산광역시 해운대구 우동2로 88,True,0.00749063670411985,,,,,0.07407407407407418,455000000.0,-0.3626373626373627,200500000.0,0.44638403990024944,0.0,True,,데이터 기반 노후단지
A61282002,벽산금호,해운대구,우동,397-117,부산광역시,26350,busan,부산,BUSAN,부산광역시,BUSAN_CORE,True,False,231.0,1991-11-29,34,118.0,0.5108225108225108,1.0,1.0,5.0,3,35.1674639540214,129.155669365516,부산광역시 해운대구 우동1로85번길 17,True,0.021645021645021644,,,,,,646000000.0,-0.5356037151702786,220000000.0,0.36363636363636354,0.0,True,,데이터 기반 노후단지
A61282215,대우마리나2,해운대구,우동,1388-4,부산광역시,26350,busan,부산,BUSAN,부산광역시,BUSAN_CORE,True,False,1164.0,1991-06-21,35,1066.0,0.915807560137457,2.0,6.0,29.0,3,35.1596895747603,129.145360476605,부산광역시 해운대구 해운대해변로 117,True,0.02491408934707904,1110000000.0,43490701.680856846,-0.10483870967741937,0.09708737864077666,0.14561855670103085,1410000000.0,-0.21276595744680848,700000000.0,0.5857142857142856,4.0,False,0.6758230236946947,데이터 기반 노후단지
A61282301,센텀마리나,해운대구,우동,930-20,부산광역시,26350,busan,부산,BUSAN,부산광역시,BUSAN_CORE,True,False,264.0,1993-02-08,33,207.0,0.7840909090909091,2.0,3.0,7.0,3,35.1671770621417,129.146521708162,부산광역시 해운대구 해운대로469번가길 91,True,0.026515151515151516,300000000.0,11766104.11219396,,0.12149532710280364,-0.11373707533234856,428000000.0,-0.2990654205607477,235000000.0,0.27659574468085113,1.0,True,-0.5470748584608933,데이터 기반 노후단지
A61282409,선프라자,해운대구,우동,1434,부산광역시,26350,busan,부산,BUSAN,부산광역시,BUSAN_CORE,True,False,468.0,1995-11-21,30,817.0,1.7457264957264957,0.0,2.0,10.0,4,35.1578598615014,129.147548238631,부산광역시 해운대구 마린시티3로 1,True,0.021367521367521368,,,,,,755000000.0,-0.3509933774834437,380000000.0,0.2894736842105263,0.0,True,,데이터 기반 노후단지
A61282801,신동아,해운대구,재송동,131,부산광역시,26350,busan,부산,BUSAN,부산광역시,BUSAN_CORE,True,False,253.0,1992-09-24,34,185.0,0.7312252964426877,2.0,3.0,7.0,2,35.1848411353612,129.128507720557,부산광역시 해운대구 재반로60번길 46-6,True,0.02766798418972332,,,,,0.15277777777777768,250000000.0,-0.10799999999999998,170000000.0,0.31176470588235294,0.0,True,,데이터 기반 노후단지
A61283002,에이스,해운대구,재송동,1159-1,부산광역시,26350,busan,부산,BUSAN,부산광역시,BUSAN_CORE,True,False,197.0,1992-02-01,34,184.0,0.934010152284264,1.0,2.0,3.0,3,35.1908224982421,129.131917446889,부산광역시 해운대구 재송2로 256,True,0.015228426395939087,,,,,0.03333333333333344,185000000.0,-0.16216216216216217,150000000.0,0.03333333333333344,0.0,True,,데이터 기반 노후단지
A61283204,센텀골든파크,해운대구,재송동,1157-1,부산광역시,26350,busan,부산,BUSAN,부산광역시,BUSAN_CORE,True,False,214.0,1995-10-02,31,144.0,0.6728971962616822,0.0,1.0,3.0,3,35.1894228542306,129.131778563573,부산광역시 해운대구 재송2로175번길 43,True,0.014018691588785047,,,,,,130000000.0,-0.15384615384615385,91000000.0,0.20879120879120872,0.0,True,,데이터 기반 노후단지
A61283208,금호,해운대구,재송동,1041-3,부산광역시,26350,busan,부산,BUSAN,부산광역시,BUSAN_CORE,True,False,477.0,1996-03-04,30,332.0,0.6960167714884696,2.0,3.0,14.0,3,35.191607694576,129.126869805994,부산광역시 해운대구 재반로 141,True,0.029350104821802937,220000000.0,8554259.455638034,0.0,-0.06382978723404253,,277000000.0,-0.2057761732851986,208000000.0,0.05769230769230771,2.0,True,0.4117647058823528,데이터 기반 노후단지
A61283211,재송그린,해운대구,재송동,1146-1,부산광역시,26350,busan,부산,BUSAN,부산광역시,BUSAN_CORE,True,False,560.0,1984-04-23,42,350.0,0.625,0.0,1.0,5.0,3,35.1916234956582,129.12985607532,부산광역시 해운대구 재반로118번길 71,True,0.008928571428571428,,,,,,,,,,,,,데이터 기반 노후단지
A61283403,센텀그린타워,해운대구,재송동,1187,부산광역시,26350,busan,부산,BUSAN,부산광역시,BUSAN_CORE,True,False,209.0,1993-02-24,33,134.0,0.6411483253588517,2.0,6.0,14.0,2,35.1902673067658,129.134346357829,부산광역시 해운대구 재송2로 153,True,0.06698564593301436,100000000.0,3883723.667176651,-0.038461538461538436,-0.10434782608695647,-0.17600000000000005,150500000.0,-0.33554817275747506,100000000.0,0.0,3.0,False,-0.3582887700534759,데이터 기반 노후단지
A61283407,센텀글로리아,해운대구,재송동,1160-12,부산광역시,26350,busan,부산,BUSAN,부산광역시,BUSAN_CORE,True,False,466.0,1989-04-04,37,275.0,0.5901287553648069,1.0,3.0,6.0,4,35.1906400751576,129.132640582608,부산광역시 해운대구 재송2로74번길 31,True,0.012875536480686695,,,,,,147100000.0,0.0,120000000.0,0.22583333333333333,0.0,True,,데이터 기반 노후단지
A61283410,장산동국,해운대구,재송동,1182-1,부산광역시,26350,busan,부산,BUSAN,부산광역시,BUSAN_CORE,True,False,536.0,1993-07-30,33,450.0,0.8395522388059702,3.0,6.0,14.0,2,35.1933696300285,129.133924534696,부산광역시 해운대구 재송2로 91,True,0.026119402985074626,147500000.0,5729841.0829899935,0.03146853146853146,0.13921568627450975,-0.1483870967741936,183500000.0,-0.19618528610354224,111000000.0,0.3288288288288288,3.0,False,-0.05347593582887711,데이터 기반 노후단지
A61284902,달맞이우성빌라트,해운대구,중동,1479,부산광역시,26350,busan,부산,BUSAN,부산광역시,BUSAN_CORE,True,False,181.0,1995-05-27,31,177.0,0.9779005524861878,0.0,0.0,1.0,5,35.1622379244233,129.184324509381,부산광역시 해운대구 달맞이길 239-11,True,0.0055248618784530384,,,,,,550000000.0,-0.2545454545454545,350000000.0,0.17142857142857149,0.0,True,,데이터 기반 노후단지
A61285001,협진태양,해운대구,중동,1516-5,부산광역시,26350,busan,부산,BUSAN,부산광역시,BUSAN_CORE,True,False,159.0,1995-10-02,31,139.0,0.8742138364779874,1.0,1.0,5.0,3,35.161172499916,129.173151087977,부산광역시 해운대구 달맞이길65번길 15,True,0.031446540880503145,,,,,,400000000.0,-0.025000000000000022,295000000.0,0.3220338983050848,0.0,True,,데이터 기반 노후단지
A61286701,센텀한보미도,해운대구,재송동,1123-3,부산광역시,26350,busan,부산,BUSAN,부산광역시,BUSAN_CORE,True,False,180.0,1992-09-07,34,105.0,0.5833333333333334,0.0,2.0,6.0,1,35.1869968933228,129.129847914108,부산광역시 해운대구 재반로64번길 74-1,True,0.03333333333333333,,,,-0.2321428571428571,-0.09999999999999998,170000000.0,-0.20588235294117652,80000000.0,0.6875,2.0,True,,데이터 기반 노후단지
A61286706,재송동코오롱,해운대구,재송동,1123-20,부산광역시,26350,busan,부산,BUSAN,부산광역시,BUSAN_CORE,True,False,310.0,1990-06-18,36,295.0,0.9516129032258065,0.0,2.0,4.0,2,35.1885291037972,129.13142008224,부산광역시 해운대구 재반로84번길 96-7,True,0.012903225806451613,,,,0.17045454545454541,-0.08706467661691542,310000000.0,-0.28387096774193543,145000000.0,0.5310344827586206,2.0,True,,데이터 기반 노후단지
A61287316,현대(1051-2),해운대구,재송동,1051-2,부산광역시,26350,busan,부산,BUSAN,부산광역시,BUSAN_CORE,True,False,421.0,1988-12-17,37,224.0,0.5320665083135392,1.0,7.0,18.0,1,35.190580765956,129.122756627994,부산광역시 해운대구 해운대로81번길 60,True,0.04275534441805225,,,,,,,,,,,,,데이터 기반 노후단지
A61301001,화목타운,수영구,남천동,47-1,부산광역시,26500,busan,부산,BUSAN,부산광역시,BUSAN_CORE,True,False,180.0,1984-08-23,42,125.0,0.6944444444444444,1.0,5.0,11.0,2,35.1488819977033,129.110371525762,부산광역시 수영구 수영로 481,True,0.06111111111111111,535000000.0,20957977.20797721,0.028846153846153744,-0.02327746741154557,-0.020370370370370372,850000000.0,-0.37058823529411766,300000000.0,0.7833333333333334,5.0,False,-0.3838771593090211,데이터 기반 노후단지
A61301003,삼익비치,수영구,남천동,148-4,부산광역시,26500,busan,부산,BUSAN,부산광역시,BUSAN_CORE,True,False,3060.0,1979-10-11,46,2644.0,0.8640522875816994,37.0,85.0,198.0,6,35.1437530945336,129.115366260127,부산광역시 수영구 광안해변로 100,True,0.06470588235294118,1135000000.0,44153011.90616527,-0.04421052631578948,-0.03361344537815125,0.04819819819819826,1600000000.0,-0.28125,880000000.0,0.3068181818181819,5.0,False,0.30710172744721675,데이터 기반 노후단지
A61313001,삼성,수영구,망미동,777,부산광역시,26500,busan,부산,BUSAN,부산광역시,BUSAN_CORE,True,False,672.0,1991-11-28,34,570.0,0.8482142857142857,0.0,3.0,15.0,3,35.1686144727757,129.100818604991,부산광역시 수영구 망미로30번길 23,True,0.022321428571428572,,,,-0.07063197026022305,-0.009242144177449174,453000000.0,-0.44812362030905073,229000000.0,0.09170305676855905,1.0,True,,데이터 기반 노후단지
A61375202,광원,수영구,광안동,526-1,부산광역시,26500,busan,부산,BUSAN,부산광역시,BUSAN_CORE,True,False,589.0,1995-11-28,30,513.0,0.8709677419354839,3.0,11.0,21.0,3,35.1614978181642,129.107336656838,부산광역시 수영구 광일로 63,True,0.035653650254668934,390000000.0,15142957.995058244,0.06849315068493156,0.11029411764705888,0.02961918194640334,455000000.0,-0.1428571428571429,268000000.0,0.455223880597015,7.0,False,0.10743019403691423,데이터 기반 노후단지
A61375603,비치-그린아파트,수영구,광안동,529,부산광역시,26500,busan,부산,BUSAN,부산광역시,BUSAN_CORE,True,False,1038.0,1996-02-24,30,882.0,0.8497109826589595,3.0,11.0,36.0,2,35.163078915946,129.109265797747,부산광역시 수영구 광일로 49,True,0.03468208092485549,396500000.0,15411660.777385157,0.04342105263157903,-0.04582548650345264,0.04400000000000004,525000000.0,-0.21333333333333337,302000000.0,0.3675496688741722,3.0,False,0.12588736393752953,데이터 기반 노후단지
A61375702,현대,수영구,수영동,541,부산광역시,26500,busan,부산,BUSAN,부산광역시,BUSAN_CORE,True,False,1180.0,1988-04-14,38,448.0,0.37966101694915255,3.0,5.0,21.0,5,35.1673047822004,129.122786494183,부산광역시 수영구 수영로741번길 20,True,0.017796610169491526,878000000.0,34406840.04275027,0.4756302521008404,-0.11158021712907118,0.00484848484848488,1237500000.0,-0.2905050505050505,595000000.0,0.4756302521008404,2.0,True,0.0,데이터 기반 노후단지
A61376401,협진태양,수영구,남천동,3-5,부산광역시,26500,busan,부산,BUSAN,부산광역시,BUSAN_CORE,True,False,210.0,1984-06-29,42,170.0,0.8095238095238095,0.0,1.0,4.0,2,35.1477032308366,129.114105636214,부산광역시 수영구 광안해변로 141,True,0.01904761904761905,,,,0.12941176470588234,-0.0816993464052288,1260000000.0,-0.37142857142857144,700000000.0,0.13142857142857145,1.0,True,,데이터 기반 노후단지
A61376503,로얄베스토피아,수영구,망미동,941-1,부산광역시,26500,busan,부산,BUSAN,부산광역시,BUSAN_CORE,True,False,490.0,1993-06-04,33,335.0,0.6836734693877551,0.0,1.0,6.0,4,35.1787482625696,129.102626672718,부산광역시 수영구 과정로85번길 70,True,0.012244897959183673,,,,0.07945205479452055,-0.10731707317073169,237500000.0,-0.17052631578947364,159000000.0,0.23899371069182385,1.0,True,,데이터 기반 노후단지
A61376701,망미한신,수영구,망미동,880-84,부산광역시,26500,busan,부산,BUSAN,부산광역시,BUSAN_CORE,True,False,224.0,1989-09-09,37,192.0,0.8571428571428571,0.0,2.0,3.0,2,35.1775579993849,129.099683746844,부산광역시 수영구 망미배산로70번길 45,True,0.013392857142857142,,,,,,348000000.0,-0.29597701149425293,165500000.0,0.48036253776435056,1.0,True,,데이터 기반 노후단지
A61376802,현대한누리,수영구,망미동,979-72,부산광역시,26500,busan,부산,BUSAN,부산광역시,BUSAN_CORE,True,False,458.0,1993-11-22,32,400.0,0.8733624454148472,2.0,2.0,5.0,3,35.1696756099189,129.098057062161,부산광역시 수영구 금련로43번길 32,True,0.010917030567685589,232000000.0,9033333.441892007,,0.03111111111111109,-0.1089108910891089,290500000.0,-0.16006884681583478,190000000.0,0.28421052631578947,2.0,True,0.0,데이터 기반 노후단지
A61381101,상아아트빌라(101동),수영구,광안동,1046-4,부산광역시,26500,busan,부산,BUSAN,부산광역시,BUSAN_CORE,True,False,296.0,1988-07-05,38,149.0,0.5033783783783784,1.0,2.0,8.0,5,35.1640915705852,129.107121125676,부산광역시 수영구 광서로 54,True,0.02702702702702703,270000000.0,10490992.582126455,0.08000000000000007,-0.03703703703703709,0.0,440000000.0,-0.38636363636363635,218000000.0,0.23853211009174302,2.0,True,-0.23331755797444398,데이터 기반 노후단지
A61381601,우성보라,수영구,남천동,171,부산광역시,26500,busan,부산,BUSAN,부산광역시,BUSAN_CORE,True,False,192.0,1989-04-28,37,235.0,1.2239583333333333,0.0,0.0,1.0,2,35.1408756248802,129.110727233855,부산광역시 수영구 수영로408번길 54,True,0.005208333333333333,,,,,,620000000.0,-0.15322580645161288,525000000.0,0.0,0.0,True,,데이터 기반 노후단지
A61381903,뉴비치,수영구,남천동,556-3,부산광역시,26500,busan,부산,BUSAN,부산광역시,BUSAN_CORE,True,False,990.0,1986-05-28,40,887.0,0.895959595959596,2.0,7.0,39.0,5,35.1384626993821,129.110007910423,부산광역시 수영구 광안해변로15번길 68,True,0.03939393939393939,935000000.0,36317090.39548022,,0.04352678571428581,0.08137432188065108,1100000000.0,-0.15000000000000002,695000000.0,0.3453237410071943,1.0,True,0.07677543186180413,데이터 기반 노후단지
A61404005,전포시영,부산진구,전포동,326,부산광역시,26230,busan,부산,BUSAN,부산광역시,BUSAN_CORE,True,False,400.0,1978-08-31,48,172.0,0.43,1.0,2.0,3.0,1,35.1550072430126,129.072533048348,부산광역시 부산진구 진남로 336,True,0.0075,,,,,,,,,,,,,데이터 기반 노후단지
A61410304,"삼익(10,11동)",부산진구,당감동,447-3,부산광역시,26230,busan,부산,BUSAN,부산광역시,BUSAN_CORE,True,False,1074.0,1978-12-05,47,700.0,0.6517690875232774,1.0,5.0,15.0,4,35.1619817959221,129.039811080995,부산광역시 부산진구 당감로 17,True,0.013966480446927373,,,,,,,,,,,,,데이터 기반 노후단지
A61411202,고원,부산진구,개금동,산54-4,부산광역시,26230,busan,부산,BUSAN,부산광역시,BUSAN_CORE,True,False,325.0,1986-03-05,40,93.0,0.28615384615384615,1.0,1.0,3.0,1,35.145478125385,129.023681691682,부산광역시 부산진구 엄광로62번길 61,True,0.009230769230769232,,,,,,,,,,,,,데이터 기반 노후단지
A61411303,성도,부산진구,개금동,10,부산광역시,26230,busan,부산,BUSAN,부산광역시,BUSAN_CORE,True,False,296.0,1992-02-13,34,270.0,0.9121621621621622,1.0,4.0,7.0,2,35.1603921594073,129.02334512675,부산광역시 부산진구 개금본동로22번길 31,True,0.02364864864864865,131000000.0,5115976.331360946,0.19090909090909092,-0.12727272727272732,-0.0490018148820327,167500000.0,-0.21791044776119406,100000000.0,0.31000000000000005,3.0,False,-0.1776522284996861,데이터 기반 노후단지
A61475202,태화현대1,부산진구,당감동,109-1,부산광역시,26230,busan,부산,BUSAN,부산광역시,BUSAN_CORE,True,False,668.0,1996-01-05,30,510.0,0.7634730538922155,0.0,5.0,15.0,3,35.156984699411,129.042257249023,부산광역시 부산진구 가야대로 635-20,True,0.02245508982035928,,,,,-0.020155038759689936,430000000.0,-0.2906976744186046,259000000.0,0.1776061776061777,0.0,True,,데이터 기반 노후단지
A61475512,개금주공2,부산진구,개금동,53,부산광역시,26230,busan,부산,BUSAN,부산광역시,BUSAN_CORE,True,False,2544.0,1988-06-30,38,897.0,0.35259433962264153,7.0,19.0,73.0,4,35.160050673057,129.030352293763,부산광역시 부산진구 백양관문로 7,True,0.02869496855345912,,,,,,,,,,,,,데이터 기반 노후단지
A61475903,태화현대2,부산진구,당감동,123,부산광역시,26230,busan,부산,BUSAN,부산광역시,BUSAN_CORE,True,False,820.0,1996-06-07,30,660.0,0.8048780487804879,2.0,9.0,21.0,3,35.1561948411934,129.041101811057,부산광역시 부산진구 가야대로 635-13,True,0.025609756097560974,,,,0.13980263157894735,0.004665629860031162,417500000.0,-0.19041916167664674,259000000.0,0.3050193050193051,4.0,False,,데이터 기반 노후단지
A61476403,벽산1,부산진구,가야동,668,부산광역시,26230,busan,부산,BUSAN,부산광역시,BUSAN_CORE,True,False,1772.0,1991-01-28,35,1338.0,0.755079006772009,2.0,10.0,25.0,3,35.1466134423697,129.026989438444,부산광역시 부산진구 엄광로 68,True,0.014108352144469526,,,,-0.0423728813559322,-0.010660980810234588,360000000.0,-0.37222222222222223,193000000.0,0.17098445595854916,3.0,False,,데이터 기반 노후단지
A61477009,개금우드빌,부산진구,개금동,1-7,부산광역시,26230,busan,부산,BUSAN,부산광역시,BUSAN_CORE,True,False,980.0,1994-07-09,32,535.0,0.5459183673469388,7.0,13.0,35.0,2,35.1631325735281,129.024598413974,부산광역시 부산진구 백양대로208번길 144,True,0.03571428571428571,,,,,,,,,,,,,데이터 기반 노후단지
A61477403,시영(12~17동),부산진구,개금동,629-1,부산광역시,26230,busan,부산,BUSAN,부산광역시,BUSAN_CORE,True,False,633.0,1975-01-01,51,30.0,0.04739336492890995,1.0,7.0,19.0,1,35.1466044705799,129.017038077616,부산광역시 부산진구 진사로61번길 29,True,0.030015797788309637,,,,,,,,,,,,,데이터 기반 노후단지
A61477612,반도보라맨션,부산진구,개금동,19-6,부산광역시,26230,busan,부산,BUSAN,부산광역시,BUSAN_CORE,True,False,480.0,1994-03-07,32,435.0,0.90625,3.0,3.0,7.0,2,35.159396809784,129.021662070086,부산광역시 부산진구 개금본동로 42,True,0.014583333333333334,153000000.0,5942446.889895839,,-0.012903225806451646,-0.025316455696202556,205000000.0,-0.25365853658536586,150000000.0,0.020000000000000018,1.0,True,-0.039548022598870025,데이터 기반 노후단지
A61477806,국제백양,부산진구,당감동,791,부산광역시,26230,busan,부산,BUSAN,부산광역시,BUSAN_CORE,True,False,1153.0,1995-01-21,31,837.0,0.7259323503902863,4.0,17.0,29.0,3,35.1680304177471,129.029180210707,부산광역시 부산진구 백양관문로 104,True,0.02515177797051171,158500000.0,6154796.575765599,-0.039393939393939426,0.025316455696202445,-0.030303030303030276,216500000.0,-0.2517321016166282,135000000.0,0.19999999999999996,14.0,False,0.03934426229508192,데이터 기반 노후단지
A61477902,국제프라자,부산진구,당감동,792-3,부산광역시,26230,busan,부산,BUSAN,부산광역시,BUSAN_CORE,True,False,298.0,1995-03-10,31,240.0,0.8053691275167785,1.0,3.0,6.0,3,35.1669332736502,129.027537743545,부산광역시 부산진구 백양관문로 101,True,0.020134228187919462,150000000.0,5838641.18895966,-0.0625,-0.015873015873015928,-0.0064102564102563875,193000000.0,-0.2227979274611399,145000000.0,0.034482758620689724,2.0,True,-0.016393442622950838,데이터 기반 노후단지
A61478703,한신타워,부산진구,연지동,322,부산광역시,26230,busan,부산,BUSAN,부산광역시,BUSAN_CORE,True,False,350.0,1994-01-14,32,339.0,0.9685714285714285,3.0,5.0,16.0,3,35.176247842543,129.052748020157,부산광역시 부산진구 성지로61번길 30,True,0.045714285714285714,240000000.0,9394426.753886305,0.008403361344537785,0.009544008483563182,-0.04800000000000004,300000000.0,-0.23333333333333328,200000000.0,0.1499999999999999,4.0,False,0.0,데이터 기반 노후단지
A61478807,화인,부산진구,연지동,50-6,부산광역시,26230,busan,부산,BUSAN,부산광역시,BUSAN_CORE,True,False,654.0,1996-08-14,30,431.0,0.6590214067278287,1.0,4.0,15.0,4,35.173029858395,129.059865435875,부산광역시 부산진구 동평로291번길 30,True,0.022935779816513763,,,,0.10220440881763526,0.006782945736434121,360000000.0,-0.23611111111111116,225000000.0,0.22222222222222232,1.0,True,,데이터 기반 노후단지
A61480002,유림,부산진구,가야동,50-1,부산광역시,26230,busan,부산,BUSAN,부산광역시,BUSAN_CORE,True,False,300.0,1996-02-17,30,249.0,0.83,0.0,1.0,6.0,3,35.1555220259297,129.038464264142,부산광역시 부산진구 가야대로679번길 155,True,0.02,,,,0.03703703703703698,-0.017857142857142905,340000000.0,-0.17647058823529416,263000000.0,0.06463878326996197,1.0,True,,데이터 기반 노후단지
A61480901,한진,부산진구,개금동,2-1,부산광역시,26230,busan,부산,BUSAN,부산광역시,BUSAN_CORE,True,False,180.0,1992-07-30,34,113.0,0.6277777777777778,0.0,2.0,4.0,2,35.1616305877335,129.025644385027,부산광역시 부산진구 백양대로208번길 88,True,0.022222222222222223,,,,0.03333333333333344,-0.09090909090909094,185000000.0,-0.16216216216216217,150000000.0,0.03333333333333344,1.0,True,,데이터 기반 노후단지
A61480902,삼환,부산진구,개금동,1-4,부산광역시,26230,busan,부산,BUSAN,부산광역시,BUSAN_CORE,True,False,240.0,1995-09-07,31,208.0,0.8666666666666667,1.0,3.0,6.0,1,35.1621362327193,129.023358816377,부산광역시 부산진구 백양대로208번길 133,True,0.025,160000000.0,6216884.493111974,-0.06976744186046513,-0.01538461538461533,-0.1208791208791209,230000000.0,-0.30434782608695654,154000000.0,0.03896103896103886,3.0,False,0.00439422473320783,데이터 기반 노후단지
A61480906,현대,부산진구,개금동,19-2,부산광역시,26230,busan,부산,BUSAN,부산광역시,BUSAN_CORE,True,False,450.0,1992-12-30,33,217.0,0.4822222222222222,3.0,8.0,12.0,2,35.1599312043252,129.022396030521,부산광역시 부산진구 개금본동로 34,True,0.02666666666666667,170500000.0,6623697.686738478,0.06562500000000004,0.15172413793103456,-0.09503546099290783,225000000.0,-0.2577777777777778,133000000.0,0.255639097744361,6.0,False,0.07030759573132461,데이터 기반 노후단지
A61480908,동원화인패밀리,부산진구,개금동,1-12,부산광역시,26230,busan,부산,BUSAN,부산광역시,BUSAN_CORE,True,False,894.0,1995-10-24,30,955.0,1.0682326621923937,4.0,13.0,29.0,3,35.1639281330622,129.02850740693,부산광역시 부산진구 백양관문로77번길 55,True,0.03243847874720358,182000000.0,7067545.304777594,-0.024128686327077764,-0.03448275862068961,-0.018617021276595702,256000000.0,-0.287109375,170800000.0,0.06850117096018726,9.0,False,0.1424984306340238,데이터 기반 노후단지
A61481004,우성,부산진구,개금동,57,부산광역시,26230,busan,부산,BUSAN,부산광역시,BUSAN_CORE,True,False,360.0,1989-09-01,37,325.0,0.9027777777777778,0.0,1.0,4.0,2,35.1617215116749,129.028788499808,부산광역시 부산진구 백양대로208번길 38-25,True,0.011111111111111112,,,,,,,,,,,,,데이터 기반 노후단지
A61481005,개금주공1,부산진구,개금동,53-1,부산광역시,26230,busan,부산,BUSAN,부산광역시,BUSAN_CORE,True,False,380.0,1987-01-20,39,130.0,0.34210526315789475,0.0,3.0,13.0,1,35.1594857551659,129.025642105969,부산광역시 부산진구 백양대로208번길 25,True,0.034210526315789476,,,,,,,,,,,,,데이터 기반 노후단지
A61482201,동원타워,부산진구,당감동,515-1,부산광역시,26230,busan,부산,BUSAN,부산광역시,BUSAN_CORE,True,False,240.0,1992-07-23,34,99.0,0.4125,1.0,3.0,5.0,2,35.1675575229994,129.048153270731,부산광역시 부산진구 동평로181번길 18,True,0.020833333333333332,149000000.0,5794249.351873674,-0.07453416149068326,-0.14364640883977897,-0.06666666666666665,215000000.0,-0.3069767441860465,149000000.0,0.0,2.0,True,-0.022950819672131195,데이터 기반 노후단지
A61482207,개금주공3단지,부산진구,당감동,516,부산광역시,26230,busan,부산,BUSAN,부산광역시,BUSAN_CORE,True,False,2716.0,1989-06-01,37,1091.0,0.4016936671575847,10.0,20.0,62.0,4,35.1613968466179,129.032430795113,부산광역시 부산진구 백양관문로 10,True,0.022827687776141383,,,,,,,,,,,,,데이터 기반 노후단지
A61482301,태우선파크,부산진구,당감동,659-1,부산광역시,26230,busan,부산,BUSAN,부산광역시,BUSAN_CORE,True,False,214.0,1994-02-07,32,160.0,0.7476635514018691,1.0,1.0,3.0,5,35.1672044212645,129.03214042881,부산광역시 부산진구 백양순환로35번길 43,True,0.014018691588785047,,,,,0.03337142857142861,235000000.0,-0.23046808510638295,169000000.0,0.07005917159763309,0.0,True,,데이터 기반 노후단지
A61482803,대원아파트,부산진구,범천동,851-1,부산광역시,26230,busan,부산,BUSAN,부산광역시,BUSAN_CORE,True,False,315.0,1986-11-22,39,186.0,0.5904761904761905,2.0,3.0,7.0,4,35.1463128535322,129.062030820175,부산광역시 부산진구 황령대로18번길 43,True,0.022222222222222223,,,,0.005025125628140614,-0.050000000000000044,660000000.0,-0.3939393939393939,330000000.0,0.21212121212121215,1.0,True,,데이터 기반 노후단지
A61483301,서면항도타워맨션,부산진구,범천동,1256-2,부산광역시,26230,busan,부산,BUSAN,부산광역시,BUSAN_CORE,True,False,188.0,1994-05-16,32,151.0,0.8031914893617021,0.0,0.0,1.0,3,35.148299025333,129.054245137096,부산광역시 부산진구 신암로 72,True,0.005319148936170213,,,,,,300000000.0,-0.2666666666666667,200000000.0,0.10000000000000009,0.0,True,,데이터 기반 노후단지
A61483802,럭키무지개타운,부산진구,부암동,303-6,부산광역시,26230,busan,부산,BUSAN,부산광역시,BUSAN_CORE,True,False,294.0,1989-09-02,37,179.0,0.608843537414966,0.0,0.0,2.0,4,35.1667839334845,129.049997734339,부산광역시 부산진구 신천대로 279,True,0.006802721088435374,,,,,,290000000.0,0.0,210000000.0,0.38095238095238093,0.0,True,,데이터 기반 노후단지
A61484004,협성피닉스타운,부산진구,부암동,560-14,부산광역시,26230,busan,부산,BUSAN,부산광역시,BUSAN_CORE,True,False,774.0,1993-12-10,32,704.0,0.9095607235142119,0.0,3.0,8.0,2,35.1729756707124,129.036945657457,부산광역시 부산진구 당감로 118,True,0.0103359173126615,,,,0.2551724137931035,-0.08256880733944949,248000000.0,-0.2661290322580645,140000000.0,0.30000000000000004,1.0,True,,데이터 기반 노후단지
A61486008,세동한신,부산진구,연지동,353-1,부산광역시,26230,busan,부산,BUSAN,부산광역시,BUSAN_CORE,True,False,789.0,1995-12-27,30,622.0,0.788339670468948,2.0,12.0,25.0,3,35.1717840601458,129.048936674435,부산광역시 부산진구 새싹로 183,True,0.031685678073510776,,,,0.05084745762711873,0.03806228373702414,425000000.0,-0.2564705882352941,245000000.0,0.28979591836734686,5.0,False,,데이터 기반 노후단지
A61486502,화신,부산진구,전포동,191-661,부산광역시,26230,busan,부산,BUSAN,부산광역시,BUSAN_CORE,True,False,268.0,1993-02-23,33,201.0,0.75,1.0,1.0,5.0,3,35.1599754943776,129.071818122003,부산광역시 부산진구 진남로356번길 90,True,0.018656716417910446,170000000.0,6679366.591260864,,-0.05555555555555558,-0.04255319148936165,238000000.0,-0.2857142857142857,164000000.0,0.03658536585365857,1.0,True,0.0,데이터 기반 노후단지
A61487104,선경,부산진구,초읍동,271-4,부산광역시,26230,busan,부산,BUSAN,부산광역시,BUSAN_CORE,True,False,314.0,1982-06-17,44,278.0,0.8853503184713376,1.0,1.0,1.0,2,35.1772204096758,129.047242611847,부산광역시 부산진구 새싹로 221,True,0.0031847133757961785,,,,,,,,,,,,,데이터 기반 노후단지
A61487301,대진파레스필즈,부산진구,초읍동,322-1,부산광역시,26230,busan,부산,BUSAN,부산광역시,BUSAN_CORE,True,False,160.0,1992-07-30,34,177.0,1.10625,0.0,2.0,4.0,2,35.1871374822936,129.049481215317,부산광역시 부산진구 성지곡로 60,True,0.025,,,,0.1594202898550725,0.01333333333333342,250000000.0,-0.19999999999999996,155000000.0,0.29032258064516125,2.0,True,,데이터 기반 노후단지
A61487305,한신,부산진구,초읍동,365,부산광역시,26230,busan,부산,BUSAN,부산광역시,BUSAN_CORE,True,False,318.0,1996-04-06,30,305.0,0.9591194968553459,1.0,2.0,4.0,5,35.1833210213112,129.052117295756,부산광역시 부산진구 월드컵대로 449,True,0.012578616352201259,,,,0.0852713178294573,-0.055102040816326525,260000000.0,-0.05769230769230771,200000000.0,0.2250000000000001,1.0,True,,데이터 기반 노후단지
A61488201,백조,부산진구,양정동,406-4,부산광역시,26230,busan,부산,BUSAN,부산광역시,BUSAN_CORE,True,False,190.0,1983-12-30,42,144.0,0.7578947368421053,0.0,1.0,3.0,2,35.1746984146301,129.070154946588,부산광역시 부산진구 동평로 409,True,0.015789473684210527,,,,,,,,,,,,,데이터 기반 노후단지
A61609001,대진,북구,구포동,741-3,부산광역시,26320,busan,부산,BUSAN,부산광역시,BUSAN_CORE,True,False,170.0,1981-06-13,45,,,1.0,4.0,4.0,1,35.2014029128379,129.003345805173,부산광역시 북구 백양대로1124번길 70,True,0.023529411764705882,,,,,,,,,,,,,데이터 기반 노후단지
A61609304,구포대우,북구,구포동,849-1,부산광역시,26320,busan,부산,BUSAN,부산광역시,BUSAN_CORE,True,False,225.0,1992-10-01,34,210.0,0.9333333333333333,1.0,1.0,4.0,2,35.1984025690726,129.010341234213,부산광역시 북구 모분재로105번길 43-7,True,0.017777777777777778,130000000.0,5055385.340560923,,,-0.040590405904059046,145000000.0,-0.10344827586206895,110000000.0,0.18181818181818188,1.0,True,-0.10344827586206895,데이터 기반 노후단지
A61612006,우신,북구,화명동,1426-1,부산광역시,26320,busan,부산,BUSAN,부산광역시,BUSAN_CORE,True,False,480.0,1987-11-13,38,316.0,0.6583333333333333,2.0,2.0,5.0,3,35.2375466309547,129.016707037471,부산광역시 북구 산성로12번길 27,True,0.010416666666666666,,,,,,,,,,,,,데이터 기반 노후단지
A61672001,만덕대진,북구,만덕동,670,부산광역시,26320,busan,부산,BUSAN,부산광역시,BUSAN_CORE,True,False,356.0,1979-08-31,47,217.0,0.6095505617977528,0.0,4.0,5.0,2,35.2139945921926,129.027429644979,부산광역시 북구 만덕1로 92,True,0.014044943820224719,,,,,,,,,,,,,데이터 기반 노후단지
A61673307,화명그린파크맨션,북구,화명동,1258-1,부산광역시,26320,busan,부산,BUSAN,부산광역시,BUSAN_CORE,True,False,360.0,1988-12-02,37,207.0,0.575,1.0,2.0,11.0,1,35.2326561780843,129.014816003891,부산광역시 북구 금곡대로 280-9,True,0.030555555555555555,,,,,,,,,,,,,데이터 기반 노후단지
A61675204,구포대성아파트,북구,구포동,923-119,부산광역시,26320,busan,부산,BUSAN,부산광역시,BUSAN_CORE,True,False,499.0,1986-07-25,40,272.0,0.5450901803607214,2.0,4.0,6.0,2,35.2006408139128,128.994132445749,부산광역시 북구 구남언덕로20번길 7,True,0.012024048096192385,,,,,,,,,,,,,데이터 기반 노후단지
A61675806,삼성,북구,만덕동,290-1,부산광역시,26320,busan,부산,BUSAN,부산광역시,BUSAN_CORE,True,False,600.0,1989-02-24,37,407.0,0.6783333333333333,2.0,4.0,11.0,3,35.2109245971145,129.036768960273,부산광역시 북구 만덕2로 10,True,0.018333333333333333,242500000.0,9735401.459854014,0.03191489361702127,-0.0334008097165992,-0.02400000000000002,397000000.0,-0.389168765743073,180000000.0,0.3472222222222223,2.0,True,0.22140608604407142,데이터 기반 노후단지
A61676006,벽산삼협한솔,북구,금곡동,56-1,부산광역시,26320,busan,부산,BUSAN,부산광역시,BUSAN_CORE,True,False,532.0,1995-05-27,31,597.0,1.1221804511278195,0.0,4.0,7.0,3,35.2660364322743,129.018303147659,부산광역시 북구 효열로 265,True,0.013157894736842105,,,,0.05266075388026614,-0.03464818763326227,307000000.0,-0.2679153094462541,170000000.0,0.32205882352941173,3.0,False,,데이터 기반 노후단지
A61676316,금곡3단지주공,북구,금곡동,57-1,부산광역시,26320,busan,부산,BUSAN,부산광역시,BUSAN_CORE,True,False,1484.0,1994-08-29,32,651.0,0.4386792452830189,9.0,19.0,40.0,2,35.2645788964271,129.021859138241,부산광역시 북구 효열로220번길 23,True,0.026954177897574125,,,,,,,,,,,,,데이터 기반 노후단지
A61676509,금곡5단지주공,북구,금곡동,1112-2,부산광역시,26320,busan,부산,BUSAN,부산광역시,BUSAN_CORE,True,False,713.0,1994-11-05,31,236.0,0.33099579242636745,8.0,13.0,24.0,1,35.2499619789442,129.013375171263,부산광역시 북구 효열로37번길 22,True,0.033660589060308554,,,,,,,,,,,,,데이터 기반 노후단지
A61676605,금곡6단지주공,북구,금곡동,1110,부산광역시,26320,busan,부산,BUSAN,부산광역시,BUSAN_CORE,True,False,504.0,1995-08-16,31,257.0,0.5099206349206349,7.0,9.0,18.0,1,35.2489583498651,129.015421319804,부산광역시 북구 효열로 40,True,0.03571428571428571,,,,,,,,,,,,,데이터 기반 노후단지
A61676814,금곡8단지주공,북구,금곡동,810,부산광역시,26320,busan,부산,BUSAN,부산광역시,BUSAN_CORE,True,False,1366.0,1996-05-06,30,536.0,0.3923865300146413,5.0,19.0,41.0,2,35.2582359902722,129.015202701014,부산광역시 북구 효열로 134,True,0.030014641288433383,,,,,,,,,,,,,데이터 기반 노후단지
A61677608,기비골마을,북구,덕천동,814-4,부산광역시,26320,busan,부산,BUSAN,부산광역시,BUSAN_CORE,True,False,825.0,1994-09-23,32,459.0,0.5563636363636364,0.0,4.0,13.0,2,35.2160617248043,129.023770929231,부산광역시 북구 만덕1로104번길 29,True,0.01575757575757576,,,,,,,,,,,,,데이터 기반 노후단지
A61678209,그린코아,북구,만덕동,216-7,부산광역시,26320,busan,부산,BUSAN,부산광역시,BUSAN_CORE,True,False,1468.0,1991-01-28,35,1342.0,0.9141689373297003,4.0,10.0,29.0,4,35.2074079470518,129.030722714168,부산광역시 북구 덕천로234번길 47,True,0.019754768392370572,158000000.0,6156571.023733617,-0.08405797101449275,0.006369426751592355,-0.02021772939346811,255000000.0,-0.3803921568627451,131000000.0,0.20610687022900764,8.0,False,-0.20419727177334723,데이터 기반 노후단지
A61678706,럭키,북구,만덕동,774,부산광역시,26320,busan,부산,BUSAN,부산광역시,BUSAN_CORE,True,False,900.0,1991-08-03,35,601.0,0.6677777777777778,4.0,10.0,19.0,2,35.2079235626477,129.028112471704,부산광역시 북구 덕천로 194,True,0.021111111111111112,143250000.0,5608981.9648789745,-0.012068965517241348,0.18367346938775508,-0.0714285714285714,224000000.0,-0.4196428571428571,117000000.0,0.11111111111111116,9.0,False,-0.2784889821615949,데이터 기반 노후단지
A61678804,럭키2,북구,만덕동,911-3,부산광역시,26320,busan,부산,BUSAN,부산광역시,BUSAN_CORE,True,False,714.0,1992-07-07,34,507.0,0.7100840336134454,5.0,10.0,21.0,1,35.2098416026819,129.027896884029,부산광역시 북구 덕천로234번길 34,True,0.029411764705882353,190000000.0,7381681.186720038,0.05555555555555558,0.0362116991643453,-0.04548450889914302,274000000.0,-0.291970802919708,158000000.0,0.2278481012658229,10.0,False,-0.043022035676810066,데이터 기반 노후단지
A61679206,벽산강변타운,북구,화명동,188,부산광역시,26320,busan,부산,BUSAN,부산광역시,BUSAN_CORE,True,False,1044.0,1995-11-17,30,940.0,0.9003831417624522,2.0,12.0,27.0,2,35.245398335453,129.01353176912,부산광역시 북구 양달로9번길 21,True,0.02586206896551724,242500000.0,9426905.40699729,0.0,0.04077253218884125,0.06334841628959276,310000000.0,-0.24193548387096775,160000000.0,0.46875,9.0,False,0.0,데이터 기반 노후단지
A61679207,도시화명그린(295),북구,화명동,295,부산광역시,26320,busan,부산,BUSAN,부산광역시,BUSAN_CORE,True,False,720.0,1996-04-27,30,407.0,0.5652777777777778,5.0,16.0,34.0,1,35.2449544851875,129.022813992369,부산광역시 북구 양달로 69,True,0.04722222222222222,,,,,,,,,,,,,데이터 기반 노후단지
A61679209,도시화명그린(313),북구,화명동,313,부산광역시,26320,busan,부산,BUSAN,부산광역시,BUSAN_CORE,True,False,390.0,1996-04-27,30,200.0,0.5128205128205128,2.0,4.0,5.0,1,35.2432282693769,129.02180874304,부산광역시 북구 양달로 80-18,True,0.01282051282051282,,,,,,,,,,,,,데이터 기반 노후단지
A61680506,벽산그린필드,북구,구포동,857-3,부산광역시,26320,busan,부산,BUSAN,부산광역시,BUSAN_CORE,True,False,238.0,1992-07-27,34,208.0,0.8739495798319328,3.0,3.0,3.0,4,35.1977933758362,129.011334266405,부산광역시 북구 모분재로105번길 53,True,0.012605042016806723,95000000.0,3688669.255206495,,,-0.12643678160919536,155000000.0,-0.3870967741935484,95000000.0,0.0,1.0,True,-0.3448275862068966,데이터 기반 노후단지
A61680507,태평양그린,북구,구포동,851,부산광역시,26320,busan,부산,BUSAN,부산광역시,BUSAN_CORE,True,False,299.0,1994-09-09,32,221.0,0.7391304347826086,0.0,1.0,3.0,3,35.1985094445072,129.011843877344,부산광역시 북구 모분재로149번길 53,True,0.010033444816053512,,,,-0.04390243902439028,-0.09090909090909094,137000000.0,-0.2846715328467153,98000000.0,0.0,1.0,True,,데이터 기반 노후단지
A61680707,구포현대,북구,구포동,1103-2,부산광역시,26320,busan,부산,BUSAN,부산광역시,BUSAN_CORE,True,False,1741.0,1994-02-28,32,918.0,0.527283170591614,9.0,25.0,50.0,3,35.1955368874101,128.993534496345,부산광역시 북구 백양대로 1003,True,0.02871912693854107,210000000.0,8178921.27935796,-0.13043478260869568,-0.029336078229541984,-0.004166666666666652,368000000.0,-0.42934782608695654,184500000.0,0.1382113821138211,7.0,False,0.4482758620689655,데이터 기반 노후단지
A61680901,벽산그린타운,북구,구포동,1246-4,부산광역시,26320,busan,부산,BUSAN,부산광역시,BUSAN_CORE,True,False,174.0,1993-09-27,33,92.0,0.5287356321839081,2.0,3.0,4.0,3,35.194748664288,129.013926977616,부산광역시 북구 시랑로182번길 19,True,0.022988505747126436,,,,,,167000000.0,-0.4011976047904192,100000000.0,0.0,0.0,True,,데이터 기반 노후단지
A61680903,태경,북구,구포동,1251-2,부산광역시,26320,busan,부산,BUSAN,부산광역시,BUSAN_CORE,True,False,211.0,1992-09-08,34,195.0,0.9241706161137441,0.0,1.0,5.0,1,35.1944778929723,129.009777167194,부산광역시 북구 시랑로138번길 8,True,0.023696682464454975,,,,0.07874015748031504,-0.007407407407407418,173000000.0,-0.20809248554913296,110000000.0,0.24545454545454537,1.0,True,,데이터 기반 노후단지
A61680905,태평양,북구,구포동,1247-10,부산광역시,26320,busan,부산,BUSAN,부산광역시,BUSAN_CORE,True,False,232.0,1992-09-09,34,97.0,0.41810344827586204,0.0,0.0,1.0,1,35.1954063938298,129.013593012617,부산광역시 북구 시랑로 176,True,0.004310344827586207,,,,,,,,,,,,,데이터 기반 노후단지
A61681001,유림2차(2),북구,금곡동,94-1,부산광역시,26320,busan,부산,BUSAN,부산광역시,BUSAN_CORE,True,False,240.0,1994-12-06,31,242.0,1.0083333333333333,1.0,2.0,7.0,3,35.2632688745984,129.015996918577,부산광역시 북구 금곡대로616번길 57,True,0.029166666666666667,,,,-0.09196740395809078,-0.0800865800865801,248000000.0,-0.21370967741935487,180000000.0,0.08333333333333326,1.0,True,,데이터 기반 노후단지
A61681003,유림2차(1),북구,금곡동,96-1,부산광역시,26320,busan,부산,BUSAN,부산광역시,BUSAN_CORE,True,False,240.0,1994-11-30,31,240.0,1.0,0.0,1.0,2.0,3,35.2627469857172,129.017068871206,부산광역시 북구 효열로 193,True,0.008333333333333333,,,,-0.052863436123347984,-0.0045045045045044585,245000000.0,-0.12244897959183676,180000000.0,0.19444444444444442,1.0,True,,데이터 기반 노후단지
A61681107,금곡화목타운,북구,금곡동,97-10,부산광역시,26320,busan,부산,BUSAN,부산광역시,BUSAN_CORE,True,False,576.0,1994-11-11,31,480.0,0.8333333333333334,1.0,6.0,15.0,1,35.2619495613495,129.019930267402,부산광역시 북구 효열로220번길 22,True,0.026041666666666668,,,,,,,,,,,,,데이터 기반 노후단지
A61681108,협진태양·조성아파트,북구,금곡동,97-11,부산광역시,26320,busan,부산,BUSAN,부산광역시,BUSAN_CORE,True,False,576.0,1994-10-17,31,390.0,0.6770833333333334,2.0,5.0,14.0,1,35.2615892682778,129.019418223118,부산광역시 북구 효열로162번길 41,True,0.024305555555555556,,,,,,,,,,,,,데이터 기반 노후단지
A61681304,유림(1차),북구,금곡동,1425,부산광역시,26320,busan,부산,BUSAN,부산광역시,BUSAN_CORE,True,False,256.0,1994-10-06,32,169.0,0.66015625,2.0,4.0,10.0,2,35.252527794074,129.013096865724,부산광역시 북구 금곡대로470번길 33,True,0.0390625,165000000.0,6449893.390191898,-0.0060240963855421326,0.10299003322259126,-0.030303030303030276,200000000.0,-0.15000000000000002,130000000.0,0.3076923076923077,3.0,False,0.0,데이터 기반 노후단지
A61681501,승산벽산,북구,덕천동,128-3,부산광역시,26320,busan,부산,BUSAN,부산광역시,BUSAN_CORE,True,False,180.0,1992-12-22,33,77.0,0.42777777777777776,0.0,1.0,2.0,2,35.2117199246877,129.02296796584,부산광역시 북구 만덕3로16번길 51,True,0.011111111111111112,,,,,0.1307420494699647,191000000.0,-0.16230366492146597,141500000.0,0.1307420494699647,0.0,True,,데이터 기반 노후단지
A61681502,한성,북구,덕천동,406,부산광역시,26320,busan,부산,BUSAN,부산광역시,BUSAN_CORE,True,False,340.0,1983-04-02,43,52.0,0.15294117647058825,0.0,4.0,8.0,1,35.2118779302876,129.020678850629,부산광역시 북구 만덕대로142번길 31,True,0.023529411764705882,,,,,,,,,,,,,데이터 기반 노후단지
A61681904,대방,북구,덕천동,388-1,부산광역시,26320,busan,부산,BUSAN,부산광역시,BUSAN_CORE,True,False,280.0,1993-12-28,32,239.0,0.8535714285714285,3.0,6.0,11.0,4,35.2115938954906,129.015002865562,부산광역시 북구 만덕대로90번길 13,True,0.039285714285714285,225000000.0,8757961.783439491,,-0.06639004149377592,-0.10251450676982587,275000000.0,-0.18181818181818177,200000000.0,0.125,1.0,True,0.0,데이터 기반 노후단지
A61682301,청우파크맨션,북구,덕천동,811,부산광역시,26320,busan,부산,BUSAN,부산광역시,BUSAN_CORE,True,False,173.0,1993-02-20,33,109.0,0.630057803468208,0.0,0.0,4.0,1,35.2102201319472,129.016881987485,부산광역시 북구 덕천로 107,True,0.023121387283236993,,,,,,220000000.0,-0.30454545454545456,150000000.0,0.020000000000000018,0.0,True,,데이터 기반 노후단지
A61682303,덕천주공1,북구,덕천동,802,부산광역시,26320,busan,부산,BUSAN,부산광역시,BUSAN_CORE,True,False,1320.0,1991-10-30,34,368.0,0.2787878787878788,2.0,8.0,18.0,2,35.2063338690432,129.012317564896,부산광역시 북구 덕천로 72,True,0.013636363636363636,,,,,,,,,,,,,데이터 기반 노후단지
A61682607,대성타워,북구,만덕동,927-1,부산광역시,26320,busan,부산,BUSAN,부산광역시,BUSAN_CORE,True,False,816.0,1991-11-22,34,542.0,0.6642156862745098,9.0,12.0,29.0,2,35.2118089608169,129.035126434691,부산광역시 북구 덕천로259번길 30,True,0.03553921568627451,227500000.0,8848309.920097979,0.006637168141592875,0.050552004648460214,-0.008566533409480326,315000000.0,-0.3111111111111111,181000000.0,0.19889502762430933,8.0,False,0.14585519412381953,데이터 기반 노후단지
A61682902,벽산라인훼미리,북구,만덕동,761-1,부산광역시,26320,busan,부산,BUSAN,부산광역시,BUSAN_CORE,True,False,322.0,1994-11-14,31,271.0,0.8416149068322981,2.0,2.0,5.0,3,35.2117353739109,129.025309474486,부산광역시 북구 만덕대로178번길 29,True,0.015527950310559006,230000000.0,8930462.40734204,,0.08490566037735858,,230000000.0,0.0,195000000.0,0.17948717948717952,1.0,True,0.15844700944386148,데이터 기반 노후단지
A61682907,동원,북구,만덕동,925-1,부산광역시,26320,busan,부산,BUSAN,부산광역시,BUSAN_CORE,True,False,988.0,1992-12-23,33,376.0,0.3805668016194332,2.0,10.0,24.0,3,35.209485655516,129.030615805591,부산광역시 북구 덕천로234번길 7,True,0.024291497975708502,,,,0.12149532710280364,-0.03960396039603964,286000000.0,-0.26573426573426573,174500000.0,0.20343839541547282,1.0,True,,데이터 기반 노후단지
A61683302,도시화명그린(206),북구,화명동,206,부산광역시,26320,busan,부산,BUSAN,부산광역시,BUSAN_CORE,True,False,400.0,1996-06-08,30,263.0,0.6575,5.0,7.0,20.0,1,35.2431536155592,129.017384479827,부산광역시 북구 양달로 53,True,0.05,,,,,,,,,,,,,데이터 기반 노후단지
A61683305,그린숲속아파트,북구,화명동,512,부산광역시,26320,busan,부산,BUSAN,부산광역시,BUSAN_CORE,True,False,900.0,1996-06-08,30,544.0,0.6044444444444445,6.0,15.0,33.0,1,35.240429013506,129.02353823947,부산광역시 북구 산성로 88,True,0.03666666666666667,,,,,,,,,,,,,데이터 기반 노후단지
A61683602,삼경장미,북구,구포동,49,부산광역시,26320,busan,부산,BUSAN,부산광역시,BUSAN_CORE,True,False,181.0,1995-02-24,31,97.0,0.5359116022099447,0.0,1.0,4.0,2,35.2037969387401,129.006768472109,부산광역시 북구 시랑로21번길 50,True,0.022099447513812154,,,,0.06761565836298922,0.14942528735632177,151000000.0,-0.0066225165562914245,127500000.0,0.17647058823529416,1.0,True,,데이터 기반 노후단지
A61704001,벽산하나로타운,사상구,덕포동,38,부산광역시,26530,busan,부산,BUSAN,부산광역시,BUSAN_CORE,True,False,273.0,1994-10-12,31,245.0,0.8974358974358975,0.0,2.0,5.0,1,35.1734555329091,128.991171353937,부산광역시 사상구 덕상로 26-14,True,0.018315018315018316,,,,0.09615384615384626,-0.020979020979020935,180000000.0,-0.19444444444444442,115000000.0,0.26086956521739135,2.0,True,,데이터 기반 노후단지
A61708002,창신그린힐,사상구,모라동,409-13,부산광역시,26530,busan,부산,BUSAN,부산광역시,BUSAN_CORE,True,False,150.0,1993-07-15,33,145.0,0.9666666666666667,0.0,0.0,4.0,1,35.1872033810613,128.992873667773,부산광역시 사상구 백양대로902번길 46,True,0.02666666666666667,,,,,-0.1132075471698113,153500000.0,-0.3876221498371335,77000000.0,0.22077922077922074,0.0,True,,데이터 기반 노후단지
A61772809,학산그린타운,사상구,모라동,421,부산광역시,26530,busan,부산,BUSAN,부산광역시,BUSAN_CORE,True,False,163.0,1993-11-13,32,128.0,0.7852760736196319,0.0,0.0,1.0,1,35.1853053215324,128.99358603269,부산광역시 사상구 모라로 136-20,True,0.006134969325153374,,,,,,,,,,,,,데이터 기반 노후단지
A61775202,백양그린,사상구,모라동,552,부산광역시,26530,busan,부산,BUSAN,부산광역시,BUSAN_CORE,True,False,1080.0,1992-07-08,34,750.0,0.6944444444444444,2.0,9.0,19.0,1,35.1827483234958,128.99375110875,부산광역시 사상구 모라로110번길 88,True,0.017592592592592594,,,,,,,,,,,,,데이터 기반 노후단지
A61775401,주공4,사상구,모라동,75,부산광역시,26530,busan,부산,BUSAN,부산광역시,BUSAN_CORE,True,False,900.0,1993-07-24,33,356.0,0.39555555555555555,0.0,6.0,18.0,1,35.1837852373414,129.001554178679,부산광역시 사상구 모라로192번길 50,True,0.02,,,,,,,,,,,,,데이터 기반 노후단지
A61775706,우성,사상구,모라동,1357,부산광역시,26530,busan,부산,BUSAN,부산광역시,BUSAN_CORE,True,False,796.0,1989-07-20,37,306.0,0.3844221105527638,3.0,6.0,13.0,3,35.1884675454805,128.992227465024,부산광역시 사상구 백양대로 906,True,0.016331658291457288,,,,,-0.09999999999999998,299000000.0,-0.31438127090301005,165000000.0,0.24242424242424243,0.0,True,,데이터 기반 노후단지
A61775901,한신,사상구,괘법동,516-1,부산광역시,26530,busan,부산,BUSAN,부산광역시,BUSAN_CORE,True,False,434.0,1994-12-14,31,361.0,0.8317972350230415,4.0,4.0,9.0,3,35.1679519256883,128.980954474456,부산광역시 사상구 낙동대로1210번길 53,True,0.020737327188940093,312500000.0,12134494.322527504,,0.1837121212121211,0.055860805860805884,360000000.0,-0.13194444444444442,235000000.0,0.32978723404255317,1.0,True,0.0,데이터 기반 노후단지
A61776104,반도보라,사상구,주례동,10-21,부산광역시,26530,busan,부산,BUSAN,부산광역시,BUSAN_CORE,True,False,1206.0,1996-09-25,30,1133.0,0.939469320066335,7.0,18.0,37.0,4,35.1550766261996,129.013063989359,부산광역시 사상구 백양대로 372-22,True,0.03067993366500829,173000000.0,6717260.854218144,-0.19158878504672894,0.030487804878048808,-0.017605633802816878,285000000.0,-0.3929824561403509,173000000.0,0.0,9.0,False,0.0,데이터 기반 노후단지
A61776303,럭키주례2,사상구,주례동,595-4,부산광역시,26530,busan,부산,BUSAN,부산광역시,BUSAN_CORE,True,False,2293.0,1987-04-11,39,547.0,0.23855211513301353,3.0,8.0,26.0,4,35.1487520361794,129.002919863298,부산광역시 사상구 가야대로284번길 12,True,0.0113388573920628,,,,-0.0778097982708934,-0.10779220779220777,540000000.0,-0.40740740740740744,285000000.0,0.12280701754385959,1.0,True,,데이터 기반 노후단지
A61776907,금강,사상구,학장동,819,부산광역시,26530,busan,부산,BUSAN,부산광역시,BUSAN_CORE,True,False,730.0,1992-10-27,33,504.0,0.6904109589041096,1.0,2.0,14.0,2,35.1358794055547,128.978779697713,부산광역시 사상구 대동로64번길 25,True,0.019178082191780823,120000000.0,4669260.700389105,-0.1428571428571429,-0.018867924528301883,-0.08620689655172409,192000000.0,-0.375,107000000.0,0.12149532710280364,2.0,True,-0.19665271966527198,데이터 기반 노후단지
A61777105,학장벽산,사상구,학장동,168,부산광역시,26530,busan,부산,BUSAN,부산광역시,BUSAN_CORE,True,False,526.0,1994-05-10,32,565.0,1.0741444866920151,2.0,4.0,10.0,1,35.139171124521,128.989449393156,부산광역시 사상구 학감대로 105-21,True,0.019011406844106463,,,,,,,,,,,,,데이터 기반 노후단지
A61777312,반도보라타운,사상구,학장동,573-1,부산광역시,26530,busan,부산,BUSAN,부산광역시,BUSAN_CORE,True,False,998.0,1994-08-29,32,945.0,0.9468937875751503,8.0,18.0,25.0,3,35.137291276807,128.979171839774,부산광역시 사상구 대동로 98,True,0.025050100200400802,177500000.0,6899293.286219081,-0.17441860465116277,-0.005319148936170248,-0.08200734394124842,250000000.0,-0.352,150000000.0,0.08000000000000007,10.0,False,0.18828451882845187,데이터 기반 노후단지
A61777409,학장대림,사상구,학장동,167-3,부산광역시,26530,busan,부산,BUSAN,부산광역시,BUSAN_CORE,True,False,825.0,1991-07-13,35,698.0,0.8460606060606061,5.0,6.0,13.0,3,35.1353202094785,128.992240607716,부산광역시 사상구 학감대로49번길 62,True,0.01575757575757576,145000000.0,5630074.126367808,,0.036454610436025714,0.07407407407407418,195000000.0,-0.2564102564102564,113000000.0,0.2831858407079646,1.0,True,-0.029288702928870314,데이터 기반 노후단지
A61777502,학장극동,사상구,학장동,571-4,부산광역시,26530,busan,부산,BUSAN,부산광역시,BUSAN_CORE,True,False,299.0,1994-02-21,32,209.0,0.6989966555183946,0.0,1.0,4.0,3,35.1389325373556,128.987569140492,부산광역시 사상구 학감대로 109-43,True,0.013377926421404682,,,,,0.13076923076923075,182000000.0,-0.1923076923076923,125000000.0,0.17599999999999993,0.0,True,,데이터 기반 노후단지
A61777711,목화,사상구,학장동,574-82,부산광역시,26530,busan,부산,BUSAN,부산광역시,BUSAN_CORE,True,False,999.0,1993-07-19,33,650.0,0.6506506506506506,0.0,5.0,15.0,1,35.1382011582213,128.980514178446,부산광역시 사상구 대동로 104-8,True,0.015015015015015015,,,,,,,,,,,,,데이터 기반 노후단지
A61778005,벽산신익타운,사상구,덕포동,49,부산광역시,26530,busan,부산,BUSAN,부산광역시,BUSAN_CORE,True,False,420.0,1994-08-11,32,328.0,0.780952380952381,1.0,3.0,6.0,2,35.1726175674992,128.989436702177,부산광역시 사상구 덕상로 20,True,0.014285714285714285,125000000.0,4858371.1206642715,-0.21383647798742134,0.12255772646536411,-0.03378378378378377,185000000.0,-0.32432432432432434,110000000.0,0.13636363636363646,3.0,False,0.0,데이터 기반 노후단지
A61778201,동양한신,사상구,삼락동,418-8,부산광역시,26530,busan,부산,BUSAN,부산광역시,BUSAN_CORE,True,False,431.0,1995-03-25,31,288.0,0.6682134570765661,1.0,5.0,8.0,4,35.1695341741381,128.980069554123,부산광역시 사상구 운산로 25,True,0.018561484918793503,,,,,-0.048979591836734726,329000000.0,-0.29179331306990886,233000000.0,0.0,1.0,True,,데이터 기반 노후단지
A61778306,엄궁,사상구,엄궁동,35-1,부산광역시,26530,busan,부산,BUSAN,부산광역시,BUSAN_CORE,True,False,460.0,1983-11-25,42,286.0,0.6217391304347826,1.0,3.0,11.0,1,35.1305712919636,128.974221283619,부산광역시 사상구 엄궁로 202,True,0.02391304347826087,,,,,,,,,,,,,데이터 기반 노후단지
A61778405,엄궁럭키,사상구,엄궁동,25-110,부산광역시,26530,busan,부산,BUSAN,부산광역시,BUSAN_CORE,True,False,441.0,1993-09-27,33,273.0,0.6190476190476191,0.0,1.0,4.0,2,35.1344278091787,128.976619769235,부산광역시 사상구 대동로 34-25,True,0.009070294784580499,,,,-0.04516129032258065,0.0,180000000.0,-0.1777777777777778,120000000.0,0.2333333333333334,1.0,True,,데이터 기반 노후단지
A61781003,부원파크타운,사상구,덕포동,762,부산광역시,26530,busan,부산,BUSAN,부산광역시,BUSAN_CORE,True,False,420.0,1989-06-23,37,93.0,0.22142857142857142,1.0,2.0,3.0,4,35.1812758627065,128.990812442816,부산광역시 사상구 백양대로804번길 31,True,0.007142857142857143,,,,,,150000000.0,0.0,121500000.0,0.23456790123456783,0.0,True,,데이터 기반 노후단지
A61781005,자유,사상구,덕포동,761-1,부산광역시,26530,busan,부산,BUSAN,부산광역시,BUSAN_CORE,True,False,780.0,1989-07-20,37,382.0,0.4897435897435897,0.0,7.0,15.0,6,35.1800236911017,128.988750208023,부산광역시 사상구 백양대로 820,True,0.019230769230769232,,,,,0.17582417582417587,215000000.0,-0.0046511627906976605,134000000.0,0.5970149253731343,1.0,True,,데이터 기반 노후단지
A61781102,오양힐타운,사상구,덕포동,51,부산광역시,26530,busan,부산,BUSAN,부산광역시,BUSAN_CORE,True,False,352.0,1992-09-22,34,229.0,0.6505681818181818,0.0,3.0,10.0,3,35.1719967947986,128.989538130222,부산광역시 사상구 덕상로 8-35,True,0.028409090909090908,,,,0.16376306620209058,-0.045454545454545414,200000000.0,-0.16500000000000004,134000000.0,0.24626865671641784,3.0,False,,데이터 기반 노후단지
A61781201,남영,사상구,덕포동,789,부산광역시,26530,busan,부산,BUSAN,부산광역시,BUSAN_CORE,True,False,400.0,1993-07-03,33,118.0,0.295,1.0,3.0,13.0,2,35.1704770303418,128.989051453797,부산광역시 사상구 백양대로 716,True,0.0325,,,,,,,,,,,,,데이터 기반 노후단지
A61781801,무학,사상구,모라동,1366-1,부산광역시,26530,busan,부산,BUSAN,부산광역시,BUSAN_CORE,True,False,205.0,1990-01-15,36,90.0,0.43902439024390244,0.0,0.0,4.0,1,35.1819396699118,128.988723026366,부산광역시 사상구 백양대로 846,True,0.01951219512195122,,,,,0.034482758620689724,183000000.0,-0.180327868852459,120030000.0,0.2496875781054737,0.0,True,,데이터 기반 노후단지
A61781802,우성2차,사상구,모라동,313,부산광역시,26530,busan,부산,BUSAN,부산광역시,BUSAN_CORE,True,False,220.0,1996-06-14,30,178.0,0.8090909090909091,1.0,1.0,2.0,2,35.1900069299791,128.995028973027,부산광역시 사상구 백양대로934번길 52-30,True,0.00909090909090909,,,,,,200000000.0,-0.25,150000000.0,0.0,0.0,True,,데이터 기반 노후단지
A61781803,화인,사상구,모라동,314,부산광역시,26530,busan,부산,BUSAN,부산광역시,BUSAN_CORE,True,False,245.0,1995-04-24,31,175.0,0.7142857142857143,2.0,3.0,10.0,3,35.190158656909,128.993406032582,부산광역시 사상구 백양대로934번길 48,True,0.04081632653061224,,,,,,197500000.0,-0.17721518987341767,160000000.0,0.015625,0.0,True,,데이터 기반 노후단지
A61781804,삼정그린코아,사상구,모라동,334,부산광역시,26530,busan,부산,BUSAN,부산광역시,BUSAN_CORE,True,False,438.0,1993-04-12,33,280.0,0.639269406392694,4.0,5.0,9.0,3,35.1888962384488,128.992911504029,부산광역시 사상구 백양대로934번길 20,True,0.02054794520547945,171000000.0,6639604.659371691,,0.06875000000000009,-0.053254437869822535,217000000.0,-0.14746543778801846,145000000.0,0.27586206896551735,3.0,False,0.0,데이터 기반 노후단지
A61781807,모라동원타운,사상구,모라동,1361,부산광역시,26530,busan,부산,BUSAN,부산광역시,BUSAN_CORE,True,False,1110.0,1989-07-31,37,620.0,0.5585585585585585,2.0,12.0,29.0,3,35.1840225616711,128.989928866593,부산광역시 사상구 백양대로 879,True,0.026126126126126126,,,,0.03882476390346268,0.2350000000000001,305000000.0,-0.1885245901639344,177500000.0,0.3943661971830985,3.0,False,,데이터 기반 노후단지
A61781808,우신모라,사상구,모라동,1362,부산광역시,26530,busan,부산,BUSAN,부산광역시,BUSAN_CORE,True,False,1620.0,1992-06-16,34,866.0,0.5345679012345679,6.0,15.0,43.0,3,35.1831129739702,128.991284797338,부산광역시 사상구 백양대로 880,True,0.02654320987654321,,,,,,,,,,,,,데이터 기반 노후단지
A61782802,삼성타워,사상구,엄궁동,1-10,부산광역시,26530,busan,부산,BUSAN,부산광역시,BUSAN_CORE,True,False,208.0,1993-11-13,32,139.0,0.6682692307692307,0.0,3.0,5.0,2,35.1349025228323,128.977692717283,부산광역시 사상구 대동로64번길 40,True,0.02403846153846154,,,,-0.10799999999999998,-0.038461538461538436,165000000.0,-0.406060606060606,98000000.0,0.0,2.0,True,,데이터 기반 노후단지
A61783402,현대무지개타운,사상구,주례동,530-5,부산광역시,26530,busan,부산,BUSAN,부산광역시,BUSAN_CORE,True,False,977.0,1993-09-03,33,606.0,0.6202661207778914,2.0,4.0,17.0,3,35.144962255294,129.004988674681,부산광역시 사상구 주례로 93,True,0.017400204708290685,,,,-0.13746630727762799,-0.037837837837837784,235000000.0,-0.3191489361702128,146000000.0,0.09589041095890405,1.0,True,,데이터 기반 노후단지
A61783603,현대,사상구,주례동,305,부산광역시,26530,busan,부산,BUSAN,부산광역시,BUSAN_CORE,True,False,259.0,1989-05-24,37,182.0,0.7027027027027027,1.0,2.0,5.0,2,35.1546316735451,129.002798799202,부산광역시 사상구 양지로30번길 5,True,0.019305019305019305,,,,0.05095541401273884,-0.20884520884520885,250000000.0,-0.33999999999999997,157000000.0,0.05095541401273884,1.0,True,,데이터 기반 노후단지
A61783605,벽산신화,사상구,주례동,1010-3,부산광역시,26530,busan,부산,BUSAN,부산광역시,BUSAN_CORE,True,False,383.0,1993-04-06,33,230.0,0.6005221932114883,0.0,3.0,3.0,4,35.1544487144931,128.995331112121,부산광역시 사상구 백양대로 515,True,0.007832898172323759,,,,,,198000000.0,-0.09090909090909094,169500000.0,0.06194690265486735,0.0,True,,데이터 기반 노후단지
A61783606,대성,사상구,주례동,316,부산광역시,26530,busan,부산,BUSAN,부산광역시,BUSAN_CORE,True,False,420.0,1988-02-02,38,197.0,0.46904761904761905,1.0,1.0,5.0,2,35.1529714248882,129.004766175431,부산광역시 사상구 양지로 3,True,0.011904761904761904,,,,,,,,,,,,,데이터 기반 노후단지
A61783801,주례벽산,사상구,주례동,616-4,부산광역시,26530,busan,부산,BUSAN,부산광역시,BUSAN_CORE,True,False,263.0,1992-10-20,33,138.0,0.5247148288973384,0.0,1.0,1.0,2,35.1450091108767,129.001212578189,부산광역시 사상구 주례로139번길 8,True,0.0038022813688212928,,,,,0.0,175000000.0,-0.1428571428571429,140000000.0,0.0714285714285714,1.0,True,,데이터 기반 노후단지
A61784101,구덕극동,사상구,학장동,173-16,부산광역시,26530,busan,부산,BUSAN,부산광역시,BUSAN_CORE,True,False,274.0,1996-08-28,30,141.0,0.5145985401459854,2.0,4.0,9.0,3,35.1386601407187,128.993419177982,부산광역시 사상구 학감대로 62,True,0.032846715328467155,155000000.0,6023316.062176166,0.26530612244897966,-0.08450704225352113,-0.07999999999999996,176000000.0,-0.11931818181818177,115000000.0,0.34782608695652173,3.0,False,0.03765690376569042,데이터 기반 노후단지
A61784104,학장동양,사상구,학장동,210-1,부산광역시,26530,busan,부산,BUSAN,부산광역시,BUSAN_CORE,True,False,442.0,1984-11-01,41,250.0,0.5656108597285068,0.0,1.0,3.0,3,35.143605701898,128.991025185472,부산광역시 사상구 주례로 232,True,0.006787330316742082,,,,,,,,,,,,,데이터 기반 노후단지
A61784213,구학마을,사상구,학장동,168-8,부산광역시,26530,busan,부산,BUSAN,부산광역시,BUSAN_CORE,True,False,1110.0,1992-06-08,34,597.0,0.5378378378378378,1.0,8.0,21.0,1,35.1369601745874,128.991692452782,부산광역시 사상구 학감대로49번길 28-19,True,0.01891891891891892,,,,,,,,,,,,,데이터 기반 노후단지
A61785102,주례제일타워맨션,사상구,주례동,991,부산광역시,26530,busan,부산,BUSAN,부산광역시,BUSAN_CORE,True,False,246.0,1993-08-21,33,237.0,0.9634146341463414,0.0,1.0,5.0,1,35.1550139474922,128.996740877387,부산광역시 사상구 백양대로506번길 15,True,0.02032520325203252,,,,-0.05660377358490565,,225000000.0,-0.33333333333333337,137000000.0,0.0948905109489051,1.0,True,,데이터 기반 노후단지
A61970112,현대,기장군,기장읍청강리,18-2,부산광역시,26710,busan,부산,BUSAN,부산광역시,BUSAN_GIJANG,True,False,930.0,1993-08-23,33,510.0,0.5483870967741935,3.0,8.0,22.0,2,35.245345416724,129.220416678578,부산광역시 기장군 기장대로 563,True,0.023655913978494623,310000000.0,12092198.581560284,0.2770339855818744,-0.10042918454935623,-0.07154742096505828,434000000.0,-0.2857142857142857,200000000.0,0.55,4.0,False,0.0,데이터 기반 노후단지
A61990105,문화그린맨션,기장군,기장읍교리,65,부산광역시,26710,busan,부산,BUSAN,부산광역시,BUSAN_GIJANG,True,False,299.0,1993-05-13,33,205.0,0.68561872909699,0.0,2.0,8.0,2,35.2560719877201,129.21504411452,부산광역시 기장군 차성로417번길 21,True,0.026755852842809364,,,,-0.19650655021834063,-0.06906906906906907,211000000.0,-0.35545023696682465,120000000.0,0.1333333333333333,2.0,True,,데이터 기반 노후단지
A61990106,태영,기장군,기장읍교리,14-5,부산광역시,26710,busan,부산,BUSAN,부산광역시,BUSAN_GIJANG,True,False,454.0,1995-11-30,30,231.0,0.5088105726872246,1.0,5.0,12.0,2,35.2553883195552,129.218175685905,부산광역시 기장군 차성로441번길 7,True,0.02643171806167401,,,,,-0.20833333333333337,260000000.0,-0.23076923076923073,162000000.0,0.23456790123456783,2.0,True,,데이터 기반 노후단지
A61990302,금강궁전,기장군,기장읍대라리,971,부산광역시,26710,busan,부산,BUSAN,부산광역시,BUSAN_GIJANG,True,False,159.0,1994-12-29,31,90.0,0.5660377358490566,0.0,1.0,5.0,2,35.2417403284754,129.209746291207,부산광역시 기장군 차성남로 13-6,True,0.031446540880503145,,,,,,,,,,,,,데이터 기반 노후단지
A61990514,한신,기장군,기장읍동부리,151-5,부산광역시,26710,busan,부산,BUSAN,부산광역시,BUSAN_GIJANG,True,False,1131.0,1995-05-18,31,612.0,0.5411140583554377,6.0,18.0,36.0,3,35.2493632613563,129.215284348333,부산광역시 기장군 차성로344번길 13,True,0.03183023872679045,260000000.0,10095899.276342884,0.23222748815165883,-0.11823647294589179,0.06490649064906484,323500000.0,-0.19629057187016996,181000000.0,0.43646408839779016,5.0,False,0.0,데이터 기반 노후단지
A61990609,청강주공,기장군,기장읍청강리,333,부산광역시,26710,busan,부산,BUSAN,부산광역시,BUSAN_GIJANG,True,False,520.0,1990-10-08,35,214.0,0.4115384615384615,0.0,2.0,9.0,2,35.2337923919873,129.217097183856,부산광역시 기장군 청강로 6,True,0.01730769230769231,,,,,,,,,,,,,데이터 기반 노후단지
A62102002,한덕타워,김해시,동상동,495-7,경상남도,48250,gimhae,김해,GYEONGNAM,김해시,GIMHAE,False,True,298.0,1994-12-26,31,192.0,0.6442953020134228,0.0,3.0,5.0,4,35.2366869241059,128.889413889181,경상남도 김해시 가야로 513,True,0.016778523489932886,,,,0.07608695652173902,,155000000.0,-0.3612903225806452,90000000.0,0.10000000000000009,2.0,True,,데이터 기반 노후단지
A62106010,광남백조,김해시,구산동,257,경상남도,48250,gimhae,김해,GYEONGNAM,김해시,GIMHAE,False,True,836.0,1995-12-30,30,466.0,0.5574162679425837,1.0,2.0,10.0,2,35.2454028742574,128.873467288787,경상남도 김해시 가락로 223,True,0.011961722488038277,,,,,,,,,,,,,데이터 기반 노후단지
A62107003,동신,김해시,삼계동,1155-9,경상남도,48250,gimhae,김해,GYEONGNAM,김해시,GIMHAE,False,True,450.0,1994-01-21,32,320.0,0.7111111111111111,3.0,10.0,17.0,4,35.2677278026887,128.860997953923,경상남도 김해시 김해대로 1784-14,True,0.03777777777777778,,,,-0.014354066985645897,0.07012987012987004,130000000.0,-0.20769230769230773,87000000.0,0.1839080459770115,1.0,True,,데이터 기반 노후단지
A62175102,동부,김해시,내동,1132-5,경상남도,48250,gimhae,김해,GYEONGNAM,김해시,GIMHAE,False,True,402.0,1994-11-01,31,316.0,0.7860696517412935,0.0,1.0,6.0,3,35.2400945179016,128.870841675849,경상남도 김해시 구지로 63,True,0.014925373134328358,,,,,-0.03352601156069368,273000000.0,-0.2344322344322345,204000000.0,0.02450980392156854,0.0,True,,데이터 기반 노후단지
A62175205,대우유토피아,김해시,어방동,499,경상남도,48250,gimhae,김해,GYEONGNAM,김해시,GIMHAE,False,True,2041.0,1994-11-24,31,1561.0,0.7648211660950515,11.0,20.0,60.0,5,35.2429584120937,128.899458307552,경상남도 김해시 인제로 167,True,0.02939735423811857,109000000.0,4254790.631653654,0.04306220095693769,-0.03325942350332589,0.04716981132075482,165000000.0,-0.33333333333333337,90000000.0,0.22222222222222232,6.0,False,0.0,데이터 기반 노후단지
A62175408,성원,김해시,외동,1249-7,경상남도,48250,gimhae,김해,GYEONGNAM,김해시,GIMHAE,False,True,592.0,1996-05-07,30,329.0,0.5557432432432432,5.0,21.0,30.0,2,35.2310160981179,128.860522577503,경상남도 김해시 우암로 8,True,0.05067567567567568,,,,,,,,,,,,,데이터 기반 노후단지
A62176007,한진그룹사원임대,김해시,내동,121-3,경상남도,48250,gimhae,김해,GYEONGNAM,김해시,GIMHAE,False,True,474.0,1992-05-01,34,304.0,0.6413502109704642,0.0,4.0,7.0,1,35.2467690207056,128.866304579648,경상남도 김해시 평전로 219,True,0.014767932489451477,,,,,,,,,,,,,데이터 기반 노후단지
A62176403,현대1차,김해시,내동,1132-4,경상남도,48250,gimhae,김해,GYEONGNAM,김해시,GIMHAE,False,True,402.0,1995-09-26,31,307.0,0.763681592039801,1.0,3.0,6.0,2,35.240850956717,128.868830959571,경상남도 김해시 구지로 55,True,0.014925373134328358,,,,0.022727272727272707,-0.03477020949873866,266000000.0,-0.26691729323308266,195000000.0,0.0,2.0,True,,데이터 기반 노후단지
A62177102,동성,김해시,삼방동,189,경상남도,48250,gimhae,김해,GYEONGNAM,김해시,GIMHAE,False,True,570.0,1991-04-03,35,174.0,0.30526315789473685,0.0,1.0,5.0,1,35.2472315992417,128.910796750325,경상남도 김해시 삼안로 207,True,0.008771929824561403,,,,,,,,,,,,,데이터 기반 노후단지
A62177105,동원,김해시,삼방동,690-1,경상남도,48250,gimhae,김해,GYEONGNAM,김해시,GIMHAE,False,True,1026.0,1991-11-27,34,513.0,0.5,2.0,9.0,32.0,2,35.2488261226496,128.912303723087,경상남도 김해시 삼안로 226,True,0.031189083820662766,,,,,0.009416195856873921,150000000.0,-0.10666666666666669,112000000.0,0.1964285714285714,0.0,True,,데이터 기반 노후단지
A62177203,한일,김해시,삼방동,691-2,경상남도,48250,gimhae,김해,GYEONGNAM,김해시,GIMHAE,False,True,834.0,1992-07-08,34,393.0,0.4712230215827338,3.0,7.0,15.0,4,35.2496170215121,128.912199481199,경상남도 김해시 삼안로 244,True,0.017985611510791366,113500000.0,4413740.278105115,0.15816326530612246,0.06015037593984962,-0.10864745011086474,139000000.0,-0.1834532374100719,92000000.0,0.23369565217391308,3.0,False,0.0861244019138756,데이터 기반 노후단지
A62177204,화인,김해시,삼방동,692,경상남도,48250,gimhae,김해,GYEONGNAM,김해시,GIMHAE,False,True,930.0,1992-07-29,34,710.0,0.7634408602150538,4.0,9.0,20.0,3,35.2516675646771,128.911668906685,경상남도 김해시 삼안로 264,True,0.021505376344086023,95500000.0,3726783.133704883,-0.04500000000000004,-0.08466819221967958,-0.0864745011086474,159000000.0,-0.39937106918238996,90000000.0,0.061111111111111116,6.0,False,-0.0861244019138756,데이터 기반 노후단지
A62177607,외동동성,김해시,외동,705-1,경상남도,48250,gimhae,김해,GYEONGNAM,김해시,GIMHAE,False,True,490.0,1989-06-21,37,396.0,0.8081632653061225,0.0,2.0,7.0,2,35.2354416359558,128.850939999759,경상남도 김해시 평전로 33,True,0.014285714285714285,,,,,,,,,,,,,데이터 기반 노후단지
A62177909,한덕한신타워,김해시,외동,916,경상남도,48250,gimhae,김해,GYEONGNAM,김해시,GIMHAE,False,True,676.0,1992-09-30,34,370.0,0.5473372781065089,4.0,5.0,18.0,4,35.2308061007229,128.853753599373,경상남도 김해시 분성로48번길 16,True,0.026627218934911243,140000000.0,5436573.3113673795,0.3999999999999999,0.28037383177570097,-0.17572463768115942,170000000.0,-0.1588235294117647,100000000.0,0.42999999999999994,3.0,False,0.0,데이터 기반 노후단지
A62180501,장복(1단지),김해시,진영읍여래리,357,경상남도,48250,gimhae,김해,GYEONGNAM,김해시,GIMHAE,False,True,194.0,1992-05-27,34,89.0,0.4587628865979381,0.0,3.0,6.0,3,35.3012211328288,128.741836467544,경상남도 김해시 진영로 262-15,True,0.030927835051546393,,,,,,130000000.0,-0.3076923076923077,90000000.0,0.0,0.0,True,,데이터 기반 노후단지
A62180507,장복(2단지),김해시,진영읍여래리,344,경상남도,48250,gimhae,김해,GYEONGNAM,김해시,GIMHAE,False,True,377.0,1992-11-26,33,230.0,0.610079575596817,1.0,1.0,5.0,1,35.3012090369989,128.740886737369,경상남도 김해시 진영로 262-24,True,0.013262599469496022,,,,,,,,,,,,,데이터 기반 노후단지
A62180702,삼성타워(101동102동),김해시,진영읍진영리,375,경상남도,48250,gimhae,김해,GYEONGNAM,김해시,GIMHAE,False,True,198.0,1992-12-23,33,92.0,0.46464646464646464,1.0,3.0,4.0,2,35.3033857842542,128.723779312604,경상남도 김해시 진영로 98-6,True,0.020202020202020204,87000000.0,3437705.80135305,-0.12121212121212122,-0.05102040816326525,0.00512820512820511,120000000.0,-0.275,65000000.0,0.33846153846153837,2.0,True,0.17567567567567566,데이터 기반 노후단지
A62190002,대동삼업,김해시,구산동,316,경상남도,48250,gimhae,김해,GYEONGNAM,김해시,GIMHAE,False,True,240.0,1993-05-15,33,270.0,1.125,0.0,3.0,3.0,2,35.2476604553411,128.875693278437,경상남도 김해시 가락로 242-15,True,0.0125,,,,,,,,,,,,,데이터 기반 노후단지
A62190006,시영,김해시,구산동,256,경상남도,48250,gimhae,김해,GYEONGNAM,김해시,GIMHAE,False,True,567.0,1994-01-25,32,375.0,0.6613756613756614,3.0,8.0,11.0,2,35.2457661985941,128.873329764113,경상남도 김해시 가락로 237,True,0.019400352733686066,,,,,,,,,,,,,데이터 기반 노후단지
A62190007,구산제2주공,김해시,구산동,321,경상남도,48250,gimhae,김해,GYEONGNAM,김해시,GIMHAE,False,True,623.0,1992-05-22,34,424.0,0.680577849117175,4.0,12.0,26.0,1,35.2469351446454,128.87647444147,경상남도 김해시 가락로 242-20,True,0.04173354735152488,,,,,,,,,,,,,데이터 기반 노후단지
A62190101,유신주택,김해시,구산동,491-5,경상남도,48250,gimhae,김해,GYEONGNAM,김해시,GIMHAE,False,True,173.0,1992-10-16,33,114.0,0.6589595375722543,0.0,0.0,1.0,3,35.2519278249781,128.871882740314,경상남도 김해시 가락로 303,True,0.005780346820809248,,,,,,,,,,,,,데이터 기반 노후단지
A62190103,거송월드타운,김해시,구산동,530,경상남도,48250,gimhae,김해,GYEONGNAM,김해시,GIMHAE,False,True,154.0,1990-12-06,35,144.0,0.935064935064935,0.0,0.0,1.0,2,35.2525918244468,128.871148309919,경상남도 김해시 가락로 313,True,0.006493506493506494,,,,,,150400000.0,-0.15226063829787229,95000000.0,0.3421052631578947,0.0,True,,데이터 기반 노후단지
A62190207,홍익,김해시,내동,121-1,경상남도,48250,gimhae,김해,GYEONGNAM,김해시,GIMHAE,False,True,708.0,1990-07-04,36,484.0,0.6836158192090396,6.0,11.0,15.0,1,35.2466630987601,128.865073650488,경상남도 김해시 평전로 211,True,0.0211864406779661,,,,,,,,,,,,,데이터 기반 노후단지
A62190308,동아,김해시,내동,1115-4,경상남도,48250,gimhae,김해,GYEONGNAM,김해시,GIMHAE,False,True,720.0,1996-04-26,30,906.0,1.2583333333333333,5.0,9.0,17.0,2,35.2353119611944,128.862684795052,경상남도 김해시 내외로 55,True,0.02361111111111111,,,,,,,,,,,,,데이터 기반 노후단지
A62190504,현대2차,김해시,내동,1146-1,경상남도,48250,gimhae,김해,GYEONGNAM,김해시,GIMHAE,False,True,493.0,1996-03-23,30,535.0,1.0851926977687627,3.0,6.0,14.0,3,35.2354093639459,128.868437321731,경상남도 김해시 경원로 84,True,0.028397565922920892,251000000.0,9749293.785310734,0.11555555555555563,0.011689691817215797,0.03282275711159732,290000000.0,-0.1344827586206897,205000000.0,0.224390243902439,4.0,False,0.006012024048096087,데이터 기반 노후단지
A62190505,내외대우,김해시,내동,1130,경상남도,48250,gimhae,김해,GYEONGNAM,김해시,GIMHAE,False,True,504.0,1994-09-28,32,394.0,0.7817460317460317,0.0,4.0,16.0,2,35.2416774366662,128.867389173888,경상남도 김해시 내외중앙로 121,True,0.031746031746031744,,,,-0.008379888268156388,-0.013812154696132617,248000000.0,-0.2842741935483871,169000000.0,0.050295857988165604,2.0,True,,데이터 기반 노후단지
A62190510,삼성,김해시,내동,1137-2,경상남도,48250,gimhae,김해,GYEONGNAM,김해시,GIMHAE,False,True,862.0,1996-05-25,30,659.0,0.7645011600928074,6.0,11.0,28.0,2,35.2375607728392,128.868851241932,경상남도 김해시 경원로 83,True,0.03248259860788863,248000000.0,9628688.4088663,0.02268041237113394,0.0051229508196721785,-0.008130081300813052,307000000.0,-0.19218241042345274,215000000.0,0.15348837209302335,5.0,False,-0.006012024048096198,데이터 기반 노후단지
A62190901,대동,김해시,삼방동,193,경상남도,48250,gimhae,김해,GYEONGNAM,김해시,GIMHAE,False,True,216.0,1990-09-26,36,145.0,0.6712962962962963,0.0,0.0,4.0,1,35.2439042492944,128.910529831803,경상남도 김해시 활천로285번길 4,True,0.018518518518518517,,,,,,,,,,,,,데이터 기반 노후단지
A62191402,대아,김해시,안동,333-2,경상남도,48250,gimhae,김해,GYEONGNAM,김해시,GIMHAE,False,True,321.0,1992-11-05,33,314.0,0.9781931464174455,0.0,3.0,8.0,3,35.2374920025906,128.915164071026,경상남도 김해시 분성로627번길 16-3,True,0.024922118380062305,,,,0.04166666666666674,0.05855855855855863,140000000.0,-0.1607142857142857,85000000.0,0.38235294117647056,3.0,False,,데이터 기반 노후단지
A62191403,한효,김해시,안동,333-1,경상남도,48250,gimhae,김해,GYEONGNAM,김해시,GIMHAE,False,True,391.0,1995-06-02,31,250.0,0.639386189258312,0.0,1.0,11.0,3,35.2384620338451,128.917655914866,경상남도 김해시 삼안로112번길 4,True,0.028132992327365727,,,,0.14411441144114412,0.045454545454545414,150000000.0,-0.1333333333333333,92000000.0,0.4130434782608696,1.0,True,,데이터 기반 노후단지
A62191901,동아그린,김해시,외동,7,경상남도,48250,gimhae,김해,GYEONGNAM,김해시,GIMHAE,False,True,288.0,1994-08-24,32,179.0,0.6215277777777778,2.0,3.0,7.0,3,35.2256802798703,128.872084571466,경상남도 김해시 전하로 251,True,0.024305555555555556,,,,-0.22857142857142854,-0.051094890510948954,183000000.0,-0.4098360655737705,108000000.0,0.0,1.0,True,,데이터 기반 노후단지
A62191903,조흥그린타운,김해시,외동,283,경상남도,48250,gimhae,김해,GYEONGNAM,김해시,GIMHAE,False,True,299.0,1993-11-03,32,210.0,0.7023411371237458,1.0,3.0,7.0,2,35.2283904682583,128.866632849771,경상남도 김해시 분성로172번길 18,True,0.023411371237458192,,,,-0.21259842519685035,-0.1387900355871886,165000000.0,-0.3939393939393939,100000000.0,0.0,1.0,True,,데이터 기반 노후단지
A62191912,뜨란채,김해시,외동,1250-1,경상남도,48250,gimhae,김해,GYEONGNAM,김해시,GIMHAE,False,True,1350.0,1996-08-20,30,968.0,0.717037037037037,9.0,29.0,69.0,2,35.2328612268427,128.86243588188,경상남도 김해시 우암로 36,True,0.051111111111111114,,,,,,,,,,,,,데이터 기반 노후단지
A62192204,서광,김해시,외동,1260-3,경상남도,48250,gimhae,김해,GYEONGNAM,김해시,GIMHAE,False,True,366.0,1995-04-22,31,282.0,0.7704918032786885,1.0,7.0,24.0,1,35.2325858224159,128.869798766839,경상남도 김해시 함박로 149,True,0.06557377049180328,,,,,,,,,,,,,데이터 기반 노후단지
A62192205,동일,김해시,외동,1261-1,경상남도,48250,gimhae,김해,GYEONGNAM,김해시,GIMHAE,False,True,375.0,1995-11-27,30,358.0,0.9546666666666667,2.0,4.0,15.0,1,35.2324717564896,128.871627538677,경상남도 김해시 함박로 162,True,0.04,,,,,,,,,,,,,데이터 기반 노후단지
A62192213,내외대동한마음,김해시,외동,1251,경상남도,48250,gimhae,김해,GYEONGNAM,김해시,GIMHAE,False,True,1440.0,1995-11-23,30,995.0,0.6909722222222222,5.0,22.0,51.0,1,35.2334783485348,128.86478303055,경상남도 김해시 함박로101번길 19,True,0.035416666666666666,,,,,,,,,,,,,데이터 기반 노후단지
A62628003,새진흥4,양산시,소주동,535,경상남도,48330,yangsan,양산,GYEONGNAM,양산시,YANGSAN,False,True,345.0,1991-02-07,35,194.0,0.5623188405797102,2.0,3.0,5.0,2,35.399833110468,129.15747632246,경상남도 양산시 모래들1길 14,True,0.014492753623188406,,,,,,,,,,,,,데이터 기반 노후단지
A62671203,대승하이아트1,양산시,덕계동,362,경상남도,48330,yangsan,양산,GYEONGNAM,양산시,YANGSAN,False,True,790.0,1993-12-02,32,413.0,0.5227848101265823,5.0,10.0,22.0,4,35.3756658467868,129.15772012193,경상남도 양산시 웅상대로 866,True,0.027848101265822784,112500000.0,4448771.71959257,0.42405063291139244,,-0.20833333333333337,150000000.0,-0.3666666666666667,79000000.0,0.20253164556962022,4.0,False,0.15681233933161964,데이터 기반 노후단지
A62675505,경보3,양산시,평산동,1108-95,경상남도,48330,yangsan,양산,GYEONGNAM,양산시,YANGSAN,False,True,454.0,1993-05-25,33,360.0,0.7929515418502202,2.0,7.0,18.0,4,35.3698797216419,129.14191224091,경상남도 양산시 평산회야로 33,True,0.039647577092511016,,,,-0.04761904761904767,-0.09492273730684331,140000000.0,-0.2857142857142857,60000000.0,0.6666666666666667,1.0,True,,데이터 기반 노후단지
A62675508,경보2,양산시,평산동,1108-88,경상남도,48330,yangsan,양산,GYEONGNAM,양산시,YANGSAN,False,True,498.0,1992-11-13,33,260.0,0.5220883534136547,2.0,7.0,15.0,3,35.3704222904559,129.143278456621,경상남도 양산시 평산회야로 51,True,0.030120481927710843,,,,0.30000000000000004,-0.2777777777777778,146000000.0,-0.1986301369863014,89000000.0,0.3146067415730338,1.0,True,,데이터 기반 노후단지
A62675614,봉우,양산시,평산동,568,경상남도,48330,yangsan,양산,GYEONGNAM,양산시,YANGSAN,False,True,998.0,1994-01-17,32,614.0,0.6152304609218436,3.0,8.0,30.0,4,35.3856207647202,129.14316418918,경상남도 양산시 신명로 87,True,0.03006012024048096,,,,,-0.07407407407407407,148000000.0,-0.32432432432432434,70000000.0,0.4285714285714286,0.0,True,,데이터 기반 노후단지
A62675713,태원,양산시,평산동,564,경상남도,48330,yangsan,양산,GYEONGNAM,양산시,YANGSAN,False,True,994.0,1993-09-22,33,797.0,0.8018108651911469,5.0,11.0,23.0,4,35.3853787995011,129.146042163377,경상남도 양산시 신명로 73,True,0.023138832997987926,,,,-0.06666666666666665,0.30499999999999994,135000000.0,-0.06666666666666665,78000000.0,0.6153846153846154,1.0,True,,데이터 기반 노후단지
A62677310,황전범어타운,양산시,물금읍범어리,549-1,경상남도,48330,yangsan,양산,GYEONGNAM,양산시,YANGSAN,False,True,496.0,1994-06-03,32,371.0,0.7479838709677419,2.0,5.0,13.0,2,35.3262315034817,128.998280451205,경상남도 양산시 오봉로 15,True,0.02620967741935484,170000000.0,6304787.592717464,0.14093959731543615,0.029032258064516148,0.03161397670549082,194000000.0,-0.12371134020618557,119000000.0,0.4285714285714286,3.0,False,0.0386965376782078,데이터 기반 노후단지
A62677518,대동타운,양산시,물금읍범어리,502-1,경상남도,48330,yangsan,양산,GYEONGNAM,양산시,YANGSAN,False,True,1122.0,1995-09-26,31,1005.0,0.8957219251336899,2.0,7.0,27.0,3,35.3360959159629,129.005474158714,경상남도 양산시 오봉로 165,True,0.02406417112299465,,,,,,,,,,,,,데이터 기반 노후단지
A62677607,주공3,양산시,물금읍범어리,789,경상남도,48330,yangsan,양산,GYEONGNAM,양산시,YANGSAN,False,True,410.0,1990-05-27,36,226.0,0.551219512195122,2.0,3.0,9.0,2,35.3286699530469,129.002389630153,경상남도 양산시 동중1길 7,True,0.02195121951219512,,,,,,,,,,,,,데이터 기반 노후단지
A62677608,주공2,양산시,물금읍범어리,823,경상남도,48330,yangsan,양산,GYEONGNAM,양산시,YANGSAN,False,True,420.0,1990-03-20,36,104.0,0.24761904761904763,1.0,3.0,6.0,2,35.3299522908711,129.001410366869,경상남도 양산시 동중1길 21,True,0.014285714285714285,,,,,,,,,,,,,데이터 기반 노후단지
A62677716,현대1,양산시,물금읍범어리,682-1,경상남도,48330,yangsan,양산,GYEONGNAM,양산시,YANGSAN,False,True,956.0,1996-03-20,30,583.0,0.6098326359832636,3.0,12.0,26.0,3,35.3333908641773,129.00680302955,경상남도 양산시 오봉로 180,True,0.027196652719665274,161000000.0,6262597.68732982,-0.003095975232198178,0.009374999999999911,0.009463722397476282,215000000.0,-0.35813953488372097,131000000.0,0.05343511450381677,4.0,False,-0.016293279022403184,데이터 기반 노후단지
A62678205,일양하이츠타운,양산시,상북면대석리,665,경상남도,48330,yangsan,양산,GYEONGNAM,양산시,YANGSAN,False,True,296.0,1992-08-03,34,245.0,0.8277027027027027,0.0,1.0,2.0,3,35.3938994959971,129.053640154573,경상남도 양산시 공암길 26,True,0.006756756756756757,,,,,,147000000.0,-0.38095238095238093,78000000.0,0.16666666666666674,0.0,True,,데이터 기반 노후단지
A62678304,진일석계2,양산시,상북면석계리,237-1,경상남도,48330,yangsan,양산,GYEONGNAM,양산시,YANGSAN,False,True,240.0,1992-06-04,34,128.0,0.5333333333333333,0.0,4.0,6.0,2,35.4158060588127,129.058953400086,경상남도 양산시 반회서7길 20,True,0.025,,,,-0.1428571428571429,-0.09930715935334877,132500000.0,-0.3207547169811321,90000000.0,0.0,2.0,True,,데이터 기반 노후단지
A62678306,진일석계1,양산시,상북면석계리,244-1,경상남도,48330,yangsan,양산,GYEONGNAM,양산시,YANGSAN,False,True,330.0,1992-04-14,34,134.0,0.40606060606060607,3.0,7.0,10.0,1,35.4137972567441,129.057441998958,경상남도 양산시 반회서5길 21,True,0.030303030303030304,,,,,,,,,,,,,데이터 기반 노후단지
A62678407,대우마리나,양산시,상북면소토리,908,경상남도,48330,yangsan,양산,GYEONGNAM,양산시,YANGSAN,False,True,622.0,1994-11-29,31,544.0,0.8745980707395499,2.0,9.0,19.0,4,35.3882106769819,129.047976169227,경상남도 양산시 감결길 17,True,0.03054662379421222,90000000.0,3495762.7118644067,-0.18552036199095023,0.1210526315789473,0.11944444444444446,140000000.0,-0.3571428571428571,83000000.0,0.0843373493975903,4.0,False,0.0,데이터 기반 노후단지
A62681201,삼전무지개,양산시,물금읍물금리,496,경상남도,48330,yangsan,양산,GYEONGNAM,양산시,YANGSAN,False,True,168.0,1992-10-24,33,41.0,0.24404761904761904,0.0,0.0,0.0,4,35.3130991311366,128.986562161896,경상남도 양산시 원동로 59,True,0.0,,,,,,145000000.0,0.0,145000000.0,0.0,0.0,True,,데이터 기반 노후단지
A62681302,경민,양산시,물금읍범어리,682-3,경상남도,48330,yangsan,양산,GYEONGNAM,양산시,YANGSAN,False,True,210.0,1994-10-31,31,221.0,1.0523809523809524,1.0,4.0,6.0,2,35.3331670031792,129.009195683571,경상남도 양산시 황산로 707,True,0.02857142857142857,160000000.0,6229353.468617272,-0.027355623100303927,-0.0817790530846485,0.1428571428571428,225500000.0,-0.2904656319290465,125000000.0,0.28,3.0,False,-0.022403258655804392,데이터 기반 노후단지
A62681304,그린피아,양산시,물금읍범어리,502-3,경상남도,48330,yangsan,양산,GYEONGNAM,양산시,YANGSAN,False,True,300.0,1990-08-29,36,151.0,0.5033333333333333,0.0,0.0,0.0,1,35.334335334622,129.008637811161,경상남도 양산시 오봉로 185,True,0.0,,,,,,,,,,,,,데이터 기반 노후단지
A62681305,성원,양산시,물금읍범어리,502-4,경상남도,48330,yangsan,양산,GYEONGNAM,양산시,YANGSAN,False,True,314.0,1996-05-13,30,143.0,0.4554140127388535,4.0,7.0,13.0,1,35.3346653585115,129.007497559481,경상남도 양산시 오봉로 179,True,0.041401273885350316,,,,,,,,,,,,,데이터 기반 노후단지
A62681409,덕산타운,양산시,물금읍범어리,549,경상남도,48330,yangsan,양산,GYEONGNAM,양산시,YANGSAN,False,True,483.0,1993-08-02,33,384.0,0.7950310559006211,0.0,3.0,13.0,3,35.3271701708513,128.996970289029,경상남도 양산시 오봉로 29,True,0.026915113871635612,,,,-0.019963702359346636,-0.0692567567567568,204010000.0,-0.3627763344934072,108000000.0,0.20370370370370372,3.0,False,,데이터 기반 노후단지
A62682102,해강,양산시,동면석산리,699-3,경상남도,48330,yangsan,양산,GYEONGNAM,양산시,YANGSAN,False,True,460.0,1992-01-28,34,265.0,0.5760869565217391,1.0,2.0,12.0,4,35.3156769667665,129.029304301566,경상남도 양산시 석산6길 28,True,0.02608695652173913,,,,,0.04365079365079372,180000000.0,-0.1777777777777778,108000000.0,0.37037037037037046,0.0,True,,데이터 기반 노후단지
A62682104,극동,양산시,동면석산리,300,경상남도,48330,yangsan,양산,GYEONGNAM,양산시,YANGSAN,False,True,886.0,1995-09-07,31,382.0,0.43115124153498874,1.0,5.0,20.0,2,35.3286529125701,129.036366690499,경상남도 양산시 계석로 10,True,0.022573363431151242,,,,,0.008620689655172376,158000000.0,-0.2784810126582279,99500000.0,0.14572864321608048,0.0,True,,데이터 기반 노후단지
A62684201,경보1,양산시,덕계동,1220,경상남도,48330,yangsan,양산,GYEONGNAM,양산시,YANGSAN,False,True,227.0,1992-03-26,34,171.0,0.7533039647577092,0.0,1.0,2.0,4,35.3706009039697,129.144450561088,경상남도 양산시 덕계회야길 7,True,0.00881057268722467,,,,,0.05555555555555558,131000000.0,-0.2748091603053435,80000000.0,0.1875,0.0,True,,데이터 기반 노후단지
A62684202,대승하이아트2,양산시,덕계동,811-45,경상남도,48330,yangsan,양산,GYEONGNAM,양산시,YANGSAN,False,True,476.0,1994-11-14,31,300.0,0.6302521008403361,1.0,3.0,11.0,4,35.3848853724612,129.157041751297,경상남도 양산시 덕계북길 9,True,0.023109243697478993,82000000.0,3183903.9887045533,-0.13684210526315788,-0.19999999999999996,-0.09502262443438914,160000000.0,-0.48750000000000004,82000000.0,0.0,3.0,False,-0.15681233933161953,데이터 기반 노후단지
A62684801,새진흥6,양산시,평산동,398,경상남도,48330,yangsan,양산,GYEONGNAM,양산시,YANGSAN,False,True,161.0,1992-09-09,34,80.0,0.4968944099378882,1.0,4.0,6.0,2,35.3814184342962,129.144462161041,경상남도 양산시 평산로 95,True,0.037267080745341616,,,,,,,,,,,,,데이터 기반 노후단지
A62684803,새진흥8,양산시,평산동,46-1,경상남도,48330,yangsan,양산,GYEONGNAM,양산시,YANGSAN,False,True,420.0,1993-01-21,33,200.0,0.47619047619047616,1.0,2.0,10.0,3,35.3862317292172,129.149901321979,경상남도 양산시 신명2길 16-33,True,0.023809523809523808,67000000.0,2627450.980392156,-0.042857142857142816,0.07450980392156858,-0.1166666666666667,110000000.0,-0.3909090909090909,57500000.0,0.16521739130434776,2.0,True,-0.30927835051546393,데이터 기반 노후단지
A62684804,선우2,양산시,평산동,117-1,경상남도,48330,yangsan,양산,GYEONGNAM,양산시,YANGSAN,False,True,420.0,1992-07-31,34,240.0,0.5714285714285714,1.0,4.0,13.0,3,35.3801002335148,129.149002045376,경상남도 양산시 평산11길 5,True,0.030952380952380953,127000000.0,4976843.605272532,0.7162162162162162,0.37671232876712324,0.013698630136986356,127000000.0,0.0,60000000.0,1.1166666666666667,2.0,True,0.30927835051546393,데이터 기반 노후단지
A62684806,새진흥5,양산시,평산동,391,경상남도,48330,yangsan,양산,GYEONGNAM,양산시,YANGSAN,False,True,483.0,1992-04-13,34,271.0,0.5610766045548654,3.0,6.0,17.0,2,35.38140767338,129.145899977612,경상남도 양산시 평산13길 19,True,0.035196687370600416,,,,,,,,,,,,,데이터 기반 노후단지
A62684807,새진흥7,양산시,평산동,51-5,경상남도,48330,yangsan,양산,GYEONGNAM,양산시,YANGSAN,False,True,484.0,1992-08-20,34,324.0,0.6694214876033058,2.0,3.0,13.0,4,35.3848052969086,129.150714249173,경상남도 양산시 평산중앙4길 20,True,0.026859504132231406,,,,,0.1333333333333333,105000000.0,-0.19047619047619047,75000000.0,0.1333333333333333,0.0,True,,데이터 기반 노후단지
A62684809,선우4,양산시,평산동,163,경상남도,48330,yangsan,양산,GYEONGNAM,양산시,YANGSAN,False,True,499.0,1992-08-20,34,230.0,0.46092184368737477,4.0,10.0,15.0,3,35.3775155338704,129.150628639971,경상남도 양산시 평산회야로 149,True,0.03006012024048096,,,,,,130000000.0,-0.038461538461538436,85000000.0,0.47058823529411775,0.0,True,,데이터 기반 노후단지
A62684902,선우5,양산시,평산동,1108-13,경상남도,48330,yangsan,양산,GYEONGNAM,양산시,YANGSAN,False,True,264.0,1992-08-26,34,166.0,0.6287878787878788,2.0,4.0,9.0,2,35.3767599993359,129.149380492419,경상남도 양산시 평산회야로 135,True,0.03409090909090909,,,,,,116000000.0,-0.13793103448275867,100000000.0,0.0,0.0,True,,데이터 기반 노후단지
A62685401,한영,양산시,상북면석계리,505,경상남도,48330,yangsan,양산,GYEONGNAM,양산시,YANGSAN,False,True,159.0,1992-04-30,34,75.0,0.4716981132075472,1.0,1.0,5.0,5,35.410060648448,129.057742475288,경상남도 양산시 반회서1길 6,True,0.031446540880503145,,,,,,110000000.0,-0.3545454545454545,71000000.0,0.0,0.0,True,,데이터 기반 노후단지
A62685402,동우강변타워1,양산시,상북면석계리,236-1,경상남도,48330,yangsan,양산,GYEONGNAM,양산시,YANGSAN,False,True,160.0,1992-10-27,33,75.0,0.46875,0.0,1.0,4.0,2,35.4171273468603,129.060371080876,경상남도 양산시 삼계1길 9,True,0.025,,,,,,,,,,,,,데이터 기반 노후단지
A62685403,한성강변타운,양산시,상북면석계리,15-4,경상남도,48330,yangsan,양산,GYEONGNAM,양산시,YANGSAN,False,True,199.0,1992-11-13,33,101.0,0.507537688442211,1.0,3.0,3.0,3,35.4206799750246,129.064014930406,경상남도 양산시 상북중앙로 437-3,True,0.01507537688442211,,,,,-0.0029325513196480912,134000000.0,-0.3656716417910447,80000000.0,0.0625,1.0,True,,데이터 기반 노후단지
A62686201,진흥목화,양산시,하북면용연리,437,경상남도,48330,yangsan,양산,GYEONGNAM,양산시,YANGSAN,False,True,165.0,1993-08-06,33,98.0,0.593939393939394,0.0,1.0,4.0,2,35.4442349420612,129.0734881153,경상남도 양산시 용연로 59,True,0.024242424242424242,,,,,,124000000.0,-0.3548387096774194,74000000.0,0.08108108108108114,0.0,True,,데이터 기반 노후단지
