internal_complex_id,complex_name,sigungu,dong,jibun,sido,region_code,region_key,region_name,region_level_1,region_level_2,market_area,is_busan,is_satellite,households,approval_date,apartment_age,parking_total,parking_per_household,transactions_3m,transactions_6m,transactions_12m,area_variety,latitude,longitude,road_address,provisional,turnover_12m,price_84,price_84_per_3_3sqm,price_change_3m,price_change_6m,price_change_12m,rolling_peak,drawdown_from_peak,rolling_trough,recovery_from_trough,sample_count,low_sample_flag,p_households,p_turnover,p_price_84,p_area_variety,representative_score,scope,rank
A10021688,새들맨션,중구,대청동4가,79-1,부산광역시,26110,busan,부산,BUSAN,부산광역시,BUSAN_CORE,True,False,131.0,1981-04-08,45,57.0,0.4351145038167939,1.0,2.0,4.0,1,35.1049075011062,129.029882668148,부산광역시 중구 중구로 81,True,0.030534351145038167,230000000.0,9021752.050398193,0.0,-0.017094017094017144,-0.2068965517241379,370000000.0,-0.3783783783783784,154000000.0,0.49350649350649345,2.0,True,0.45454545454545453,0.8181818181818182,1.0,0.21686746987951808,0.6643483023001095,district,2.0
A10022267,오션라이프에일린의뜰1단지,영도구,동삼동,1195,부산광역시,26200,busan,부산,BUSAN,부산광역시,BUSAN_CORE,True,False,1228.0,2023-06-28,3,1292.0,1.0521172638436482,5.0,21.0,49.0,5,35.0755544541612,129.074599795214,부산광역시 영도구 태종로 611,True,0.039902280130293157,498000000.0,19348799.971743263,0.07096774193548394,-0.01098901098901095,-0.018993839835729,510000000.0,-0.02352941176470591,431900000.0,0.15304468626996992,6.0,False,0.9473684210526315,0.8947368421052632,1.0,0.9852941176470589,0.9504256965944272,district,1.0
A10022434,e편한세상송도더퍼스트비치,서구,암남동,778,부산광역시,26140,busan,부산,BUSAN,부산광역시,BUSAN_CORE,True,False,1302.0,2024-08-09,2,1475.0,1.1328725038402458,31.0,92.0,128.0,3,35.0755106315152,129.015072978936,부산광역시 서구 충무대로21번길 9,True,0.09831029185867896,616550000.0,24053369.397057302,0.0760034904013962,-0.0701606425702811,0.0976744186046512,674155000.0,-0.0572642789862865,521000000.0,0.21986564299424183,42.0,False,0.975,1.0,0.8695652173913043,0.8483606557377049,0.9371454027084818,district,1.0
A10022890,레이카운티(5단지),연제구,거제동,1536,부산광역시,26470,busan,부산,BUSAN,부산광역시,BUSAN_CORE,True,False,4470.0,2023-11-29,2,5335.0,1.1935123042505593,42.0,120.0,298.0,6,35.1899959215514,129.066108752828,부산광역시 연제구 아시아드대로 39,True,0.06666666666666667,1040000000.0,40459245.444503516,0.019607843137254832,0.06266820453671662,0.08429926238145424,1079000000.0,-0.009267840593141785,630000000.0,0.6968253968253968,65.0,False,1.0,0.8316831683168316,1.0,0.9984939759036144,0.9492790468805916,district,1.0
A10022905,포레나부산덕천2차,북구,덕천동,823,부산광역시,26320,busan,부산,BUSAN,부산광역시,BUSAN_CORE,True,False,795.0,2023-11-29,2,889.0,1.1182389937106918,7.0,22.0,47.0,3,35.2135475612397,129.015417583227,부산광역시 북구 만덕대로 101,True,0.05911949685534591,693000000.0,26957129.570800625,0.021370670596905006,0.01905829596412567,0.02083333333333326,693000000.0,0.0,657000000.0,0.0547945205479452,6.0,False,0.6981132075471698,0.9433962264150944,1.0,0.7864321608040201,0.8604176543092823,district,4.0
A10022999,대연푸르지오클라센트1단지,남구,대연동,1933,부산광역시,26290,busan,부산,BUSAN,부산광역시,BUSAN_CORE,True,False,1057.0,2024-08-09,2,1132.0,1.0709555345316935,11.0,39.0,95.0,3,35.1290634154305,129.085064400067,부산광역시 남구 유엔로 81,True,0.08987701040681173,720000000.0,27965311.71435835,0.0027855153203342198,0.005954465849387081,0.00917431192660545,750000000.0,-0.07999999999999996,663000000.0,0.040723981900452566,9.0,False,0.9090909090909091,0.98989898989899,0.8555555555555555,0.806497175141243,0.9045604348570451,district,3.0
A10023040,양정포레힐즈스위첸1단지,부산진구,양정동,531,부산광역시,26230,busan,부산,BUSAN,부산광역시,BUSAN_CORE,True,False,1338.0,2023-08-31,3,1566.0,1.1704035874439462,20.0,49.0,120.0,4,35.1723960004205,129.079723130345,부산광역시 부산진구 양연로 36,True,0.08968609865470852,745000000.0,28928894.455498666,-0.019736842105263164,-0.0019893899204244114,0.05454545454545445,783000000.0,-0.07407407407407407,324000000.0,1.2376543209876543,29.0,False,0.906832298136646,0.9813664596273292,0.935064935064935,0.9387966804979253,0.941045363170115,district,2.0
A10023104,사상중흥에스-클래스그랜드센트럴,사상구,덕포동,795,부산광역시,26530,busan,부산,BUSAN,부산광역시,BUSAN_CORE,True,False,1572.0,2023-12-20,2,1667.0,1.0604325699745547,15.0,48.0,96.0,4,35.1716317464552,128.983687212587,부산광역시 사상구 사상로 300,True,0.061068702290076333,642500000.0,24955244.75030631,-0.003875968992248069,0.005859375,-0.03759398496240607,740000000.0,-0.1317567567567568,600000000.0,0.0708333333333333,15.0,False,0.9666666666666667,0.9888888888888889,1.0,0.9419889502762431,0.9779650092081031,district,1.0
A10023208,두산위브더제니스하버시티,동구,범일동,1664,부산광역시,26170,busan,부산,BUSAN,부산광역시,BUSAN_CORE,True,False,2040.0,2023-05-25,3,2247.0,1.1014705882352942,8.0,23.0,73.0,3,35.1326704859309,129.057266019849,부산광역시 동구 범일로 21,True,0.035784313725490194,635000000.0,24679943.9386623,0.0,-0.055762081784386575,-0.051094890510948954,800000000.0,-0.20625000000000004,420000000.0,0.5119047619047619,8.0,False,1.0,0.56,1.0,0.9027777777777778,0.8534166666666666,district,3.0
A10023440,힐스테이트사하역,사하구,괴정동,1295,부산광역시,26380,busan,부산,BUSAN,부산광역시,BUSAN_CORE,True,False,1314.0,2022-12-28,3,1566.0,1.1917808219178083,9.0,25.0,71.0,2,35.0980414493449,128.97932578032,부산광역시 사하구 괴정로 166,True,0.05403348554033485,580000000.0,22523635.69607919,-0.049180327868852514,-0.026186579378068786,0.007500000000000062,627500000.0,-0.0916334661354582,532500000.0,0.07042253521126751,23.0,False,0.9230769230769231,0.9,1.0,0.544047619047619,0.8785302197802198,district,3.0
A10023526,힐스테이트연산,연제구,연산동,2382,부산광역시,26470,busan,부산,BUSAN,부산광역시,BUSAN_CORE,True,False,1651.0,2021-11-30,4,1869.0,1.1320411871592975,17.0,35.0,117.0,4,35.173358042705,129.088891402581,부산광역시 연제구 봉수로 2,True,0.07086614173228346,628500000.0,24418650.40783286,0.027800490596892935,0.006720977596741395,0.0696560731388769,659000000.0,0.0,539500000.0,0.22150139017608894,16.0,False,0.9603960396039604,0.8712871287128713,0.7346938775510204,0.9623493975903614,0.8775308295213589,district,4.0
A10023544,센트럴스타힐스,사상구,괘법동,984,부산광역시,26530,busan,부산,BUSAN,부산광역시,BUSAN_CORE,True,False,874.0,2022-11-04,3,791.0,0.9050343249427918,5.0,15.0,44.0,2,35.1641703820883,128.981914602925,부산광역시 사상구 사상로223번길 23,True,0.05034324942791762,540000000.0,21012614.643740665,-0.05346187554776516,0.04566854990583802,-0.03856502242152471,605500000.0,-0.10817506193228732,374000000.0,0.44385026737967914,3.0,False,0.7833333333333333,0.9555555555555556,0.9310344827586207,0.5580110497237569,0.8381269448148854,district,3.0
A10023571,주례롯데캐슬골드스마트,사상구,주례동,1289,부산광역시,26530,busan,부산,BUSAN,부산광역시,BUSAN_CORE,True,False,998.0,2022-10-27,3,1160.0,1.1623246492985972,9.0,23.0,61.0,3,35.1523287221475,128.996756992175,부산광역시 사상구 가야대로255번길 5,True,0.061122244488977955,585000000.0,22747308.36952973,0.003172425619480501,-0.0014554794520548198,-0.03849958779884588,680000000.0,-0.11764705882352944,546000000.0,0.098901098901099,18.0,False,0.8611111111111112,1.0,0.9655172413793104,0.7983425414364641,0.9194640248936305,district,2.0
A10023607,더샵남천프레스티지,수영구,남천동,599,부산광역시,26500,busan,부산,BUSAN,부산광역시,BUSAN_CORE,True,False,975.0,2022-09-26,4,1167.0,1.196923076923077,9.0,23.0,55.0,4,35.1423137657431,129.105669413733,부산광역시 수영구 수영로 389,True,0.05641025641025641,1231500000.0,48306402.34117767,-0.08608534322820038,0.08284518828451892,0.15093457943925226,1350000000.0,-0.07925925925925925,650000000.0,0.9123076923076923,10.0,False,0.8571428571428571,0.7777777777777778,0.9743589743589743,0.9633431085043989,0.8785674003415939,district,2.0
A10023616,래미안어반파크2단지,부산진구,연지동,420,부산광역시,26230,busan,부산,BUSAN,부산광역시,BUSAN_CORE,True,False,2616.0,2022-09-29,4,3191.0,1.2198012232415902,24.0,59.0,140.0,7,35.17424270798,129.054541548223,부산광역시 부산진구 성지로 37,True,0.053516819571865444,757500000.0,29457341.50365308,-0.0026333113890717463,-0.005897771952817821,0.02499999999999991,850000000.0,-0.10999999999999999,630000000.0,0.20079365079365075,40.0,False,0.9937888198757764,0.7888198757763976,0.948051948051948,0.9989626556016598,0.9216399940488882,district,4.0
A10023625,e편한세상시민공원1단지,부산진구,전포동,927,부산광역시,26230,busan,부산,BUSAN,부산광역시,BUSAN_CORE,True,False,1401.0,2022-09-29,4,1667.0,1.1898643825838686,11.0,43.0,103.0,5,35.1653348393502,129.070049332342,부산광역시 부산진구 진남로 460,True,0.07351891506067094,770000000.0,29904707.447677724,0.023255813953488413,0.03197278911564627,0.06914893617021267,787000000.0,-0.027954256670902122,530000000.0,0.44339622641509435,20.0,False,0.9254658385093167,0.9316770186335404,0.961038961038961,0.9875518672199171,0.945535377485585,district,1.0
A10023704,대신해모로센트럴아파트,서구,서대신동2가,576,부산광역시,26140,busan,부산,BUSAN,부산광역시,BUSAN_CORE,True,False,733.0,2022-07-29,4,800.0,1.0914051841746248,9.0,25.0,58.0,5,35.1113590671005,129.011559245152,부산광역시 서구 대티로 178,True,0.0791268758526603,626000000.0,24319494.444588333,0.0016000000000000458,0.04166666666666674,0.00577081615828523,652000000.0,-0.07975460122699385,550000000.0,0.09090909090909083,9.0,False,0.875,0.95,0.9565217391304348,0.9959016393442623,0.9360156806842481,district,2.0
A10023837,부산오션시티푸르지오,영도구,동삼동,1180,부산광역시,26200,busan,부산,BUSAN,부산광역시,BUSAN_CORE,True,False,846.0,2022-04-28,4,937.0,1.107565011820331,1.0,9.0,23.0,2,35.0685254126271,129.084094589982,부산광역시 영도구 동삼오션로 30,True,0.027186761229314422,385000000.0,14962320.390327545,-0.03629536921151444,-0.021144278606965217,-0.04308797127468578,521250000.0,-0.2613908872901679,380000000.0,0.013157894736842035,9.0,False,0.8421052631578947,0.631578947368421,0.8,0.5529411764705883,0.725046439628483,district,4.0
A10023912,일광한신더휴센트럴포레2단지,기장군,일광읍삼성리,792,부산광역시,26710,busan,부산,BUSAN,부산광역시,BUSAN_GIJANG,True,False,1298.0,2020-06-19,6,1574.0,1.2126348228043142,8.0,20.0,49.0,3,35.2623212335079,129.220342194822,부산광역시 기장군 해빛3로 62,True,0.03775038520801233,452250000.0,17570943.674789935,-0.0636645962732919,0.0010752688172042113,-0.005344735435595993,670000000.0,-0.3216417910447761,406800000.0,0.11725663716814161,9.0,False,0.9516129032258065,0.6290322580645161,0.8857142857142857,0.9037433155080213,0.8311836171418714,district,2.0
A10023928,사하코오롱하늘채,사하구,신평동,674,부산광역시,26380,busan,부산,BUSAN,부산광역시,BUSAN_CORE,True,False,969.0,2021-12-31,4,1042.0,1.0753353973168214,11.0,29.0,66.0,3,35.09221648435,128.968189299826,부산광역시 사하구 신산북로 41,True,0.06811145510835913,339250000.0,13187281.124881174,0.0543900543900544,-0.06864161849710981,-0.05652477320307048,385000000.0,-0.0714285714285714,303000000.0,0.17986798679867988,7.0,False,0.8692307692307693,0.9692307692307692,0.8409090909090909,0.8071428571428572,0.8828371628371628,district,2.0
A10023963,부산항일동미라주더오션(1지구),동구,좌천동,1176,부산광역시,26170,busan,부산,BUSAN,부산광역시,BUSAN_CORE,True,False,546.0,2021-12-30,4,650.0,1.1904761904761905,6.0,11.0,26.0,3,35.13172851113,129.05245707811,부산광역시 동구 자성로 2,True,0.047619047619047616,517500000.0,20120291.716248218,0.011730205278592365,0.014705882352941124,-0.04195804195804198,570000000.0,-0.09210526315789469,450000000.0,0.1499999999999999,4.0,False,0.72,0.8,0.6428571428571429,0.9027777777777778,0.7521309523809523,district,5.0
A10023969,괴정한신더휴,사하구,괴정동,1286,부산광역시,26380,busan,부산,BUSAN,부산광역시,BUSAN_CORE,True,False,835.0,2022-06-10,4,902.0,1.0802395209580837,5.0,14.0,44.0,4,35.1076784658799,128.998897634279,부산광역시 사하구 사리로 106,True,0.05269461077844311,500000000.0,19444477.17925451,-0.014778325123152691,0.008572869389813498,-0.005410566518141313,560000000.0,-0.1071428571428571,450000000.0,0.11111111111111116,5.0,False,0.8307692307692308,0.8846153846153846,0.9318181818181818,0.9535714285714286,0.8906056443556443,district,1.0
A10023972,삼계한라비발디센텀시티,김해시,삼계동,1549,경상남도,48250,gimhae,김해,GYEONGNAM,김해시,GIMHAE,False,True,1936.0,2021-12-29,4,2732.0,1.4111570247933884,25.0,69.0,145.0,3,35.2722842937178,128.865974236888,경상남도 김해시 두곡로 15,True,0.07489669421487603,409000000.0,15883625.990446523,0.009876543209876631,0.0,-0.013956310679611672,448000000.0,-0.0825892857142857,315000000.0,0.3047619047619048,48.0,False,0.9809523809523809,0.9857142857142858,0.9145299145299145,0.9171374764595104,0.9562031001014051,district,1.0
A10023975,동래래미안아이파크,동래구,온천동,1853,부산광역시,26260,busan,부산,BUSAN,부산광역시,BUSAN_CORE,True,False,3853.0,2022-06-14,4,4277.0,1.1100441214637944,22.0,53.0,197.0,6,35.2108185382833,129.071308200134,부산광역시 동래구 충렬대로107번길 65,True,0.05112899039709318,977500000.0,36843544.66451042,-0.022499999999999964,-0.018610421836228297,0.10373443983402497,1060000000.0,-0.160377358490566,770000000.0,0.1558441558441559,23.0,False,0.991869918699187,0.8048780487804879,0.953125,0.9987951807228915,0.9271249173523362,district,1.0
A10024005,동래3차SKVIEW,동래구,온천동,1850,부산광역시,26260,busan,부산,BUSAN,부산광역시,BUSAN_CORE,True,False,999.0,2021-12-06,4,1148.0,1.1491491491491492,10.0,28.0,98.0,3,35.2164407285619,129.07979446266,부산광역시 동래구 온천장로65번길 9,True,0.0980980980980981,564250000.0,21937391.993325293,-0.009653356735410235,0.025270758122743597,0.03888888888888897,595000000.0,-0.025210084033613467,394300000.0,0.4709611970580776,15.0,False,0.9065040650406504,0.975609756097561,0.640625,0.8180722891566266,0.8475012397149573,district,3.0
A10024226,삼한골든뷰에듀스테이션,금정구,부곡동,981,부산광역시,26410,busan,부산,BUSAN,부산광역시,BUSAN_CORE,True,False,610.0,2021-06-30,5,758.0,1.2426229508196722,4.0,12.0,53.0,3,35.2308898916178,129.089724186277,부산광역시 금정구 중앙대로1629번길 16,True,0.08688524590163935,599750000.0,23352471.938165314,-0.03227107704719645,0.037238493723849464,0.0033333333333334103,642000000.0,-0.12305295950155759,525000000.0,0.07238095238095243,8.0,False,0.8235294117647058,0.9764705882352941,0.9545454545454546,0.8837471783295711,0.9111984403857992,district,2.0
A10024303,영도센트럴에일린의뜰,영도구,봉래동4가,343,부산광역시,26200,busan,부산,BUSAN,부산광역시,BUSAN_CORE,True,False,1216.0,2021-04-29,5,1336.0,1.0986842105263157,4.0,14.0,53.0,5,35.0935638945661,129.047480684119,부산광역시 영도구 태종로 172,True,0.04358552631578947,490000000.0,19050132.361309264,0.04366347177848784,-0.04322824716267337,-0.051851851851851816,558000000.0,-0.11290322580645162,455000000.0,0.08791208791208782,8.0,False,0.9210526315789473,0.9473684210526315,0.9333333333333333,0.9852941176470589,0.9416537667698658,district,2.0
A10024328,동대신역비스타동원아파트,서구,동대신동1가,420,부산광역시,26140,busan,부산,BUSAN,부산광역시,BUSAN_CORE,True,False,503.0,2021-03-30,5,558.0,1.1093439363817097,7.0,19.0,40.0,4,35.1103728686337,129.022816608344,부산광역시 서구 보수대로154번길 29,True,0.07952286282306163,510000000.0,19934097.848823022,-0.09734513274336287,0.0117647058823529,0.014804202483285511,685000000.0,-0.25547445255474455,490000000.0,0.04081632653061229,2.0,True,0.775,0.975,0.782608695652174,0.9610655737704918,0.8648120099786172,district,5.0
A10024341,화명푸르지오헤리센트,북구,화명동,2341,부산광역시,26320,busan,부산,BUSAN,부산광역시,BUSAN_CORE,True,False,886.0,2021-03-24,5,1124.0,1.2686230248306998,8.0,21.0,60.0,4,35.2391676993315,129.016022012086,부산광역시 북구 산성로 28,True,0.06772009029345373,628000000.0,24394607.854677632,-0.024087024087024123,0.009016072128577024,0.04035874439461873,744000000.0,-0.11693548387096775,520000000.0,0.2634615384615384,12.0,False,0.7547169811320755,0.9811320754716981,0.9473684210526315,0.9221105527638191,0.8959134051588628,district,1.0
A10024535,대신푸르지오2차,서구,서대신동2가,570,부산광역시,26140,busan,부산,BUSAN,부산광역시,BUSAN_CORE,True,False,815.0,2021-01-22,5,944.0,1.158282208588957,5.0,20.0,52.0,5,35.1084567309889,129.013588861488,부산광역시 서구 고운들로 181,True,0.0638036809815951,624750000.0,24266847.93163721,0.0771551724137931,-0.009090909090909038,-0.00497512437810943,650000000.0,0.0,500000000.0,0.30000000000000004,9.0,False,0.925,0.9,0.9130434782608695,0.9959016393442623,0.9251461154668569,district,3.0
A10024602,서면아이파크1단지,부산진구,전포동,908,부산광역시,26230,busan,부산,BUSAN,부산광역시,BUSAN_CORE,True,False,2144.0,2020-10-16,5,2342.0,1.0923507462686568,23.0,61.0,148.0,5,35.1551400379108,129.068740212481,부산광역시 부산진구 동성로 50,True,0.06902985074626866,690000000.0,26873979.095655784,-0.017094017094017144,-0.021276595744680882,0.008801868151607772,890000000.0,-0.2247191011235955,614000000.0,0.12377850162866455,21.0,False,0.9627329192546584,0.906832298136646,0.922077922077922,0.9875518672199171,0.9395218258198593,district,3.0
A10024664,더샵명지퍼스트월드3단지,강서구,명지동,3595-3,부산광역시,26440,busan,부산,BUSAN,부산광역시,BUSAN_CORE,True,False,1530.0,2020-07-28,6,1830.0,1.196078431372549,16.0,37.0,87.0,2,35.0947817266961,128.906874174632,부산광역시 강서구 명지국제2로 41,True,0.056862745098039215,568750000.0,22081661.70570726,-0.024442538593482,-0.043587594300083854,-0.010000000000000009,900000000.0,-0.36944444444444446,500100000.0,0.13477304539092172,35.0,False,0.975609756097561,0.8292682926829268,0.896551724137931,0.53125,0.845288845668629,district,1.0
A10024695,광안자이,수영구,광안동,1334,부산광역시,26500,busan,부산,BUSAN,부산광역시,BUSAN_CORE,True,False,971.0,2020-08-06,6,1107.0,1.1400617919670444,13.0,28.0,53.0,5,35.1552831735431,129.109801726186,부산광역시 수영구 호암로29번길 50,True,0.05458290422245108,1030000000.0,40234375.0,0.02487562189054726,0.015151515151515138,0.17543859649122817,1445000000.0,-0.20415224913494812,297000000.0,2.872053872053872,14.0,False,0.8412698412698413,0.746031746031746,0.8717948717948718,0.9882697947214076,0.8423796633474052,district,4.0
A10024697,더샵명지퍼스트월드2단지,강서구,명지동,3594,부산광역시,26440,busan,부산,BUSAN,부산광역시,BUSAN_CORE,True,False,1406.0,2020-07-28,6,1690.0,1.20199146514936,9.0,30.0,66.0,2,35.0975218758561,128.905203069718,부산광역시 강서구 명지국제7로 37,True,0.04694167852062589,593000000.0,23033625.868660428,0.026839826839826886,-0.010152284263959421,-0.006342494714587699,890000000.0,-0.33370786516853934,540000000.0,0.0981481481481481,22.0,False,0.926829268292683,0.7560975609756098,0.9655172413793104,0.53125,0.8259448591253155,district,2.0
A10024906,일광자이푸르지오1단지,기장군,일광읍삼성리,783,부산광역시,26710,busan,부산,BUSAN,부산광역시,BUSAN_GIJANG,True,False,488.0,2020-01-23,6,590.0,1.209016393442623,2.0,9.0,24.0,3,35.2662872164539,129.222305202514,부산광역시 기장군 해빛로 39-15,True,0.04918032786885246,499000000.0,19379370.567647148,-0.025152625152625174,-0.002949852507374673,0.006930693069306937,778000000.0,-0.3791773778920309,383000000.0,0.2610966057441253,5.0,False,0.4838709677419355,0.8709677419354839,0.9428571428571428,0.9037433155080213,0.7777273959437148,district,4.0
A10024909,일광자이푸르지오2단지,기장군,일광읍삼성리,785,부산광역시,26710,busan,부산,BUSAN,부산광역시,BUSAN_GIJANG,True,False,1059.0,2020-01-23,6,1277.0,1.2058545797922569,3.0,17.0,55.0,3,35.266508511069,129.224075807701,부산광역시 기장군 해빛로 29,True,0.05193578847969783,525000000.0,20396843.794773214,-0.015932521087160256,-0.0291173794358508,0.02083333333333326,829000000.0,-0.35464414957780455,400000000.0,0.3374999999999999,13.0,False,0.9032258064516129,0.9032258064516129,0.9714285714285714,0.9037433155080213,0.9203541240543138,district,1.0
A10024953,포레나부산초읍,부산진구,초읍동,676,부산광역시,26230,busan,부산,BUSAN,부산광역시,BUSAN_CORE,True,False,1113.0,2020-03-30,6,1117.0,1.0035938903863433,12.0,34.0,104.0,4,35.1758848111544,129.045748934043,부산광역시 부산진구 초연로 6,True,0.09344115004492363,549000000.0,21336533.55819702,0.0018248175182482562,0.00366300366300365,0.06627680311890849,700000000.0,-0.20499999999999996,440000000.0,0.2647727272727274,13.0,False,0.8757763975155279,0.9875776397515528,0.8181818181818182,0.9387966804979253,0.9043711678002675,district,5.0
A10024998,범양레우스센트럴베이,동구,초량동,1226,부산광역시,26170,busan,부산,BUSAN,부산광역시,BUSAN_CORE,True,False,856.0,2020-02-27,6,996.0,1.1635514018691588,6.0,15.0,41.0,2,35.121213153349,129.041661018536,부산광역시 동구 초량중로 114,True,0.04789719626168224,584000000.0,22687007.120885536,0.040534521158129166,-0.0042918454935622075,0.07407407407407418,775000000.0,-0.24645161290322581,500000000.0,0.16799999999999993,10.0,False,0.96,0.84,0.8571428571428571,0.6666666666666666,0.8542857142857143,district,2.0
A10025235,더 래디언트 금정산,북구,만덕동,960,부산광역시,26320,busan,부산,BUSAN,부산광역시,BUSAN_CORE,True,False,1677.0,2019-10-15,6,1765.0,1.05247465712582,10.0,29.0,75.0,4,35.2150395342966,129.03721493208,부산광역시 북구 상학로 35,True,0.044722719141323794,420000000.0,16315479.693937609,-0.003558718861209953,0.0,-0.008264462809917328,610000000.0,-0.3114754098360656,340000000.0,0.23529411764705888,4.0,False,0.9245283018867925,0.8018867924528302,0.7543859649122807,0.9221105527638191,0.8448376024445298,district,5.0
A10025359,e편한세상부산항,동구,초량동,1218,부산광역시,26170,busan,부산,BUSAN,부산광역시,BUSAN_CORE,True,False,752.0,2019-07-23,7,996.0,1.324468085106383,7.0,12.0,34.0,2,35.1230980159299,129.039977255617,부산광역시 동구 홍곡로 50,True,0.04521276595744681,625875000.0,24361925.23408916,-0.006547619047619024,0.016129032258064502,0.011812627291242439,880000000.0,-0.2991477272727273,497000000.0,0.2409456740442657,9.0,False,0.88,0.72,0.9285714285714286,0.6666666666666666,0.8121428571428572,district,4.0
A10025433,수영SKVIEW1단지,수영구,망미동,1176,부산광역시,26500,busan,부산,BUSAN,부산광역시,BUSAN_CORE,True,False,1147.0,2019-06-03,7,1364.0,1.1891891891891893,9.0,31.0,75.0,3,35.1767886824248,129.101455155274,부산광역시 수영구 망미배산로 56,True,0.06538796861377506,643925000.0,25004765.720700525,-0.03891791044776116,-0.028550241008527988,0.026438569206842955,875000000.0,-0.264,450000000.0,0.431111111111111,15.0,False,0.9682539682539683,0.8888888888888888,0.6410256410256411,0.8856304985337243,0.850243842179326,district,3.0
A10025508,베스티움,남구,문현동,1234,부산광역시,26290,busan,부산,BUSAN,부산광역시,BUSAN_CORE,True,False,743.0,2019-04-19,7,764.0,1.0282637954239569,9.0,23.0,63.0,3,35.1390189910716,129.070427032654,부산광역시 남구 고동골로 29,True,0.0847913862718708,610750000.0,23798095.65642468,0.03957446808510645,-0.0032948929159802853,0.014249790444258226,800000000.0,-0.229375,437000000.0,0.4107551487414187,7.0,False,0.8383838383838383,0.9696969696969697,0.8,0.806497175141243,0.8633988186954289,district,5.0
A10025559,연산더샵,연제구,연산동,2352,부산광역시,26470,busan,부산,BUSAN,부산광역시,BUSAN_CORE,True,False,1071.0,2019-03-27,7,1144.0,1.0681605975723623,10.0,30.0,72.0,4,35.1744192055912,129.084553611316,부산광역시 연제구 연수로 130,True,0.06722689075630252,693750000.0,26955372.565229796,0.012773722627737127,0.026119402985074647,0.08267090620031792,849000000.0,-0.1755005889281508,500000000.0,0.3999999999999999,14.0,False,0.8712871287128713,0.8415841584158416,0.8367346938775511,0.9623493975903614,0.8673974692465558,district,5.0
A10025687,명륜자이,동래구,명륜동,796,부산광역시,26260,busan,부산,BUSAN,부산광역시,BUSAN_CORE,True,False,671.0,2019-02-25,7,744.0,1.1087928464977646,2.0,10.0,34.0,4,35.2067512543455,129.081153682083,부산광역시 동래구 명륜로139번길 22,True,0.05067064083457526,932500000.0,36230732.27934839,-0.0013386880856760541,0.024725274725274637,0.10808356039963662,1055000000.0,-0.11611374407582942,710000000.0,0.31338028169014076,5.0,False,0.7723577235772358,0.7804878048780488,0.921875,0.9385542168674699,0.8371055410667059,district,5.0
A10025831,원메이저힐스테이트,김해시,장유동,873,경상남도,48250,gimhae,김해,GYEONGNAM,김해시,GIMHAE,False,True,1052.0,2018-12-26,7,1503.0,1.4287072243346008,7.0,29.0,72.0,2,35.167052261698,128.828043375097,경상남도 김해시 율하5로 99,True,0.06844106463878327,452500000.0,17575111.311980736,-0.005494505494505475,0.017897091722595126,0.012715456343599829,551500000.0,-0.18404351767905713,379000000.0,0.18733509234828505,19.0,False,0.8904761904761904,0.9666666666666667,0.9401709401709402,0.7109227871939736,0.8988240102646883,district,3.0
A10025839,원메이저자이,김해시,장유동,846,경상남도,48250,gimhae,김해,GYEONGNAM,김해시,GIMHAE,False,True,708.0,2018-12-26,7,855.0,1.2076271186440677,6.0,20.0,68.0,3,35.1720507765778,128.827661610647,경상남도 김해시 율하6로 18,True,0.096045197740113,421000000.0,16351650.524516884,-0.020930232558139528,0.04878048780487809,0.013169984686064229,519500000.0,-0.1684311838306064,342000000.0,0.26315789473684204,8.0,False,0.6880952380952381,0.9904761904761905,0.9230769230769231,0.9171374764595104,0.8719112808095859,district,4.0
A10025950,거제센트럴자이,연제구,거제동,1519,부산광역시,26470,busan,부산,BUSAN,부산광역시,BUSAN_CORE,True,False,878.0,2018-10-29,7,961.0,1.0945330296127562,11.0,24.0,77.0,4,35.193410924204,129.075544485213,부산광역시 연제구 법원북로 93,True,0.08769931662870159,810000000.0,31448908.75933878,0.012499999999999956,0.013534781240163607,0.1428571428571428,979000000.0,-0.12155260469867213,610000000.0,0.4098360655737705,9.0,False,0.8613861386138614,0.9801980198019802,0.9387755102040817,0.9623493975903614,0.9315215347143272,district,2.0
A10025994,연제롯데캐슬데시앙,연제구,연산동,2341,부산광역시,26470,busan,부산,BUSAN,부산광역시,BUSAN_CORE,True,False,1168.0,2018-10-12,7,1325.0,1.134417808219178,15.0,28.0,86.0,4,35.1804004746119,129.083357974777,부산광역시 연제구 월드컵대로 55,True,0.07363013698630137,748250000.0,29090744.97115936,0.0465034965034965,0.05096660808435849,0.022158684774839177,895000000.0,-0.16312849162011178,580000000.0,0.29137931034482767,16.0,False,0.9108910891089109,0.8910891089108911,0.8571428571428571,0.9623493975903614,0.8992321833302092,district,3.0
A10026034,대신푸르지오1차,서구,서대신동1가,283,부산광역시,26140,busan,부산,BUSAN,부산광역시,BUSAN_CORE,True,False,959.0,2018-04-27,8,1154.0,1.2033368091762253,5.0,17.0,62.0,5,35.1073974230548,129.01613473633,부산광역시 서구 대영로38번길 11,True,0.06465067778936393,562000000.0,21834133.10980405,-0.03519313304721028,-0.06252587991718428,0.022452504317789224,820000000.0,-0.30975609756097566,490000000.0,0.15510204081632661,8.0,False,0.95,0.925,0.8260869565217391,0.9959016393442623,0.9184069850320742,district,4.0
A10026184,대연파크푸르지오,남구,대연동,1893,부산광역시,26290,busan,부산,BUSAN,부산광역시,BUSAN_CORE,True,False,1422.0,2018-06-28,8,1512.0,1.0632911392405062,15.0,29.0,115.0,4,35.1253456097927,129.090820034146,부산광역시 남구 홍곡로 360,True,0.0808720112517581,580000000.0,22521197.459364183,-0.04408735063864855,0.03571428571428581,0.07407407407407418,800000000.0,-0.275,453500000.0,0.278941565600882,12.0,False,0.9393939393939394,0.9595959595959596,0.7555555555555555,0.9350282485875706,0.898840095873994,district,4.0
A10026410,양산대방노블랜드8차로얄카운티,양산시,물금읍가촌리,1304-1,경상남도,48330,yangsan,양산,GYEONGNAM,양산시,YANGSAN,False,True,1062.0,2018-03-13,8,1286.0,1.2109227871939736,12.0,25.0,68.0,2,35.3145375770083,129.000940676619,경상남도 양산시 야리로 50,True,0.064030131826742,528500000.0,20520380.96806681,0.026213592233009786,0.014634146341463428,0.07253886010362698,810000000.0,-0.31481481481481477,366500000.0,0.514324693042292,17.0,False,0.8679245283018868,0.9371069182389937,1.0,0.5354609929078015,0.8718285828984343,district,3.0
A10026452,대연롯데캐슬레전드1단지,남구,대연동,1872,부산광역시,26290,busan,부산,BUSAN,부산광역시,BUSAN_CORE,True,False,3149.0,2018-02-27,8,3706.0,1.176881549698317,20.0,72.0,233.0,6,35.1351592669846,129.080302708807,부산광역시 남구 수영로 135,True,0.07399174341060655,810000000.0,31465567.981165387,0.041131105398457546,0.02497567304573467,0.10593220338983045,949000000.0,-0.14120126448893577,578000000.0,0.4100346020761245,33.0,False,0.98989898989899,0.9393939393939394,0.9111111111111111,0.9957627118644068,0.9559300633453176,district,1.0
A10026484,해운대자이2차1단지,해운대구,우동,1536,부산광역시,26350,busan,부산,BUSAN,부산광역시,BUSAN_CORE,True,False,813.0,2018-01-30,8,862.0,1.0602706027060271,3.0,11.0,43.0,3,35.1683485565665,129.142766503431,부산광역시 해운대구 해운대로469번길 110,True,0.05289052890528905,1055000000.0,40986659.33513836,-0.05635062611806796,-0.0027535566773749798,0.10189633375474094,1480000000.0,-0.28716216216216217,775000000.0,0.3612903225806452,8.0,False,0.774869109947644,0.900523560209424,0.9545454545454546,0.7862903225806451,0.8591977130705808,district,3.0
A10026557,센텀리슈빌2단지,해운대구,재송동,1355,부산광역시,26350,busan,부산,BUSAN,부산광역시,BUSAN_CORE,True,False,753.0,2017-12-22,8,855.0,1.1354581673306774,4.0,16.0,54.0,5,35.1914835593563,129.115888825499,부산광역시 해운대구 해운대로76번길 40,True,0.07171314741035857,810000000.0,31651227.861606095,0.06578947368421062,0.07216494845360821,0.021655606007684236,909000000.0,-0.1089108910891089,513500000.0,0.5774099318403116,13.0,False,0.7382198952879581,0.9790575916230366,0.875,0.989247311827957,0.882320342847492,district,1.0
A10026746,오션브릿지,동구,범일동,1655,부산광역시,26170,busan,부산,BUSAN,부산광역시,BUSAN_CORE,True,False,652.0,2017-07-25,9,807.0,1.2377300613496933,6.0,12.0,39.0,3,35.1334492882699,129.059079172546,부산광역시 동구 범일로 41,True,0.0598159509202454,545000000.0,21163803.247823015,0.06549364613880737,-0.009615384615384581,-0.028301886792452824,717000000.0,-0.23988842398884236,397000000.0,0.37279596977329965,3.0,False,0.8,0.96,0.7857142857142857,0.9027777777777778,0.859845238095238,district,1.0
A10026780,래미안장전,금정구,장전동,745,부산광역시,26410,busan,부산,BUSAN,부산광역시,BUSAN_CORE,True,False,1938.0,2017-09-21,9,2390.0,1.2332301341589267,16.0,40.0,141.0,5,35.2275922774064,129.086740141721,부산광역시 금정구 금정로 20,True,0.07275541795665634,920000000.0,35772625.078464136,0.005464480874316946,-0.0035393411380343354,0.05780346820809257,1125000000.0,-0.19999999999999996,751500000.0,0.19760479041916157,19.0,False,1.0,0.9529411764705882,1.0,0.9954853273137697,0.9852051520382419,district,1.0
A10026828,롯데캐슬블루오션,영도구,동삼동,1189,부산광역시,26200,busan,부산,BUSAN,부산광역시,BUSAN_CORE,True,False,381.0,2017-08-29,9,420.0,1.1023622047244095,7.0,10.0,17.0,4,35.0728453246056,129.073711492582,부산광역시 영도구 절영로 524,True,0.04461942257217848,387000000.0,15030010.591973638,0.01308900523560208,,-0.041147132169576106,500000000.0,-0.22599999999999998,375000000.0,0.03200000000000003,2.0,True,0.5263157894736842,0.9736842105263158,0.8666666666666667,0.9323529411764706,0.8065196078431374,district,3.0
A10026883,양산대방노블랜드7차메가시티,양산시,물금읍가촌리,1273-1,경상남도,48330,yangsan,양산,GYEONGNAM,양산시,YANGSAN,False,True,2130.0,2017-07-11,9,2626.0,1.2328638497652582,19.0,46.0,148.0,3,35.3164233308135,128.994299135389,경상남도 양산시 새실로 11,True,0.06948356807511737,515000000.0,20003177.909994524,0.047812817904374416,0.07532051282051277,0.016129032258064502,634000000.0,-0.1876971608832808,348000000.0,0.4798850574712643,11.0,False,0.9874213836477987,0.9559748427672956,0.9802631578947368,0.8173758865248227,0.9506910403769359,district,1.0
A10026919,e편한세상봉황역,김해시,봉황동,886,경상남도,48250,gimhae,김해,GYEONGNAM,김해시,GIMHAE,False,True,936.0,2017-06-12,9,1035.0,1.1057692307692308,14.0,33.0,62.0,4,35.2252914707934,128.876671717676,경상남도 김해시 김해대로2324번길 54-27,True,0.06623931623931624,400000000.0,15627145.772857068,-0.0031152647975077885,-0.004658385093167738,0.004702194357366851,557500000.0,-0.2645739910313901,340000000.0,0.2058823529411764,19.0,False,0.8238095238095238,0.9571428571428572,0.905982905982906,0.9811676082862524,0.9079565820243786,district,2.0
A10026931,이지더원2차,양산시,물금읍가촌리,1274-1,경상남도,48330,yangsan,양산,GYEONGNAM,양산시,YANGSAN,False,True,1768.0,2017-04-26,9,2184.0,1.2352941176470589,18.0,38.0,124.0,2,35.3129919363295,128.989649773835,경상남도 양산시 물금로 75,True,0.07013574660633484,435000000.0,16917911.3008819,0.043165467625899234,0.05721393034825861,0.06566303651505456,494000000.0,-0.11943319838056676,303500000.0,0.43327841845140025,18.0,False,0.9811320754716981,0.9622641509433962,0.8552631578947368,0.5354609929078015,0.8771538063343827,district,2.0
A10027280,명지협성휴포레,강서구,명지동,3328,부산광역시,26440,busan,부산,BUSAN,부산광역시,BUSAN_CORE,True,False,1664.0,2016-11-18,9,1705.0,1.0246394230769231,22.0,46.0,108.0,2,35.1075308265119,128.921120157931,부산광역시 강서구 명지국제5로 141,True,0.06490384615384616,,,,,,,,,,,,1.0,1.0,,0.53125,0.6796875,district,5.0
A10027306,e편한세상사하,사하구,구평동,517,부산광역시,26380,busan,부산,BUSAN,부산광역시,BUSAN_CORE,True,False,1068.0,2016-09-09,10,1078.0,1.0093632958801497,13.0,25.0,46.0,3,35.0809670275315,128.986262867272,부산광역시 사하구 서포로30번길 26,True,0.04307116104868914,315000000.0,12230174.352047833,-0.015625,-0.0078125,-0.021406727828746197,457500000.0,-0.3114754098360656,249750000.0,0.26126126126126126,12.0,False,0.9153846153846154,0.7769230769230769,0.7954545454545454,0.8071428571428572,0.8276273726273726,district,5.0
A10027325,구서SKVIEW1단지,금정구,구서동,1074,부산광역시,26410,busan,부산,BUSAN,부산광역시,BUSAN_CORE,True,False,532.0,2016-08-18,10,674.0,1.2669172932330828,8.0,13.0,33.0,3,35.2438418119491,129.085571678272,부산광역시 금정구 금샘로246번길 18,True,0.06203007518796992,661250000.0,25709192.456533507,0.02005399151561904,0.007304882737408702,0.05048465266558977,787500000.0,-0.16190476190476188,560000000.0,0.1785714285714286,7.0,False,0.7764705882352941,0.9058823529411765,0.9772727272727273,0.8837471783295711,0.8815861409205586,district,5.0
A10027341,사직KCC스위첸2단지,동래구,사직동,1028,부산광역시,26260,busan,부산,BUSAN,부산광역시,BUSAN_CORE,True,False,999.0,2016-09-13,10,1103.0,1.1041041041041042,4.0,15.0,47.0,5,35.2008818394607,129.057074696685,부산광역시 동래구 사직북로 64,True,0.04704704704704705,706500000.0,27432368.680794675,-0.018750000000000044,0.0077247191011236005,0.11806098514464436,845000000.0,-0.163905325443787,542000000.0,0.3035055350553506,8.0,False,0.9065040650406504,0.7235772357723578,0.8125,0.9891566265060241,0.840522884219806,district,4.0
A10027690,명륜2차아이파크1단지,동래구,명륜동,782,부산광역시,26260,busan,부산,BUSAN,부산광역시,BUSAN_CORE,True,False,2058.0,2015-11-30,10,2542.0,1.2351797862001943,7.0,31.0,129.0,4,35.2152300700385,129.088107697602,부산광역시 동래구 시실로 48,True,0.06268221574344024,652500000.0,25353180.883919716,-0.08613445378151263,0.062476618032173636,0.09164969450101834,850000000.0,-0.2705882352941177,527000000.0,0.17647058823529416,19.0,False,0.975609756097561,0.8861788617886179,0.78125,0.9385542168674699,0.8946322178959742,district,2.0
A10027953,에일린의 뜰,강서구,명지동,3361,부산광역시,26440,busan,부산,BUSAN,부산광역시,BUSAN_CORE,True,False,980.0,2015-05-29,11,1083.0,1.1051020408163266,5.0,22.0,60.0,2,35.1004557357605,128.920892035046,부산광역시 강서구 명지국제5로 60,True,0.061224489795918366,505000000.0,19607035.70798282,0.10141766630316251,-0.010638297872340385,-0.01364113326337879,622500000.0,-0.17590361445783131,379000000.0,0.35356200527704496,12.0,False,0.5609756097560976,0.8780487804878049,0.8275862068965517,0.53125,0.7182913687973087,district,3.0
A10028069,협성·DS엘리시안,강서구,지사동,1186,부산광역시,26440,busan,부산,BUSAN,부산광역시,BUSAN_CORE,True,False,1277.0,2015-04-17,11,1304.0,1.0211433046202036,15.0,37.0,80.0,3,35.1495640564902,128.836603021997,부산광역시 강서구 과학산단로306번길 10,True,0.06264682850430697,233000000.0,9058607.031524282,,0.01304347826086949,-0.04536082474226799,285000000.0,-0.1824561403508772,194750000.0,0.1964056482670089,1.0,True,0.8780487804878049,0.926829268292683,0.10344827586206896,0.875,0.6985754835996636,district,4.0
A10028198,반도유보라4차,양산시,물금읍범어리,2768-2,경상남도,48330,yangsan,양산,GYEONGNAM,양산시,YANGSAN,False,True,1214.0,2014-10-28,11,1534.0,1.2635914332784184,8.0,29.0,67.0,2,35.3170533947517,129.003906469967,경상남도 양산시 백호로 91,True,0.05518945634266886,465000000.0,18065629.624571614,0.04260089686098656,0.05798816568047327,0.07186732186732181,525000000.0,-0.1561904761904762,308500000.0,0.43598055105348466,17.0,False,0.9056603773584906,0.8742138364779874,0.9342105263157895,0.5354609929078015,0.8478340446660609,district,4.0
A60011201,동아(92-0),중구,영주동,92,부산광역시,26110,busan,부산,BUSAN,부산광역시,BUSAN_CORE,True,False,204.0,1998-10-30,27,144.0,0.7058823529411765,1.0,2.0,3.0,4,35.1136726417904,129.029987260423,부산광역시 중구 영주로 73,True,0.014705882352941176,170000000.0,6804123.711340206,,,-0.02857142857142858,240000000.0,-0.29166666666666663,163000000.0,0.042944785276073594,1.0,True,0.7272727272727273,0.45454545454545453,0.5,0.9578313253012049,0.6232201533406352,district,3.0
A60011202,금호,중구,영주동,161,부산광역시,26110,busan,부산,BUSAN,부산광역시,BUSAN_CORE,True,False,322.0,1997-08-28,29,232.0,0.7204968944099379,0.0,0.0,0.0,4,35.1113677793606,129.030144477798,부산광역시 중구 영주로 51,True,0.0,,,,,,260000000.0,-0.10384615384615381,165000000.0,0.4121212121212121,0.0,True,0.9090909090909091,0.18181818181818182,,0.9578313253012049,0.47094742606790796,district,5.0
A60011204,동아(160-0),중구,영주동,160,부산광역시,26110,busan,부산,BUSAN,부산광역시,BUSAN_CORE,True,False,328.0,1998-10-30,27,237.0,0.7225609756097561,4.0,6.0,8.0,2,35.1122445541186,129.029798838878,부산광역시 중구 영주로 65,True,0.024390243902439025,177500000.0,6913951.841359774,,-0.01388888888888884,0.0028050490883591017,239000000.0,-0.2573221757322176,140000000.0,0.2678571428571428,2.0,True,1.0,0.7272727272727273,0.75,0.608433734939759,0.796946878422782,district,1.0
A60070101,코모도에스테이트,중구,대청동1가,37-1,부산광역시,26110,busan,부산,BUSAN,부산광역시,BUSAN_CORE,True,False,269.0,2013-10-10,12,234.0,0.8698884758364313,0.0,5.0,10.0,2,35.1031600158748,129.032840654288,부산광역시 중구 대청로 121-1,True,0.03717472118959108,,,,,,,,,,,,0.8181818181818182,0.9090909090909091,,0.608433734939759,0.609446878422782,district,4.0
A60402003,하단동에스케이뷰,사하구,하단동,1217-1,부산광역시,26380,busan,부산,BUSAN,부산광역시,BUSAN_CORE,True,False,1828.0,2004-05-31,22,1858.0,1.0164113785557987,6.0,23.0,67.0,4,35.1160911401384,128.961482750333,부산광역시 사하구 하신번영로 400,True,0.03665207877461707,388000000.0,15103740.90077465,0.02917771883289122,-0.020779220779220786,0.08450704225352124,500000000.0,-0.14400000000000002,305000000.0,0.40327868852459026,6.0,False,0.9615384615384616,0.6538461538461539,0.9090909090909091,0.9535714285714286,0.8549238261738261,district,4.0
A60608001,벽산비치,영도구,동삼동,510-27,부산광역시,26200,busan,부산,BUSAN,부산광역시,BUSAN_CORE,True,False,414.0,1995-06-10,31,535.0,1.2922705314009661,2.0,4.0,16.0,3,35.0754307334395,129.069474367541,부산광역시 영도구 와치로 266,True,0.03864734299516908,221000000.0,8493070.921159891,,0.016091954022988464,0.04166666666666674,255000000.0,-0.1333333333333333,188000000.0,0.17553191489361697,2.0,True,0.5526315789473685,0.868421052631579,0.4666666666666667,0.8029411764705883,0.6634236326109392,district,5.0
A60802001,대연힐스테이트푸르지오,남구,대연동,1858,부산광역시,26290,busan,부산,BUSAN,부산광역시,BUSAN_CORE,True,False,2304.0,2013-05-31,13,3236.0,1.4045138888888888,15.0,41.0,95.0,4,35.1398875289479,129.103520204194,부산광역시 남구 수영로 345,True,0.04123263888888889,1022500000.0,39891399.87087762,0.025576730190571606,0.0025062656641603454,0.098901098901099,1085000000.0,-0.06451612903225812,660000000.0,0.5378787878787878,24.0,False,0.9696969696969697,0.7878787878787878,1.0,0.9350282485875706,0.9175269645608628,district,2.0
A60939003,벽산블루밍장전디자인시티1단지,금정구,장전동,718,부산광역시,26410,busan,부산,BUSAN,부산광역시,BUSAN_CORE,True,False,1539.0,2012-06-26,14,2138.0,1.3892137751786875,7.0,27.0,69.0,5,35.2302722053997,129.081911479919,부산광역시 금정구 금강로 225,True,0.04483430799220273,510000000.0,19802329.685845394,0.015936254980079667,0.022222222222222143,0.03950103950103956,700000000.0,-0.27142857142857146,430000000.0,0.18604651162790709,17.0,False,0.9647058823529412,0.8588235294117647,0.8181818181818182,0.9954853273137697,0.9009270771719319,district,3.0
A60971101,구서동롯데캐슬골드1단지(1051),금정구,구서동,1051,부산광역시,26410,busan,부산,BUSAN,부산광역시,BUSAN_CORE,True,False,1728.0,2006-02-10,20,2277.0,1.3177083333333333,4.0,24.0,71.0,4,35.2506948293087,129.088194708041,부산광역시 금정구 금강로 502,True,0.041087962962962965,523250000.0,20319192.751235582,0.016019417475728215,-0.00952380952380949,0.051567239635995854,730000000.0,-0.2842465753424658,412750000.0,0.2658994548758329,10.0,False,0.9764705882352941,0.8235294117647058,0.8409090909090909,0.9706546275395034,0.8958254668581982,district,4.0
A61271204,더샵센텀파크1차,해운대구,재송동,1200,부산광역시,26350,busan,부산,BUSAN,부산광역시,BUSAN_CORE,True,False,2752.0,2005-10-26,20,4599.0,1.6711482558139534,9.0,36.0,99.0,3,35.1767570378219,129.123591937256,부산광역시 해운대구 센텀중앙로 145,True,0.03597383720930233,1202000000.0,46862975.16420056,0.027350427350427253,-0.018044481745698726,0.1049210770659239,1297000000.0,-0.04009252120277562,686500000.0,0.8135469774217043,16.0,False,1.0,0.6020942408376964,1.0,0.7862903225806451,0.8485718206384056,district,4.0
A61274508,동부올림픽타운,해운대구,우동,1008-5,부산광역시,26350,busan,부산,BUSAN,부산광역시,BUSAN_CORE,True,False,1680.0,1999-09-29,27,1922.0,1.144047619047619,9.0,29.0,67.0,3,35.1668836722389,129.139840566086,부산광역시 해운대구 해운대로 428,True,0.03988095238095238,882500000.0,34277895.48022599,-0.038147138964577665,-0.006514657980456029,0.11585365853658547,1050000000.0,-0.19047619047619047,529000000.0,0.6068052930056711,18.0,False,0.9685863874345549,0.7015706806282722,0.9090909090909091,0.7862903225806451,0.8462633960786722,district,5.0
A61286403,센텀이편한세상,해운대구,재송동,939-2,부산광역시,26350,busan,부산,BUSAN,부산광역시,BUSAN_CORE,True,False,1190.0,2006-02-18,20,1316.0,1.1058823529411765,11.0,26.0,76.0,3,35.189401531384,129.117817187906,부산광역시 해운대구 해운대로76번길 55,True,0.06386554621848739,708500000.0,27545110.176390395,0.013953488372093092,-0.014456981664315971,0.06435643564356441,837500000.0,-0.1080597014925373,462500000.0,0.6151351351351351,17.0,False,0.9162303664921466,0.9581151832460733,0.7613636363636364,0.7862903225806451,0.8705881223994717,district,2.0
A61301003,삼익비치,수영구,남천동,148-4,부산광역시,26500,busan,부산,BUSAN,부산광역시,BUSAN_CORE,True,False,3060.0,1979-10-11,46,2644.0,0.8640522875816994,37.0,85.0,198.0,6,35.1437530945336,129.115366260127,부산광역시 수영구 광안해변로 100,True,0.06470588235294118,1135000000.0,44153011.90616527,-0.04421052631578948,-0.03361344537815125,0.04819819819819826,1600000000.0,-0.28125,880000000.0,0.3068181818181819,5.0,False,1.0,0.873015873015873,0.9487179487179487,0.998533724340176,0.9488643077352755,district,1.0
A61377106,부산더샵센텀포레,수영구,민락동,765,부산광역시,26500,busan,부산,BUSAN,부산광역시,BUSAN_CORE,True,False,1006.0,2014-07-31,12,1319.0,1.3111332007952285,2.0,18.0,49.0,4,35.1665033337236,129.122162524106,부산광역시 수영구 수영로 776,True,0.048707753479125246,972500000.0,37793712.48807369,0.12427745664739875,0.05050505050505061,0.0818350898946063,1090000000.0,-0.16055045871559637,625000000.0,0.46399999999999997,8.0,False,0.9047619047619048,0.7142857142857143,0.8205128205128205,0.9633431085043989,0.8353439571181507,district,5.0
A61612017,대림쌍용강변타운,북구,화명동,2306,부산광역시,26320,busan,부산,BUSAN,부산광역시,BUSAN_CORE,True,False,1895.0,2004-08-04,22,2252.0,1.1883905013192613,11.0,34.0,86.0,3,35.2264392828181,129.00705947304,부산광역시 북구 화명신도시로 39,True,0.04538258575197889,530000000.0,20589795.17915802,-0.007025761124121788,0.03112840466926059,0.06656504065040658,615000000.0,-0.1382113821138211,373750000.0,0.41806020066889626,10.0,False,0.9528301886792453,0.8301886792452831,0.8771929824561403,0.7864321608040201,0.8721687301119967,district,2.0
A61612018,롯데낙천대,북구,화명동,2264,부산광역시,26320,busan,부산,BUSAN,부산광역시,BUSAN_CORE,True,False,1950.0,2002-10-29,23,2266.0,1.162051282051282,10.0,30.0,75.0,4,35.2374576879253,129.011867869707,부산광역시 북구 화명신도시로 156,True,0.038461538461538464,538000000.0,20943977.161462322,-0.06434782608695655,0.03738317757009346,0.06536585365853664,655000000.0,-0.19389312977099238,364500000.0,0.44855967078189307,9.0,False,0.9622641509433962,0.6886792452830188,0.9122807017543859,0.9221105527638191,0.8616697772210938,district,3.0
A61701002,한일유엔아이,사상구,주례동,239,부산광역시,26530,busan,부산,BUSAN,부산광역시,BUSAN_CORE,True,False,988.0,2005-02-03,21,1346.0,1.3623481781376519,6.0,14.0,29.0,3,35.1546524398987,129.010150704999,부산광역시 사상구 백양대로 372-15,True,0.029352226720647773,290000000.0,11344238.975817923,0.1611611611611612,-0.05550500454959051,-0.10034013605442171,360500000.0,-0.19556171983356452,240000000.0,0.20833333333333326,5.0,False,0.8444444444444444,0.7444444444444445,0.7241379310344828,0.7983425414364641,0.7774525306407569,district,4.0
A61776509,롯데캐슬,사상구,엄궁동,726,부산광역시,26530,busan,부산,BUSAN,부산광역시,BUSAN_CORE,True,False,1852.0,2010-05-27,16,2675.0,1.4443844492440605,3.0,11.0,34.0,5,35.1277999596243,128.974847188702,부산광역시 사상구 엄궁북로 62,True,0.0183585313174946,317500000.0,12329292.040704716,-0.12534435261707988,-0.03202846975088969,-0.07202680067001677,460000000.0,-0.30434782608695654,287750000.0,0.11207645525629895,4.0,False,0.9888888888888889,0.3888888888888889,0.8275862068965517,0.988950276243094,0.7685724264939353,district,5.0
A61996107,정관동일스위트1차,기장군,정관읍용수리,1387,부산광역시,26710,busan,부산,BUSAN,부산광역시,BUSAN_GIJANG,True,False,1758.0,2012-12-20,13,1942.0,1.1046643913538112,19.0,38.0,86.0,3,35.3250819627634,129.170299506937,부산광역시 기장군 정관4로 24,True,0.048919226393629126,306000000.0,11893476.665442746,-0.012903225806451646,0.03678929765886285,0.0008278145695364003,420000000.0,-0.26190476190476186,234500000.0,0.32196162046908317,20.0,False,1.0,0.8548387096774194,0.5142857142857142,0.9037433155080213,0.8205845388008575,district,3.0
A61996114,동일스위트3차,기장군,정관읍모전리,728,부산광역시,26710,busan,부산,BUSAN,부산광역시,BUSAN_GIJANG,True,False,1500.0,2014-05-30,12,1867.0,1.2446666666666666,4.0,23.0,63.0,3,35.3373572475758,129.164573512814,부산광역시 기장군 모전1길 9,True,0.042,296500000.0,11517255.969528148,0.06654676258992809,-0.01964133219470543,0.010526315789473717,374500000.0,-0.20827770360480646,224000000.0,0.3236607142857142,9.0,False,0.967741935483871,0.7419354838709677,0.45714285714285713,0.9037433155080213,0.7627504374183691,district,5.0
A62130001,죽림마을한림풀에버7단지,김해시,관동동,1121,경상남도,48250,gimhae,김해,GYEONGNAM,김해시,GIMHAE,False,True,1497.0,2013-09-11,13,1760.0,1.1756847027388109,15.0,47.0,107.0,2,35.1785070672231,128.81996785411,경상남도 김해시 율하3로 100,True,0.07147628590514363,318000000.0,12347262.341085179,-0.021538461538461506,-0.018461538461538418,0.008938981733385143,387000000.0,-0.17829457364341084,263500000.0,0.206831119544592,35.0,False,0.9523809523809523,0.9761904761904762,0.7435897435897436,0.7109227871939736,0.8711072825479604,district,5.0
A62681108,양산물금대방노블랜드1차,양산시,물금읍범어리,2673-4,경상남도,48330,yangsan,양산,GYEONGNAM,양산시,YANGSAN,False,True,1414.0,2014-04-25,12,1677.0,1.185997171145686,10.0,32.0,69.0,3,35.3368977219737,129.018579482379,경상남도 양산시 신주1길 46,True,0.048797736916548796,368750000.0,14316631.234168615,0.0535714285714286,0.05147058823529416,0.05820105820105814,450000000.0,-0.15555555555555556,285000000.0,0.33333333333333326,15.0,False,0.9622641509433962,0.8301886792452831,0.6710526315789473,0.8173758865248227,0.828105389930064,district,5.0
A10020004,롯데캐슬인피니엘,남구,문현동,1257,부산광역시,26290,busan,부산,BUSAN,부산광역시,BUSAN_CORE,True,False,715.0,2026-06-24,0,,,43.0,47.0,47.0,2,35.1343507743393,129.073252007688,부산광역시 남구 지게골로 102,True,0.06573426573426573,722500000.0,28065716.80140879,,,,755000000.0,0.0,690000000.0,0.09420289855072461,2.0,True,0.9130434782608695,0.8695652173913043,1.0,0.5725806451612904,0.8706697054698458,dong,2.0
A10020264,에코델타더베르힐,강서구,강동동,가-,부산광역시,26440,busan,부산,BUSAN,부산광역시,BUSAN_CORE,True,False,1120.0,2026-01-16,0,1584.0,1.4142857142857144,1.0,1.0,1.0,1,35.148743228502,128.914609008233,부산광역시 강서구 에코델타5로 60,True,0.0008928571428571428,540000000.0,20976304.54486598,,,,540000000.0,0.0,540000000.0,0.0,1.0,True,1.0,0.16666666666666666,0.3333333333333333,0.4166666666666667,0.4958333333333333,dong,4.0
A10020301,e편한세상주촌더프리미어,김해시,주촌면선지리,1535,경상남도,48250,gimhae,김해,GYEONGNAM,김해시,GIMHAE,False,True,992.0,2025-12-22,0,1452.0,1.4637096774193548,1.0,2.0,3.0,2,35.2398649370958,128.836813103668,경상남도 김해시 주선로 140,True,0.0030241935483870967,460000000.0,17859117.67958531,,,,460000000.0,0.0,460000000.0,0.0,1.0,True,1.0,0.3333333333333333,1.0,0.625,0.7437499999999999,dong,1.0
A10020569,에코델타시티푸르지오센터파크,강서구,강동동,4831-16,부산광역시,26440,busan,부산,BUSAN,부산광역시,BUSAN_CORE,True,False,972.0,2025-06-17,1,1271.0,1.3076131687242798,1.0,2.0,2.0,1,35.1476705701951,128.91469842294,부산광역시 강서구 에코델타1로 66,True,0.00205761316872428,585000000.0,22785778.275079403,0.06363636363636371,,,585000000.0,0.0,550000000.0,0.06363636363636371,2.0,True,0.8333333333333334,0.6666666666666666,0.6666666666666666,0.4166666666666667,0.6791666666666666,dong,1.0
A10020573,삼한,금정구,금사동,561-1,부산광역시,26410,busan,부산,BUSAN,부산광역시,BUSAN_CORE,True,False,131.0,1992-01-29,34,75.0,0.5725190839694656,0.0,0.0,3.0,2,35.2130088456305,129.109649182961,부산광역시 금정구 중군진로 21,True,0.022900763358778626,,,,,0.17582417582417587,218000000.0,-0.01834862385321101,170000000.0,0.2588235294117647,0.0,True,0.5,0.5,,0.5,0.375,dong,2.0
A10020637,금정더유엘프리미어,금정구,청룡동,45-2,부산광역시,26410,busan,부산,BUSAN,부산광역시,BUSAN_CORE,True,False,121.0,2022-05-31,4,132.0,1.0909090909090908,1.0,2.0,4.0,1,35.2757997730239,129.087860707138,부산광역시 금정구 청룡로 42,True,0.03305785123966942,,,,,,,,,,,,0.25,1.0,,0.3235294117647059,0.4235294117647059,dong,3.0
A10020645,강서자이에코델타,강서구,강동동,BL-20,부산광역시,26440,busan,부산,BUSAN,부산광역시,BUSAN_CORE,True,False,856.0,2025-04-29,1,1116.0,1.3037383177570094,0.0,0.0,1.0,2,35.1432134027804,128.914188933677,부산광역시 강서구 에코델타1로 24,True,0.0011682242990654205,,,,,,628000000.0,0.0,628000000.0,0.0,0.0,True,0.5,0.5,,0.9166666666666666,0.4375,dong,5.0
A10020649,이편한세상에코델타센터포인트,강서구,강동동,BL-19,부산광역시,26440,busan,부산,BUSAN,부산광역시,BUSAN_CORE,True,False,953.0,2025-04-29,1,1246.0,1.3074501573976915,1.0,1.0,1.0,1,35.1453818415594,128.914411759665,부산광역시 강서구 에코델타1로 42,True,0.001049317943336831,646000000.0,25083157.526888676,,,,646000000.0,0.0,646000000.0,0.0,1.0,True,0.6666666666666666,0.3333333333333333,1.0,0.4166666666666667,0.6125,dong,2.0
A10020680,진례장원하이드파크,김해시,진례면청천리,787-1,경상남도,48250,gimhae,김해,GYEONGNAM,김해시,GIMHAE,False,True,113.0,2005-12-09,20,,,0.0,0.0,3.0,1,35.2601731309606,128.74653458745,경상남도 김해시 진례로371번길 24,True,0.02654867256637168,,,,,0.09090909090909083,140000000.0,-0.1428571428571429,90000000.0,0.33333333333333326,0.0,True,1.0,1.0,,1.0,0.75,dong,1.0
A10020687,광남백조맨션(1동),김해시,봉황동,455-2,경상남도,48250,gimhae,김해,GYEONGNAM,김해시,GIMHAE,False,True,120.0,1988-09-21,38,,,0.0,1.0,2.0,3,35.2341317995254,128.873714256553,경상남도 김해시 가야의길 98-18,True,0.016666666666666666,,,,,,170750000.0,-0.004392386530014614,118000000.0,0.44067796610169485,0.0,True,0.5,0.5,,0.9,0.435,dong,2.0
A10020806,경동아파트,금정구,남산동,122-10,부산광역시,26410,busan,부산,BUSAN,부산광역시,BUSAN_CORE,True,False,144.0,1993-08-26,33,,,1.0,1.0,2.0,2,35.2640916831223,129.091136343489,부산광역시 금정구 학산로 5,True,0.013888888888888888,285000000.0,11236559.139784945,,-0.07467532467532467,,308000000.0,-0.07467532467532467,234500000.0,0.21535181236673773,1.0,True,0.25,0.25,1.0,0.6862745098039216,0.5029411764705882,dong,3.0
A10020807,더스카이시티제니스앤프라우,김해시,신문동,1540,경상남도,48250,gimhae,김해,GYEONGNAM,김해시,GIMHAE,False,True,3764.0,2025-02-11,1,5298.0,1.4075451647183848,14.0,23.0,45.0,4,35.1854802875889,128.821706503572,경상남도 김해시 장유로 500,True,0.011955366631243358,457000000.0,17760975.284910664,-0.07676767676767682,0.2483829236739974,0.1298611111111112,514000000.0,-0.06128404669260701,350000000.0,0.37857142857142856,10.0,False,1.0,0.16666666666666666,0.8,0.95,0.6925,dong,1.0
A10020859,동우강변타워2,양산시,상북면석계리,7,경상남도,48330,yangsan,양산,GYEONGNAM,양산시,YANGSAN,False,True,114.0,1993-09-18,33,74.0,0.6491228070175439,1.0,2.0,7.0,2,35.4225468536311,129.064825594664,경상남도 양산시 상북중앙로 447,True,0.06140350877192982,81000000.0,3147668.3937823833,0.15714285714285725,-0.17032967032967028,-0.07065217391304346,125000000.0,-0.352,70000000.0,0.15714285714285725,2.0,True,0.2222222222222222,1.0,0.5,0.5769230769230769,0.5782051282051281,dong,2.0
A10020870,양정자이더샵SKVIEW아파트(1단지),부산진구,양정동,540,부산광역시,26230,busan,부산,BUSAN,부산광역시,BUSAN_CORE,True,False,2276.0,2025-01-24,1,2839.0,1.2473637961335677,9.0,16.0,20.0,4,35.1716287279998,129.075270843938,부산광역시 부산진구 진남로 554,True,0.008787346221441126,790000000.0,30702393.729272917,-0.09455587392550147,,0.10666666666666669,872500000.0,-0.1404011461318052,750000000.0,0.0,4.0,False,1.0,0.16666666666666666,1.0,0.9313725490196079,0.7397058823529412,dong,2.0
A10020980,북항에코하임센트럴뷰,동구,수정동,389-20,부산광역시,26170,busan,부산,BUSAN,부산광역시,BUSAN_CORE,True,False,105.0,2023-08-31,3,24.0,0.22857142857142856,1.0,14.0,18.0,2,35.1234235553713,129.041157573806,부산광역시 동구 초량상로 138,True,0.17142857142857143,,,,,,,,,,,,0.3333333333333333,1.0,,0.7121212121212122,0.5068181818181818,dong,3.0
A10021016,쌍용더플래티넘오시리아,기장군,기장읍연화리,517,부산광역시,26710,busan,부산,BUSAN,부산광역시,BUSAN_GIJANG,True,False,191.0,2024-12-10,1,227.0,1.1884816753926701,1.0,1.0,2.0,1,35.216128809262,129.224774178577,부산광역시 기장군 연화길 24,True,0.010471204188481676,745000000.0,28955857.77532798,,-0.03608534202797298,,772890000.0,-0.03608534202797298,745000000.0,0.0,1.0,True,1.0,1.0,1.0,1.0,1.0,dong,1.0
A10021108,서린엘마르센트로뷰,중구,중앙동4가,19,부산광역시,26110,busan,부산,BUSAN,부산광역시,BUSAN_CORE,True,False,120.0,2021-05-27,5,240.0,2.0,0.0,0.0,2.0,2,35.1040994512517,129.037184540103,부산광역시 중구 대교로 157,True,0.016666666666666666,,,,,,,,,,,,1.0,1.0,,0.6666666666666666,0.7,dong,1.0
A10021181,허브팰리스서면,부산진구,부전동,38,부산광역시,26230,busan,부산,BUSAN,부산광역시,BUSAN_CORE,True,False,126.0,2021-06-04,5,,,0.0,1.0,4.0,3,35.1642982427676,129.061888113442,부산광역시 부산진구 부전로 193,True,0.031746031746031744,,,,,,,,,,,,0.16666666666666666,0.6666666666666666,,0.8947368421052632,0.38421052631578945,dong,5.0
A10021196,대동맨션,중구,동광동5가,16-11,부산광역시,26110,busan,부산,BUSAN,부산광역시,BUSAN_CORE,True,False,120.0,1981-06-12,45,70.0,0.5833333333333334,0.0,0.0,1.0,2,35.1073357939697,129.033769374286,부산광역시 중구 동광길93번길 5,True,0.008333333333333333,,,,,,185000000.0,-0.10810810810810811,155000000.0,0.06451612903225801,0.0,True,1.0,1.0,,1.0,0.75,dong,1.0
A10021198,부원,중구,대창동1가,54-67,부산광역시,26110,busan,부산,BUSAN,부산광역시,BUSAN_CORE,True,False,144.0,1972-11-04,53,,,0.0,0.0,0.0,3,35.1078467905881,129.0358337725,부산광역시 중구 중앙대로115번길 1-6,True,0.0,,,,,,,,,,,,1.0,1.0,,0.625,0.69375,dong,1.0
A10021208,린다스마트포레,동구,좌천동,548,부산광역시,26170,busan,부산,BUSAN,부산광역시,BUSAN_CORE,True,False,101.0,2018-04-19,8,,,1.0,3.0,3.0,2,35.1338289490993,129.053042174713,부산광역시 동구 정공단로 8,True,0.0297029702970297,,,,,,,,,,,,0.2,0.2,,0.7368421052631579,0.2305263157894737,dong,5.0
A10021353,대림에이스타운,중구,보수동1가,41-1,부산광역시,26110,busan,부산,BUSAN,부산광역시,BUSAN_CORE,True,False,140.0,1994-10-22,31,125.0,0.8928571428571429,0.0,0.0,0.0,4,35.1066446623513,129.025360405631,부산광역시 중구 법수길 72,True,0.0,,,,,,,,,,,,1.0,1.0,,1.0,0.75,dong,1.0
A10021356,녹원,양산시,북정동,635-4,경상남도,48330,yangsan,양산,GYEONGNAM,양산시,YANGSAN,False,True,130.0,,,48.0,0.36923076923076925,0.0,2.0,3.0,2,35.3572882907674,129.046017784593,경상남도 양산시 고향의봄로 80,True,0.023076923076923078,,,,,,,,,,,,0.16666666666666666,0.3333333333333333,,0.7,0.255,dong,5.0
A10021404,우남이채롬,중구,영주동,5,부산광역시,26110,busan,부산,BUSAN,부산광역시,BUSAN_CORE,True,False,111.0,2006-03-06,20,,,0.0,0.0,2.0,4,35.1135796149104,129.035285813028,부산광역시 중구 초량상로 13,True,0.018018018018018018,,,,,,305000000.0,0.0,290000000.0,0.051724137931034475,0.0,True,0.4,0.6,,0.9117647058823529,0.43676470588235294,dong,4.0
A10021413,대진타워맨션,서구,남부민동,653,부산광역시,26140,busan,부산,BUSAN,부산광역시,BUSAN_CORE,True,False,116.0,1985-06-04,41,85.0,0.7327586206896551,0.0,0.0,2.0,3,35.0871791491614,129.024119987453,부산광역시 서구 충무대로 185,True,0.017241379310344827,,,,,-0.03159340659340659,200000000.0,-0.23750000000000004,140000000.0,0.08928571428571419,0.0,True,0.4,0.2,,0.8571428571428571,0.30857142857142855,dong,5.0
A10021426,대영파크맨션,양산시,하북면지산리,17-16,경상남도,48330,yangsan,양산,GYEONGNAM,양산시,YANGSAN,False,True,105.0,1991-11-01,34,35.0,0.3333333333333333,0.0,1.0,1.0,2,35.4950175789335,129.08030766435,경상남도 양산시 지산로 27-9,True,0.009523809523809525,,,,,,157000000.0,-0.36305732484076436,100000000.0,0.0,0.0,True,1.0,1.0,,0.6666666666666666,0.7,dong,1.0
A10021445,금산훼미리,양산시,동면금산리,763,경상남도,48330,yangsan,양산,GYEONGNAM,양산시,YANGSAN,False,True,139.0,1992-10-16,33,33.0,0.23741007194244604,0.0,1.0,4.0,2,35.304880527622,129.025879697906,경상남도 양산시 금산3길 7,True,0.02877697841726619,,,,,,,,,,,,1.0,1.0,,1.0,0.75,dong,1.0
A10021450,백제삼정데파트,김해시,삼정동,76-1,경상남도,48250,gimhae,김해,GYEONGNAM,김해시,GIMHAE,False,True,110.0,1993-05-27,33,3.0,0.02727272727272727,0.0,1.0,2.0,3,35.234006379884,128.896422884923,경상남도 김해시 활천로68번길 27,True,0.01818181818181818,,,,,0.30000000000000004,140000000.0,-0.0714285714285714,84000000.0,0.5476190476190477,1.0,True,1.0,1.0,,0.9944444444444445,0.7491666666666666,dong,1.0
A10021454,대진로얄,기장군,기장읍동부리,133-8,부산광역시,26710,busan,부산,BUSAN,부산광역시,BUSAN_GIJANG,True,False,116.0,1990-08-31,36,48.0,0.41379310344827586,0.0,1.0,4.0,2,35.2467229305117,129.214770362559,부산광역시 기장군 차성로326번길 9,True,0.034482758620689655,,,,-0.06432748538011701,,191000000.0,-0.16230366492146597,130000000.0,0.23076923076923084,1.0,True,0.25,1.0,,0.6964285714285714,0.4794642857142857,dong,2.0
A10021487,동부산쏠마레,기장군,일광읍이천리,472,부산광역시,26710,busan,부산,BUSAN,부산광역시,BUSAN_GIJANG,True,False,144.0,2014-11-26,11,120.0,0.8333333333333334,1.0,3.0,11.0,1,35.2685329816501,129.237478837404,부산광역시 기장군 이천11길 23,True,0.0763888888888889,,,,,,,,,,,,0.3333333333333333,1.0,,0.3333333333333333,0.44999999999999996,dong,2.0
A10021502,서인백조,김해시,진례면초전리,231-1,경상남도,48250,gimhae,김해,GYEONGNAM,김해시,GIMHAE,False,True,128.0,1992-07-11,34,93.0,0.7265625,0.0,0.0,1.0,1,35.2488944947377,128.754442870177,경상남도 김해시 송현로 53,True,0.0078125,,,,,0.04626865671641789,80000000.0,-0.12375000000000003,52500000.0,0.33523809523809533,0.0,True,0.5,0.5,,0.5,0.375,dong,2.0
A10021565,도경오벨리스,중구,영주동,587,부산광역시,26110,busan,부산,BUSAN,부산광역시,BUSAN_CORE,True,False,102.0,2005-09-13,21,,,0.0,1.0,4.0,2,35.1117470885103,129.036813867574,부산광역시 중구 대영로 240,True,0.0392156862745098,,,,-0.029126213592232997,-0.003984063745019917,290000000.0,-0.13793103448275867,204000000.0,0.22549019607843146,1.0,True,0.2,1.0,,0.5588235294117647,0.4438235294117647,dong,3.0
A10021686,성우,김해시,진례면송정리,252-1,경상남도,48250,gimhae,김해,GYEONGNAM,김해시,GIMHAE,False,True,110.0,1992-06-03,34,27.0,0.24545454545454545,1.0,1.0,3.0,3,35.2498267373686,128.749318282463,경상남도 김해시 진례로256번길 10-1,True,0.02727272727272727,,,,,,121000000.0,-0.42148760330578516,59000000.0,0.18644067796610164,0.0,True,1.0,1.0,,1.0,0.75,dong,1.0
A10021688,새들맨션,중구,대청동4가,79-1,부산광역시,26110,busan,부산,BUSAN,부산광역시,BUSAN_CORE,True,False,131.0,1981-04-08,45,57.0,0.4351145038167939,1.0,2.0,4.0,1,35.1049075011062,129.029882668148,부산광역시 중구 중구로 81,True,0.030534351145038167,230000000.0,9021752.050398193,0.0,-0.017094017094017144,-0.2068965517241379,370000000.0,-0.3783783783783784,154000000.0,0.49350649350649345,2.0,True,1.0,1.0,1.0,0.38461538461538464,0.9076923076923077,dong,1.0
A10021797,영도봄여름가을겨울,영도구,대교동1가,95,부산광역시,26200,busan,부산,BUSAN,부산광역시,BUSAN_CORE,True,False,115.0,2020-08-04,6,144.0,1.2521739130434784,1.0,2.0,4.0,1,35.0921668556622,129.037707959239,부산광역시 영도구 남항서로 131,True,0.034782608695652174,,,,,,,,,,,,1.0,1.0,,0.3,0.645,dong,1.0
A10021860,시영,김해시,어방동,458-8,경상남도,48250,gimhae,김해,GYEONGNAM,김해시,GIMHAE,False,True,116.0,1991-02-11,35,,,3.0,8.0,13.0,2,35.24509722618,128.903251611062,경상남도 김해시 인제로169번길 9,True,0.11206896551724138,,,,,,,,,,,,0.14285714285714285,1.0,,0.8452380952380952,0.46964285714285714,dong,5.0
A10021875,대근(가나),김해시,진영읍좌곤리,2-14,경상남도,48250,gimhae,김해,GYEONGNAM,김해시,GIMHAE,False,True,197.0,1991-11-22,34,44.0,0.2233502538071066,0.0,0.0,5.0,2,35.303556771865,128.709903736354,경상남도 김해시 진남로 9,True,0.025380710659898477,,,,,,66500000.0,-0.20300751879699253,53000000.0,0.0,0.0,True,0.5,1.0,,0.6666666666666666,0.5499999999999999,dong,1.0
A10021988,가람,김해시,대성동,88,경상남도,48250,gimhae,김해,GYEONGNAM,김해시,GIMHAE,False,True,108.0,1995-09-12,31,,,0.0,0.0,2.0,4,35.2379426510641,128.874918034814,경상남도 김해시 구지로 102-1,True,0.018518518518518517,,,,,,146000000.0,-0.34931506849315064,95000000.0,0.0,0.0,True,1.0,1.0,,1.0,0.75,dong,1.0
A10022107,감천오펠리움아파트,사하구,감천동,868,부산광역시,26380,busan,부산,BUSAN,부산광역시,BUSAN_CORE,True,False,145.0,2018-07-18,8,136.0,0.9379310344827586,2.0,6.0,9.0,2,35.0902358881907,129.002639323813,부산광역시 사하구 감천로105번길 53,True,0.06206896551724138,,,,,,,,,,,,0.2,1.0,,0.4423076923076923,0.4263461538461538,dong,5.0
A10022267,오션라이프에일린의뜰1단지,영도구,동삼동,1195,부산광역시,26200,busan,부산,BUSAN,부산광역시,BUSAN_CORE,True,False,1228.0,2023-06-28,3,1292.0,1.0521172638436482,5.0,21.0,49.0,5,35.0755544541612,129.074599795214,부산광역시 영도구 태종로 611,True,0.039902280130293157,498000000.0,19348799.971743263,0.07096774193548394,-0.01098901098901095,-0.018993839835729,510000000.0,-0.02352941176470591,431900000.0,0.15304468626996992,6.0,False,0.8947368421052632,0.9473684210526315,1.0,0.9705882352941176,0.9482198142414859,dong,1.0
A10022280,두산위브더제니스센트럴사하,사하구,장림동,1154,부산광역시,26380,busan,부산,BUSAN,부산광역시,BUSAN_CORE,True,False,1643.0,2024-09-26,2,2020.0,1.2294583079732198,11.0,16.0,28.0,4,35.082895063328,128.972097096354,부산광역시 사하구 장림로 199,True,0.01704199634814364,532500000.0,20683335.74624204,0.03649635036496357,0.021400778210116655,0.11789491787771955,535000000.0,-0.009345794392523366,456160000.0,0.16187302700806727,5.0,False,0.9615384615384616,0.19230769230769232,1.0,0.95,0.7386538461538461,dong,3.0
A10022281,구덕자유,서구,서대신동3가,566-5,부산광역시,26140,busan,부산,BUSAN,부산광역시,BUSAN_CORE,True,False,116.0,1996-04-18,30,56.0,0.4827586206896552,2.0,2.0,5.0,2,35.1137812674724,129.012448357479,부산광역시 서구 망양로33번길 27,True,0.04310344827586207,,,,,0.15217391304347827,270000000.0,-0.01851851851851849,210000000.0,0.26190476190476186,0.0,True,0.125,1.0,,0.6,0.4275,dong,5.0
A10022287,구덕금호,서구,동대신동3가,140,부산광역시,26140,busan,부산,BUSAN,부산광역시,BUSAN_CORE,True,False,112.0,2001-05-14,25,,,0.0,1.0,1.0,2,35.1158361893629,129.018377589786,부산광역시 서구 보수대로242번길 6,True,0.008928571428571428,,,,,,257500000.0,-0.22330097087378642,200000000.0,0.0,0.0,True,0.3333333333333333,0.3333333333333333,,0.6923076923076923,0.3038461538461538,dong,3.0
A10022434,e편한세상송도더퍼스트비치,서구,암남동,778,부산광역시,26140,busan,부산,BUSAN,부산광역시,BUSAN_CORE,True,False,1302.0,2024-08-09,2,1475.0,1.1328725038402458,31.0,92.0,128.0,3,35.0755106315152,129.015072978936,부산광역시 서구 충무대로21번길 9,True,0.09831029185867896,616550000.0,24053369.397057302,0.0760034904013962,-0.0701606425702811,0.0976744186046512,674155000.0,-0.0572642789862865,521000000.0,0.21986564299424183,42.0,False,0.9285714285714286,1.0,0.8571428571428571,0.7857142857142857,0.9107142857142857,dong,1.0
A10022437,트리마제양산1단지,양산시,덕계동,1579-1,경상남도,48330,yangsan,양산,GYEONGNAM,양산시,YANGSAN,False,True,1066.0,2024-07-31,2,1386.0,1.300187617260788,3.0,9.0,28.0,3,35.3750176503941,129.159450883984,경상남도 양산시 신덕계2길 15,True,0.02626641651031895,422000000.0,16487302.432960397,-0.029885057471264354,0.005793742757821629,0.011682242990654235,456450000.0,-0.07547376492496438,405000000.0,0.041975308641975406,4.0,False,0.9090909090909091,0.5454545454545454,1.0,0.631578947368421,0.7811004784688994,dong,2.0
A10022488,사송역우미린포레스트,양산시,동면사송리,1242,경상남도,48330,yangsan,양산,GYEONGNAM,양산시,YANGSAN,False,True,688.0,2024-07-18,2,1052.0,1.5290697674418605,1.0,3.0,7.0,2,35.306203984611,129.073503087247,경상남도 양산시 사송로 55,True,0.010174418604651164,463000000.0,17984497.948950343,0.07925407925407923,0.13157894736842102,-0.0034843205574912606,463000000.0,0.0,380000000.0,0.21842105263157885,3.0,False,0.6666666666666666,0.3333333333333333,1.0,0.8333333333333334,0.675,dong,1.0
A10022541,에코델타스마트시티수자인,강서구,강동동,가-,부산광역시,26440,busan,부산,BUSAN,부산광역시,BUSAN_CORE,True,False,554.0,2024-06-28,2,989.0,1.7851985559566788,0.0,2.0,3.0,2,35.1396035183419,128.916467746097,부산광역시 강서구 에코중앙1로 33,True,0.005415162454873646,,,,,,,,,,,,0.3333333333333333,1.0,,0.9166666666666666,0.5375,dong,3.0
A10022561,두산위브더제니스양산,양산시,상북면석계리,1176,경상남도,48330,yangsan,양산,GYEONGNAM,양산시,YANGSAN,False,True,1368.0,2024-12-06,1,1475.0,1.0782163742690059,4.0,10.0,25.0,2,35.417400441811,129.066246708278,경상남도 양산시 석계로 15,True,0.01827485380116959,320000000.0,12444509.390537223,-0.019908116385911168,0.0,0.022222222222222143,346000000.0,-0.07514450867052025,300000000.0,0.06666666666666665,4.0,False,1.0,0.3333333333333333,1.0,0.5769230769230769,0.7365384615384615,dong,1.0
A10022574,초읍하늘채포레스원,부산진구,초읍동,681,부산광역시,26230,busan,부산,BUSAN,부산광역시,BUSAN_CORE,True,False,756.0,2024-05-29,2,1065.0,1.4087301587301588,2.0,8.0,16.0,2,35.1799954195609,129.050684168448,부산광역시 부산진구 성지로 117,True,0.021164021164021163,,,,-0.039017341040462394,0.1075441412520064,692000000.0,-0.0028901734104046506,610000000.0,0.13114754098360648,3.0,False,0.9,0.4,,0.6951219512195121,0.4942682926829268,dong,4.0
A10022579,양산금호리첸시아시그니처,양산시,중부동,402,경상남도,48330,yangsan,양산,GYEONGNAM,양산시,YANGSAN,False,True,237.0,,,261.0,1.1012658227848102,1.0,1.0,1.0,1,35.3429047771216,129.035076984111,경상남도 양산시 서일동1길 60,True,0.004219409282700422,504000000.0,19593567.768156916,,,,504000000.0,0.0,504000000.0,0.0,1.0,True,0.25,0.25,1.0,0.19230769230769232,0.4288461538461539,dong,4.0
A10022591,사직하늘채리센티아,동래구,사직동,1061,부산광역시,26260,busan,부산,BUSAN,부산광역시,BUSAN_CORE,True,False,690.0,2024-05-23,2,756.0,1.0956521739130434,6.0,19.0,43.0,2,35.2017861162457,129.060970332304,부산광역시 동래구 사직북로48번길 77,True,0.06231884057971015,754000000.0,29306645.566554867,0.040000000000000036,0.013698630136986356,0.10338345864661647,762500000.0,-0.005901639344262244,530000000.0,0.4301886792452829,14.0,False,0.6842105263157895,0.9473684210526315,0.75,0.43103448275862066,0.7416288566243194,dong,4.0
A10022676,양산사송제일풍경채퍼스트파크,양산시,동면내송리,901,경상남도,48330,yangsan,양산,GYEONGNAM,양산시,YANGSAN,False,True,452.0,2024-03-27,2,601.0,1.329646017699115,0.0,2.0,4.0,1,35.3222659920106,129.065576898624,경상남도 양산시 내송큰들로 140,True,0.008849557522123894,,,,-0.0117647058823529,0.011904761904761862,440000000.0,0.0,400000000.0,0.10000000000000009,2.0,True,1.0,1.0,,0.3,0.645,dong,1.0
A10022703,장유자이더파크,김해시,신문동,1528,경상남도,48250,gimhae,김해,GYEONGNAM,김해시,GIMHAE,False,True,587.0,2024-03-28,2,770.0,1.31175468483816,4.0,8.0,15.0,2,35.1926543867879,128.811924122665,경상남도 김해시 장유로334번길 67,True,0.02555366269165247,468750000.0,18310329.954590425,-0.04336734693877553,-0.06792265741199799,-0.019437340153452665,520000000.0,-0.10096153846153844,439000000.0,0.06492027334851946,6.0,False,0.6666666666666666,0.3333333333333333,1.0,0.3,0.5950000000000001,dong,2.0
A10022754,더샵데시앙3차,양산시,동면사송리,1233,경상남도,48330,yangsan,양산,GYEONGNAM,양산시,YANGSAN,False,True,533.0,2024-02-20,2,589.0,1.1050656660412759,4.0,6.0,17.0,1,35.3094948796549,129.067830910588,경상남도 양산시 사송로 133,True,0.03189493433395872,431500000.0,16755721.573304664,0.0733830845771144,-0.009019843656043247,-0.019457547169811296,443000000.0,0.0,381995000.0,0.15970104320737177,6.0,False,0.3333333333333333,1.0,0.75,0.3333333333333333,0.6375,dong,3.0
A10022796,양산천년가더힐,양산시,주진동,710,경상남도,48330,yangsan,양산,GYEONGNAM,양산시,YANGSAN,False,True,625.0,2024-01-31,2,638.0,1.0208,6.0,11.0,12.0,2,35.3903067458242,129.146259362298,경상남도 양산시 번영로 209,True,0.0192,,,,,,,,,,,,0.6,0.2,,0.5,0.315,dong,5.0
A10022844,롯데캐슬라센트,부산진구,부암동,756,부산광역시,26230,busan,부산,BUSAN,부산광역시,BUSAN_CORE,True,False,2195.0,2025-02-06,1,2387.0,1.0874715261958998,10.0,41.0,70.0,4,35.1705243127939,129.035161562272,부산광역시 부산진구 백양순환로 75,True,0.03189066059225513,555000000.0,21597877.358490564,-0.032258064516129004,-0.051430941518042284,-0.044123711340206206,629500000.0,-0.11834789515488486,555000000.0,0.0,18.0,False,1.0,0.4444444444444444,1.0,0.9565217391304348,0.8268115942028986,dong,2.0
A10022868,테넌바움294,수영구,민락동,784,부산광역시,26500,busan,부산,BUSAN,부산광역시,BUSAN_CORE,True,False,294.0,2023-11-27,2,368.0,1.251700680272109,10.0,40.0,76.0,1,35.1569571883719,129.129031951673,부산광역시 수영구 광안해변로 323,True,0.2585034013605442,1130000000.0,44065565.40173638,0.018018018018018056,-0.13702623906705536,0.024896265560165887,1515000000.0,-0.15841584158415845,985000000.0,0.29441624365482233,40.0,False,0.34615384615384615,1.0,1.0,0.26136363636363635,0.6930506993006993,dong,4.0
A10022890,레이카운티(5단지),연제구,거제동,1536,부산광역시,26470,busan,부산,BUSAN,부산광역시,BUSAN_CORE,True,False,4470.0,2023-11-29,2,5335.0,1.1935123042505593,42.0,120.0,298.0,6,35.1899959215514,129.066108752828,부산광역시 연제구 아시아드대로 39,True,0.06666666666666667,1040000000.0,40459245.444503516,0.019607843137254832,0.06266820453671662,0.08429926238145424,1079000000.0,-0.009267840593141785,630000000.0,0.6968253968253968,65.0,False,1.0,0.9512195121951219,1.0,1.0,0.9853658536585366,dong,1.0
A10022905,포레나부산덕천2차,북구,덕천동,823,부산광역시,26320,busan,부산,BUSAN,부산광역시,BUSAN_CORE,True,False,795.0,2023-11-29,2,889.0,1.1182389937106918,7.0,22.0,47.0,3,35.2135475612397,129.015417583227,부산광역시 북구 만덕대로 101,True,0.05911949685534591,693000000.0,26957129.570800625,0.021370670596905006,0.01905829596412567,0.02083333333333326,693000000.0,0.0,657000000.0,0.0547945205479452,6.0,False,0.8571428571428571,0.9285714285714286,1.0,0.8888888888888888,0.919047619047619,dong,1.0
A10022984,서면롯데캐슬엘루체,부산진구,부전동,679,부산광역시,26230,busan,부산,BUSAN,부산광역시,BUSAN_CORE,True,False,450.0,2023-09-27,3,796.0,1.768888888888889,4.0,6.0,14.0,1,35.1558216840151,129.052378769375,부산광역시 부산진구 신천대로126번길 42,True,0.03111111111111111,647500000.0,25143485.08378236,-0.0015420200462605838,-0.08339222614840991,,740000000.0,-0.16891891891891897,600000000.0,0.02499999999999991,6.0,False,0.6666666666666666,0.5,1.0,0.34210526315789475,0.6513157894736842,dong,2.0
A10022999,대연푸르지오클라센트1단지,남구,대연동,1933,부산광역시,26290,busan,부산,BUSAN,부산광역시,BUSAN_CORE,True,False,1057.0,2024-08-09,2,1132.0,1.0709555345316935,11.0,39.0,95.0,3,35.1290634154305,129.085064400067,부산광역시 남구 유엔로 81,True,0.08987701040681173,720000000.0,27965311.71435835,0.0027855153203342198,0.005954465849387081,0.00917431192660545,750000000.0,-0.07999999999999996,663000000.0,0.040723981900452566,9.0,False,0.875,1.0,0.7352941176470589,0.8333333333333334,0.8713235294117647,dong,2.0
A10023021,서면비스타동원,부산진구,당감동,1028,부산광역시,26230,busan,부산,BUSAN,부산광역시,BUSAN_CORE,True,False,806.0,2024-04-11,2,954.0,1.183622828784119,10.0,20.0,46.0,2,35.1576900980268,129.038333034922,부산광역시 부산진구 마철로 114,True,0.05707196029776675,537500000.0,20867868.01272013,-0.011039558417663242,-0.0018570102135562205,0.00561272217025266,560000000.0,-0.051785714285714324,500000000.0,0.062000000000000055,7.0,False,0.5625,0.9375,1.0,0.4,0.76,dong,1.0
A10023040,양정포레힐즈스위첸1단지,부산진구,양정동,531,부산광역시,26230,busan,부산,BUSAN,부산광역시,BUSAN_CORE,True,False,1338.0,2023-08-31,3,1566.0,1.1704035874439462,20.0,49.0,120.0,4,35.1723960004205,129.079723130345,부산광역시 부산진구 양연로 36,True,0.08968609865470852,745000000.0,28928894.455498666,-0.019736842105263164,-0.0019893899204244114,0.05454545454545445,783000000.0,-0.07407407407407407,324000000.0,1.2376543209876543,29.0,False,0.75,0.9166666666666666,0.8571428571428571,0.9313725490196079,0.8539915966386553,dong,1.0
A10023102,비스타동원더비치테라스,서구,암남동,771,부산광역시,26140,busan,부산,BUSAN,부산광역시,BUSAN_CORE,True,False,295.0,2023-10-10,2,358.0,1.2135593220338983,0.0,5.0,10.0,3,35.0750323899772,129.014085049118,부산광역시 서구 암남공원로 16,True,0.03389830508474576,,,,0.04339622641509444,-0.037735849056603765,625000000.0,-0.11519999999999997,472500000.0,0.17037037037037028,1.0,True,0.8214285714285714,0.7857142857142857,,0.7857142857142857,0.6,dong,5.0
A10023104,사상중흥에스-클래스그랜드센트럴,사상구,덕포동,795,부산광역시,26530,busan,부산,BUSAN,부산광역시,BUSAN_CORE,True,False,1572.0,2023-12-20,2,1667.0,1.0604325699745547,15.0,48.0,96.0,4,35.1716317464552,128.983687212587,부산광역시 사상구 사상로 300,True,0.061068702290076333,642500000.0,24955244.75030631,-0.003875968992248069,0.005859375,-0.03759398496240607,740000000.0,-0.1317567567567568,600000000.0,0.0708333333333333,15.0,False,1.0,1.0,1.0,0.8611111111111112,0.9791666666666666,dong,1.0
A10023202,삼계삼정그린코아더베스트,김해시,삼계동,1561,경상남도,48250,gimhae,김해,GYEONGNAM,김해시,GIMHAE,False,True,629.0,2023-06-01,3,764.0,1.2146263910969792,5.0,12.0,28.0,3,35.2733814025985,128.861488181105,경상남도 김해시 생림대로 31,True,0.04451510333863275,336250000.0,13072621.156999867,0.026717557251908497,0.007692307692307665,-0.06785714285714284,361700000.0,-0.03787669339231403,300000000.0,0.15999999999999992,6.0,False,0.5,0.7727272727272727,0.875,0.8333333333333334,0.7255681818181818,dong,3.0
A10023208,두산위브더제니스하버시티,동구,범일동,1664,부산광역시,26170,busan,부산,BUSAN,부산광역시,BUSAN_CORE,True,False,2040.0,2023-05-25,3,2247.0,1.1014705882352942,8.0,23.0,73.0,3,35.1326704859309,129.057266019849,부산광역시 동구 범일로 21,True,0.035784313725490194,635000000.0,24679943.9386623,0.0,-0.055762081784386575,-0.051094890510948954,800000000.0,-0.20625000000000004,420000000.0,0.5119047619047619,8.0,False,1.0,0.8571428571428571,1.0,0.8928571428571429,0.9410714285714286,dong,1.0
A10023241,사송더샵데시앙2차7단지,양산시,동면사송리,1166,경상남도,48330,yangsan,양산,GYEONGNAM,양산시,YANGSAN,False,True,993.0,2023-04-26,3,1292.0,1.3011077542799596,2.0,6.0,16.0,1,35.3136291709416,129.074812181169,경상남도 양산시 외송로 30,True,0.016112789526686808,394000000.0,15307924.517639078,0.01025641025641022,-0.03448275862068961,0.019230769230769162,440000000.0,-0.1045454545454545,357000000.0,0.10364145658263313,6.0,False,1.0,0.6666666666666666,0.5,0.3333333333333333,0.675,dong,2.0
A10023354,김해주촌일동미라주더네스트,김해시,주촌면선지리,1475,경상남도,48250,gimhae,김해,GYEONGNAM,김해시,GIMHAE,False,True,284.0,2023-02-24,3,346.0,1.2183098591549295,2.0,4.0,8.0,1,35.2305827886561,128.845044254711,경상남도 김해시 선지로 59,True,0.028169014084507043,,,,,,,,,,,,0.3333333333333333,0.6666666666666666,,0.25,0.33749999999999997,dong,3.0
A10023405,쌍용더플래티넘거제아시아드,연제구,거제동,1530,부산광역시,26470,busan,부산,BUSAN,부산광역시,BUSAN_CORE,True,False,482.0,2023-01-30,3,581.0,1.2053941908713692,4.0,9.0,30.0,3,35.1860667163788,129.069078260326,부산광역시 연제구 아시아드대로 7,True,0.06224066390041494,796500000.0,30994045.162431456,0.014649681528662528,-0.0028580501746586773,0.1025280898876404,817500000.0,-0.00917431192660545,512130000.0,0.5816296643430379,4.0,False,0.7560975609756098,0.9024390243902439,0.75,0.808641975308642,0.8063572719060523,dong,5.0
A10023409,이진젠시티개금,부산진구,개금동,878,부산광역시,26230,busan,부산,BUSAN,부산광역시,BUSAN_CORE,True,False,736.0,2023-01-26,3,954.0,1.296195652173913,4.0,10.0,44.0,3,35.1536845951425,129.02625480982,부산광역시 부산진구 가야대로 497,True,0.059782608695652176,685000000.0,26617948.539810345,0.0047671433810048125,0.05384615384615388,0.038431372549019516,697000000.0,-0.017216642754662836,600000000.0,0.1416666666666666,4.0,False,0.7727272727272727,0.9545454545454546,1.0,0.8650793650793651,0.8979437229437229,dong,1.0
A10023411,부산기장포스코더샵,기장군,기장읍동부리,364-2,부산광역시,26710,busan,부산,BUSAN,부산광역시,BUSAN_GIJANG,True,False,148.0,2004-06-09,22,150.0,1.0135135135135136,0.0,0.0,0.0,1,35.2475801607988,129.218389983482,,True,0.0,,,,,,365000000.0,-0.12328767123287676,243000000.0,0.3168724279835391,0.0,True,0.5,0.25,,0.25,0.26249999999999996,dong,4.0
A10023417,더샵동래,동래구,온천동,1854,부산광역시,26260,busan,부산,BUSAN,부산광역시,BUSAN_CORE,True,False,603.0,2023-01-19,3,776.0,1.286898839137645,2.0,8.0,35.0,2,35.2148587237127,129.079964263796,부산광역시 동래구 온천장로 38,True,0.05804311774461028,722500000.0,28081881.194532618,0.03956834532374098,-0.04391891891891897,0.013588850174216072,760000000.0,-0.049342105263157854,496630000.0,0.45480538831725825,8.0,False,0.8292682926829268,0.7804878048780488,0.8636363636363636,0.6711229946524064,0.7995043693752446,dong,3.0
A10023420,삼익타워,수영구,남천동,148-22,부산광역시,26500,busan,부산,BUSAN,부산광역시,BUSAN_CORE,True,False,913.0,2023-01-19,3,1304.0,1.4282584884994523,7.0,14.0,36.0,6,35.1401914569438,129.112924625666,부산광역시 수영구 남천동로 46,True,0.03943044906900329,1707500000.0,66298680.381796174,0.11967213114754105,0.07760141093474426,0.07581227436823101,1770000000.0,0.0,785000000.0,1.2547770700636942,8.0,False,0.7142857142857143,0.5,1.0,0.99,0.7627857142857143,dong,3.0
A10023436,데시앙해링턴플레이스파크시티,남구,용호동,980,부산광역시,26290,busan,부산,BUSAN,부산광역시,BUSAN_CORE,True,False,1725.0,2023-05-25,3,1760.0,1.0202898550724637,12.0,30.0,88.0,3,35.1126137352917,129.113230004297,부산광역시 남구 용주로 36,True,0.051014492753623186,555000000.0,21584178.114795737,0.02777777777777768,0.011547344110854452,-0.032618409294012496,605000000.0,-0.0826446280991735,496500000.0,0.1178247734138973,5.0,False,0.9090909090909091,1.0,0.8888888888888888,0.7828947368421053,0.9123837054758107,dong,1.0
A10023440,힐스테이트사하역,사하구,괴정동,1295,부산광역시,26380,busan,부산,BUSAN,부산광역시,BUSAN_CORE,True,False,1314.0,2022-12-28,3,1566.0,1.1917808219178083,9.0,25.0,71.0,2,35.0980414493449,128.97932578032,부산광역시 사하구 괴정로 166,True,0.05403348554033485,580000000.0,22523635.69607919,-0.049180327868852514,-0.026186579378068786,0.007500000000000062,627500000.0,-0.0916334661354582,532500000.0,0.07042253521126751,23.0,False,1.0,0.8275862068965517,1.0,0.5392857142857143,0.8791687192118226,dong,1.0
A10023494,시민공원삼정그린코아더베스트,부산진구,부암동,755,부산광역시,26230,busan,부산,BUSAN,부산광역시,BUSAN_CORE,True,False,450.0,2022-12-09,3,502.0,1.1155555555555556,4.0,12.0,35.0,3,35.1660600067515,129.049834042261,부산광역시 부산진구 동평로 176,True,0.07777777777777778,462000000.0,18015761.1322302,0.01538461538461533,-0.02777777777777779,0.0108108108108107,490000000.0,-0.042857142857142816,440000000.0,0.06590909090909092,5.0,False,0.5555555555555556,0.9629629629629629,0.75,0.7608695652173914,0.7571859903381641,dong,3.0
A10023526,힐스테이트연산,연제구,연산동,2382,부산광역시,26470,busan,부산,BUSAN,부산광역시,BUSAN_CORE,True,False,1651.0,2021-11-30,4,1869.0,1.1320411871592975,17.0,35.0,117.0,4,35.173358042705,129.088891402581,부산광역시 연제구 봉수로 2,True,0.07086614173228346,628500000.0,24418650.40783286,0.027800490596892935,0.006720977596741395,0.0696560731388769,659000000.0,0.0,539500000.0,0.22150139017608894,16.0,False,0.95,0.8166666666666667,0.8275862068965517,0.9681274900398407,0.882115675230114,dong,2.0
A10023544,센트럴스타힐스,사상구,괘법동,984,부산광역시,26530,busan,부산,BUSAN,부산광역시,BUSAN_CORE,True,False,874.0,2022-11-04,3,791.0,0.9050343249427918,5.0,15.0,44.0,2,35.1641703820883,128.981914602925,부산광역시 사상구 사상로223번길 23,True,0.05034324942791762,540000000.0,21012614.643740665,-0.05346187554776516,0.04566854990583802,-0.03856502242152471,605500000.0,-0.10817506193228732,374000000.0,0.44385026737967914,3.0,False,0.9,0.8,1.0,0.7142857142857143,0.8671428571428571,dong,1.0
A10023571,주례롯데캐슬골드스마트,사상구,주례동,1289,부산광역시,26530,busan,부산,BUSAN,부산광역시,BUSAN_CORE,True,False,998.0,2022-10-27,3,1160.0,1.1623246492985972,9.0,23.0,61.0,3,35.1523287221475,128.996756992175,부산광역시 사상구 가야대로255번길 5,True,0.061122244488977955,585000000.0,22747308.36952973,0.003172425619480501,-0.0014554794520548198,-0.03849958779884588,680000000.0,-0.11764705882352944,546000000.0,0.098901098901099,18.0,False,0.9090909090909091,1.0,1.0,0.7317073170731707,0.9324833702882483,dong,1.0
A10023607,더샵남천프레스티지,수영구,남천동,599,부산광역시,26500,busan,부산,BUSAN,부산광역시,BUSAN_CORE,True,False,975.0,2022-09-26,4,1167.0,1.196923076923077,9.0,23.0,55.0,4,35.1423137657431,129.105669413733,부산광역시 수영구 수영로 389,True,0.05641025641025641,1231500000.0,48306402.34117767,-0.08608534322820038,0.08284518828451892,0.15093457943925226,1350000000.0,-0.07925925925925925,650000000.0,0.9123076923076923,10.0,False,0.7857142857142857,0.6428571428571429,0.9090909090909091,0.92,0.7938441558441559,dong,2.0
A10023616,래미안어반파크2단지,부산진구,연지동,420,부산광역시,26230,busan,부산,BUSAN,부산광역시,BUSAN_CORE,True,False,2616.0,2022-09-29,4,3191.0,1.2198012232415902,24.0,59.0,140.0,7,35.17424270798,129.054541548223,부산광역시 부산진구 성지로 37,True,0.053516819571865444,757500000.0,29457341.50365308,-0.0026333113890717463,-0.005897771952817821,0.02499999999999991,850000000.0,-0.10999999999999999,630000000.0,0.20079365079365075,40.0,False,1.0,0.8571428571428571,1.0,1.0,0.9571428571428572,dong,1.0
A10023625,e편한세상시민공원1단지,부산진구,전포동,927,부산광역시,26230,busan,부산,BUSAN,부산광역시,BUSAN_CORE,True,False,1401.0,2022-09-29,4,1667.0,1.1898643825838686,11.0,43.0,103.0,5,35.1653348393502,129.070049332342,부산광역시 부산진구 진남로 460,True,0.07351891506067094,770000000.0,29904707.447677724,0.023255813953488413,0.03197278911564627,0.06914893617021267,787000000.0,-0.027954256670902122,530000000.0,0.44339622641509435,20.0,False,0.95,0.95,1.0,0.9788732394366197,0.9668309859154929,dong,1.0
A10023627,가야롯데캐슬골드아너,부산진구,가야동,700,부산광역시,26230,busan,부산,BUSAN,부산광역시,BUSAN_CORE,True,False,935.0,2022-09-29,4,1360.0,1.4545454545454546,12.0,26.0,72.0,3,35.1532102220527,129.030537782842,부산광역시 부산진구 가야대로 538,True,0.07700534759358289,826250000.0,32083195.605568375,0.0,0.007621951219512146,0.03797468354430378,837500000.0,-0.008955223880596996,745000000.0,0.11409395973154357,8.0,False,0.8333333333333334,0.9166666666666666,1.0,0.7894736842105263,0.8934210526315789,dong,1.0
A10023647,센텀KCC스위첸,해운대구,반여동,1691,부산광역시,26350,busan,부산,BUSAN,부산광역시,BUSAN_CORE,True,False,638.0,2022-08-29,4,732.0,1.1473354231974922,9.0,19.0,40.0,3,35.1957283041092,129.121810026548,부산광역시 해운대구 반여로 42,True,0.06269592476489028,652500000.0,25425865.448083676,-0.009863429438543236,-0.00719969685486932,0.013867488443759735,732000000.0,-0.11202185792349728,608000000.0,0.06907894736842102,14.0,False,0.7419354838709677,0.9032258064516129,0.9333333333333333,0.6973684210526315,0.8314869835880022,dong,2.0
A10023684,포레나부산덕천1차,북구,덕천동,817,부산광역시,26320,busan,부산,BUSAN,부산광역시,BUSAN_CORE,True,False,636.0,2022-08-23,4,729.0,1.1462264150943395,11.0,32.0,58.0,3,35.2127277626499,129.012184959816,부산광역시 북구 만덕대로 81,True,0.09119496855345911,691000000.0,26836183.12579218,-0.0128571428571429,-0.047260273972602684,-0.007092198581560294,795000000.0,-0.13081761006289305,650000000.0,0.06307692307692303,2.0,True,0.7142857142857143,1.0,0.8571428571428571,0.8888888888888888,0.8619047619047618,dong,2.0
A10023692,웨이브리즈,기장군,기장읍청강리,868,부산광역시,26710,busan,부산,BUSAN,부산광역시,BUSAN_GIJANG,True,False,728.0,2022-08-22,4,880.0,1.2087912087912087,8.0,18.0,38.0,1,35.2327721439094,129.220605306016,부산광역시 기장군 대변로 43,True,0.0521978021978022,,,,,,,,,,,,0.8,1.0,,0.3,0.5850000000000001,dong,2.0
A10023704,대신해모로센트럴아파트,서구,서대신동2가,576,부산광역시,26140,busan,부산,BUSAN,부산광역시,BUSAN_CORE,True,False,733.0,2022-07-29,4,800.0,1.0914051841746248,9.0,25.0,58.0,5,35.1113590671005,129.011559245152,부산광역시 서구 대티로 178,True,0.0791268758526603,626000000.0,24319494.444588333,0.0016000000000000458,0.04166666666666674,0.00577081615828523,652000000.0,-0.07975460122699385,550000000.0,0.09090909090909083,9.0,False,0.6666666666666666,1.0,1.0,0.984375,0.89765625,dong,1.0
A10023711,이안오션파크W,남구,우암동,266,부산광역시,26290,busan,부산,BUSAN,부산광역시,BUSAN_CORE,True,False,155.0,2022-07-12,4,164.0,1.0580645161290323,0.0,2.0,5.0,3,35.1254183364363,129.08026087482,부산광역시 남구 우암로154번길 25,True,0.03225806451612903,,,,-0.07674418604651168,0.008536585365853666,430000000.0,-0.07674418604651168,380000000.0,0.044736842105263186,1.0,True,0.1111111111111111,1.0,,0.75,0.4458333333333333,dong,5.0
A10023725,백양산베스티움에코포레,북구,만덕동,963,부산광역시,26320,busan,부산,BUSAN,부산광역시,BUSAN_CORE,True,False,593.0,2022-04-25,4,597.0,1.0067453625632379,5.0,12.0,21.0,2,35.2071617886075,129.043239180592,부산광역시 북구 상리로 86,True,0.03541315345699832,314500000.0,12216568.201962702,-0.0015873015873015817,-0.03076923076923077,-0.015625,360000000.0,-0.125,268000000.0,0.17537313432835822,8.0,False,0.5,0.7083333333333334,0.7333333333333333,0.3392857142857143,0.5967261904761905,dong,5.0
A10023733,청학우성스마트시티뷰,영도구,청학동,537,부산광역시,26200,busan,부산,BUSAN,부산광역시,BUSAN_CORE,True,False,262.0,2022-05-24,4,293.0,1.118320610687023,4.0,8.0,17.0,1,35.0913955184756,129.066473211771,부산광역시 영도구 태종로 405,True,0.0648854961832061,,,,,,,,,,,,0.3333333333333333,1.0,,0.16071428571428573,0.42410714285714285,dong,5.0
A10023750,e편한세상서면더센트럴,부산진구,범천동,1652,부산광역시,26230,busan,부산,BUSAN,부산광역시,BUSAN_CORE,True,False,998.0,2022-06-24,4,1020.0,1.0220440881763526,8.0,35.0,67.0,3,35.1520548371687,129.049897995425,부산광역시 부산진구 신암로 133,True,0.06713426853707415,577500000.0,22421221.30507214,-0.052502050861361726,0.04982206405693956,0.0893518518518519,616500000.0,-0.08353609083536095,380000000.0,0.48684210526315796,16.0,False,1.0,0.9047619047619048,1.0,0.8095238095238095,0.9428571428571428,dong,1.0
A10023781,힐스테이트명륜트라디움,동래구,명륜동,805,부산광역시,26260,busan,부산,BUSAN,부산광역시,BUSAN_CORE,True,False,874.0,2022-05-26,4,1085.0,1.2414187643020596,4.0,9.0,28.0,2,35.214463197331,129.082846682152,부산광역시 동래구 동래로57번길 94,True,0.032036613272311214,1012000000.0,39309033.53313857,-0.007843137254901933,0.05699481865284972,0.10444444444444434,1060000000.0,-0.03301886792452835,790000000.0,0.2974683544303798,7.0,False,0.8333333333333334,0.3333333333333333,1.0,0.5862068965517241,0.6879310344827586,dong,3.0
A10023790,힐스테이트이진베이시티아파트,서구,암남동,775,부산광역시,26140,busan,부산,BUSAN,부산광역시,BUSAN_CORE,True,False,1368.0,2022-05-24,4,2224.0,1.6257309941520468,8.0,18.0,44.0,3,35.0787637032665,129.022924973587,부산광역시 서구 송도해변로 192,True,0.03216374269005848,680000000.0,26550494.449716154,-0.02857142857142858,-0.07999999999999996,0.01449275362318847,810000000.0,-0.16049382716049387,561000000.0,0.21212121212121215,5.0,False,1.0,0.6428571428571429,1.0,0.7857142857142857,0.8607142857142858,dong,2.0
A10023837,부산오션시티푸르지오,영도구,동삼동,1180,부산광역시,26200,busan,부산,BUSAN,부산광역시,BUSAN_CORE,True,False,846.0,2022-04-28,4,937.0,1.107565011820331,1.0,9.0,23.0,2,35.0685254126271,129.084094589982,부산광역시 영도구 동삼오션로 30,True,0.027186761229314422,385000000.0,14962320.390327545,-0.03629536921151444,-0.021144278606965217,-0.04308797127468578,521250000.0,-0.2613908872901679,380000000.0,0.013157894736842035,9.0,False,0.7894736842105263,0.5263157894736842,0.75,0.43137254901960786,0.6469427244582043,dong,4.0
A10023872,대연양우내안애퍼스트,남구,문현동,1250,부산광역시,26290,busan,부산,BUSAN,부산광역시,BUSAN_CORE,True,False,560.0,2022-02-28,4,699.0,1.2482142857142857,8.0,24.0,86.0,2,35.1347343005461,129.078070055216,부산광역시 남구 수영로 117,True,0.15357142857142858,649000000.0,25236165.592231546,0.04931285367825389,0.037696768848384465,0.0662020905923344,649000000.0,0.0,435000000.0,0.49195402298850577,15.0,False,0.7391304347826086,1.0,0.9285714285714286,0.5725806451612904,0.8397690843518333,dong,3.0
A10023873,연지공원푸르지오,김해시,내동,121-2,경상남도,48250,gimhae,김해,GYEONGNAM,김해시,GIMHAE,False,True,814.0,2022-02-28,4,1123.0,1.3796068796068797,9.0,27.0,53.0,2,35.2480101904963,128.867492233651,경상남도 김해시 금관대로 1407,True,0.06511056511056511,508000000.0,19742904.534256533,-0.004897159647404559,0.02671370967741926,-0.002460629921259838,680000000.0,-0.2279411764705882,445000000.0,0.1797752808988764,19.0,False,0.9166666666666666,1.0,1.0,0.38461538461538464,0.8826923076923077,dong,1.0
A10023912,일광한신더휴센트럴포레2단지,기장군,일광읍삼성리,792,부산광역시,26710,busan,부산,BUSAN,부산광역시,BUSAN_GIJANG,True,False,1298.0,2020-06-19,6,1574.0,1.2126348228043142,8.0,20.0,49.0,3,35.2623212335079,129.220342194822,부산광역시 기장군 해빛3로 62,True,0.03775038520801233,452250000.0,17570943.674789935,-0.0636645962732919,0.0010752688172042113,-0.005344735435595993,670000000.0,-0.3216417910447761,406800000.0,0.11725663716814161,9.0,False,1.0,0.14285714285714285,0.5,0.90625,0.6037946428571428,dong,2.0
A10023928,사하코오롱하늘채,사하구,신평동,674,부산광역시,26380,busan,부산,BUSAN,부산광역시,BUSAN_CORE,True,False,969.0,2021-12-31,4,1042.0,1.0753353973168214,11.0,29.0,66.0,3,35.09221648435,128.968189299826,부산광역시 사하구 신산북로 41,True,0.06811145510835913,339250000.0,13187281.124881174,0.0543900543900544,-0.06864161849710981,-0.05652477320307048,385000000.0,-0.0714285714285714,303000000.0,0.17986798679867988,7.0,False,0.9285714285714286,0.9285714285714286,1.0,0.7391304347826086,0.9180124223602485,dong,1.0
A10023963,부산항일동미라주더오션(1지구),동구,좌천동,1176,부산광역시,26170,busan,부산,BUSAN,부산광역시,BUSAN_CORE,True,False,546.0,2021-12-30,4,650.0,1.1904761904761905,6.0,11.0,26.0,3,35.13172851113,129.05245707811,부산광역시 동구 자성로 2,True,0.047619047619047616,517500000.0,20120291.716248218,0.011730205278592365,0.014705882352941124,-0.04195804195804198,570000000.0,-0.09210526315789469,450000000.0,0.1499999999999999,4.0,False,1.0,0.8,1.0,0.9736842105263158,0.9360526315789475,dong,1.0
A10023969,괴정한신더휴,사하구,괴정동,1286,부산광역시,26380,busan,부산,BUSAN,부산광역시,BUSAN_CORE,True,False,835.0,2022-06-10,4,902.0,1.0802395209580837,5.0,14.0,44.0,4,35.1076784658799,128.998897634279,부산광역시 사하구 사리로 106,True,0.05269461077844311,500000000.0,19444477.17925451,-0.014778325123152691,0.008572869389813498,-0.005410566518141313,560000000.0,-0.1071428571428571,450000000.0,0.11111111111111116,5.0,False,0.9655172413793104,0.7586206896551724,0.7777777777777778,0.9642857142857143,0.8563286808976465,dong,2.0
A10023972,삼계한라비발디센텀시티,김해시,삼계동,1549,경상남도,48250,gimhae,김해,GYEONGNAM,김해시,GIMHAE,False,True,1936.0,2021-12-29,4,2732.0,1.4111570247933884,25.0,69.0,145.0,3,35.2722842937178,128.865974236888,경상남도 김해시 두곡로 15,True,0.07489669421487603,409000000.0,15883625.990446523,0.009876543209876631,0.0,-0.013956310679611672,448000000.0,-0.0825892857142857,315000000.0,0.3047619047619048,48.0,False,1.0,1.0,1.0,0.8333333333333334,0.975,dong,1.0
A10023975,동래래미안아이파크,동래구,온천동,1853,부산광역시,26260,busan,부산,BUSAN,부산광역시,BUSAN_CORE,True,False,3853.0,2022-06-14,4,4277.0,1.1100441214637944,22.0,53.0,197.0,6,35.2108185382833,129.071308200134,부산광역시 동래구 충렬대로107번길 65,True,0.05112899039709318,977500000.0,36843544.66451042,-0.022499999999999964,-0.018610421836228297,0.10373443983402497,1060000000.0,-0.160377358490566,770000000.0,0.1558441558441559,23.0,False,0.975609756097561,0.7317073170731707,1.0,0.9973262032085561,0.911794052432503,dong,1.0
A10024005,동래3차SKVIEW,동래구,온천동,1850,부산광역시,26260,busan,부산,BUSAN,부산광역시,BUSAN_CORE,True,False,999.0,2021-12-06,4,1148.0,1.1491491491491492,10.0,28.0,98.0,3,35.2164407285619,129.07979446266,부산광역시 동래구 온천장로65번길 9,True,0.0980980980980981,564250000.0,21937391.993325293,-0.009653356735410235,0.025270758122743597,0.03888888888888897,595000000.0,-0.025210084033613467,394300000.0,0.4709611970580776,15.0,False,0.9024390243902439,0.975609756097561,0.7727272727272727,0.8770053475935828,0.8881472544671971,dong,2.0
A10024065,기장유림노르웨이숲,기장군,기장읍교리,371,부산광역시,26710,busan,부산,BUSAN,부산광역시,BUSAN_GIJANG,True,False,165.0,2021-10-07,4,165.0,1.0,3.0,5.0,7.0,2,35.2521501561564,129.219536068852,부산광역시 기장군 차성로436번길 46,True,0.04242424242424243,,,,,,,,,,,,0.3333333333333333,0.6666666666666666,,0.5294117647058824,0.37941176470588234,dong,5.0
A10024113,e편한세상연산더퍼스트,연제구,연산동,2380,부산광역시,26470,busan,부산,BUSAN,부산광역시,BUSAN_CORE,True,False,455.0,2021-09-29,5,477.0,1.0483516483516484,3.0,8.0,38.0,3,35.1883228637814,129.084960712886,부산광역시 연제구 반송로 40,True,0.08351648351648351,570000000.0,22161233.81477056,-0.02145922746781115,-0.008620689655172376,0.03571428571428581,640000000.0,-0.109375,510000000.0,0.11764705882352944,6.0,False,0.6833333333333333,0.9666666666666667,0.7241379310344828,0.8645418326693227,0.805715757659019,dong,5.0
A10024183,김해주촌서희스타힐스,김해시,주촌면천곡리,1532,경상남도,48250,gimhae,김해,GYEONGNAM,김해시,GIMHAE,False,True,250.0,2021-08-09,5,303.0,1.212,2.0,6.0,14.0,2,35.2305858832497,128.836861754821,경상남도 김해시 천곡로 52,True,0.056,,,,0.02580645161290329,-0.011023622047244053,420000000.0,-0.24285714285714288,310000000.0,0.02580645161290329,1.0,True,0.5,1.0,,0.5,0.5249999999999999,dong,2.0
A10024189,해운대경동리인뷰1차,해운대구,중동,1843,부산광역시,26350,busan,부산,BUSAN,부산광역시,BUSAN_CORE,True,False,298.0,2021-05-27,5,430.0,1.4429530201342282,3.0,7.0,12.0,2,35.162337384701,129.167948776812,부산광역시 해운대구 달맞이길 23,True,0.040268456375838924,1020000000.0,39712472.39961064,-0.019230769230769273,0.05699481865284972,0.0,1465000000.0,-0.30375426621160406,825000000.0,0.23636363636363633,5.0,False,0.6206896551724138,0.6206896551724138,0.9230769230769231,0.665,0.7029330238726791,dong,5.0
A10024201,리버파크반도유보라,북구,구포동,1300,부산광역시,26320,busan,부산,BUSAN,부산광역시,BUSAN_CORE,True,False,790.0,2021-06-21,5,864.0,1.0936708860759494,1.0,11.0,32.0,5,35.2042466425221,129.002397767837,부산광역시 북구 백양대로 1136,True,0.04050632911392405,,,,-0.08029197080291972,0.0674937965260547,610000000.0,-0.12295081967213117,450000000.0,0.18888888888888888,4.0,False,0.8636363636363636,0.8636363636363636,,1.0,0.6681818181818182,dong,5.0
A10024210,공항마을리베르하임주상복합,강서구,대저2동,2033-1,부산광역시,26440,busan,부산,BUSAN,부산광역시,BUSAN_CORE,True,False,182.0,2021-07-09,5,216.0,1.1868131868131868,0.0,0.0,0.0,3,35.178296570476,128.955694888857,,True,0.0,,,,,,,,,,,,1.0,1.0,,1.0,0.75,dong,1.0
A10024226,삼한골든뷰에듀스테이션,금정구,부곡동,981,부산광역시,26410,busan,부산,BUSAN,부산광역시,BUSAN_CORE,True,False,610.0,2021-06-30,5,758.0,1.2426229508196722,4.0,12.0,53.0,3,35.2308898916178,129.089724186277,부산광역시 금정구 중앙대로1629번길 16,True,0.08688524590163935,599750000.0,23352471.938165314,-0.03227107704719645,0.037238493723849464,0.0033333333333334103,642000000.0,-0.12305295950155759,525000000.0,0.07238095238095243,8.0,False,0.8076923076923077,0.9615384615384616,1.0,0.8722222222222222,0.9116025641025641,dong,1.0
A10024249,해운대센텀트루엘1단지,해운대구,반여동,1682,부산광역시,26350,busan,부산,BUSAN,부산광역시,BUSAN_CORE,True,False,531.0,2019-07-25,7,609.0,1.1468926553672316,3.0,13.0,37.0,3,35.207635823241,129.118658128895,부산광역시 해운대구 삼어로133번나길 17,True,0.0696798493408663,467500000.0,18155755.99538353,0.0625,0.019630484988452546,0.02810304449648715,650000000.0,-0.24615384615384617,360000000.0,0.36111111111111116,8.0,False,0.6451612903225806,0.967741935483871,0.8,0.6973684210526315,0.7884762308998302,dong,4.0
A10024303,영도센트럴에일린의뜰,영도구,봉래동4가,343,부산광역시,26200,busan,부산,BUSAN,부산광역시,BUSAN_CORE,True,False,1216.0,2021-04-29,5,1336.0,1.0986842105263157,4.0,14.0,53.0,5,35.0935638945661,129.047480684119,부산광역시 영도구 태종로 172,True,0.04358552631578947,490000000.0,19050132.361309264,0.04366347177848784,-0.04322824716267337,-0.051851851851851816,558000000.0,-0.11290322580645162,455000000.0,0.08791208791208782,8.0,False,1.0,1.0,1.0,1.0,1.0,dong,1.0
A10024318,이편한세상금정산,북구,만덕동,962,부산광역시,26320,busan,부산,BUSAN,부산광역시,BUSAN_CORE,True,False,1969.0,2021-04-12,5,2085.0,1.058913153885221,16.0,38.0,82.0,3,35.2157515534228,129.038054428315,부산광역시 북구 상학로 36,True,0.04164550533265617,447500000.0,17386252.057387874,0.05604719764011801,-0.01813471502590669,-0.016552511415525162,480000000.0,-0.0625,402500000.0,0.11801242236024834,34.0,False,0.9583333333333334,0.875,1.0,0.6428571428571429,0.8964285714285715,dong,3.0
A10024328,동대신역비스타동원아파트,서구,동대신동1가,420,부산광역시,26140,busan,부산,BUSAN,부산광역시,BUSAN_CORE,True,False,503.0,2021-03-30,5,558.0,1.1093439363817097,7.0,19.0,40.0,4,35.1103728686337,129.022816608344,부산광역시 서구 보수대로154번길 29,True,0.07952286282306163,510000000.0,19934097.848823022,-0.09734513274336287,0.0117647058823529,0.014804202483285511,685000000.0,-0.25547445255474455,490000000.0,0.04081632653061229,2.0,True,1.0,1.0,1.0,0.9375,0.990625,dong,1.0
A10024341,화명푸르지오헤리센트,북구,화명동,2341,부산광역시,26320,busan,부산,BUSAN,부산광역시,BUSAN_CORE,True,False,886.0,2021-03-24,5,1124.0,1.2686230248306998,8.0,21.0,60.0,4,35.2391676993315,129.016022012086,부산광역시 북구 산성로 28,True,0.06772009029345373,628000000.0,24394607.854677632,-0.024087024087024123,0.009016072128577024,0.04035874439461873,744000000.0,-0.11693548387096775,520000000.0,0.2634615384615384,12.0,False,0.6206896551724138,0.9655172413793104,0.9375,0.8421052631578947,0.8365528584392015,dong,1.0
A10024369,남산동신화하니엘,금정구,남산동,23-2,부산광역시,26410,busan,부산,BUSAN,부산광역시,BUSAN_CORE,True,False,162.0,2014-01-29,12,57.0,0.35185185185185186,0.0,2.0,6.0,3,35.2718139670394,129.093186402581,부산광역시 금정구 중앙대로 2100-1,True,0.037037037037037035,,,,,,310000000.0,-0.1064516129032258,272000000.0,0.018382352941176405,0.0,True,0.375,0.875,,0.9264705882352942,0.5139705882352941,dong,2.0
A10024370,사상역포르투나더테라스,사상구,괘법동,564-8,부산광역시,26530,busan,부산,BUSAN,부산광역시,BUSAN_CORE,True,False,234.0,2021-01-25,5,286.0,1.2222222222222223,2.0,4.0,14.0,1,35.1618516833413,128.982276322952,부산광역시 사상구 광장로 54,True,0.05982905982905983,,,,,,,,,,,,0.6,1.0,,0.2755102040816326,0.5213265306122449,dong,5.0
A10024373,양산두산위브2차(1단지),양산시,덕계동,1590,경상남도,48330,yangsan,양산,GYEONGNAM,양산시,YANGSAN,False,True,680.0,2021-03-02,5,752.0,1.1058823529411765,5.0,10.0,21.0,3,35.3761752974299,129.162810712327,경상남도 양산시 신덕계8길 37,True,0.030882352941176472,315000000.0,12273161.977401797,-0.03076923076923077,-0.09742120343839544,0.06584992343032159,420000000.0,-0.25,295000000.0,0.06779661016949157,4.0,False,0.6363636363636364,0.8181818181818182,0.6666666666666666,0.631578947368421,0.6977671451355661,dong,3.0
A10024383,사하역비스타동원,사하구,괴정동,1284,부산광역시,26380,busan,부산,BUSAN,부산광역시,BUSAN_CORE,True,False,513.0,2021-01-26,5,616.0,1.2007797270955165,1.0,8.0,24.0,2,35.1001350992794,128.98425723893,부산광역시 사하구 낙동대로 280,True,0.04678362573099415,525000000.0,20384799.11707052,-0.11392405063291144,0.010273972602739656,0.06727272727272737,710000000.0,-0.2605633802816901,405000000.0,0.2962962962962963,4.0,False,0.9310344827586207,0.6551724137931034,0.8888888888888888,0.5392857142857143,0.7789771483305965,dong,3.0
A10024392,양산두산위브2차(2단지),양산시,덕계동,1595,경상남도,48330,yangsan,양산,GYEONGNAM,양산시,YANGSAN,False,True,442.0,2021-03-02,5,494.0,1.1176470588235294,4.0,8.0,16.0,2,35.3768531583369,129.160280759904,경상남도 양산시 신덕계8길 40,True,0.03619909502262444,328250000.0,12789414.02883219,-0.08053221288515411,0.04761904761904767,0.02258566978193155,360000000.0,-0.09305555555555556,300000000.0,0.08833333333333337,4.0,False,0.36363636363636365,1.0,0.7777777777777778,0.3684210526315789,0.6587985114300903,dong,5.0
A10024393,초량베스티움센트럴베이,동구,초량동,723,부산광역시,26170,busan,부산,BUSAN,부산광역시,BUSAN_CORE,True,False,449.0,2021-08-26,5,513.0,1.1425389755011135,4.0,9.0,17.0,3,35.1244037750158,129.038362454203,부산광역시 동구 홍곡로 37,True,0.0378619153674833,539000000.0,20934995.233219165,-0.07068965517241377,-0.026956521739130435,0.041095890410958846,778000000.0,-0.30719794344473006,508000000.0,0.061023622047243986,2.0,True,0.8,0.6,0.6666666666666666,0.890625,0.7202604166666666,dong,3.0
A10024476,일광신도시비스타동원2차,기장군,일광읍이천리,944,부산광역시,26710,busan,부산,BUSAN,부산광역시,BUSAN_GIJANG,True,False,917.0,2020-12-30,5,1778.0,1.9389312977099236,7.0,14.0,34.0,2,35.2686425093774,129.230066238261,부산광역시 기장군 해송1로 33,True,0.03707742639040349,,,,,,,,,,,,1.0,0.6666666666666666,,0.8333333333333334,0.625,dong,1.0
A10024535,대신푸르지오2차,서구,서대신동2가,570,부산광역시,26140,busan,부산,BUSAN,부산광역시,BUSAN_CORE,True,False,815.0,2021-01-22,5,944.0,1.158282208588957,5.0,20.0,52.0,5,35.1084567309889,129.013588861488,부산광역시 서구 고운들로 181,True,0.0638036809815951,624750000.0,24266847.93163721,0.0771551724137931,-0.009090909090909038,-0.00497512437810943,650000000.0,0.0,500000000.0,0.30000000000000004,9.0,False,1.0,0.6666666666666666,0.5,0.984375,0.77265625,dong,2.0
A10024556,해반천한라비발디,김해시,삼계동,1547,경상남도,48250,gimhae,김해,GYEONGNAM,김해시,GIMHAE,False,True,396.0,2020-10-30,5,495.0,1.25,3.0,9.0,23.0,2,35.2683829187355,128.861580599885,경상남도 김해시 김해대로1765번길 7,True,0.05808080808080808,365000000.0,14181232.501571767,-0.013513513513513487,0.010238907849829282,-0.018036072144288595,442000000.0,-0.17420814479638014,354600000.0,0.02932882120699376,4.0,False,0.18181818181818182,0.9545454545454546,0.9375,0.4583333333333333,0.6440340909090909,dong,4.0
A10024590,경보그랜드비치,기장군,기장읍대변리,647,부산광역시,26710,busan,부산,BUSAN,부산광역시,BUSAN_GIJANG,True,False,117.0,2018-01-25,8,,,1.0,3.0,6.0,3,35.225686921741,129.226679246008,부산광역시 기장군 무양2길 17-7,True,0.05128205128205128,370000000.0,14412096.2458909,,0.08823529411764697,-0.04054054054054057,385000000.0,-0.038961038961038974,340000000.0,0.08823529411764697,1.0,True,1.0,1.0,1.0,1.0,1.0,dong,1.0
A10024591,롯데캐슬스타,해운대구,중동,1839,부산광역시,26350,busan,부산,BUSAN,부산광역시,BUSAN_CORE,True,False,828.0,2020-09-02,6,972.0,1.173913043478261,8.0,14.0,44.0,2,35.1647378327007,129.163520530517,부산광역시 해운대구 중동2로34번길 6,True,0.05314009661835749,1075000000.0,41737626.17183846,-0.017367458866544783,0.007969995311767564,0.019354838709677358,1306050000.0,-0.16542245702691316,910000000.0,0.19780219780219777,10.0,False,0.9310344827586207,0.9310344827586207,1.0,0.665,0.9083706896551724,dong,1.0
A10024602,서면아이파크1단지,부산진구,전포동,908,부산광역시,26230,busan,부산,BUSAN,부산광역시,BUSAN_CORE,True,False,2144.0,2020-10-16,5,2342.0,1.0923507462686568,23.0,61.0,148.0,5,35.1551400379108,129.068740212481,부산광역시 부산진구 동성로 50,True,0.06902985074626866,690000000.0,26873979.095655784,-0.017094017094017144,-0.021276595744680882,0.008801868151607772,890000000.0,-0.2247191011235955,614000000.0,0.12377850162866455,21.0,False,1.0,0.9,0.9090909090909091,0.9788732394366197,0.9441037131882203,dong,2.0
A10024627,연산롯데캐슬골드포레,연제구,연산동,2367,부산광역시,26470,busan,부산,BUSAN,부산광역시,BUSAN_CORE,True,False,1230.0,2020-07-29,6,1407.0,1.1439024390243901,10.0,25.0,67.0,5,35.1741600807294,129.080915089737,부산광역시 연제구 황령산로 615,True,0.05447154471544716,766750000.0,29773675.726762164,-0.013191763191763184,0.027981345769487076,0.043835616438356206,890000000.0,-0.14382022471910116,607500000.0,0.2543209876543211,13.0,False,0.9,0.6666666666666666,1.0,0.9920318725099602,0.868804780876494,dong,3.0
A10024664,더샵명지퍼스트월드3단지,강서구,명지동,3595-3,부산광역시,26440,busan,부산,BUSAN,부산광역시,BUSAN_CORE,True,False,1530.0,2020-07-28,6,1830.0,1.196078431372549,16.0,37.0,87.0,2,35.0947817266961,128.906874174632,부산광역시 강서구 명지국제2로 41,True,0.056862745098039215,568750000.0,22081661.70570726,-0.024442538593482,-0.043587594300083854,-0.010000000000000009,900000000.0,-0.36944444444444446,500100000.0,0.13477304539092172,35.0,False,0.9615384615384616,0.7692307692307693,0.9565217391304348,0.46296296296296297,0.8278056484578222,dong,1.0
A10024675,구서역두산위브포세이돈,금정구,구서동,1078,부산광역시,26410,busan,부산,BUSAN,부산광역시,BUSAN_CORE,True,False,330.0,2020-07-29,6,411.0,1.2454545454545454,1.0,9.0,25.0,3,35.2474229076172,129.090227043923,부산광역시 금정구 금정로233번길 63,True,0.07575757575757576,,,,,,1040000000.0,0.0,1040000000.0,0.0,0.0,True,0.56,1.0,,0.868,0.5982,dong,5.0
A10024695,광안자이,수영구,광안동,1334,부산광역시,26500,busan,부산,BUSAN,부산광역시,BUSAN_CORE,True,False,971.0,2020-08-06,6,1107.0,1.1400617919670444,13.0,28.0,53.0,5,35.1552831735431,129.109801726186,부산광역시 수영구 호암로29번길 50,True,0.05458290422245108,1030000000.0,40234375.0,0.02487562189054726,0.015151515151515138,0.17543859649122817,1445000000.0,-0.20415224913494812,297000000.0,2.872053872053872,14.0,False,0.9523809523809523,0.8571428571428571,0.9285714285714286,0.9946236559139785,0.9241935483870967,dong,1.0
A10024696,협성휴포레시티즌파크,부산진구,부암동,751,부산광역시,26230,busan,부산,BUSAN,부산광역시,BUSAN_CORE,True,False,389.0,2020-07-20,6,489.0,1.25706940874036,3.0,10.0,23.0,3,35.1663353864209,129.047379332513,부산광역시 부산진구 동평로 173,True,0.05912596401028278,473750000.0,18393317.873945992,-0.007853403141361293,-0.002096436058700246,0.04148471615720517,486000000.0,-0.025205761316872466,414000000.0,0.14432367149758463,7.0,False,0.48148148148148145,0.8518518518518519,0.8333333333333334,0.7608695652173914,0.722463768115942,dong,4.0
A10024697,더샵명지퍼스트월드2단지,강서구,명지동,3594,부산광역시,26440,busan,부산,BUSAN,부산광역시,BUSAN_CORE,True,False,1406.0,2020-07-28,6,1690.0,1.20199146514936,9.0,30.0,66.0,2,35.0975218758561,128.905203069718,부산광역시 강서구 명지국제7로 37,True,0.04694167852062589,593000000.0,23033625.868660428,0.026839826839826886,-0.010152284263959421,-0.006342494714587699,890000000.0,-0.33370786516853934,540000000.0,0.0981481481481481,22.0,False,0.9230769230769231,0.6923076923076923,1.0,0.46296296296296297,0.8040598290598291,dong,2.0
A10024730,양산양우내안애파크뷰,양산시,주진동,707,경상남도,48330,yangsan,양산,GYEONGNAM,양산시,YANGSAN,False,True,266.0,2020-07-27,6,297.0,1.1165413533834587,2.0,4.0,6.0,1,35.3940148657247,129.157316757314,경상남도 양산시 진등길 15,True,0.022556390977443608,276000000.0,10718194.334937688,-0.016042780748663055,-0.046232876712328785,0.014285714285714235,340000000.0,-0.21176470588235297,260460000.0,0.028948782922521676,4.0,False,0.2,0.6,1.0,0.2,0.52,dong,2.0
A10024754,가야센트레빌,부산진구,가야동,699,부산광역시,26230,busan,부산,BUSAN,부산광역시,BUSAN_CORE,True,False,212.0,2020-06-30,6,255.0,1.2028301886792452,2.0,7.0,17.0,2,35.1529983352845,129.028942059854,부산광역시 부산진구 가야공원로 6,True,0.08018867924528301,609000000.0,23654560.563389212,0.007860984691766548,-0.025599999999999956,0.03915789473684206,735000000.0,-0.17142857142857137,450000000.0,0.3533333333333333,5.0,False,0.25,1.0,0.8333333333333334,0.5,0.6583333333333333,dong,4.0
A10024800,e편한세상동래아시아드,동래구,온천동,1846,부산광역시,26260,busan,부산,BUSAN,부산광역시,BUSAN_CORE,True,False,439.0,2020-06-26,6,450.0,1.0250569476082005,5.0,10.0,23.0,4,35.2022880869995,129.0663177188,부산광역시 동래구 아시아드대로 202,True,0.05239179954441914,745000000.0,28931902.64476543,-0.06874999999999998,-0.012820512820512775,0.11430625449317033,930000000.0,-0.22580645161290325,600000000.0,0.19999999999999996,5.0,False,0.6585365853658537,0.7560975609756098,0.9090909090909091,0.9625668449197861,0.7960479979131342,dong,4.0
A10024852,서면3차봄여름가을겨울,부산진구,범천동,1650,부산광역시,26230,busan,부산,BUSAN,부산광역시,BUSAN_CORE,True,False,382.0,2020-06-05,6,468.0,1.225130890052356,4.0,8.0,28.0,4,35.1563590383624,129.047545231598,부산광역시 부산진구 가야대로 694,True,0.07329842931937172,470000000.0,18253071.600056488,-0.02083333333333337,0.021505376344086002,-0.002123142250530785,520000000.0,-0.09615384615384615,420000000.0,0.11904761904761907,2.0,True,0.6190476190476191,1.0,0.7142857142857143,0.9761904761904762,0.8107142857142857,dong,2.0
A10024875,브라운스톤하이포레,서구,동대신동3가,553,부산광역시,26140,busan,부산,BUSAN,부산광역시,BUSAN_CORE,True,False,554.0,2020-09-22,6,592.0,1.068592057761733,1.0,4.0,24.0,3,35.1184561607383,129.019216891509,부산광역시 서구 동대로19번길 32,True,0.04332129963898917,420000000.0,16317400.518012716,-0.2186046511627907,0.014634146341463428,0.04135148764498231,674000000.0,-0.3768545994065282,420000000.0,0.0,3.0,False,1.0,1.0,1.0,0.9615384615384616,0.9942307692307693,dong,1.0
A10024906,일광자이푸르지오1단지,기장군,일광읍삼성리,783,부산광역시,26710,busan,부산,BUSAN,부산광역시,BUSAN_GIJANG,True,False,488.0,2020-01-23,6,590.0,1.209016393442623,2.0,9.0,24.0,3,35.2662872164539,129.222305202514,부산광역시 기장군 해빛로 39-15,True,0.04918032786885246,499000000.0,19379370.567647148,-0.025152625152625174,-0.002949852507374673,0.006930693069306937,778000000.0,-0.3791773778920309,383000000.0,0.2610966057441253,5.0,False,0.14285714285714285,0.42857142857142855,0.75,0.90625,0.49486607142857136,dong,4.0
A10024909,일광자이푸르지오2단지,기장군,일광읍삼성리,785,부산광역시,26710,busan,부산,BUSAN,부산광역시,BUSAN_GIJANG,True,False,1059.0,2020-01-23,6,1277.0,1.2058545797922569,3.0,17.0,55.0,3,35.266508511069,129.224075807701,부산광역시 기장군 해빛로 29,True,0.05193578847969783,525000000.0,20396843.794773214,-0.015932521087160256,-0.0291173794358508,0.02083333333333326,829000000.0,-0.35464414957780455,400000000.0,0.3374999999999999,13.0,False,0.8571428571428571,0.5714285714285714,1.0,0.90625,0.8145089285714284,dong,1.0
A10024915,충무대로봄여름가을겨울,서구,남부민동,647-17,부산광역시,26140,busan,부산,BUSAN,부산광역시,BUSAN_CORE,True,False,266.0,2020-04-13,6,250.0,0.9398496240601504,1.0,2.0,10.0,2,35.0909112261454,129.023735078113,부산광역시 서구 충무대로 229,True,0.03759398496240601,,,,,,333430000.0,-0.1602435293764808,280000000.0,0.0,0.0,True,0.8,1.0,,0.5714285714285714,0.6257142857142858,dong,1.0
A10024933,이지더원1차오션포레,기장군,일광읍삼성리,746,부산광역시,26710,busan,부산,BUSAN,부산광역시,BUSAN_GIJANG,True,False,653.0,2020-03-27,6,735.0,1.125574272588055,8.0,23.0,49.0,1,35.2678015529625,129.221833789339,부산광역시 기장군 해빛4로 1,True,0.07503828483920368,,,,,,,,,,,,0.42857142857142855,1.0,,0.25,0.4660714285714285,dong,5.0
A10024953,포레나부산초읍,부산진구,초읍동,676,부산광역시,26230,busan,부산,BUSAN,부산광역시,BUSAN_CORE,True,False,1113.0,2020-03-30,6,1117.0,1.0035938903863433,12.0,34.0,104.0,4,35.1758848111544,129.045748934043,부산광역시 부산진구 초연로 6,True,0.09344115004492363,549000000.0,21336533.55819702,0.0018248175182482562,0.00366300366300365,0.06627680311890849,700000000.0,-0.20499999999999996,440000000.0,0.2647727272727274,13.0,False,1.0,0.9,1.0,0.975609756097561,0.9663414634146342,dong,1.0
A10024998,범양레우스센트럴베이,동구,초량동,1226,부산광역시,26170,busan,부산,BUSAN,부산광역시,BUSAN_CORE,True,False,856.0,2020-02-27,6,996.0,1.1635514018691588,6.0,15.0,41.0,2,35.121213153349,129.041661018536,부산광역시 동구 초량중로 114,True,0.04789719626168224,584000000.0,22687007.120885536,0.040534521158129166,-0.0042918454935622075,0.07407407407407418,775000000.0,-0.24645161290322581,500000000.0,0.16799999999999993,10.0,False,1.0,0.9,0.8333333333333334,0.640625,0.8744270833333334,dong,1.0
A10025042,e편한세상일광,기장군,일광읍삼성리,773,부산광역시,26710,busan,부산,BUSAN,부산광역시,BUSAN_GIJANG,True,False,913.0,2020-01-23,6,1097.0,1.2015334063526835,8.0,30.0,68.0,2,35.269062848856,129.22605244534,부산광역시 기장군 해빛2로 21,True,0.07447973713033954,,,,0.01258178158027179,0.014285714285714235,745000000.0,-0.30201342281879195,362900000.0,0.43290162579222935,10.0,False,0.7142857142857143,0.8571428571428571,,0.625,0.5651785714285714,dong,3.0
A10025075,e편한세상오션테라스3단지,수영구,민락동,783,부산광역시,26500,busan,부산,BUSAN,부산광역시,BUSAN_CORE,True,False,1038.0,2020-01-16,6,1448.0,1.394990366088632,4.0,18.0,42.0,3,35.1560922571174,129.128683849328,부산광역시 수영구 광안해변로326번길 10,True,0.04046242774566474,807500000.0,31372696.25329668,0.027353689567430006,0.09514031485284047,0.08031272210376694,1450000000.0,-0.4379310344827586,468330000.0,0.7402259090812033,10.0,False,0.9230769230769231,0.46153846153846156,0.625,0.8863636363636364,0.7045891608391609,dong,3.0
A10025152,양산북부동지안스로가아파트,양산시,북부동,883,경상남도,48330,yangsan,양산,GYEONGNAM,양산시,YANGSAN,False,True,612.0,,,697.0,1.1388888888888888,8.0,20.0,45.0,2,35.3484713855367,129.041701460525,경상남도 양산시 호국학도병길 17,True,0.07352941176470588,,,,,,,,,,,,1.0,1.0,,0.8529411764705882,0.7279411764705882,dong,1.0
A10025154,명지화전우방아이유쉘,강서구,화전동,558,부산광역시,26440,busan,부산,BUSAN,부산광역시,BUSAN_CORE,True,False,1515.0,2020-02-21,6,1600.0,1.056105610561056,2.0,3.0,8.0,1,35.1107280033447,128.885585412422,부산광역시 강서구 화전산단4로 74,True,0.005280528052805281,,,,,,,,,,,,1.0,1.0,,1.0,0.75,dong,1.0
A10025160,양산두산위브,양산시,덕계동,1589,경상남도,48330,yangsan,양산,GYEONGNAM,양산시,YANGSAN,False,True,1337.0,2019-11-28,6,1479.0,1.106207928197457,8.0,22.0,47.0,3,35.3741034721885,129.162125319378,경상남도 양산시 신덕계3길 36,True,0.035153328347045626,278000000.0,10794668.323402332,-0.0071428571428571175,0.0219780219780219,-0.0009033423667570428,410000000.0,-0.3219512195121951,258000000.0,0.07751937984496116,10.0,False,1.0,0.9090909090909091,0.5555555555555556,0.631578947368421,0.8063530037214247,dong,1.0
A10025167,김해주촌두산위브더제니스,김해시,주촌면선지리,1374,경상남도,48250,gimhae,김해,GYEONGNAM,김해시,GIMHAE,False,True,851.0,2019-11-26,6,988.0,1.1609870740305523,7.0,17.0,36.0,2,35.2360127061898,128.843798745969,경상남도 김해시 주선로 34,True,0.04230317273795535,323500000.0,12562885.032920867,-0.0076687116564416735,-0.0007662835249042654,-0.03834808259587019,470000000.0,-0.3191489361702128,287700000.0,0.11226972540841151,11.0,False,0.6666666666666666,1.0,0.3333333333333333,0.625,0.6770833333333334,dong,2.0
A10025212,명진파크뷰,강서구,지사동,1182-2,부산광역시,26440,busan,부산,BUSAN,부산광역시,BUSAN_CORE,True,False,132.0,2016-10-17,9,32.0,0.24242424242424243,1.0,1.0,5.0,1,35.1508902304509,128.831868310561,부산광역시 강서구 과학산단2로20번길 11,True,0.03787878787878788,,,,,,,,,,,,0.25,0.5,,0.375,0.28125,dong,4.0
A10025216,김해율하시티프라디움,김해시,장유동,870,경상남도,48250,gimhae,김해,GYEONGNAM,김해시,GIMHAE,False,True,1081.0,2019-10-21,6,1540.0,1.4246068455134135,11.0,22.0,58.0,2,35.1664562958549,128.826215586266,경상남도 김해시 율하5로 11,True,0.05365402405180388,385500000.0,14970005.073604595,-0.043424317617866026,-0.005063291139240533,-0.005063291139240533,675000000.0,-0.42074074074074075,355000000.0,0.10140845070422544,17.0,False,1.0,0.25,0.2,0.5,0.5,dong,3.0
A10025235,더 래디언트 금정산,북구,만덕동,960,부산광역시,26320,busan,부산,BUSAN,부산광역시,BUSAN_CORE,True,False,1677.0,2019-10-15,6,1765.0,1.05247465712582,10.0,29.0,75.0,4,35.2150395342966,129.03721493208,부산광역시 북구 상학로 35,True,0.044722719141323794,420000000.0,16315479.693937609,-0.003558718861209953,0.0,-0.008264462809917328,610000000.0,-0.3114754098360656,340000000.0,0.23529411764705888,4.0,False,0.9166666666666666,0.9166666666666666,0.9333333333333333,0.8928571428571429,0.9172619047619046,dong,1.0
A10025237,양산서희스타힐스,양산시,주진동,700,경상남도,48330,yangsan,양산,GYEONGNAM,양산시,YANGSAN,False,True,687.0,2019-09-30,7,771.0,1.1222707423580787,2.0,4.0,14.0,2,35.3970369410185,129.15520670885,경상남도 양산시 모래들길 57-27,True,0.020378457059679767,,,,-0.2617647058823529,0.18199999999999994,389000000.0,-0.3547557840616966,250000000.0,0.0040000000000000036,1.0,True,0.8,0.4,,0.5,0.435,dong,4.0
A10025286,삼계서희스타힐스,김해시,삼계동,1545,경상남도,48250,gimhae,김해,GYEONGNAM,김해시,GIMHAE,False,True,1123.0,2019-09-30,7,1175.0,1.0463045414069456,11.0,25.0,59.0,3,35.2730501489306,128.86552829029,경상남도 김해시 해반천로 280,True,0.05253784505788068,311500000.0,12095977.06830088,0.017973856209150263,-0.052631578947368474,-0.0078125,400000000.0,-0.20499999999999996,270000000.0,0.1777777777777778,5.0,False,0.8636363636363636,0.9090909090909091,0.8125,0.8333333333333334,0.8599431818181817,dong,2.0
A10025323,힐스테이트김해,김해시,관동동,1169,경상남도,48250,gimhae,김해,GYEONGNAM,김해시,GIMHAE,False,True,630.0,2019-08-30,7,715.0,1.1349206349206349,7.0,13.0,39.0,2,35.1785691278664,128.809784494615,경상남도 김해시 관동로27번길 39,True,0.06190476190476191,350000000.0,13626775.020174704,0.04868913857677892,-0.011299435028248594,0.061178247734138935,425500000.0,-0.17743830787309045,301000000.0,0.16279069767441867,4.0,False,0.6666666666666666,0.8333333333333334,1.0,0.7916666666666666,0.81875,dong,2.0
A10025326,양산유탑유블레스하늘리에,양산시,신기동,653,경상남도,48330,yangsan,양산,GYEONGNAM,양산시,YANGSAN,False,True,635.0,,,668.0,1.051968503937008,1.0,11.0,22.0,2,35.347631421141,129.051820027674,경상남도 양산시 명곡로 141,True,0.03464566929133858,,,,,,,,,,,,0.8,1.0,,0.6666666666666666,0.64,dong,2.0
A10025342,e편한세상동래명장1단지,동래구,명장동,623,부산광역시,26260,busan,부산,BUSAN,부산광역시,BUSAN_CORE,True,False,1384.0,2019-08-05,7,1607.0,1.1611271676300579,8.0,29.0,81.0,3,35.2051196931617,129.105513244994,부산광역시 동래구 명장로 65,True,0.05852601156069364,615750000.0,23911214.40338903,0.061637931034482785,0.008144020574367694,0.05855855855855863,789000000.0,-0.2141951837769328,450000000.0,0.37777777777777777,12.0,False,1.0,0.9166666666666666,1.0,0.7972972972972973,0.9445945945945945,dong,1.0
A10025358,남천금호어울림더비치,수영구,남천동,595,부산광역시,26500,busan,부산,BUSAN,부산광역시,BUSAN_CORE,True,False,421.0,2019-07-19,7,506.0,1.2019002375296912,4.0,8.0,28.0,2,35.1446613305126,129.112202986279,부산광역시 수영구 남천동로 91,True,0.0665083135391924,990000000.0,38462444.07817283,0.02857142857142847,0.10294117647058831,0.10393423370522603,1230000000.0,-0.19512195121951215,700000000.0,0.41428571428571437,7.0,False,0.5714285714285714,0.9285714285714286,0.7272727272727273,0.62,0.7248181818181818,dong,4.0
A10025359,e편한세상부산항,동구,초량동,1218,부산광역시,26170,busan,부산,BUSAN,부산광역시,BUSAN_CORE,True,False,752.0,2019-07-23,7,996.0,1.324468085106383,7.0,12.0,34.0,2,35.1230980159299,129.039977255617,부산광역시 동구 홍곡로 50,True,0.04521276595744681,625875000.0,24361925.23408916,-0.006547619047619024,0.016129032258064502,0.011812627291242439,880000000.0,-0.2991477272727273,497000000.0,0.2409456740442657,9.0,False,0.9,0.7,1.0,0.640625,0.82609375,dong,2.0
A10025380,협성휴포레부산진역오션뷰,동구,수정동,1352,부산광역시,26170,busan,부산,BUSAN,부산광역시,BUSAN_CORE,True,False,788.0,2019-07-30,7,795.0,1.0088832487309645,0.0,9.0,26.0,3,35.1273388202404,129.046454260579,부산광역시 동구 중앙대로 357,True,0.03299492385786802,,,,,0.1227272727272728,850000000.0,-0.12823529411764711,515000000.0,0.4388349514563106,0.0,True,1.0,0.3333333333333333,,0.9393939393939394,0.5409090909090909,dong,2.0
A10025433,수영SKVIEW1단지,수영구,망미동,1176,부산광역시,26500,busan,부산,BUSAN,부산광역시,BUSAN_CORE,True,False,1147.0,2019-06-03,7,1364.0,1.1891891891891893,9.0,31.0,75.0,3,35.1767886824248,129.101455155274,부산광역시 수영구 망미배산로 56,True,0.06538796861377506,643925000.0,25004765.720700525,-0.03891791044776116,-0.028550241008527988,0.026438569206842955,875000000.0,-0.264,450000000.0,0.431111111111111,15.0,False,1.0,0.8333333333333334,1.0,0.8636363636363636,0.9295454545454546,dong,1.0
A10025434,서면2차봄여름가을겨울,부산진구,당감동,1024,부산광역시,26230,busan,부산,BUSAN,부산광역시,BUSAN_CORE,True,False,535.0,2019-04-16,7,620.0,1.158878504672897,5.0,19.0,47.0,2,35.1586192511082,129.049074269119,부산광역시 부산진구 신천대로197번길 15,True,0.08785046728971962,446750000.0,17884647.454683997,0.0425904317386232,0.022674418604651247,0.0,540000000.0,-0.1694444444444444,385000000.0,0.16493506493506493,9.0,False,0.4375,1.0,0.8571428571428571,0.4,0.7055357142857144,dong,2.0
A10025463,동래효성해링턴플레이스,동래구,온천동,1838,부산광역시,26260,busan,부산,BUSAN,부산광역시,BUSAN_CORE,True,False,762.0,2019-05-30,7,952.0,1.2493438320209973,7.0,17.0,36.0,2,35.2072259634661,129.067811034236,부산광역시 동래구 아시아드대로255번길 14,True,0.047244094488188976,650000000.0,25393600.812595222,-0.06306306306306309,0.04800000000000004,0.11044520547945202,800000000.0,-0.19125000000000003,485000000.0,0.33402061855670095,16.0,False,0.8780487804878049,0.7073170731707317,0.8181818181818182,0.6711229946524064,0.7808236598408765,dong,5.0
A10025464,온천천경동리인타워,동래구,낙민동,327,부산광역시,26260,busan,부산,BUSAN,부산광역시,BUSAN_CORE,True,False,310.0,2019-05-30,7,344.0,1.1096774193548387,2.0,7.0,15.0,2,35.1942385765102,129.091417158695,부산광역시 동래구 수안로8번길 62,True,0.04838709677419355,580000000.0,22593134.70890977,-0.002579535683576939,0.008695652173912993,-0.006878761822871837,813000000.0,-0.2865928659286593,520000000.0,0.11538461538461542,5.0,False,0.25,0.8333333333333334,0.8333333333333334,0.54,0.6143333333333333,dong,3.0
A10025492,장유경동리인하이스트,김해시,신문동,1521,경상남도,48250,gimhae,김해,GYEONGNAM,김해시,GIMHAE,False,True,909.0,2019-05-29,7,992.0,1.0913091309130913,3.0,17.0,43.0,2,35.1962494551677,128.816044371663,경상남도 김해시 장유로334번길 9,True,0.047304730473047306,,,,,,,,,,,,0.8333333333333334,1.0,,0.3,0.5950000000000001,dong,3.0
A10025508,베스티움,남구,문현동,1234,부산광역시,26290,busan,부산,BUSAN,부산광역시,BUSAN_CORE,True,False,743.0,2019-04-19,7,764.0,1.0282637954239569,9.0,23.0,63.0,3,35.1390189910716,129.070427032654,부산광역시 남구 고동골로 29,True,0.0847913862718708,610750000.0,23798095.65642468,0.03957446808510645,-0.0032948929159802853,0.014249790444258226,800000000.0,-0.229375,437000000.0,0.4107551487414187,7.0,False,0.9565217391304348,0.9565217391304348,0.8571428571428571,0.8467741935483871,0.9152148867962333,dong,1.0
A10025540,삼한골든뷰센트럴파크,부산진구,범전동,450,부산광역시,26230,busan,부산,BUSAN,부산광역시,BUSAN_CORE,True,False,1272.0,2019-05-03,7,1400.0,1.10062893081761,3.0,13.0,60.0,1,35.1651823884655,129.062929485071,부산광역시 부산진구 중앙대로 821,True,0.04716981132075472,820000000.0,31841666.69453286,-0.038123167155425186,0.0383678440925701,0.10897009966777405,992000000.0,-0.10282258064516125,565000000.0,0.5752212389380531,13.0,False,1.0,1.0,1.0,0.2,0.88,dong,1.0
A10025559,연산더샵,연제구,연산동,2352,부산광역시,26470,busan,부산,BUSAN,부산광역시,BUSAN_CORE,True,False,1071.0,2019-03-27,7,1144.0,1.0681605975723623,10.0,30.0,72.0,4,35.1744192055912,129.084553611316,부산광역시 연제구 연수로 130,True,0.06722689075630252,693750000.0,26955372.565229796,0.012773722627737127,0.026119402985074647,0.08267090620031792,849000000.0,-0.1755005889281508,500000000.0,0.3999999999999999,14.0,False,0.8666666666666667,0.7666666666666667,0.9310344827586207,0.9681274900398407,0.8679777441956312,dong,4.0
A10025625,김해센텀두산위브더제니스,김해시,주촌면천곡리,1531,경상남도,48250,gimhae,김해,GYEONGNAM,김해시,GIMHAE,False,True,3435.0,2019-02-26,7,4054.0,1.1802037845705968,14.0,58.0,130.0,4,35.2367110776774,128.837356428562,경상남도 김해시 천곡로 26,True,0.03784570596797671,385000000.0,14947867.766961504,-0.02777777777777779,0.0012658227848101333,-0.024691358024691357,595000000.0,-0.3529411764705882,324000000.0,0.18827160493827155,15.0,False,1.0,0.5,1.0,1.0,0.85,dong,1.0
A10025647,사상구남역동원로얄듀크,사상구,모라동,1380,부산광역시,26530,busan,부산,BUSAN,부산광역시,BUSAN_CORE,True,False,498.0,2019-02-27,7,556.0,1.1164658634538152,1.0,8.0,15.0,2,35.1927334044852,128.994335321637,부산광역시 사상구 백양대로934번길 94,True,0.030120481927710843,400000000.0,15545560.859104222,-0.012345679012345734,0.011306532663316604,-0.027190332326283984,550000000.0,-0.2727272727272727,348500000.0,0.14777618364418932,5.0,False,0.625,0.8125,1.0,0.6296296296296297,0.7756944444444445,dong,1.0
A10025656,중흥에스-클래스에코시티,김해시,진영읍진영리,1690,경상남도,48250,gimhae,김해,GYEONGNAM,김해시,GIMHAE,False,True,1521.0,2019-02-14,7,2138.0,1.405654174884944,8.0,30.0,70.0,3,35.3101266357221,128.720353266188,경상남도 김해시 진산대로 59,True,0.04602235371466141,327500000.0,12721620.457236756,-0.006069802731411222,0.02170542635658923,-0.02108433734939763,368000000.0,-0.13586956521739135,262500000.0,0.21142857142857152,18.0,False,1.0,1.0,1.0,0.9146341463414634,0.9871951219512195,dong,1.0
A10025662,포레나동래,동래구,낙민동,326,부산광역시,26260,busan,부산,BUSAN,부산광역시,BUSAN_CORE,True,False,732.0,2019-02-26,7,816.0,1.1147540983606556,8.0,19.0,33.0,1,35.196597853658,129.090761438022,부산광역시 동래구 온천천로339번길 51,True,0.045081967213114756,619500000.0,24099744.544004567,-0.0008064516129032695,-0.001208702659145855,0.015151515151515138,844500000.0,-0.290704558910598,555000000.0,0.07927927927927936,19.0,False,0.9166666666666666,0.6666666666666666,1.0,0.18,0.752,dong,1.0
A10025678,김해외동협성엘리시안,김해시,외동,1427,경상남도,48250,gimhae,김해,GYEONGNAM,김해시,GIMHAE,False,True,942.0,2019-02-20,7,1047.0,1.1114649681528663,7.0,20.0,46.0,3,35.2333107466906,128.847161416086,경상남도 김해시 분성로 4,True,0.04883227176220807,367500000.0,14269191.48896116,-0.006756756756756799,0.046099290780141855,-0.012328767123287676,448000000.0,-0.1796875,313500000.0,0.1722488038277512,6.0,False,0.7058823529411765,0.8235294117647058,1.0,0.875,0.8400735294117646,dong,1.0
A10025687,명륜자이,동래구,명륜동,796,부산광역시,26260,busan,부산,BUSAN,부산광역시,BUSAN_CORE,True,False,671.0,2019-02-25,7,744.0,1.1087928464977646,2.0,10.0,34.0,4,35.2067512543455,129.081153682083,부산광역시 동래구 명륜로139번길 22,True,0.05067064083457526,932500000.0,36230732.27934839,-0.0013386880856760541,0.024725274725274637,0.10808356039963662,1055000000.0,-0.11611374407582942,710000000.0,0.31338028169014076,5.0,False,0.6666666666666666,0.75,0.875,0.9482758620689655,0.7859913793103448,dong,2.0
A10025718,명륜동힐스테이트,동래구,명륜동,795,부산광역시,26260,busan,부산,BUSAN,부산광역시,BUSAN_CORE,True,False,493.0,2018-12-27,7,610.0,1.2373225152129816,2.0,5.0,21.0,2,35.2139694459922,129.08366397392,부산광역시 동래구 명륜로 222,True,0.04259634888438134,760000000.0,29513764.26410347,-0.02813299232736577,-0.01908396946564883,0.13018391633609805,970000000.0,-0.21649484536082475,555000000.0,0.36936936936936937,2.0,True,0.5833333333333334,0.5833333333333334,0.75,0.5862068965517241,0.6254310344827587,dong,4.0
A10025720,김해 부원역 그린코아 더 센텀,김해시,부원동,606-3,경상남도,48250,gimhae,김해,GYEONGNAM,김해시,GIMHAE,False,True,390.0,2018-12-28,7,450.0,1.1538461538461537,3.0,5.0,9.0,1,35.22694370239,128.883418031963,경상남도 김해시 김해대로 2349,True,0.023076923076923078,310000000.0,12078478.229812233,-0.0948905109489051,-0.09375,-0.0028571428571428914,522000000.0,-0.4061302681992337,310000000.0,0.0,5.0,False,0.5,0.5,0.5,0.3684210526315789,0.48026315789473684,dong,2.0
A10025782,원메이저푸르지오,김해시,장유동,849,경상남도,48250,gimhae,김해,GYEONGNAM,김해시,GIMHAE,False,True,631.0,2018-12-26,7,834.0,1.3217115689381933,3.0,18.0,37.0,2,35.1687697750722,128.82493023986,경상남도 김해시 율하로 479,True,0.058637083993660855,465000000.0,18060611.62446639,0.03333333333333344,-0.04255319148936165,0.004366812227074135,557500000.0,-0.13901345291479816,330000000.0,0.4545454545454546,16.0,False,0.25,0.5,0.8,0.5,0.5,dong,4.0
A10025793,토성동경동리인타워,서구,토성동1가,25-1,부산광역시,26140,busan,부산,BUSAN,부산광역시,BUSAN_CORE,True,False,452.0,2018-07-27,8,573.0,1.2676991150442478,0.0,3.0,24.0,4,35.0992716554642,129.024246029705,부산광역시 서구 보수대로 27,True,0.05309734513274336,,,,-0.008419083255378879,-0.009345794392523366,700000000.0,-0.24285714285714288,432500000.0,0.22543352601156075,1.0,True,1.0,1.0,,0.9,0.735,dong,1.0
A10025821,장전삼정그린코아더베스트,금정구,장전동,646-8,부산광역시,26410,busan,부산,BUSAN,부산광역시,BUSAN_CORE,True,False,280.0,2018-12-21,7,370.0,1.3214285714285714,5.0,13.0,30.0,2,35.2232447993762,129.086670965714,부산광역시 금정구 식물원로9번길 15,True,0.10714285714285714,477500000.0,18542576.438483834,-0.05818540433925046,-0.028735632183908066,0.0049261083743843415,660000000.0,-0.2272727272727273,405000000.0,0.2592592592592593,7.0,False,0.5,1.0,0.6,0.6416666666666667,0.69625,dong,5.0
A10025831,원메이저힐스테이트,김해시,장유동,873,경상남도,48250,gimhae,김해,GYEONGNAM,김해시,GIMHAE,False,True,1052.0,2018-12-26,7,1503.0,1.4287072243346008,7.0,29.0,72.0,2,35.167052261698,128.828043375097,경상남도 김해시 율하5로 99,True,0.06844106463878327,452500000.0,17575111.311980736,-0.005494505494505475,0.017897091722595126,0.012715456343599829,551500000.0,-0.18404351767905713,379000000.0,0.18733509234828505,19.0,False,0.75,0.75,0.6,0.5,0.6749999999999999,dong,2.0
A10025839,원메이저자이,김해시,장유동,846,경상남도,48250,gimhae,김해,GYEONGNAM,김해시,GIMHAE,False,True,708.0,2018-12-26,7,855.0,1.2076271186440677,6.0,20.0,68.0,3,35.1720507765778,128.827661610647,경상남도 김해시 율하6로 18,True,0.096045197740113,421000000.0,16351650.524516884,-0.020930232558139528,0.04878048780487809,0.013169984686064229,519500000.0,-0.1684311838306064,342000000.0,0.26315789473684204,8.0,False,0.5,1.0,0.4,1.0,0.7,dong,1.0
A10025869,LG마린타워,서구,남부민동,654,부산광역시,26140,busan,부산,BUSAN,부산광역시,BUSAN_CORE,True,False,96.0,1999-12-11,26,140.0,1.4583333333333333,0.0,1.0,2.0,3,35.0866716390326,129.024042430243,부산광역시 서구 충무대로 181,True,0.020833333333333332,,,,,0.240506329113924,245000000.0,0.0,190000000.0,0.2894736842105263,0.0,True,0.2,0.6,,0.8571428571428571,0.36857142857142855,dong,4.0
A10025879,e편한세상장유2차,김해시,무계동,566,경상남도,48250,gimhae,김해,GYEONGNAM,김해시,GIMHAE,False,True,512.0,2018-11-30,7,569.0,1.111328125,3.0,10.0,20.0,3,35.2004359020022,128.818151078956,경상남도 김해시 무계로 47,True,0.0390625,,,,0.009887005649717562,0.0671641791044777,435000000.0,-0.17816091954022983,300000000.0,0.19166666666666665,2.0,True,0.5,0.6666666666666666,,0.9545454545454546,0.49318181818181817,dong,3.0
A10025950,거제센트럴자이,연제구,거제동,1519,부산광역시,26470,busan,부산,BUSAN,부산광역시,BUSAN_CORE,True,False,878.0,2018-10-29,7,961.0,1.0945330296127562,11.0,24.0,77.0,4,35.193410924204,129.075544485213,부산광역시 연제구 법원북로 93,True,0.08769931662870159,810000000.0,31448908.75933878,0.012499999999999956,0.013534781240163607,0.1428571428571428,979000000.0,-0.12155260469867213,610000000.0,0.4098360655737705,9.0,False,0.8780487804878049,1.0,0.85,0.9506172839506173,0.9185072267389341,dong,2.0
A10025994,연제롯데캐슬데시앙,연제구,연산동,2341,부산광역시,26470,busan,부산,BUSAN,부산광역시,BUSAN_CORE,True,False,1168.0,2018-10-12,7,1325.0,1.134417808219178,15.0,28.0,86.0,4,35.1804004746119,129.083357974777,부산광역시 연제구 월드컵대로 55,True,0.07363013698630137,748250000.0,29090744.97115936,0.0465034965034965,0.05096660808435849,0.022158684774839177,895000000.0,-0.16312849162011178,580000000.0,0.29137931034482767,16.0,False,0.8833333333333333,0.85,0.9655172413793104,0.9681274900398407,0.9065984338508037,dong,1.0
A10025997,스마트더블유,사하구,장림동,1151,부산광역시,26380,busan,부산,BUSAN,부산광역시,BUSAN_CORE,True,False,494.0,2018-10-11,7,449.0,0.9089068825910931,4.0,10.0,25.0,3,35.0802093959581,128.976338082008,부산광역시 사하구 장림번영로104번길 10,True,0.05060728744939271,,,,-0.033280507131537296,-0.0757575757575758,350000000.0,-0.12857142857142856,295000000.0,0.03389830508474567,1.0,True,0.8076923076923077,0.8076923076923077,,0.725,0.5933653846153846,dong,5.0
A10026034,대신푸르지오1차,서구,서대신동1가,283,부산광역시,26140,busan,부산,BUSAN,부산광역시,BUSAN_CORE,True,False,959.0,2018-04-27,8,1154.0,1.2033368091762253,5.0,17.0,62.0,5,35.1073974230548,129.01613473633,부산광역시 서구 대영로38번길 11,True,0.06465067778936393,562000000.0,21834133.10980405,-0.03519313304721028,-0.06252587991718428,0.022452504317789224,820000000.0,-0.30975609756097566,490000000.0,0.15510204081632661,8.0,False,1.0,1.0,1.0,1.0,1.0,dong,1.0
A10026045,장유덕산아내에코캐슬,김해시,삼문동,1267,경상남도,48250,gimhae,김해,GYEONGNAM,김해시,GIMHAE,False,True,998.0,2018-08-31,8,1170.0,1.1723446893787575,10.0,23.0,52.0,3,35.193860498508,128.792075097413,경상남도 김해시 대청로 237,True,0.052104208416833664,280250000.0,10897210.020922843,0.0044802867383513245,-0.01326259946949604,0.01073345259391778,370000000.0,-0.2716216216216216,269500000.0,0.0,17.0,False,0.9230769230769231,0.9230769230769231,0.7,0.9375,0.8694711538461539,dong,1.0
A10026146,좌천서린엘마르더뷰,동구,좌천동,1170,부산광역시,26170,busan,부산,BUSAN,부산광역시,BUSAN_CORE,True,False,257.0,2018-08-03,8,258.0,1.0038910505836576,0.0,3.0,9.0,2,35.1358411351987,129.04739977759,부산광역시 동구 망양로 850,True,0.03501945525291829,,,,,,,,,,,,0.4,0.4,,0.7368421052631579,0.3505263157894737,dong,4.0
A10026158,정관가화만사성더테라스2차,기장군,정관읍방곡리,405,부산광역시,26710,busan,부산,BUSAN,부산광역시,BUSAN_GIJANG,True,False,396.0,2018-06-01,8,471.0,1.1893939393939394,5.0,10.0,14.0,4,35.3233568907897,129.190093385805,부산광역시 기장군 구연방곡로 106,True,0.03535353535353535,421250000.0,16361668.64597592,0.1233333333333333,,-0.07784431137724546,610000000.0,-0.3688524590163934,320000000.0,0.203125,3.0,False,0.2,0.6,0.5,0.9285714285714286,0.5042857142857142,dong,3.0
A10026184,대연파크푸르지오,남구,대연동,1893,부산광역시,26290,busan,부산,BUSAN,부산광역시,BUSAN_CORE,True,False,1422.0,2018-06-28,8,1512.0,1.0632911392405062,15.0,29.0,115.0,4,35.1253456097927,129.090820034146,부산광역시 남구 홍곡로 360,True,0.0808720112517581,580000000.0,22521197.459364183,-0.04408735063864855,0.03571428571428581,0.07407407407407418,800000000.0,-0.275,453500000.0,0.278941565600882,12.0,False,0.9375,0.9375,0.5882352941176471,0.935672514619883,0.8499097007223942,dong,4.0
A10026255,두산위브더테라스,기장군,정관읍달산리,1244,부산광역시,26710,busan,부산,BUSAN,부산광역시,BUSAN_GIJANG,True,False,272.0,2018-05-31,8,297.0,1.0919117647058822,2.0,3.0,9.0,1,35.3201461111039,129.196841689827,부산광역시 기장군 산단6로 33-8,True,0.03308823529411765,286500000.0,11124937.217126695,-0.028813559322033888,-0.08855799373040751,-0.30193905817174516,500000000.0,-0.42700000000000005,275000000.0,0.041818181818181754,3.0,False,0.3333333333333333,0.6666666666666666,0.5,0.3333333333333333,0.475,dong,3.0
A10026360,동래동일스위트,동래구,명장동,617,부산광역시,26260,busan,부산,BUSAN,부산광역시,BUSAN_CORE,True,False,702.0,2018-02-02,8,779.0,1.1096866096866096,9.0,17.0,44.0,2,35.2134812754542,129.094163965264,부산광역시 동래구 시실로 119,True,0.06267806267806268,460000000.0,17888075.79453459,,0.01098901098901095,0.012235817575083408,600000000.0,-0.23333333333333328,402500000.0,0.1428571428571428,1.0,True,0.9166666666666666,1.0,0.75,0.5540540540540541,0.845608108108108,dong,2.0
A10026363,개금역금강펜테리움더스퀘어아파트,부산진구,개금동,875,부산광역시,26230,busan,부산,BUSAN,부산광역시,BUSAN_CORE,True,False,620.0,2018-02-27,8,774.0,1.2483870967741935,4.0,12.0,35.0,2,35.1528383260911,129.021227204738,부산광역시 부산진구 가야대로 450,True,0.056451612903225805,610500000.0,23800837.62499597,0.07105263157894748,-0.01672240802675584,-0.012895174708818624,780000000.0,-0.18846153846153846,454500000.0,0.3927392739273927,12.0,False,0.6818181818181818,0.8636363636363636,0.9090909090909091,0.6746031746031746,0.7920995670995671,dong,3.0
A10026397,광안더샵,수영구,광안동,1332,부산광역시,26500,busan,부산,BUSAN,부산광역시,BUSAN_CORE,True,False,263.0,2017-11-15,8,330.0,1.2547528517110267,2.0,4.0,18.0,3,35.150856536759,129.111667957074,부산광역시 수영구 수영로 506,True,0.06844106463878327,840000000.0,32638643.588837862,0.23529411764705888,-0.005102040816326481,0.05747126436781613,920000000.0,-0.15217391304347827,570000000.0,0.368421052631579,3.0,False,0.5238095238095238,0.9523809523809523,0.8571428571428571,0.9032258064516129,0.7926267281105991,dong,2.0
A10026410,양산대방노블랜드8차로얄카운티,양산시,물금읍가촌리,1304-1,경상남도,48330,yangsan,양산,GYEONGNAM,양산시,YANGSAN,False,True,1062.0,2018-03-13,8,1286.0,1.2109227871939736,12.0,25.0,68.0,2,35.3145375770083,129.000940676619,경상남도 양산시 야리로 50,True,0.064030131826742,528500000.0,20520380.96806681,0.026213592233009786,0.014634146341463428,0.07253886010362698,810000000.0,-0.31481481481481477,366500000.0,0.514324693042292,17.0,False,0.75,0.65,1.0,0.6730769230769231,0.7709615384615384,dong,3.0
A10026421,해운대경보이리스힐아파트,해운대구,송정동,949,부산광역시,26350,busan,부산,BUSAN,부산광역시,BUSAN_CORE,True,False,230.0,2018-02-27,8,261.0,1.1347826086956523,1.0,2.0,11.0,3,35.1766064541048,129.195021647971,부산광역시 해운대구 송정광어골로82번길 85-11,True,0.04782608695652174,,,,,-0.32539682539682535,630000000.0,-0.32539682539682535,385000000.0,0.10389610389610393,0.0,True,0.5,1.0,,0.9264705882352942,0.588970588235294,dong,2.0
A10026445,부산명지중흥S-클래스에듀오션,강서구,명지동,3350,부산광역시,26440,busan,부산,BUSAN,부산광역시,BUSAN_CORE,True,False,750.0,2018-02-08,8,858.0,1.144,8.0,18.0,47.0,2,35.1012700104038,128.920855108103,부산광역시 강서구 명지국제5로 90,True,0.06266666666666666,470000000.0,18319236.615795646,-0.05811623246492981,-0.024390243902439046,-0.07074569789674956,663000000.0,-0.2911010558069381,417000000.0,0.12709832134292576,3.0,False,0.4230769230769231,0.9230769230769231,0.6956521739130435,0.46296296296296297,0.6472036417688591,dong,5.0
A10026452,대연롯데캐슬레전드1단지,남구,대연동,1872,부산광역시,26290,busan,부산,BUSAN,부산광역시,BUSAN_CORE,True,False,3149.0,2018-02-27,8,3706.0,1.176881549698317,20.0,72.0,233.0,6,35.1351592669846,129.080302708807,부산광역시 남구 수영로 135,True,0.07399174341060655,810000000.0,31465567.981165387,0.041131105398457546,0.02497567304573467,0.10593220338983045,949000000.0,-0.14120126448893577,578000000.0,0.4100346020761245,33.0,False,1.0,0.875,0.8235294117647058,0.9941520467836257,0.9175051599587203,dong,1.0
A10026484,해운대자이2차1단지,해운대구,우동,1536,부산광역시,26350,busan,부산,BUSAN,부산광역시,BUSAN_CORE,True,False,813.0,2018-01-30,8,862.0,1.0602706027060271,3.0,11.0,43.0,3,35.1683485565665,129.142766503431,부산광역시 해운대구 해운대로469번길 110,True,0.05289052890528905,1055000000.0,40986659.33513836,-0.05635062611806796,-0.0027535566773749798,0.10189633375474094,1480000000.0,-0.28716216216216217,775000000.0,0.3612903225806452,8.0,False,0.8163265306122449,0.9183673469387755,0.9565217391304348,0.8059701492537313,0.8804341204359745,dong,1.0
A10026510,대신더샵,서구,서대신동3가,769,부산광역시,26140,busan,부산,BUSAN,부산광역시,BUSAN_CORE,True,False,429.0,2018-01-30,8,471.0,1.097902097902098,1.0,4.0,15.0,4,35.1183783315399,129.012199836572,부산광역시 서구 꽃마을로 48,True,0.03496503496503497,,,,-0.013078470824949728,-0.059523809523809534,692500000.0,-0.2916967509025271,453000000.0,0.08278145695364247,2.0,True,0.625,0.875,,0.9625,0.594375,dong,3.0
A10026557,센텀리슈빌2단지,해운대구,재송동,1355,부산광역시,26350,busan,부산,BUSAN,부산광역시,BUSAN_CORE,True,False,753.0,2017-12-22,8,855.0,1.1354581673306774,4.0,16.0,54.0,5,35.1914835593563,129.115888825499,부산광역시 해운대구 해운대로76번길 40,True,0.07171314741035857,810000000.0,31651227.861606095,0.06578947368421062,0.07216494845360821,0.021655606007684236,909000000.0,-0.1089108910891089,513500000.0,0.5774099318403116,13.0,False,0.8,1.0,0.8666666666666667,1.0,0.9066666666666667,dong,1.0
A10026577,김해캐슬아리스타궁,김해시,동상동,1117,경상남도,48250,gimhae,김해,GYEONGNAM,김해시,GIMHAE,False,True,184.0,2017-12-28,8,209.0,1.1358695652173914,1.0,3.0,6.0,3,35.2393557849978,128.885797349813,경상남도 김해시 가야로 470,True,0.03260869565217391,193000000.0,7501333.845278659,0.02659574468085113,-0.12914285714285711,-0.08142201834862384,270000000.0,-0.2851851851851852,188000000.0,0.02659574468085113,3.0,False,0.2,0.4,0.5,0.8666666666666667,0.435,dong,5.0
A10026586,센텀큐브,김해시,진영읍여래리,971,경상남도,48250,gimhae,김해,GYEONGNAM,김해시,GIMHAE,False,True,595.0,2017-12-14,8,688.0,1.1563025210084035,0.0,0.0,0.0,1,35.307328220738,128.739656594833,경상남도 김해시 김해대로 461,True,0.0,,,,,,220000000.0,0.0,220000000.0,0.0,0.0,True,1.0,0.16666666666666666,,0.3,0.39499999999999996,dong,5.0
A10026651,e편한세상사하2차,사하구,구평동,518,부산광역시,26380,busan,부산,BUSAN,부산광역시,BUSAN_CORE,True,False,946.0,2017-10-31,8,1004.0,1.0613107822410148,7.0,22.0,46.0,3,35.0827778603371,128.984491722497,부산광역시 사하구 서포로30번길 12,True,0.048625792811839326,292000000.0,11389653.570613842,-0.17455830388692584,0.06060606060606055,0.002238805970149249,468000000.0,-0.37606837606837606,259500000.0,0.12524084778420042,8.0,False,0.8,1.0,0.75,0.7857142857142857,0.8453571428571429,dong,2.0
A10026713,율하일동미라주더스타,김해시,관동동,1161,경상남도,48250,gimhae,김해,GYEONGNAM,김해시,GIMHAE,False,True,286.0,2017-10-27,8,330.0,1.1538461538461537,5.0,10.0,15.0,2,35.1789620780801,128.817310184637,경상남도 김해시 관동로27번길 117,True,0.05244755244755245,267000000.0,10366809.267652165,-0.005123428039124356,-0.0060408921933085,0.020952380952381056,332000000.0,-0.19277108433734935,230000000.0,0.16521739130434776,8.0,False,0.25,0.6666666666666666,0.5714285714285714,0.7916666666666666,0.5366071428571428,dong,5.0
A10026735,정관가화만사성더테라스1차,기장군,정관읍방곡리,407,부산광역시,26710,busan,부산,BUSAN,부산광역시,BUSAN_GIJANG,True,False,431.0,2017-09-29,9,534.0,1.2389791183294663,4.0,11.0,18.0,4,35.3217655674895,129.190558196248,부산광역시 기장군 구연방곡로 120,True,0.04176334106728538,439000000.0,17051092.072601613,0.20604395604395598,0.06640106241699861,0.025606469002695365,583000000.0,-0.24699828473413377,290000000.0,0.5137931034482759,2.0,True,0.6,1.0,1.0,0.9285714285714286,0.8692857142857142,dong,1.0
A10026746,오션브릿지,동구,범일동,1655,부산광역시,26170,busan,부산,BUSAN,부산광역시,BUSAN_CORE,True,False,652.0,2017-07-25,9,807.0,1.2377300613496933,6.0,12.0,39.0,3,35.1334492882699,129.059079172546,부산광역시 동구 범일로 41,True,0.0598159509202454,545000000.0,21163803.247823015,0.06549364613880737,-0.009615384615384581,-0.028301886792452824,717000000.0,-0.23988842398884236,397000000.0,0.37279596977329965,3.0,False,0.7142857142857143,1.0,0.8,0.8928571428571429,0.8482142857142856,dong,2.0
A10026760,센텀비스타동원,수영구,민락동,778,부산광역시,26500,busan,부산,BUSAN,부산광역시,BUSAN_CORE,True,False,840.0,2017-07-31,9,1049.0,1.2488095238095238,3.0,9.0,43.0,2,35.1672489290806,129.120800367051,부산광역시 수영구 수영로 754,True,0.05119047619047619,897000000.0,34895975.78112474,0.02076813655761023,0.03103448275862064,0.12231139646869993,1050000000.0,-0.14571428571428569,660000000.0,0.3590909090909091,8.0,False,0.7692307692307693,0.8461538461538461,0.75,0.6704545454545454,0.7726835664335665,dong,2.0
A10026776,양산이지더원5차아파트,양산시,물금읍물금리,800-2,경상남도,48330,yangsan,양산,GYEONGNAM,양산시,YANGSAN,False,True,625.0,2017-07-27,9,780.0,1.248,2.0,14.0,30.0,2,35.312288054921,128.989139886406,경상남도 양산시 물금로 57,True,0.048,410000000.0,15934143.58394573,0.0,0.028858218318695172,0.05966277561608302,469000000.0,-0.12579957356076754,325000000.0,0.2615384615384615,2.0,True,1.0,1.0,1.0,0.6666666666666666,0.95,dong,1.0
A10026780,래미안장전,금정구,장전동,745,부산광역시,26410,busan,부산,BUSAN,부산광역시,BUSAN_CORE,True,False,1938.0,2017-09-21,9,2390.0,1.2332301341589267,16.0,40.0,141.0,5,35.2275922774064,129.086740141721,부산광역시 금정구 금정로 20,True,0.07275541795665634,920000000.0,35772625.078464136,0.005464480874316946,-0.0035393411380343354,0.05780346820809257,1125000000.0,-0.19999999999999996,751500000.0,0.19760479041916157,19.0,False,1.0,0.9375,1.0,0.9916666666666667,0.98,dong,1.0
A10026810,양산이지더원리버포레,양산시,동면석산리,1447-1,경상남도,48330,yangsan,양산,GYEONGNAM,양산시,YANGSAN,False,True,1083.0,2017-07-28,9,1314.0,1.2132963988919667,11.0,32.0,64.0,1,35.3229027811179,129.027185112305,경상남도 양산시 금오16길 100,True,0.05909510618651893,,,,,,,,,,,,0.9166666666666666,0.9166666666666666,,0.14705882352941177,0.5720588235294117,dong,3.0
A10026814,장전서희스타힐스,금정구,부곡동,974,부산광역시,26410,busan,부산,BUSAN,부산광역시,BUSAN_CORE,True,False,324.0,2017-07-31,9,379.0,1.1697530864197532,6.0,11.0,29.0,2,35.2408411980373,129.089189781524,부산광역시 금정구 부곡온천천로 170,True,0.08950617283950617,525500000.0,20483022.059275147,-0.0056764427625354275,0.04137931034482767,0.016831683168316847,675000000.0,-0.23555555555555552,470000000.0,0.09787234042553195,6.0,False,0.6153846153846154,1.0,0.9230769230769231,0.6166666666666667,0.8078846153846154,dong,4.0
A10026828,롯데캐슬블루오션,영도구,동삼동,1189,부산광역시,26200,busan,부산,BUSAN,부산광역시,BUSAN_CORE,True,False,381.0,2017-08-29,9,420.0,1.1023622047244095,7.0,10.0,17.0,4,35.0728453246056,129.073711492582,부산광역시 영도구 절영로 524,True,0.04461942257217848,387000000.0,15030010.591973638,0.01308900523560208,,-0.041147132169576106,500000000.0,-0.22599999999999998,375000000.0,0.03200000000000003,2.0,True,0.5789473684210527,1.0,0.875,0.9117647058823529,0.8291989164086687,dong,2.0
A10026858,정관이진캐스빌2차,기장군,정관읍용수리,1279,부산광역시,26710,busan,부산,BUSAN,부산광역시,BUSAN_GIJANG,True,False,258.0,2017-08-18,9,294.0,1.1395348837209303,3.0,4.0,12.0,2,35.329675834271,129.181925782868,부산광역시 기장군 가동3로 19,True,0.046511627906976744,322250000.0,12537974.2083503,,0.13568281938326,-0.018092105263157854,395000000.0,-0.15189873417721522,265000000.0,0.26415094339622636,3.0,False,0.1111111111111111,0.8888888888888888,0.6,0.4444444444444444,0.5166666666666666,dong,5.0
A10026861,서면동일파크스위트3차,부산진구,부암동,746,부산광역시,26230,busan,부산,BUSAN,부산광역시,BUSAN_CORE,True,False,727.0,2017-06-30,9,808.0,1.111416781292985,5.0,11.0,49.0,4,35.165417735262,129.045944837845,부산광역시 부산진구 동평로 162,True,0.06740027510316368,490000000.0,19028252.89571882,0.101123595505618,-0.0018681611956231636,0.040255413659078254,625000000.0,-0.21599999999999997,390000000.0,0.2564102564102564,4.0,False,0.8148148148148148,0.9259259259259259,0.9166666666666666,0.9565217391304348,0.8948671497584539,dong,1.0
A10026865,동부산관광단지삼정그린코아더베스트,기장군,기장읍내리,792,부산광역시,26710,busan,부산,BUSAN,부산광역시,BUSAN_GIJANG,True,False,549.0,2017-07-17,9,606.0,1.1038251366120218,2.0,4.0,14.0,2,35.2040536747351,129.207169705909,부산광역시 기장군 기장대로 82-8,True,0.025500910746812388,466500000.0,18113584.511823338,0.08488372093023266,0.01985981308411211,0.051807228915662584,715000000.0,-0.3076923076923077,360000000.0,0.375,4.0,False,1.0,1.0,1.0,1.0,1.0,dong,1.0
A10026883,양산대방노블랜드7차메가시티,양산시,물금읍가촌리,1273-1,경상남도,48330,yangsan,양산,GYEONGNAM,양산시,YANGSAN,False,True,2130.0,2017-07-11,9,2626.0,1.2328638497652582,19.0,46.0,148.0,3,35.3164233308135,128.994299135389,경상남도 양산시 새실로 11,True,0.06948356807511737,515000000.0,20003177.909994524,0.047812817904374416,0.07532051282051277,0.016129032258064502,634000000.0,-0.1876971608832808,348000000.0,0.4798850574712643,11.0,False,1.0,0.8,0.8846153846153846,0.9038461538461539,0.8967307692307692,dong,1.0
A10026916,달맞이유림노르웨이숲,해운대구,중동,1821,부산광역시,26350,busan,부산,BUSAN,부산광역시,BUSAN_CORE,True,False,364.0,2017-07-03,9,441.0,1.2115384615384615,3.0,10.0,16.0,5,35.1611826061236,129.173697603189,부산광역시 해운대구 달맞이길65번길 33,True,0.04395604395604396,644000000.0,25027792.9566053,0.10368466152527844,0.10550458715596323,0.01943844492440605,758000000.0,-0.08575197889182062,460000000.0,0.5065217391304349,5.0,False,0.7931034482758621,0.7586206896551724,0.5384615384615384,0.99,0.7486326259946949,dong,4.0
A10026917,동상동베스티움,김해시,동상동,1100-1,경상남도,48250,gimhae,김해,GYEONGNAM,김해시,GIMHAE,False,True,203.0,2017-05-15,9,217.0,1.0689655172413792,2.0,5.0,9.0,2,35.2410335086053,128.886786371461,경상남도 김해시 가야로463번길 15,True,0.04433497536945813,,,,,,,,,,,,0.4,1.0,,0.6333333333333333,0.515,dong,2.0
A10026919,e편한세상봉황역,김해시,봉황동,886,경상남도,48250,gimhae,김해,GYEONGNAM,김해시,GIMHAE,False,True,936.0,2017-06-12,9,1035.0,1.1057692307692308,14.0,33.0,62.0,4,35.2252914707934,128.876671717676,경상남도 김해시 김해대로2324번길 54-27,True,0.06623931623931624,400000000.0,15627145.772857068,-0.0031152647975077885,-0.004658385093167738,0.004702194357366851,557500000.0,-0.2645739910313901,340000000.0,0.2058823529411764,19.0,False,1.0,1.0,1.0,1.0,1.0,dong,1.0
A10026931,이지더원2차,양산시,물금읍가촌리,1274-1,경상남도,48330,yangsan,양산,GYEONGNAM,양산시,YANGSAN,False,True,1768.0,2017-04-26,9,2184.0,1.2352941176470589,18.0,38.0,124.0,2,35.3129919363295,128.989649773835,경상남도 양산시 물금로 75,True,0.07013574660633484,435000000.0,16917911.3008819,0.043165467625899234,0.05721393034825861,0.06566303651505456,494000000.0,-0.11943319838056676,303500000.0,0.43327841845140025,18.0,False,0.95,0.85,0.6923076923076923,0.6730769230769231,0.8140384615384616,dong,2.0
A10026975,주례경동리인,사상구,주례동,1288,부산광역시,26530,busan,부산,BUSAN,부산광역시,BUSAN_CORE,True,False,839.0,2017-05-12,9,973.0,1.159713945172825,1.0,7.0,23.0,2,35.1557931167053,128.995991051558,부산광역시 사상구 백양대로 526,True,0.027413587604290822,320000000.0,13172568.126875779,-0.028831562974203306,-0.08392101551480957,-0.005072463768115987,450000000.0,-0.28888888888888886,315000000.0,0.015873015873015817,3.0,False,0.6818181818181818,0.7272727272727273,0.8571428571428571,0.4878048780487805,0.7101837187203041,dong,4.0
A10026980,신장유일동미라주더파크아파트,김해시,삼문동,1266,경상남도,48250,gimhae,김해,GYEONGNAM,김해시,GIMHAE,False,True,782.0,2017-06-05,9,892.0,1.1406649616368287,4.0,14.0,38.0,3,35.1910536907933,128.809253292526,경상남도 김해시 장유로334번길 73,True,0.04859335038363171,275000000.0,10684389.606414165,-0.08940397350993379,0.010273972602739656,0.014693171996542853,352500000.0,-0.21985815602836878,254750000.0,0.07948969578017673,4.0,False,0.8461538461538461,0.8461538461538461,0.6,0.9375,0.7983173076923077,dong,2.0
A10026999,진영이진캐스빌,김해시,진영읍진영리,1691,경상남도,48250,gimhae,김해,GYEONGNAM,김해시,GIMHAE,False,True,992.0,2017-05-18,9,1152.0,1.1612903225806452,8.0,22.0,43.0,2,35.3113285351754,128.725673328522,경상남도 김해시 진산대로 61,True,0.04334677419354839,280000000.0,10874131.922991375,0.009009009009008917,0.018181818181818077,-0.02631578947368418,318000000.0,-0.08805031446540879,238500000.0,0.2159329140461217,15.0,False,0.8461538461538461,0.9230769230769231,0.8571428571428571,0.6829268292682927,0.847493969445189,dong,2.0
A10027005,남양산역반도유보라아이비파크6,양산시,동면석산리,1448-5,경상남도,48330,yangsan,양산,GYEONGNAM,양산시,YANGSAN,False,True,827.0,2017-05-19,9,1022.0,1.2357920193470375,3.0,12.0,25.0,2,35.3180072381485,129.027016812786,경상남도 양산시 금오13길 38,True,0.030229746070133012,405000000.0,15227645.611156683,0.04651162790697683,0.031331592689294974,0.07499999999999996,450000000.0,-0.09999999999999998,273000000.0,0.4835164835164836,6.0,False,0.5833333333333334,0.25,0.8,0.47058823529411764,0.5205882352941177,dong,5.0
A10027026,지사과학삼정그린코아,강서구,지사동,1185-1,부산광역시,26440,busan,부산,BUSAN,부산광역시,BUSAN_CORE,True,False,1013.0,2017-04-27,9,1056.0,1.0424481737413622,7.0,17.0,30.0,3,35.1518194278834,128.839600768448,부산광역시 강서구 과학산단2로20번길 91,True,0.029615004935834157,197500000.0,8012899.323314187,-0.012499999999999956,-0.020935960591133007,-0.05660377358490565,269000000.0,-0.26579925650557623,175000000.0,0.12857142857142856,2.0,True,0.5,0.25,0.5,0.875,0.48124999999999996,dong,3.0
A10027034,협성휴포레진영,김해시,진영읍여래리,1012,경상남도,48250,gimhae,김해,GYEONGNAM,김해시,GIMHAE,False,True,534.0,2017-03-29,9,635.0,1.1891385767790261,3.0,11.0,29.0,2,35.3016763097464,128.743869619359,경상남도 김해시 진영로 284,True,0.054307116104868915,,,,,,,,,,,,0.8333333333333334,1.0,,0.775,0.66625,dong,1.0
A10027052,서면DS·협성엘리시안아파트,부산진구,범천동,1647,부산광역시,26230,busan,부산,BUSAN,부산광역시,BUSAN_CORE,True,False,630.0,2017-03-28,9,634.0,1.0063492063492063,4.0,19.0,37.0,3,35.1447760706214,129.053401969117,부산광역시 부산진구 만리산로 11,True,0.05873015873015873,,,,,,,,,,,,0.9047619047619048,0.8571428571428571,,0.8095238095238095,0.6499999999999999,dong,4.0
A10027054,사직롯데캐슬더클래식,동래구,사직동,1041,부산광역시,26260,busan,부산,BUSAN,부산광역시,BUSAN_CORE,True,False,1064.0,2017-01-16,9,1388.0,1.3045112781954886,3.0,12.0,33.0,4,35.1979263670697,129.066736914666,부산광역시 동래구 아시아드대로146번길 1,True,0.03101503759398496,1231000000.0,47861606.57665195,0.04587935429056933,0.0008312551953448821,0.18668310727496928,1268000000.0,-0.02917981072555209,690000000.0,0.7840579710144928,9.0,False,0.9473684210526315,0.21052631578947367,1.0,0.8879310344827587,0.7305580762250453,dong,5.0
A10027065,남항부백자연애,영도구,남항동1가,217-1,부산광역시,26200,busan,부산,BUSAN,부산광역시,BUSAN_CORE,True,False,184.0,2016-07-15,10,160.0,0.8695652173913043,1.0,4.0,8.0,3,35.0902721089375,129.0413352845,부산광역시 영도구 절영로35번길 46,True,0.043478260869565216,,,,,,,,,,,,1.0,1.0,,0.95,0.7424999999999999,dong,1.0
A10027097,양산평산동삼한사랑채,양산시,평산동,1202,경상남도,48330,yangsan,양산,GYEONGNAM,양산시,YANGSAN,False,True,450.0,2017-01-24,9,451.0,1.0022222222222221,1.0,10.0,24.0,3,35.3810946235963,129.143505017068,경상남도 양산시 평산로 101-20,True,0.05333333333333334,,,,,,,,,,,,0.3888888888888889,0.9444444444444444,,0.6666666666666666,0.5,dong,5.0
A10027120,양산물금양우내안애5차리버파크,양산시,물금읍물금리,800-5,경상남도,48330,yangsan,양산,GYEONGNAM,양산시,YANGSAN,False,True,559.0,2016-12-30,9,770.0,1.3774597495527727,3.0,8.0,21.0,1,35.3101726118177,128.989390625365,경상남도 양산시 물금로 41,True,0.03756708407871199,,,,,,,,,,,,0.6666666666666666,0.6666666666666666,,0.3333333333333333,0.44999999999999996,dong,2.0
A10027168,남양산역반도유보라아이비파크5,양산시,동면석산리,1447-4,경상남도,48330,yangsan,양산,GYEONGNAM,양산시,YANGSAN,False,True,1244.0,2016-11-24,9,1459.0,1.1728295819935692,11.0,20.0,55.0,3,35.3215724821903,129.02521926441,경상남도 양산시 금오16길 122,True,0.04421221864951769,,,,,,,,,,,,1.0,0.5833333333333334,,0.7941176470588235,0.5941176470588235,dong,2.0
A10027176,김해율하서희스타힐스,김해시,관동동,1165,경상남도,48250,gimhae,김해,GYEONGNAM,김해시,GIMHAE,False,True,682.0,2017-01-25,9,756.0,1.1085043988269794,2.0,12.0,29.0,2,35.1788602847185,128.813273763242,경상남도 김해시 관동로27번길 95,True,0.04252199413489736,295000000.0,11472772.545011468,-0.013377926421404673,0.012701100762066098,0.039096437880104196,371000000.0,-0.19137466307277629,260000000.0,0.15384615384615374,10.0,False,0.75,0.5,0.7142857142857143,0.7916666666666666,0.6723214285714286,dong,3.0
A10027202,사직역삼정그린코아더베스트1차,동래구,사직동,1039,부산광역시,26260,busan,부산,BUSAN,부산광역시,BUSAN_CORE,True,False,313.0,2016-12-26,9,400.0,1.2779552715654952,6.0,14.0,25.0,3,35.1971636470331,129.064253724507,부산광역시 동래구 사직로 8,True,0.07987220447284345,786500000.0,30602197.160947405,-0.007570977917981114,-0.04764776839565743,0.10273972602739723,947500000.0,-0.1699208443271768,550000000.0,0.42999999999999994,11.0,False,0.47368421052631576,1.0,0.8333333333333334,0.6982758620689655,0.7551799758015729,dong,3.0
A10027236,사하뷰웰,사하구,신평동,669,부산광역시,26380,busan,부산,BUSAN,부산광역시,BUSAN_CORE,True,False,900.0,2016-12-02,9,966.0,1.0733333333333333,3.0,10.0,28.0,2,35.0913816382854,128.969170494542,부산광역시 사하구 신산북로 43,True,0.03111111111111111,235000000.0,9151522.30351664,-0.07114624505928857,0.006000000000000005,0.0010010010010010895,320000000.0,-0.265625,230000000.0,0.021739130434782705,8.0,False,0.7142857142857143,0.6428571428571429,0.5714285714285714,0.43478260869565216,0.6152173913043478,dong,4.0
A10027265,양산대방노블랜드연리지(3차),양산시,물금읍가촌리,1302-1,경상남도,48330,yangsan,양산,GYEONGNAM,양산시,YANGSAN,False,True,1310.0,2015-08-18,11,1398.0,1.067175572519084,4.0,19.0,40.0,2,35.3127203491816,129.005457233824,경상남도 양산시 야리로 90,True,0.030534351145038167,420000000.0,16306726.465840584,-0.07079646017699115,0.022171688459351913,0.05627962085308047,599000000.0,-0.2988313856427379,329250000.0,0.27562642369020507,13.0,False,0.9,0.2,0.6153846153846154,0.6730769230769231,0.5848076923076924,dong,5.0
A10027272,양산물금대방노블랜드6차더클래스,양산시,물금읍가촌리,1278-2,경상남도,48330,yangsan,양산,GYEONGNAM,양산시,YANGSAN,False,True,703.0,2016-09-07,10,1016.0,1.4452347083926032,5.0,14.0,47.0,2,35.3118347489622,129.002099910308,경상남도 양산시 새실로 116,True,0.06685633001422475,515000000.0,19994917.443756573,0.021825396825396748,0.08994708994709,0.035771489588894756,622000000.0,-0.17202572347266876,363500000.0,0.4167812929848693,10.0,False,0.45,0.75,0.8846153846153846,0.6730769230769231,0.6821153846153846,dong,4.0
A10027280,명지협성휴포레,강서구,명지동,3328,부산광역시,26440,busan,부산,BUSAN,부산광역시,BUSAN_CORE,True,False,1664.0,2016-11-18,9,1705.0,1.0246394230769231,22.0,46.0,108.0,2,35.1075308265119,128.921120157931,부산광역시 강서구 명지국제5로 141,True,0.06490384615384616,,,,,,,,,,,,1.0,1.0,,0.46296296296296297,0.6694444444444444,dong,4.0
A10027306,e편한세상사하,사하구,구평동,517,부산광역시,26380,busan,부산,BUSAN,부산광역시,BUSAN_CORE,True,False,1068.0,2016-09-09,10,1078.0,1.0093632958801497,13.0,25.0,46.0,3,35.0809670275315,128.986262867272,부산광역시 사하구 서포로30번길 26,True,0.04307116104868914,315000000.0,12230174.352047833,-0.015625,-0.0078125,-0.021406727828746197,457500000.0,-0.3114754098360656,249750000.0,0.26126126126126126,12.0,False,1.0,0.8,1.0,0.7857142857142857,0.9078571428571429,dong,1.0
A10027325,구서SKVIEW1단지,금정구,구서동,1074,부산광역시,26410,busan,부산,BUSAN,부산광역시,BUSAN_CORE,True,False,532.0,2016-08-18,10,674.0,1.2669172932330828,8.0,13.0,33.0,3,35.2438418119491,129.085571678272,부산광역시 금정구 금샘로246번길 18,True,0.06203007518796992,661250000.0,25709192.456533507,0.02005399151561904,0.007304882737408702,0.05048465266558977,787500000.0,-0.16190476190476188,560000000.0,0.1785714285714286,7.0,False,0.76,0.96,1.0,0.868,0.8962,dong,2.0
A10027330,신평삼한사랑채,사하구,신평동,668,부산광역시,26380,busan,부산,BUSAN,부산광역시,BUSAN_CORE,True,False,298.0,2016-10-14,9,318.0,1.0671140939597314,1.0,6.0,17.0,1,35.0928690533026,128.966178084918,부산광역시 사하구 신산북로 5,True,0.05704697986577181,254000000.0,9864251.796148209,-0.052238805970149294,-0.03153988868274582,-0.0283882783882784,310000000.0,-0.1806451612903226,233000000.0,0.09012875536480691,6.0,False,0.5,0.7857142857142857,0.8571428571428571,0.15217391304347827,0.6228260869565218,dong,3.0
A10027341,사직KCC스위첸2단지,동래구,사직동,1028,부산광역시,26260,busan,부산,BUSAN,부산광역시,BUSAN_CORE,True,False,999.0,2016-09-13,10,1103.0,1.1041041041041042,4.0,15.0,47.0,5,35.2008818394607,129.057074696685,부산광역시 동래구 사직북로 64,True,0.04704704704704705,706500000.0,27432368.680794675,-0.018750000000000044,0.0077247191011236005,0.11806098514464436,845000000.0,-0.163905325443787,542000000.0,0.3035055350553506,8.0,False,0.8947368421052632,0.6842105263157895,0.6666666666666666,0.9913793103448276,0.7890577737447066,dong,2.0
A10027365,양산롯데캐슬,양산시,주진동,697,경상남도,48330,yangsan,양산,GYEONGNAM,양산시,YANGSAN,False,True,623.0,2016-08-29,10,655.0,1.0513643659711076,6.0,10.0,18.0,3,35.3946688953796,129.156479217956,경상남도 양산시 진등길 26,True,0.028892455858747994,,,,-0.107773851590106,-0.06422018348623848,358000000.0,-0.3016759776536313,250000000.0,0.0,2.0,True,0.4,0.8,,0.9,0.495,dong,3.0
A10027458,송도서린엘마르,서구,암남동,764,부산광역시,26140,busan,부산,BUSAN,부산광역시,BUSAN_CORE,True,False,168.0,2016-04-29,10,168.0,1.0,1.0,4.0,10.0,2,35.0714086040571,129.017415646427,부산광역시 서구 송도해변로 21,True,0.05952380952380952,430000000.0,16697555.379048627,-0.07526881720430112,0.007025761124121788,0.005847953216374213,660000000.0,-0.3484848484848485,415000000.0,0.03614457831325302,3.0,False,0.2857142857142857,0.9285714285714286,0.7142857142857143,0.4714285714285714,0.6135714285714285,dong,4.0
A10027586,부용동한웅드리머스,서구,부용동1가,46-8,부산광역시,26140,busan,부산,BUSAN,부산광역시,BUSAN_CORE,True,False,152.0,2015-09-11,11,167.0,1.0986842105263157,1.0,2.0,5.0,4,35.1059210551071,129.020315727808,부산광역시 서구 구덕로 238,True,0.03289473684210526,318000000.0,12381570.408825437,-0.021538461538461506,,,355000000.0,-0.10422535211267603,298000000.0,0.06711409395973145,2.0,True,1.0,1.0,1.0,1.0,1.0,dong,1.0
A10027639,현대프라힐스 동부산,기장군,철마면고촌리,668,부산광역시,26710,busan,부산,BUSAN,부산광역시,BUSAN_GIJANG,True,False,468.0,2016-02-24,10,528.0,1.1282051282051282,0.0,1.0,3.0,2,35.2440964473835,129.173273348605,부산광역시 기장군 고촌로18번길 58,True,0.00641025641025641,,,,,,286000000.0,0.0,240000000.0,0.19166666666666665,0.0,True,0.5,0.5,,1.0,0.44999999999999996,dong,2.0
A10027677,해운대송정우림필유아파트,해운대구,송정동,947,부산광역시,26350,busan,부산,BUSAN,부산광역시,BUSAN_CORE,True,False,407.0,2015-10-23,10,388.0,0.9533169533169533,4.0,8.0,12.0,3,35.1834466288269,129.196554715985,부산광역시 해운대구 송정1로8번길 25-78,True,0.029484029484029485,335000000.0,13018180.704830563,-0.1728395061728395,,-0.07499999999999996,530000000.0,-0.3679245283018868,335000000.0,0.0,2.0,True,1.0,0.5,1.0,0.9264705882352942,0.838970588235294,dong,1.0
A10027690,명륜2차아이파크1단지,동래구,명륜동,782,부산광역시,26260,busan,부산,BUSAN,부산광역시,BUSAN_CORE,True,False,2058.0,2015-11-30,10,2542.0,1.2351797862001943,7.0,31.0,129.0,4,35.2152300700385,129.088107697602,부산광역시 동래구 시실로 48,True,0.06268221574344024,652500000.0,25353180.883919716,-0.08613445378151263,0.062476618032173636,0.09164969450101834,850000000.0,-0.2705882352941177,527000000.0,0.17647058823529416,19.0,False,1.0,0.9166666666666666,0.5,0.9482758620689655,0.8422413793103448,dong,1.0
A10027769,부산정관지구이지더원5차아파트,기장군,정관읍방곡리,378,부산광역시,26710,busan,부산,BUSAN,부산광역시,BUSAN_GIJANG,True,False,426.0,2015-11-27,10,473.0,1.1103286384976525,3.0,7.0,11.0,1,35.3270346877571,129.187765897539,부산광역시 기장군 방곡로 29,True,0.025821596244131457,,,,,,,,,,,,0.4,0.2,,0.14285714285714285,0.20142857142857143,dong,5.0
A10027790,e편한세상화명힐스,북구,화명동,1293-1,부산광역시,26320,busan,부산,BUSAN,부산광역시,BUSAN_CORE,True,False,800.0,2015-10-29,10,1120.0,1.4,5.0,13.0,36.0,4,35.2341460173073,129.014088301293,부산광역시 북구 화명대로 68,True,0.045,604750000.0,23484055.07178159,0.02499999999999991,0.04888888888888898,0.09716981132075464,682000000.0,-0.09090909090909094,440000000.0,0.40909090909090917,6.0,False,0.5517241379310345,0.6551724137931034,0.875,0.8421052631578947,0.7071347549909255,dong,5.0
A10027793,명동삼한사랑채아파트,양산시,명동,1079-3,경상남도,48330,yangsan,양산,GYEONGNAM,양산시,YANGSAN,False,True,999.0,,,1025.0,1.026026026026026,4.0,13.0,42.0,3,35.4006605133325,129.171470483228,경상남도 양산시 대운로 144,True,0.042042042042042045,250000000.0,9717486.174667398,-0.029126213592232997,0.004016064257028162,0.03305785123966931,320000000.0,-0.21875,210000000.0,0.19047619047619047,3.0,False,1.0,1.0,1.0,0.9545454545454546,0.9931818181818182,dong,1.0
A10027832,백양디이스트(1단지),북구,만덕동,955,부산광역시,26320,busan,부산,BUSAN,부산광역시,BUSAN_CORE,True,False,3790.0,2015-10-21,10,3478.0,0.9176781002638522,31.0,73.0,147.0,4,35.2058687951711,129.033190025409,부산광역시 북구 덕천로276번길 60,True,0.038786279683377306,334000000.0,12968159.591165997,0.0121212121212122,-0.04899135446685876,0.0051132213294375894,430000000.0,-0.2558139534883721,274750000.0,0.16469517743403084,43.0,False,1.0,0.8333333333333334,0.8666666666666667,0.8928571428571429,0.9005952380952381,dong,2.0
A10027844,김해진영동문굿모닝힐1차,김해시,진영읍진영리,1881,경상남도,48250,gimhae,김해,GYEONGNAM,김해시,GIMHAE,False,True,589.0,2015-10-22,10,555.0,0.9422750424448217,7.0,11.0,25.0,2,35.303935544878,128.7205063474,경상남도 김해시 진영산복로 19,True,0.042444821731748725,,,,,,,,,,,,0.5384615384615384,0.8461538461538461,,0.6829268292682927,0.5178236397748592,dong,5.0
A10027872,삼한사랑채,금정구,금사동,565,부산광역시,26410,busan,부산,BUSAN,부산광역시,BUSAN_CORE,True,False,264.0,2015-03-18,11,186.0,0.7045454545454546,0.0,2.0,9.0,2,35.223472353866,129.111248201094,부산광역시 금정구 서금로 115,True,0.03409090909090909,,,,,,,,,,,,1.0,1.0,,0.5,0.6749999999999999,dong,1.0
A10027953,에일린의 뜰,강서구,명지동,3361,부산광역시,26440,busan,부산,BUSAN,부산광역시,BUSAN_CORE,True,False,980.0,2015-05-29,11,1083.0,1.1051020408163266,5.0,22.0,60.0,2,35.1004557357605,128.920892035046,부산광역시 강서구 명지국제5로 60,True,0.061224489795918366,505000000.0,19607035.70798282,0.10141766630316251,-0.010638297872340385,-0.01364113326337879,622500000.0,-0.17590361445783131,379000000.0,0.35356200527704496,12.0,False,0.5769230769230769,0.8461538461538461,0.9130434782608695,0.46296296296296297,0.7246283909327387,dong,3.0
A10027972,안락경동리인,동래구,안락동,1258,부산광역시,26260,busan,부산,BUSAN,부산광역시,BUSAN_CORE,True,False,693.0,2015-06-24,11,852.0,1.2294372294372293,4.0,14.0,34.0,4,35.1929769026661,129.10529055535,부산광역시 동래구 충렬대로446번길 68,True,0.049062049062049064,573000000.0,22249965.876090202,0.023214285714285632,-0.0022016732716865217,-0.021120689655172442,698000000.0,-0.1790830945558739,465000000.0,0.23225806451612896,2.0,True,0.6428571428571429,1.0,1.0,0.9166666666666666,0.8803571428571428,dong,1.0
A10027989,신화명리버뷰자이,북구,금곡동,1918,부산광역시,26320,busan,부산,BUSAN,부산광역시,BUSAN_CORE,True,False,792.0,2015-06-19,11,871.0,1.0997474747474747,4.0,15.0,40.0,2,35.2512280459782,129.012371521078,부산광역시 북구 금곡대로470번길 29,True,0.050505050505050504,400000000.0,15531238.969290504,0.029601029601029616,-0.012453300124533051,0.016518424396442244,507500000.0,-0.06009852216748768,312500000.0,0.5264,13.0,False,0.7647058823529411,0.9411764705882353,1.0,0.5277777777777778,0.8409313725490195,dong,2.0
A10028069,협성·DS엘리시안,강서구,지사동,1186,부산광역시,26440,busan,부산,BUSAN,부산광역시,BUSAN_CORE,True,False,1277.0,2015-04-17,11,1304.0,1.0211433046202036,15.0,37.0,80.0,3,35.1495640564902,128.836603021997,부산광역시 강서구 과학산단로306번길 10,True,0.06264682850430697,233000000.0,9058607.031524282,,0.01304347826086949,-0.04536082474226799,285000000.0,-0.1824561403508772,194750000.0,0.1964056482670089,1.0,True,1.0,1.0,1.0,0.875,0.98125,dong,1.0
A10028081,이지더원3차,기장군,정관읍모전리,730,부산광역시,26710,busan,부산,BUSAN,부산광역시,BUSAN_GIJANG,True,False,1035.0,2015-03-30,11,1330.0,1.285024154589372,7.0,11.0,26.0,2,35.3349807510359,129.1655478736,부산광역시 기장군 정관로 385,True,0.025120772946859903,320000000.0,12427915.73496528,0.015873015873015817,-0.016266460108443015,0.04234527687296419,413500000.0,-0.2551390568319226,241250000.0,0.27668393782383416,6.0,False,0.7142857142857143,0.2857142857142857,1.0,0.35714285714285715,0.6035714285714286,dong,3.0
A10028090,씨앤스타빌,기장군,기장읍청강리,258,부산광역시,26710,busan,부산,BUSAN,부산광역시,BUSAN_GIJANG,True,False,207.0,2014-12-23,11,99.0,0.4782608695652174,2.0,4.0,7.0,2,35.2371223556054,129.21896208869,부산광역시 기장군 기장대로 470,True,0.033816425120772944,,,,,,,,,,,,0.2,0.8,,0.7,0.40499999999999997,dong,4.0
A10028104,부산역유림줄리엣,동구,초량동,1165-11,부산광역시,26170,busan,부산,BUSAN,부산광역시,BUSAN_CORE,True,False,286.0,2014-05-27,12,78.0,0.2727272727272727,0.0,2.0,14.0,1,35.1211126355306,129.043881421296,부산광역시 동구 중앙대로274번길 7-3,True,0.04895104895104895,,,,,,,,,,,,0.65,1.0,,0.25,0.5325,dong,4.0
A10028112,부산역유림로미오,동구,초량동,1165-1,부산광역시,26170,busan,부산,BUSAN,부산광역시,BUSAN_CORE,True,False,286.0,2014-05-27,12,73.0,0.25524475524475526,3.0,7.0,13.0,1,35.1215041986968,129.044100149973,부산광역시 동구 중앙대로274번길 7-7,True,0.045454545454545456,,,,,,,,,,,,0.65,0.8,,0.25,0.4725,dong,5.0
A10028138,동원역삼정그린코아,북구,금곡동,832,부산광역시,26320,busan,부산,BUSAN,부산광역시,BUSAN_CORE,True,False,529.0,2014-12-11,11,545.0,1.0302457466918715,5.0,10.0,19.0,3,35.2580364464243,129.014187207907,부산광역시 북구 효열로 135,True,0.035916824196597356,345000000.0,13401748.760470668,0.029850746268656803,-0.00366300366300365,-0.016570605187319898,448000000.0,-0.2299107142857143,282500000.0,0.22123893805309724,2.0,True,0.35294117647058826,0.7647058823529411,0.6875,0.8888888888888888,0.640502450980392,dong,4.0
A10028142,가화만사성정관타운,기장군,정관읍방곡리,380,부산광역시,26710,busan,부산,BUSAN,부산광역시,BUSAN_GIJANG,True,False,560.0,2014-12-15,11,537.0,0.9589285714285715,5.0,7.0,22.0,2,35.3270913932754,129.189292074257,부산광역시 기장군 방곡로 39,True,0.039285714285714285,,,,,-0.04036697247706422,320000000.0,-0.14687499999999998,219000000.0,0.24657534246575352,0.0,True,1.0,0.8,,0.5,0.615,dong,2.0
A10028145,대연롯데캐슬,남구,대연동,1865,부산광역시,26290,busan,부산,BUSAN,부산광역시,BUSAN_CORE,True,False,564.0,2015-01-12,11,758.0,1.3439716312056738,2.0,17.0,43.0,3,35.1409368636008,129.099914167697,부산광역시 남구 수영로325번길 61,True,0.07624113475177305,836000000.0,32653428.38509456,0.0054119061936259705,0.04244694132334592,0.14568599717114572,872500000.0,-0.04068767908309456,580000000.0,0.443103448275862,11.0,False,0.65625,0.90625,0.8823529411764706,0.8333333333333334,0.8143382352941176,dong,5.0
A10028182,대신롯데캐슬,서구,서대신동3가,762,부산광역시,26140,busan,부산,BUSAN,부산광역시,BUSAN_CORE,True,False,753.0,2014-10-30,11,888.0,1.1792828685258965,2.0,6.0,13.0,4,35.1166687298821,129.010292961723,부산광역시 서구 대티로 161,True,0.017264276228419653,387000000.0,15062717.091955582,-0.16504854368932043,0.016279069767441756,0.01403508771929829,610000000.0,-0.3655737704918033,385000000.0,0.0051948051948051965,3.0,False,1.0,0.5,1.0,0.9625,0.844375,dong,1.0
A10028198,반도유보라4차,양산시,물금읍범어리,2768-2,경상남도,48330,yangsan,양산,GYEONGNAM,양산시,YANGSAN,False,True,1214.0,2014-10-28,11,1534.0,1.2635914332784184,8.0,29.0,67.0,2,35.3170533947517,129.003906469967,경상남도 양산시 백호로 91,True,0.05518945634266886,465000000.0,18065629.624571614,0.04260089686098656,0.05798816568047327,0.07186732186732181,525000000.0,-0.1561904761904762,308500000.0,0.43598055105348466,17.0,False,0.9166666666666666,0.875,0.9285714285714286,0.40384615384615385,0.8302197802197802,dong,1.0
A60011201,동아(92-0),중구,영주동,92,부산광역시,26110,busan,부산,BUSAN,부산광역시,BUSAN_CORE,True,False,204.0,1998-10-30,27,144.0,0.7058823529411765,1.0,2.0,3.0,4,35.1136726417904,129.029987260423,부산광역시 중구 영주로 73,True,0.014705882352941176,170000000.0,6804123.711340206,,,-0.02857142857142858,240000000.0,-0.29166666666666663,163000000.0,0.042944785276073594,1.0,True,0.6,0.4,0.6666666666666666,0.9117647058823529,0.6034313725490196,dong,2.0
A60011202,금호,중구,영주동,161,부산광역시,26110,busan,부산,BUSAN,부산광역시,BUSAN_CORE,True,False,322.0,1997-08-28,29,232.0,0.7204968944099379,0.0,0.0,0.0,4,35.1113677793606,129.030144477798,부산광역시 중구 영주로 51,True,0.0,,,,,,260000000.0,-0.10384615384615381,165000000.0,0.4121212121212121,0.0,True,0.8,0.2,,0.9117647058823529,0.43676470588235294,dong,5.0
A60011204,동아(160-0),중구,영주동,160,부산광역시,26110,busan,부산,BUSAN,부산광역시,BUSAN_CORE,True,False,328.0,1998-10-30,27,237.0,0.7225609756097561,4.0,6.0,8.0,2,35.1122445541186,129.029798838878,부산광역시 중구 영주로 65,True,0.024390243902439025,177500000.0,6913951.841359774,,-0.01388888888888884,0.0028050490883591017,239000000.0,-0.2573221757322176,140000000.0,0.2678571428571428,2.0,True,1.0,0.8,1.0,0.5588235294117647,0.8738235294117648,dong,1.0
A60070101,코모도에스테이트,중구,대청동1가,37-1,부산광역시,26110,busan,부산,BUSAN,부산광역시,BUSAN_CORE,True,False,269.0,2013-10-10,12,234.0,0.8698884758364313,0.0,5.0,10.0,2,35.1031600158748,129.032840654288,부산광역시 중구 대청로 121-1,True,0.03717472118959108,,,,,,,,,,,,1.0,1.0,,1.0,0.75,dong,1.0
A60105001,동원드림타운,동구,좌천동,808,부산광역시,26170,busan,부산,BUSAN,부산광역시,BUSAN_CORE,True,False,298.0,2002-03-28,24,330.0,1.1073825503355705,0.0,3.0,12.0,2,35.13261800509,129.05138518465,부산광역시 동구 고관로 173,True,0.040268456375838924,,,,-0.10144927536231885,0.03125,390000000.0,-0.20512820512820518,262000000.0,0.1832061068702291,2.0,True,0.6,0.6,,0.7368421052631579,0.4705263157894737,dong,3.0
A60105002,두산위브범일뉴타운,동구,좌천동,1168,부산광역시,26170,busan,부산,BUSAN,부산광역시,BUSAN_CORE,True,False,466.0,2006-06-27,20,453.0,0.9721030042918455,6.0,13.0,23.0,2,35.1322625319397,129.055439517713,부산광역시 동구 성남일로 5,True,0.04935622317596566,315000000.0,12230001.682434091,0.012048192771084265,0.0023866348448686736,-0.01716068642745705,480000000.0,-0.34375,265000000.0,0.18867924528301883,9.0,False,0.8,1.0,0.5,0.7368421052631579,0.7755263157894737,dong,2.0
A60106001,한성기린,동구,범일동,62-720,부산광역시,26170,busan,부산,BUSAN,부산광역시,BUSAN_CORE,True,False,547.0,1997-10-25,28,503.0,0.9195612431444241,2.0,7.0,15.0,3,35.1390138078844,129.056962489301,부산광역시 동구 중앙대로 514,True,0.027422303473491772,200000000.0,7837548.984681155,,-0.11894273127753308,0.07701786814540967,300000000.0,-0.33333333333333337,160000000.0,0.25,1.0,True,0.5714285714285714,0.7142857142857143,0.2,0.8928571428571429,0.5696428571428571,dong,4.0
A60106002,두산위브포세이돈2,동구,범일동,825-7,부산광역시,26170,busan,부산,BUSAN,부산광역시,BUSAN_CORE,True,False,690.0,2006-12-29,19,1243.0,1.8014492753623188,3.0,6.0,14.0,2,35.1362311780235,129.063459403768,부산광역시 동구 자성로116번길 2,True,0.020289855072463767,413500000.0,16055418.28450406,0.11756756756756759,0.014896373056994872,-0.03379224030037542,522000000.0,-0.20785440613026818,318000000.0,0.300314465408805,3.0,False,0.8571428571428571,0.5714285714285714,0.6,0.6785714285714286,0.6803571428571428,dong,3.0
A60172001,진흥마제스타워범일,동구,범일동,830-296,부산광역시,26170,busan,부산,BUSAN,부산광역시,BUSAN_CORE,True,False,305.0,2010-11-09,15,592.0,1.9409836065573771,0.0,1.0,3.0,2,35.1373765407774,129.065570144261,부산광역시 동구 자성로133번길 6,True,0.009836065573770493,,,,,0.0,490000000.0,-0.24489795918367352,290000000.0,0.27586206896551735,1.0,True,0.42857142857142855,0.42857142857142855,,0.6785714285714286,0.3589285714285714,dong,5.0
A60181401,아르미나아파트,동구,수정동,1048-35,부산광역시,26170,busan,부산,BUSAN,부산광역시,BUSAN_CORE,True,False,292.0,2001-04-09,25,175.0,0.5993150684931506,1.0,4.0,12.0,2,35.1256556769999,129.037575169341,부산광역시 동구 홍곡남로 50,True,0.0410958904109589,262500000.0,10203180.212014133,0.171875,0.17939393939393944,0.05212121212121201,290000000.0,-0.09482758620689657,200000000.0,0.3125,3.0,False,0.6666666666666666,0.6666666666666666,1.0,0.7121212121212122,0.7568181818181817,dong,1.0
A60270201,송도풍림아이원,서구,암남동,595,부산광역시,26140,busan,부산,BUSAN,부산광역시,BUSAN_CORE,True,False,239.0,2010-02-09,16,382.0,1.598326359832636,5.0,6.0,10.0,3,35.0725264018686,129.016165911772,부산광역시 서구 암남공원로 39,True,0.04184100418410042,410000000.0,15919688.524763763,-0.023809523809523836,-0.023255813953488413,-0.023255813953488413,530000000.0,-0.24528301886792447,340000000.0,0.17647058823529416,5.0,False,0.6428571428571429,0.8571428571428571,0.5714285714285714,0.7857142857142857,0.7107142857142856,dong,3.0
A60270501,부민e편한세상,서구,부민동3가,76,부산광역시,26140,busan,부산,BUSAN,부산광역시,BUSAN_CORE,True,False,613.0,2004-09-16,22,610.0,0.9951060358890701,4.0,8.0,25.0,3,35.1043130996166,129.016549041957,부산광역시 서구 해돋이로 313,True,0.040783034257748776,,,,0.02127659574468077,-0.020408163265306145,328000000.0,-0.2682926829268293,215000000.0,0.11627906976744184,1.0,True,1.0,1.0,,1.0,0.75,dong,1.0
A60274001,현대타운,서구,남부민동,685,부산광역시,26140,busan,부산,BUSAN,부산광역시,BUSAN_CORE,True,False,180.0,1999-08-14,27,184.0,1.0222222222222221,1.0,1.0,4.0,2,35.092725641473,129.024415965423,부산광역시 서구 충무대로 246,True,0.022222222222222223,,,,,0.10909090909090913,310000000.0,-0.032258064516129004,255000000.0,0.17647058823529416,0.0,True,0.6,0.8,,0.5714285714285714,0.5057142857142857,dong,2.0
A60275001,삼익,서구,동대신동2가,313,부산광역시,26140,busan,부산,BUSAN,부산광역시,BUSAN_CORE,True,False,410.0,1976-06-19,50,320.0,0.7804878048780488,0.0,1.0,7.0,3,35.112825105996,129.020096423424,부산광역시 서구 대영로85번길 34-47,True,0.01707317073170732,,,,-0.03951975987993994,-0.024752475247524774,720000000.0,-0.33333333333333337,399000000.0,0.20300751879699241,1.0,True,1.0,1.0,,0.9090909090909091,0.7363636363636363,dong,1.0
A60275303,협성르네상스,서구,서대신동3가,694-1,부산광역시,26140,busan,부산,BUSAN,부산광역시,BUSAN_CORE,True,False,490.0,2001-11-22,24,762.0,1.5551020408163265,2.0,7.0,16.0,3,35.1130974382768,129.010538391209,부산광역시 서구 대티로 159,True,0.0326530612244898,353500000.0,13766226.103375029,0.07938931297709928,0.06739811912225702,-0.031065088757396442,397000000.0,-0.10957178841309823,278000000.0,0.27158273381294973,4.0,False,0.75,0.75,0.75,0.8125,0.7593749999999999,dong,2.0
A60276401,토성동봄여름가을겨울,서구,토성동1가,3-2,부산광역시,26140,busan,부산,BUSAN,부산광역시,BUSAN_CORE,True,False,201.0,2005-04-20,21,316.0,1.572139303482587,1.0,1.0,6.0,4,35.0983169479534,129.024461900083,부산광역시 서구 보수대로 15,True,0.029850746268656716,370000000.0,14390100.176782558,,-0.07499999999999996,0.0018963337547408532,450000000.0,-0.1777777777777778,364000000.0,0.016483516483516425,1.0,True,0.5,0.5,1.0,0.9,0.685,dong,2.0
A60280302,대림비치,서구,남부민동,523-1,부산광역시,26140,busan,부산,BUSAN,부산광역시,BUSAN_CORE,True,False,440.0,2003-08-11,23,307.0,0.6977272727272728,1.0,5.0,8.0,2,35.0822588006647,129.024643672507,부산광역시 서구 충무대로 133,True,0.01818181818181818,,,,0.0,0.1020408163265305,368000000.0,-0.2663043478260869,185000000.0,0.45945945945945943,1.0,True,1.0,0.4,,0.5714285714285714,0.5057142857142857,dong,3.0
A60281201,문화,서구,동대신동3가,173,부산광역시,26140,busan,부산,BUSAN,부산광역시,BUSAN_CORE,True,False,180.0,1971-12-17,54,16.0,0.08888888888888889,0.0,1.0,4.0,2,35.1150726941653,129.01590480137,부산광역시 서구 구덕로 350,True,0.022222222222222223,,,,,,,,,,,,0.6666666666666666,0.6666666666666666,,0.6923076923076923,0.5038461538461538,dong,2.0
A60282001,보람,서구,서대신동2가,270,부산광역시,26140,busan,부산,BUSAN,부산광역시,BUSAN_CORE,True,False,257.0,2005-12-09,20,297.0,1.1556420233463034,0.0,2.0,7.0,4,35.1097432165804,129.01397057466,부산광역시 서구 대영로 24,True,0.027237354085603113,,,,0.03676470588235303,0.0854231974921631,355000000.0,-0.007042253521126751,265000000.0,0.33018867924528306,2.0,True,0.3333333333333333,0.3333333333333333,,0.9375,0.34062499999999996,dong,3.0
A60282202,금호어울림,서구,서대신동3가,31-57,부산광역시,26140,busan,부산,BUSAN,부산광역시,BUSAN_CORE,True,False,256.0,2004-02-04,22,380.0,1.484375,2.0,3.0,8.0,4,35.1186786594296,129.011219457035,부산광역시 서구 꽃마을로 57,True,0.03125,,,,,0.13461538461538458,295000000.0,0.0,160120000.0,0.842368223832126,1.0,True,0.375,0.625,,0.9625,0.44437499999999996,dong,4.0
A60402003,하단동에스케이뷰,사하구,하단동,1217-1,부산광역시,26380,busan,부산,BUSAN,부산광역시,BUSAN_CORE,True,False,1828.0,2004-05-31,22,1858.0,1.0164113785557987,6.0,23.0,67.0,4,35.1160911401384,128.961482750333,부산광역시 사하구 하신번영로 400,True,0.03665207877461707,388000000.0,15103740.90077465,0.02917771883289122,-0.020779220779220786,0.08450704225352124,500000000.0,-0.14400000000000002,305000000.0,0.40327868852459026,6.0,False,0.8888888888888888,0.7777777777777778,1.0,0.9903846153846154,0.8985576923076923,dong,1.0
A60405001,다대동롯데캐슬몰운대,사하구,다대동,1624,부산광역시,26380,busan,부산,BUSAN,부산광역시,BUSAN_CORE,True,False,3462.0,2007-11-26,18,4697.0,1.3567302137492778,19.0,50.0,119.0,4,35.0553797809279,128.964833086021,부산광역시 사하구 다대낙조2길 100,True,0.03437319468515309,230750000.0,8959562.396605726,-0.028421052631578902,0.004319654427645814,0.028761061946902755,314000000.0,-0.2707006369426752,205000000.0,0.11707317073170742,25.0,False,1.0,0.6190476190476191,0.42857142857142855,0.96875,0.7381696428571428,dong,2.0
A60405002,다대롯데캐슬블루,사하구,다대동,1670,부산광역시,26380,busan,부산,BUSAN,부산광역시,BUSAN_CORE,True,False,1326.0,2014-12-24,11,1761.0,1.3280542986425339,6.0,27.0,47.0,2,35.0660759887624,128.982821920306,부산광역시 사하구 다송로 23,True,0.03544494720965309,370500000.0,14388828.170679104,-0.07950310559006213,-0.02699228791773778,-0.03647798742138364,545000000.0,-0.3055045871559633,320000000.0,0.18281250000000004,19.0,False,0.8095238095238095,0.7142857142857143,1.0,0.703125,0.8126116071428571,dong,1.0
A60470801,괴정엔스타,사하구,괴정동,1275,부산광역시,26380,busan,부산,BUSAN,부산광역시,BUSAN_CORE,True,False,234.0,2011-09-23,15,259.0,1.106837606837607,3.0,3.0,15.0,3,35.1000774016522,128.994492183013,부산광역시 사하구 낙동대로 203,True,0.0641025641025641,311500000.0,12104551.674112663,,-0.0024019215372297342,-0.012648221343873556,444000000.0,-0.26801801801801806,290000000.0,0.1206896551724137,2.0,True,0.5172413793103449,0.9310344827586207,0.5555555555555556,0.825,0.6971216475095785,dong,4.0
A60471209,당리반도보라맨션,사하구,당리동,180,부산광역시,26380,busan,부산,BUSAN,부산광역시,BUSAN_CORE,True,False,384.0,1992-07-25,34,438.0,1.140625,1.0,1.0,6.0,2,35.1077907594936,128.97383770278,부산광역시 사하구 제석로79번길 11,True,0.015625,245000000.0,9545454.545454545,,0.02083333333333326,0.02320675105485237,315000000.0,-0.2222222222222222,204000000.0,0.2009803921568627,1.0,True,0.75,0.3125,0.75,0.4791666666666667,0.578125,dong,5.0
A60471809,부영벽산블루밍,사하구,당리동,66,부산광역시,26380,busan,부산,BUSAN,부산광역시,BUSAN_CORE,True,False,298.0,2011-01-19,15,303.0,1.016778523489933,3.0,7.0,9.0,2,35.1063080760459,128.977920117093,부산광역시 사하구 승학로71번길 60,True,0.030201342281879196,285000000.0,11069446.209906358,-0.012987012987012991,-0.02941176470588236,0.02155172413793105,323000000.0,-0.04024767801857587,260000000.0,0.1923076923076923,5.0,False,0.625,0.8125,1.0,0.4791666666666667,0.753125,dong,1.0
A60471810,당리푸르지오,사하구,당리동,572,부산광역시,26380,busan,부산,BUSAN,부산광역시,BUSAN_CORE,True,False,542.0,2013-07-24,13,749.0,1.381918819188192,2.0,5.0,15.0,4,35.1053590629305,128.977084698062,부산광역시 사하구 승학로71번길 30,True,0.027675276752767528,,,,0.0037878787878788955,0.0403146509341199,618000000.0,-0.14239482200647247,419500000.0,0.2634088200238378,1.0,True,1.0,0.625,,0.9270833333333334,0.6265625,dong,3.0
A60472010,당리4차혜성,사하구,당리동,17,부산광역시,26380,busan,부산,BUSAN,부산광역시,BUSAN_CORE,True,False,423.0,1996-01-30,30,288.0,0.6808510638297872,0.0,3.0,14.0,3,35.1100235494771,128.979455564708,부산광역시 사하구 제석로 127,True,0.03309692671394799,,,,0.22930153321976143,-0.0015220700152207556,201000000.0,-0.12039800995024874,132000000.0,0.33939393939393936,2.0,True,0.8125,0.875,,0.75,0.6187499999999999,dong,4.0
A60472901,다대푸르지오,사하구,다대동,1667,부산광역시,26380,busan,부산,BUSAN,부산광역시,BUSAN_CORE,True,False,972.0,2012-09-28,14,1329.0,1.367283950617284,3.0,7.0,18.0,3,35.0612770368886,128.974556555764,부산광역시 사하구 윤공단로 123,True,0.018518518518518517,337000000.0,13151763.85718847,-0.12694300518134716,-0.1061007957559682,0.04768583450210384,444000000.0,-0.24099099099099097,300000000.0,0.1233333333333333,3.0,False,0.6666666666666666,0.3333333333333333,0.8571428571428571,0.859375,0.6431919642857142,dong,5.0
A60473106,감천유림1차,사하구,감천동,808,부산광역시,26380,busan,부산,BUSAN,부산광역시,BUSAN_CORE,True,False,477.0,1997-11-14,28,469.0,0.9832285115303984,1.0,8.0,13.0,3,35.0898640452765,128.994923713544,부산광역시 사하구 감천로 24,True,0.027253668763102725,,,,0.12749999999999995,-0.028368794326241176,245000000.0,0.0,185000000.0,0.32432432432432434,5.0,False,0.8,0.8,,0.7307692307692307,0.5896153846153845,dong,4.0
A60473107,감천유림2차,사하구,감천동,789,부산광역시,26380,busan,부산,BUSAN,부산광역시,BUSAN_CORE,True,False,498.0,1999-08-16,27,551.0,1.106425702811245,2.0,4.0,13.0,5,35.089103751456,128.994593048433,부산광역시 사하구 사하로 80,True,0.02610441767068273,220000000.0,8542181.433109779,,,-0.04347826086956519,230000000.0,-0.04347826086956519,180000000.0,0.22222222222222232,1.0,True,0.9,0.6,1.0,0.9807692307692307,0.8471153846153845,dong,1.0
A60473602,구평화신,사하구,구평동,41-7,부산광역시,26380,busan,부산,BUSAN,부산광역시,BUSAN_CORE,True,False,496.0,1993-05-14,33,393.0,0.7923387096774194,2.0,8.0,14.0,2,35.086802317881,128.993009102991,부산광역시 사하구 사하로 47,True,0.028225806451612902,115000000.0,4467596.6802048385,-0.14338919925512106,-0.18414533443435177,0.024809160305343525,188000000.0,-0.4148936170212766,110000000.0,0.0,6.0,False,0.4,0.4,0.25,0.35714285714285715,0.35607142857142854,dong,5.0
A60473701,부산구평동한신휴플러스,사하구,구평동,497,부산광역시,26380,busan,부산,BUSAN,부산광역시,BUSAN_CORE,True,False,419.0,2013-07-26,13,425.0,1.0143198090692125,0.0,3.0,17.0,3,35.0863643373042,128.984974407607,부산광역시 사하구 을숙도대로709번길 22,True,0.0405727923627685,,,,,-0.01089324618736387,288000000.0,-0.21180555555555558,206500000.0,0.09927360774818395,0.0,True,0.2,0.6,,0.7857142857142857,0.3578571428571429,dong,4.0
A60474002,동원로얄듀크,사하구,장림동,875,부산광역시,26380,busan,부산,BUSAN,부산광역시,BUSAN_CORE,True,False,1973.0,2005-01-04,21,1989.0,1.0081094779523567,21.0,39.0,88.0,2,35.077318017704,128.963794294477,부산광역시 사하구 하신중앙로 2,True,0.044602128737962494,183750000.0,7134150.861039506,-0.02777777777777779,-0.028277634961439535,-0.03500000000000003,250000000.0,-0.32999999999999996,167500000.0,0.0,7.0,False,1.0,0.7692307692307693,0.5714285714285714,0.35,0.7261263736263737,dong,4.0
A60474905,한신혜성,사하구,하단동,277-2,부산광역시,26380,busan,부산,BUSAN,부산광역시,BUSAN_CORE,True,False,533.0,1996-05-07,30,354.0,0.6641651031894934,2.0,3.0,15.0,3,35.1012889287059,128.971520894865,부산광역시 사하구 동매로 120,True,0.028142589118198873,,,,0.054054054054053946,-0.052369077306733125,233000000.0,-0.16309012875536477,165000000.0,0.18181818181818188,1.0,True,0.6666666666666666,0.5555555555555556,,0.8942307692307693,0.500801282051282,dong,5.0
A60475612,다대포현대,사하구,다대동,120-1,부산광역시,26380,busan,부산,BUSAN,부산광역시,BUSAN_CORE,True,False,2181.0,1993-09-09,33,2029.0,0.9303071985327831,11.0,18.0,45.0,4,35.0614810237866,128.979312755324,부산광역시 사하구 다대로 473,True,0.02063273727647868,240000000.0,9330819.98114986,0.02127659574468077,0.009463722397476282,-0.004149377593360981,348000000.0,-0.31034482758620685,188000000.0,0.27659574468085113,5.0,False,0.9047619047619048,0.38095238095238093,0.7142857142857143,0.96875,0.7095982142857142,dong,3.0
A60475710,삼환,사하구,다대동,120-10,부산광역시,26380,busan,부산,BUSAN,부산광역시,BUSAN_CORE,True,False,1669.0,1996-09-13,30,1843.0,1.104254044337927,6.0,23.0,41.0,3,35.0617575665852,128.981626579868,부산광역시 사하구 다대로429번길 20,True,0.02456560814859197,237500000.0,9234711.912336513,0.0,-0.06862745098039214,0.004020100502512669,356500000.0,-0.33380084151472655,215500000.0,0.10208816705336421,4.0,False,0.8571428571428571,0.47619047619047616,0.5714285714285714,0.859375,0.6717633928571428,dong,4.0
A60476101,가락타운1,사하구,하단동,1161-2,부산광역시,26380,busan,부산,BUSAN,부산광역시,BUSAN_CORE,True,False,1746.0,1992-09-14,34,1272.0,0.7285223367697594,5.0,15.0,42.0,2,35.1102986564977,128.958536370229,부산광역시 사하구 하신번영로 365,True,0.024054982817869417,285500000.0,11092430.05705596,-0.054635761589403975,0.007792207792207684,-0.046052631578947345,450000000.0,-0.37777777777777777,216000000.0,0.2962962962962963,14.0,False,0.7777777777777778,0.4444444444444444,0.75,0.7019230769230769,0.6594551282051282,dong,3.0
A60476206,가락타운3,사하구,하단동,1175,부산광역시,26380,busan,부산,BUSAN,부산광역시,BUSAN_CORE,True,False,2980.0,1992-09-14,34,2277.0,0.7640939597315436,14.0,35.0,89.0,2,35.1010731620413,128.957963941885,부산광역시 사하구 하신번영로 233,True,0.029865771812080538,255125000.0,9912201.966674449,0.0004901960784313708,-0.04672897196261683,0.06057596822244293,368000000.0,-0.2744565217391305,187000000.0,0.427807486631016,32.0,False,1.0,0.6666666666666666,0.5,0.7019230769230769,0.7302884615384615,dong,2.0
A60476805,현대,사하구,신평동,400,부산광역시,26380,busan,부산,BUSAN,부산광역시,BUSAN_CORE,True,False,992.0,1994-12-17,31,877.0,0.8840725806451613,5.0,13.0,29.0,2,35.0938469892527,128.96428483733,부산광역시 사하구 하신중앙로 170,True,0.029233870967741934,238250000.0,9315607.759138823,0.12117647058823522,0.0,-0.0444444444444444,305000000.0,-0.14754098360655743,180000000.0,0.4444444444444444,11.0,False,1.0,0.5714285714285714,0.7142857142857143,0.43478260869565216,0.7152173913043478,dong,2.0
A60477013,극동정림,사하구,장림동,426,부산광역시,26380,busan,부산,BUSAN,부산광역시,BUSAN_CORE,True,False,472.0,1995-12-20,30,355.0,0.7521186440677966,6.0,10.0,24.0,4,35.0726356792876,128.977617040664,부산광역시 사하구 다대로 339,True,0.05084745762711865,130000000.0,5049435.028248588,-0.1362126245847176,0.023255813953488413,-0.09722222222222221,164000000.0,-0.2195121951219512,122000000.0,0.049180327868852514,4.0,False,0.7692307692307693,0.8653846153846154,0.42857142857142855,0.95,0.7400274725274725,dong,2.0
A60480001,영동힐타운,사하구,감천동,12-108,부산광역시,26380,busan,부산,BUSAN,부산광역시,BUSAN_CORE,True,False,176.0,2003-06-20,23,157.0,0.8920454545454546,2.0,6.0,7.0,4,35.0941525989022,129.009663103577,부산광역시 사하구 옥천로 87,True,0.03977272727272727,168000000.0,6585785.679242303,,-0.12041884816753923,,191000000.0,-0.12041884816753923,150000000.0,0.1200000000000001,1.0,True,0.3,0.9,0.5,0.8846153846153846,0.6176923076923077,dong,3.0
A60480608,부영벽산파라빌,사하구,감천동,567,부산광역시,26380,busan,부산,BUSAN,부산광역시,BUSAN_CORE,True,False,634.0,2002-12-18,23,638.0,1.0063091482649842,2.0,6.0,17.0,3,35.0942185295071,128.995549749053,부산광역시 사하구 감천로21번길 35,True,0.026813880126182965,,,,-0.11728395061728392,0.030588235294117583,270000000.0,-0.18888888888888888,185000000.0,0.18378378378378368,3.0,False,1.0,0.7,,0.7307692307692307,0.6196153846153846,dong,2.0
A60480804,극동스타클래스,사하구,괴정동,213-6,부산광역시,26380,busan,부산,BUSAN,부산광역시,BUSAN_CORE,True,False,470.0,2007-04-30,19,475.0,1.0106382978723405,1.0,7.0,18.0,2,35.1054010990413,128.99904477391,부산광역시 사하구 대티로1번길 22,True,0.03829787234042553,370000000.0,14368593.854807772,0.30281690140845074,0.09759999999999991,-0.04255319148936165,450000000.0,-0.1777777777777778,225000000.0,0.6444444444444444,3.0,False,0.896551724137931,0.5862068965517241,0.6666666666666666,0.5392857142857143,0.6923871100164203,dong,5.0
A60481703,구평1차자유,사하구,구평동,17,부산광역시,26380,busan,부산,BUSAN,부산광역시,BUSAN_CORE,True,False,584.0,1999-03-05,27,589.0,1.0085616438356164,1.0,7.0,15.0,3,35.0873937987817,128.984785017684,부산광역시 사하구 을숙도대로709번길 31,True,0.025684931506849314,148000000.0,5773049.645390071,0.010238907849829282,0.09629629629629632,-0.08414239482200647,173000000.0,-0.1445086705202312,108000000.0,0.37037037037037046,3.0,False,0.6,0.2,0.5,0.7857142857142857,0.4828571428571429,dong,3.0
A60482811,동원베네스트2차,사하구,당리동,16-12,부산광역시,26380,busan,부산,BUSAN,부산광역시,BUSAN_CORE,True,False,432.0,2006-01-18,20,586.0,1.3564814814814814,1.0,7.0,13.0,3,35.1109549980591,128.983556801431,부산광역시 사하구 제석로 171,True,0.03009259259259259,200000000.0,7810105.566593575,-0.09090909090909094,-0.011627906976744207,0.009389671361502261,250000000.0,-0.19999999999999996,170000000.0,0.17647058823529416,5.0,False,0.875,0.75,0.5,0.75,0.7250000000000001,dong,2.0
A60483404,한신,사하구,신평동,425,부산광역시,26380,busan,부산,BUSAN,부산광역시,BUSAN_CORE,True,False,937.0,1993-12-14,32,739.0,0.7886872998932765,3.0,8.0,23.0,3,35.0970527267283,128.965872629359,부산광역시 사하구 비봉로 42,True,0.02454642475987193,158000000.0,6137005.6497175135,0.02931596091205213,0.05333333333333323,0.04406779661016946,170000000.0,-0.07058823529411762,125000000.0,0.264,6.0,False,0.8214285714285714,0.5,0.2857142857142857,0.7391304347826086,0.5787267080745342,dong,5.0
A60484514,협성르네상스,사하구,장림동,585-1,부산광역시,26380,busan,부산,BUSAN,부산광역시,BUSAN_CORE,True,False,650.0,2007-05-11,19,726.0,1.116923076923077,6.0,12.0,22.0,3,35.0747830165752,128.971459508778,부산광역시 사하구 장평로 87,True,0.033846153846153845,234000000.0,9084866.203521237,-0.05070993914807298,0.046739130434782616,-0.07480314960629919,298000000.0,-0.21476510067114096,214000000.0,0.09345794392523366,6.0,False,0.8461538461538461,0.5769230769230769,0.8571428571428571,0.725,0.7499587912087912,dong,1.0
A60485001,하단삼창,사하구,하단동,277,부산광역시,26380,busan,부산,BUSAN,부산광역시,BUSAN_CORE,True,False,162.0,2001-06-25,25,160.0,0.9876543209876543,0.0,1.0,12.0,3,35.1015965914473,128.972241074201,부산광역시 사하구 괴정로 76,True,0.07407407407407407,,,,,-0.033333333333333326,275000000.0,-0.26181818181818184,197500000.0,0.02784810126582271,0.0,True,0.3333333333333333,1.0,,0.8942307692307693,0.5341346153846154,dong,4.0
A60605201,영광그린,영도구,신선동2가,181-30,부산광역시,26200,busan,부산,BUSAN,부산광역시,BUSAN_CORE,True,False,209.0,1993-12-30,32,135.0,0.645933014354067,0.0,1.0,3.0,4,35.0840327464745,129.04700975547,부산광역시 영도구 중복길 270,True,0.014354066985645933,,,,,-0.3548387096774194,170000000.0,-0.4117647058823529,100000000.0,0.0,1.0,True,1.0,1.0,,1.0,0.75,dong,1.0
A60607002,원우엔리치빌,영도구,청학동,489-30,부산광역시,26200,busan,부산,BUSAN,부산광역시,BUSAN_CORE,True,False,490.0,2004-07-09,22,522.0,1.0653061224489795,1.0,3.0,10.0,3,35.0854099169466,129.06222069571,부산광역시 영도구 조내기로 38,True,0.02040816326530612,,,,-0.04347826086956519,0.0014836795252226587,247000000.0,-0.3319838056680162,165000000.0,0.0,1.0,True,0.7777777777777778,0.5555555555555556,,0.7857142857142857,0.5178571428571429,dong,3.0
A60607003,신영도롯데낙천대,영도구,청학동,99-294,부산광역시,26200,busan,부산,BUSAN,부산광역시,BUSAN_CORE,True,False,528.0,2005-10-26,20,513.0,0.9715909090909091,4.0,9.0,13.0,4,35.088132811256,129.061865406657,부산광역시 영도구 청학남로 48,True,0.02462121212121212,187000000.0,7262563.2576203365,-0.024771838331160367,-0.04125000000000001,0.0610079575596818,260000000.0,-0.35769230769230764,160000000.0,0.043749999999999956,6.0,False,1.0,0.7777777777777778,1.0,0.9464285714285714,0.925297619047619,dong,1.0
A60607004,영도신도브래뉴,영도구,청학동,536,부산광역시,26200,busan,부산,BUSAN,부산광역시,BUSAN_CORE,True,False,508.0,2009-07-30,17,573.0,1.1279527559055118,0.0,11.0,16.0,3,35.0980056587134,129.05634985643,부산광역시 영도구 태종로 260,True,0.031496062992125984,,,,-0.05359999999999998,-0.03306451612903227,445000000.0,-0.348314606741573,278750000.0,0.04035874439461873,5.0,False,0.8888888888888888,0.8888888888888888,,0.7857142857142857,0.6511904761904762,dong,2.0
A60608001,벽산비치,영도구,동삼동,510-27,부산광역시,26200,busan,부산,BUSAN,부산광역시,BUSAN_CORE,True,False,414.0,1995-06-10,31,535.0,1.2922705314009661,2.0,4.0,16.0,3,35.0754307334395,129.069474367541,부산광역시 영도구 와치로 266,True,0.03864734299516908,221000000.0,8493070.921159891,,0.016091954022988464,0.04166666666666674,255000000.0,-0.1333333333333333,188000000.0,0.17553191489361697,2.0,True,0.631578947368421,0.8947368421052632,0.5,0.7254901960784313,0.6917182662538699,dong,3.0
A60673703,일신마리나,영도구,청학동,85,부산광역시,26200,busan,부산,BUSAN,부산광역시,BUSAN_CORE,True,False,355.0,1994-01-11,32,270.0,0.7605633802816901,1.0,2.0,8.0,4,35.0869066625643,129.063036793119,부산광역시 영도구 조내기로 33,True,0.022535211267605635,,,,-0.09722222222222221,-0.2637931034482759,169000000.0,-0.42307692307692313,97500000.0,0.0,1.0,True,0.5555555555555556,0.6666666666666666,,0.9464285714285714,0.5086309523809524,dong,4.0
A60674101,동부산아이존빌,영도구,영선동2가,175,부산광역시,26200,busan,부산,BUSAN,부산광역시,BUSAN_CORE,True,False,416.0,2004-11-30,21,481.0,1.15625,0.0,5.0,9.0,5,35.0883400540716,129.043166088277,부산광역시 영도구 영선대로 98,True,0.021634615384615384,,,,-0.02985074626865669,0.02564102564102555,465000000.0,-0.16129032258064513,300000000.0,0.30000000000000004,2.0,True,1.0,1.0,,1.0,0.75,dong,1.0
A60675701,대동대교맨션,영도구,대평동1가,1,부산광역시,26200,busan,부산,BUSAN,부산광역시,BUSAN_CORE,True,False,462.0,1980-08-30,46,288.0,0.6233766233766234,1.0,1.0,2.0,4,35.0911570054442,129.035937887166,부산광역시 영도구 대평로 16,True,0.004329004329004329,290000000.0,10777027.027027026,,0.15999999999999992,,530000000.0,-0.4528301886792453,250000000.0,0.15999999999999992,1.0,True,1.0,1.0,1.0,1.0,1.0,dong,1.0
A60675801,미광마린타워,영도구,봉래동2가,112,부산광역시,26200,busan,부산,BUSAN,부산광역시,BUSAN_CORE,True,False,676.0,1992-06-05,34,471.0,0.6967455621301775,0.0,3.0,8.0,2,35.0945736176092,129.043307273236,부산광역시 영도구 대교로14번길 17,True,0.011834319526627219,,,,-0.022662889518413554,0.06515151515151518,477000000.0,-0.2767295597484277,249000000.0,0.3855421686746987,1.0,True,1.0,1.0,,0.8125,0.7218749999999999,dong,1.0
A60675901,영도대원,영도구,영선동4가,245-1,부산광역시,26200,busan,부산,BUSAN,부산광역시,BUSAN_CORE,True,False,448.0,1991-01-05,35,358.0,0.7991071428571429,0.0,5.0,6.0,4,35.0823032131452,129.04406716788,부산광역시 영도구 남항새싹길 79,True,0.013392857142857142,,,,,,200000000.0,0.0,200000000.0,0.0,0.0,True,0.5,0.5,,0.9166666666666666,0.4375,dong,2.0
A60680909,국제마마뉴비치타운,영도구,동삼동,510-33,부산광역시,26200,busan,부산,BUSAN,부산광역시,BUSAN_CORE,True,False,522.0,1995-07-03,31,573.0,1.0977011494252873,3.0,8.0,16.0,3,35.0724791628311,129.069240000023,부산광역시 영도구 중리로 32,True,0.03065134099616858,176500000.0,6791627.798507462,0.014367816091954033,-0.033333333333333326,-0.015514809590973178,234000000.0,-0.17521367521367526,141000000.0,0.36879432624113484,6.0,False,0.6842105263157895,0.631578947368421,0.25,0.7254901960784313,0.5660603715170278,dong,5.0
A60681101,영도유림,영도구,봉래동4가,300,부산광역시,26200,busan,부산,BUSAN,부산광역시,BUSAN_CORE,True,False,310.0,1996-12-30,29,177.0,0.5709677419354838,1.0,1.0,4.0,2,35.0910886806068,129.05105492109,부산광역시 영도구 봉래길 94,True,0.012903225806451613,,,,,0.0,184000000.0,-0.021739130434782594,138000000.0,0.30434782608695654,0.0,True,0.5,0.5,,0.5,0.375,dong,2.0
A60681702,반도보라,영도구,영선동4가,186-46,부산광역시,26200,busan,부산,BUSAN,부산광역시,BUSAN_CORE,True,False,868.0,2000-06-16,26,994.0,1.1451612903225807,3.0,8.0,14.0,4,35.0824525021607,129.040431961441,부산광역시 영도구 해안산책길 30,True,0.016129032258064516,,,,,,369000000.0,-0.18563685636856364,249000000.0,0.2068273092369477,0.0,True,1.0,1.0,,0.9166666666666666,0.7374999999999999,dong,1.0
A60702002,우성베스토피아,동래구,복천동,500-1,부산광역시,26260,busan,부산,BUSAN,부산광역시,BUSAN_CORE,True,False,744.0,1989-02-08,37,736.0,0.989247311827957,0.0,4.0,16.0,3,35.205826507023,129.087317319323,부산광역시 동래구 복천로5번길 34,True,0.021505376344086023,,,,0.01538461538461533,0.030110935023771823,595000000.0,-0.4117647058823529,240000000.0,0.45833333333333326,2.0,True,1.0,1.0,,0.8333333333333334,0.725,dong,1.0
A60710004,안락뜨란채2단지,동래구,안락동,1242,부산광역시,26260,busan,부산,BUSAN,부산광역시,BUSAN_CORE,True,False,1420.0,2005-10-26,20,1427.0,1.0049295774647888,7.0,26.0,67.0,4,35.1927417818779,129.110161293431,부산광역시 동래구 연안로 74,True,0.047183098591549295,459000000.0,17836787.56476684,-0.06802030456852792,0.048212351029252476,0.052989130434782705,690000000.0,-0.33478260869565213,340000000.0,0.3500000000000001,7.0,False,0.9285714285714286,0.9285714285714286,0.7142857142857143,0.9166666666666666,0.8732142857142857,dong,2.0
A60711001,조양,동래구,명장동,24-1,부산광역시,26260,busan,부산,BUSAN,부산광역시,BUSAN_CORE,True,False,380.0,1983-10-22,42,296.0,0.7789473684210526,1.0,4.0,14.0,3,35.2059409006853,129.101215043535,부산광역시 동래구 반송로273번길 2,True,0.03684210526315789,,,,,,500000000.0,-0.19999999999999996,398000000.0,0.005025125628140614,0.0,True,0.75,0.75,,0.7972972972972973,0.5695945945945945,dong,3.0
A60711002,삼성타운,동래구,명장동,63-9,부산광역시,26260,busan,부산,BUSAN,부산광역시,BUSAN_CORE,True,False,471.0,1996-08-01,30,381.0,0.8089171974522293,0.0,4.0,10.0,2,35.2026966821831,129.099963388662,부산광역시 동래구 명장로20번길 90,True,0.021231422505307854,,,,0.032786885245901676,0.00328947368421062,410000000.0,-0.29268292682926833,258750000.0,0.12077294685990347,2.0,True,0.8333333333333334,0.5,,0.5540540540540541,0.4831081081081081,dong,5.0
A60771101,쌍용예가,동래구,명륜동,753,부산광역시,26260,busan,부산,BUSAN,부산광역시,BUSAN_CORE,True,False,269.0,2007-02-16,19,349.0,1.2973977695167287,1.0,4.0,14.0,3,35.2101304681676,129.080478372535,부산광역시 동래구 동래로 53,True,0.05204460966542751,590000000.0,22935077.357294813,,0.09716410971641087,0.00046403712296982924,700000000.0,-0.15714285714285714,500000000.0,0.17999999999999994,1.0,True,0.3333333333333333,0.8333333333333334,0.25,0.8275862068965517,0.5366379310344828,dong,5.0
A60776301,동래복천현대,동래구,복천동,446-1,부산광역시,26260,busan,부산,BUSAN,부산광역시,BUSAN_CORE,True,False,370.0,1996-03-29,30,277.0,0.7486486486486487,0.0,0.0,7.0,2,35.207317387581,129.086135102383,부산광역시 동래구 복천로5번길 31,True,0.01891891891891892,,,,,0.07801652892561983,447000000.0,-0.31767337807606266,260000000.0,0.17307692307692313,0.0,True,0.5,0.5,,0.4444444444444444,0.36666666666666664,dong,2.0
A60777205,안락SKVIEW,동래구,안락동,472-57,부산광역시,26260,busan,부산,BUSAN,부산광역시,BUSAN_CORE,True,False,1898.0,1999-05-19,27,2641.0,1.3914646996838778,6.0,21.0,64.0,4,35.1948135944524,129.111846754195,부산광역시 동래구 충렬대로 487,True,0.03371970495258166,410000000.0,15925141.242937854,0.08681245858184239,-0.031847133757961776,0.015706806282722585,532500000.0,-0.2300469483568075,282000000.0,0.45390070921985815,9.0,False,1.0,0.42857142857142855,0.5714285714285714,0.9166666666666666,0.7089285714285714,dong,3.0
A60778502,강변뜨란채,동래구,안락동,1251,부산광역시,26260,busan,부산,BUSAN,부산광역시,BUSAN_CORE,True,False,814.0,2006-04-28,20,816.0,1.0024570024570025,4.0,12.0,35.0,3,35.195538188241,129.102446944314,부산광역시 동래구 안남로 79,True,0.042997542997543,,,,0.15494393476044843,0.13736263736263732,648000000.0,-0.12654320987654322,362500000.0,0.5613793103448277,2.0,True,0.8571428571428571,0.7857142857142857,,0.7666666666666667,0.6078571428571429,dong,4.0
A60778608,사직쌍용예가,동래구,사직동,1017,부산광역시,26260,busan,부산,BUSAN,부산광역시,BUSAN_CORE,True,False,2947.0,2006-12-07,19,3853.0,1.307431286053614,22.0,53.0,146.0,4,35.1965420197669,129.057521614564,부산광역시 동래구 사직로 80,True,0.0495419070240923,552500000.0,21458835.99129053,0.007292616226071136,0.0,0.18089103596349965,707000000.0,-0.21499292786421498,345000000.0,0.6086956521739131,25.0,False,1.0,0.7368421052631579,0.5833333333333334,0.8879310344827587,0.8000756200846945,dong,1.0
A60780103,한신,동래구,낙민동,93-1,부산광역시,26260,busan,부산,BUSAN,부산광역시,BUSAN_CORE,True,False,436.0,1999-04-09,27,350.0,0.8027522935779816,2.0,4.0,17.0,4,35.1937221145843,129.098099045106,부산광역시 동래구 안남로 46,True,0.0389908256880734,345000000.0,13405157.188272694,-0.0547945205479452,0.05970149253731338,0.0029069767441860517,447000000.0,-0.22818791946308725,274000000.0,0.25912408759124084,2.0,True,0.5,0.5,0.3333333333333333,0.96,0.5273333333333333,dong,5.0
A60780104,중앙하이츠2,동래구,낙민동,90-6,부산광역시,26260,busan,부산,BUSAN,부산광역시,BUSAN_CORE,True,False,511.0,1996-06-17,30,320.0,0.6262230919765166,3.0,7.0,26.0,2,35.1942207793998,129.095775567402,부산광역시 동래구 안남로 36,True,0.050880626223091974,,,,0.05087014725568939,0.08571428571428563,470000000.0,-0.19148936170212771,281000000.0,0.35231316725978656,2.0,True,0.5833333333333334,0.9166666666666666,,0.54,0.5309999999999999,dong,4.0
A60780108,한일유앤아이,동래구,낙민동,77-1,부산광역시,26260,busan,부산,BUSAN,부산광역시,BUSAN_CORE,True,False,935.0,2007-07-31,19,1318.0,1.409625668449198,7.0,14.0,28.0,4,35.1957851549524,129.092865300179,부산광역시 동래구 온천천로339번길 28,True,0.029946524064171122,506500000.0,19671014.881616168,0.06128863279203767,-0.040703517587939664,0.051891891891891806,610000000.0,-0.23770491803278693,370000000.0,0.2567567567567568,7.0,False,1.0,0.3333333333333333,0.6666666666666666,0.96,0.7106666666666667,dong,2.0
A60780703,국제파크,동래구,명장동,26-24,부산광역시,26260,busan,부산,BUSAN,부산광역시,BUSAN_CORE,True,False,255.0,1996-05-23,30,206.0,0.807843137254902,2.0,2.0,4.0,4,35.205797845905,129.100225846451,부산광역시 동래구 충렬사로 81,True,0.01568627450980392,265000000.0,10312500.0,,-0.1166666666666667,0.04823747680890533,342000000.0,-0.22514619883040932,240000000.0,0.10416666666666674,1.0,True,0.5833333333333334,0.3333333333333333,0.5,0.9459459459459459,0.5418918918918919,dong,4.0
A60782204,새동래1(가~라동),동래구,수안동,6-1,부산광역시,26260,busan,부산,BUSAN,부산광역시,BUSAN_CORE,True,False,424.0,1979-11-24,46,223.0,0.5259433962264151,2.0,3.0,7.0,4,35.1999785601655,129.082835125892,부산광역시 동래구 명륜로75번길 31,True,0.01650943396226415,,,,,,440000000.0,-0.19318181818181823,355000000.0,0.0,0.0,True,0.9090909090909091,0.45454545454545453,,0.9605263157894737,0.5531698564593301,dong,4.0
A60782205,한진,동래구,수안동,666-1,부산광역시,26260,busan,부산,BUSAN,부산광역시,BUSAN_CORE,True,False,499.0,1996-09-20,30,342.0,0.685370741482966,3.0,7.0,23.0,2,35.2018228547911,129.080330624903,부산광역시 동래구 충렬대로200번길 25,True,0.04609218436873747,440000000.0,17144881.331916403,0.03529411764705892,,-0.03888888888888886,520000000.0,-0.15384615384615385,375000000.0,0.17333333333333334,2.0,True,1.0,0.7272727272727273,0.6666666666666666,0.631578947368421,0.7795853269537479,dong,2.0
A60782301,조성하이츠,동래구,수안동,32-3,부산광역시,26260,busan,부산,BUSAN,부산광역시,BUSAN_CORE,True,False,163.0,1998-05-13,28,128.0,0.7852760736196319,0.0,3.0,6.0,2,35.1967874391207,129.084021285497,부산광역시 동래구 온천천로 273,True,0.03680981595092025,,,,0.016393442622950838,,360000000.0,-0.13888888888888884,230000000.0,0.34782608695652173,1.0,True,0.36363636363636365,0.6363636363636364,,0.631578947368421,0.39473684210526316,dong,5.0
A60782402,금양해바라기1,동래구,수안동,665-3,부산광역시,26260,busan,부산,BUSAN,부산광역시,BUSAN_CORE,True,False,216.0,1979-06-22,47,185.0,0.8564814814814815,1.0,3.0,15.0,4,35.2007741697571,129.081222575291,부산광역시 동래구 충렬대로202번길 14,True,0.06944444444444445,,,,,0.01819848975188787,635000000.0,-0.2420944881889764,427000000.0,0.12709601873536291,0.0,True,0.7272727272727273,0.8181818181818182,,0.9605263157894737,0.6077153110047847,dong,3.0
A60782403,금양해바라기2,동래구,수안동,665-1,부산광역시,26260,busan,부산,BUSAN,부산광역시,BUSAN_CORE,True,False,228.0,1981-01-20,45,197.0,0.8640350877192983,2.0,5.0,25.0,4,35.2007741697571,129.081222575291,부산광역시 동래구 충렬대로202번길 14,True,0.10964912280701754,491000000.0,19071327.68361582,,,0.030971128608923815,510000000.0,-0.03725490196078429,442500000.0,0.1096045197740112,1.0,True,0.8181818181818182,0.9090909090909091,1.0,0.9605263157894737,0.9122607655502393,dong,1.0
A60782501,에스케이쁘띠메종,동래구,안락동,15-3,부산광역시,26260,busan,부산,BUSAN,부산광역시,BUSAN_CORE,True,False,346.0,2000-06-23,26,355.0,1.0260115606936415,2.0,5.0,15.0,2,35.198921678749,129.113693540349,부산광역시 동래구 삼어로 12,True,0.04335260115606936,325000000.0,12651881.561873304,-0.041297935103244865,0.005952380952380931,-0.004418262150220897,437000000.0,-0.25629290617848965,272000000.0,0.19485294117647056,3.0,False,0.5,0.8571428571428571,0.42857142857142855,0.48333333333333334,0.5867857142857142,dong,5.0
A60802001,대연힐스테이트푸르지오,남구,대연동,1858,부산광역시,26290,busan,부산,BUSAN,부산광역시,BUSAN_CORE,True,False,2304.0,2013-05-31,13,3236.0,1.4045138888888888,15.0,41.0,95.0,4,35.1398875289479,129.103520204194,부산광역시 남구 수영로 345,True,0.04123263888888889,1022500000.0,39891399.87087762,0.025576730190571606,0.0025062656641603454,0.098901098901099,1085000000.0,-0.06451612903225812,660000000.0,0.5378787878787878,24.0,False,0.96875,0.59375,1.0,0.935672514619883,0.8591008771929824,dong,3.0
A60804003,삼성,남구,문현동,395,부산광역시,26290,busan,부산,BUSAN,부산광역시,BUSAN_CORE,True,False,916.0,2001-05-18,25,1261.0,1.3766375545851528,8.0,15.0,26.0,4,35.1384099080591,129.069055005484,부산광역시 남구 전포대로20번길 15,True,0.028384279475982533,404500000.0,15731879.78786093,0.017610062893081757,-0.034545454545454546,0.051948051948051965,580000000.0,-0.2801724137931034,310000000.0,0.346774193548387,10.0,False,1.0,0.34782608695652173,0.6428571428571429,0.9596774193548387,0.709013724704468,dong,4.0
A60806001,우암중앙하이츠아파트,남구,우암동,101-1,부산광역시,26290,busan,부산,BUSAN,부산광역시,BUSAN_CORE,True,False,465.0,2004-12-10,21,454.0,0.9763440860215054,0.0,5.0,11.0,3,35.1267240387866,129.081954876069,부산광역시 남구 유엔로 46,True,0.023655913978494623,,,,-0.03979678238780693,-0.017094017094017144,350000000.0,-0.18571428571428572,256500000.0,0.11111111111111116,3.0,False,0.8888888888888888,0.6666666666666666,,0.75,0.5791666666666666,dong,3.0
A60809002,GS하이츠자이,남구,용호동,197,부산광역시,26290,busan,부산,BUSAN,부산광역시,BUSAN_CORE,True,False,1149.0,2008-04-03,18,2336.0,2.0330722367275893,5.0,15.0,46.0,2,35.1326695529587,129.10968594313,부산광역시 남구 신선로 566,True,0.04003481288076589,880000000.0,34204302.39241663,0.06828528072837625,0.007407407407407307,0.030487804878048808,985000000.0,-0.10659898477157359,580000000.0,0.5172413793103448,6.0,False,0.8181818181818182,0.9090909090909091,1.0,0.5131578947368421,0.8451555023923445,dong,3.0
A60809003,오륙도에스케이뷰,남구,용호동,944,부산광역시,26290,busan,부산,BUSAN,부산광역시,BUSAN_CORE,True,False,3000.0,2008-10-31,17,5755.0,1.9183333333333332,13.0,32.0,82.0,3,35.1021956998737,129.116762696896,부산광역시 남구 오륙도로 85,True,0.027333333333333334,425875000.0,16606883.042708041,-0.04297752808988764,0.02298850574712641,-0.06382978723404253,730000000.0,-0.44452054794520546,376000000.0,0.07845744680851063,13.0,False,0.9545454545454546,0.45454545454545453,0.6666666666666666,0.7828947368421053,0.7068281499202551,dong,4.0
A60809004,엘지메트로시티3,남구,용호동,176-30,부산광역시,26290,busan,부산,BUSAN,부산광역시,BUSAN_CORE,True,False,7374.0,2001-06-16,25,12467.0,1.6906699213452672,44.0,109.0,263.0,5,35.1272669147748,129.109040555258,부산광역시 남구 분포로 113,True,0.035665852997016544,509000000.0,19776348.77983231,-0.002938295788442735,-0.01065891472868219,0.04223918575063612,815000000.0,-0.36441717791411044,410000000.0,0.2634146341463415,46.0,False,1.0,0.7272727272727273,0.7777777777777778,0.993421052631579,0.8616394205209994,dong,2.0
A60871104,현대아이파크,남구,용당동,99-10,부산광역시,26290,busan,부산,BUSAN,부산광역시,BUSAN_CORE,True,False,748.0,2002-12-28,23,759.0,1.0147058823529411,4.0,6.0,18.0,4,35.1188530196986,129.099496778368,부산광역시 남구 동명로 26,True,0.02406417112299465,249000000.0,9671348.35097449,-0.0945454545454546,-0.096551724137931,0.0185185185185186,340000000.0,-0.26764705882352946,220000000.0,0.13181818181818183,2.0,True,1.0,0.75,0.6666666666666666,1.0,0.8416666666666666,dong,1.0
A60872101,시티프라자,남구,문현동,363-1,부산광역시,26290,busan,부산,BUSAN,부산광역시,BUSAN_CORE,True,False,521.0,1999-07-15,27,535.0,1.0268714011516316,4.0,11.0,25.0,6,35.1362909579584,129.070460615253,부산광역시 남구 수영로 26,True,0.04798464491362764,295000000.0,11464405.582052639,0.01724137931034475,0.0,0.08333333333333326,365000000.0,-0.1917808219178082,264000000.0,0.11742424242424243,2.0,True,0.6956521739130435,0.782608695652174,0.39285714285714285,1.0,0.6916925465838509,dong,5.0
A60875202,유창그린2차,남구,감만동,189-78,부산광역시,26290,busan,부산,BUSAN,부산광역시,BUSAN_CORE,True,False,365.0,2012-02-13,14,312.0,0.8547945205479452,0.0,2.0,7.0,5,35.1154385444699,129.087557054455,부산광역시 남구 양지골로 134,True,0.019178082191780823,,,,,-0.06666666666666665,262500000.0,-0.4666666666666667,120000000.0,0.16666666666666674,0.0,True,0.6666666666666666,0.5555555555555556,,0.9782608695652174,0.5134057971014492,dong,3.0
A60875303,현대2,남구,감만동,498-2,부산광역시,26290,busan,부산,BUSAN,부산광역시,BUSAN_CORE,True,False,288.0,1996-12-30,29,198.0,0.6875,1.0,4.0,6.0,3,35.1115211307082,129.082092386359,부산광역시 남구 신선로 165,True,0.020833333333333332,,,,,,262000000.0,-0.23664122137404575,200000000.0,0.0,2.0,True,0.5555555555555556,0.6666666666666666,,0.717391304347826,0.47427536231884054,dong,4.0
A60875305,감만현대1차,남구,감만동,225-2,부산광역시,26290,busan,부산,BUSAN,부산광역시,BUSAN_CORE,True,False,885.0,1996-05-01,30,561.0,0.6338983050847458,2.0,4.0,15.0,3,35.1116284133821,129.08278722916,부산광역시 남구 우암로2번길 5,True,0.01694915254237288,,,,,0.26865671641791056,265000000.0,-0.037735849056603765,201000000.0,0.26865671641791056,0.0,True,1.0,0.4444444444444444,,0.717391304347826,0.5409420289855073,dong,2.0
A60877106,뉴서울,남구,우암동,53-1,부산광역시,26290,busan,부산,BUSAN,부산광역시,BUSAN_CORE,True,False,429.0,1996-04-01,30,273.0,0.6363636363636364,2.0,6.0,9.0,2,35.1248893944206,129.079413370863,부산광역시 남구 유엔로 10,True,0.02097902097902098,240000000.0,9379441.023211747,-0.0606653620352251,-0.06509433962264155,-0.04485981308411213,321000000.0,-0.25233644859813087,202000000.0,0.18811881188118806,3.0,False,0.7777777777777778,0.5555555555555556,1.0,0.40625,0.7109375,dong,1.0
A60877107,일신보라,남구,우암동,120-100,부산광역시,26290,busan,부산,BUSAN,부산광역시,BUSAN_CORE,True,False,661.0,1998-09-11,28,671.0,1.0151285930408471,2.0,7.0,17.0,3,35.1260946044388,129.078925306101,부산광역시 남구 유엔로 15,True,0.025718608169440244,,,,-0.023809523809523836,-0.06320541760722342,298000000.0,-0.32885906040268453,130000000.0,0.5384615384615385,3.0,False,1.0,0.7777777777777778,,0.75,0.6458333333333333,dong,2.0
A60877302,자유1,남구,우암동,25,부산광역시,26290,busan,부산,BUSAN,부산광역시,BUSAN_CORE,True,False,299.0,1991-12-10,34,233.0,0.7792642140468228,1.0,4.0,8.0,2,35.1260434945939,129.081586989914,부산광역시 남구 우암로154번길 57,True,0.026755852842809364,,,,-0.045253863134657846,0.04618937644341803,267000000.0,-0.13857677902621723,191000000.0,0.20418848167539272,3.0,False,0.4444444444444444,0.8888888888888888,,0.40625,0.4609375,dong,4.0
A60880003,우암자유4,남구,감만동,46-1,부산광역시,26290,busan,부산,BUSAN,부산광역시,BUSAN_CORE,True,False,269.0,1994-10-11,31,200.0,0.7434944237918215,1.0,6.0,9.0,4,35.1222348052972,129.082149128341,부산광역시 남구 석포로 7,True,0.03345724907063197,280000000.0,10882110.469909316,,,0.018181818181818077,287000000.0,-0.024390243902439046,208000000.0,0.34615384615384626,1.0,True,0.4444444444444444,1.0,1.0,0.9130434782608695,0.8202898550724638,dong,1.0
A60880104,동일스위트,남구,감만동,73-212,부산광역시,26290,busan,부산,BUSAN,부산광역시,BUSAN_CORE,True,False,548.0,2005-10-18,20,509.0,0.9288321167883211,0.0,2.0,9.0,3,35.1191533416803,129.083251696487,부산광역시 남구 우암로104번길 29,True,0.016423357664233577,,,,,-0.3407079646017699,359000000.0,-0.38718662952646243,220000000.0,0.0,0.0,True,0.8888888888888888,0.3333333333333333,,0.717391304347826,0.47427536231884054,dong,5.0
A60883001,용당대광,남구,용당동,592-9,부산광역시,26290,busan,부산,BUSAN,부산광역시,BUSAN_CORE,True,False,178.0,1997-11-24,28,121.0,0.6797752808988764,1.0,3.0,4.0,3,35.1235681626877,129.095503923239,부산광역시 남구 유엔평화로126번길 19,True,0.02247191011235955,,,,,,,,,,,,0.25,0.5,,0.8333333333333334,0.35,dong,4.0
A60883002,한신문화타운,남구,용당동,564-3,부산광역시,26290,busan,부산,BUSAN,부산광역시,BUSAN_CORE,True,False,330.0,1990-10-16,35,364.0,1.103030303030303,1.0,2.0,5.0,2,35.122693172804,129.097210095627,부산광역시 남구 유엔평화로 152-2,True,0.015151515151515152,215000000.0,8350005.8844297975,0.004672897196261738,0.0943877551020409,-0.12473572938689215,266000000.0,-0.19172932330827064,183000000.0,0.17486338797814205,2.0,True,0.5,0.25,0.3333333333333333,0.4166666666666667,0.3708333333333333,dong,3.0
A60883003,신대연코오롱하늘채,남구,용당동,599-1,부산광역시,26290,busan,부산,BUSAN,부산광역시,BUSAN_CORE,True,False,712.0,2007-03-28,19,902.0,1.2668539325842696,5.0,11.0,23.0,2,35.1224968312942,129.093613634617,부산광역시 남구 홍곡로320번길 132,True,0.032303370786516857,305000000.0,11888899.913535275,-0.0757575757575758,-0.037878787878787845,-0.018587360594795488,440000000.0,-0.30681818181818177,268000000.0,0.13805970149253732,10.0,False,0.75,1.0,1.0,0.4166666666666667,0.8374999999999999,dong,2.0
A60931002,유림노르웨이아침,금정구,구서동,420-12,부산광역시,26410,busan,부산,BUSAN,부산광역시,BUSAN_CORE,True,False,297.0,2004-12-16,21,280.0,0.9427609427609428,2.0,2.0,10.0,4,35.2449047608091,129.092759502825,부산광역시 금정구 중앙대로 1799,True,0.03367003367003367,328000000.0,12853580.334877094,,0.13103448275862073,-0.008264462809917328,328000000.0,0.0,248000000.0,0.32258064516129026,1.0,True,0.52,0.72,0.6666666666666666,0.98,0.6856666666666666,dong,4.0
A60931207,구서동롯데캐슬골드2단지(1049),금정구,구서동,1049,부산광역시,26410,busan,부산,BUSAN,부산광역시,BUSAN_CORE,True,False,1926.0,2006-02-10,20,3410.0,1.7705088265835929,8.0,18.0,58.0,5,35.2527047089381,129.086499427303,부산광역시 금정구 금강로 503,True,0.030114226375908618,532000000.0,20658978.583196044,0.07312153303076152,0.06142131979695442,0.07942430703624725,673000000.0,-0.2213967310549777,395000000.0,0.3265822784810126,7.0,False,1.0,0.56,0.9166666666666666,1.0,0.8471666666666666,dong,3.0
A60932003,부곡동푸르지오,금정구,부곡동,268-2,부산광역시,26410,busan,부산,BUSAN,부산광역시,BUSAN_CORE,True,False,540.0,2007-08-16,19,942.0,1.7444444444444445,3.0,9.0,20.0,3,35.2297455147788,129.090585521926,부산광역시 금정구 중앙대로 1617-12,True,0.037037037037037035,437000000.0,17045839.350916892,0.016279069767441756,-0.017142857142857126,0.017595307917888547,597500000.0,-0.2384937238493724,365000000.0,0.24657534246575352,5.0,False,0.7307692307692307,0.7307692307692307,0.7692307692307693,0.8722222222222222,0.7616025641025641,dong,5.0
A60939002,장전동금정산SKVIEW,금정구,장전동,713,부산광역시,26410,busan,부산,BUSAN,부산광역시,BUSAN_CORE,True,False,1306.0,2010-08-27,16,2005.0,1.5352220520673814,5.0,17.0,45.0,4,35.2274003225827,129.079328508594,부산광역시 금정구 식물원로 64,True,0.03445635528330781,573500000.0,22266079.979293387,0.04225352112676051,-0.03802447552447552,0.051851851851851816,787000000.0,-0.3646759847522236,486500000.0,0.027749229188078095,6.0,False,0.875,0.4375,0.9,0.95,0.76125,dong,3.0
A60939003,벽산블루밍장전디자인시티1단지,금정구,장전동,718,부산광역시,26410,busan,부산,BUSAN,부산광역시,BUSAN_CORE,True,False,1539.0,2012-06-26,14,2138.0,1.3892137751786875,7.0,27.0,69.0,5,35.2302722053997,129.081911479919,부산광역시 금정구 금강로 225,True,0.04483430799220273,510000000.0,19802329.685845394,0.015936254980079667,0.022222222222222143,0.03950103950103956,700000000.0,-0.27142857142857146,430000000.0,0.18604651162790709,17.0,False,0.9375,0.75,0.7,0.9916666666666667,0.8299999999999998,dong,2.0
A60939005,금정산2차쌍용예가,금정구,장전동,739,부산광역시,26410,busan,부산,BUSAN,부산광역시,BUSAN_CORE,True,False,565.0,2014-05-27,12,627.0,1.1097345132743364,5.0,7.0,25.0,2,35.2404710497924,129.084218763949,부산광역시 금정구 수림로72번길 21,True,0.04424778761061947,548000000.0,21285622.140795328,-0.021428571428571463,0.026119402985074647,0.04347826086956519,705000000.0,-0.21985815602836878,478250000.0,0.1500261369576581,6.0,False,0.8125,0.6875,0.8,0.6416666666666667,0.7462499999999999,dong,4.0
A60940201,성지아파트,금정구,서동,622,부산광역시,26410,busan,부산,BUSAN,부산광역시,BUSAN_CORE,True,False,212.0,2004-12-10,21,217.0,1.0235849056603774,1.0,1.0,7.0,3,35.2127285975509,129.099616788652,부산광역시 금정구 명서로 94,True,0.0330188679245283,,,,,-0.09782608695652173,275000000.0,-0.21818181818181814,200000000.0,0.07499999999999996,0.0,True,0.25,1.0,,0.94,0.516,dong,3.0
A60970301,대우,금정구,부곡동,244-7,부산광역시,26410,busan,부산,BUSAN,부산광역시,BUSAN_CORE,True,False,1270.0,1999-07-14,27,1539.0,1.2118110236220472,3.0,13.0,33.0,5,35.2330659140749,129.08997847798,부산광역시 금정구 부산대학로 10,True,0.025984251968503937,456500000.0,17732179.226224445,0.035147392290249435,0.013574660633484115,0.005681818181818121,582000000.0,-0.21563573883161513,300000000.0,0.5216666666666667,7.0,False,0.9615384615384616,0.6153846153846154,0.8461538461538461,0.9944444444444445,0.8337820512820513,dong,2.0
A60971101,구서동롯데캐슬골드1단지(1051),금정구,구서동,1051,부산광역시,26410,busan,부산,BUSAN,부산광역시,BUSAN_CORE,True,False,1728.0,2006-02-10,20,2277.0,1.3177083333333333,4.0,24.0,71.0,4,35.2506948293087,129.088194708041,부산광역시 금정구 금강로 502,True,0.041087962962962965,523250000.0,20319192.751235582,0.016019417475728215,-0.00952380952380949,0.051567239635995854,730000000.0,-0.2842465753424658,412750000.0,0.2658994548758329,10.0,False,0.96,0.88,0.8333333333333334,0.98,0.9073333333333334,dong,1.0
A60975303,경남한신,금정구,부곡동,225-6,부산광역시,26410,busan,부산,BUSAN,부산광역시,BUSAN_CORE,True,False,1408.0,1995-03-30,31,1341.0,0.9524147727272727,7.0,30.0,57.0,4,35.236865898024,129.089689808643,부산광역시 금정구 중앙대로1685번길 24,True,0.040482954545454544,357000000.0,13868157.739846969,0.020000000000000018,-0.07339449541284404,-0.052023121387283267,535000000.0,-0.33271028037383177,330000000.0,0.08181818181818179,13.0,False,1.0,0.8461538461538461,0.46153846153846156,0.9611111111111111,0.813397435897436,dong,3.0
A60976404,럭키남산,금정구,남산동,115-30,부산광역시,26410,busan,부산,BUSAN,부산광역시,BUSAN_CORE,True,False,410.0,1991-08-02,35,348.0,0.848780487804878,0.0,2.0,6.0,2,35.2645426115052,129.086038264481,부산광역시 금정구 남산로37번길 52,True,0.014634146341463415,,,,-0.15555555555555556,0.07317073170731714,325000000.0,-0.41538461538461535,190000000.0,0.0,1.0,True,0.875,0.375,,0.6862745098039216,0.4779411764705882,dong,5.0
A60976902,경동,금정구,청룡동,350,부산광역시,26410,busan,부산,BUSAN,부산광역시,BUSAN_CORE,True,False,612.0,1997-10-25,28,685.0,1.119281045751634,1.0,6.0,12.0,3,35.2810265578512,129.086190756635,부산광역시 금정구 청룡예전로 74,True,0.0196078431372549,205000000.0,7994563.932876388,-0.0024330900243308973,-0.03755868544600938,-0.023809523809523836,319000000.0,-0.3573667711598746,200000000.0,0.02499999999999991,4.0,False,1.0,0.75,0.6666666666666666,0.9117647058823529,0.8284313725490194,dong,1.0
A60976903,청룡동협성엠파이어,금정구,청룡동,8-1,부산광역시,26410,busan,부산,BUSAN,부산광역시,BUSAN_CORE,True,False,299.0,2013-10-18,12,391.0,1.3076923076923077,1.0,1.0,5.0,2,35.2740052793085,129.09305577448,부산광역시 금정구 중앙대로 2120,True,0.016722408026755852,405000000.0,15724472.880137512,,-0.02644230769230771,0.03053435114503822,502500000.0,-0.19402985074626866,330000000.0,0.2272727272727273,1.0,True,0.75,0.5,1.0,0.75,0.7375,dong,2.0
A60981101,삼성,금정구,남산동,35-8,부산광역시,26410,busan,부산,BUSAN,부산광역시,BUSAN_CORE,True,False,180.0,1992-12-12,33,87.0,0.48333333333333334,3.0,7.0,12.0,1,35.2610050646642,129.093346566951,부산광역시 금정구 금단로 136,True,0.06666666666666667,,,,,,,,,,,,0.5,1.0,,0.2549019607843137,0.488235294117647,dong,4.0
A60981403,남산하이츠타운,금정구,남산동,61,부산광역시,26410,busan,부산,BUSAN,부산광역시,BUSAN_CORE,True,False,310.0,1997-07-21,29,246.0,0.7935483870967742,3.0,4.0,9.0,4,35.2619695043761,129.090421480691,부산광역시 금정구 중앙대로1985번길 32-6,True,0.02903225806451613,,,,,-0.04210526315789476,355000000.0,-0.21126760563380287,200000000.0,0.3999999999999999,0.0,True,0.75,0.625,,0.9950980392156863,0.5617647058823529,dong,1.0
A60983102,삼한여명,금정구,서동,228-1,부산광역시,26410,busan,부산,BUSAN,부산광역시,BUSAN_CORE,True,False,240.0,1997-08-30,29,178.0,0.7416666666666667,1.0,1.0,1.0,3,35.2128082979815,129.108958820566,부산광역시 금정구 중군진로 25,True,0.004166666666666667,210000000.0,8162544.169611307,,,0.07416879795396425,279000000.0,-0.24731182795698925,185000000.0,0.1351351351351351,1.0,True,0.5,0.25,1.0,0.94,0.616,dong,2.0
A60983104,서동현대,금정구,서동,255,부산광역시,26410,busan,부산,BUSAN,부산광역시,BUSAN_CORE,True,False,386.0,1989-03-14,37,306.0,0.7927461139896373,1.0,3.0,5.0,2,35.2114537182686,129.108238613901,부산광역시 금정구 옥봉로13번길 6,True,0.012953367875647668,,,,,,,,,,,,1.0,0.75,,0.68,0.6269999999999999,dong,1.0
A60983303,서동삼한-1,금정구,서동,304-151,부산광역시,26410,busan,부산,BUSAN,부산광역시,BUSAN_CORE,True,False,241.0,2003-03-26,23,189.0,0.7842323651452282,0.0,1.0,3.0,2,35.214535789406,129.097999015055,부산광역시 금정구 명서로 76,True,0.012448132780082987,,,,,,270000000.0,-0.08518518518518514,220000000.0,0.1227272727272728,0.0,True,0.75,0.5,,0.68,0.477,dong,4.0
A60984401,금정산경동메르빌아파트,금정구,청룡동,380-5,부산광역시,26410,busan,부산,BUSAN,부산광역시,BUSAN_CORE,True,False,158.0,2007-02-16,19,158.0,1.0,0.0,1.0,2.0,2,35.2795698854979,129.085316979108,부산광역시 금정구 청룡예전로 100-12,True,0.012658227848101266,,,,,,,,,,,,0.5,0.25,,0.75,0.33749999999999997,dong,4.0
A61176513,거제1차현대홈타운,연제구,거제동,1481,부산광역시,26470,busan,부산,BUSAN,부산광역시,BUSAN_CORE,True,False,1127.0,2001-07-28,25,1340.0,1.188997338065661,7.0,18.0,62.0,4,35.1924298960748,129.071121435861,부산광역시 연제구 법원북로 34,True,0.055013309671694766,665000000.0,25834329.91676096,-0.02564102564102566,-0.025454545454545507,0.1961301671064204,750000000.0,-0.10666666666666669,387000000.0,0.7312661498708011,9.0,False,0.926829268292683,0.8536585365853658,0.65,0.9506172839506173,0.8392389340560072,dong,4.0
A61176612,거제2차현대홈타운,연제구,거제동,1479,부산광역시,26470,busan,부산,BUSAN,부산광역시,BUSAN_CORE,True,False,1110.0,2002-05-27,24,1270.0,1.1441441441441442,3.0,18.0,62.0,3,35.1925483818455,129.068128525269,부산광역시 연제구 법원북로 16,True,0.055855855855855854,800000000.0,31162576.57849074,0.02564102564102555,0.05685618729096986,0.1729323308270676,869000000.0,-0.07940161104718069,449000000.0,0.7817371937639199,6.0,False,0.9024390243902439,0.8780487804878049,0.8,0.808641975308642,0.8554426377597109,dong,3.0
A61201007,롯데캐슬마린,해운대구,중동,1360,부산광역시,26350,busan,부산,BUSAN,부산광역시,BUSAN_CORE,True,False,792.0,2004-10-11,21,1026.0,1.2954545454545454,7.0,15.0,35.0,3,35.1659344817068,129.165077056801,부산광역시 해운대구 중동2로34번길 29,True,0.04419191919191919,760000000.0,29516230.396068268,0.01333333333333342,0.023890784982935065,0.14176245210727978,890000000.0,-0.1292134831460674,542500000.0,0.4285714285714286,11.0,False,0.896551724137931,0.7931034482758621,0.7692307692307693,0.875,0.8304542440318302,dong,2.0
A61202008,쌍용예가,남구,용호동,976,부산광역시,26290,busan,부산,BUSAN,부산광역시,BUSAN_CORE,True,False,773.0,2013-06-05,13,777.0,1.0051746442432083,7.0,20.0,27.0,3,35.1127684985524,129.109271458577,부산광역시 남구 용호로216번가길 10,True,0.03492884864165589,350000000.0,13609947.162767898,-0.07407407407407407,-0.09290953545232272,0.0026041666666667407,535000000.0,-0.3457943925233645,320000000.0,0.09375,4.0,False,0.7727272727272727,0.6363636363636364,0.5555555555555556,0.7828947368421053,0.6790503721424774,dong,5.0
A61202011,센텀두산위브,해운대구,우동,1105,부산광역시,26350,busan,부산,BUSAN,부산광역시,BUSAN_CORE,True,False,581.0,2014-11-14,11,735.0,1.2650602409638554,5.0,9.0,28.0,4,35.1747772240517,129.140586355823,부산광역시 해운대구 해운대로383번길 93,True,0.04819277108433735,740000000.0,28732128.612846725,-0.04884318766066842,0.030612244897959107,0.023890784982935065,1100000000.0,-0.3113636363636364,600000000.0,0.26249999999999996,8.0,False,0.7142857142857143,0.8979591836734694,0.6521739130434783,0.9701492537313433,0.7922393357083263,dong,4.0
A61203019,삼성,해운대구,좌동,1413,부산광역시,26350,busan,부산,BUSAN,부산광역시,BUSAN_CORE,True,False,728.0,1997-02-22,29,838.0,1.151098901098901,9.0,19.0,35.0,3,35.1790705362313,129.177334583601,부산광역시 해운대구 세실로 174,True,0.04807692307692308,610500000.0,23702880.13553579,0.005766062602965416,0.05017301038062283,0.08246013667425967,680000000.0,-0.13088235294117645,395000000.0,0.4962025316455696,5.0,False,0.48717948717948717,0.9230769230769231,0.7647058823529411,0.4146341463414634,0.6764485156163779,dong,5.0
A61203033,벽산2,해운대구,좌동,1439,부산광역시,26350,busan,부산,BUSAN,부산광역시,BUSAN_CORE,True,False,1070.0,1996-11-30,29,1152.0,1.0766355140186916,7.0,18.0,51.0,4,35.169571011314,129.185048776441,부산광역시 해운대구 좌동순환로299번길 11,True,0.04766355140186916,510000000.0,19802329.685845394,0.00990099009900991,-0.004901960784313708,0.030303030303030276,630000000.0,-0.19047619047619047,393000000.0,0.2977099236641221,5.0,False,0.8461538461538461,0.8974358974358975,0.29411764705882354,0.7560975609756098,0.7100209689879703,dong,3.0
A61203034,대동타운,해운대구,좌동,1288,부산광역시,26350,busan,부산,BUSAN,부산광역시,BUSAN_CORE,True,False,1240.0,1996-05-30,30,1312.0,1.0580645161290323,7.0,14.0,50.0,5,35.1765713115698,129.17149491438,부산광역시 해운대구 대천로103번길 29,True,0.04032258064516129,648000000.0,25193213.94910462,0.06930693069306937,0.09661016949152534,0.14161849710982666,732000000.0,-0.11475409836065575,378000000.0,0.7142857142857142,3.0,False,0.8717948717948718,0.6666666666666666,0.9117647058823529,0.9878048780487805,0.8376503697163669,dong,1.0
A61203037,대림,해운대구,좌동,1396,부산광역시,26350,busan,부산,BUSAN,부산광역시,BUSAN_CORE,True,False,1424.0,1996-12-13,29,1511.0,1.0610955056179776,4.0,16.0,38.0,4,35.1793143508119,129.174046968666,부산광역시 해운대구 대천로103번길 47,True,0.026685393258426966,630000000.0,24466307.34106903,-0.045454545454545414,0.13009198423127466,0.134020618556701,780000000.0,-0.1923076923076923,395500000.0,0.5929203539823009,2.0,True,0.9487179487179487,0.2564102564102564,0.8235294117647058,0.7560975609756098,0.6808354486259794,dong,4.0
A61203039,엘지,해운대구,좌동,1398,부산광역시,26350,busan,부산,BUSAN,부산광역시,BUSAN_CORE,True,False,1848.0,1996-10-29,29,1984.0,1.0735930735930737,5.0,14.0,46.0,5,35.1806671446303,129.173865905375,부산광역시 해운대구 대천로103번길 61,True,0.024891774891774892,648000000.0,25165640.85062314,0.11483870967741927,0.016000000000000014,0.11111111111111116,780000000.0,-0.16923076923076918,396500000.0,0.6343001261034047,4.0,False,1.0,0.1794871794871795,0.9117647058823529,0.9878048780487805,0.7299580620240591,dong,2.0
A61206118,메가센텀한화꿈에그린,해운대구,반여동,1662,부산광역시,26350,busan,부산,BUSAN,부산광역시,BUSAN_CORE,True,False,1564.0,2008-04-28,18,2595.0,1.6592071611253196,11.0,29.0,66.0,3,35.198078585653,129.122082174336,부산광역시 해운대구 반여로 67,True,0.04219948849104859,524750000.0,20376904.716082882,-0.02643784786641934,0.0,0.03401360544217691,707000000.0,-0.268033946251768,400000000.0,0.29374999999999996,15.0,False,0.967741935483871,0.8064516129032258,0.8666666666666667,0.6973684210526315,0.8535299943406904,dong,1.0
A61270515,센텀롯데캐슬아파트,해운대구,반여동,1619,부산광역시,26350,busan,부산,BUSAN,부산광역시,BUSAN_CORE,True,False,1198.0,2004-10-27,21,1255.0,1.0475792988313857,8.0,20.0,50.0,4,35.2048510083995,129.123877307552,부산광역시 해운대구 반여로 133,True,0.041736227045075125,417000000.0,16195127.692126632,0.0005998800239952473,0.012135922330097193,0.055696202531645644,620000000.0,-0.32741935483870965,262000000.0,0.5916030534351144,6.0,False,0.8709677419354839,0.7741935483870968,0.6666666666666666,0.9078947368421053,0.7963992642897566,dong,3.0
A61271204,더샵센텀파크1차,해운대구,재송동,1200,부산광역시,26350,busan,부산,BUSAN,부산광역시,BUSAN_CORE,True,False,2752.0,2005-10-26,20,4599.0,1.6711482558139534,9.0,36.0,99.0,3,35.1767570378219,129.123591937256,부산광역시 해운대구 센텀중앙로 145,True,0.03597383720930233,1202000000.0,46862975.16420056,0.027350427350427253,-0.018044481745698726,0.1049210770659239,1297000000.0,-0.04009252120277562,686500000.0,0.8135469774217043,16.0,False,1.0,0.7,1.0,0.8424657534246576,0.8863698630136987,dong,3.0
A61271302,더샵센텀파크2차,해운대구,재송동,1197,부산광역시,26350,busan,부산,BUSAN,부산광역시,BUSAN_CORE,True,False,998.0,2005-12-09,20,1411.0,1.4138276553106213,1.0,7.0,23.0,3,35.1795016077605,129.123276453416,부산광역시 해운대구 센텀중앙로 142,True,0.023046092184368736,1065000000.0,41523460.25290971,-0.022935779816513735,0.006960556844547661,0.14060446780551916,1127500000.0,-0.055432372505543226,600500000.0,0.7735220649458785,5.0,False,0.9333333333333333,0.36666666666666664,0.9333333333333333,0.8424657534246576,0.749703196347032,dong,4.0
A61271919,아시아선수촌아파트,해운대구,반여동,1638,부산광역시,26350,busan,부산,BUSAN,부산광역시,BUSAN_CORE,True,False,2290.0,2002-06-24,24,2919.0,1.2746724890829695,9.0,34.0,71.0,5,35.203871411036,129.121681336433,부산광역시 해운대구 선수촌로 122,True,0.031004366812227076,435000000.0,16928066.03773585,-0.06148867313915862,0.00928961748633883,-0.0010857763300760048,672500000.0,-0.35315985130111527,339000000.0,0.2831858407079646,15.0,False,1.0,0.5161290322580645,0.7333333333333333,0.9868421052631579,0.7861983588002264,dong,5.0
A61273104,남흥,해운대구,반송동,887,부산광역시,26350,busan,부산,BUSAN,부산광역시,BUSAN_CORE,True,False,450.0,1996-06-27,30,350.0,0.7777777777777778,3.0,5.0,14.0,2,35.2278142716289,129.162360328861,부산광역시 해운대구 신반송로 163,True,0.03111111111111111,195000000.0,7581291.23468426,0.04278074866310155,-0.08830548926014314,0.11428571428571432,235000000.0,-0.17021276595744683,150000000.0,0.30000000000000004,2.0,True,0.7272727272727273,0.9090909090909091,0.6666666666666666,0.6578947368421053,0.7562599681020733,dong,1.0
A61273306,벽산삼협,해운대구,반송동,892,부산광역시,26350,busan,부산,BUSAN,부산광역시,BUSAN_CORE,True,False,764.0,1997-05-30,29,477.0,0.6243455497382199,1.0,6.0,24.0,1,35.2267985284278,129.160664640772,부산광역시 해운대구 신반송로 29,True,0.031413612565445025,,,,,,,,,,,,0.9090909090909091,1.0,,0.2631578947368421,0.6122009569377991,dong,2.0
A61273507,삼한2,해운대구,반송동,872,부산광역시,26350,busan,부산,BUSAN,부산광역시,BUSAN_CORE,True,False,848.0,1997-11-24,28,796.0,0.9386792452830188,1.0,8.0,20.0,2,35.2302731002865,129.16288983153,부산광역시 해운대구 신반송로 102,True,0.02358490566037736,,,,,-0.04069767441860461,249000000.0,-0.17670682730923692,180000000.0,0.13888888888888884,3.0,False,1.0,0.5454545454545454,,0.6578947368421053,0.5623205741626794,dong,4.0
A61274013,해운대 I PARK,해운대구,우동,1408,부산광역시,26350,busan,부산,BUSAN,부산광역시,BUSAN_CORE,True,False,1631.0,2011-11-03,14,3351.0,2.05456774984672,3.0,20.0,59.0,3,35.157037795554,129.143328681551,부산광역시 해운대구 마린시티2로 38,True,0.036174126302881665,880000000.0,34982894.039415985,-0.022222222222222254,-0.09999999999999998,0.061046511627907085,1200000000.0,-0.2666666666666667,540000000.0,0.6296296296296295,3.0,False,0.9591836734693877,0.6530612244897959,0.782608695652174,0.8059701492537313,0.8002211656888581,dong,3.0
A61274114,경동,해운대구,우동,974,부산광역시,26350,busan,부산,BUSAN,부산광역시,BUSAN_CORE,True,False,892.0,1995-06-15,31,962.0,1.0784753363228698,8.0,15.0,40.0,3,35.1618278396226,129.142635887201,부산광역시 해운대구 해운대해변로 85,True,0.04484304932735426,732500000.0,28454973.51383166,-0.004755434782608647,0.061594202898550776,0.20718816067653267,930000000.0,-0.2123655913978495,513500000.0,0.4264849074975656,4.0,False,0.8571428571428571,0.8163265306122449,0.6086956521739131,0.8059701492537313,0.7751102517580686,dong,5.0
A61274508,동부올림픽타운,해운대구,우동,1008-5,부산광역시,26350,busan,부산,BUSAN,부산광역시,BUSAN_CORE,True,False,1680.0,1999-09-29,27,1922.0,1.144047619047619,9.0,29.0,67.0,3,35.1668836722389,129.139840566086,부산광역시 해운대구 해운대로 428,True,0.03988095238095238,882500000.0,34277895.48022599,-0.038147138964577665,-0.006514657980456029,0.11585365853658547,1050000000.0,-0.19047619047619047,529000000.0,0.6068052930056711,18.0,False,0.9795918367346939,0.7346938775510204,0.8260869565217391,0.8059701492537313,0.8417029758042087,dong,2.0
A61280401,이진,해운대구,반송동,260-6,부산광역시,26350,busan,부산,BUSAN,부산광역시,BUSAN_CORE,True,False,226.0,1998-12-31,27,183.0,0.8097345132743363,1.0,1.0,5.0,2,35.2271854932676,129.15021770284,부산광역시 해운대구 반송순환로 202,True,0.022123893805309734,243000000.0,9576068.784332458,,-0.028000000000000025,-0.02605210420841686,267000000.0,-0.0898876404494382,200000000.0,0.21500000000000008,1.0,True,0.2727272727272727,0.36363636363636365,1.0,0.6578947368421053,0.5395933014354067,dong,5.0
A61280805,삼한그린타운1,해운대구,반송동,888,부산광역시,26350,busan,부산,BUSAN,부산광역시,BUSAN_CORE,True,False,560.0,1995-01-24,31,481.0,0.8589285714285714,1.0,4.0,14.0,1,35.2283461910031,129.161246786733,부산광역시 해운대구 신반송로 171,True,0.025,185000000.0,7193354.542241074,-0.0026954177897574594,0.1212121212121211,-0.1333333333333333,236000000.0,-0.21610169491525422,150000000.0,0.2333333333333334,4.0,False,0.8181818181818182,0.7272727272727273,0.3333333333333333,0.2631578947368421,0.5864433811802233,dong,3.0
A61281512,센텀피오레1차,해운대구,재송동,1302,부산광역시,26350,busan,부산,BUSAN,부산광역시,BUSAN_CORE,True,False,774.0,2005-08-18,21,855.0,1.1046511627906976,5.0,18.0,49.0,2,35.1931877596434,129.115520380218,부산광역시 해운대구 수영강변대로 382,True,0.06330749354005168,531000000.0,20628739.20178563,0.055666003976143186,0.07165109034267902,0.0803278688524589,665000000.0,-0.1428571428571429,345000000.0,0.6521739130434783,13.0,False,0.8333333333333334,0.9,0.5333333333333333,0.5273972602739726,0.7324429223744292,dong,5.0
A61286403,센텀이편한세상,해운대구,재송동,939-2,부산광역시,26350,busan,부산,BUSAN,부산광역시,BUSAN_CORE,True,False,1190.0,2006-02-18,20,1316.0,1.1058823529411765,11.0,26.0,76.0,3,35.189401531384,129.117817187906,부산광역시 해운대구 해운대로76번길 55,True,0.06386554621848739,708500000.0,27545110.176390395,0.013953488372093092,-0.014456981664315971,0.06435643564356441,837500000.0,-0.1080597014925373,462500000.0,0.6151351351351351,17.0,False,0.9666666666666667,0.9333333333333333,0.8,0.8424657534246576,0.8963698630136987,dong,2.0
A61288603,해운대래미안,해운대구,중동,1793,부산광역시,26350,busan,부산,BUSAN,부산광역시,BUSAN_CORE,True,False,747.0,2014-05-27,12,1005.0,1.3453815261044177,5.0,11.0,31.0,4,35.1640129176826,129.176736798264,부산광역시 해운대구 좌동순환로 402,True,0.041499330655957165,813500000.0,31588775.80917887,-0.01987951807228916,0.020987654320987703,0.08233731739707828,1050000000.0,-0.23809523809523814,645000000.0,0.24031007751937983,9.0,False,0.8620689655172413,0.6551724137931034,0.8461538461538461,0.955,0.8099608753315649,dong,3.0
A61301003,삼익비치,수영구,남천동,148-4,부산광역시,26500,busan,부산,BUSAN,부산광역시,BUSAN_CORE,True,False,3060.0,1979-10-11,46,2644.0,0.8640522875816994,37.0,85.0,198.0,6,35.1437530945336,129.115366260127,부산광역시 수영구 광안해변로 100,True,0.06470588235294118,1135000000.0,44153011.90616527,-0.04421052631578948,-0.03361344537815125,0.04819819819819826,1600000000.0,-0.28125,880000000.0,0.3068181818181819,5.0,False,1.0,0.8571428571428571,0.8181818181818182,0.99,0.9101883116883117,dong,1.0
A61310007,쌍용예가디오션,수영구,광안동,1330,부산광역시,26500,busan,부산,BUSAN,부산광역시,BUSAN_CORE,True,False,928.0,2014-11-28,11,1129.0,1.2165948275862069,7.0,14.0,29.0,3,35.1560597268621,129.114667093976,부산광역시 수영구 광안로 20,True,0.03125,1046250000.0,40628652.17084026,0.0011961722488038617,-0.07111111111111112,0.042183622828784184,1300000000.0,-0.18846153846153846,670000000.0,0.5746268656716418,11.0,False,0.9047619047619048,0.42857142857142855,1.0,0.9032258064516129,0.7854838709677419,dong,4.0
A61313001,삼성,수영구,망미동,777,부산광역시,26500,busan,부산,BUSAN,부산광역시,BUSAN_CORE,True,False,672.0,1991-11-28,34,570.0,0.8482142857142857,0.0,3.0,15.0,3,35.1686144727757,129.100818604991,부산광역시 수영구 망미로30번길 23,True,0.022321428571428572,,,,-0.07063197026022305,-0.009242144177449174,453000000.0,-0.44812362030905073,229000000.0,0.09170305676855905,1.0,True,0.8333333333333334,0.4166666666666667,,0.8636363636363636,0.5045454545454545,dong,4.0
A61313002,더샵파크리치,수영구,망미동,693-1,부산광역시,26500,busan,부산,BUSAN,부산광역시,BUSAN_CORE,True,False,862.0,2007-09-05,19,1672.0,1.939675174013921,1.0,5.0,13.0,3,35.1736824174031,129.107339690735,부산광역시 수영구 연수로315번길 16,True,0.015081206496519721,,,,0.053497942386831365,0.05084745762711873,748000000.0,-0.14438502673796794,465000000.0,0.3763440860215055,3.0,False,0.9166666666666666,0.3333333333333333,,0.8636363636363636,0.5045454545454545,dong,5.0
A61313201,이편한세상1차,수영구,망미동,1154,부산광역시,26500,busan,부산,BUSAN,부산광역시,BUSAN_CORE,True,False,480.0,2004-06-24,22,482.0,1.0041666666666667,2.0,3.0,13.0,1,35.1793315555201,129.117663405744,부산광역시 수영구 좌수영로 176,True,0.027083333333333334,510000000.0,19814989.45673021,0.15909090909090917,0.2195121951219512,0.0021905805038335835,626500000.0,-0.20191540303272149,327500000.0,0.5267175572519085,3.0,False,0.5,0.5833333333333334,0.75,0.22727272727272727,0.546590909090909,dong,3.0
A61313202,이편한세상2차,수영구,망미동,1128,부산광역시,26500,busan,부산,BUSAN,부산광역시,BUSAN_CORE,True,False,486.0,2004-08-25,22,439.0,0.9032921810699589,4.0,11.0,29.0,2,35.1819093168633,129.116440491449,부산광역시 수영구 좌수영로 204,True,0.059670781893004114,407000000.0,15812524.282131882,0.03959131545338446,0.04358974358974366,0.0577181208053692,530000000.0,-0.23018867924528297,250000000.0,0.6319999999999999,6.0,False,0.5833333333333334,0.75,0.5,0.6022727272727273,0.6153409090909091,dong,2.0
A61375603,비치-그린아파트,수영구,광안동,529,부산광역시,26500,busan,부산,BUSAN,부산광역시,BUSAN_CORE,True,False,1038.0,1996-02-24,30,882.0,0.8497109826589595,3.0,11.0,36.0,2,35.163078915946,129.109265797747,부산광역시 수영구 광일로 49,True,0.03468208092485549,396500000.0,15411660.777385157,0.04342105263157903,-0.04582548650345264,0.04400000000000004,525000000.0,-0.21333333333333337,302000000.0,0.3675496688741722,3.0,False,1.0,0.5238095238095238,0.5,0.6827956989247311,0.6845622119815667,dong,5.0
A61375702,현대,수영구,수영동,541,부산광역시,26500,busan,부산,BUSAN,부산광역시,BUSAN_CORE,True,False,1180.0,1988-04-14,38,448.0,0.37966101694915255,3.0,5.0,21.0,5,35.1673047822004,129.122786494183,부산광역시 수영구 수영로741번길 20,True,0.017796610169491526,878000000.0,34406840.04275027,0.4756302521008404,-0.11158021712907118,0.00484848484848488,1237500000.0,-0.2905050505050505,595000000.0,0.4756302521008404,2.0,True,1.0,0.6666666666666666,1.0,1.0,0.9,dong,1.0
A61375703,수영강동원로얄듀크,수영구,수영동,552,부산광역시,26500,busan,부산,BUSAN,부산광역시,BUSAN_CORE,True,False,423.0,2014-02-14,12,485.0,1.1465721040189125,5.0,12.0,26.0,1,35.1722324996562,129.111749709703,부산광역시 수영구 수미로14번길 35,True,0.061465721040189124,569000000.0,22699954.650544994,0.020627802690583064,-0.011805859204197633,0.034545454545454435,697500000.0,-0.1698924731182796,410000000.0,0.41219512195121943,12.0,False,0.3333333333333333,1.0,0.5,0.29411764705882354,0.5691176470588234,dong,2.0
A61377105,센텀비치푸르지오,수영구,민락동,108-1,부산광역시,26500,busan,부산,BUSAN,부산광역시,BUSAN_CORE,True,False,1082.0,2003-08-18,23,1605.0,1.4833641404805915,1.0,10.0,41.0,4,35.1599390788056,129.131496560451,부산광역시 수영구 광안해변로 418,True,0.03789279112754159,535000000.0,20799952.87464656,-0.044642857142857095,-0.017660044150110354,0.011261261261261257,757500000.0,-0.29372937293729373,399000000.0,0.3408521303258145,7.0,False,1.0,0.3076923076923077,0.5,0.9772727272727273,0.6638986013986014,dong,5.0
A61377106,부산더샵센텀포레,수영구,민락동,765,부산광역시,26500,busan,부산,BUSAN,부산광역시,BUSAN_CORE,True,False,1006.0,2014-07-31,12,1319.0,1.3111332007952285,2.0,18.0,49.0,4,35.1665033337236,129.122162524106,부산광역시 수영구 수영로 776,True,0.048707753479125246,972500000.0,37793712.48807369,0.12427745664739875,0.05050505050505061,0.0818350898946063,1090000000.0,-0.16055045871559637,625000000.0,0.46399999999999997,8.0,False,0.8461538461538461,0.7692307692307693,0.875,0.9772727272727273,0.8499562937062938,dong,1.0
A61380903,협성엠파이어106동,수영구,광안동,735-1,부산광역시,26500,busan,부산,BUSAN,부산광역시,BUSAN_CORE,True,False,369.0,2005-04-29,21,403.0,1.0921409214092141,3.0,7.0,15.0,4,35.1583053997881,129.110834220008,부산광역시 수영구 장대골로19번길 20,True,0.04065040650406504,570500000.0,22152211.51470225,-0.03140916808149408,0.014341590612777066,0.04289544235924936,795000000.0,-0.2616352201257862,453000000.0,0.29580573951434874,7.0,False,0.7619047619047619,0.7142857142857143,0.7857142857142857,0.9758064516129032,0.7856566820276497,dong,3.0
A61381903,뉴비치,수영구,남천동,556-3,부산광역시,26500,busan,부산,BUSAN,부산광역시,BUSAN_CORE,True,False,990.0,1986-05-28,40,887.0,0.895959595959596,2.0,7.0,39.0,5,35.1384626993821,129.110007910423,부산광역시 수영구 광안해변로15번길 68,True,0.03939393939393939,935000000.0,36317090.39548022,,0.04352678571428581,0.08137432188065108,1100000000.0,-0.15000000000000002,695000000.0,0.3453237410071943,1.0,True,0.9285714285714286,0.42857142857142855,0.6363636363636364,0.96,0.7102337662337662,dong,5.0
A61383101,수영협성르네상스타운,수영구,수영동,432-1,부산광역시,26500,busan,부산,BUSAN,부산광역시,BUSAN_CORE,True,False,684.0,2004-07-23,22,908.0,1.327485380116959,1.0,3.0,8.0,3,35.1711046086256,129.120999627385,부산광역시 수영구 수영로741번길 46,True,0.011695906432748537,,,,0.01379310344827589,0.11450381679389321,889000000.0,-0.17322834645669294,420000000.0,0.75,1.0,True,0.6666666666666666,0.3333333333333333,,0.9117647058823529,0.43676470588235294,dong,3.0
A61401301,가야케이티이편한세상,부산진구,가야동,698,부산광역시,26230,busan,부산,BUSAN,부산광역시,BUSAN_CORE,True,False,299.0,2006-09-28,20,505.0,1.6889632107023411,1.0,2.0,5.0,3,35.1546474591687,129.033762382888,부산광역시 부산진구 가야대로 569,True,0.016722408026755852,480000000.0,18639109.653034855,,-0.018404907975460127,-0.030303030303030276,515000000.0,-0.06796116504854366,385000000.0,0.24675324675324672,1.0,True,0.375,0.4583333333333333,0.6666666666666666,0.7894736842105263,0.5350877192982456,dong,5.0
A61403001,더샵센트럴스타,부산진구,부전동,537-9,부산광역시,26230,busan,부산,BUSAN,부산광역시,BUSAN_CORE,True,False,1360.0,2011-06-17,15,3287.0,2.4169117647058824,4.0,15.0,39.0,2,35.1518342155363,129.060292382158,부산광역시 부산진구 중앙대로666번길 50,True,0.028676470588235293,,,,,,,,,,,,1.0,0.3333333333333333,,0.7631578947368421,0.5144736842105263,dong,4.0
A61404006,서면한신,부산진구,전포동,33-9,부산광역시,26230,busan,부산,BUSAN,부산광역시,BUSAN_CORE,True,False,705.0,1997-09-13,29,695.0,0.9858156028368794,4.0,14.0,32.0,3,35.1628234273282,129.066855757132,부산광역시 부산진구 전포대로 294,True,0.04539007092198582,420000000.0,16309719.93410214,0.050000000000000044,0.004790419161676551,0.10394736842105257,520000000.0,-0.14423076923076927,300000000.0,0.4833333333333334,8.0,False,0.8,0.75,0.7272727272727273,0.8943661971830986,0.7809731113956465,dong,4.0
A61404007,서면롯데캐슬스카이,부산진구,전포동,587,부산광역시,26230,busan,부산,BUSAN,부산광역시,BUSAN_CORE,True,False,1395.0,2004-12-18,21,1319.0,0.9455197132616487,8.0,27.0,61.0,7,35.1619537729916,129.064739441542,부산광역시 부산진구 전포대로275번길 20,True,0.04372759856630824,612500000.0,23830802.18871991,-0.03543307086614178,0.03765690376569042,0.023569023569023573,725000000.0,-0.1448275862068965,443500000.0,0.39797068771138666,5.0,False,0.9,0.7,0.8181818181818182,1.0,0.8345454545454546,dong,3.0
A61409005,부산서면동문굿모닝힐,부산진구,부암동,735,부산광역시,26230,busan,부산,BUSAN,부산광역시,BUSAN_CORE,True,False,559.0,2011-09-27,15,916.0,1.6386404293381038,4.0,9.0,28.0,4,35.1617307022418,129.053101832092,부산광역시 부산진구 신천대로220번길 65,True,0.05008944543828265,431000000.0,16748270.7701873,0.11948051948051952,0.001179245283018826,0.04492307692307684,495000000.0,-0.11616161616161613,351000000.0,0.24643874643874653,4.0,False,0.6666666666666666,0.7037037037037037,0.6666666666666666,0.9565217391304348,0.721256038647343,dong,5.0
A61473002,네오스포,부산진구,부전동,450,부산광역시,26230,busan,부산,BUSAN,부산광역시,BUSAN_CORE,True,False,782.0,1999-12-09,26,782.0,1.0,5.0,15.0,33.0,4,35.15362555977,129.054047151528,부산광역시 부산진구 신천대로 122,True,0.04219948849104859,226750000.0,8840155.945419103,-0.010905125408942173,0.09014423076923084,0.006818181818181834,300000000.0,-0.2466666666666667,180000000.0,0.25555555555555554,10.0,False,0.8333333333333334,1.0,0.5,0.9605263157894737,0.8190789473684211,dong,1.0
A61475403,현대1차,부산진구,양정동,458-5,부산광역시,26230,busan,부산,BUSAN,부산광역시,BUSAN_CORE,True,False,1733.0,1997-11-15,28,1390.0,0.8020773225620311,5.0,30.0,84.0,4,35.1742119686713,129.063037802602,부산광역시 부산진구 동평로 352,True,0.048470859780727064,360000000.0,13978115.072361454,-0.013698630136986356,0.012569832402234526,0.06840148698884763,569000000.0,-0.36731107205623903,272000000.0,0.32352941176470584,10.0,False,0.8333333333333334,0.5833333333333334,0.42857142857142855,0.9313725490196079,0.6718487394957984,dong,4.0
A61476002,경남,부산진구,범천동,944-1,부산광역시,26230,busan,부산,BUSAN,부산광역시,BUSAN_CORE,True,False,950.0,2003-05-13,23,965.0,1.0157894736842106,3.0,10.0,29.0,3,35.1459261803379,129.056671283896,부산광역시 부산진구 신암로 32,True,0.030526315789473683,340000000.0,13209713.02428256,,0.08800000000000008,0.08064516129032251,405000000.0,-0.16049382716049387,238000000.0,0.4285714285714286,1.0,True,0.9523809523809523,0.5714285714285714,0.14285714285714285,0.8095238095238095,0.6142857142857142,dong,5.0
A61477105,개금아이파크,부산진구,개금동,618-2,부산광역시,26230,busan,부산,BUSAN,부산광역시,BUSAN_CORE,True,False,1424.0,2002-06-28,24,1673.0,1.1748595505617978,10.0,24.0,47.0,5,35.1474573442981,129.019633646689,부산광역시 부산진구 복지로 70,True,0.03300561797752809,297500000.0,11551358.983409813,0.011045029736618472,0.02586206896551735,0.02327586206896548,380000000.0,-0.2210526315789474,250000000.0,0.18399999999999994,9.0,False,0.9090909090909091,0.6363636363636364,0.7272727272727273,0.9920634920634921,0.7942640692640693,dong,2.0
A61477304,서면세종그랑시아,부산진구,전포동,880-1,부산광역시,26230,busan,부산,BUSAN,부산광역시,BUSAN_CORE,True,False,290.0,2009-10-19,16,412.0,1.4206896551724137,6.0,8.0,15.0,2,35.1518183481782,129.064203905912,부산광역시 부산진구 전포대로171번길 12,True,0.05172413793103448,386750000.0,15067307.425980024,0.09716312056737597,0.06178977272727271,-0.013513513513513487,455000000.0,-0.14065934065934071,295000000.0,0.3254237288135593,8.0,False,0.5,0.8,0.5454545454545454,0.6901408450704225,0.6298847631241997,dong,5.0
A61477806,국제백양,부산진구,당감동,791,부산광역시,26230,busan,부산,BUSAN,부산광역시,BUSAN_CORE,True,False,1153.0,1995-01-21,31,837.0,0.7259323503902863,4.0,17.0,29.0,3,35.1680304177471,129.029180210707,부산광역시 부산진구 백양관문로 104,True,0.02515177797051171,158500000.0,6154796.575765599,-0.039393939393939426,0.025316455696202445,-0.030303030303030276,216500000.0,-0.2517321016166282,135000000.0,0.19999999999999996,14.0,False,0.9375,0.4375,0.42857142857142855,0.6714285714285714,0.6203571428571428,dong,5.0
A61478703,한신타워,부산진구,연지동,322,부산광역시,26230,busan,부산,BUSAN,부산광역시,BUSAN_CORE,True,False,350.0,1994-01-14,32,339.0,0.9685714285714285,3.0,5.0,16.0,3,35.176247842543,129.052748020157,부산광역시 부산진구 성지로61번길 30,True,0.045714285714285714,240000000.0,9394426.753886305,0.008403361344537785,0.009544008483563182,-0.04800000000000004,300000000.0,-0.23333333333333328,200000000.0,0.1499999999999999,4.0,False,0.5,0.7142857142857143,0.2857142857142857,0.7096774193548387,0.5421658986175115,dong,3.0
A61478901,연지자이2차,부산진구,연지동,406,부산광역시,26230,busan,부산,BUSAN,부산광역시,BUSAN_CORE,True,False,1011.0,2011-12-02,14,1282.0,1.268051434223541,7.0,30.0,62.0,5,35.1738340168288,129.048361881117,부산광역시 부산진구 초연로 11,True,0.06132542037586548,490000000.0,19041114.440983735,0.03157894736842115,0.047826086956521685,0.04444444444444451,640000000.0,-0.234375,399000000.0,0.22807017543859653,14.0,False,0.9285714285714286,0.9285714285714286,0.8571428571428571,0.967741935483871,0.9165898617511521,dong,2.0
A61479104,현대2차,부산진구,양정동,458-20,부산광역시,26230,busan,부산,BUSAN,부산광역시,BUSAN_CORE,True,False,1901.0,1998-07-15,28,1982.0,1.0426091530773278,8.0,36.0,81.0,3,35.1707552940831,129.066457433194,부산광역시 부산진구 거제대로 37,True,0.042609153077327724,392500000.0,15240028.238616308,-0.006329113924050667,0.09116022099447507,0.0681658468025299,560000000.0,-0.3125,282500000.0,0.36283185840707954,16.0,False,0.9166666666666666,0.5,0.5714285714285714,0.803921568627451,0.6884453781512605,dong,3.0
A61479502,반도보라빌,부산진구,가야동,588,부산광역시,26230,busan,부산,BUSAN,부산광역시,BUSAN_CORE,True,False,1048.0,2005-02-02,21,1309.0,1.2490458015267176,6.0,15.0,38.0,4,35.1505026878858,129.032373713462,부산광역시 부산진구 가야공원로 41,True,0.03625954198473282,415000000.0,16138383.545565743,0.023427866831072786,-0.031063321385902065,-0.01571946795646917,545000000.0,-0.3027522935779816,350000000.0,0.08571428571428563,8.0,False,0.9166666666666666,0.6666666666666666,0.3333333333333333,0.9736842105263158,0.7043859649122808,dong,2.0
A61479503,가야동원로얄듀크,부산진구,가야동,128-1,부산광역시,26230,busan,부산,BUSAN,부산광역시,BUSAN_CORE,True,False,304.0,2013-05-01,13,305.0,1.0032894736842106,2.0,3.0,12.0,4,35.1540473007319,129.030183984771,부산광역시 부산진구 가야대로 531,True,0.039473684210526314,430000000.0,16696297.987148909,,0.031175059952038398,0.03292682926829271,518000000.0,-0.16988416988416988,360000000.0,0.19444444444444442,1.0,True,0.5833333333333334,0.75,0.5,0.9736842105263158,0.6710526315789473,dong,3.0
A61479605,동일스위트,부산진구,당감동,807-4,부산광역시,26230,busan,부산,BUSAN,부산광역시,BUSAN_CORE,True,False,1090.0,2005-03-28,21,1265.0,1.1605504587155964,5.0,12.0,32.0,4,35.1671767965506,129.025974675989,부산광역시 부산진구 백양관문로 115,True,0.029357798165137616,247500000.0,9886688.607910365,-0.02941176470588236,0.0658307210031348,-0.014778325123152691,360000000.0,-0.29166666666666663,227500000.0,0.1208791208791209,8.0,False,0.8125,0.5625,0.5714285714285714,0.8857142857142857,0.6882142857142857,dong,3.0
A61479902,대원칸타빌멤버스,부산진구,양정동,525,부산광역시,26230,busan,부산,BUSAN,부산광역시,BUSAN_CORE,True,False,840.0,2006-08-29,20,1213.0,1.444047619047619,4.0,10.0,27.0,3,35.1715683917271,129.068601210916,부산광역시 부산진구 거제대로 26,True,0.03214285714285714,441250000.0,17162836.227830976,-0.0028248587570621764,0.0034110289937463456,0.03157894736842115,552500000.0,-0.2036199095022625,330000000.0,0.33333333333333326,7.0,False,0.6666666666666666,0.3333333333333333,0.7142857142857143,0.803921568627451,0.5991596638655462,dong,5.0
A61480908,동원화인패밀리,부산진구,개금동,1-12,부산광역시,26230,busan,부산,BUSAN,부산광역시,BUSAN_CORE,True,False,894.0,1995-10-24,30,955.0,1.0682326621923937,4.0,13.0,29.0,3,35.1639281330622,129.02850740693,부산광역시 부산진구 백양관문로77번길 55,True,0.03243847874720358,182000000.0,7067545.304777594,-0.024128686327077764,-0.03448275862068961,-0.018617021276595702,256000000.0,-0.287109375,170800000.0,0.06850117096018726,9.0,False,0.8181818181818182,0.5909090909090909,0.5454545454545454,0.8650793650793651,0.6888528138528138,dong,5.0
A61481111,엘지신개금(2-1),부산진구,개금동,455,부산광역시,26230,busan,부산,BUSAN,부산광역시,BUSAN_CORE,True,False,2510.0,1998-11-02,27,2681.0,1.0681274900398405,12.0,23.0,58.0,4,35.1550481097082,129.019243033247,부산광역시 부산진구 백양대로300번길 20,True,0.023107569721115537,346375000.0,13449082.244969996,0.006904069767441845,-0.008645533141210415,0.042424242424242475,497000000.0,-0.3083501006036218,284000000.0,0.210387323943662,8.0,False,0.9545454545454546,0.3181818181818182,0.8181818181818182,0.9444444444444444,0.728030303030303,dong,4.0
A61482303,백양푸른채,부산진구,당감동,794,부산광역시,26230,busan,부산,BUSAN,부산광역시,BUSAN_CORE,True,False,1116.0,1999-11-27,26,735.0,0.6586021505376344,6.0,13.0,42.0,3,35.1720654213412,129.027516045706,부산광역시 부산진구 백양산로53번길 62,True,0.03763440860215054,,,,,,280000000.0,0.0,237500000.0,0.17894736842105252,0.0,True,0.875,0.875,,0.6714285714285714,0.6257142857142857,dong,4.0
A61483202,서면이-편한세상,부산진구,범천동,1054,부산광역시,26230,busan,부산,BUSAN,부산광역시,BUSAN_CORE,True,False,623.0,2006-12-27,19,961.0,1.5425361155698234,4.0,8.0,26.0,3,35.1564058760801,129.048580378752,부산광역시 부산진구 가야대로 702,True,0.04173354735152488,487000000.0,18930771.97880581,0.06798245614035081,-0.006521739130434745,-0.03953914637339617,606500000.0,-0.15910964550700746,350000000.0,0.4571428571428571,6.0,False,0.8571428571428571,0.7142857142857143,0.8571428571428571,0.8095238095238095,0.8071428571428572,dong,3.0
A61484701,한솔폴라리스,부산진구,부전동,505-6,부산광역시,26230,busan,부산,BUSAN,부산광역시,BUSAN_CORE,True,False,358.0,2005-05-20,21,217.0,0.6061452513966481,5.0,8.0,14.0,3,35.157122313948,129.053894882017,부산광역시 부산진구 가야대로 754,True,0.03910614525139665,,,,,,,,,,,,0.5,0.8333333333333334,,0.8947368421052632,0.5342105263157895,dong,3.0
A61485904,청구,부산진구,연지동,1,부산광역시,26230,busan,부산,BUSAN,부산광역시,BUSAN_CORE,True,False,451.0,2000-07-19,26,528.0,1.170731707317073,4.0,7.0,16.0,3,35.1757799714938,129.056326765076,부산광역시 부산진구 성지로62번길 10,True,0.03547671840354767,265000000.0,10289445.817154959,,-0.11073825503355705,-0.02510822510822508,370000000.0,-0.28378378378378377,229000000.0,0.1572052401746724,1.0,True,0.5714285714285714,0.5,0.42857142857142855,0.7096774193548387,0.5350230414746544,dong,4.0
A61486005,연지자이,부산진구,연지동,403,부산광역시,26230,busan,부산,BUSAN,부산광역시,BUSAN_CORE,True,False,547.0,2007-12-18,18,686.0,1.2541133455210238,2.0,5.0,15.0,3,35.1704728032631,129.048429217295,부산광역시 부산진구 동평로183번길 67,True,0.027422303473491772,398000000.0,15470256.212131206,-0.12334801762114533,0.06499999999999995,-0.021531100478468845,578000000.0,-0.31141868512110726,315000000.0,0.26349206349206344,3.0,False,0.6428571428571429,0.2857142857142857,0.5714285714285714,0.7096774193548387,0.5278801843317973,dong,5.0
A61487305,한신,부산진구,초읍동,365,부산광역시,26230,busan,부산,BUSAN,부산광역시,BUSAN_CORE,True,False,318.0,1996-04-06,30,305.0,0.9591194968553459,1.0,2.0,4.0,5,35.1833210213112,129.052117295756,부산광역시 부산진구 월드컵대로 449,True,0.012578616352201259,,,,0.0852713178294573,-0.055102040816326525,260000000.0,-0.05769230769230771,200000000.0,0.2250000000000001,1.0,True,0.7,0.3,,1.0,0.44999999999999996,dong,5.0
A61487402,우신그린피아,부산진구,초읍동,505,부산광역시,26230,busan,부산,BUSAN,부산광역시,BUSAN_CORE,True,False,190.0,2000-04-26,26,193.0,1.0157894736842106,1.0,2.0,7.0,2,35.181160034603,129.055167019818,부산광역시 부산진구 성지로114번길 68,True,0.03684210526315789,153000000.0,5950500.883912787,-0.043749999999999956,,-0.06845238095238093,220000000.0,-0.30454545454545456,153000000.0,0.0,2.0,True,0.4,0.8,0.25,0.6951219512195121,0.5267682926829268,dong,3.0
A61487406,초읍대우,부산진구,초읍동,508,부산광역시,26230,busan,부산,BUSAN,부산광역시,BUSAN_CORE,True,False,363.0,2000-12-19,25,394.0,1.0853994490358128,4.0,9.0,13.0,3,35.1813986875358,129.058708686117,부산광역시 부산진구 성지로94번길 85,True,0.03581267217630854,220000000.0,8544996.586709352,0.030444964871194413,-0.009009009009009028,0.027906976744185963,235000000.0,-0.06382978723404253,190000000.0,0.1578947368421053,3.0,False,0.8,0.7,0.5,0.926829268292683,0.7140243902439024,dong,2.0
A61609002,구포동원로얄듀크비스타,북구,구포동,1296,부산광역시,26320,busan,부산,BUSAN,부산광역시,BUSAN_CORE,True,False,1079.0,2014-07-17,12,1274.0,1.180722891566265,5.0,21.0,40.0,3,35.208073180857,128.99889746397,부산광역시 북구 낙동대로1738번길 10,True,0.03707136237256719,444000000.0,17240304.09392506,-0.019867549668874163,0.015695067264573925,0.01797752808988773,597000000.0,-0.27470686767169183,340000000.0,0.2735294117647058,11.0,False,0.9090909090909091,0.7272727272727273,1.0,0.8442622950819673,0.8675484351713859,dong,1.0
A61609206,유림노르웨이숲,북구,구포동,1293,부산광역시,26320,busan,부산,BUSAN,부산광역시,BUSAN_CORE,True,False,1176.0,2005-06-15,21,1223.0,1.0399659863945578,8.0,23.0,45.0,4,35.1962431039498,129.002991484837,부산광역시 북구 낙동북로 737,True,0.03826530612244898,238250000.0,9258975.751016606,0.11592505854800939,-0.1216216216216216,-0.07999999999999996,267000000.0,-0.1460674157303371,182000000.0,0.25274725274725274,4.0,False,0.9545454545454546,0.7727272727272727,0.6363636363636364,0.9508196721311475,0.8198956780923994,dong,3.0
A61610003,롯데,북구,덕천동,132-65,부산광역시,26320,busan,부산,BUSAN,부산광역시,BUSAN_CORE,True,False,705.0,2004-12-06,21,712.0,1.0099290780141843,1.0,13.0,29.0,3,35.2095334334768,129.021080144507,부산광역시 북구 함박봉로 26,True,0.04113475177304964,223000000.0,8683144.858313352,0.11499999999999999,0.02499999999999991,-0.05437352245862881,320000000.0,-0.303125,188000000.0,0.18617021276595747,11.0,False,0.7857142857142857,0.7857142857142857,0.2857142857142857,0.8888888888888888,0.6761904761904761,dong,4.0
A61612017,대림쌍용강변타운,북구,화명동,2306,부산광역시,26320,busan,부산,BUSAN,부산광역시,BUSAN_CORE,True,False,1895.0,2004-08-04,22,2252.0,1.1883905013192613,11.0,34.0,86.0,3,35.2264392828181,129.00705947304,부산광역시 북구 화명신도시로 39,True,0.04538258575197889,530000000.0,20589795.17915802,-0.007025761124121788,0.03112840466926059,0.06656504065040658,615000000.0,-0.1382113821138211,373750000.0,0.41806020066889626,10.0,False,0.896551724137931,0.6896551724137931,0.6875,0.6578947368421053,0.746421279491833,dong,4.0
A61612018,롯데낙천대,북구,화명동,2264,부산광역시,26320,busan,부산,BUSAN,부산광역시,BUSAN_CORE,True,False,1950.0,2002-10-29,23,2266.0,1.162051282051282,10.0,30.0,75.0,4,35.2374576879253,129.011867869707,부산광역시 북구 화명신도시로 156,True,0.038461538461538464,538000000.0,20943977.161462322,-0.06434782608695655,0.03738317757009346,0.06536585365853664,655000000.0,-0.19389312977099238,364500000.0,0.44855967078189307,9.0,False,0.9310344827586207,0.5172413793103449,0.8125,0.8421052631578947,0.7639235480943738,dong,3.0
A61670501,덕천삼정그린코아,북구,덕천동,373-1,부산광역시,26320,busan,부산,BUSAN,부산광역시,BUSAN_CORE,True,False,560.0,2007-12-24,18,660.0,1.1785714285714286,2.0,6.0,14.0,5,35.2140284510103,129.02011285035,부산광역시 북구 만덕대로155번길 15,True,0.025,357000000.0,13964172.72855502,0.05934718100890213,-0.021156558533145242,0.02463768115942022,465000000.0,-0.23225806451612907,295000000.0,0.21016949152542375,2.0,True,0.6428571428571429,0.5714285714285714,0.7142857142857143,0.9814814814814815,0.6900793650793651,dong,3.0
A61673103,쌍용스윗닷홈,북구,만덕동,953,부산광역시,26320,busan,부산,BUSAN,부산광역시,BUSAN_CORE,True,False,600.0,2005-06-29,21,658.0,1.0966666666666667,4.0,8.0,16.0,3,35.2124756476365,129.030737502154,부산광역시 북구 만덕3로 49,True,0.02666666666666667,317500000.0,12328269.065134207,0.10627177700348422,-0.025000000000000022,-0.045786841092728015,397000000.0,-0.2002518891687658,255000000.0,0.2450980392156863,3.0,False,0.5625,0.4583333333333333,0.8,0.6428571428571429,0.6026785714285714,dong,4.0
A61673308,화명롯데캐슬카이저,북구,화명동,2324,부산광역시,26320,busan,부산,BUSAN,부산광역시,BUSAN_CORE,True,False,5239.0,2012-06-27,14,9063.0,1.7299102882229433,22.0,64.0,141.0,5,35.2263603201003,129.012210130511,부산광역시 북구 금곡대로 166,True,0.026913533117007064,679250000.0,26442432.464315206,0.011541325390915791,0.006746626686656709,0.015151515151515138,785000000.0,-0.12038216560509551,512000000.0,0.3486328125,18.0,False,1.0,0.2413793103448276,1.0,0.9736842105263158,0.7684664246823956,dong,2.0
A61673902,율리역벽산블루밍1단지,북구,금곡동,1915,부산광역시,26320,busan,부산,BUSAN,부산광역시,BUSAN_CORE,True,False,589.0,2014-03-29,12,652.0,1.1069609507640068,2.0,4.0,18.0,2,35.2489684522194,129.014089697572,부산광역시 북구 효열로 1,True,0.030560271646859084,380000000.0,14755197.853789404,0.0453920220082531,-0.0326797385620915,0.031207598371777445,542500000.0,-0.3179723502304147,336000000.0,0.10119047619047628,4.0,False,0.5882352941176471,0.5294117647058824,0.875,0.5277777777777778,0.6332107843137256,dong,5.0
A61674912,화명뜨란채,북구,금곡동,1895,부산광역시,26320,busan,부산,BUSAN,부산광역시,BUSAN_CORE,True,False,981.0,2004-07-02,22,865.0,0.8817533129459735,9.0,27.0,56.0,3,35.242884949859,129.010879993085,부산광역시 북구 화명신도시로 219,True,0.05708460754332314,345000000.0,13444733.112895604,-0.028169014084507005,0.03857566765578646,-0.025423728813559365,430000000.0,-0.19767441860465118,310000000.0,0.11290322580645151,3.0,False,0.8235294117647058,1.0,0.6875,0.8888888888888888,0.852267156862745,dong,1.0
A61677013,화명한일유앤아이,북구,금곡동,1898,부산광역시,26320,busan,부산,BUSAN,부산광역시,BUSAN_CORE,True,False,1026.0,2002-02-08,24,1038.0,1.0116959064327486,5.0,14.0,43.0,2,35.2425002245561,129.012496205717,부산광역시 북구 화명신도시로 194,True,0.04191033138401559,326500000.0,12903592.814371258,0.029968454258675115,-0.12380952380952381,-0.018387553041018356,450000000.0,-0.2644444444444445,278000000.0,0.19064748201438841,9.0,False,0.8823529411764706,0.8823529411764706,0.5,0.5277777777777778,0.7335784313725491,dong,3.0
A61680705,삼정그린코아,북구,구포동,1095-2,부산광역시,26320,busan,부산,BUSAN,부산광역시,BUSAN_CORE,True,False,668.0,1999-01-15,27,668.0,1.0,5.0,13.0,26.0,4,35.1955122900511,128.995071289777,부산광역시 북구 백양대로1016번길 10,True,0.038922155688622756,305000000.0,11874705.049551673,0.021775544388609624,0.009933774834437026,0.16730769230769238,410000000.0,-0.25609756097560976,245000000.0,0.24489795918367352,4.0,False,0.8181818181818182,0.8181818181818182,0.9090909090909091,0.9508196721311475,0.8608047690014903,dong,2.0
A61680707,구포현대,북구,구포동,1103-2,부산광역시,26320,busan,부산,BUSAN,부산광역시,BUSAN_CORE,True,False,1741.0,1994-02-28,32,918.0,0.527283170591614,9.0,25.0,50.0,3,35.1955368874101,128.993534496345,부산광역시 북구 백양대로 1003,True,0.02871912693854107,210000000.0,8178921.27935796,-0.13043478260869568,-0.029336078229541984,-0.004166666666666652,368000000.0,-0.42934782608695654,184500000.0,0.1382113821138211,7.0,False,1.0,0.5909090909090909,0.5454545454545454,0.8442622950819673,0.7402757078986587,dong,4.0
A61681904,대방,북구,덕천동,388-1,부산광역시,26320,busan,부산,BUSAN,부산광역시,BUSAN_CORE,True,False,280.0,1993-12-28,32,239.0,0.8535714285714285,3.0,6.0,11.0,4,35.2115938954906,129.015002865562,부산광역시 북구 만덕대로90번길 13,True,0.039285714285714285,225000000.0,8757961.783439491,,-0.06639004149377592,-0.10251450676982587,275000000.0,-0.18181818181818177,200000000.0,0.125,1.0,True,0.42857142857142855,0.7142857142857143,0.42857142857142855,0.9629629629629629,0.5944444444444444,dong,5.0
A61701002,한일유엔아이,사상구,주례동,239,부산광역시,26530,busan,부산,BUSAN,부산광역시,BUSAN_CORE,True,False,988.0,2005-02-03,21,1346.0,1.3623481781376519,6.0,14.0,29.0,3,35.1546524398987,129.010150704999,부산광역시 사상구 백양대로 372-15,True,0.029352226720647773,290000000.0,11344238.975817923,0.1611611611611612,-0.05550500454959051,-0.10034013605442171,360500000.0,-0.19556171983356452,240000000.0,0.20833333333333326,5.0,False,0.8636363636363636,0.8181818181818182,0.7142857142857143,0.7317073170731707,0.7928729806778587,dong,2.0
A61704002,덕포동벽산블루밍,사상구,덕포동,386-3,부산광역시,26530,busan,부산,BUSAN,부산광역시,BUSAN_CORE,True,False,350.0,2006-01-18,20,358.0,1.022857142857143,2.0,6.0,12.0,2,35.1753871522419,128.987235551857,부산광역시 사상구 사상로342번길 39,True,0.03428571428571429,297500000.0,11555937.928619318,-0.07608695652173914,-0.08419497784342689,-0.041916167664670656,390000000.0,-0.23076923076923073,270000000.0,0.11111111111111116,4.0,False,0.3076923076923077,0.8461538461538461,0.75,0.3888888888888889,0.5919871794871795,dong,3.0
A61775901,한신,사상구,괘법동,516-1,부산광역시,26530,busan,부산,BUSAN,부산광역시,BUSAN_CORE,True,False,434.0,1994-12-14,31,361.0,0.8317972350230415,4.0,4.0,9.0,3,35.1679519256883,128.980954474456,부산광역시 사상구 낙동대로1210번길 53,True,0.020737327188940093,312500000.0,12134494.322527504,,0.1837121212121211,0.055860805860805884,360000000.0,-0.13194444444444442,235000000.0,0.32978723404255317,1.0,True,0.7,0.3,0.6666666666666666,0.9387755102040817,0.6074829931972789,dong,2.0
A61776003,괘법한신2,사상구,괘법동,516-3,부산광역시,26530,busan,부산,BUSAN,부산광역시,BUSAN_CORE,True,False,1094.0,1998-07-13,28,1096.0,1.0018281535648994,2.0,10.0,35.0,4,35.1679724796601,128.978429393566,부산광역시 사상구 낙동대로1210번길 33,True,0.031992687385740404,,,,0.09558291093410576,0.045553145336225676,408000000.0,-0.031862745098039214,270000000.0,0.462962962962963,3.0,False,1.0,0.4,,1.0,0.57,dong,3.0
A61776104,반도보라,사상구,주례동,10-21,부산광역시,26530,busan,부산,BUSAN,부산광역시,BUSAN_CORE,True,False,1206.0,1996-09-25,30,1133.0,0.939469320066335,7.0,18.0,37.0,4,35.1550766261996,129.013063989359,부산광역시 사상구 백양대로 372-22,True,0.03067993366500829,173000000.0,6717260.854218144,-0.19158878504672894,0.030487804878048808,-0.017605633802816878,285000000.0,-0.3929824561403509,173000000.0,0.0,9.0,False,0.9545454545454546,0.8636363636363636,0.14285714285714285,0.926829268292683,0.7201932214127336,dong,3.0
A61776508,엄궁대림,사상구,엄궁동,669-2,부산광역시,26530,busan,부산,BUSAN,부산광역시,BUSAN_CORE,True,False,741.0,1999-08-14,27,748.0,1.00944669365722,0.0,3.0,15.0,3,35.1295673473089,128.97684813444,부산광역시 사상구 엄궁로 158,True,0.020242914979757085,,,,,-0.04435483870967738,294000000.0,-0.19047619047619047,202500000.0,0.1753086419753087,0.0,True,0.75,0.5833333333333334,,0.75,0.5125,dong,5.0
A61776509,롯데캐슬,사상구,엄궁동,726,부산광역시,26530,busan,부산,BUSAN,부산광역시,BUSAN_CORE,True,False,1852.0,2010-05-27,16,2675.0,1.4443844492440605,3.0,11.0,34.0,5,35.1277999596243,128.974847188702,부산광역시 사상구 엄궁북로 62,True,0.0183585313174946,317500000.0,12329292.040704716,-0.12534435261707988,-0.03202846975088969,-0.07202680067001677,460000000.0,-0.30434782608695654,287750000.0,0.11207645525629895,4.0,False,1.0,0.4166666666666667,1.0,1.0,0.8250000000000001,dong,1.0
A61776710,엄궁2차한신,사상구,엄궁동,683-3,부산광역시,26530,busan,부산,BUSAN,부산광역시,BUSAN_CORE,True,False,1016.0,1999-08-31,27,1064.0,1.047244094488189,7.0,14.0,33.0,4,35.1245195206599,128.96924125613,부산광역시 사상구 엄궁로 40,True,0.03248031496062992,212500000.0,8259717.314487632,,-0.0957446808510638,0.07798165137614688,284000000.0,-0.13732394366197187,180000000.0,0.36111111111111116,2.0,True,0.8333333333333334,1.0,0.4,0.9166666666666666,0.7875,dong,2.0
A61776811,코오롱,사상구,엄궁동,680-1,부산광역시,26530,busan,부산,BUSAN,부산광역시,BUSAN_CORE,True,False,1158.0,1999-06-24,27,1167.0,1.0077720207253886,3.0,11.0,26.0,4,35.1260767796699,128.978290411866,부산광역시 사상구 엄궁로 142,True,0.022452504317789293,235000000.0,9139658.220388923,0.021739130434782705,-0.07920792079207917,-0.04233870967741937,290000000.0,-0.18965517241379315,203250000.0,0.15621156211562126,3.0,False,0.9166666666666666,0.6666666666666666,0.6,0.9166666666666666,0.7625,dong,3.0
A61777010,학장무학,사상구,학장동,820-1,부산광역시,26530,busan,부산,BUSAN,부산광역시,BUSAN_CORE,True,False,893.0,1997-07-03,29,676.0,0.7569988801791714,5.0,5.0,13.0,2,35.1362175376004,128.977029451148,부산광역시 사상구 대동로 84,True,0.014557670772676373,250000000.0,9716170.062419033,,0.1049723756906078,-0.06999999999999995,304000000.0,-0.17763157894736847,220000000.0,0.13636363636363646,1.0,True,0.8125,0.3125,1.0,0.5,0.6625,dong,3.0
A61777312,반도보라타운,사상구,학장동,573-1,부산광역시,26530,busan,부산,BUSAN,부산광역시,BUSAN_CORE,True,False,998.0,1994-08-29,32,945.0,0.9468937875751503,8.0,18.0,25.0,3,35.137291276807,128.979171839774,부산광역시 사상구 대동로 98,True,0.025050100200400802,177500000.0,6899293.286219081,-0.17441860465116277,-0.005319148936170248,-0.08200734394124842,250000000.0,-0.352,150000000.0,0.08000000000000007,10.0,False,0.875,0.75,0.6666666666666666,0.775,0.7704166666666666,dong,2.0
A61777409,학장대림,사상구,학장동,167-3,부산광역시,26530,busan,부산,BUSAN,부산광역시,BUSAN_CORE,True,False,825.0,1991-07-13,35,698.0,0.8460606060606061,5.0,6.0,13.0,3,35.1353202094785,128.992240607716,부산광역시 사상구 학감대로49번길 62,True,0.01575757575757576,145000000.0,5630074.126367808,,0.036454610436025714,0.07407407407407418,195000000.0,-0.2564102564102564,113000000.0,0.2831858407079646,1.0,True,0.75,0.4375,0.3333333333333333,0.775,0.5558333333333333,dong,5.0
A61777902,덕포청구,사상구,덕포동,58,부산광역시,26530,busan,부산,BUSAN,부산광역시,BUSAN_CORE,True,False,432.0,2001-01-20,25,479.0,1.1087962962962963,1.0,2.0,7.0,4,35.1697209363564,128.990412125946,부산광역시 사상구 백양대로700번길 23,True,0.016203703703703703,,,,,0.05263157894736836,290000000.0,-0.1724137931034483,190000000.0,0.26315789473684204,0.0,True,0.6923076923076923,0.38461538461538464,,0.8611111111111112,0.4522435897435897,dong,5.0
A61777903,덕포경동메르빌,사상구,덕포동,793,부산광역시,26530,busan,부산,BUSAN,부산광역시,BUSAN_CORE,True,False,517.0,2013-06-25,13,577.0,1.11605415860735,1.0,11.0,19.0,2,35.1709535797598,128.990175265967,부산광역시 사상구 덕상로 8-37,True,0.0367504835589942,265000000.0,10618585.74280316,-0.016697588126159513,-0.011029411764705843,0.011257035647279645,325000000.0,-0.18461538461538463,240000000.0,0.10416666666666674,4.0,False,0.8461538461538461,0.9230769230769231,0.5,0.3888888888888889,0.7141025641025641,dong,2.0
A61778201,동양한신,사상구,삼락동,418-8,부산광역시,26530,busan,부산,BUSAN,부산광역시,BUSAN_CORE,True,False,431.0,1995-03-25,31,288.0,0.6682134570765661,1.0,5.0,8.0,4,35.1695341741381,128.980069554123,부산광역시 사상구 운산로 25,True,0.018561484918793503,,,,,-0.048979591836734726,329000000.0,-0.29179331306990886,233000000.0,0.0,1.0,True,1.0,1.0,,1.0,0.75,dong,1.0
A61778507,쌍용스윗닷홈,사상구,엄궁동,680-2,부산광역시,26530,busan,부산,BUSAN,부산광역시,BUSAN_CORE,True,False,607.0,2005-11-24,20,615.0,1.013179571663921,3.0,4.0,12.0,3,35.1250308671541,128.976622970664,부산광역시 사상구 엄궁로 100,True,0.019769357495881382,272500000.0,10583906.812187294,,-0.09166666666666667,-0.029661016949152574,385000000.0,-0.29220779220779225,240000000.0,0.13541666666666674,2.0,True,0.6666666666666666,0.5,0.8,0.75,0.6625000000000001,dong,4.0
A61780802,사상강변동원,사상구,괘법동,519-1,부산광역시,26530,busan,부산,BUSAN,부산광역시,BUSAN_CORE,True,False,600.0,1999-12-03,26,617.0,1.0283333333333333,2.0,8.0,23.0,3,35.1666822659555,128.978103908759,부산광역시 사상구 낙동대로1210번길 34,True,0.03833333333333333,,,,0.18674698795180733,0.10880000000000001,400000000.0,-0.22499999999999998,285000000.0,0.08771929824561409,3.0,False,0.8,0.5,,0.9387755102040817,0.5308163265306123,dong,4.0
A61781005,자유,사상구,덕포동,761-1,부산광역시,26530,busan,부산,BUSAN,부산광역시,BUSAN_CORE,True,False,780.0,1989-07-20,37,382.0,0.4897435897435897,0.0,7.0,15.0,6,35.1800236911017,128.988750208023,부산광역시 사상구 백양대로 820,True,0.019230769230769232,,,,,0.17582417582417587,215000000.0,-0.0046511627906976605,134000000.0,0.5970149253731343,1.0,True,0.9230769230769231,0.5384615384615384,,1.0,0.5884615384615385,dong,4.0
A61781804,삼정그린코아,사상구,모라동,334,부산광역시,26530,busan,부산,BUSAN,부산광역시,BUSAN_CORE,True,False,438.0,1993-04-12,33,280.0,0.639269406392694,4.0,5.0,9.0,3,35.1888962384488,128.992911504029,부산광역시 사상구 백양대로934번길 20,True,0.02054794520547945,171000000.0,6639604.659371691,,0.06875000000000009,-0.053254437869822535,217000000.0,-0.14746543778801846,145000000.0,0.27586206896551735,3.0,False,0.5625,0.5625,0.5,0.8703703703703703,0.5930555555555554,dong,5.0
A61781805,모라벽산,사상구,모라동,203,부산광역시,26530,busan,부산,BUSAN,부산광역시,BUSAN_CORE,True,False,780.0,2001-09-15,25,797.0,1.0217948717948717,5.0,7.0,15.0,3,35.1916790424881,128.994105140325,부산광역시 사상구 백양대로934번길 84,True,0.019230769230769232,216250000.0,8405477.03180212,-0.010297482837528626,-0.006818181818181834,0.08944099378881987,260000000.0,-0.1942307692307692,185000000.0,0.1324324324324324,4.0,False,0.6875,0.375,0.75,0.8703703703703703,0.6368055555555555,dong,2.0
A61781807,모라동원타운,사상구,모라동,1361,부산광역시,26530,busan,부산,BUSAN,부산광역시,BUSAN_CORE,True,False,1110.0,1989-07-31,37,620.0,0.5585585585585585,2.0,12.0,29.0,3,35.1840225616711,128.989928866593,부산광역시 사상구 백양대로 879,True,0.026126126126126126,,,,0.03882476390346268,0.2350000000000001,305000000.0,-0.1885245901639344,177500000.0,0.3943661971830985,3.0,False,0.9375,0.625,,0.8703703703703703,0.5993055555555555,dong,4.0
A61781808,우신모라,사상구,모라동,1362,부산광역시,26530,busan,부산,BUSAN,부산광역시,BUSAN_CORE,True,False,1620.0,1992-06-16,34,866.0,0.5345679012345679,6.0,15.0,43.0,3,35.1831129739702,128.991284797338,부산광역시 사상구 백양대로 880,True,0.02654320987654321,,,,,,,,,,,,1.0,0.6875,,0.8703703703703703,0.6368055555555555,dong,3.0
A61783607,주례1차동일,사상구,주례동,939,부산광역시,26530,busan,부산,BUSAN,부산광역시,BUSAN_CORE,True,False,498.0,1998-12-05,27,536.0,1.0763052208835342,1.0,5.0,11.0,5,35.1539143027077,128.999419415161,부산광역시 사상구 백양대로494번길 10,True,0.02208835341365462,210000000.0,8156779.661016949,,-0.21714818266542402,-0.005893909626719096,300000000.0,-0.30000000000000004,210000000.0,0.0,1.0,True,0.5909090909090909,0.6363636363636364,0.35714285714285715,1.0,0.6074675324675325,dong,5.0
A61784101,구덕극동,사상구,학장동,173-16,부산광역시,26530,busan,부산,BUSAN,부산광역시,BUSAN_CORE,True,False,274.0,1996-08-28,30,141.0,0.5145985401459854,2.0,4.0,9.0,3,35.1386601407187,128.993419177982,부산광역시 사상구 학감대로 62,True,0.032846715328467155,155000000.0,6023316.062176166,0.26530612244897966,-0.08450704225352113,-0.07999999999999996,176000000.0,-0.11931818181818177,115000000.0,0.34782608695652173,3.0,False,0.1875,0.9375,0.5,0.775,0.57875,dong,4.0
A61784208,신구덕우성,사상구,학장동,571-3,부산광역시,26530,busan,부산,BUSAN,부산광역시,BUSAN_CORE,True,False,763.0,2000-09-04,26,769.0,1.0078636959370904,2.0,5.0,15.0,5,35.1400838571199,128.986955453872,부산광역시 사상구 학감대로 109-16,True,0.019659239842726082,245000000.0,9515122.984582793,-0.04296875,0.04615384615384621,0.05371900826446274,284000000.0,-0.13732394366197187,210000000.0,0.16666666666666674,3.0,False,0.6875,0.6875,0.8333333333333334,1.0,0.7708333333333334,dong,1.0
A61823002,지사금강펜테리움,강서구,지사동,1184-1,부산광역시,26440,busan,부산,BUSAN,부산광역시,BUSAN_CORE,True,False,1111.0,2013-11-19,12,1117.0,1.0054005400540054,3.0,27.0,53.0,1,35.1508946511378,128.838986989043,부산광역시 강서구 과학산단2로20번길 69,True,0.04770477047704771,,,,,,,,,,,,0.75,0.75,,0.375,0.50625,dong,2.0
A61829001,부산신호윌더하임,강서구,신호동,205-1,부산광역시,26440,busan,부산,BUSAN,부산광역시,BUSAN_CORE,True,False,671.0,2005-11-07,20,863.0,1.286140089418778,3.0,7.0,27.0,3,35.0885594778617,128.878041264508,부산광역시 강서구 신호삼로 55,True,0.040238450074515646,222500000.0,8638438.551495329,0.059523809523809534,0.01449275362318847,-0.05227272727272725,275000000.0,-0.12727272727272732,170000000.0,0.41176470588235303,3.0,False,0.3333333333333333,1.0,1.0,1.0,0.7999999999999999,dong,1.0
A61872201,부산신호사랑으로부영1차,강서구,신호동,296-1,부산광역시,26440,busan,부산,BUSAN,부산광역시,BUSAN_CORE,True,False,1064.0,2013-12-31,12,1077.0,1.012218045112782,1.0,1.0,2.0,1,35.088453806298,128.873729281805,부산광역시 강서구 신호삼로 27,True,0.0018796992481203006,,,,,,,,,,,,0.6666666666666666,0.3333333333333333,,0.5,0.375,dong,3.0
A61872202,부산신호사랑으로부영2차,강서구,신호동,298-1,부산광역시,26440,busan,부산,BUSAN,부산광역시,BUSAN_CORE,True,False,1388.0,2014-06-26,12,1633.0,1.1765129682997117,0.0,1.0,4.0,1,35.0871199542696,128.873657869992,부산광역시 강서구 신호사로 27,True,0.002881844380403458,,,,,,,,,,,,1.0,0.6666666666666666,,0.5,0.575,dong,2.0
A61970112,현대,기장군,기장읍청강리,18-2,부산광역시,26710,busan,부산,BUSAN,부산광역시,BUSAN_GIJANG,True,False,930.0,1993-08-23,33,510.0,0.5483870967741935,3.0,8.0,22.0,2,35.245345416724,129.220416678578,부산광역시 기장군 기장대로 563,True,0.023655913978494623,310000000.0,12092198.581560284,0.2770339855818744,-0.10042918454935623,-0.07154742096505828,434000000.0,-0.2857142857142857,200000000.0,0.55,4.0,False,1.0,0.4,1.0,0.7,0.7749999999999999,dong,1.0
A61970210,우신네오빌,기장군,기장읍청강리,144,부산광역시,26710,busan,부산,BUSAN,부산광역시,BUSAN_GIJANG,True,False,524.0,2003-05-19,23,522.0,0.9961832061068703,0.0,3.0,13.0,4,35.2384340051543,129.223042066895,부산광역시 기장군 청강로 76,True,0.02480916030534351,,,,-0.05555555555555558,-0.011235955056179803,295000000.0,-0.27118644067796616,194500000.0,0.1053984575835476,2.0,True,0.6,0.6,,1.0,0.51,dong,3.0
A61970311,서부주공,기장군,기장읍서부리,101,부산광역시,26710,busan,부산,BUSAN,부산광역시,BUSAN_GIJANG,True,False,702.0,2001-05-30,25,604.0,0.8603988603988604,5.0,9.0,19.0,2,35.244691959165,129.209469631691,부산광역시 기장군 차성서로 123,True,0.027065527065527065,,,,,,,,,,,,1.0,0.5,,0.8,0.57,dong,2.0
A61987102,고촌센트럴아파트,기장군,철마면고촌리,684,부산광역시,26710,busan,부산,BUSAN,부산광역시,BUSAN_GIJANG,True,False,474.0,2014-01-03,12,524.0,1.1054852320675106,3.0,4.0,11.0,1,35.2371621692343,129.169975016589,부산광역시 기장군 고촌로 11,True,0.023206751054852322,293250000.0,11394716.958526162,-0.022499999999999964,-0.06542056074766356,-0.0317700453857791,457500000.0,-0.3005464480874317,210000000.0,0.5238095238095237,4.0,False,1.0,1.0,1.0,0.5,0.9249999999999999,dong,1.0
A61990105,문화그린맨션,기장군,기장읍교리,65,부산광역시,26710,busan,부산,BUSAN,부산광역시,BUSAN_GIJANG,True,False,299.0,1993-05-13,33,205.0,0.68561872909699,0.0,2.0,8.0,2,35.2560719877201,129.21504411452,부산광역시 기장군 차성로417번길 21,True,0.026755852842809364,,,,-0.19650655021834063,-0.06906906906906907,211000000.0,-0.35545023696682465,120000000.0,0.1333333333333333,2.0,True,0.6666666666666666,0.5,,0.5294117647058824,0.4294117647058823,dong,3.0
A61990106,태영,기장군,기장읍교리,14-5,부산광역시,26710,busan,부산,BUSAN,부산광역시,BUSAN_GIJANG,True,False,454.0,1995-11-30,30,231.0,0.5088105726872246,1.0,5.0,12.0,2,35.2553883195552,129.218175685905,부산광역시 기장군 차성로441번길 7,True,0.02643171806167401,,,,,-0.20833333333333337,260000000.0,-0.23076923076923073,162000000.0,0.23456790123456783,2.0,True,0.8333333333333334,0.3333333333333333,,0.5294117647058824,0.4294117647058823,dong,4.0
A61990107,동부산동원로얄듀크,기장군,기장읍내리,776,부산광역시,26710,busan,부산,BUSAN,부산광역시,BUSAN_GIJANG,True,False,284.0,2009-11-25,16,319.0,1.1232394366197183,1.0,3.0,7.0,1,35.2039681340411,129.205777133518,부산광역시 기장군 기장대로 67,True,0.02464788732394366,300000000.0,11727078.891257994,-0.024390243902439046,-0.07692307692307687,-0.13043478260869568,530000000.0,-0.4339622641509434,275000000.0,0.09090909090909083,3.0,False,0.5,0.5,0.5,0.5,0.5,dong,2.0
A61990108,이진캐스빌블루1차,기장군,기장읍교리,2,부산광역시,26710,busan,부산,BUSAN,부산광역시,BUSAN_GIJANG,True,False,620.0,2011-03-24,15,785.0,1.2661290322580645,7.0,14.0,30.0,4,35.257149709614,129.218781350427,부산광역시 기장군 차성로 461,True,0.04838709677419355,342500000.0,13310916.77376121,-0.015804597701149392,0.0028818443804035088,-0.0028694404591105283,475000000.0,-0.25684210526315787,285000000.0,0.23859649122807025,10.0,False,1.0,0.8333333333333334,1.0,1.0,0.9500000000000001,dong,1.0
A61990109,이진캐스빌블루2차,기장군,기장읍교리,367-1,부산광역시,26710,busan,부산,BUSAN,부산광역시,BUSAN_GIJANG,True,False,194.0,2011-09-05,15,219.0,1.1288659793814433,5.0,8.0,12.0,2,35.2553740718734,129.219222573882,부산광역시 기장군 차성로 452,True,0.061855670103092786,,,,,,430000000.0,-0.27441860465116275,285000000.0,0.09473684210526323,0.0,True,0.5,1.0,,0.5294117647058824,0.5294117647058822,dong,2.0
A61990110,이지더원,기장군,정관읍모전리,723,부산광역시,26710,busan,부산,BUSAN,부산광역시,BUSAN_GIJANG,True,False,978.0,2011-12-01,14,1098.0,1.1226993865030674,5.0,16.0,42.0,2,35.339608265985,129.163228660489,부산광역시 기장군 정관1로 18,True,0.04294478527607362,237500000.0,9244427.983694423,0.04395604395604402,-0.006382978723404209,-0.01673640167364021,330000000.0,-0.2787878787878788,197500000.0,0.2050632911392405,9.0,False,0.5714285714285714,1.0,0.2,0.35714285714285715,0.5750000000000001,dong,4.0
A61990301,씨엘늘채움,기장군,기장읍대라리,925,부산광역시,26710,busan,부산,BUSAN,부산광역시,BUSAN_GIJANG,True,False,158.0,2007-03-15,19,158.0,1.0,1.0,1.0,4.0,3,35.2410879441712,129.208659193949,부산광역시 기장군 차성남로 8-18,True,0.02531645569620253,210000000.0,8169530.1282368675,,-0.0561797752808989,-0.03835464146748191,264000000.0,-0.20454545454545459,202900000.0,0.034992607195662995,1.0,True,0.25,0.5,0.8,0.9453125,0.566796875,dong,2.0
A61990302,금강궁전,기장군,기장읍대라리,971,부산광역시,26710,busan,부산,BUSAN,부산광역시,BUSAN_GIJANG,True,False,159.0,1994-12-29,31,90.0,0.5660377358490566,0.0,1.0,5.0,2,35.2417403284754,129.209746291207,부산광역시 기장군 차성남로 13-6,True,0.031446540880503145,,,,,,,,,,,,0.5,1.0,,0.7109375,0.556640625,dong,3.0
A61990304,이진캐스빌골드,기장군,기장읍대라리,251,부산광역시,26710,busan,부산,BUSAN,부산광역시,BUSAN_GIJANG,True,False,239.0,2004-11-08,21,270.0,1.1297071129707112,1.0,3.0,7.0,2,35.2386803202446,129.210613217433,부산광역시 기장군 대청로 7,True,0.029288702928870293,238000000.0,9287101.996123869,-0.08461538461538465,-0.06566604127579734,-0.09556313993174059,337000000.0,-0.2937685459940653,230000000.0,0.034782608695652195,2.0,True,0.75,0.75,1.0,0.7109375,0.806640625,dong,1.0
A61990307,이진캐스빌,기장군,기장읍대라리,240,부산광역시,26710,busan,부산,BUSAN,부산광역시,BUSAN_GIJANG,True,False,458.0,2003-04-10,23,361.0,0.7882096069868996,1.0,4.0,7.0,3,35.237774461358,129.210009359344,부산광역시 기장군 차성서로 51,True,0.015283842794759825,,,,,,,,,,,,1.0,0.25,,0.9453125,0.516796875,dong,4.0
A61990503,이진스카이빌,기장군,기장읍동부리,333,부산광역시,26710,busan,부산,BUSAN,부산광역시,BUSAN_GIJANG,True,False,228.0,2004-01-08,22,197.0,0.8640350877192983,1.0,2.0,7.0,2,35.2472378952909,129.212082902684,부산광역시 기장군 차성서로 158-12,True,0.03070175438596491,,,,,0.034482758620689724,267000000.0,-0.06367041198501877,189000000.0,0.3227513227513228,0.0,True,0.75,0.5,,0.6964285714285714,0.4794642857142857,dong,3.0
A61990508,이진테마빌,기장군,기장읍서부리,402,부산광역시,26710,busan,부산,BUSAN,부산광역시,BUSAN_GIJANG,True,False,476.0,2000-12-30,25,424.0,0.8907563025210085,5.0,7.0,15.0,3,35.2507752223618,129.209781735698,부산광역시 기장군 배산로8번길 51,True,0.031512605042016806,,,,,,,,,,,,0.5,1.0,,1.0,0.6,dong,1.0
A61990514,한신,기장군,기장읍동부리,151-5,부산광역시,26710,busan,부산,BUSAN,부산광역시,BUSAN_GIJANG,True,False,1131.0,1995-05-18,31,612.0,0.5411140583554377,6.0,18.0,36.0,3,35.2493632613563,129.215284348333,부산광역시 기장군 차성로344번길 13,True,0.03183023872679045,260000000.0,10095899.276342884,0.23222748815165883,-0.11823647294589179,0.06490649064906484,323500000.0,-0.19629057187016996,181000000.0,0.43646408839779016,5.0,False,1.0,0.75,1.0,0.9642857142857143,0.919642857142857,dong,1.0
A61990609,청강주공,기장군,기장읍청강리,333,부산광역시,26710,busan,부산,BUSAN,부산광역시,BUSAN_GIJANG,True,False,520.0,1990-10-08,35,214.0,0.4115384615384615,0.0,2.0,9.0,2,35.2337923919873,129.217097183856,부산광역시 기장군 청강로 6,True,0.01730769230769231,,,,,,,,,,,,0.4,0.2,,0.7,0.285,dong,5.0
A61991101,가화일광타워,기장군,일광읍이천리,921-1,부산광역시,26710,busan,부산,BUSAN,부산광역시,BUSAN_GIJANG,True,False,449.0,2011-11-09,14,357.0,0.7951002227171492,3.0,9.0,16.0,1,35.2694052473581,129.234891836245,부산광역시 기장군 이천10길 37,True,0.035634743875278395,,,,,,,,,,,,0.6666666666666666,0.3333333333333333,,0.3333333333333333,0.35,dong,3.0
A61996005,정관신도시롯데캐슬,기장군,정관읍용수리,1364,부산광역시,26710,busan,부산,BUSAN,부산광역시,BUSAN_GIJANG,True,False,761.0,2008-11-27,17,1174.0,1.542706964520368,1.0,10.0,24.0,3,35.3287252037714,129.170203180461,부산광역시 기장군 정관3로 52,True,0.03153745072273324,318000000.0,12367707.71950501,0.12070484581497798,-0.04166666666666663,0.04195804195804187,389000000.0,-0.18251928020565555,229500000.0,0.3856209150326797,4.0,False,0.6666666666666666,0.4444444444444444,0.4,0.8888888888888888,0.5666666666666667,dong,4.0
A61996102,정관센트럴파크,기장군,정관읍달산리,1199,부산광역시,26710,busan,부산,BUSAN,부산광역시,BUSAN_GIJANG,True,False,588.0,2009-12-11,16,662.0,1.1258503401360545,3.0,6.0,17.0,2,35.3208722774513,129.185257823533,부산광역시 기장군 구연방곡로 10,True,0.02891156462585034,290000000.0,11313394.01820546,0.03571428571428581,0.042047531992687404,-0.008896797153024938,342500000.0,-0.15328467153284675,208000000.0,0.39423076923076916,2.0,True,0.6666666666666666,0.3333333333333333,1.0,0.8333333333333334,0.675,dong,2.0
A61996104,서희스타힐스,기장군,정관읍방곡리,385,부산광역시,26710,busan,부산,BUSAN,부산광역시,BUSAN_GIJANG,True,False,444.0,2011-04-25,15,494.0,1.1126126126126126,2.0,6.0,14.0,2,35.32637849695,129.188621802049,부산광역시 기장군 방곡3로 11,True,0.03153153153153153,,,,0.040909090909091006,-0.05672268907563027,308000000.0,-0.25649350649350644,195000000.0,0.1743589743589744,2.0,True,0.8,0.4,,0.5,0.435,dong,4.0
A61996106,이지더원2차,기장군,정관읍모전리,735,부산광역시,26710,busan,부산,BUSAN,부산광역시,BUSAN_GIJANG,True,False,756.0,2012-11-23,13,834.0,1.1031746031746033,5.0,8.0,25.0,2,35.3332892479738,129.162836632655,부산광역시 기장군 정관2로 9,True,0.03306878306878307,267750000.0,10399355.494771928,,-0.000932835820895539,-0.06944444444444442,410000000.0,-0.3365853658536585,218000000.0,0.2477064220183487,4.0,False,0.2857142857142857,0.7142857142857143,0.6,0.35714285714285715,0.5035714285714286,dong,5.0
A61996107,정관동일스위트1차,기장군,정관읍용수리,1387,부산광역시,26710,busan,부산,BUSAN,부산광역시,BUSAN_GIJANG,True,False,1758.0,2012-12-20,13,1942.0,1.1046643913538112,19.0,38.0,86.0,3,35.3250819627634,129.170299506937,부산광역시 기장군 정관4로 24,True,0.048919226393629126,306000000.0,11893476.665442746,-0.012903225806451646,0.03678929765886285,0.0008278145695364003,420000000.0,-0.26190476190476186,234500000.0,0.32196162046908317,20.0,False,1.0,1.0,0.2,0.8888888888888888,0.7833333333333333,dong,1.0
A61996108,정관1차동원로얄듀크,기장군,정관읍달산리,1207,부산광역시,26710,busan,부산,BUSAN,부산광역시,BUSAN_GIJANG,True,False,1028.0,2013-06-19,13,1314.0,1.2782101167315174,3.0,16.0,41.0,2,35.3186287861828,129.191582018242,부산광역시 기장군 산단4로 139,True,0.03988326848249027,,,,,,,,,,,,1.0,1.0,,0.8333333333333334,0.725,dong,1.0
A61996110,정관동일스위트2차,기장군,정관읍모전리,776,부산광역시,26710,busan,부산,BUSAN,부산광역시,BUSAN_GIJANG,True,False,1638.0,2013-08-30,13,1846.0,1.126984126984127,9.0,24.0,46.0,3,35.3284797639747,129.165298856214,부산광역시 기장군 정관3로 23,True,0.028083028083028084,255000000.0,9901584.253480555,-0.08108108108108103,-0.0092592592592593,0.01790763430725728,365000000.0,-0.28767123287671237,220000000.0,0.18181818181818188,10.0,False,1.0,0.42857142857142855,0.4,0.8571428571428571,0.6571428571428571,dong,2.0
A61996111,정관2차동원로얄듀크,기장군,정관읍매학리,723,부산광역시,26710,busan,부산,BUSAN,부산광역시,BUSAN_GIJANG,True,False,1249.0,2013-08-26,13,1297.0,1.0384307445956766,8.0,26.0,51.0,2,35.3194888818563,129.174541443359,부산광역시 기장군 정관5로 12,True,0.04083266613290633,365125000.0,14175570.591353292,0.038762446657183425,0.0257142857142858,0.0021216407355020284,470000000.0,-0.22606382978723405,266250000.0,0.3661971830985915,18.0,False,1.0,1.0,1.0,0.5,0.9249999999999999,dong,1.0
A61996114,동일스위트3차,기장군,정관읍모전리,728,부산광역시,26710,busan,부산,BUSAN,부산광역시,BUSAN_GIJANG,True,False,1500.0,2014-05-30,12,1867.0,1.2446666666666666,4.0,23.0,63.0,3,35.3373572475758,129.164573512814,부산광역시 기장군 모전1길 9,True,0.042,296500000.0,11517255.969528148,0.06654676258992809,-0.01964133219470543,0.010526315789473717,374500000.0,-0.20827770360480646,224000000.0,0.3236607142857142,9.0,False,0.8571428571428571,0.8571428571428571,0.8,0.8571428571428571,0.8428571428571427,dong,1.0
A61996115,이진캐스빌,기장군,정관읍용수리,1336,부산광역시,26710,busan,부산,BUSAN,부산광역시,BUSAN_GIJANG,True,False,539.0,2014-10-08,11,675.0,1.2523191094619666,4.0,9.0,23.0,2,35.3223008727583,129.174844142098,부산광역시 기장군 정관로 545,True,0.04267161410018553,425250000.0,16523682.974186398,-0.036260623229461775,0.03593179049939099,0.018226002430133725,520000000.0,-0.1875,291000000.0,0.4518900343642611,6.0,False,0.4444444444444444,0.7777777777777778,1.0,0.4444444444444444,0.6833333333333333,dong,2.0
A61996302,정관신도시계룡리슈빌,기장군,정관읍용수리,1330,부산광역시,26710,busan,부산,BUSAN,부산광역시,BUSAN_GIJANG,True,False,455.0,2008-12-16,17,638.0,1.402197802197802,6.0,8.0,19.0,3,35.3261921508458,129.171939153896,부산광역시 기장군 정관로 513,True,0.041758241758241756,340000000.0,13226873.895550136,-0.01449275362318836,0.02238805970149249,0.0903225806451613,390000000.0,-0.1282051282051282,244000000.0,0.39344262295081966,4.0,False,0.2222222222222222,0.6666666666666666,0.8,0.8888888888888888,0.6,dong,3.0
A62102001,롯데캐슬가야2단지,김해시,동상동,1104,경상남도,48250,gimhae,김해,GYEONGNAM,김해시,GIMHAE,False,True,214.0,2005-12-29,20,295.0,1.3785046728971964,0.0,4.0,7.0,3,35.2404181626521,128.88676442513,경상남도 김해시 가야로463번길 14,True,0.03271028037383177,,,,-0.01497695852534564,-0.07866379310344829,275000000.0,-0.2727272727272727,196500000.0,0.01781170483460559,3.0,False,0.6,0.6,,0.8666666666666667,0.49,dong,3.0
A62102002,한덕타워,김해시,동상동,495-7,경상남도,48250,gimhae,김해,GYEONGNAM,김해시,GIMHAE,False,True,298.0,1994-12-26,31,192.0,0.6442953020134228,0.0,3.0,5.0,4,35.2366869241059,128.889413889181,경상남도 김해시 가야로 513,True,0.016778523489932886,,,,0.07608695652173902,,155000000.0,-0.3612903225806452,90000000.0,0.10000000000000009,2.0,True,0.8,0.2,,1.0,0.44999999999999996,dong,4.0
A62102003,롯데캐슬가야1단지,김해시,동상동,1099,경상남도,48250,gimhae,김해,GYEONGNAM,김해시,GIMHAE,False,True,482.0,2005-12-29,20,873.0,1.8112033195020747,4.0,6.0,18.0,3,35.2428276230627,128.883463934137,경상남도 김해시 가야로451번길 9,True,0.03734439834024896,213000000.0,8270433.406479623,,,-0.09361702127659577,270000000.0,-0.21111111111111114,190000000.0,0.1210526315789473,1.0,True,1.0,0.8,1.0,0.8666666666666667,0.92,dong,1.0
A62110001,반도보라,김해시,전하동,439,경상남도,48250,gimhae,김해,GYEONGNAM,김해시,GIMHAE,False,True,446.0,1998-08-08,28,453.0,1.015695067264574,2.0,3.0,16.0,2,35.2230273003038,128.874062471549,경상남도 김해시 전하로176번길 71,True,0.03587443946188341,180000000.0,7000589.275191514,,-0.13043478260869568,0.03365079365079371,260000000.0,-0.3076923076923077,171000000.0,0.05263157894736836,2.0,True,1.0,1.0,1.0,1.0,1.0,dong,1.0
A62122001,21세기,김해시,지내동,75,경상남도,48250,gimhae,김해,GYEONGNAM,김해시,GIMHAE,False,True,172.0,2003-04-28,23,175.0,1.0174418604651163,1.0,4.0,5.0,1,35.230097259606,128.92465115185,경상남도 김해시 분성로727번길 26-41,True,0.029069767441860465,,,,,,,,,,,,0.3333333333333333,1.0,,0.3181818181818182,0.4477272727272727,dong,2.0
A62130001,죽림마을한림풀에버7단지,김해시,관동동,1121,경상남도,48250,gimhae,김해,GYEONGNAM,김해시,GIMHAE,False,True,1497.0,2013-09-11,13,1760.0,1.1756847027388109,15.0,47.0,107.0,2,35.1785070672231,128.81996785411,경상남도 김해시 율하3로 100,True,0.07147628590514363,318000000.0,12347262.341085179,-0.021538461538461506,-0.018461538461538418,0.008938981733385143,387000000.0,-0.17829457364341084,263500000.0,0.206831119544592,35.0,False,1.0,1.0,0.8571428571428571,0.7916666666666666,0.9330357142857143,dong,1.0
A62171357,석봉마을대동아파트,김해시,무계동,156-5,경상남도,48250,gimhae,김해,GYEONGNAM,김해시,GIMHAE,False,True,998.0,2000-07-31,26,1016.0,1.0180360721442885,5.0,12.0,42.0,1,35.2019519887337,128.812020762854,경상남도 김해시 금관대로599번길 11,True,0.04208416833667335,,,,,,,,,,,,0.8333333333333334,0.8333333333333334,,0.22727272727272727,0.5340909090909091,dong,2.0
A62171462,석봉마을9단지부영5차,김해시,무계동,156-1,경상남도,48250,gimhae,김해,GYEONGNAM,김해시,GIMHAE,False,True,1578.0,2002-05-14,24,1267.0,0.802915082382763,20.0,35.0,81.0,1,35.203189558793,128.810795479163,경상남도 김해시 금관대로599번길 27,True,0.051330798479087454,,,,,,,,,,,,1.0,1.0,,0.22727272727272727,0.634090909090909,dong,1.0
A62174803,삼계구산아이파크1단지,김해시,삼계동,1543,경상남도,48250,gimhae,김해,GYEONGNAM,김해시,GIMHAE,False,True,399.0,2013-12-17,12,440.0,1.1027568922305764,2.0,6.0,18.0,2,35.2593374062214,128.864702763475,경상남도 김해시 김해대로 1870,True,0.045112781954887216,275000000.0,10679340.324142063,0.0036496350364962904,-0.04761904761904767,0.014285714285714235,335000000.0,-0.19402985074626866,240000000.0,0.125,4.0,False,0.22727272727272727,0.8181818181818182,0.75,0.4583333333333333,0.5698863636363636,dong,5.0
A62175203,어방화인아파트,김해시,어방동,577,경상남도,48250,gimhae,김해,GYEONGNAM,김해시,GIMHAE,False,True,727.0,1996-12-06,29,436.0,0.5997248968363136,4.0,9.0,20.0,2,35.2448968363542,128.901576090427,경상남도 김해시 인제로 167-1,True,0.027510316368638238,85000000.0,3309734.513274336,-0.19047619047619047,-0.12037037037037035,-0.045454545454545414,157500000.0,-0.46031746031746035,20000000.0,3.25,3.0,False,0.7142857142857143,0.42857142857142855,0.2,0.8452380952380952,0.5196428571428571,dong,4.0
A62175204,어방동원,김해시,어방동,680,경상남도,48250,gimhae,김해,GYEONGNAM,김해시,GIMHAE,False,True,900.0,1998-04-10,28,763.0,0.8477777777777777,3.0,9.0,23.0,3,35.2421266732237,128.899076189459,경상남도 김해시 활천로 181,True,0.025555555555555557,140000000.0,5439773.931472977,0.021897810218978186,-0.05882352941176472,0.03703703703703698,185000000.0,-0.2432432432432432,120000000.0,0.16666666666666674,6.0,False,0.8571428571428571,0.2857142857142857,1.0,0.9642857142857143,0.7374999999999998,dong,2.0
A62175205,대우유토피아,김해시,어방동,499,경상남도,48250,gimhae,김해,GYEONGNAM,김해시,GIMHAE,False,True,2041.0,1994-11-24,31,1561.0,0.7648211660950515,11.0,20.0,60.0,5,35.2429584120937,128.899458307552,경상남도 김해시 인제로 167,True,0.02939735423811857,109000000.0,4254790.631653654,0.04306220095693769,-0.03325942350332589,0.04716981132075482,165000000.0,-0.33333333333333337,90000000.0,0.22222222222222232,6.0,False,1.0,0.7142857142857143,0.8,1.0,0.8642857142857142,dong,1.0
A62175206,신성김해미소지움,김해시,어방동,871-1,경상남도,48250,gimhae,김해,GYEONGNAM,김해시,GIMHAE,False,True,358.0,2009-06-03,17,377.0,1.053072625698324,1.0,3.0,14.0,3,35.235954261797,128.899038694763,경상남도 김해시 분성로499번길 9,True,0.03910614525139665,,,,,0.09777777777777774,275000000.0,-0.10181818181818181,209000000.0,0.18181818181818188,1.0,True,0.5714285714285714,0.8571428571428571,,0.9642857142857143,0.5732142857142857,dong,3.0
A62175514,한국,김해시,외동,1261-9,경상남도,48250,gimhae,김해,GYEONGNAM,김해시,GIMHAE,False,True,1530.0,1997-01-31,29,977.0,0.6385620915032679,10.0,25.0,53.0,3,35.2312555021429,128.868823774091,경상남도 김해시 함박로 122,True,0.034640522875816995,,,,,,,,,,,,0.8823529411764706,0.47058823529411764,,0.875,0.5371323529411764,dong,5.0
A62175616,한국2,김해시,외동,1249-4,경상남도,48250,gimhae,김해,GYEONGNAM,김해시,GIMHAE,False,True,2250.0,1998-06-19,28,1851.0,0.8226666666666667,15.0,42.0,87.0,2,35.2307502170414,128.864494214478,경상남도 김해시 분성로 155,True,0.03866666666666667,,,,,,,,,,,,1.0,0.5882352941176471,,0.640625,0.5725643382352941,dong,3.0
A62175901,일동미라주,김해시,구산동,1074,경상남도,48250,gimhae,김해,GYEONGNAM,김해시,GIMHAE,False,True,596.0,2013-06-13,13,603.0,1.011744966442953,7.0,16.0,27.0,2,35.2539473635848,128.865863695523,경상남도 김해시 김해대로1902번길 30,True,0.04530201342281879,259500000.0,10129117.11617938,0.2069767441860466,-0.019230769230769273,0.030876494023904355,320000000.0,-0.17500000000000004,215000000.0,0.22790697674418614,5.0,False,0.5882352941176471,0.8823529411764706,0.5,0.5714285714285714,0.651890756302521,dong,2.0
A62175902,구산이진캐스빌2단지,김해시,구산동,1076,경상남도,48250,gimhae,김해,GYEONGNAM,김해시,GIMHAE,False,True,668.0,2013-09-10,13,740.0,1.1077844311377245,5.0,10.0,26.0,4,35.2504259175037,128.866913541723,경상남도 김해시 김해대로1902번길 62,True,0.038922155688622756,324250000.0,12589641.450055543,-0.03783382789317502,0.1242702251876564,-0.07185628742514971,420000000.0,-0.19404761904761902,290000000.0,0.16724137931034488,7.0,False,0.7058823529411765,0.7058823529411765,1.0,0.9761904761904762,0.8199579831932773,dong,1.0
A62175904,구산이진캐스빌1단지,김해시,구산동,1077,경상남도,48250,gimhae,김해,GYEONGNAM,김해시,GIMHAE,False,True,510.0,2013-09-10,13,577.0,1.1313725490196078,4.0,6.0,18.0,4,35.2497599221764,128.866932324533,경상남도 김해시 김해대로1902번길 88,True,0.03529411764705882,305500000.0,11861174.316848597,-0.05271317829457367,0.0015649452269170805,-0.05604719764011801,412500000.0,-0.2593939393939394,285000000.0,0.07192982456140351,4.0,False,0.35294117647058826,0.5882352941176471,0.8333333333333334,0.9761904761904762,0.6371148459383753,dong,4.0
A62176006,건영,김해시,내동,1125-2,경상남도,48250,gimhae,김해,GYEONGNAM,김해시,GIMHAE,False,True,558.0,1998-12-26,27,670.0,1.200716845878136,3.0,6.0,16.0,3,35.2395665881007,128.864607723405,경상남도 김해시 우암로 106,True,0.02867383512544803,240000000.0,9325326.739667961,0.0,,0.09090909090909083,280000000.0,-0.1428571428571429,195000000.0,0.23076923076923084,2.0,True,0.5833333333333334,0.6666666666666666,0.3333333333333333,0.8076923076923077,0.5794871794871794,dong,5.0
A62177105,동원,김해시,삼방동,690-1,경상남도,48250,gimhae,김해,GYEONGNAM,김해시,GIMHAE,False,True,1026.0,1991-11-27,34,513.0,0.5,2.0,9.0,32.0,2,35.2488261226496,128.912303723087,경상남도 김해시 삼안로 226,True,0.031189083820662766,,,,,0.009416195856873921,150000000.0,-0.10666666666666669,112000000.0,0.1964285714285714,0.0,True,1.0,1.0,,0.7777777777777778,0.7166666666666667,dong,1.0
A62177203,한일,김해시,삼방동,691-2,경상남도,48250,gimhae,김해,GYEONGNAM,김해시,GIMHAE,False,True,834.0,1992-07-08,34,393.0,0.4712230215827338,3.0,7.0,15.0,4,35.2496170215121,128.912199481199,경상남도 김해시 삼안로 244,True,0.017985611510791366,113500000.0,4413740.278105115,0.15816326530612246,0.06015037593984962,-0.10864745011086474,139000000.0,-0.1834532374100719,92000000.0,0.23369565217391308,3.0,False,0.6,0.4,0.6666666666666666,0.9444444444444444,0.6083333333333334,dong,3.0
A62177204,화인,김해시,삼방동,692,경상남도,48250,gimhae,김해,GYEONGNAM,김해시,GIMHAE,False,True,930.0,1992-07-29,34,710.0,0.7634408602150538,4.0,9.0,20.0,3,35.2516675646771,128.911668906685,경상남도 김해시 삼안로 264,True,0.021505376344086023,95500000.0,3726783.133704883,-0.04500000000000004,-0.08466819221967958,-0.0864745011086474,159000000.0,-0.39937106918238996,90000000.0,0.061111111111111116,6.0,False,0.8,0.8,0.3333333333333333,0.8888888888888888,0.6966666666666667,dong,2.0
A62177304,한일,김해시,안동,333,경상남도,48250,gimhae,김해,GYEONGNAM,김해시,GIMHAE,False,True,896.0,1998-07-29,28,776.0,0.8660714285714286,1.0,8.0,26.0,2,35.2389344569832,128.915190742379,경상남도 김해시 삼안로111번길 12,True,0.029017857142857144,,,,0.016129032258064502,-0.07544378698224852,206500000.0,-0.2009685230024213,128000000.0,0.2890625,5.0,False,1.0,0.75,,0.5,0.5999999999999999,dong,1.0
A62177715,일동한신,김해시,외동,883,경상남도,48250,gimhae,김해,GYEONGNAM,김해시,GIMHAE,False,True,1740.0,1999-12-30,26,1816.0,1.0436781609195402,2.0,16.0,54.0,5,35.2291649013191,128.848926194941,경상남도 김해시 분성로 14,True,0.03103448275862069,,,,0.01806239737274229,-0.0757575757575758,198000000.0,-0.2727272727272727,140000000.0,0.02857142857142847,8.0,False,0.9411764705882353,0.4117647058823529,,1.0,0.5558823529411765,dong,4.0
A62178002,지내동2차양지마을동원,김해시,지내동,360,경상남도,48250,gimhae,김해,GYEONGNAM,김해시,GIMHAE,False,True,605.0,2002-05-11,24,609.0,1.006611570247934,1.0,6.0,13.0,3,35.2317688480122,128.923472707446,경상남도 김해시 분성로727번길 21,True,0.021487603305785124,,,,-0.053254437869822535,-0.0505050505050505,230000000.0,-0.30434782608695654,141500000.0,0.1307420494699647,4.0,False,0.6666666666666666,0.3333333333333333,,0.9545454545454546,0.4431818181818182,dong,3.0
A62178003,1차동원,김해시,지내동,67,경상남도,48250,gimhae,김해,GYEONGNAM,김해시,GIMHAE,False,True,810.0,2000-04-14,26,814.0,1.0049382716049382,2.0,12.0,22.0,3,35.231412203614,128.923946231359,경상남도 김해시 분성로727번길 16,True,0.027160493827160494,155000000.0,6022606.852702225,-0.15068493150684936,0.0,-0.051490514905149,227000000.0,-0.31718061674008813,155000000.0,0.0,4.0,False,1.0,0.6666666666666666,1.0,0.9545454545454546,0.8931818181818182,dong,1.0
A62178101,부원역푸르지오,김해시,부원동,1043,경상남도,48250,gimhae,김해,GYEONGNAM,김해시,GIMHAE,False,True,915.0,2014-08-14,12,1112.0,1.2153005464480875,4.0,16.0,45.0,3,35.224853069191,128.883989446781,경상남도 김해시 김해대로 2326,True,0.04918032786885246,397500000.0,16028029.960533228,-0.14516129032258063,-0.028888888888888853,0.007954545454545547,600000000.0,-0.29166666666666663,370000000.0,0.14864864864864868,16.0,False,1.0,1.0,1.0,1.0,1.0,dong,1.0
A62180005,동창원IC하우스토리,김해시,진영읍좌곤리,377,경상남도,48250,gimhae,김해,GYEONGNAM,김해시,GIMHAE,False,True,325.0,2008-09-19,18,472.0,1.4523076923076923,0.0,4.0,5.0,2,35.2935648697674,128.709455969722,경상남도 김해시 하계로 9-29,True,0.015384615384615385,,,,,-0.03170028818443804,209000000.0,-0.19617224880382778,146250000.0,0.14871794871794863,1.0,True,1.0,0.5,,0.6666666666666666,0.5499999999999999,dong,2.0
A62180009,중흥에스-클래스진영2단지,김해시,진영읍진영리,1611-4,경상남도,48250,gimhae,김해,GYEONGNAM,김해시,GIMHAE,False,True,630.0,2006-01-27,20,652.0,1.034920634920635,6.0,16.0,24.0,2,35.3085571237773,128.732569419523,경상남도 김해시 장등로19번길 18,True,0.0380952380952381,190000000.0,7379856.64010546,0.027027027027026973,-0.09200968523002417,-0.04938271604938271,253000000.0,-0.2964426877470355,164000000.0,0.08536585365853666,15.0,False,0.6153846153846154,0.46153846153846156,0.42857142857142855,0.6829268292682927,0.5326588046100241,dong,4.0
A62180011,진영자이,김해시,진영읍진영리,1610,경상남도,48250,gimhae,김해,GYEONGNAM,김해시,GIMHAE,False,True,977.0,2007-12-14,18,1005.0,1.0286591606960083,4.0,16.0,41.0,2,35.3090621324615,128.728453537034,경상남도 김해시 김해대로361번길 31,True,0.04196519959058342,232000000.0,9010313.136626992,0.05815279361459513,0.02885682574916748,-0.013001083423618609,277500000.0,-0.1567567567567567,196000000.0,0.19387755102040827,15.0,False,0.7692307692307693,0.7692307692307693,0.5714285714285714,0.6829268292682927,0.7068346287858484,dong,3.0
A62180104,세일,김해시,진영읍죽곡리,240,경상남도,48250,gimhae,김해,GYEONGNAM,김해시,GIMHAE,False,True,288.0,2001-11-16,24,292.0,1.0138888888888888,2.0,7.0,12.0,2,35.2813143252377,128.768297494496,경상남도 김해시 서부로 190,True,0.041666666666666664,,,,-0.05405405405405406,-0.17647058823529416,104000000.0,-0.32692307692307687,70000000.0,0.0,1.0,True,1.0,1.0,,1.0,0.75,dong,1.0
A62180106,김해진영마루애주상복합,김해시,진영읍여래리,149,경상남도,48250,gimhae,김해,GYEONGNAM,김해시,GIMHAE,False,True,265.0,2014-05-26,12,323.0,1.2188679245283018,2.0,4.0,8.0,2,35.3024852269507,128.742350566309,경상남도 김해시 진영로 273,True,0.03018867924528302,155000000.0,6023089.096972323,-0.06906906906906907,-0.1292134831460674,0.011627906976744207,198000000.0,-0.21717171717171713,147000000.0,0.054421768707483054,3.0,False,0.5,0.5,1.0,0.775,0.66625,dong,2.0
A62180501,장복(1단지),김해시,진영읍여래리,357,경상남도,48250,gimhae,김해,GYEONGNAM,김해시,GIMHAE,False,True,194.0,1992-05-27,34,89.0,0.4587628865979381,0.0,3.0,6.0,3,35.3012211328288,128.741836467544,경상남도 김해시 진영로 262-15,True,0.030927835051546393,,,,,,130000000.0,-0.3076923076923077,90000000.0,0.0,0.0,True,0.16666666666666666,0.6666666666666666,,1.0,0.39999999999999997,dong,4.0
A62180603,원창시인의마을,김해시,진영읍여래리,790-2,경상남도,48250,gimhae,김해,GYEONGNAM,김해시,GIMHAE,False,True,198.0,2004-09-24,22,178.0,0.898989898989899,0.0,3.0,8.0,2,35.2985304132483,128.736492729994,경상남도 김해시 하계로 415,True,0.04040404040404041,,,,0.47867298578199047,0.13076923076923075,165000000.0,-0.10909090909090913,105500000.0,0.39336492890995256,2.0,True,0.3333333333333333,0.8333333333333334,,0.775,0.46624999999999994,dong,3.0
A62183124,갑오마을5단지부영6차,김해시,대청동,333-6,경상남도,48250,gimhae,김해,GYEONGNAM,김해시,GIMHAE,False,True,400.0,2002-08-19,24,406.0,1.015,4.0,6.0,18.0,1,35.1840582412627,128.795482935458,경상남도 김해시 계동로 86,True,0.045,130250000.0,5323081.610058033,-0.016981132075471694,-0.0535714285714286,-0.0071428571428571175,213000000.0,-0.3262910798122066,117000000.0,0.22649572649572658,6.0,False,0.5555555555555556,1.0,0.3333333333333333,0.3888888888888889,0.6083333333333334,dong,3.0
A62183131,젤미마을5단지푸르지오7차,김해시,삼문동,62-2,경상남도,48250,gimhae,김해,GYEONGNAM,김해시,GIMHAE,False,True,464.0,2005-08-19,21,464.0,1.0,1.0,8.0,16.0,1,35.1958292115461,128.795667439386,경상남도 김해시 능동로 10,True,0.034482758620689655,175000000.0,6795068.956712763,-0.0463215258855586,-0.09125000000000005,-0.044334975369458074,267500000.0,-0.3457943925233645,175000000.0,0.0,8.0,False,0.6923076923076923,0.5384615384615384,0.4,0.25,0.5067307692307692,dong,4.0
A62183134,갑오마을2단지주공2,김해시,대청동,321-1,경상남도,48250,gimhae,김해,GYEONGNAM,김해시,GIMHAE,False,True,495.0,2002-10-18,23,423.0,0.8545454545454545,2.0,5.0,13.0,2,35.1866181197613,128.795148460767,경상남도 김해시 계동로102번길 9,True,0.026262626262626262,,,,,,,,,,,,0.6666666666666666,0.4444444444444444,,0.8888888888888888,0.4666666666666667,dong,5.0
A62183136,젤미마을4단지부영그린타운7차,김해시,삼문동,62-4,경상남도,48250,gimhae,김해,GYEONGNAM,김해시,GIMHAE,False,True,516.0,2004-10-12,21,543.0,1.052325581395349,3.0,7.0,21.0,1,35.1962752239458,128.798326217392,경상남도 김해시 능동로 32,True,0.040697674418604654,152000000.0,5918444.4024919765,-0.003278688524590123,0.025295109612141653,-0.08814589665653494,219000000.0,-0.31506849315068497,135000000.0,0.11111111111111116,7.0,False,0.7692307692307693,0.6153846153846154,0.2,0.25,0.5028846153846154,dong,5.0
A62183146,갑오마을6단지부영9차,김해시,대청동,334-4,경상남도,48250,gimhae,김해,GYEONGNAM,김해시,GIMHAE,False,True,606.0,2002-07-25,24,617.0,1.018151815181518,1.0,10.0,27.0,1,35.1819165577483,128.798049625148,경상남도 김해시 계동로 76-56,True,0.04455445544554455,184000000.0,7519746.765840138,0.1428571428571428,0.05939004815409299,0.017405063291139333,204000000.0,-0.0980392156862745,126750000.0,0.4516765285996056,10.0,False,0.7777777777777778,0.8888888888888888,1.0,0.3888888888888889,0.8083333333333333,dong,1.0
A62183151,갑오마을7단지부영10차,김해시,대청동,334-1,경상남도,48250,gimhae,김해,GYEONGNAM,김해시,GIMHAE,False,True,730.0,2002-09-07,24,596.0,0.8164383561643835,7.0,14.0,27.0,1,35.18307525896,128.796931239785,경상남도 김해시 계동로 76-22,True,0.036986301369863014,,,,,,,,,,,,0.8888888888888888,0.6666666666666666,,0.3888888888888889,0.525,dong,4.0
A62183153,갑오마을4단지부영8차,김해시,대청동,333-3,경상남도,48250,gimhae,김해,GYEONGNAM,김해시,GIMHAE,False,True,760.0,2002-07-25,24,772.0,1.0157894736842106,8.0,12.0,29.0,1,35.184562733234,128.798021645537,경상남도 김해시 계동로102번길 24,True,0.038157894736842106,151000000.0,6171096.530662287,-0.04731861198738174,-0.0032467532467532756,0.05660377358490565,207500000.0,-0.1951807228915663,124000000.0,0.346774193548387,12.0,False,1.0,0.7777777777777778,0.6666666666666666,0.3888888888888889,0.7583333333333333,dong,2.0
A62183158,석봉마을4단지부영아파트,김해시,부곡동,1167,경상남도,48250,gimhae,김해,GYEONGNAM,김해시,GIMHAE,False,True,1010.0,2004-02-25,22,1020.0,1.00990099009901,7.0,17.0,43.0,1,35.2009715545717,128.802036499171,경상남도 김해시 능동로 117,True,0.04257425742574258,159000000.0,6487075.919929677,0.006329113924050667,0.03934426229508192,0.06747826086956521,212000000.0,-0.25,127000000.0,0.25196850393700787,17.0,False,1.0,0.6666666666666666,0.9166666666666666,0.35714285714285715,0.7827380952380952,dong,1.0
A62183160,팔판마을부영그린타운3차,김해시,관동동,448-1,경상남도,48250,gimhae,김해,GYEONGNAM,김해시,GIMHAE,False,True,1304.0,2004-05-29,22,1075.0,0.8243865030674846,4.0,22.0,82.0,1,35.1792423587861,128.792229484388,경상남도 김해시 덕정로 68,True,0.06288343558282208,,,,,,,,,,,,0.9166666666666666,0.9166666666666666,,0.2916666666666667,0.5937499999999999,dong,4.0
A62183161,젤미마을1단지부영11차,김해시,삼문동,60-3,경상남도,48250,gimhae,김해,GYEONGNAM,김해시,GIMHAE,False,True,1530.0,2002-08-12,24,1230.0,0.803921568627451,11.0,28.0,82.0,1,35.1984445748978,128.804003450097,경상남도 김해시 번화2로 90,True,0.05359477124183006,,,,,,,,,,,,1.0,1.0,,0.25,0.6375,dong,3.0
A62183165,율상마을모아미래도5단지,김해시,율하동,1316,경상남도,48250,gimhae,김해,GYEONGNAM,김해시,GIMHAE,False,True,786.0,2012-03-15,14,930.0,1.183206106870229,7.0,15.0,52.0,1,35.1728590971692,128.811104384317,경상남도 김해시 율하2로 87,True,0.06615776081424936,359750000.0,13978491.966803927,-0.004840940525587811,0.0006920415224913601,0.04028776978417259,407500000.0,-0.11165644171779143,288500000.0,0.2547660311958406,15.0,False,0.75,0.625,0.6666666666666666,0.4375,0.6447916666666667,dong,3.0
A62183166,율현마을동원로얄듀크1차,김해시,율하동,1369,경상남도,48250,gimhae,김해,GYEONGNAM,김해시,GIMHAE,False,True,750.0,2013-04-23,13,850.0,1.1333333333333333,9.0,23.0,55.0,1,35.1704029241063,128.81531346166,경상남도 김해시 율하2로 125,True,0.07333333333333333,324000000.0,12580155.27365189,0.03349282296650724,0.0,0.01449275362318847,376000000.0,-0.15159574468085102,270000000.0,0.18148148148148158,23.0,False,0.625,1.0,0.5,0.4375,0.6781250000000001,dong,2.0
A62183169,율현마을이편한세상9단지,김해시,율하동,1370,경상남도,48250,gimhae,김해,GYEONGNAM,김해시,GIMHAE,False,True,999.0,2013-10-24,12,1191.0,1.1921921921921923,11.0,30.0,71.0,1,35.172041479639,128.818113737388,경상남도 김해시 율하1로 130,True,0.07107107107107107,385500000.0,14981945.499405522,0.03351206434316345,0.0175675675675675,0.04788732394366191,430000000.0,-0.09069767441860466,304000000.0,0.2861842105263157,30.0,False,0.875,0.875,1.0,0.4375,0.8406250000000001,dong,1.0
A62183170,율상마을모아미래도6단지,김해시,율하동,1317,경상남도,48250,gimhae,김해,GYEONGNAM,김해시,GIMHAE,False,True,630.0,2014-01-08,12,756.0,1.2,7.0,23.0,43.0,1,35.1740582852055,128.81301651243,경상남도 김해시 율하1로 90,True,0.06825396825396825,367500000.0,14324426.621594876,-0.012096774193548376,0.032729805013927527,0.01671309192200554,428000000.0,-0.16822429906542058,305000000.0,0.16721311475409828,23.0,False,0.375,0.75,0.8333333333333334,0.4375,0.6114583333333333,dong,4.0
A62183171,월산마을3단지부영12차,김해시,부곡동,801-6,경상남도,48250,gimhae,김해,GYEONGNAM,김해시,GIMHAE,False,True,680.0,2002-10-29,23,684.0,1.0058823529411764,6.0,11.0,27.0,1,35.2085132013087,128.800975115305,경상남도 김해시 월산로 142,True,0.039705882352941174,125250000.0,5118740.665334116,0.0020000000000000018,0.05147058823529416,0.010245901639344357,173500000.0,-0.2780979827089337,107000000.0,0.17056074766355134,11.0,False,0.8571428571428571,0.6190476190476191,0.4166666666666667,0.35714285714285715,0.6005952380952381,dong,3.0
A62183237,장유2차쌍용예가,김해시,신문동,527-2,경상남도,48250,gimhae,김해,GYEONGNAM,김해시,GIMHAE,False,True,526.0,2008-07-24,18,959.0,1.8231939163498099,1.0,9.0,22.0,3,35.1923387471542,128.816827557503,경상남도 김해시 장유로 362,True,0.04182509505703422,,,,0.0,-0.026717557251908386,300000000.0,-0.15000000000000002,204000000.0,0.25,1.0,True,0.3333333333333333,0.8333333333333334,,0.7,0.45499999999999996,dong,5.0
A62183241,장유쌍용예가,김해시,신문동,530-2,경상남도,48250,gimhae,김해,GYEONGNAM,김해시,GIMHAE,False,True,583.0,2007-12-14,18,693.0,1.1886792452830188,1.0,9.0,22.0,4,35.1943157522985,128.815473258396,경상남도 김해시 장유로 360,True,0.03773584905660377,210000000.0,8153727.771385004,-0.025522041763341052,0.017565112053301135,0.050000000000000044,257000000.0,-0.18287937743190663,175000000.0,0.19999999999999996,6.0,False,0.5,0.6666666666666666,0.4,0.95,0.5924999999999999,dong,4.0
A62183305,장유the#,김해시,무계동,288-2,경상남도,48250,gimhae,김해,GYEONGNAM,김해시,GIMHAE,False,True,242.0,2007-01-25,19,253.0,1.0454545454545454,1.0,1.0,6.0,1,35.1996442194876,128.814648085668,경상남도 김해시 장유로288번길 15,True,0.024793388429752067,192000000.0,7454310.582156244,,-0.054187192118226646,0.010000000000000009,235000000.0,-0.18297872340425536,164000000.0,0.1707317073170731,1.0,True,0.16666666666666666,0.5,0.5,0.22727272727272727,0.359090909090909,dong,4.0
A62183314,월산마을9단지부영3차,김해시,부곡동,806-1,경상남도,48250,gimhae,김해,GYEONGNAM,김해시,GIMHAE,False,True,328.0,2002-03-23,24,349.0,1.0640243902439024,15.0,36.0,82.0,1,35.206100988014,128.805697187455,경상남도 김해시 월산로 112-56,True,0.25,154500000.0,6314135.19196903,-0.028301886792452824,-0.006329113924050667,0.06756756756756754,197000000.0,-0.2284263959390863,120000000.0,0.2666666666666666,36.0,False,0.23809523809523808,1.0,0.6666666666666666,0.35714285714285715,0.5916666666666667,dong,5.0
A62183316,월산마을12단지부영2차,김해시,부곡동,806-3,경상남도,48250,gimhae,김해,GYEONGNAM,김해시,GIMHAE,False,True,335.0,2001-12-22,24,356.0,1.0626865671641792,3.0,9.0,16.0,1,35.2052947326467,128.805609281467,경상남도 김해시 월산로 82-55,True,0.04776119402985075,155125000.0,6339677.810059519,0.10409252669039137,0.03136200716845883,-0.04500000000000004,215000000.0,-0.2325581395348837,115000000.0,0.4347826086956521,9.0,False,0.3333333333333333,0.8571428571428571,0.75,0.35714285714285715,0.5982142857142857,dong,4.0
A62183333,월산마을13단지푸르지오1차,김해시,부곡동,806-6,경상남도,48250,gimhae,김해,GYEONGNAM,김해시,GIMHAE,False,True,494.0,2004-08-27,22,516.0,1.0445344129554657,3.0,8.0,16.0,2,35.2047264369192,128.805319126139,경상남도 김해시 월산로 82-15,True,0.032388663967611336,205000000.0,7965458.287608974,0.07894736842105265,-0.05727923627684961,-0.014285714285714235,270000000.0,-0.2407407407407407,189000000.0,0.08465608465608465,5.0,False,0.5714285714285714,0.38095238095238093,1.0,0.8333333333333334,0.6607142857142857,dong,2.0
A62183459,신리마을중앙하이츠8단지,김해시,율하동,1371,경상남도,48250,gimhae,김해,GYEONGNAM,김해시,GIMHAE,False,True,1290.0,2009-01-14,17,2331.0,1.8069767441860465,13.0,28.0,73.0,2,35.1735452961218,128.818793364528,경상남도 김해시 율하3로 76,True,0.056589147286821705,,,,,,,,,,,,1.0,0.375,,0.9375,0.553125,dong,5.0
A62187401,청원한마을,김해시,한림면장방리,226-1,경상남도,48250,gimhae,김해,GYEONGNAM,김해시,GIMHAE,False,True,150.0,1998-01-14,28,150.0,1.0,0.0,3.0,4.0,2,35.3203252376301,128.804531693492,경상남도 김해시 한림로342번길 24,True,0.02666666666666667,,,,,,,,,,,,1.0,1.0,,1.0,0.75,dong,1.0
A62188401,진례동원,김해시,진례면초전리,558-2,경상남도,48250,gimhae,김해,GYEONGNAM,김해시,GIMHAE,False,True,150.0,1998-12-04,27,150.0,1.0,2.0,4.0,8.0,2,35.2473868730435,128.754237576561,경상남도 김해시 송현로 56,True,0.05333333333333334,100000000.0,3931847.9685452157,-0.1228070175438597,-0.10833333333333328,-0.06172839506172845,134200000.0,-0.2548435171385991,100000000.0,0.0,2.0,True,1.0,1.0,1.0,1.0,1.0,dong,1.0
A62190108,한라비발디,김해시,구산동,576,경상남도,48250,gimhae,김해,GYEONGNAM,김해시,GIMHAE,False,True,749.0,2007-07-31,19,1120.0,1.4953271028037383,7.0,12.0,22.0,2,35.2548449717301,128.872097266542,경상남도 김해시 가락로332번길 13,True,0.029372496662216287,302250000.0,11736897.225294769,0.11944444444444446,0.03571428571428581,-0.07766990291262132,375000000.0,-0.22666666666666668,240000000.0,0.20833333333333326,7.0,False,0.7647058823529411,0.47058823529411764,0.6666666666666666,0.5714285714285714,0.62296918767507,dong,5.0
A62190111,동원,김해시,구산동,1052-3,경상남도,48250,gimhae,김해,GYEONGNAM,김해시,GIMHAE,False,True,954.0,2001-12-28,24,967.0,1.0136268343815513,8.0,16.0,44.0,2,35.2531597662325,128.868430280412,경상남도 김해시 구산로5번길 57,True,0.04612159329140461,,,,,,,,,,,,0.9411764705882353,0.9411764705882353,,0.5714285714285714,0.6504201680672269,dong,3.0
A62190501,김해내외2차동아,김해시,내동,1125-3,경상남도,48250,gimhae,김해,GYEONGNAM,김해시,GIMHAE,False,True,324.0,1998-06-13,28,354.0,1.0925925925925926,6.0,8.0,14.0,3,35.2381930632146,128.865930529717,경상남도 김해시 경원로55번길 9,True,0.043209876543209874,263500000.0,10231203.67102012,0.07551020408163267,0.0652173913043479,-0.012396694214875992,293500000.0,-0.18909710391822832,200000000.0,0.18999999999999995,3.0,False,0.08333333333333333,0.9166666666666666,0.8333333333333334,0.8076923076923077,0.6294871794871795,dong,3.0
A62190504,현대2차,김해시,내동,1146-1,경상남도,48250,gimhae,김해,GYEONGNAM,김해시,GIMHAE,False,True,493.0,1996-03-23,30,535.0,1.0851926977687627,3.0,6.0,14.0,3,35.2354093639459,128.868437321731,경상남도 김해시 경원로 84,True,0.028397565922920892,251000000.0,9749293.785310734,0.11555555555555563,0.011689691817215797,0.03282275711159732,290000000.0,-0.1344827586206897,205000000.0,0.224390243902439,4.0,False,0.4166666666666667,0.5833333333333334,0.6666666666666666,0.8076923076923077,0.5878205128205128,dong,4.0
A62190510,삼성,김해시,내동,1137-2,경상남도,48250,gimhae,김해,GYEONGNAM,김해시,GIMHAE,False,True,862.0,1996-05-25,30,659.0,0.7645011600928074,6.0,11.0,28.0,2,35.2375607728392,128.868851241932,경상남도 김해시 경원로 83,True,0.03248259860788863,248000000.0,9628688.4088663,0.02268041237113394,0.0051229508196721785,-0.008130081300813052,307000000.0,-0.19218241042345274,215000000.0,0.15348837209302335,5.0,False,1.0,0.8333333333333334,0.5,0.38461538461538464,0.7326923076923078,dong,2.0
A62190901,대동,김해시,삼방동,193,경상남도,48250,gimhae,김해,GYEONGNAM,김해시,GIMHAE,False,True,216.0,1990-09-26,36,145.0,0.6712962962962963,0.0,0.0,4.0,1,35.2439042492944,128.910529831803,경상남도 김해시 활천로285번길 4,True,0.018518518518518517,,,,,,,,,,,,0.2,0.6,,0.3611111111111111,0.29416666666666663,dong,5.0
A62191401,김해2차한일,김해시,안동,333-28,경상남도,48250,gimhae,김해,GYEONGNAM,김해시,GIMHAE,False,True,237.0,2001-08-31,25,248.0,1.0464135021097047,1.0,4.0,8.0,1,35.2377928673864,128.916617755876,경상남도 김해시 삼안로111번길 5,True,0.03375527426160337,,,,,,,,,,,,0.25,1.0,,0.25,0.4125,dong,3.0
A62191402,대아,김해시,안동,333-2,경상남도,48250,gimhae,김해,GYEONGNAM,김해시,GIMHAE,False,True,321.0,1992-11-05,33,314.0,0.9781931464174455,0.0,3.0,8.0,3,35.2374920025906,128.915164071026,경상남도 김해시 분성로627번길 16-3,True,0.024922118380062305,,,,0.04166666666666674,0.05855855855855863,140000000.0,-0.1607142857142857,85000000.0,0.38235294117647056,3.0,False,0.5,0.25,,0.8125,0.346875,dong,5.0
A62191403,한효,김해시,안동,333-1,경상남도,48250,gimhae,김해,GYEONGNAM,김해시,GIMHAE,False,True,391.0,1995-06-02,31,250.0,0.639386189258312,0.0,1.0,11.0,3,35.2384620338451,128.917655914866,경상남도 김해시 삼안로112번길 4,True,0.028132992327365727,,,,0.14411441144114412,0.045454545454545414,150000000.0,-0.1333333333333333,92000000.0,0.4130434782608696,1.0,True,0.75,0.5,,0.8125,0.496875,dong,2.0
A62191912,뜨란채,김해시,외동,1250-1,경상남도,48250,gimhae,김해,GYEONGNAM,김해시,GIMHAE,False,True,1350.0,1996-08-20,30,968.0,0.717037037037037,9.0,29.0,69.0,2,35.2328612268427,128.86243588188,경상남도 김해시 우암로 36,True,0.051111111111111114,,,,,,,,,,,,0.7647058823529411,0.9411764705882353,,0.640625,0.6078584558823529,dong,2.0
A62605002,현대2,양산시,중부동,697-1,경상남도,48330,yangsan,양산,GYEONGNAM,양산시,YANGSAN,False,True,1185.0,,,1261.0,1.0641350210970464,4.0,9.0,24.0,5,35.3348005371036,129.032618670282,경상남도 양산시 양주로 114,True,0.020253164556962026,237000000.0,9202259.089304624,,0.05333333333333323,0.033105022831050324,309000000.0,-0.23300970873786409,199000000.0,0.19095477386934667,3.0,False,0.5,0.5,0.6666666666666666,0.9615384615384616,0.610897435897436,dong,3.0
A62611002,대동빌라트,양산시,북정동,436,경상남도,48330,yangsan,양산,GYEONGNAM,양산시,YANGSAN,False,True,368.0,,,394.0,1.0706521739130435,1.0,4.0,9.0,3,35.3629290393703,129.050610628157,경상남도 양산시 북정로 118,True,0.024456521739130436,,,,0.3545816733067728,-0.08571428571428574,189000000.0,-0.10052910052910058,110000000.0,0.5454545454545454,1.0,True,0.5,0.6666666666666666,,0.95,0.49249999999999994,dong,4.0
A62611003,대동,양산시,북정동,434,경상남도,48330,yangsan,양산,GYEONGNAM,양산시,YANGSAN,False,True,396.0,,,134.0,0.3383838383838384,0.0,1.0,10.0,1,35.3645749979249,129.049950404049,경상남도 양산시 북정중앙로 62,True,0.025252525252525252,,,,,,,,,,,,0.6666666666666666,1.0,,0.3,0.545,dong,2.0
A62611004,동원,양산시,북정동,437,경상남도,48330,yangsan,양산,GYEONGNAM,양산시,YANGSAN,False,True,570.0,,,388.0,0.6807017543859649,0.0,6.0,14.0,1,35.3611460298181,129.050282590984,경상남도 양산시 북정로 116,True,0.02456140350877193,,,,,,,,,,,,0.8333333333333334,0.8333333333333334,,0.3,0.545,dong,3.0
A62611005,새롬성원네오파트,양산시,북정동,884-2,경상남도,48330,yangsan,양산,GYEONGNAM,양산시,YANGSAN,False,True,648.0,,,683.0,1.0540123456790123,0.0,5.0,15.0,3,35.3594115438787,129.043334929781,경상남도 양산시 북정서길 16,True,0.023148148148148147,,,,0.04761904761904767,0.007025761124121788,275000000.0,-0.1527272727272727,176000000.0,0.32386363636363646,3.0,False,1.0,0.5,,0.95,0.5924999999999999,dong,1.0
A62613001,해강,양산시,신기동,169-4,경상남도,48330,yangsan,양산,GYEONGNAM,양산시,YANGSAN,False,True,304.0,,,194.0,0.6381578947368421,0.0,2.0,5.0,4,35.352601052835,129.047489035717,경상남도 양산시 고향의봄10길 71,True,0.01644736842105263,,,,,0.23404255319148937,121500000.0,-0.04526748971193417,65000000.0,0.7846153846153847,0.0,True,0.2,0.2,,1.0,0.27,dong,5.0
A62613003,신기주공,양산시,신기동,508-3,경상남도,48330,yangsan,양산,GYEONGNAM,양산시,YANGSAN,False,True,2280.0,,,842.0,0.36929824561403507,5.0,21.0,61.0,2,35.3544256616025,129.039199579116,경상남도 양산시 신기서길 23,True,0.02675438596491228,,,,,,,,,,,,1.0,0.6,,0.6666666666666666,0.58,dong,3.0
A62621002,협성강변,양산시,교동,245-2,경상남도,48330,yangsan,양산,GYEONGNAM,양산시,YANGSAN,False,True,390.0,,,235.0,0.6025641025641025,0.0,0.0,2.0,3,35.342885233008,129.024701981235,경상남도 양산시 회현1길 3,True,0.005128205128205128,,,,,,160000000.0,-0.39375000000000004,97000000.0,0.0,0.0,True,0.6666666666666666,0.3333333333333333,,0.9,0.435,dong,2.0
A62621003,일동미라주,양산시,교동,605,경상남도,48330,yangsan,양산,GYEONGNAM,양산시,YANGSAN,False,True,925.0,,,1100.0,1.1891891891891893,4.0,11.0,30.0,3,35.3455873497616,129.023338854462,경상남도 양산시 회현1길 48,True,0.032432432432432434,193250000.0,7509203.217018301,0.10903873744619808,-0.0040322580645161255,0.0362116991643453,250000000.0,-0.18000000000000005,152000000.0,0.3486842105263157,5.0,False,1.0,1.0,1.0,0.9,0.985,dong,1.0
A62622001,삼성로얄파크빌,양산시,어곡동,9-3,경상남도,48330,yangsan,양산,GYEONGNAM,양산시,YANGSAN,False,True,445.0,,,445.0,1.0,1.0,4.0,10.0,2,35.3813013385589,129.027341702387,경상남도 양산시 두전길 18,True,0.02247191011235955,,,,,,,,,,,,0.3333333333333333,0.6666666666666666,,1.0,0.44999999999999996,dong,3.0
A62625001,석호가람휘,양산시,명동,994,경상남도,48330,yangsan,양산,GYEONGNAM,양산시,YANGSAN,False,True,324.0,,,352.0,1.0864197530864197,2.0,3.0,9.0,1,35.3966469714026,129.163986659321,경상남도 양산시 덕명로 320,True,0.027777777777777776,156000000.0,6069641.514039382,0.1223021582733812,-0.048387096774193505,-0.003215434083601254,225000000.0,-0.30666666666666664,138000000.0,0.13043478260869557,3.0,False,0.5,0.25,0.3333333333333333,0.18181818181818182,0.3356060606060606,dong,3.0
A62625002,화성파크드림,양산시,명동,1080-7,경상남도,48330,yangsan,양산,GYEONGNAM,양산시,YANGSAN,False,True,530.0,,,665.0,1.2547169811320755,3.0,7.0,22.0,2,35.4009869499732,129.172273960267,경상남도 양산시 대운5길 7,True,0.04150943396226415,194750000.0,7574320.0878735455,0.022980958634274407,-0.054611650485436924,0.0,232000000.0,-0.1681034482758621,150000000.0,0.2866666666666666,6.0,False,0.75,0.75,0.6666666666666666,0.5909090909090909,0.7053030303030302,dong,2.0
A62625003,명동2차화성파크드림,양산시,명동,1077-1,경상남도,48330,yangsan,양산,GYEONGNAM,양산시,YANGSAN,False,True,220.0,,,245.0,1.1136363636363635,1.0,6.0,9.0,2,35.4038751008077,129.169687677851,경상남도 양산시 신명동로 43,True,0.04090909090909091,,,,,,,,,,,,0.25,0.5,,0.5909090909090909,0.3136363636363636,dong,4.0
A62628001,원진,양산시,소주동,443,경상남도,48330,yangsan,양산,GYEONGNAM,양산시,YANGSAN,False,True,267.0,,,180.0,0.6741573033707865,0.0,1.0,2.0,4,35.4054030160992,129.156883744568,경상남도 양산시 소주회야로 45-153,True,0.00749063670411985,,,,,,92000000.0,-0.15760869565217395,64500000.0,0.20155038759689914,0.0,True,0.3333333333333333,0.16666666666666666,,0.9285714285714286,0.28928571428571426,dong,5.0
A62628002,세신,양산시,소주동,306,경상남도,48330,yangsan,양산,GYEONGNAM,양산시,YANGSAN,False,True,324.0,,,,,1.0,4.0,11.0,4,35.4101538838917,129.15671561083,경상남도 양산시 번영로 441,True,0.033950617283950615,,,,,0.13548387096774195,99500000.0,-0.11557788944723613,60000000.0,0.46666666666666656,0.0,True,0.5,0.6666666666666666,,0.9285714285714286,0.48928571428571427,dong,3.0
A62628003,새진흥4,양산시,소주동,535,경상남도,48330,yangsan,양산,GYEONGNAM,양산시,YANGSAN,False,True,345.0,1991-02-07,35,194.0,0.5623188405797102,2.0,3.0,5.0,2,35.399833110468,129.15747632246,경상남도 양산시 모래들1길 14,True,0.014492753623188406,,,,,,,,,,,,0.6666666666666666,0.3333333333333333,,0.5,0.375,dong,4.0
A62628004,서창대동,양산시,소주동,960-10,경상남도,48330,yangsan,양산,GYEONGNAM,양산시,YANGSAN,False,True,996.0,1997-09-10,29,636.0,0.6385542168674698,1.0,16.0,39.0,2,35.4121723519374,129.146934221518,경상남도 양산시 소주로 182,True,0.0391566265060241,,,,-0.08571428571428574,,132000000.0,-0.3939393939393939,75000000.0,0.06666666666666665,1.0,True,0.8333333333333334,0.8333333333333334,,0.5,0.575,dong,2.0
A62630001,신원아침도시,양산시,주남동,55-1,경상남도,48330,yangsan,양산,GYEONGNAM,양산시,YANGSAN,False,True,700.0,,,776.0,1.1085714285714285,4.0,9.0,22.0,2,35.4158854886872,129.163197187606,경상남도 양산시 대평들5길 16,True,0.03142857142857143,146500000.0,5688684.416261815,-0.17464788732394365,0.02188552188552184,-0.0703125,210000000.0,-0.3023809523809524,135000000.0,0.08518518518518525,9.0,False,1.0,1.0,1.0,1.0,1.0,dong,1.0
A62631001,로즈힐,양산시,주진동,182-1,경상남도,48330,yangsan,양산,GYEONGNAM,양산시,YANGSAN,False,True,826.0,2016-07-04,10,609.0,0.7372881355932204,4.0,7.0,34.0,3,35.3902595810078,129.150581799223,경상남도 양산시 주진1길 43,True,0.04116222760290557,,,,,,,,,,,,1.0,1.0,,0.9,0.735,dong,1.0
A62670501,천성리버타운,양산시,소주동,147-1,경상남도,48330,yangsan,양산,GYEONGNAM,양산시,YANGSAN,False,True,3000.0,1998-09-17,28,1640.0,0.5466666666666666,19.0,51.0,126.0,2,35.412022575181,129.159963345497,경상남도 양산시 소주회야로 75,True,0.042,,,,,,,,,,,,1.0,1.0,,0.5,0.6749999999999999,dong,1.0
A62670601,e-편한세상,양산시,남부동,553-1,경상남도,48330,yangsan,양산,GYEONGNAM,양산시,YANGSAN,False,True,663.0,,,860.0,1.297134238310709,4.0,7.0,22.0,3,35.3331493813072,129.025694863971,경상남도 양산시 양주로 33,True,0.033182503770739065,319250000.0,12665604.712671313,0.04672131147540992,0.06388415672913128,0.05810928013876837,362000000.0,-0.10497237569060769,240000000.0,0.3500000000000001,4.0,False,0.16666666666666666,0.6666666666666666,1.0,0.875,0.63125,dong,3.0
A62672012,삼성명가타운,양산시,평산동,41,경상남도,48330,yangsan,양산,GYEONGNAM,양산시,YANGSAN,False,True,918.0,2002-11-30,23,768.0,0.8366013071895425,7.0,15.0,43.0,3,35.3860280400178,129.152746199478,경상남도 양산시 평산중앙로 88,True,0.046840958605664486,,,,,0.08709677419354844,220000000.0,-0.28181818181818186,134000000.0,0.17910447761194037,0.0,True,0.8333333333333334,0.8888888888888888,,0.6666666666666666,0.6166666666666666,dong,2.0
A62672306,웅상신도시푸르지오,양산시,삼호동,861,경상남도,48330,yangsan,양산,GYEONGNAM,양산시,YANGSAN,False,True,987.0,,,1117.0,1.1317122593718338,4.0,14.0,36.0,2,35.4066710619129,129.172654031961,경상남도 양산시 삼호로 74,True,0.0364741641337386,188000000.0,7302002.047950284,-0.08737864077669899,0.007672634271099765,0.02088772845953013,251000000.0,-0.250996015936255,165000000.0,0.1393939393939394,10.0,False,0.875,1.0,1.0,0.6818181818181818,0.9147727272727273,dong,1.0
A62672404,동일스위트2,양산시,덕계동,1103,경상남도,48330,yangsan,양산,GYEONGNAM,양산시,YANGSAN,False,True,790.0,2003-02-08,23,785.0,0.9936708860759493,5.0,9.0,23.0,4,35.3734521635516,129.148748363079,경상남도 양산시 덕계5길 14,True,0.02911392405063291,178750000.0,6940195.7785255425,-0.18004587155963303,-0.01621621621621616,-0.13145539906103287,251500000.0,-0.27634194831013914,150000000.0,0.21333333333333337,5.0,False,0.7727272727272727,0.7272727272727273,0.4444444444444444,0.8947368421052632,0.6953216374269006,dong,4.0
A62675001,창조,양산시,교동,241-6,경상남도,48330,yangsan,양산,GYEONGNAM,양산시,YANGSAN,False,True,150.0,,,110.0,0.7333333333333333,0.0,0.0,3.0,2,35.3433632448053,129.026645192326,경상남도 양산시 회현1길 6,True,0.02,,,,,0.15463917525773185,158000000.0,-0.240506329113924,95000000.0,0.26315789473684204,0.0,True,0.3333333333333333,0.6666666666666666,,0.5,0.375,dong,3.0
A62675301,양산우방아이유쉘,양산시,신기동,651-1,경상남도,48330,yangsan,양산,GYEONGNAM,양산시,YANGSAN,False,True,581.0,,,649.0,1.117039586919105,1.0,4.0,17.0,1,35.351012601003,129.034714516009,경상남도 양산시 신기강변1길 11,True,0.029259896729776247,315000000.0,12236984.298518846,0.016129032258064502,0.008064516129032251,0.013900245298446468,400000000.0,-0.21250000000000002,240000000.0,0.3125,4.0,False,0.6,0.8,1.0,0.2777777777777778,0.7116666666666666,dong,1.0
A62675402,대동서안한마음,양산시,신기동,511-3,경상남도,48330,yangsan,양산,GYEONGNAM,양산시,YANGSAN,False,True,540.0,,,543.0,1.0055555555555555,0.0,3.0,10.0,2,35.35139568686,129.039251746731,경상남도 양산시 신기서길 14,True,0.018518518518518517,,,,,,,,,,,,0.4,0.4,,0.6666666666666666,0.33999999999999997,dong,4.0
A62675505,경보3,양산시,평산동,1108-95,경상남도,48330,yangsan,양산,GYEONGNAM,양산시,YANGSAN,False,True,454.0,1993-05-25,33,360.0,0.7929515418502202,2.0,7.0,18.0,4,35.3698797216419,129.14191224091,경상남도 양산시 평산회야로 33,True,0.039647577092511016,,,,-0.04761904761904767,-0.09492273730684331,140000000.0,-0.2857142857142857,60000000.0,0.6666666666666667,1.0,True,0.4444444444444444,0.8333333333333334,,0.9166666666666666,0.5208333333333333,dong,4.0
A62675614,봉우,양산시,평산동,568,경상남도,48330,yangsan,양산,GYEONGNAM,양산시,YANGSAN,False,True,998.0,1994-01-17,32,614.0,0.6152304609218436,3.0,8.0,30.0,4,35.3856207647202,129.14316418918,경상남도 양산시 신명로 87,True,0.03006012024048096,,,,,-0.07407407407407407,148000000.0,-0.32432432432432434,70000000.0,0.4285714285714286,0.0,True,0.9444444444444444,0.3611111111111111,,0.9166666666666666,0.5291666666666667,dong,3.0
A62675804,대동황토방,양산시,중부동,696-1,경상남도,48330,yangsan,양산,GYEONGNAM,양산시,YANGSAN,False,True,1256.0,,,1408.0,1.1210191082802548,5.0,16.0,33.0,5,35.3376461587188,129.034033176002,경상남도 양산시 양주로 154,True,0.026273885350318472,220000000.0,8541176.470588235,0.04886769964243154,-0.07848518111964875,-0.04139433551198257,300000000.0,-0.2666666666666667,189000000.0,0.16402116402116396,10.0,False,1.0,0.75,0.3333333333333333,0.9615384615384616,0.7525641025641026,dong,1.0
A62676203,동원로얄듀크,양산시,남부동,608-4,경상남도,48330,yangsan,양산,GYEONGNAM,양산시,YANGSAN,False,True,779.0,,,827.0,1.0616174582798459,7.0,17.0,34.0,2,35.330489081051,129.026852034641,경상남도 양산시 양주로 32,True,0.043645699614890884,235500000.0,9144953.066145139,-0.0523138832997988,0.008247422680412342,0.006224066390041472,337000000.0,-0.3204747774480712,200000000.0,0.14500000000000002,5.0,False,0.5,1.0,0.5,0.5,0.6499999999999999,dong,2.0
A62676305,상록경남아너스빌,양산시,남부동,608-1,경상남도,48330,yangsan,양산,GYEONGNAM,양산시,YANGSAN,False,True,998.0,,,1174.0,1.1763527054108216,1.0,11.0,30.0,2,35.3303896565907,129.02413310615,경상남도 양산시 양주로 16,True,0.03006012024048096,,,,-0.006085192697768749,0.004073319755600879,328750000.0,-0.2775665399239544,210000000.0,0.13095238095238093,8.0,False,0.8333333333333334,0.5,,0.5,0.47500000000000003,dong,4.0
A62676402,양산신도시 벽산블루밍,양산시,남부동,565-1,경상남도,48330,yangsan,양산,GYEONGNAM,양산시,YANGSAN,False,True,766.0,,,782.0,1.0208877284595301,4.0,12.0,33.0,2,35.3326412169909,129.026872354638,경상남도 양산시 양주로 39,True,0.04308093994778068,,,,,,,,,,,,0.3333333333333333,0.8333333333333334,,0.5,0.425,dong,5.0
A62676902,성신,양산시,어곡동,645-18,경상남도,48330,yangsan,양산,GYEONGNAM,양산시,YANGSAN,False,True,474.0,,,180.0,0.379746835443038,1.0,4.0,14.0,1,35.3839302341528,129.028919186573,경상남도 양산시 두전길 42-3,True,0.029535864978902954,,,,,,,,,,,,0.6666666666666666,1.0,,0.5,0.575,dong,1.0
A62676903,삼성파크빌,양산시,어곡동,8-1,경상남도,48330,yangsan,양산,GYEONGNAM,양산시,YANGSAN,False,True,625.0,,,456.0,0.7296,0.0,0.0,0.0,1,35.3816055131395,129.027859981503,경상남도 양산시 두전길 42,True,0.0,,,,,,,,,,,,1.0,0.3333333333333333,,0.5,0.475,dong,2.0
A62677203,양산신도시뜰안채아파트,양산시,중부동,694-1,경상남도,48330,yangsan,양산,GYEONGNAM,양산시,YANGSAN,False,True,1248.0,,,1258.0,1.0080128205128205,11.0,27.0,61.0,3,35.3366372541324,129.029787688641,경상남도 양산시 양주로 113,True,0.04887820512820513,,,,,,,,,,,,0.75,1.0,,0.7692307692307693,0.6403846153846153,dong,2.0
A62678205,일양하이츠타운,양산시,상북면대석리,665,경상남도,48330,yangsan,양산,GYEONGNAM,양산시,YANGSAN,False,True,296.0,1992-08-03,34,245.0,0.8277027027027027,0.0,1.0,2.0,3,35.3938994959971,129.053640154573,경상남도 양산시 공암길 26,True,0.006756756756756757,,,,,,147000000.0,-0.38095238095238093,78000000.0,0.16666666666666674,0.0,True,1.0,1.0,,1.0,0.75,dong,1.0
A62678304,진일석계2,양산시,상북면석계리,237-1,경상남도,48330,yangsan,양산,GYEONGNAM,양산시,YANGSAN,False,True,240.0,1992-06-04,34,128.0,0.5333333333333333,0.0,4.0,6.0,2,35.4158060588127,129.058953400086,경상남도 양산시 반회서7길 20,True,0.025,,,,-0.1428571428571429,-0.09930715935334877,132500000.0,-0.3207547169811321,90000000.0,0.0,2.0,True,0.7777777777777778,0.5,,0.5769230769230769,0.4698717948717948,dong,5.0
A62678306,진일석계1,양산시,상북면석계리,244-1,경상남도,48330,yangsan,양산,GYEONGNAM,양산시,YANGSAN,False,True,330.0,1992-04-14,34,134.0,0.40606060606060607,3.0,7.0,10.0,1,35.4137972567441,129.057441998958,경상남도 양산시 반회서5길 21,True,0.030303030303030304,,,,,,,,,,,,0.8888888888888888,0.6666666666666666,,0.19230769230769232,0.49551282051282053,dong,4.0
A62678407,대우마리나,양산시,상북면소토리,908,경상남도,48330,yangsan,양산,GYEONGNAM,양산시,YANGSAN,False,True,622.0,1994-11-29,31,544.0,0.8745980707395499,2.0,9.0,19.0,4,35.3882106769819,129.047976169227,경상남도 양산시 감결길 17,True,0.03054662379421222,90000000.0,3495762.7118644067,-0.18552036199095023,0.1210526315789473,0.11944444444444446,140000000.0,-0.3571428571428571,83000000.0,0.0843373493975903,4.0,False,1.0,1.0,1.0,1.0,1.0,dong,1.0
A62678507,현대롯데청어람,양산시,남부동,602-1,경상남도,48330,yangsan,양산,GYEONGNAM,양산시,YANGSAN,False,True,1724.0,,,1820.0,1.0556844547563806,6.0,19.0,49.0,2,35.3318046597511,129.033750178417,경상남도 양산시 양주로 94,True,0.02842227378190255,262000000.0,10190587.320108905,-0.01132075471698113,-0.01132075471698113,0.041297935103244754,338500000.0,-0.22599704579025115,214500000.0,0.22144522144522139,6.0,False,1.0,0.3333333333333333,0.75,0.5,0.6624999999999999,dong,1.0
A62681102,신창비바패밀리,양산시,물금읍범어리,2713-1,경상남도,48330,yangsan,양산,GYEONGNAM,양산시,YANGSAN,False,True,1248.0,2009-10-30,16,1493.0,1.1963141025641026,7.0,18.0,48.0,4,35.3322222569656,129.017616215995,경상남도 양산시 신주로 69,True,0.038461538461538464,323750000.0,12592925.283405177,-0.06834532374100721,0.0857823669579032,0.06414473684210531,395000000.0,-0.24303797468354427,250000000.0,0.19599999999999995,10.0,False,0.9583333333333334,0.375,0.5714285714285714,0.9615384615384616,0.6870879120879121,dong,4.0
A62681105,양산신도시반도유보라2차,양산시,물금읍범어리,2712-14,경상남도,48330,yangsan,양산,GYEONGNAM,양산시,YANGSAN,False,True,631.0,2013-10-23,12,717.0,1.1362916006339143,7.0,16.0,39.0,2,35.3295885855923,129.014076231824,경상남도 양산시 범어로 57,True,0.061806656101426306,447500000.0,17383055.216247197,0.04556074766355134,0.059113300492610765,0.08279430789133246,465000000.0,0.0,303500000.0,0.5321252059308073,5.0,False,0.5833333333333334,1.0,0.8571428571428571,0.40384615384615385,0.7498626373626374,dong,3.0
A62681108,양산물금대방노블랜드1차,양산시,물금읍범어리,2673-4,경상남도,48330,yangsan,양산,GYEONGNAM,양산시,YANGSAN,False,True,1414.0,2014-04-25,12,1677.0,1.185997171145686,10.0,32.0,69.0,3,35.3368977219737,129.018579482379,경상남도 양산시 신주1길 46,True,0.048797736916548796,368750000.0,14316631.234168615,0.0535714285714286,0.05147058823529416,0.05820105820105814,450000000.0,-0.15555555555555556,285000000.0,0.33333333333333326,15.0,False,1.0,0.7916666666666666,0.6428571428571429,0.75,0.8107142857142857,dong,2.0
A62681201,삼전무지개,양산시,물금읍물금리,496,경상남도,48330,yangsan,양산,GYEONGNAM,양산시,YANGSAN,False,True,168.0,1992-10-24,33,41.0,0.24404761904761904,0.0,0.0,0.0,4,35.3130991311366,128.986562161896,경상남도 양산시 원동로 59,True,0.0,,,,,,145000000.0,0.0,145000000.0,0.0,0.0,True,0.3333333333333333,0.3333333333333333,,1.0,0.35,dong,3.0
A62681415,효성백년가약,양산시,물금읍범어리,2676-13,경상남도,48330,yangsan,양산,GYEONGNAM,양산시,YANGSAN,False,True,832.0,2007-11-15,18,1002.0,1.2043269230769231,11.0,21.0,37.0,4,35.3306613740366,129.013845426657,경상남도 양산시 범어로 33,True,0.04447115384615385,287500000.0,11163209.356504958,0.00877192982456143,-0.010344827586206917,0.00877192982456143,351000000.0,-0.18091168091168086,238500000.0,0.20545073375262057,11.0,False,0.75,0.625,0.42857142857142855,0.9615384615384616,0.6638736263736262,dong,5.0
A62682106,e편한세상남양산2차,양산시,동면석산리,1450-1,경상남도,48330,yangsan,양산,GYEONGNAM,양산시,YANGSAN,False,True,998.0,2013-05-27,13,1356.0,1.3587174348697395,5.0,15.0,33.0,4,35.3205500337273,129.022054881551,경상남도 양산시 금오13길 71,True,0.033066132264529056,301500000.0,11746574.940906567,0.004999999999999893,-0.029838709677419306,0.0,379500000.0,-0.2055335968379447,255000000.0,0.1823529411764706,8.0,False,0.8333333333333334,0.3333333333333333,0.6,0.9705882352941176,0.6455882352941176,dong,1.0
A62682108,e편한세상남양산,양산시,동면석산리,1448-2,경상남도,48330,yangsan,양산,GYEONGNAM,양산시,YANGSAN,False,True,976.0,2013-05-27,13,1131.0,1.158811475409836,5.0,17.0,40.0,2,35.3213037288057,129.028509796034,경상남도 양산시 금오16길 65,True,0.040983606557377046,298750000.0,11624360.220958415,-0.0409309791332263,0.019246861924686165,0.013490725126475533,386000000.0,-0.22150259067357514,249500000.0,0.20440881763527052,10.0,False,0.75,0.5,0.4,0.47058823529411764,0.5455882352941176,dong,4.0
A62683605,대동이미지타운2,양산시,삼호동,171,경상남도,48330,yangsan,양산,GYEONGNAM,양산시,YANGSAN,False,True,908.0,,,645.0,0.710352422907489,1.0,9.0,29.0,1,35.415167463349,129.180812719193,경상남도 양산시 대운로 338,True,0.031938325991189426,,,,,,,,,,,,0.75,0.875,,0.25,0.525,dong,3.0
A62683607,대동이미지타운1,양산시,삼호동,169,경상남도,48330,yangsan,양산,GYEONGNAM,양산시,YANGSAN,False,True,996.0,,,710.0,0.7128514056224899,5.0,11.0,29.0,1,35.4165749712931,129.179202028394,경상남도 양산시 대운로 354,True,0.029116465863453816,,,,,,,,,,,,1.0,0.625,,0.25,0.525,dong,4.0
A62683703,유승한내들,양산시,삼호동,857,경상남도,48330,yangsan,양산,GYEONGNAM,양산시,YANGSAN,False,True,542.0,,,603.0,1.1125461254612545,0.0,1.0,14.0,1,35.4071880133042,129.175987144618,경상남도 양산시 삼호로 98,True,0.025830258302583026,,,,0.012499999999999956,-0.06666666666666665,247000000.0,-0.3441295546558705,142750000.0,0.1348511383537654,1.0,True,0.5,0.5,,0.25,0.33749999999999997,dong,5.0
A62683704,해인그린빌,양산시,삼호동,860,경상남도,48330,yangsan,양산,GYEONGNAM,양산시,YANGSAN,False,True,800.0,,,809.0,1.01125,2.0,7.0,25.0,1,35.407091461868,129.173458227206,경상남도 양산시 삼호로 86,True,0.03125,130500000.0,5352435.473106078,-0.05945945945945941,0.08108108108108114,0.08749999999999991,158000000.0,-0.17405063291139244,105000000.0,0.24285714285714288,7.0,False,0.625,0.75,0.75,0.25,0.6375,dong,2.0
A62684815,양산천성산한일유앤아이아파트,양산시,평산동,600,경상남도,48330,yangsan,양산,GYEONGNAM,양산시,YANGSAN,False,True,1663.0,2008-06-30,18,1745.0,1.0493084786530367,11.0,22.0,53.0,2,35.382096816052,129.141398683072,경상남도 양산시 평산로 116,True,0.03187011425135298,158000000.0,6137236.807412708,0.0360655737704918,0.007987220447284393,0.07679180887372006,217500000.0,-0.271264367816092,133500000.0,0.18726591760299627,20.0,False,1.0,0.6111111111111112,0.75,0.3125,0.7177083333333334,dong,1.0
A62685401,한영,양산시,상북면석계리,505,경상남도,48330,yangsan,양산,GYEONGNAM,양산시,YANGSAN,False,True,159.0,1992-04-30,34,75.0,0.4716981132075472,1.0,1.0,5.0,5,35.410060648448,129.057742475288,경상남도 양산시 반회서1길 6,True,0.031446540880503145,,,,,,110000000.0,-0.3545454545454545,71000000.0,0.0,0.0,True,0.4444444444444444,0.7777777777777778,,1.0,0.5166666666666667,dong,3.0
A62686201,진흥목화,양산시,하북면용연리,437,경상남도,48330,yangsan,양산,GYEONGNAM,양산시,YANGSAN,False,True,165.0,1993-08-06,33,98.0,0.593939393939394,0.0,1.0,4.0,2,35.4442349420612,129.0734881153,경상남도 양산시 용연로 59,True,0.024242424242424242,,,,,,124000000.0,-0.3548387096774194,74000000.0,0.08108108108108114,0.0,True,1.0,1.0,,1.0,0.75,dong,1.0
A62686302,협진태양,양산시,하북면순지리,166-13,경상남도,48330,yangsan,양산,GYEONGNAM,양산시,YANGSAN,False,True,197.0,2000-03-21,26,178.0,0.9035532994923858,0.0,0.0,4.0,2,35.4921850914076,129.089639419013,경상남도 양산시 통도사로 5,True,0.02030456852791878,,,,,,,,,,,,1.0,1.0,,0.75,0.7124999999999999,dong,1.0
TRADE_0048CC450DA6,카멜롯,서구,동대신동2가,182-1,부산광역시,26140,busan,부산,BUSAN,부산광역시,BUSAN_CORE,True,False,,,,,,0.0,0.0,1.0,2,,,,True,,,,,,,250000000.0,0.0,250000000.0,0.0,0.0,True,,,,0.6818181818181818,0.10227272727272727,dong,4.0
TRADE_01D7E4179C86,포세이돈,김해시,삼정동,68-5,경상남도,48250,gimhae,김해,GYEONGNAM,김해시,GIMHAE,False,True,,,,,,0.0,0.0,0.0,2,,,,True,,,,,,,,,,,,,,,,0.8777777777777778,0.13166666666666665,dong,4.0
TRADE_029665D8E2A2,제일베스트빌,김해시,흥동,392-12,경상남도,48250,gimhae,김해,GYEONGNAM,김해시,GIMHAE,False,True,,,,,,0.0,0.0,0.0,1,,,,True,,,,,,,122000000.0,0.0,110000000.0,0.10909090909090913,0.0,True,,,,0.5,0.075,dong,2.0
TRADE_03F394CDAE35,청호아트빌302동,김해시,흥동,6-6,경상남도,48250,gimhae,김해,GYEONGNAM,김해시,GIMHAE,False,True,,,,,,0.0,0.0,0.0,1,,,,True,,,,,,,,,,,,,,,,0.5,0.075,dong,3.0
TRADE_03F9ABB0F1DD,대륙타워B,서구,충무동2가,36-1,부산광역시,26140,busan,부산,BUSAN,부산광역시,BUSAN_CORE,True,False,,,,,,0.0,0.0,0.0,1,,,,True,,,,,,,,,,,,,,,,0.45,0.0675,dong,3.0
TRADE_0527774C2ADA,동성베스트,금정구,회동동,208-9,부산광역시,26410,busan,부산,BUSAN,부산광역시,BUSAN_CORE,True,False,,,,,,0.0,0.0,0.0,2,,,,True,,,,,,,155000000.0,-0.032258064516129004,150000000.0,0.0,0.0,True,,,,0.5,0.075,dong,2.0
TRADE_058D2D08C7C3,동산(1106),영도구,영선동4가,1106,부산광역시,26200,busan,부산,BUSAN,부산광역시,BUSAN_CORE,True,False,,,,,,0.0,0.0,1.0,2,,,,True,,,,,,,180000000.0,-0.46111111111111114,97000000.0,0.0,0.0,True,,,,0.6666666666666666,0.09999999999999999,dong,3.0
TRADE_061E9CF329CF,신생,중구,신창동2가,22,부산광역시,26110,busan,부산,BUSAN,부산광역시,BUSAN_CORE,True,False,,,,,,0.0,1.0,1.0,2,,,,True,,,,,,,,,,,,,,,,1.0,0.15,dong,1.0
TRADE_07127B773C40,미소드리움1차,양산시,하북면순지리,616-6,경상남도,48330,yangsan,양산,GYEONGNAM,양산시,YANGSAN,False,True,,,,,,1.0,1.0,1.0,2,,,,True,,220000000.0,8560311.284046693,,,-0.18518518518518523,360000000.0,-0.38888888888888884,202000000.0,0.08910891089108919,1.0,True,,,1.0,0.75,0.3625,dong,2.0
TRADE_072131337E11,금성타운,금정구,회동동,551,부산광역시,26410,busan,부산,BUSAN,부산광역시,BUSAN_CORE,True,False,,,,,,0.0,0.0,4.0,4,,,,True,,,,,,,235000000.0,-0.021276595744680882,215000000.0,0.06976744186046502,0.0,True,,,,1.0,0.15,dong,1.0
TRADE_07C3780D33B9,초원3,양산시,하북면지산리,17-14,경상남도,48330,yangsan,양산,GYEONGNAM,양산시,YANGSAN,False,True,,,,,,2.0,2.0,2.0,3,,,,True,,,,,,,141000000.0,-0.007092198581560294,112500000.0,0.24444444444444446,0.0,True,,,,1.0,0.15,dong,2.0
TRADE_0867EFFFDB73,충무6차에코팰리스,서구,충무동1가,29-8,부산광역시,26140,busan,부산,BUSAN,부산광역시,BUSAN_CORE,True,False,,,,,,1.0,1.0,2.0,2,,,,True,,,,,,,,,,,,,,,,0.875,0.13125,dong,2.0
TRADE_08F425E95879,센스빌라트,양산시,동면금산리,587-2,경상남도,48330,yangsan,양산,GYEONGNAM,양산시,YANGSAN,False,True,,,,,,0.0,0.0,1.0,1,,,,True,,,,,,,114000000.0,-0.08771929824561409,95000000.0,0.09473684210526323,0.0,True,,,,0.5,0.075,dong,2.0
TRADE_09E2047C6482,위너스빌,서구,서대신동2가,102,부산광역시,26140,busan,부산,BUSAN,부산광역시,BUSAN_CORE,True,False,,,,,,0.0,0.0,2.0,2,,,,True,,,,,,,248000000.0,0.0,208000000.0,0.1923076923076923,0.0,True,,,,0.75,0.11249999999999999,dong,5.0
TRADE_0B7BE7534A07,도경나나빌,서구,토성동5가,37-1,부산광역시,26140,busan,부산,BUSAN,부산광역시,BUSAN_CORE,True,False,,,,,,0.0,0.0,0.0,2,,,,True,,,,,,,228000000.0,-0.2543859649122807,170000000.0,0.0,0.0,True,,,,0.6666666666666666,0.09999999999999999,dong,5.0
TRADE_0B8CE508D5AB,재천에이스빌라,양산시,중부동,599-23,경상남도,48330,yangsan,양산,GYEONGNAM,양산시,YANGSAN,False,True,,,,,,0.0,0.0,0.0,3,,,,True,,,,,,,,,,,,,,,,0.7692307692307693,0.11538461538461539,dong,5.0
TRADE_0C2D911F76FA,허브센티움,서구,부민동1가,32-6,부산광역시,26140,busan,부산,BUSAN,부산광역시,BUSAN_CORE,True,False,,,,,,1.0,1.0,3.0,2,,,,True,,280000000.0,10882110.469909316,,-0.010600706713780883,-0.01754385964912286,315000000.0,-0.11111111111111116,273000000.0,0.02564102564102555,1.0,True,,,1.0,0.6666666666666666,0.35,dong,1.0
TRADE_0C4D5B8E8224,금호아트빌,서구,토성동1가,12-7,부산광역시,26140,busan,부산,BUSAN,부산광역시,BUSAN_CORE,True,False,,,,,,0.0,0.0,1.0,2,,,,True,,,,,,,197000000.0,0.0,197000000.0,0.0,0.0,True,,,,0.5,0.075,dong,3.0
TRADE_0CB0059102E1,수근에이스타운,영도구,봉래동3가,149,부산광역시,26200,busan,부산,BUSAN,부산광역시,BUSAN_CORE,True,False,,,,,,0.0,0.0,1.0,3,,,,True,,,,,,-0.12765957446808507,284000000.0,-0.278169014084507,190000000.0,0.07894736842105265,0.0,True,,,,0.8571428571428571,0.12857142857142856,dong,2.0
TRADE_10A69620F777,신선,영도구,신선동2가,141-1,부산광역시,26200,busan,부산,BUSAN,부산광역시,BUSAN_CORE,True,False,,,,,,0.0,0.0,1.0,1,,,,True,,,,,,,,,,,,,,,,0.5,0.075,dong,2.0
TRADE_1210424A9717,두산프리빌리지,김해시,흥동,7-4,경상남도,48250,gimhae,김해,GYEONGNAM,김해시,GIMHAE,False,True,,,,,,0.0,1.0,1.0,1,,,,True,,,,,,,165000000.0,-0.18181818181818177,125500000.0,0.07569721115537842,1.0,True,,,,0.5,0.075,dong,4.0
TRADE_1236DF5FCB5F,화창빌라,김해시,삼정동,594-4,경상남도,48250,gimhae,김해,GYEONGNAM,김해시,GIMHAE,False,True,,,,,,0.0,0.0,0.0,2,,,,True,,,,,,,,,,,,,,,,0.8777777777777778,0.13166666666666665,dong,5.0
TRADE_134FB1CD9285,서면,부산진구,범전동,263-5,부산광역시,26230,busan,부산,BUSAN,부산광역시,BUSAN_CORE,True,False,,,,,,0.0,1.0,1.0,3,,,,True,,,,,,,,,,,,,,,,0.8,0.12,dong,3.0
TRADE_14FF6D5FAE97,노이하우스2차,기장군,기장읍서부리,61-15,부산광역시,26710,busan,부산,BUSAN,부산광역시,BUSAN_GIJANG,True,False,,,,,,0.0,1.0,1.0,1,,,,True,,,,,,,172000000.0,-0.2151162790697675,135000000.0,0.0,1.0,True,,,,0.4,0.06,dong,3.0
TRADE_1527FC9DBB6F,그린빌,중구,보수동1가,24-2,부산광역시,26110,busan,부산,BUSAN,부산광역시,BUSAN_CORE,True,False,,,,,,0.0,0.0,0.0,1,,,,True,,,,,,,208000000.0,0.0,200000000.0,0.040000000000000036,0.0,True,,,,0.3,0.045,dong,4.0
TRADE_15A6234B33AE,초원2,양산시,하북면순지리,668,경상남도,48330,yangsan,양산,GYEONGNAM,양산시,YANGSAN,False,True,,,,,,0.0,1.0,3.0,2,,,,True,,,,,,,140000000.0,-0.2142857142857143,110000000.0,0.0,1.0,True,,,,0.75,0.11249999999999999,dong,5.0
TRADE_16D7E4C9DB4F,휴먼팰리스,김해시,흥동,408-2,경상남도,48250,gimhae,김해,GYEONGNAM,김해시,GIMHAE,False,True,,,,,,0.0,0.0,0.0,2,,,,True,,,,,,,,,,,,,,,,1.0,0.15,dong,1.0
TRADE_175846C8D0F1,오양대교맨션,영도구,봉래동3가,137,부산광역시,26200,busan,부산,BUSAN,부산광역시,BUSAN_CORE,True,False,,,,,,0.0,0.0,2.0,4,,,,True,,,,,,,,,,,,,,,,1.0,0.15,dong,1.0
TRADE_1767B385C7E8,에코팰리스3,서구,충무동3가,1-114,부산광역시,26140,busan,부산,BUSAN,부산광역시,BUSAN_CORE,True,False,,,,,,2.0,3.0,5.0,1,,,,True,,,,,,,,,,,,,,,,1.0,0.15,dong,1.0
TRADE_17FF11D71854,영도궁전빌라,영도구,영선동3가,18-2,부산광역시,26200,busan,부산,BUSAN,부산광역시,BUSAN_CORE,True,False,,,,,,0.0,0.0,0.0,2,,,,True,,,,,,,240000000.0,0.0,213500000.0,0.1241217798594847,0.0,True,,,,0.75,0.11249999999999999,dong,2.0
TRADE_18ED07203308,스카이뷰,사상구,감전동,332-1,부산광역시,26530,busan,부산,BUSAN,부산광역시,BUSAN_CORE,True,False,,,,,,0.0,0.0,1.0,1,,,,True,,,,,,,180000000.0,0.0,180000000.0,0.0,0.0,True,,,,0.3333333333333333,0.049999999999999996,dong,4.0
TRADE_1906136C6B6F,흑교,중구,보수동2가,38-1,부산광역시,26110,busan,부산,BUSAN,부산광역시,BUSAN_CORE,True,False,,,,,,0.0,0.0,1.0,2,,,,True,,,,,,,,,,,,,,,,0.6,0.09,dong,4.0
TRADE_1ADE5DBB3A3E,경동,김해시,부원동,65-3,경상남도,48250,gimhae,김해,GYEONGNAM,김해시,GIMHAE,False,True,,,,,,0.0,0.0,0.0,2,,,,True,,,,,,,,,,,,,,,,0.8421052631578947,0.1263157894736842,dong,3.0
TRADE_1B83B32F2BAF,대교마루빌,영도구,봉래동2가,65-1,부산광역시,26200,busan,부산,BUSAN,부산광역시,BUSAN_CORE,True,False,,,,,,0.0,0.0,1.0,2,,,,True,,,,,,,,,,,,,,,,0.8125,0.121875,dong,4.0
TRADE_1B8EC9FEA7B9,서원블루오션E동,서구,충무동1가,15-7,부산광역시,26140,busan,부산,BUSAN,부산광역시,BUSAN_CORE,True,False,,,,,,0.0,0.0,0.0,1,,,,True,,,,,,,,,,,,,,,,0.375,0.056249999999999994,dong,3.0
TRADE_1C1318D62EF7,주은해변빌라,기장군,기장읍대변리,391,부산광역시,26710,busan,부산,BUSAN,부산광역시,BUSAN_GIJANG,True,False,,,,,,0.0,0.0,0.0,2,,,,True,,,,,,,95000000.0,0.0,95000000.0,0.0,0.0,True,,,,0.75,0.11249999999999999,dong,2.0
TRADE_1C58414B9C76,한채,김해시,진례면송정리,314-6,경상남도,48250,gimhae,김해,GYEONGNAM,김해시,GIMHAE,False,True,,,,,,1.0,1.0,1.0,1,,,,True,,,,,,,,,,,,,,,,0.25,0.0375,dong,4.0
TRADE_1C631901E519,하이스카이,영도구,영선동1가,13-9,부산광역시,26200,busan,부산,BUSAN,부산광역시,BUSAN_CORE,True,False,,,,,,0.0,0.0,0.0,1,,,,True,,,,,,,,,,,,,,,,0.375,0.056249999999999994,dong,3.0
TRADE_1CB70E52720F,대영맨션,양산시,하북면초산리,60,경상남도,48330,yangsan,양산,GYEONGNAM,양산시,YANGSAN,False,True,,,,,,0.0,1.0,4.0,3,,,,True,,,,,,-0.08823529411764708,89000000.0,-0.2808988764044944,47000000.0,0.36170212765957444,0.0,True,,,,1.0,0.15,dong,1.0
TRADE_1CE73E07E106,신보수맨션,중구,보수동3가,58,부산광역시,26110,busan,부산,BUSAN,부산광역시,BUSAN_CORE,True,False,,,,,,0.0,0.0,0.0,2,,,,True,,,,,,,,,,,,,,,,0.8181818181818182,0.12272727272727273,dong,1.0
TRADE_1CF6CABF4C26,에코펠리스,서구,충무동2가,1-5,부산광역시,26140,busan,부산,BUSAN,부산광역시,BUSAN_CORE,True,False,,,,,,1.0,2.0,4.0,3,,,,True,,,,,,,,,,,,,,,,1.0,0.15,dong,1.0
TRADE_1E1D7DDD5E3D,장유역중흥S-클래스더퍼스트,김해시,내덕동,794,경상남도,48250,gimhae,김해,GYEONGNAM,김해시,GIMHAE,False,True,,,,,,2.0,5.0,16.0,3,,,,True,,395000000.0,15335366.284076631,-0.05182553589860539,0.010000000000000009,0.10163248163372107,430000000.0,-0.06976744186046513,357330000.0,0.11941342736406124,4.0,False,,,1.0,1.0,0.4,dong,1.0
TRADE_1E77C32A531A,한빛빌라5차,김해시,흥동,418-9,경상남도,48250,gimhae,김해,GYEONGNAM,김해시,GIMHAE,False,True,,,,,,0.0,0.0,0.0,1,,,,True,,,,,,,,,,,,,,,,0.5,0.075,dong,5.0
TRADE_1EE1C7D7D24E,충무(38-1),서구,충무동2가,38-1,부산광역시,26140,busan,부산,BUSAN,부산광역시,BUSAN_CORE,True,False,,,,,,0.0,0.0,0.0,1,,,,True,,,,,,,,,,,,,,,,0.45,0.0675,dong,4.0
TRADE_1F8240EF6911,서원블루오션G동,서구,부용동1가,61,부산광역시,26140,busan,부산,BUSAN,부산광역시,BUSAN_CORE,True,False,,,,,,4.0,4.0,5.0,2,,,,True,,,,,,,,,,,,,,,,0.6666666666666666,0.09999999999999999,dong,3.0
TRADE_20E37E7058A8,태원더블루원,강서구,대저1동,2338-2,부산광역시,26440,busan,부산,BUSAN,부산광역시,BUSAN_CORE,True,False,,,,,,0.0,0.0,1.0,2,,,,True,,,,,,,,,,,,,,,,0.625,0.09375,dong,2.0
TRADE_211488039165,그린,김해시,봉황동,126,경상남도,48250,gimhae,김해,GYEONGNAM,김해시,GIMHAE,False,True,,,,,,0.0,0.0,0.0,2,,,,True,,,,,,,,,,,,,,,,0.7333333333333333,0.10999999999999999,dong,4.0
TRADE_219B468861F4,진원하이빌1차,사상구,감전동,252-1,부산광역시,26530,busan,부산,BUSAN,부산광역시,BUSAN_CORE,True,False,,,,,,0.0,0.0,0.0,1,,,,True,,,,,,,,,,,,,,,,0.3333333333333333,0.049999999999999996,dong,5.0
TRADE_227FD3DEB7BE,가야그린빌(70-16),김해시,풍유동,70-16,경상남도,48250,gimhae,김해,GYEONGNAM,김해시,GIMHAE,False,True,,,,,,0.0,0.0,0.0,1,,,,True,,,,,,,,,,,,,,,,0.5,0.075,dong,2.0
TRADE_229F134777D5,새진흥,양산시,상북면소토리,555,경상남도,48330,yangsan,양산,GYEONGNAM,양산시,YANGSAN,False,True,,,,,,0.0,2.0,2.0,3,,,,True,,,,,,-0.10052910052910058,110000000.0,-0.2272727272727273,55000000.0,0.5454545454545454,1.0,True,,,,0.6666666666666666,0.09999999999999999,dong,2.0
TRADE_2336C2877F52,율하자이힐스테이트,김해시,장유동,847,경상남도,48250,gimhae,김해,GYEONGNAM,김해시,GIMHAE,False,True,,,,,,6.0,35.0,90.0,2,,,,True,,494500000.0,19202737.86130202,0.04105263157894745,0.06743421052631571,0.017601760176017667,568000000.0,-0.13556338028169013,364750000.0,0.3461274845784783,30.0,False,,,1.0,0.5,0.325,dong,5.0
TRADE_235684B9DC07,광남백조맨션(2동),김해시,봉황동,459-2,경상남도,48250,gimhae,김해,GYEONGNAM,김해시,GIMHAE,False,True,,,,,,0.0,0.0,1.0,3,,,,True,,,,,,,220000000.0,0.0,155500000.0,0.414790996784566,0.0,True,,,,0.9,0.135,dong,3.0
TRADE_254ECD6B53A7,청송,영도구,영선동2가,36,부산광역시,26200,busan,부산,BUSAN,부산광역시,BUSAN_CORE,True,False,,,,,,0.0,0.0,0.0,1,,,,True,,,,,,,235000000.0,0.0,235000000.0,0.0,0.0,True,,,,0.42857142857142855,0.06428571428571428,dong,3.0
TRADE_26785C7BCC39,대륙천마A,서구,충무동2가,33-6,부산광역시,26140,busan,부산,BUSAN,부산광역시,BUSAN_CORE,True,False,,,,,,0.0,0.0,0.0,1,,,,True,,,,,,,,,,,,,,,,0.45,0.0675,dong,5.0
TRADE_2A5E5340A132,홍익,김해시,대성동,413-4,경상남도,48250,gimhae,김해,GYEONGNAM,김해시,GIMHAE,False,True,,,,,,2.0,4.0,6.0,2,,,,True,,,,,,-0.02092050209205021,134000000.0,-0.12686567164179108,105000000.0,0.11428571428571432,1.0,True,,,,0.75,0.11249999999999999,dong,2.0
TRADE_2B6527C7EF5F,남항동썬플라자,영도구,영선동2가,71-1,부산광역시,26200,busan,부산,BUSAN,부산광역시,BUSAN_CORE,True,False,,,,,,0.0,0.0,0.0,3,,,,True,,,,,,,,,,,,,,,,0.8571428571428571,0.12857142857142856,dong,2.0
TRADE_2B8BD07EAE92,엘메르,사상구,감전동,134-1,부산광역시,26530,busan,부산,BUSAN,부산광역시,BUSAN_CORE,True,False,,,,,,0.0,0.0,0.0,2,,,,True,,,,,,,,,,,,,,,,0.8333333333333334,0.125,dong,1.0
TRADE_2BF5F0343B88,삼부타워,서구,충무동2가,24-4,부산광역시,26140,busan,부산,BUSAN,부산광역시,BUSAN_CORE,True,False,,,,,,0.0,0.0,0.0,2,,,,True,,,,,,,,,,,,,,,,0.9,0.135,dong,2.0
TRADE_2CA9352ACBAB,중앙,김해시,부원동,13,경상남도,48250,gimhae,김해,GYEONGNAM,김해시,GIMHAE,False,True,,,,,,0.0,0.0,4.0,2,,,,True,,,,,,,,,,,,,,,,0.8421052631578947,0.1263157894736842,dong,4.0
TRADE_2DAF3863E20C,남항무궁화맨션,영도구,남항동3가,34-1,부산광역시,26200,busan,부산,BUSAN,부산광역시,BUSAN_CORE,True,False,,,,,,0.0,2.0,2.0,2,,,,True,,,,,,,120000000.0,0.0,105000000.0,0.1428571428571428,0.0,True,,,,0.9,0.135,dong,1.0
TRADE_2FCEB8EAD140,성림,기장군,정관읍달산리,141-5,부산광역시,26710,busan,부산,BUSAN,부산광역시,BUSAN_GIJANG,True,False,,,,,,0.0,0.0,0.0,2,,,,True,,,,,,,,,,,,,,,,0.8333333333333334,0.125,dong,4.0
TRADE_30180BE73EB0,성우펠리체리움,영도구,봉래동3가,91-2,부산광역시,26200,busan,부산,BUSAN,부산광역시,BUSAN_CORE,True,False,,,,,,0.0,0.0,1.0,1,,,,True,,,,,,-0.012499999999999956,340000000.0,-0.07058823529411762,277000000.0,0.1407942238267148,0.0,True,,,,0.42857142857142855,0.06428571428571428,dong,3.0
TRADE_303C3DC1DEFD,문화,서구,토성동2가,7-4,부산광역시,26140,busan,부산,BUSAN,부산광역시,BUSAN_CORE,True,False,,,,,,0.0,1.0,1.0,1,,,,True,,,,,,,,,,,,,,,,0.5,0.075,dong,2.0
TRADE_3047ACA93324,우주그랜져빌리지,서구,서대신동1가,50-4,부산광역시,26140,busan,부산,BUSAN,부산광역시,BUSAN_CORE,True,False,,,,,,0.0,0.0,0.0,3,,,,True,,,,,,,174000000.0,-0.2816091954022989,125000000.0,0.0,0.0,True,,,,0.9259259259259259,0.1388888888888889,dong,3.0
TRADE_313B180B5CA7,웰리안아파트,영도구,대교동2가,32,부산광역시,26200,busan,부산,BUSAN,부산광역시,BUSAN_CORE,True,False,,,,,,0.0,0.0,0.0,2,,,,True,,,,,,,257000000.0,0.0,236000000.0,0.08898305084745761,0.0,True,,,,0.6666666666666666,0.09999999999999999,dong,2.0
TRADE_3163C2DE8144,유진캐슬3차아파트,영도구,남항동2가,230-2,부산광역시,26200,busan,부산,BUSAN,부산광역시,BUSAN_CORE,True,False,,,,,,1.0,1.0,1.0,2,,,,True,,,,,,,,,,,,,,,,0.75,0.11249999999999999,dong,1.0
TRADE_329820340303,충무에코팰리스2차,서구,충무동1가,26-4,부산광역시,26140,busan,부산,BUSAN,부산광역시,BUSAN_CORE,True,False,,,,,,0.0,0.0,2.0,1,,,,True,,,,,,-0.012820512820512775,468000000.0,-0.1495726495726496,309000000.0,0.28802588996763756,0.0,True,,,,0.375,0.056249999999999994,dong,4.0
TRADE_3410240F329B,해운맨숀,수영구,수영동,456-10,부산광역시,26500,busan,부산,BUSAN,부산광역시,BUSAN_CORE,True,False,,,,,,0.0,0.0,0.0,2,,,,True,,,,,,,,,,,,,,,,0.7058823529411765,0.10588235294117647,dong,5.0
TRADE_34476F3C135B,힐링파크,영도구,영선동2가,44-1,부산광역시,26200,busan,부산,BUSAN,부산광역시,BUSAN_CORE,True,False,,,,,,1.0,2.0,3.0,1,,,,True,,,,,,,,,,,,,,,,0.42857142857142855,0.06428571428571428,dong,4.0
TRADE_3586564960E1,시영(1동),영도구,봉래동5가,169-7,부산광역시,26200,busan,부산,BUSAN,부산광역시,BUSAN_CORE,True,False,,,,,,0.0,1.0,2.0,1,,,,True,,,,,,,,,,,,,,,,0.3333333333333333,0.049999999999999996,dong,4.0
TRADE_378B978E5318,미소지음,서구,동대신동1가,320-3,부산광역시,26140,busan,부산,BUSAN,부산광역시,BUSAN_CORE,True,False,,,,,,0.0,0.0,1.0,1,,,,True,,,,,,,,,,,,,,,,0.375,0.056249999999999994,dong,4.0
TRADE_37E654EF6CDA,남일,영도구,남항동3가,1-2,부산광역시,26200,busan,부산,BUSAN,부산광역시,BUSAN_CORE,True,False,,,,,,1.0,2.0,2.0,1,,,,True,,,,,,,,,,,,,,,,0.4,0.06,dong,3.0
TRADE_380E7502E698,향원밸리빌,서구,부민동1가,18-8,부산광역시,26140,busan,부산,BUSAN,부산광역시,BUSAN_CORE,True,False,,,,,,0.0,0.0,1.0,1,,,,True,,,,,,,260000000.0,-0.05769230769230771,245000000.0,0.0,0.0,True,,,,0.25,0.0375,dong,5.0
TRADE_38B0B478F3E7,영선무궁화맨션,영도구,영선동3가,53,부산광역시,26200,busan,부산,BUSAN,부산광역시,BUSAN_CORE,True,False,,,,,,0.0,0.0,0.0,3,,,,True,,,,,,,225000000.0,-0.4666666666666667,120000000.0,0.0,0.0,True,,,,1.0,0.15,dong,1.0
TRADE_3937865B3468,혜광드림팰리스,영도구,남항동1가,116,부산광역시,26200,busan,부산,BUSAN,부산광역시,BUSAN_CORE,True,False,,,,,,0.0,0.0,1.0,3,,,,True,,,,,,,235000000.0,0.0,220000000.0,0.06818181818181812,0.0,True,,,,0.95,0.1425,dong,2.0
TRADE_3A9328A78378,화신골든맨션,금정구,청룡동,7-9,부산광역시,26410,busan,부산,BUSAN,부산광역시,BUSAN_CORE,True,False,,,,,,1.0,2.0,4.0,2,,,,True,,170000000.0,6602330.234200305,-0.24444444444444446,0.08965517241379306,-0.006849315068493178,225000000.0,-0.24444444444444446,160000000.0,0.0625,2.0,True,,,0.3333333333333333,0.75,0.1958333333333333,dong,5.0
TRADE_3BAB9A0534E1,금성,중구,부평동2가,47-6,부산광역시,26110,busan,부산,BUSAN,부산광역시,BUSAN_CORE,True,False,,,,,,0.0,0.0,0.0,1,,,,True,,,,,,,,,,,,,,,,0.3333333333333333,0.049999999999999996,dong,3.0
TRADE_3BDB6C6CBDD6,다사랑빌,서구,부민동1가,12-2,부산광역시,26140,busan,부산,BUSAN,부산광역시,BUSAN_CORE,True,False,,,,,,0.0,0.0,2.0,2,,,,True,,,,,,,,,,,,,,,,0.6666666666666666,0.09999999999999999,dong,3.0
TRADE_3C08590E1EDB,아젤리아빌라,서구,동대신동1가,218-1,부산광역시,26140,busan,부산,BUSAN,부산광역시,BUSAN_CORE,True,False,,,,,,0.0,0.0,0.0,1,,,,True,,,,,,,,,,,,,,,,0.375,0.056249999999999994,dong,5.0
TRADE_3C57B3A7CEFF,동림,중구,대청동4가,78-76,부산광역시,26110,busan,부산,BUSAN,부산광역시,BUSAN_CORE,True,False,,,,,,0.0,0.0,0.0,2,,,,True,,,,,,,,,,,,,,,,0.8461538461538461,0.12692307692307692,dong,3.0
TRADE_3C97F8FB9E0A,한우리6차,영도구,대교동1가,129-2,부산광역시,26200,busan,부산,BUSAN,부산광역시,BUSAN_CORE,True,False,,,,,,0.0,0.0,0.0,2,,,,True,,,,,,,,,,,,,,,,0.8,0.12,dong,2.0
TRADE_3CA7F2E42B28,유원블루파크,영도구,봉래동1가,128-1,부산광역시,26200,busan,부산,BUSAN,부산광역시,BUSAN_CORE,True,False,,,,,,0.0,1.0,3.0,1,,,,True,,,,,,,,,,,,,,,,0.3333333333333333,0.049999999999999996,dong,3.0
TRADE_3DA3791C8E17,보수동봄여름가을겨울,중구,보수동2가,81-2,부산광역시,26110,busan,부산,BUSAN,부산광역시,BUSAN_CORE,True,False,,,,,,0.0,0.0,2.0,3,,,,True,,,,,,,307000000.0,-0.0228013029315961,300000000.0,0.0,0.0,True,,,,0.9,0.135,dong,1.0
TRADE_3E235233931B,영선궁전빌라,영도구,영선동3가,17,부산광역시,26200,busan,부산,BUSAN,부산광역시,BUSAN_CORE,True,False,,,,,,0.0,0.0,0.0,1,,,,True,,,,,,,228000000.0,0.0,228000000.0,0.0,0.0,True,,,,0.3333333333333333,0.049999999999999996,dong,4.0
TRADE_3E7471D57E3C,일광,서구,아미동2가,123-1,부산광역시,26140,busan,부산,BUSAN,부산광역시,BUSAN_CORE,True,False,,,,,,0.0,1.0,1.0,3,,,,True,,,,,,,265000000.0,0.0,265000000.0,0.0,0.0,True,,,,0.9,0.135,dong,1.0
TRADE_41390F2E8FBF,목연정M팰리스,중구,부평동4가,24-2,부산광역시,26110,busan,부산,BUSAN,부산광역시,BUSAN_CORE,True,False,,,,,,0.0,0.0,2.0,3,,,,True,,,,,,,,,,,,,,,,0.9545454545454546,0.1431818181818182,dong,1.0
TRADE_41CD15D26352,신양주2,양산시,북부동,153-7,경상남도,48330,yangsan,양산,GYEONGNAM,양산시,YANGSAN,False,True,,,,,,0.0,1.0,3.0,2,,,,True,,,,,,,,,,,,,,,,0.8529411764705882,0.12794117647058822,dong,3.0
TRADE_421A7B1F1EA0,중보빌라,서구,토성동3가,13-2,부산광역시,26140,busan,부산,BUSAN,부산광역시,BUSAN_CORE,True,False,,,,,,0.0,0.0,0.0,2,,,,True,,,,,,,257000000.0,-0.06614785992217898,240000000.0,0.0,0.0,True,,,,0.6666666666666666,0.09999999999999999,dong,2.0
TRADE_42262273212E,에덴빌리지,서구,동대신동3가,200,부산광역시,26140,busan,부산,BUSAN,부산광역시,BUSAN_CORE,True,False,,,,,,0.0,0.0,0.0,3,,,,True,,,,,,,197500000.0,-0.09367088607594942,179000000.0,0.0,0.0,True,,,,0.9615384615384616,0.14423076923076922,dong,4.0
TRADE_4466C531AFD1,쏠데까사,해운대구,송정동,200-4,부산광역시,26350,busan,부산,BUSAN,부산광역시,BUSAN_CORE,True,False,,,,,,0.0,0.0,1.0,3,,,,True,,,,,,,,,,,,,,,,0.9264705882352942,0.13897058823529412,dong,4.0
TRADE_47C5E9DD8B0E,럭스빌비치,해운대구,송정동,137-12,부산광역시,26350,busan,부산,BUSAN,부산광역시,BUSAN_CORE,True,False,,,,,,1.0,1.0,3.0,3,,,,True,,,,,,,,,,,,,,,,0.9264705882352942,0.13897058823529412,dong,5.0
TRADE_4829D2E93689,청솔아트빌라,영도구,영선동3가,28-1,부산광역시,26200,busan,부산,BUSAN,부산광역시,BUSAN_CORE,True,False,,,,,,0.0,0.0,1.0,2,,,,True,,,,,,,191000000.0,0.0,172000000.0,0.11046511627906974,0.0,True,,,,0.75,0.11249999999999999,dong,3.0
TRADE_489639814B84,문화파크,금정구,금사동,64-15,부산광역시,26410,busan,부산,BUSAN,부산광역시,BUSAN_CORE,True,False,,,,,,0.0,0.0,0.0,2,,,,True,,,,,,,,,,,,,,,,0.5,0.075,dong,4.0
TRADE_494C4B83C742,창신빌라,기장군,기장읍대변리,442-1,부산광역시,26710,busan,부산,BUSAN,부산광역시,BUSAN_GIJANG,True,False,,,,,,1.0,1.0,1.0,1,,,,True,,,,,,,,,,,,,,,,0.375,0.056249999999999994,dong,3.0
TRADE_4988419CC348,대호그린빌라,서구,서대신동1가,52-17,부산광역시,26140,busan,부산,BUSAN,부산광역시,BUSAN_CORE,True,False,,,,,,0.0,0.0,0.0,3,,,,True,,,,,,,,,,,,,,,,0.9259259259259259,0.1388888888888889,dong,4.0
TRADE_4AEDAD101C65,가야2차아파트,김해시,삼정동,658-1,경상남도,48250,gimhae,김해,GYEONGNAM,김해시,GIMHAE,False,True,,,,,,1.0,1.0,2.0,1,,,,True,,130000000.0,5069124.423963134,,-0.0714285714285714,,150000000.0,-0.1333333333333333,130000000.0,0.0,1.0,True,,,1.0,0.3888888888888889,0.30833333333333335,dong,2.0
TRADE_4AF303AB4B2A,태림맨션(94-0),영도구,대평동1가,94,부산광역시,26200,busan,부산,BUSAN,부산광역시,BUSAN_CORE,True,False,,,,,,0.0,0.0,0.0,2,,,,True,,,,,,,100000000.0,0.0,100000000.0,0.0,0.0,True,,,,0.75,0.11249999999999999,dong,2.0
TRADE_4CBC8520C630,범전시영2동,부산진구,범전동,329-15,부산광역시,26230,busan,부산,BUSAN,부산광역시,BUSAN_CORE,True,False,,,,,,0.0,1.0,1.0,2,,,,True,,,,,,,,,,,,,,,,0.5,0.075,dong,4.0
TRADE_4D145433E4CC,영선2동4동,영도구,영선동4가,1298,부산광역시,26200,busan,부산,BUSAN,부산광역시,BUSAN_CORE,True,False,,,,,,0.0,1.0,1.0,1,,,,True,,,,,,,,,,,,,,,,0.3333333333333333,0.049999999999999996,dong,4.0
TRADE_4DA42E8B38B3,한성빌라,서구,토성동5가,27-1,부산광역시,26140,busan,부산,BUSAN,부산광역시,BUSAN_CORE,True,False,,,,,,1.0,2.0,3.0,2,,,,True,,182000000.0,7292374.9392909175,,-0.04210526315789476,,210000000.0,-0.1333333333333333,145380000.0,0.2518915944421516,1.0,True,,,0.5,0.6666666666666666,0.22499999999999998,dong,2.0
TRADE_4EBB47610842,동호,동래구,복천동,67,부산광역시,26260,busan,부산,BUSAN,부산광역시,BUSAN_CORE,True,False,,,,,,0.0,0.0,0.0,3,,,,True,,,,,,,,,,,,,,,,0.8333333333333334,0.125,dong,5.0
TRADE_4EE3CCA4B39D,청호아트빌(71-14),김해시,풍유동,71-14,경상남도,48250,gimhae,김해,GYEONGNAM,김해시,GIMHAE,False,True,,,,,,0.0,0.0,0.0,1,,,,True,,,,,,,148000000.0,-0.010135135135135087,114500000.0,0.2794759825327511,0.0,True,,,,0.5,0.075,dong,3.0
TRADE_4F3AB81380F0,청솔1차,김해시,지내동,67-1,경상남도,48250,gimhae,김해,GYEONGNAM,김해시,GIMHAE,False,True,,,,,,0.0,0.0,0.0,2,,,,True,,,,,,,158000000.0,-0.17721518987341767,130000000.0,0.0,0.0,True,,,,0.7272727272727273,0.10909090909090909,dong,4.0
TRADE_4F8E134026B8,협성파크,동구,수정동,771-11,부산광역시,26170,busan,부산,BUSAN,부산광역시,BUSAN_CORE,True,False,,,,,,0.0,0.0,1.0,3,,,,True,,,,,,,,,,,,,,,,0.9393939393939394,0.1409090909090909,dong,4.0
TRADE_5015EC14BAB2,부전비치,기장군,일광읍이천리,767,부산광역시,26710,busan,부산,BUSAN,부산광역시,BUSAN_GIJANG,True,False,,,,,,1.0,1.0,1.0,2,,,,True,,,,,,,212500000.0,0.0,150000000.0,0.41666666666666674,0.0,True,,,,0.8333333333333334,0.125,dong,4.0
TRADE_50DAD4AA8435,양지,중구,대창동1가,54-30,부산광역시,26110,busan,부산,BUSAN,부산광역시,BUSAN_CORE,True,False,,,,,,0.0,0.0,0.0,2,,,,True,,,,,,,128000000.0,0.0,128000000.0,0.0,0.0,True,,,,0.25,0.0375,dong,4.0
TRADE_537EFFB8E3D8,영선1동,영도구,영선동4가,1278,부산광역시,26200,busan,부산,BUSAN,부산광역시,BUSAN_CORE,True,False,,,,,,0.0,0.0,1.0,1,,,,True,,,,,,,,,,,,,,,,0.3333333333333333,0.049999999999999996,dong,5.0
TRADE_538271B9106A,미소지음주상복합,중구,보수동1가,11-5,부산광역시,26110,busan,부산,BUSAN,부산광역시,BUSAN_CORE,True,False,,,,,,0.0,0.0,2.0,2,,,,True,,,,,,,275000000.0,-0.09818181818181815,248000000.0,0.0,0.0,True,,,,0.6,0.09,dong,3.0
TRADE_5414A933A81B,해강하이츠,김해시,대성동,68,경상남도,48250,gimhae,김해,GYEONGNAM,김해시,GIMHAE,False,True,,,,,,0.0,0.0,0.0,2,,,,True,,,,,,,,,,,,,,,,0.75,0.11249999999999999,dong,3.0
TRADE_54B65F3A7AB7,웰빙타운101동,양산시,상북면대석리,664,경상남도,48330,yangsan,양산,GYEONGNAM,양산시,YANGSAN,False,True,,,,,,0.0,0.0,1.0,1,,,,True,,,,,,-0.14102564102564108,95000000.0,-0.2947368421052632,67000000.0,0.0,0.0,True,,,,0.375,0.056249999999999994,dong,3.0
TRADE_55E705DF0EBC,AK휴엘아파트,김해시,생림면봉림리,659,경상남도,48250,gimhae,김해,GYEONGNAM,김해시,GIMHAE,False,True,,,,,,0.0,0.0,0.0,2,,,,True,,,,,,,,,,,,,,,,1.0,0.15,dong,1.0
TRADE_55EAF9304E1B,원광브릿지타워,영도구,대교동1가,1,부산광역시,26200,busan,부산,BUSAN,부산광역시,BUSAN_CORE,True,False,,,,,,0.0,0.0,0.0,2,,,,True,,,,,,,,,,,,,,,,0.8,0.12,dong,3.0
TRADE_563C83616F08,모닝아일랜드,영도구,대교동2가,120,부산광역시,26200,busan,부산,BUSAN,부산광역시,BUSAN_CORE,True,False,,,,,,1.0,1.0,2.0,3,,,,True,,250000000.0,9708166.627441749,,,,345000000.0,-0.2753623188405797,250000000.0,0.0,1.0,True,,,1.0,1.0,0.4,dong,1.0
TRADE_5690F2A75E58,영촌아트빌,서구,서대신동1가,34-15,부산광역시,26140,busan,부산,BUSAN,부산광역시,BUSAN_CORE,True,False,,,,,,0.0,0.0,1.0,3,,,,True,,,,,,,242000000.0,-0.15289256198347112,205000000.0,0.0,0.0,True,,,,0.9259259259259259,0.1388888888888889,dong,5.0
TRADE_5906D560E714,아크로폴리스,서구,토성동5가,46-1,부산광역시,26140,busan,부산,BUSAN,부산광역시,BUSAN_CORE,True,False,,,,,,2.0,7.0,8.0,4,,,,True,,,,,,,230000000.0,0.0,210000000.0,0.09523809523809534,0.0,True,,,,1.0,0.15,dong,3.0
TRADE_59316CA8B255,동대신동미소지음3차주상복합아파트,서구,동대신동1가,333-8,부산광역시,26140,busan,부산,BUSAN,부산광역시,BUSAN_CORE,True,False,,,,,,0.0,0.0,0.0,2,,,,True,,,,,,,,,,,,,,,,0.75,0.11249999999999999,dong,3.0
TRADE_5A901934D33A,더킹페로스아파트,영도구,남항동1가,86,부산광역시,26200,busan,부산,BUSAN,부산광역시,BUSAN_CORE,True,False,,,,,,0.0,0.0,3.0,2,,,,True,,,,,,-0.03600000000000003,387500000.0,-0.10193548387096774,320000000.0,0.08749999999999991,0.0,True,,,,0.65,0.0975,dong,3.0
TRADE_5D37C70A5B43,북부아파트,김해시,대성동,55-3,경상남도,48250,gimhae,김해,GYEONGNAM,김해시,GIMHAE,False,True,,,,,,0.0,0.0,0.0,1,,,,True,,,,,,,,,,,,,,,,0.3333333333333333,0.049999999999999996,dong,4.0
TRADE_5E0DFDE8D72D,상마타운,기장군,기장읍대라리,408-1,부산광역시,26710,busan,부산,BUSAN,부산광역시,BUSAN_GIJANG,True,False,,,,,,1.0,1.0,1.0,1,,,,True,,140000000.0,5441696.113074204,,,,140000000.0,0.0,140000000.0,0.0,1.0,True,,,0.5,0.265625,0.16484375,dong,5.0
TRADE_5EEA0CF68EDE,보수동한웅베어스,중구,보수동2가,89-5,부산광역시,26110,busan,부산,BUSAN,부산광역시,BUSAN_CORE,True,False,,,,,,0.0,1.0,1.0,3,,,,True,,,,,,,330000000.0,-0.1575757575757576,275000000.0,0.01090909090909098,0.0,True,,,,0.9,0.135,dong,2.0
TRADE_5F4492BC77B3,부림,김해시,대성동,411-6,경상남도,48250,gimhae,김해,GYEONGNAM,김해시,GIMHAE,False,True,,,,,,0.0,0.0,1.0,1,,,,True,,,,,,,,,,,,,,,,0.3333333333333333,0.049999999999999996,dong,5.0
TRADE_5F7B80C3F921,유나베네스2차,강서구,녹산동,287,부산광역시,26440,busan,부산,BUSAN,부산광역시,BUSAN_CORE,True,False,,,,,,0.0,0.0,1.0,2,,,,True,,,,,,,,,,,,,,,,0.75,0.11249999999999999,dong,1.0
TRADE_5F7E38579213,부원아파트,김해시,부원동,170-18,경상남도,48250,gimhae,김해,GYEONGNAM,김해시,GIMHAE,False,True,,,,,,0.0,0.0,2.0,2,,,,True,,,,,,,,,,,,,,,,0.8421052631578947,0.1263157894736842,dong,5.0
TRADE_615B6C9B63C3,이지벨빌리지,서구,동대신동2가,287,부산광역시,26140,busan,부산,BUSAN,부산광역시,BUSAN_CORE,True,False,,,,,,0.0,0.0,0.0,2,,,,True,,,,,,,,,,,,,,,,0.6818181818181818,0.10227272727272727,dong,5.0
TRADE_6167DB1D3EDF,사송더샵데시앙2차6단지,양산시,동면사송리,1165,경상남도,48330,yangsan,양산,GYEONGNAM,양산시,YANGSAN,False,True,,,,,,1.0,2.0,6.0,2,,,,True,,360000000.0,13986936.107487481,-0.12832929782082325,0.003896103896103842,-0.0006489292667098967,413000000.0,-0.12832929782082325,360000000.0,0.0,2.0,True,,,0.25,0.8333333333333334,0.1875,dong,4.0
TRADE_618655416926,대암보수맨션,중구,보수동1가,146-16,부산광역시,26110,busan,부산,BUSAN,부산광역시,BUSAN_CORE,True,False,,,,,,0.0,0.0,1.0,3,,,,True,,,,,,,,,,,,,,,,0.8,0.12,dong,2.0
TRADE_622F06F2EB84,대성아트빌라3차,영도구,봉래동2가,5-2,부산광역시,26200,busan,부산,BUSAN,부산광역시,BUSAN_CORE,True,False,,,,,,0.0,0.0,0.0,1,,,,True,,,,,,,,,,,,,,,,0.375,0.056249999999999994,dong,5.0
TRADE_636BF1B0D156,한빛타운,영도구,봉래동3가,142-4,부산광역시,26200,busan,부산,BUSAN,부산광역시,BUSAN_CORE,True,False,,,,,,0.0,0.0,0.0,1,,,,True,,,,,,,225000000.0,0.0,213000000.0,0.05633802816901401,0.0,True,,,,0.42857142857142855,0.06428571428571428,dong,4.0
TRADE_6424A16E4B38,아시아드코오롱하늘채,동래구,거제동,1528,부산광역시,26260,busan,부산,BUSAN,부산광역시,BUSAN_CORE,True,False,,,,,,1.0,1.0,10.0,1,,,,True,,865000000.0,33752904.38155149,,-0.037552155771905404,0.08895705521472386,1134000000.0,-0.2372134038800705,562000000.0,0.5391459074733096,1.0,True,,,1.0,1.0,0.4,dong,1.0
TRADE_65829587CFF8,(821-14),양산시,상북면대석리,821-14,경상남도,48330,yangsan,양산,GYEONGNAM,양산시,YANGSAN,False,True,,,,,,1.0,1.0,1.0,2,,,,True,,,,,,,,,,,,,,,,0.75,0.11249999999999999,dong,2.0
TRADE_65F231080B32,사송더샵데시앙1단지,양산시,동면내송리,902,경상남도,48330,yangsan,양산,GYEONGNAM,양산시,YANGSAN,False,True,,,,,,7.0,17.0,39.0,3,,,,True,,426500000.0,16569522.062675636,-0.030681818181818143,0.010963646855164377,0.0017271157167531026,461250000.0,-0.10027100271002709,395000000.0,0.05063291139240511,14.0,False,,,1.0,1.0,0.4,dong,2.0
TRADE_675099EBD204,수근에이스타운,서구,토성동1가,5-1,부산광역시,26140,busan,부산,BUSAN,부산광역시,BUSAN_CORE,True,False,,,,,,0.0,0.0,1.0,2,,,,True,,,,,,0.08656716417910437,275000000.0,-0.0072727272727273196,208000000.0,0.3125,0.0,True,,,,0.5,0.075,dong,4.0
TRADE_6A0C4A8C5795,정림파크,서구,동대신동3가,63-245,부산광역시,26140,busan,부산,BUSAN,부산광역시,BUSAN_CORE,True,False,,,,,,0.0,2.0,2.0,2,,,,True,,,,,,,,,,,,,,,,0.6923076923076923,0.10384615384615384,dong,5.0
TRADE_6A1CAD3C6E43,오페라하우스,영도구,봉래동3가,154,부산광역시,26200,busan,부산,BUSAN,부산광역시,BUSAN_CORE,True,False,,,,,,0.0,0.0,0.0,1,,,,True,,,,,,,222000000.0,0.0,222000000.0,0.0,0.0,True,,,,0.42857142857142855,0.06428571428571428,dong,5.0
TRADE_6B366812CAFB,화인아트1차,김해시,삼정동,597-6,경상남도,48250,gimhae,김해,GYEONGNAM,김해시,GIMHAE,False,True,,,,,,0.0,1.0,5.0,3,,,,True,,,,,-0.033333333333333326,,153000000.0,-0.05228758169934644,145000000.0,0.0,1.0,True,,,,0.9944444444444445,0.14916666666666667,dong,3.0
TRADE_6C9B3D60449F,건한,서구,토성동3가,15-5,부산광역시,26140,busan,부산,BUSAN,부산광역시,BUSAN_CORE,True,False,,,,,,0.0,0.0,0.0,1,,,,True,,,,,,,,,,,,,,,,0.3333333333333333,0.049999999999999996,dong,3.0
TRADE_6D30153D5A61,김해푸르지오하이엔드,김해시,안동,BL-2-2,경상남도,48250,gimhae,김해,GYEONGNAM,김해시,GIMHAE,False,True,,,,,,5.0,20.0,41.0,3,,,,True,,462500000.0,17957826.02352255,-0.014909478168264156,-0.021164021164021163,-0.027305512622359585,490500000.0,-0.06218144750254839,398000000.0,0.1557788944723617,5.0,False,,,1.0,0.8125,0.371875,dong,4.0
TRADE_6EA3D2FC1514,LG스카이빌,금정구,금사동,29-3,부산광역시,26410,busan,부산,BUSAN,부산광역시,BUSAN_CORE,True,False,,,,,,0.0,0.0,0.0,2,,,,True,,,,,,,,,,,,,,,,0.5,0.075,dong,5.0
TRADE_6F2386BB7E2C,보수2차봄여름가을겨울,중구,보수동2가,80-1,부산광역시,26110,busan,부산,BUSAN,부산광역시,BUSAN_CORE,True,False,,,,,,0.0,1.0,2.0,2,,,,True,,,,,,-0.04049844236760125,330000000.0,-0.06666666666666665,280000000.0,0.10000000000000009,1.0,True,,,,0.6,0.09,dong,5.0
TRADE_6FDFD68F496E,삼보맨션,양산시,하북면순지리,729-2,경상남도,48330,yangsan,양산,GYEONGNAM,양산시,YANGSAN,False,True,,,,,,0.0,0.0,1.0,3,,,,True,,,,,,,,,,,,,,,,1.0,0.15,dong,4.0
TRADE_702FC50918C6,한성,양산시,북부동,769,경상남도,48330,yangsan,양산,GYEONGNAM,양산시,YANGSAN,False,True,,,,,,0.0,1.0,3.0,3,,,,True,,,,,-0.029126213592232997,0.03571428571428581,126000000.0,-0.2063492063492064,78000000.0,0.28205128205128216,1.0,True,,,,1.0,0.15,dong,2.0
TRADE_70F0709C7D9D,동호그린빌라,기장군,기장읍동부리,378-3,부산광역시,26710,busan,부산,BUSAN,부산광역시,BUSAN_GIJANG,True,False,,,,,,0.0,0.0,0.0,3,,,,True,,,,,,,,,,,,,,,,0.9642857142857143,0.14464285714285713,dong,5.0
TRADE_71B6E94E0E2A,동일,영도구,신선동3가,89-16,부산광역시,26200,busan,부산,BUSAN,부산광역시,BUSAN_CORE,True,False,,,,,,0.0,0.0,0.0,2,,,,True,,,,,,,,,,,,,,,,1.0,0.15,dong,1.0
TRADE_71D0F6936F38,동서하이빌아파트,해운대구,송정동,439-1,부산광역시,26350,busan,부산,BUSAN,부산광역시,BUSAN_CORE,True,False,,,,,,1.0,1.0,2.0,2,,,,True,,258000000.0,10042462.845010614,,0.0117647058823529,,258000000.0,0.0,150000000.0,0.72,1.0,True,,,0.5,0.6911764705882353,0.2286764705882353,dong,3.0
TRADE_732161062C11,한영,사상구,감전동,272-1,부산광역시,26530,busan,부산,BUSAN,부산광역시,BUSAN_CORE,True,False,,,,,,0.0,0.0,0.0,2,,,,True,,,,,,,160000000.0,0.0,160000000.0,0.0,0.0,True,,,,0.8333333333333334,0.125,dong,2.0
TRADE_737DE6B46494,(484-13),양산시,북부동,484-13,경상남도,48330,yangsan,양산,GYEONGNAM,양산시,YANGSAN,False,True,,,,,,0.0,0.0,0.0,2,,,,True,,,,,,,,,,,,,,,,0.8529411764705882,0.12794117647058822,dong,4.0
TRADE_738CAFD442B9,청호아트빌(71-10),김해시,풍유동,71-10,경상남도,48250,gimhae,김해,GYEONGNAM,김해시,GIMHAE,False,True,,,,,,0.0,0.0,0.0,1,,,,True,,,,,,,140000000.0,-0.014285714285714235,138000000.0,0.0,0.0,True,,,,0.5,0.075,dong,4.0
TRADE_742EAD55D903,재흥,기장군,정관읍달산리,139,부산광역시,26710,busan,부산,BUSAN,부산광역시,BUSAN_GIJANG,True,False,,,,,,0.0,0.0,1.0,1,,,,True,,,,,,,,,,,,,,,,0.3333333333333333,0.049999999999999996,dong,5.0
TRADE_7464F493EDA3,삼보맨션,기장군,일광읍이천리,369-4,부산광역시,26710,busan,부산,BUSAN,부산광역시,BUSAN_GIJANG,True,False,,,,,,1.0,1.0,1.0,2,,,,True,,,,,,,,,,,,,,,,0.8333333333333334,0.125,dong,5.0
TRADE_74C1C48FCE69,선경뉴빌APT,중구,대창동1가,54-43,부산광역시,26110,busan,부산,BUSAN,부산광역시,BUSAN_CORE,True,False,,,,,,0.0,0.0,0.0,3,,,,True,,,,,,,,,,,,,,,,0.625,0.09375,dong,3.0
TRADE_74D5A8D1F00B,더킹스카이,김해시,서상동,152-18,경상남도,48250,gimhae,김해,GYEONGNAM,김해시,GIMHAE,False,True,,,,,,2.0,4.0,5.0,2,,,,True,,283500000.0,11009830.019155568,0.09713622291021662,0.010357142857142954,,362500000.0,-0.22206896551724142,233000000.0,0.2103004291845494,4.0,False,,,1.0,0.8333333333333334,0.375,dong,1.0
TRADE_75253573B3C2,우창팰리스,강서구,대저1동,1728-1,부산광역시,26440,busan,부산,BUSAN,부산광역시,BUSAN_CORE,True,False,,,,,,0.0,0.0,0.0,1,,,,True,,,,,,,,,,,,,,,,0.25,0.0375,dong,4.0
TRADE_756AE03E70D0,동원빌라,동구,수정동,512-2,부산광역시,26170,busan,부산,BUSAN,부산광역시,BUSAN_CORE,True,False,,,,,,1.0,1.0,1.0,3,,,,True,,,,,,,,,,,,,,,,0.9393939393939394,0.1409090909090909,dong,5.0
TRADE_7596076E18E2,영일,영도구,대교동2가,131,부산광역시,26200,busan,부산,BUSAN,부산광역시,BUSAN_CORE,True,False,,,,,,0.0,0.0,0.0,2,,,,True,,,,,,,,,,,,,,,,0.6666666666666666,0.09999999999999999,dong,3.0
TRADE_759C596DEC94,노이하우스3차,기장군,기장읍서부리,64-1,부산광역시,26710,busan,부산,BUSAN,부산광역시,BUSAN_GIJANG,True,False,,,,,,0.0,1.0,2.0,1,,,,True,,,,,0.41428571428571437,,198000000.0,0.0,140000000.0,0.41428571428571437,1.0,True,,,,0.4,0.06,dong,4.0
TRADE_76E2DD2CFFD2,동광,중구,동광동5가,16-290,부산광역시,26110,busan,부산,BUSAN,부산광역시,BUSAN_CORE,True,False,,,,,,0.0,0.0,0.0,1,,,,True,,,,,,,,,,,,,,,,0.5,0.075,dong,2.0
TRADE_770EE5C63B1F,동대맨션,서구,동대신동1가,113-1,부산광역시,26140,busan,부산,BUSAN,부산광역시,BUSAN_CORE,True,False,,,,,,0.0,1.0,1.0,4,,,,True,,,,,,,240000000.0,-0.13749999999999996,207000000.0,0.0,1.0,True,,,,0.9375,0.140625,dong,2.0
TRADE_785E53F0A3E7,외진가센트럴타워,강서구,대저1동,2388-17,부산광역시,26440,busan,부산,BUSAN,부산광역시,BUSAN_CORE,True,False,,,,,,1.0,1.0,2.0,3,,,,True,,,,,,,,,,,,,,,,1.0,0.15,dong,1.0
TRADE_7981EF9B33D9,근영빌라3동,중구,대청동4가,75-171,부산광역시,26110,busan,부산,BUSAN,부산광역시,BUSAN_CORE,True,False,,,,,,0.0,1.0,1.0,2,,,,True,,,,,,,,,,,,,,,,0.8461538461538461,0.12692307692307692,dong,4.0
TRADE_7AFFFB043E93,범전시영1동,부산진구,범전동,43-4,부산광역시,26230,busan,부산,BUSAN,부산광역시,BUSAN_CORE,True,False,,,,,,0.0,0.0,0.0,2,,,,True,,,,,,,,,,,,,,,,0.5,0.075,dong,5.0
TRADE_7B54F3BFC1D0,가야그린빌(70-11),김해시,풍유동,70-11,경상남도,48250,gimhae,김해,GYEONGNAM,김해시,GIMHAE,False,True,,,,,,0.0,0.0,0.0,1,,,,True,,,,,,,,,,,,,,,,0.5,0.075,dong,5.0
TRADE_7C67617A9434,골든에이지,영도구,남항동2가,253-20,부산광역시,26200,busan,부산,BUSAN,부산광역시,BUSAN_CORE,True,False,,,,,,0.0,0.0,1.0,2,,,,True,,,,,,,,,,,,,,,,0.75,0.11249999999999999,dong,2.0
TRADE_7D17B90FEC70,명륜아이파크2단지,동래구,복천동,561,부산광역시,26260,busan,부산,BUSAN,부산광역시,BUSAN_CORE,True,False,,,,,,2.0,2.0,9.0,2,,,,True,,650750000.0,25265927.7203691,,0.05214227970897323,0.12788632326820615,713500000.0,-0.08689558514365803,500000000.0,0.30299999999999994,2.0,True,,,1.0,0.4444444444444444,0.31666666666666665,dong,3.0
TRADE_7D73882B0ACE,창조드림빌라,서구,서대신동1가,139,부산광역시,26140,busan,부산,BUSAN,부산광역시,BUSAN_CORE,True,False,,,,,,1.0,1.0,1.0,1,,,,True,,170000000.0,6608552.244080574,,,-0.08108108108108103,185000000.0,-0.08108108108108103,170000000.0,0.0,1.0,True,,,0.5,0.24074074074074073,0.1611111111111111,dong,2.0
TRADE_7EB6E4883830,옥수,양산시,하북면백록리,872-2,경상남도,48330,yangsan,양산,GYEONGNAM,양산시,YANGSAN,False,True,,,,,,0.0,0.0,2.0,1,,,,True,,,,,,,,,,,,,,,,1.0,0.15,dong,1.0
TRADE_7F206420A983,영광골든타워,영도구,봉래동1가,77,부산광역시,26200,busan,부산,BUSAN,부산광역시,BUSAN_CORE,True,False,,,,,,1.0,2.0,5.0,2,,,,True,,229000000.0,8973993.587459922,,-0.051759834368530044,0.06726457399103136,250000000.0,-0.08399999999999996,205000000.0,0.11707317073170742,1.0,True,,,1.0,0.6666666666666666,0.35,dong,1.0
TRADE_8072E45DF208,로웰타워,영도구,대교동1가,64-1,부산광역시,26200,busan,부산,BUSAN,부산광역시,BUSAN_CORE,True,False,,,,,,1.0,1.0,3.0,1,,,,True,,,,,,,,,,,,,,,,0.3,0.045,dong,5.0
TRADE_80C5612305BA,서원블루오션F동,중구,보수동3가,75-1,부산광역시,26110,busan,부산,BUSAN,부산광역시,BUSAN_CORE,True,False,,,,,,0.0,0.0,1.0,2,,,,True,,,,,,,,,,,,,,,,0.8181818181818182,0.12272727272727273,dong,2.0
TRADE_8107E222C5F9,엘스퀘어,중구,중앙동4가,85-5,부산광역시,26110,busan,부산,BUSAN,부산광역시,BUSAN_CORE,True,False,,,,,,0.0,1.0,2.0,2,,,,True,,,,,,,,,,,,,,,,0.6666666666666666,0.09999999999999999,dong,2.0
TRADE_813EF981ECDA,동광맨션,중구,중앙동4가,40-15,부산광역시,26110,busan,부산,BUSAN,부산광역시,BUSAN_CORE,True,False,,,,,,0.0,1.0,1.0,2,,,,True,,,,,,,,,,,,,,,,0.6666666666666666,0.09999999999999999,dong,3.0
TRADE_81458F6FB5CF,남명더라우부용,서구,부용동1가,69-7,부산광역시,26140,busan,부산,BUSAN,부산광역시,BUSAN_CORE,True,False,,,,,,1.0,1.0,2.0,2,,,,True,,,,,,,,,,,,,,,,0.6666666666666666,0.09999999999999999,dong,4.0
TRADE_826534174A9A,보수허브센티움,중구,보수동3가,56,부산광역시,26110,busan,부산,BUSAN,부산광역시,BUSAN_CORE,True,False,,,,,,0.0,1.0,1.0,2,,,,True,,,,,,,,,,,,,,,,0.8181818181818182,0.12272727272727273,dong,3.0
TRADE_827AFBBAC897,샛별나동,영도구,신선동2가,177-7,부산광역시,26200,busan,부산,BUSAN,부산광역시,BUSAN_CORE,True,False,,,,,,0.0,0.0,1.0,1,,,,True,,,,,,,,,,,,,,,,0.5,0.075,dong,3.0
TRADE_829CFFA77877,서원블루오션D동,서구,부민동1가,10-1,부산광역시,26140,busan,부산,BUSAN,부산광역시,BUSAN_CORE,True,False,,,,,,1.0,2.0,4.0,2,,,,True,,,,,,,,,,,,,,,,0.6666666666666666,0.09999999999999999,dong,4.0
TRADE_84439EBC113B,봉성맨션,사상구,삼락동,54-3,부산광역시,26530,busan,부산,BUSAN,부산광역시,BUSAN_CORE,True,False,,,,,,0.0,0.0,0.0,1,,,,True,,,,,,,,,,,,,,,,0.5,0.075,dong,2.0
TRADE_846B4B27C5F1,청담,김해시,풍유동,36,경상남도,48250,gimhae,김해,GYEONGNAM,김해시,GIMHAE,False,True,,,,,,0.0,0.0,0.0,2,,,,True,,,,,,,165000000.0,0.0,150000000.0,0.10000000000000009,0.0,True,,,,1.0,0.15,dong,1.0
TRADE_84F5CAB44553,부민부백자연애,서구,부민동1가,36-13,부산광역시,26140,busan,부산,BUSAN,부산광역시,BUSAN_CORE,True,False,,,,,,0.0,0.0,0.0,3,,,,True,,,,,,,,,,,,,,,,1.0,0.15,dong,2.0
TRADE_8869CAC6D7ED,대교타운,영도구,봉래동1가,202-2,부산광역시,26200,busan,부산,BUSAN,부산광역시,BUSAN_CORE,True,False,,,,,,0.0,1.0,1.0,3,,,,True,,,,,,,259000000.0,-0.0424710424710425,190000000.0,0.3052631578947369,0.0,True,,,,1.0,0.15,dong,2.0
TRADE_89AED95DA318,부평,중구,부평동2가,77,부산광역시,26110,busan,부산,BUSAN,부산광역시,BUSAN_CORE,True,False,,,,,,0.0,0.0,2.0,6,,,,True,,,,,,,,,,,,,,,,1.0,0.15,dong,1.0
TRADE_8A56B3EACC21,보수3차봄여름가을겨울,중구,보수동3가,73-35,부산광역시,26110,busan,부산,BUSAN,부산광역시,BUSAN_CORE,True,False,,,,,,0.0,3.0,5.0,2,,,,True,,,,,,,,,,,,,,,,0.8181818181818182,0.12272727272727273,dong,4.0
TRADE_8AAB1EB54F07,유정,영도구,봉래동5가,123-1,부산광역시,26200,busan,부산,BUSAN,부산광역시,BUSAN_CORE,True,False,,,,,,0.0,0.0,0.0,2,,,,True,,,,,,,,,,,,,,,,0.6666666666666666,0.09999999999999999,dong,3.0
TRADE_8C381F051EB2,아이블리스,영도구,대교동2가,151-3,부산광역시,26200,busan,부산,BUSAN,부산광역시,BUSAN_CORE,True,False,,,,,,0.0,0.0,4.0,2,,,,True,,,,,,,,,,,,,,,,0.6666666666666666,0.09999999999999999,dong,4.0
TRADE_8D968472977B,초원1,양산시,하북면지산리,7-10,경상남도,48330,yangsan,양산,GYEONGNAM,양산시,YANGSAN,False,True,,,,,,0.0,0.0,0.0,1,,,,True,,,,,,,,,,,,,,,,0.3333333333333333,0.049999999999999996,dong,3.0
TRADE_8DD2A5318310,한성맨션,영도구,봉래동5가,45-2,부산광역시,26200,busan,부산,BUSAN,부산광역시,BUSAN_CORE,True,False,,,,,,0.0,0.0,0.0,3,,,,True,,,,,,,145000000.0,0.0,145000000.0,0.0,0.0,True,,,,0.9166666666666666,0.13749999999999998,dong,1.0
TRADE_906D17F13876,월드밸리,중구,부평동2가,2,부산광역시,26110,busan,부산,BUSAN,부산광역시,BUSAN_CORE,True,False,,,,,,0.0,0.0,0.0,3,,,,True,,,,,,,,,,,,,,,,0.6666666666666666,0.09999999999999999,dong,2.0
TRADE_92B97286386D,스타파크아파트,서구,토성동2가,6-4,부산광역시,26140,busan,부산,BUSAN,부산광역시,BUSAN_CORE,True,False,,,,,,0.0,0.0,0.0,1,,,,True,,,,,,,,,,,,,,,,0.5,0.075,dong,3.0
TRADE_94378180F4D1,향원부평타워,중구,부평동4가,45,부산광역시,26110,busan,부산,BUSAN,부산광역시,BUSAN_CORE,True,False,,,,,,0.0,0.0,0.0,2,,,,True,,,,,,,185000000.0,0.0,185000000.0,0.0,0.0,True,,,,0.6818181818181818,0.10227272727272727,dong,3.0
TRADE_95663F31BCCD,김해 센텀Q시티,김해시,주촌면선지리,1476,경상남도,48250,gimhae,김해,GYEONGNAM,김해시,GIMHAE,False,True,,,,,,9.0,25.0,66.0,3,,,,True,,352000000.0,13673700.492281467,-0.022222222222222254,-0.016528925619834656,-0.05573770491803276,448000000.0,-0.2142857142857143,299000000.0,0.17725752508361214,5.0,False,,,0.6666666666666666,1.0,0.31666666666666665,dong,4.0
TRADE_9769A23041C2,동원하우스,김해시,지내동,525,경상남도,48250,gimhae,김해,GYEONGNAM,김해시,GIMHAE,False,True,,,,,,0.0,0.0,0.0,2,,,,True,,,,,,,245000000.0,0.0,155000000.0,0.5806451612903225,0.0,True,,,,0.7272727272727273,0.10909090909090909,dong,5.0
TRADE_977CD4F85153,광남백조맨션(3동),김해시,봉황동,454-1,경상남도,48250,gimhae,김해,GYEONGNAM,김해시,GIMHAE,False,True,,,,,,0.0,0.0,0.0,2,,,,True,,,,,,,195000000.0,-0.10256410256410253,133000000.0,0.3157894736842106,0.0,True,,,,0.7333333333333333,0.10999999999999999,dong,5.0
TRADE_97927D5CCF99,동진,영도구,봉래동2가,36-3,부산광역시,26200,busan,부산,BUSAN,부산광역시,BUSAN_CORE,True,False,,,,,,0.0,0.0,1.0,3,,,,True,,,,,,,,,,,,,,,,1.0,0.15,dong,3.0
TRADE_9798F3F20A90,대동빌라2차,양산시,명동,708-9,경상남도,48330,yangsan,양산,GYEONGNAM,양산시,YANGSAN,False,True,,,,,,0.0,0.0,0.0,3,,,,True,,,,,,,,,,,,,,,,0.9545454545454546,0.1431818181818182,dong,5.0
TRADE_9CA4ABCBAB33,더퍼스트아파트,영도구,대교동2가,185-3,부산광역시,26200,busan,부산,BUSAN,부산광역시,BUSAN_CORE,True,False,,,,,,0.0,0.0,0.0,2,,,,True,,,,,,,,,,,,,,,,0.6666666666666666,0.09999999999999999,dong,5.0
TRADE_9CAA44AE0D44,시영,중구,보수동1가,산3-148,부산광역시,26110,busan,부산,BUSAN,부산광역시,BUSAN_CORE,True,False,,,,,,1.0,1.0,2.0,1,,,,True,,,,,,,,,,,,,,,,0.3,0.045,dong,5.0
TRADE_9F798F43864D,드림아트빌,양산시,동면금산리,577-3,경상남도,48330,yangsan,양산,GYEONGNAM,양산시,YANGSAN,False,True,,,,,,0.0,1.0,1.0,1,,,,True,,,,,,,115000000.0,0.0,88000000.0,0.3068181818181819,1.0,True,,,,0.5,0.075,dong,3.0
TRADE_A2CF23FA6C0C,토성파크아파트,서구,토성동1가,23-4,부산광역시,26140,busan,부산,BUSAN,부산광역시,BUSAN_CORE,True,False,,,,,,1.0,1.0,1.0,1,,,,True,,,,,,,,,,,,,,,,0.2,0.03,dong,5.0
TRADE_A4192B2F9C19,청성아트(33-5),영도구,영선동1가,33-5,부산광역시,26200,busan,부산,BUSAN,부산광역시,BUSAN_CORE,True,False,,,,,,0.0,0.0,0.0,4,,,,True,,,,,,,189000000.0,0.0,189000000.0,0.0,0.0,True,,,,1.0,0.15,dong,1.0
TRADE_A4C977959061,용당창조,남구,용당동,580-10,부산광역시,26290,busan,부산,BUSAN,부산광역시,BUSAN_CORE,True,False,,,,,,0.0,1.0,1.0,2,,,,True,,,,,,0.04615384615384621,190000000.0,-0.10526315789473684,140000000.0,0.2142857142857142,1.0,True,,,,0.4166666666666667,0.0625,dong,5.0
TRADE_A5C6FCA58ACA,김해장유삼정그린코아더베스트,김해시,무계동,가-,경상남도,48250,gimhae,김해,GYEONGNAM,김해시,GIMHAE,False,True,,,,,,1.0,6.0,17.0,2,,,,True,,310000000.0,12039316.665803634,0.013071895424836555,-0.0024291497975708065,-0.0040322580645161255,390000000.0,-0.20512820512820518,290000000.0,0.06896551724137923,6.0,False,,,1.0,0.6363636363636364,0.34545454545454546,dong,5.0
TRADE_A79D76D88E25,(54-25),중구,대창동1가,54-25,부산광역시,26110,busan,부산,BUSAN,부산광역시,BUSAN_CORE,True,False,,,,,,0.0,0.0,0.0,4,,,,True,,,,,,,,,,,,,,,,1.0,0.15,dong,2.0
TRADE_A84855757BDA,아미전원빌라,서구,아미동2가,261-128,부산광역시,26140,busan,부산,BUSAN,부산광역시,BUSAN_CORE,True,False,,,,,,1.0,1.0,3.0,2,,,,True,,,,,,,,,,,,,,,,0.5,0.075,dong,3.0
TRADE_AAD0DC963EA5,영산,서구,동대신동2가,8-1,부산광역시,26140,busan,부산,BUSAN,부산광역시,BUSAN_CORE,True,False,,,,,,0.0,0.0,2.0,3,,,,True,,,,,,,150000000.0,-0.23333333333333328,115000000.0,0.0,0.0,True,,,,0.9090909090909091,0.13636363636363635,dong,2.0
TRADE_ACAFE8E76016,신익탑스빌,수영구,수영동,50-3,부산광역시,26500,busan,부산,BUSAN,부산광역시,BUSAN_CORE,True,False,,,,,,0.0,0.0,1.0,3,,,,True,,,,,,,,,,,,,,,,0.9117647058823529,0.13676470588235293,dong,4.0
TRADE_ACE550EE0699,유진캐슬,영도구,봉래동4가,266,부산광역시,26200,busan,부산,BUSAN,부산광역시,BUSAN_CORE,True,False,,,,,,0.0,0.0,0.0,2,,,,True,,,,,,,196900000.0,0.0,196900000.0,0.0,0.0,True,,,,0.5,0.075,dong,3.0
TRADE_AD207774DD72,김해장유역한라비발디센트로아파트,김해시,내덕동,788,경상남도,48250,gimhae,김해,GYEONGNAM,김해시,GIMHAE,False,True,,,,,,0.0,0.0,1.0,1,,,,True,,,,,,,,,,,,,,,,0.3333333333333333,0.049999999999999996,dong,3.0
TRADE_AEA069883F76,대성타운,영도구,영선동1가,101-1,부산광역시,26200,busan,부산,BUSAN,부산광역시,BUSAN_CORE,True,False,,,,,,0.0,0.0,0.0,1,,,,True,,,,,,,243000000.0,-0.03292181069958844,231000000.0,0.017316017316017396,0.0,True,,,,0.375,0.056249999999999994,dong,4.0
TRADE_B06C39CDB032,금오아파트,김해시,서상동,255-2,경상남도,48250,gimhae,김해,GYEONGNAM,김해시,GIMHAE,False,True,,,,,,0.0,0.0,1.0,2,,,,True,,,,,,0.026415094339622636,140000000.0,-0.02857142857142858,124000000.0,0.09677419354838701,0.0,True,,,,0.8333333333333334,0.125,dong,2.0
TRADE_B08B73C8E853,궁전그린파크빌라,영도구,영선동2가,39,부산광역시,26200,busan,부산,BUSAN,부산광역시,BUSAN_CORE,True,False,,,,,,0.0,1.0,1.0,1,,,,True,,,,,,,,,,,,,,,,0.42857142857142855,0.06428571428571428,dong,5.0
TRADE_B1BFBB9DC215,혜광나인힐빌라,영도구,남항동2가,236-7,부산광역시,26200,busan,부산,BUSAN,부산광역시,BUSAN_CORE,True,False,,,,,,0.0,0.0,0.0,1,,,,True,,,,,,,180000000.0,0.0,180000000.0,0.0,0.0,True,,,,0.25,0.0375,dong,4.0
TRADE_B255FA848FE2,명례솔터시티,기장군,장안읍명례리,924-12,부산광역시,26710,busan,부산,BUSAN,부산광역시,BUSAN_GIJANG,True,False,,,,,,1.0,2.0,4.0,1,,,,True,,,,,,,,,,,,,,,,1.0,0.15,dong,1.0
TRADE_B324C5164FA1,목연정빌라,중구,부평동4가,51-1,부산광역시,26110,busan,부산,BUSAN,부산광역시,BUSAN_CORE,True,False,,,,,,0.0,0.0,0.0,2,,,,True,,,,,,,230000000.0,0.0,230000000.0,0.0,0.0,True,,,,0.6818181818181818,0.10227272727272727,dong,4.0
TRADE_B5C0391E7A0E,하나타운,영도구,남항동1가,91-4,부산광역시,26200,busan,부산,BUSAN,부산광역시,BUSAN_CORE,True,False,,,,,,0.0,0.0,0.0,2,,,,True,,,,,,,,,,,,,,,,0.65,0.0975,dong,4.0
TRADE_B5C0FE27273C,용두산맨션,중구,신창동1가,4,부산광역시,26110,busan,부산,BUSAN,부산광역시,BUSAN_CORE,True,False,,,,,,0.0,0.0,0.0,2,,,,True,,,,,,,,,,,,,,,,1.0,0.15,dong,1.0
TRADE_B717BA6A2197,아미맨션,서구,아미동2가,261-126,부산광역시,26140,busan,부산,BUSAN,부산광역시,BUSAN_CORE,True,False,,,,,,0.0,0.0,2.0,1,,,,True,,,,,,,,,,,,,,,,0.2,0.03,dong,5.0
TRADE_B990385075F2,대변그린비치빌,기장군,기장읍대변리,584,부산광역시,26710,busan,부산,BUSAN,부산광역시,BUSAN_GIJANG,True,False,,,,,,0.0,1.0,1.0,1,,,,True,,,,,,,175000000.0,-0.2857142857142857,125000000.0,0.0,1.0,True,,,,0.375,0.056249999999999994,dong,4.0
TRADE_BB9FB2A50B85,금호빌라,양산시,하북면초산리,285,경상남도,48330,yangsan,양산,GYEONGNAM,양산시,YANGSAN,False,True,,,,,,0.0,0.0,0.0,1,,,,True,,,,,,,75000000.0,0.0,40000000.0,0.875,0.0,True,,,,0.5,0.075,dong,2.0
TRADE_BC849F52B6D9,에코팰리스,영도구,영선동1가,6,부산광역시,26200,busan,부산,BUSAN,부산광역시,BUSAN_CORE,True,False,,,,,,1.0,1.0,1.0,2,,,,True,,,,,,,346000000.0,0.0,325000000.0,0.06461538461538452,0.0,True,,,,0.75,0.11249999999999999,dong,2.0
TRADE_BDA5F58465C8,서인드림빌10차,기장군,기장읍서부리,64-5,부산광역시,26710,busan,부산,BUSAN,부산광역시,BUSAN_GIJANG,True,False,,,,,,0.0,0.0,0.0,1,,,,True,,,,,,,153000000.0,-0.019607843137254943,150000000.0,0.0,0.0,True,,,,0.4,0.06,dong,5.0
TRADE_BE093CC57826,영도화랑,영도구,남항동3가,31,부산광역시,26200,busan,부산,BUSAN,부산광역시,BUSAN_CORE,True,False,,,,,,0.0,1.0,2.0,1,,,,True,,,,,,,,,,,,,,,,0.4,0.06,dong,4.0
TRADE_BE6B0810CBEE,사송더샵데시앙4단지,양산시,동면내송리,904,경상남도,48330,yangsan,양산,GYEONGNAM,양산시,YANGSAN,False,True,,,,,,3.0,9.0,18.0,2,,,,True,,420000000.0,16313770.54081444,-0.05084745762711862,0.009362200117027486,-0.023428571428571465,474000000.0,-0.11392405063291144,410000000.0,0.024390243902439046,3.0,False,,,0.5,0.7,0.22999999999999998,dong,3.0
TRADE_C08750E19FCD,진명드림빌,영도구,남항동2가,202,부산광역시,26200,busan,부산,BUSAN,부산광역시,BUSAN_CORE,True,False,,,,,,0.0,1.0,1.0,2,,,,True,,,,,,,210000000.0,-0.19999999999999996,168000000.0,0.0,1.0,True,,,,0.75,0.11249999999999999,dong,3.0
TRADE_C1C1440BA053,한성기린,금정구,서동,27-2,부산광역시,26410,busan,부산,BUSAN,부산광역시,BUSAN_CORE,True,False,,,,,,1.0,1.0,1.0,3,,,,True,,,,,,,,,,,,,,,,0.94,0.141,dong,5.0
TRADE_C2DE78D175B7,형진강변프라자,기장군,정관읍매학리,41,부산광역시,26710,busan,부산,BUSAN,부산광역시,BUSAN_GIJANG,True,False,,,,,,0.0,2.0,4.0,4,,,,True,,,,,0.27659574468085113,,202000000.0,-0.1089108910891089,141000000.0,0.27659574468085113,1.0,True,,,,1.0,0.15,dong,2.0
TRADE_C4393910D66B,해동,양산시,북부동,462-33,경상남도,48330,yangsan,양산,GYEONGNAM,양산시,YANGSAN,False,True,,,,,,0.0,0.0,0.0,2,,,,True,,,,,,,,,,,,,,,,0.8529411764705882,0.12794117647058822,dong,5.0
TRADE_C4ADAA707ACB,시영(169-1),영도구,봉래동5가,169-1,부산광역시,26200,busan,부산,BUSAN,부산광역시,BUSAN_CORE,True,False,,,,,,1.0,2.0,4.0,1,,,,True,,,,,,,,,,,,,,,,0.3333333333333333,0.049999999999999996,dong,5.0
TRADE_C6E745AFCB8F,동호이루마시티,중구,대청동4가,34-2,부산광역시,26110,busan,부산,BUSAN,부산광역시,BUSAN_CORE,True,False,,,,,,0.0,0.0,0.0,3,,,,True,,,,,,,281000000.0,-0.12811387900355875,205000000.0,0.19512195121951215,0.0,True,,,,1.0,0.15,dong,2.0
TRADE_C80E96ACFCBA,초원맨션,서구,초장동,75-20,부산광역시,26140,busan,부산,BUSAN,부산광역시,BUSAN_CORE,True,False,,,,,,0.0,0.0,0.0,2,,,,True,,,,,,,,,,,,,,,,1.0,0.15,dong,1.0
TRADE_C8C0032D3A57,그린시티,중구,대청동2가,19-2,부산광역시,26110,busan,부산,BUSAN,부산광역시,BUSAN_CORE,True,False,,,,,,0.0,0.0,1.0,1,,,,True,,,,,,,360000000.0,-0.13888888888888884,277000000.0,0.11913357400722013,0.0,True,,,,1.0,0.15,dong,1.0
TRADE_C9C3FFDC8710,장산스위트홈,서구,부민동3가,34-10,부산광역시,26140,busan,부산,BUSAN,부산광역시,BUSAN_CORE,True,False,,,,,,0.0,0.0,0.0,1,,,,True,,,,,,,,,,,,,,,,0.5,0.075,dong,2.0
TRADE_CA726810E01F,뉴스카이,영도구,남항동1가,159,부산광역시,26200,busan,부산,BUSAN,부산광역시,BUSAN_CORE,True,False,,,,,,0.0,0.0,3.0,2,,,,True,,,,,,0.05212765957446819,260000000.0,-0.06538461538461537,200000000.0,0.21500000000000008,0.0,True,,,,0.65,0.0975,dong,5.0
TRADE_CB052E560F0A,동원,부산진구,범전동,9-151,부산광역시,26230,busan,부산,BUSAN,부산광역시,BUSAN_CORE,True,False,,,,,,0.0,2.0,6.0,4,,,,True,,,,,,,1048000000.0,0.0,660000000.0,0.5878787878787879,0.0,True,,,,1.0,0.15,dong,2.0
TRADE_CB7E2C13EEF5,한주,사상구,감전동,262-1,부산광역시,26530,busan,부산,BUSAN,부산광역시,BUSAN_CORE,True,False,,,,,,0.0,0.0,0.0,2,,,,True,,,,,,,170000000.0,0.0,170000000.0,0.0,0.0,True,,,,0.8333333333333334,0.125,dong,3.0
TRADE_CC75FB4C9610,대청타워,중구,대청동4가,75-197,부산광역시,26110,busan,부산,BUSAN,부산광역시,BUSAN_CORE,True,False,,,,,,0.0,0.0,0.0,2,,,,True,,,,,,,,,,,,,,,,0.8461538461538461,0.12692307692307692,dong,5.0
TRADE_CD082B303F35,툇마루家,서구,서대신동2가,35-6,부산광역시,26140,busan,부산,BUSAN,부산광역시,BUSAN_CORE,True,False,,,,,,0.0,0.0,2.0,3,,,,True,,,,,,,,,,,,,,,,0.90625,0.1359375,dong,4.0
TRADE_CD488B479BFA,서원에이동,서구,토성동5가,18-1,부산광역시,26140,busan,부산,BUSAN,부산광역시,BUSAN_CORE,True,False,,,,,,0.0,0.0,1.0,3,,,,True,,,,,,,295000000.0,-0.17796610169491522,242500000.0,0.0,0.0,True,,,,0.9333333333333333,0.13999999999999999,dong,4.0
TRADE_CD99B34D9514,미소드리움2차,양산시,하북면순지리,616-3,경상남도,48330,yangsan,양산,GYEONGNAM,양산시,YANGSAN,False,True,,,,,,1.0,1.0,2.0,1,,,,True,,215000000.0,8362307.737639223,,-0.2785234899328859,-0.013461538461538414,298000000.0,-0.2785234899328859,215000000.0,0.0,1.0,True,,,0.5,0.2857142857142857,0.16785714285714284,dong,3.0
TRADE_CDEBE6A128DF,양산교동월드메르디앙2단지,양산시,교동,1021,경상남도,48330,yangsan,양산,GYEONGNAM,양산시,YANGSAN,False,True,,,,,,1.0,4.0,8.0,1,,,,True,,,,,,,,,,,,,,,,0.2,0.03,dong,5.0
TRADE_CE540E19D02E,사송더샵데시앙2차5단지,양산시,동면사송리,1164,경상남도,48330,yangsan,양산,GYEONGNAM,양산시,YANGSAN,False,True,,,,,,0.0,5.0,14.0,2,,,,True,,,,,-0.0430622009569378,-0.03529411764705881,465000000.0,-0.14193548387096777,365150000.0,0.09270162946734217,4.0,False,,,,0.8333333333333334,0.125,dong,5.0
TRADE_D03D2F3E3023,부평부백자연애,중구,부평동4가,57-1,부산광역시,26110,busan,부산,BUSAN,부산광역시,BUSAN_CORE,True,False,,,,,,0.0,1.0,2.0,2,,,,True,,,,,,,,,,,,,,,,0.6818181818181818,0.10227272727272727,dong,5.0
TRADE_D0923CBA55F2,남항화랑맨션,영도구,남항동3가,100,부산광역시,26200,busan,부산,BUSAN,부산광역시,BUSAN_CORE,True,False,,,,,,0.0,1.0,1.0,1,,,,True,,,,,,-0.07534246575342463,225000000.0,-0.4,122000000.0,0.10655737704918034,1.0,True,,,,0.4,0.06,dong,5.0
TRADE_D0FE16150701,범환맨션,김해시,서상동,333-9,경상남도,48250,gimhae,김해,GYEONGNAM,김해시,GIMHAE,False,True,,,,,,0.0,0.0,0.0,1,,,,True,,,,,,,129000000.0,-0.13178294573643412,80000000.0,0.3999999999999999,0.0,True,,,,0.3333333333333333,0.049999999999999996,dong,3.0
TRADE_D690A875A91B,사송더샵데시앙3단지,양산시,동면내송리,903,경상남도,48330,yangsan,양산,GYEONGNAM,양산시,YANGSAN,False,True,,,,,,3.0,5.0,15.0,2,,,,True,,420000000.0,16316997.107441422,,0.024390243902439046,-0.027058823529411802,460000000.0,-0.08695652173913049,390000000.0,0.07692307692307687,1.0,True,,,0.5,0.7,0.22999999999999998,dong,4.0
TRADE_D85235F494FB,새진흥,양산시,다방동,498,경상남도,48330,yangsan,양산,GYEONGNAM,양산시,YANGSAN,False,True,,,,,,0.0,0.0,1.0,2,,,,True,,,,,,,,,,,,,,,,1.0,0.15,dong,1.0
TRADE_D85C3ED1B300,송파지오스빌라트,중구,보수동2가,74-9,부산광역시,26110,busan,부산,BUSAN,부산광역시,BUSAN_CORE,True,False,,,,,,0.0,1.0,2.0,3,,,,True,,,,,,,199000000.0,-0.09547738693467334,120000000.0,0.5,0.0,True,,,,0.9,0.135,dong,3.0
TRADE_D880A4C67CCE,유나베네스1차,강서구,녹산동,262-1,부산광역시,26440,busan,부산,BUSAN,부산광역시,BUSAN_CORE,True,False,,,,,,1.0,2.0,2.0,2,,,,True,,,,,,,,,,,,,,,,0.75,0.11249999999999999,dong,2.0
TRADE_D97384459ACB,선경아파트,서구,부용동1가,61-1,부산광역시,26140,busan,부산,BUSAN,부산광역시,BUSAN_CORE,True,False,,,,,,1.0,1.0,1.0,3,,,,True,,,,,,,,,,,,,,,,0.8888888888888888,0.13333333333333333,dong,2.0
TRADE_DA6D5B22D5B8,향원인터빌,중구,부평동4가,2-30,부산광역시,26110,busan,부산,BUSAN,부산광역시,BUSAN_CORE,True,False,,,,,,0.0,0.0,1.0,3,,,,True,,,,,,,250000000.0,-0.26,180000000.0,0.02777777777777768,0.0,True,,,,0.9545454545454546,0.1431818181818182,dong,2.0
TRADE_DD1A09716745,토원,양산시,상북면소토리,591-9,경상남도,48330,yangsan,양산,GYEONGNAM,양산시,YANGSAN,False,True,,,,,,0.0,0.0,1.0,1,,,,True,,,,,,,,,,,,,,,,0.3333333333333333,0.049999999999999996,dong,3.0
TRADE_DD25344A1A1D,성원맨션,서구,아미동2가,126-5,부산광역시,26140,busan,부산,BUSAN,부산광역시,BUSAN_CORE,True,False,,,,,,0.0,0.0,0.0,3,,,,True,,,,,,,,,,,,,,,,0.9,0.135,dong,2.0
TRADE_DD547DEF3DEC,한성그린아파트,서구,토성동2가,8-7,부산광역시,26140,busan,부산,BUSAN,부산광역시,BUSAN_CORE,True,False,,,,,,0.0,1.0,2.0,3,,,,True,,,,,,0.10505836575875493,284000000.0,0.0,257000000.0,0.10505836575875493,1.0,True,,,,1.0,0.15,dong,1.0
TRADE_DDD81C3F1AFE,송정,김해시,진례면송정리,165-2,경상남도,48250,gimhae,김해,GYEONGNAM,김해시,GIMHAE,False,True,,,,,,0.0,0.0,5.0,2,,,,True,,,,,,,90000000.0,-0.09444444444444444,81500000.0,0.0,0.0,True,,,,0.625,0.09375,dong,2.0
TRADE_E016F6F51B3F,골든캐슬,서구,동대신동2가,367,부산광역시,26140,busan,부산,BUSAN,부산광역시,BUSAN_CORE,True,False,,,,,,0.0,0.0,2.0,3,,,,True,,,,,,,290000000.0,-0.03448275862068961,265000000.0,0.05660377358490565,0.0,True,,,,0.9090909090909091,0.13636363636363635,dong,3.0
TRADE_E162B49101C0,덕산,동래구,칠산동,240,부산광역시,26260,busan,부산,BUSAN,부산광역시,BUSAN_CORE,True,False,,,,,,0.0,0.0,5.0,3,,,,True,,,,,,,,,,,,,,,,1.0,0.15,dong,1.0
TRADE_E1E9A8FCB9E4,어반젠트리,영도구,대교동1가,176,부산광역시,26200,busan,부산,BUSAN,부산광역시,BUSAN_CORE,True,False,,,,,,0.0,0.0,0.0,2,,,,True,,,,,,,,,,,,,,,,0.8,0.12,dong,4.0
TRADE_E331AF964197,미소DREAM,김해시,불암동,62,경상남도,48250,gimhae,김해,GYEONGNAM,김해시,GIMHAE,False,True,,,,,,0.0,0.0,0.0,4,,,,True,,,,,,,152000000.0,0.0,152000000.0,0.0,0.0,True,,,,1.0,0.15,dong,1.0
TRADE_E3826330E7CB,대동,영도구,대평동1가,119,부산광역시,26200,busan,부산,BUSAN,부산광역시,BUSAN_CORE,True,False,,,,,,0.0,0.0,0.0,1,,,,True,,,,,,,,,,,,,,,,0.375,0.056249999999999994,dong,3.0
TRADE_E3D6EDFD126C,해오름,서구,토성동5가,34-3,부산광역시,26140,busan,부산,BUSAN,부산광역시,BUSAN_CORE,True,False,,,,,,1.0,2.0,4.0,1,,,,True,,278000000.0,10840127.614321163,0.15833333333333344,0.025742574257425765,-0.04536862003780717,290000000.0,-0.04137931034482756,240000000.0,0.15833333333333344,2.0,True,,,1.0,0.23333333333333334,0.285,dong,1.0
TRADE_EA82A4F5F59B,하나빌,영도구,대평동1가,7,부산광역시,26200,busan,부산,BUSAN,부산광역시,BUSAN_CORE,True,False,,,,,,0.0,0.0,1.0,1,,,,True,,,,,,-0.13714285714285712,220000000.0,-0.3136363636363636,151000000.0,0.0,0.0,True,,,,0.375,0.056249999999999994,dong,4.0
TRADE_EB0FD844CEB6,남부,서구,아미동2가,41-1,부산광역시,26140,busan,부산,BUSAN,부산광역시,BUSAN_CORE,True,False,,,,,,0.0,0.0,1.0,2,,,,True,,,,,,,,,,,,,,,,0.5,0.075,dong,4.0
TRADE_EDBC70B21818,성인아르빌,영도구,봉래동2가,62-14,부산광역시,26200,busan,부산,BUSAN,부산광역시,BUSAN_CORE,True,False,,,,,,1.0,1.0,1.0,1,,,,True,,173000000.0,6717260.854218144,,,,227000000.0,-0.23788546255506604,173000000.0,0.0,1.0,True,,,1.0,0.375,0.30625,dong,2.0
TRADE_EF61DE4470BE,웰빙타운102동,양산시,상북면대석리,664-1,경상남도,48330,yangsan,양산,GYEONGNAM,양산시,YANGSAN,False,True,,,,,,0.0,0.0,0.0,1,,,,True,,,,,,,83500000.0,-0.053892215568862256,75000000.0,0.05333333333333323,0.0,True,,,,0.375,0.056249999999999994,dong,4.0
TRADE_F315A7264692,헤리츠아파트3차,서구,충무동1가,17-5,부산광역시,26140,busan,부산,BUSAN,부산광역시,BUSAN_CORE,True,False,,,,,,1.0,4.0,7.0,2,,,,True,,405000000.0,16687476.588837557,,0.012499999999999956,,405000000.0,0.0,350000000.0,0.15714285714285725,1.0,True,,,1.0,0.875,0.38125,dong,1.0
TRADE_F3FC52E3D3AB,플러스,김해시,전하동,448-1,경상남도,48250,gimhae,김해,GYEONGNAM,김해시,GIMHAE,False,True,,,,,,0.0,0.0,0.0,1,,,,True,,,,,,,141000000.0,-0.18439716312056742,114000000.0,0.00877192982456143,0.0,True,,,,0.5,0.075,dong,2.0
TRADE_F52E2D4F5368,현대,영도구,남항동3가,141-113,부산광역시,26200,busan,부산,BUSAN,부산광역시,BUSAN_CORE,True,False,,,,,,0.0,0.0,0.0,2,,,,True,,,,,,,,,,,,,,,,0.9,0.135,dong,2.0
TRADE_F53D98B94F32,웰스플러스,동래구,복천동,282,부산광역시,26260,busan,부산,BUSAN,부산광역시,BUSAN_CORE,True,False,,,,,,0.0,0.0,2.0,4,,,,True,,,,,,,270000000.0,0.0,200000000.0,0.3500000000000001,0.0,True,,,,1.0,0.15,dong,4.0
TRADE_F6E2CEAC06F0,보수에코팰리스,중구,보수동3가,27-6,부산광역시,26110,busan,부산,BUSAN,부산광역시,BUSAN_CORE,True,False,,,,,,1.0,3.0,7.0,2,,,,True,,,,,,,,,,,,,,,,0.8181818181818182,0.12272727272727273,dong,5.0
TRADE_F751F1BD988C,삼신,영도구,봉래동5가,177-1,부산광역시,26200,busan,부산,BUSAN,부산광역시,BUSAN_CORE,True,False,,,,,,0.0,0.0,0.0,3,,,,True,,,,,,,112000000.0,0.0,112000000.0,0.0,0.0,True,,,,0.9166666666666666,0.13749999999999998,dong,2.0
TRADE_F7644241B0DB,양산교동월드메르디앙1단지,양산시,교동,1022,경상남도,48330,yangsan,양산,GYEONGNAM,양산시,YANGSAN,False,True,,,,,,2.0,5.0,10.0,2,,,,True,,,,,,,,,,,,,,,,0.5,0.075,dong,4.0
TRADE_F7B6D2F9B8AB,선경하우스,영도구,영선동3가,20-7,부산광역시,26200,busan,부산,BUSAN,부산광역시,BUSAN_CORE,True,False,,,,,,0.0,0.0,0.0,1,,,,True,,,,,,,,,,,,,,,,0.3333333333333333,0.049999999999999996,dong,5.0
TRADE_F86CC113845C,화목어울림,김해시,화목동,487-3,경상남도,48250,gimhae,김해,GYEONGNAM,김해시,GIMHAE,False,True,,,,,,0.0,0.0,0.0,2,,,,True,,,,,,,105000000.0,-0.1523809523809524,89000000.0,0.0,0.0,True,,,,1.0,0.15,dong,1.0
TRADE_FACB08F6D0EA,안성빌라(30-19),금정구,금사동,30-19,부산광역시,26410,busan,부산,BUSAN,부산광역시,BUSAN_CORE,True,False,,,,,,0.0,0.0,0.0,4,,,,True,,,,,,,159500000.0,0.0,159500000.0,0.0,0.0,True,,,,1.0,0.15,dong,3.0
TRADE_FAD12E226CB3,우창더뷰,강서구,대저1동,7375,부산광역시,26440,busan,부산,BUSAN,부산광역시,BUSAN_CORE,True,False,,,,,,0.0,1.0,1.0,2,,,,True,,,,,,,,,,,,,,,,0.625,0.09375,dong,3.0
TRADE_FAFE912A7062,대근(다라),김해시,진영읍좌곤리,2-11,경상남도,48250,gimhae,김해,GYEONGNAM,김해시,GIMHAE,False,True,,,,,,1.0,2.0,3.0,2,,,,True,,,,,,,,,,,,,,,,0.6666666666666666,0.09999999999999999,dong,3.0
TRADE_FB5F54FE13D4,내덕 서희스타힐스 아파트,김해시,내덕동,775,경상남도,48250,gimhae,김해,GYEONGNAM,김해시,GIMHAE,False,True,,,,,,11.0,18.0,39.0,2,,,,True,,,,,,,,,,,,,,,,0.6666666666666666,0.09999999999999999,dong,2.0
TRADE_FBA3A6E33748,부백자연애,서구,토성동3가,4-3,부산광역시,26140,busan,부산,BUSAN,부산광역시,BUSAN_CORE,True,False,,,,,,0.0,0.0,1.0,3,,,,True,,,,,,,,,,,,,,,,1.0,0.15,dong,1.0
TRADE_FD48265E1345,태신아파트,김해시,진례면송정리,205,경상남도,48250,gimhae,김해,GYEONGNAM,김해시,GIMHAE,False,True,,,,,,0.0,0.0,0.0,2,,,,True,,,,,,,170000000.0,0.0,170000000.0,0.0,0.0,True,,,,0.625,0.09375,dong,3.0
TRADE_FDCDFBF7A923,사송트루엘,양산시,동면내송리,908,경상남도,48330,yangsan,양산,GYEONGNAM,양산시,YANGSAN,False,True,,,,,,7.0,24.0,42.0,1,,,,True,,,,,,,,,,,,,,,,0.3,0.045,dong,5.0
TRADE_FE4E811D0C95,청산,서구,부용동1가,12-3,부산광역시,26140,busan,부산,BUSAN,부산광역시,BUSAN_CORE,True,False,,,,,,0.0,0.0,2.0,2,,,,True,,,,,,0.04022988505747116,94000000.0,-0.07446808510638303,87000000.0,0.0,0.0,True,,,,0.6666666666666666,0.09999999999999999,dong,5.0
TRADE_FE5637509D12,블루스카이,김해시,삼방동,181-4,경상남도,48250,gimhae,김해,GYEONGNAM,김해시,GIMHAE,False,True,,,,,,1.0,1.0,2.0,1,,,,True,,211000000.0,8192873.15342664,,-0.040909090909090895,0.0774999999999999,300000000.0,-0.29666666666666663,200000000.0,0.05499999999999994,1.0,True,,,1.0,0.3611111111111111,0.30416666666666664,dong,4.0
