kapt_code,area_sqm,transaction_count,first_deal,last_deal
A10020004,59.96,49,2026-07-07,2026-09-30
A10020004,84.95,2,2026-08-05,2026-09-18
A10020213,59.86,1,2026-07-04,2026-07-04
A10020264,84.95,1,2026-08-20,2026-08-20
A10020301,84.9986,1,2026-09-15,2026-09-15
A10020301,115.5239,2,2026-04-18,2026-07-02
A10020569,84.72,1,2026-09-19,2026-09-19
A10020569,84.76,1,2026-07-03,2026-07-03
A10020645,70.23,1,2026-02-18,2026-02-18
A10020645,84.26,1,2025-10-26,2025-10-26
A10020649,84.98,1,2026-08-01,2026-08-01
A10020721,59.94,15,2025-05-22,2026-08-04
A10020721,59.95,2,2025-08-23,2026-01-23
A10020721,65.09,3,2026-03-21,2026-07-21
A10020721,84.9,1,2025-08-09,2025-08-09
A10020721,84.98,22,2025-05-10,2026-06-06
A10020763,110.94,1,2026-03-18,2026-03-18
A10020807,64.9409,64,2025-02-22,2026-09-05
A10020807,74.7351,45,2025-02-13,2026-09-15
A10020807,84.7942,68,2025-02-13,2026-08-29
A10020807,84.9432,67,2025-02-07,2026-09-04
A10020807,102.9094,34,2025-02-18,2026-04-03
A10020870,59.97,7,2026-03-22,2026-09-13
A10020870,72.38,2,2026-02-22,2026-08-22
A10020870,84.89,1,2026-08-24,2026-08-24
A10020870,84.92,2,2025-06-11,2026-07-31
A10020870,100.94,1,2026-04-30,2026-04-30
A10022002,49.97,4,2026-01-14,2026-06-16
A10022002,59.98,4,2026-03-30,2026-08-30
A10022002,72.91,1,2026-07-11,2026-07-11
A10022002,72.97,1,2026-07-02,2026-07-02
A10022002,84.98,10,2025-10-20,2026-08-30
A10022002,84.99,5,2026-01-08,2026-08-07
A10022002,97.73,2,2025-05-23,2026-01-12
A10022002,115.99,1,2025-11-25,2025-11-25
A10022267,38.5,104,2025-07-23,2026-08-26
A10022267,59.76,5,2023-05-14,2026-05-14
A10022267,74.96,12,2023-09-01,2026-06-08
A10022267,74.97,2,2025-07-05,2025-09-13
A10022267,84.89,1,2025-11-18,2025-11-18
A10022267,84.93,20,2023-03-31,2026-08-11
A10022267,101.99,1,2026-09-09,2026-09-09
A10022280,59.85,8,2025-06-05,2026-09-02
A10022280,59.93,24,2025-06-13,2026-09-20
A10022280,70.34,4,2025-06-04,2026-09-14
A10022280,84.95,16,2025-06-09,2026-09-14
A10022280,99.7,1,2025-10-25,2025-10-25
A10022365,75.85,11,2024-11-15,2026-10-03
A10022365,84.85,15,2024-10-31,2026-09-19
A10022365,84.94,3,2025-03-21,2026-06-17
A10022405,59.97,2,2025-05-12,2026-08-17
A10022405,59.99,4,2026-06-08,2026-09-03
A10022405,74.71,1,2025-11-29,2025-11-29
A10022405,74.74,3,2026-03-07,2026-09-06
A10022405,84.98,6,2026-03-04,2026-09-19
A10022434,59.62,22,2024-09-21,2026-09-22
A10022434,59.94,37,2024-08-19,2026-10-01
A10022434,59.95,14,2024-09-24,2026-09-16
A10022434,59.97,3,2024-11-21,2026-07-16
A10022434,59.98,15,2024-10-01,2026-09-08
A10022434,59.99,12,2024-09-13,2026-06-05
A10022434,84.38,28,2024-09-09,2026-09-16
A10022434,84.8,24,2024-10-15,2026-09-22
A10022434,84.84,11,2024-10-21,2026-08-10
A10022434,84.92,85,2024-08-09,2026-10-01
A10022434,99.93,6,2024-10-07,2026-06-05
A10022434,110.14,1,2025-07-25,2025-07-25
A10022437,65.9649,15,2024-12-12,2026-10-05
A10022437,84.465,30,2025-01-05,2026-09-04
A10022437,105.6849,8,2025-03-02,2026-10-06
A10022488,84.8255,1,2025-11-17,2025-11-17
A10022488,84.9565,6,2024-10-16,2026-08-24
A10022488,101.4297,1,2025-03-18,2025-03-18
A10022488,101.8081,5,2024-11-02,2025-11-10
A10022488,112.4297,2,2024-10-07,2026-01-03
A10022488,112.8081,4,2024-11-08,2026-01-20
A10022541,102.02,1,2025-12-24,2025-12-24
A10022541,132.96,2,2026-07-09,2026-07-29
A10022561,59.4913,12,2025-10-23,2026-08-09
A10022561,59.5283,3,2025-07-04,2026-07-14
A10022561,59.6622,7,2025-04-02,2026-06-06
A10022561,84.8567,10,2025-04-11,2026-08-08
A10022561,84.9955,5,2025-04-03,2026-04-04
A10022568,69.91,1,2025-10-18,2025-10-18
A10022568,84.94,1,2025-12-22,2025-12-22
A10022568,84.97,6,2025-02-05,2026-07-31
A10022574,59.94,10,2025-05-09,2026-08-06
A10022574,59.99,6,2025-11-22,2026-08-07
A10022574,84.96,8,2025-04-19,2026-07-09
A10022591,59.9,18,2024-06-03,2026-09-14
A10022591,84.89,58,2024-05-23,2026-08-09
A10022591,84.91,28,2024-06-07,2026-09-04
A10022696,84.88,1,2026-02-07,2026-02-07
A10022696,84.91,4,2024-07-28,2026-02-21
A10022696,84.93,1,2024-08-15,2024-08-15
A10022703,59.7288,5,2024-07-13,2026-08-27
A10022703,59.7355,11,2025-07-31,2026-07-17
A10022703,84.3186,6,2024-07-27,2026-08-27
A10022703,84.5614,3,2025-05-01,2026-09-30
A10022703,84.7313,11,2024-12-01,2026-09-09
A10022754,84.9815,24,2024-06-03,2026-09-11
A10022754,84.9871,8,2024-08-31,2026-09-19
A10022754,84.9898,1,2025-05-17,2025-05-17
A10022796,59.654,6,2026-07-22,2026-09-28
A10022796,73.1686,6,2026-04-16,2026-09-09
A10022844,59.02,8,2025-08-12,2026-07-24
A10022844,59.2,34,2024-10-09,2026-09-19
A10022844,72.13,7,2025-10-29,2026-08-03
A10022844,84.8,37,2025-03-30,2026-09-19
A10022844,101.89,1,2026-01-25,2026-01-25
A10022844,101.92,1,2025-11-05,2025-11-05
A10022847,42.93,2,2020-02-15,2020-05-01
A10022847,59.85,7,2025-09-10,2026-08-20
A10022847,59.89,37,2025-03-19,2026-10-02
A10022847,59.93,13,2025-08-14,2026-09-24
A10022847,66.87,1,2020-03-18,2020-03-18
A10022847,76.59,14,2025-02-11,2026-04-03
A10022847,84.92,23,2020-03-12,2026-07-27
A10022847,84.98,10,2024-03-23,2026-02-05
A10022847,106.68,4,2020-01-06,2020-04-04
A10022847,114.98,2,2025-09-15,2026-07-04
A10022847,128.04,1,2020-04-07,2020-04-07
A10022847,167.57,3,2020-06-06,2020-08-29
A10022890,39.43,14,2025-07-14,2026-07-11
A10022890,49.86,32,2024-07-26,2026-10-03
A10022890,59.98,87,2024-04-12,2026-10-03
A10022890,59.99,36,2024-11-15,2026-09-19
A10022890,75.9,11,2025-10-01,2026-08-30
A10022890,75.93,11,2025-08-02,2026-09-19
A10022890,84.82,144,2024-05-23,2026-10-02
A10022890,84.98,124,2024-05-23,2026-09-24
A10022890,101.65,11,2025-04-18,2026-07-15
A10022890,101.86,8,2025-09-19,2026-08-07
A10022890,114.64,1,2025-10-25,2025-10-25
A10022890,114.94,2,2024-09-05,2026-01-18
A10022905,59.99,34,2023-12-19,2026-09-19
A10022905,74.71,10,2025-11-06,2026-08-26
A10022905,74.95,13,2024-01-25,2026-08-10
A10022905,84.83,10,2025-10-18,2026-08-20
A10022999,59.96,30,2024-06-27,2026-10-03
A10022999,59.98,14,2025-11-24,2026-09-19
A10022999,74.91,36,2024-11-18,2026-07-26
A10022999,74.97,6,2025-12-11,2026-07-27
A10022999,84.96,18,2025-05-08,2026-09-22
A10022999,84.98,3,2025-12-14,2026-03-23
A10022999,84.99,10,2024-03-30,2026-07-31
A10023021,59.99,50,2023-10-19,2026-09-12
A10023021,84.99,63,2023-11-04,2026-10-02
A10023040,59.93,54,2025-03-30,2026-10-01
A10023040,59.99,16,2024-08-03,2026-08-22
A10023040,73.84,15,2023-09-01,2026-09-14
A10023040,73.96,6,2025-09-06,2026-09-28
A10023040,84.97,66,2024-06-14,2026-10-03
A10023040,84.99,31,2023-08-26,2026-09-30
A10023040,102.93,5,2024-08-11,2026-08-20
A10023104,59.94,38,2024-04-02,2026-09-17
A10023104,74.96,27,2025-02-22,2026-09-29
A10023104,79.85,29,2024-07-12,2026-09-21
A10023104,84.96,51,2023-08-05,2026-09-12
A10023104,99.9,5,2024-03-04,2026-08-21
A10023202,60.969,35,2023-06-01,2026-07-21
A10023202,73.9083,23,2023-06-11,2026-09-19
A10023202,84.8816,27,2023-06-10,2026-09-03
A10023208,59.87,49,2024-10-04,2026-09-26
A10023208,75.55,34,2024-07-30,2026-10-01
A10023208,75.64,47,2023-06-03,2026-07-20
A10023208,75.67,9,2025-04-01,2026-05-08
A10023208,84.63,24,2025-03-08,2026-08-01
A10023208,84.9,20,2023-06-22,2026-08-22
A10023241,84.9364,37,2023-05-06,2026-08-19
A10023241,84.9865,9,2024-09-12,2026-07-30
A10023409,73.84,25,2023-03-29,2026-08-25
A10023409,74.12,47,2023-01-07,2026-09-29
A10023409,84.74,8,2024-11-18,2026-04-27
A10023409,84.92,19,2024-04-11,2026-09-30
A10023409,112.0,2,2023-03-25,2025-04-17
A10023417,74.77,5,2024-05-26,2025-12-17
A10023417,84.74,5,2025-06-24,2026-02-06
A10023417,84.88,15,2025-06-06,2026-07-27
A10023417,84.9,18,2023-08-25,2026-09-19
A10023420,59.96,6,2023-09-27,2026-09-19
A10023420,59.98,3,2023-07-31,2025-06-10
A10023420,59.99,11,2024-02-01,2026-04-11
A10023420,74.98,7,2024-06-20,2026-09-04
A10023420,74.99,13,2023-09-27,2026-09-11
A10023420,77.98,5,2023-11-04,2025-12-04
A10023420,84.98,21,2023-01-27,2026-08-22
A10023420,84.99,44,2023-03-11,2026-09-05
A10023420,101.68,3,2023-02-23,2025-08-26
A10023420,125.97,1,2026-03-26,2026-03-26
A10023420,142.59,1,2025-03-20,2025-03-20
A10023436,59.74,31,2023-03-07,2026-09-29
A10023436,59.97,127,2023-02-13,2026-09-17
A10023436,73.86,17,2023-04-26,2026-05-21
A10023436,73.9,8,2023-02-07,2026-07-30
A10023436,84.72,14,2023-04-08,2026-09-02
A10023436,84.94,7,2024-11-09,2026-04-05
A10023436,84.99,18,2023-08-17,2026-09-10
A10023440,84.92,113,2023-04-01,2026-09-19
A10023440,84.97,58,2023-04-16,2026-10-04
A10023440,100.85,6,2025-07-13,2026-09-22
A10023440,114.97,7,2023-04-15,2025-07-18
A10023526,39.92,101,2024-02-01,2026-09-10
A10023526,59.97,112,2023-06-26,2026-10-03
A10023526,74.67,66,2023-06-20,2026-09-02
A10023526,84.9,63,2023-08-12,2026-10-01
A10023526,84.95,17,2023-09-20,2026-04-14
A10023526,84.96,118,2023-06-06,2026-09-28
A10023533,59.51,14,2023-01-02,2026-07-30
A10023533,59.95,39,2023-01-10,2026-08-22
A10023533,72.94,1,2025-07-12,2025-07-12
A10023533,72.97,18,2023-02-03,2026-06-13
A10023533,74.85,3,2026-03-08,2026-04-01
A10023533,74.9,1,2023-02-15,2023-02-15
A10023533,74.94,18,2023-02-22,2026-09-18
A10023533,74.97,17,2023-01-19,2026-06-13
A10023542,84.43,13,2024-07-08,2026-04-28
A10023542,84.54,28,2023-04-06,2026-07-25
A10023542,84.99,10,2023-08-18,2026-07-27
A10023544,59.91,51,2023-01-31,2026-09-16
A10023544,59.99,65,2023-01-19,2026-10-02
A10023544,84.8,55,2022-11-14,2026-08-15
A10023544,84.85,5,2023-01-30,2025-05-30
A10023571,59.92,6,2025-03-23,2026-03-04
A10023571,73.67,18,2024-05-03,2026-09-27
A10023571,84.85,30,2024-04-12,2026-09-29
A10023571,84.87,46,2023-08-20,2026-09-03
A10023571,84.91,14,2023-08-21,2026-03-19
A10023607,39.36,58,2024-11-20,2026-09-01
A10023607,59.18,40,2023-08-24,2026-09-29
A10023607,59.95,1,2024-12-18,2024-12-18
A10023607,84.12,60,2022-08-29,2026-09-19
A10023607,84.42,19,2023-12-09,2026-06-09
A10023607,84.49,7,2024-07-09,2026-01-10
A10023607,92.04,8,2024-08-25,2026-05-01
A10023607,93.36,5,2024-07-25,2026-01-18
A10023607,107.35,6,2024-07-26,2026-06-26
A10023607,107.52,2,2025-01-23,2025-03-30
A10023616,59.76,49,2023-04-07,2026-09-29
A10023616,74.97,15,2023-07-20,2026-08-25
A10023616,84.85,14,2023-02-25,2026-08-29
A10023616,84.86,46,2022-09-21,2026-10-01
A10023616,84.89,38,2023-03-10,2026-09-09
A10023616,84.94,69,2022-12-09,2026-10-06
A10023616,99.64,5,2024-11-18,2026-05-11
A10023616,99.88,1,2025-07-10,2025-07-10
A10023616,111.53,1,2024-09-20,2024-09-20
A10023616,114.84,12,2022-11-22,2026-09-18
A10023616,121.33,1,2025-08-11,2025-08-11
A10023616,122.59,1,2026-08-21,2026-08-21
A10023616,126.91,1,2026-06-11,2026-06-11
A10023625,39.42,1,2025-07-26,2025-07-26
A10023625,59.96,28,2024-06-29,2026-09-05
A10023625,59.98,100,2024-01-24,2026-09-05
A10023625,59.99,1,2025-11-27,2025-11-27
A10023625,74.51,16,2024-09-21,2026-09-14
A10023625,74.66,8,2024-02-21,2026-08-11
A10023625,84.7,4,2024-08-19,2025-12-04
A10023625,84.94,39,2024-02-17,2026-09-16
A10023625,84.98,10,2024-06-06,2026-04-09
A10023625,84.99,51,2024-02-17,2026-08-15
A10023625,99.81,5,2024-07-07,2026-04-02
A10023625,99.83,1,2026-05-02,2026-05-02
A10023625,107.86,7,2024-07-06,2026-07-05
A10023627,59.92,65,2024-06-24,2026-09-12
A10023627,59.99,23,2023-09-20,2026-08-30
A10023627,84.96,21,2024-04-13,2026-08-29
A10023627,84.99,45,2024-08-18,2026-09-22
A10023627,102.53,11,2023-05-18,2026-08-25
A10023647,59.87,7,2022-10-20,2026-08-22
A10023647,64.98,16,2023-01-31,2026-09-16
A10023647,84.61,22,2024-05-31,2026-09-07
A10023647,84.91,55,2022-10-25,2026-09-29
A10023647,102.92,2,2023-10-19,2026-06-19
A10023684,59.99,43,2022-10-07,2026-10-03
A10023684,74.55,20,2022-08-23,2026-09-18
A10023684,74.71,24,2024-07-06,2026-09-22
A10023684,84.97,8,2023-04-26,2026-08-01
A10023692,55.99,48,2022-11-01,2026-10-02
A10023692,59.99,40,2022-11-07,2026-09-13
A10023704,39.99,4,2026-07-09,2026-07-09
A10023704,59.78,39,2024-03-25,2026-09-19
A10023704,67.67,1,2025-06-14,2025-06-14
A10023704,76.52,23,2024-04-12,2026-09-06
A10023704,76.95,7,2025-03-04,2026-03-17
A10023704,83.89,2,2024-06-06,2025-11-12
A10023704,84.94,32,2024-07-21,2026-09-22
A10023704,114.8,3,2025-09-30,2026-04-13
A10023725,59.99,28,2023-07-18,2026-09-18
A10023725,84.95,29,2022-07-21,2026-09-21
A10023750,59.99,65,2022-08-10,2026-08-14
A10023750,69.99,37,2022-10-31,2026-10-04
A10023750,84.96,40,2022-09-27,2026-08-27
A10023750,84.99,55,2022-09-28,2026-09-05
A10023781,84.93,52,2023-12-19,2026-09-08
A10023781,84.96,36,2023-10-24,2026-09-05
A10023781,109.98,13,2024-04-05,2026-07-10
A10023790,84.51,36,2022-07-25,2026-08-08
A10023790,84.86,24,2022-09-20,2026-07-06
A10023790,92.75,16,2022-07-08,2026-02-14
A10023790,92.9,14,2022-08-11,2026-08-19
A10023790,105.47,10,2023-02-17,2026-03-15
A10023790,105.53,19,2022-07-08,2026-08-31
A10023790,116.12,23,2022-08-01,2026-09-04
A10023790,116.55,14,2022-10-19,2026-09-14
A10023790,138.86,16,2023-06-04,2026-06-26
A10023837,84.8,9,2022-07-08,2026-03-17
A10023837,84.82,10,2022-08-13,2026-04-06
A10023837,84.84,21,2022-08-20,2026-05-16
A10023837,84.91,49,2022-10-04,2026-08-27
A10023837,84.93,11,2022-06-09,2025-11-01
A10023837,84.98,3,2022-08-13,2025-09-19
A10023837,115.73,1,2025-01-04,2025-01-04
A10023872,59.8,35,2024-02-15,2026-08-28
A10023872,59.9,52,2022-02-07,2026-08-11
A10023872,84.86,29,2022-04-14,2026-08-22
A10023872,84.96,121,2022-03-29,2026-08-28
A10023872,84.99,5,2022-12-21,2025-04-19
A10023873,84.8621,57,2022-07-06,2026-10-04
A10023873,84.969,46,2022-09-17,2026-09-05
A10023873,84.996,43,2022-06-24,2026-09-09
A10023873,111.7134,16,2023-08-06,2026-10-05
A10023873,114.8366,42,2022-09-07,2026-08-08
A10023873,114.9353,13,2022-07-20,2026-08-28
A10023912,59.81,38,2021-01-09,2026-09-22
A10023912,75.95,28,2020-07-09,2026-05-29
A10023912,84.93,37,2020-11-28,2026-08-03
A10023912,84.96,12,2021-02-20,2026-04-29
A10023928,59.93,63,2022-01-05,2026-10-01
A10023928,59.95,63,2022-07-21,2026-10-01
A10023928,76.66,44,2022-07-18,2026-10-05
A10023928,84.89,71,2022-04-19,2026-09-03
A10023969,39.98,13,2023-06-07,2026-09-16
A10023969,59.79,7,2023-06-30,2026-07-03
A10023969,59.94,57,2023-04-27,2026-09-16
A10023969,74.99,10,2024-02-07,2026-08-29
A10023969,84.85,33,2023-02-11,2026-08-30
A10023969,84.93,9,2023-03-10,2026-07-23
A10023969,84.97,5,2024-01-05,2026-03-17
A10023972,64.3971,67,2021-12-30,2026-09-08
A10023972,75.7607,96,2022-01-04,2026-10-03
A10023972,84.9743,326,2021-12-16,2026-10-03
A10023975,29.89,71,2024-07-17,2026-01-16
A10023975,49.85,31,2024-08-19,2026-09-04
A10023975,59.9,55,2023-05-05,2026-08-16
A10023975,59.98,133,2023-01-30,2026-10-01
A10023975,75.52,98,2023-03-20,2026-09-12
A10023975,75.95,31,2023-04-10,2026-05-16
A10023975,84.94,3,2023-04-04,2026-04-11
A10023975,84.98,288,2023-01-12,2026-09-06
A10023975,84.99,108,2023-03-11,2026-09-14
A10023975,89.67,26,2023-03-26,2026-10-01
A10023975,100.85,14,2023-11-15,2026-05-26
A10023975,114.83,5,2024-05-29,2026-08-13
A10023975,114.91,4,2023-12-15,2026-07-21
A10024005,59.96,56,2021-11-03,2026-08-20
A10024005,59.97,24,2022-03-05,2026-08-24
A10024005,59.99,17,2022-02-15,2026-04-30
A10024005,74.86,57,2021-10-29,2026-09-20
A10024005,84.81,59,2021-11-15,2026-07-30
A10024005,84.87,88,2021-10-29,2026-09-01
A10024005,84.88,55,2021-11-10,2026-09-05
A10024201,39.79,44,2023-08-18,2025-08-29
A10024201,48.73,8,2023-07-13,2026-04-16
A10024201,59.72,4,2024-07-12,2026-07-18
A10024201,59.94,37,2021-12-09,2026-06-12
A10024201,74.9,16,2023-07-08,2026-09-08
A10024201,84.85,14,2023-02-03,2026-06-04
A10024201,84.96,37,2021-11-22,2026-07-10
A10024226,59.82,6,2024-03-28,2026-08-12
A10024226,59.94,7,2023-02-18,2026-07-23
A10024226,59.99,7,2024-04-13,2026-02-11
A10024226,84.66,72,2023-03-28,2026-09-29
A10024226,84.98,51,2023-04-15,2026-08-19
A10024226,107.98,10,2023-08-15,2026-05-27
A10024249,59.96,80,2020-01-20,2026-09-06
A10024249,74.98,27,2020-07-08,2026-06-18
A10024249,75.28,27,2020-04-13,2026-02-10
A10024249,84.95,40,2020-01-03,2026-09-02
A10024249,84.98,27,2020-10-21,2026-08-29
A10024303,49.95,1,2026-07-15,2026-07-15
A10024303,59.97,43,2023-12-19,2026-08-22
A10024303,72.38,3,2024-11-01,2026-01-13
A10024303,72.9,9,2023-06-12,2026-06-01
A10024303,84.88,52,2023-12-22,2026-09-18
A10024303,84.94,17,2023-09-06,2026-06-29
A10024303,84.95,5,2023-08-29,2025-11-21
A10024303,84.97,13,2023-12-15,2026-04-13
A10024303,102.96,5,2024-06-04,2026-01-28
A10024318,59.91,18,2023-04-15,2026-04-09
A10024318,59.96,11,2023-01-30,2026-08-30
A10024318,74.92,10,2024-07-06,2026-09-28
A10024318,84.91,61,2022-09-27,2026-10-02
A10024318,84.93,186,2022-11-17,2026-10-03
A10024328,39.74,9,2025-10-20,2026-09-19
A10024328,59.99,49,2021-11-09,2026-09-21
A10024328,73.9,15,2022-01-28,2026-07-03
A10024328,84.42,14,2022-08-13,2026-08-26
A10024328,84.51,6,2023-11-01,2026-02-28
A10024341,39.75,58,2021-07-13,2026-08-03
A10024341,59.92,26,2023-06-24,2026-08-17
A10024341,59.98,4,2024-09-02,2026-09-07
A10024341,59.99,10,2024-06-01,2026-08-07
A10024341,74.95,2,2023-09-12,2026-07-28
A10024341,74.98,11,2023-05-20,2026-06-27
A10024341,84.92,69,2021-04-15,2026-09-11
A10024341,84.94,27,2022-12-26,2026-04-20
A10024341,84.95,45,2022-04-02,2026-09-16
A10024373,59.8425,37,2021-07-26,2026-07-23
A10024373,59.9186,8,2023-01-04,2026-08-25
A10024373,75.9522,25,2023-02-28,2026-08-04
A10024373,84.697,39,2021-04-10,2026-08-15
A10024383,74.97,75,2021-04-03,2026-07-24
A10024383,84.98,29,2021-01-29,2026-09-21
A10024383,84.99,24,2021-03-31,2026-07-04
A10024476,96.17,70,2023-01-17,2026-09-28
A10024476,104.2,66,2021-04-24,2026-09-19
A10024476,159.9,1,2025-02-08,2025-02-08
A10024535,39.53,79,2021-10-18,2026-09-23
A10024535,59.92,18,2023-01-11,2026-07-17
A10024535,72.53,27,2023-01-03,2026-06-14
A10024535,84.92,35,2023-05-07,2026-07-13
A10024535,84.95,49,2022-12-27,2026-09-01
A10024535,98.65,25,2020-11-24,2026-09-10
A10024602,42.68,27,2022-03-11,2026-09-11
A10024602,52.6,66,2022-12-14,2026-09-08
A10024602,59.78,247,2021-07-17,2026-09-21
A10024602,72.58,59,2021-05-17,2026-09-16
A10024602,72.71,40,2022-08-07,2026-05-21
A10024602,72.74,36,2022-02-25,2026-05-27
A10024602,84.72,81,2022-03-11,2026-09-29
A10024602,84.93,116,2021-05-12,2026-09-28
A10024602,101.41,8,2022-10-13,2025-09-19
A10024606,84.38,34,2023-02-02,2026-09-07
A10024606,84.5,16,2023-02-09,2026-03-18
A10024606,84.55,77,2021-02-08,2026-09-21
A10024627,39.87,57,2024-09-06,2026-08-19
A10024627,59.84,28,2022-12-20,2026-09-01
A10024627,59.94,47,2022-03-27,2026-08-22
A10024627,72.83,95,2020-11-18,2026-07-22
A10024627,84.98,118,2020-07-09,2026-09-22
A10024627,84.99,62,2022-04-15,2026-08-06
A10024627,105.79,7,2024-12-15,2026-07-03
A10024664,80.78,80,2020-08-20,2026-08-19
A10024664,84.95,57,2021-02-01,2026-07-30
A10024664,84.99,193,2020-11-05,2026-09-21
A10024664,99.92,18,2023-02-11,2025-12-13
A10024664,113.93,22,2021-12-04,2026-08-19
A10024695,59.85,22,2020-10-18,2026-07-19
A10024695,73.67,95,2020-09-15,2026-09-20
A10024695,84.48,99,2020-08-21,2026-09-20
A10024695,84.57,20,2022-11-27,2026-08-12
A10024695,84.93,14,2020-10-31,2026-08-29
A10024695,100.43,15,2020-08-07,2026-07-06
A10024697,80.78,39,2021-03-15,2026-08-24
A10024697,84.95,65,2021-07-03,2026-10-03
A10024697,84.99,160,2020-11-27,2026-09-19
A10024697,99.92,26,2022-04-30,2026-07-25
A10024697,113.93,26,2023-01-18,2026-09-19
A10024704,72.58,39,2020-03-10,2026-08-26
A10024704,74.6,8,2020-08-11,2026-09-08
A10024704,79.62,15,2021-11-17,2026-08-17
A10024704,79.96,25,2020-11-09,2026-07-03
A10024704,84.39,1,2026-04-23,2026-04-23
A10024704,84.61,3,2023-07-15,2025-12-13
A10024704,84.67,28,2020-02-27,2026-07-18
A10024875,59.92,5,2022-01-28,2026-03-26
A10024875,59.96,8,2023-08-05,2026-01-28
A10024875,74.43,8,2021-05-31,2025-08-18
A10024875,74.44,19,2020-10-22,2026-02-04
A10024875,74.9,14,2021-05-17,2026-07-18
A10024875,84.94,17,2021-05-12,2026-08-12
A10024875,84.95,29,2020-11-26,2026-05-14
A10024909,63.89,4,2022-01-27,2026-01-06
A10024909,75.55,30,2020-05-27,2026-09-04
A10024909,84.9,72,2020-04-04,2026-08-01
A10024909,84.95,18,2021-06-19,2026-05-28
A10024909,84.96,26,2020-07-13,2026-05-23
A10024909,84.97,99,2020-08-02,2026-09-08
A10024909,84.98,28,2021-09-05,2026-07-10
A10024919,96.17,67,2020-07-01,2026-08-31
A10024919,104.2,86,2020-05-25,2026-09-16
A10024933,59.61,23,2020-09-06,2026-09-23
A10024933,59.62,206,2020-08-08,2026-09-30
A10024953,39.16,120,2020-06-17,2026-08-28
A10024953,59.91,114,2020-06-05,2026-09-16
A10024953,72.9,45,2022-06-28,2026-07-26
A10024953,84.91,173,2020-05-05,2026-09-29
A10024953,84.95,24,2021-07-23,2026-05-27
A10024982,59.94,58,2020-04-13,2026-08-16
A10024982,69.18,47,2020-05-11,2026-05-16
A10024982,84.47,46,2020-01-14,2026-09-14
A10024982,84.59,48,2020-02-24,2026-09-02
A10024982,84.92,91,2020-02-21,2026-05-27
A10024982,84.93,85,2020-03-05,2026-08-17
A10024998,72.71,50,2021-05-09,2026-09-05
A10024998,73.9,54,2020-11-12,2026-09-04
A10024998,84.94,49,2020-09-29,2026-08-06
A10024998,84.96,36,2020-09-14,2026-07-20
A10025042,74.97,103,2020-04-10,2026-10-05
A10025042,79.98,47,2020-04-26,2026-09-06
A10025042,84.97,2,2020-06-15,2025-02-10
A10025042,84.98,110,2020-03-28,2026-08-05
A10025054,59.9362,39,2020-02-29,2026-09-19
A10025054,74.523,54,2020-06-02,2026-09-22
A10025054,74.9311,61,2020-03-04,2026-05-06
A10025075,84.92,18,2020-03-07,2026-09-11
A10025075,84.97,12,2020-04-16,2026-06-22
A10025075,91.97,8,2022-03-11,2026-06-20
A10025075,114.93,11,2020-05-27,2026-05-09
A10025135,84.97,88,2020-06-02,2026-07-25
A10025135,84.98,98,2020-04-25,2026-09-17
A10025135,84.99,54,2020-10-08,2026-09-19
A10025152,59.6802,7,2020-01-18,2026-03-08
A10025152,59.9162,106,2020-03-10,2026-09-15
A10025152,70.814,54,2020-01-30,2026-09-13
A10025152,70.8227,20,2020-01-23,2026-05-23
A10025152,70.8882,30,2020-01-30,2026-08-25
A10025154,59.87,16,2024-02-27,2026-09-21
A10025154,59.95,1,2025-07-15,2025-07-15
A10025154,59.98,4,2023-06-14,2026-01-15
A10025160,59.9927,98,2020-01-31,2026-09-14
A10025160,76.9623,14,2020-05-25,2025-03-05
A10025160,76.9654,59,2020-05-07,2026-07-15
A10025160,76.9785,40,2020-02-20,2026-09-07
A10025160,76.9832,32,2020-01-28,2026-09-20
A10025160,84.9616,16,2020-05-28,2026-09-10
A10025160,84.9864,161,2020-03-27,2026-09-04
A10025167,67.918,22,2020-11-19,2026-09-05
A10025167,77.876,28,2020-05-30,2026-07-05
A10025167,77.9232,29,2020-11-28,2026-09-19
A10025167,84.9765,87,2020-01-07,2026-09-12
A10025214,84.94,88,2020-07-03,2026-05-05
A10025214,104.74,9,2020-06-11,2025-09-21
A10025216,84.9794,88,2020-02-12,2026-09-29
A10025216,84.9815,106,2020-01-16,2026-09-10
A10025216,128.0959,119,2020-05-31,2026-09-04
A10025235,59.81,37,2020-10-28,2026-07-01
A10025235,59.98,142,2020-10-25,2026-10-02
A10025235,59.99,27,2021-07-09,2026-07-17
A10025235,74.4,1,2021-12-23,2021-12-23
A10025235,74.81,3,2021-09-23,2026-03-15
A10025235,74.85,50,2020-10-25,2026-09-30
A10025235,74.98,5,2023-02-17,2026-02-27
A10025235,84.82,5,2022-02-20,2026-02-06
A10025235,84.95,70,2020-02-18,2026-08-18
A10025235,114.92,2,2020-07-06,2023-11-23
A10025237,66.8275,42,2020-10-27,2026-09-28
A10025237,74.7315,9,2021-04-29,2025-06-22
A10025237,74.8575,89,2020-01-07,2026-08-18
A10025237,84.896,16,2020-01-22,2026-06-12
A10025286,59.9633,131,2020-01-11,2026-09-20
A10025286,59.9738,52,2020-01-08,2026-09-07
A10025286,59.9793,42,2020-04-09,2026-09-28
A10025286,74.415,28,2020-08-26,2026-08-20
A10025286,74.9527,61,2020-02-29,2026-08-13
A10025286,84.9828,96,2020-01-02,2026-09-01
A10025298,59.8016,78,2020-02-26,2026-06-15
A10025298,59.836,198,2020-02-04,2026-10-03
A10025298,70.0348,79,2020-02-16,2026-09-19
A10025298,84.8419,44,2020-03-06,2026-09-02
A10025323,59.8701,11,2020-07-31,2026-09-27
A10025323,59.8814,65,2020-01-06,2026-08-05
A10025323,59.9819,141,2020-01-03,2026-09-19
A10025323,84.7596,165,2020-01-03,2026-10-02
A10025326,59.865,14,2021-01-13,2025-08-23
A10025326,59.967,95,2020-09-03,2026-05-09
A10025326,59.995,49,2020-05-07,2026-07-04
A10025326,70.611,68,2020-09-04,2026-09-22
A10025342,59.98,7,2020-05-25,2026-07-11
A10025342,59.99,11,2021-08-16,2026-06-06
A10025342,65.21,7,2021-03-12,2026-10-01
A10025342,65.23,2,2023-01-17,2024-10-22
A10025342,76.22,44,2020-05-08,2026-08-28
A10025342,76.33,69,2020-05-13,2026-09-23
A10025342,84.68,1,2026-07-17,2026-07-17
A10025342,84.9,46,2020-08-31,2026-07-08
A10025342,84.98,140,2020-04-28,2026-09-15
A10025359,69.48,15,2020-09-20,2026-09-22
A10025359,69.73,22,2021-04-10,2026-09-04
A10025359,69.93,32,2021-06-21,2026-06-25
A10025359,84.68,72,2020-03-28,2026-09-18
A10025359,84.7,27,2020-07-08,2026-08-22
A10025359,84.87,17,2020-06-02,2026-08-31
A10025380,59.66,89,2020-02-02,2026-07-28
A10025380,69.21,10,2020-05-09,2026-07-27
A10025380,69.51,90,2020-02-06,2026-07-24
A10025380,82.87,19,2020-04-17,2025-11-10
A10025433,59.91,83,2020-06-25,2026-09-02
A10025433,59.96,121,2020-01-30,2026-09-11
A10025433,59.98,27,2020-10-24,2026-08-14
A10025433,73.48,16,2020-07-07,2025-12-27
A10025433,84.98,150,2020-01-30,2026-09-13
A10025434,59.79,54,2020-04-29,2026-09-28
A10025434,62.21,24,2020-04-30,2026-08-11
A10025434,64.44,14,2020-08-28,2026-05-30
A10025434,81.68,42,2020-08-31,2026-08-08
A10025434,82.66,86,2020-04-16,2026-09-01
A10025463,84.37,48,2020-09-09,2026-09-05
A10025463,84.47,38,2020-04-04,2026-08-04
A10025463,84.57,71,2020-01-17,2026-09-08
A10025463,84.61,71,2020-01-06,2026-10-03
A10025463,105.31,52,2020-06-19,2026-08-10
A10025492,65.6949,34,2020-12-12,2026-04-21
A10025492,65.9936,127,2020-09-19,2026-09-15
A10025492,73.8892,76,2020-02-01,2026-07-30
A10025492,78.9971,29,2020-12-05,2026-10-06
A10025492,113.9647,11,2020-11-19,2026-07-25
A10025508,33.68,32,2020-06-17,2026-09-02
A10025508,59.95,138,2020-01-02,2026-10-03
A10025508,59.98,52,2020-02-10,2026-08-31
A10025508,84.69,89,2020-01-22,2026-09-14
A10025508,84.77,11,2020-03-15,2026-06-08
A10025540,84.97,177,2020-01-28,2026-08-26
A10025540,84.99,198,2020-01-09,2026-09-05
A10025559,39.96,63,2021-03-10,2026-10-01
A10025559,59.88,98,2020-01-16,2026-07-13
A10025559,74.9,47,2020-04-01,2026-09-12
A10025559,84.77,37,2021-05-17,2026-06-13
A10025559,84.78,38,2020-06-09,2026-08-29
A10025559,84.98,141,2020-02-04,2026-09-09
A10025593,39.91,55,2020-05-20,2026-08-28
A10025593,50.96,49,2020-01-18,2026-08-03
A10025593,50.98,10,2021-05-04,2026-03-30
A10025593,59.89,220,2020-01-18,2026-09-04
A10025593,59.98,36,2020-02-15,2025-12-20
A10025593,72.96,20,2021-05-06,2026-08-29
A10025593,84.97,16,2020-05-19,2026-01-16
A10025593,84.98,35,2021-01-20,2026-04-06
A10025625,59.916,127,2020-02-07,2026-08-29
A10025625,59.9346,29,2020-04-30,2026-07-28
A10025625,59.97,10,2020-07-21,2025-12-30
A10025625,75.8601,44,2020-02-08,2026-08-15
A10025625,75.9258,428,2020-01-06,2026-10-03
A10025625,84.9772,20,2020-05-13,2025-11-14
A10025625,84.983,147,2020-01-08,2026-06-19
A10025625,84.9954,96,2020-04-08,2026-08-31
A10025625,106.6146,38,2020-01-05,2026-10-05
A10025656,79.9609,72,2020-02-03,2026-09-30
A10025656,84.774,123,2020-01-01,2026-09-12
A10025656,84.9538,237,2020-01-04,2026-09-19
A10025656,99.6863,68,2020-02-19,2026-08-20
A10025656,110.4304,32,2020-01-16,2026-08-28
A10025678,59.9166,92,2020-02-16,2026-07-29
A10025678,71.9824,83,2020-01-18,2026-10-05
A10025678,71.9987,30,2020-02-10,2026-07-01
A10025678,84.9908,66,2020-09-08,2026-09-30
A10025687,39.59,5,2025-11-12,2026-03-31
A10025687,45.93,9,2021-01-07,2025-10-18
A10025687,45.95,10,2020-07-23,2025-12-10
A10025687,59.88,23,2020-06-14,2026-04-21
A10025687,59.9,4,2024-03-30,2025-11-11
A10025687,59.92,10,2020-07-04,2025-08-29
A10025687,59.94,5,2021-06-10,2026-01-26
A10025687,59.99,21,2020-01-11,2026-06-30
A10025687,84.93,57,2020-07-31,2026-08-20
A10025687,84.96,73,2020-10-05,2026-05-21
A10025776,91.63,195,2020-01-31,2026-08-29
A10025776,135.3,29,2020-04-08,2026-04-10
A10025776,135.55,40,2020-02-17,2026-10-03
A10025776,135.8,107,2020-01-07,2026-10-01
A10025782,74.9699,46,2020-02-26,2026-09-17
A10025782,84.9639,127,2020-01-07,2026-10-06
A10025782,84.9848,38,2020-01-05,2026-06-12
A10025782,84.993,54,2020-04-13,2026-07-27
A10025831,84.9639,220,2020-01-20,2026-09-14
A10025831,84.9848,20,2020-02-07,2026-05-02
A10025831,84.9884,31,2020-01-29,2026-06-27
A10025831,84.993,15,2020-03-21,2026-07-24
A10025831,119.4105,139,2020-01-04,2026-10-05
A10025839,59.9856,62,2020-02-10,2026-08-19
A10025839,59.9981,145,2020-01-05,2026-09-13
A10025839,74.9699,86,2020-01-02,2026-06-06
A10025839,84.9639,104,2020-01-04,2026-09-04
A10025879,59.9049,30,2020-03-07,2026-01-12
A10025879,63.2138,16,2020-02-19,2026-10-04
A10025879,74.914,59,2020-01-08,2026-09-22
A10025879,84.9329,61,2020-02-18,2026-06-17
A10025923,84.88,1,2026-08-01,2026-08-01
A10025950,39.49,43,2021-02-16,2026-08-29
A10025950,59.96,148,2020-01-05,2026-09-16
A10025950,74.97,50,2020-04-18,2026-03-20
A10025950,84.86,20,2020-07-02,2026-07-03
A10025950,84.95,41,2020-07-01,2026-08-22
A10025950,84.99,99,2020-03-12,2026-10-03
A10025994,59.91,71,2020-01-09,2026-09-15
A10025994,59.94,31,2020-06-04,2026-09-19
A10025994,72.04,56,2020-03-21,2026-09-04
A10025994,84.82,79,2020-02-07,2026-09-09
A10025994,84.83,110,2020-01-04,2026-08-08
A10025994,84.9,68,2020-06-22,2026-09-26
A10025994,84.96,12,2020-03-24,2026-03-14
A10025994,84.98,10,2023-03-26,2026-08-20
A10025994,101.89,21,2020-10-16,2026-04-29
A10026034,39.93,70,2023-02-23,2026-09-17
A10026034,59.87,28,2020-04-29,2026-03-28
A10026034,74.61,28,2020-01-23,2026-09-20
A10026034,84.65,108,2020-02-08,2026-07-22
A10026034,84.72,44,2020-03-09,2026-04-16
A10026034,84.94,83,2020-02-18,2026-09-15
A10026034,102.79,35,2020-06-04,2026-07-30
A10026034,115.82,11,2020-06-22,2024-10-03
A10026045,69.0307,97,2020-05-26,2026-08-28
A10026045,84.8188,176,2020-01-21,2026-08-26
A10026045,84.9213,152,2020-04-28,2026-09-07
A10026045,100.7366,23,2020-02-26,2026-05-21
A10026094,18.0452,1,2026-01-05,2026-01-05
A10026094,18.1037,1,2025-04-22,2025-04-22
A10026094,19.8197,39,2020-01-03,2026-07-07
A10026094,29.0406,5,2021-10-30,2026-06-01
A10026094,59.97,12,2020-06-12,2026-09-06
A10026094,59.99,92,2020-04-04,2026-09-04
A10026094,74.29,22,2020-03-07,2026-07-10
A10026094,84.96,65,2020-04-22,2026-05-08
A10026094,84.99,128,2020-01-08,2026-06-24
A10026094,99.51,10,2020-06-17,2026-05-04
A10026094,111.97,5,2020-12-19,2026-01-16
A10026157,74.62,291,2020-01-08,2026-10-03
A10026157,74.8,45,2020-01-18,2026-07-25
A10026157,84.56,37,2020-04-18,2026-05-01
A10026157,84.61,91,2020-06-11,2026-08-26
A10026184,59.87,78,2020-01-10,2026-06-29
A10026184,59.98,65,2020-03-09,2026-09-12
A10026184,74.95,137,2020-02-06,2026-10-02
A10026184,84.92,31,2020-03-09,2026-03-28
A10026184,84.96,44,2020-04-30,2026-04-11
A10026184,84.98,267,2020-01-06,2026-10-01
A10026184,99.93,18,2020-06-22,2026-01-30
A10026316,84.56,26,2020-06-24,2026-05-14
A10026316,84.67,98,2020-01-04,2026-09-29
A10026316,84.79,25,2020-08-19,2026-05-23
A10026316,84.86,36,2020-06-28,2026-08-06
A10026316,84.91,95,2020-02-14,2026-08-05
A10026360,67.89,188,2020-01-03,2026-09-22
A10026360,67.91,9,2020-02-15,2026-02-28
A10026360,75.86,34,2020-01-16,2026-09-23
A10026360,84.86,46,2020-05-05,2026-08-19
A10026363,74.92,32,2020-07-07,2026-04-11
A10026363,84.32,43,2020-01-10,2026-09-03
A10026363,84.39,34,2020-03-04,2026-03-30
A10026363,84.49,64,2020-01-30,2026-08-29
A10026363,84.82,32,2020-01-16,2026-06-02
A10026363,84.99,62,2020-01-25,2026-08-28
A10026391,98.99,9,2020-01-11,2026-07-17
A10026391,99.03,9,2020-02-18,2025-09-19
A10026391,99.13,15,2020-02-22,2025-09-30
A10026391,99.28,14,2020-03-03,2025-08-31
A10026391,99.46,8,2022-10-10,2026-04-18
A10026391,99.54,11,2020-07-02,2026-07-18
A10026391,99.7,14,2020-03-26,2025-09-25
A10026391,99.81,3,2020-04-03,2026-02-13
A10026391,100.1,6,2020-06-17,2026-07-17
A10026391,100.2,12,2020-06-06,2026-04-29
A10026391,100.49,2,2025-04-23,2026-03-09
A10026391,104.19,12,2020-02-19,2026-05-12
A10026391,107.59,2,2020-03-12,2026-06-23
A10026391,108.14,2,2024-07-25,2026-07-11
A10026391,110.26,13,2020-01-14,2026-09-01
A10026391,111.17,2,2024-07-17,2025-08-22
A10026391,111.89,17,2020-06-05,2025-11-07
A10026391,112.23,1,2024-10-23,2024-10-23
A10026391,117.28,1,2025-04-09,2025-04-09
A10026391,117.42,17,2020-04-01,2026-07-27
A10026391,118.28,1,2026-03-20,2026-03-20
A10026391,121.69,7,2020-06-11,2026-04-04
A10026391,121.91,15,2020-03-10,2025-12-29
A10026391,123.46,13,2020-03-14,2026-07-27
A10026391,123.69,25,2020-01-29,2026-05-04
A10026391,124.11,3,2024-05-26,2025-08-27
A10026391,124.23,3,2021-01-27,2024-03-21
A10026391,124.34,4,2020-01-29,2024-11-27
A10026391,133.07,7,2020-06-05,2025-06-03
A10026391,134.08,3,2020-10-21,2025-05-22
A10026391,134.31,1,2020-07-09,2020-07-09
A10026391,134.43,14,2020-02-11,2026-08-16
A10026391,134.52,1,2021-09-24,2021-09-24
A10026391,141.08,9,2020-01-13,2026-06-25
A10026391,141.83,5,2023-08-16,2026-05-01
A10026391,142.15,9,2020-02-04,2026-05-17
A10026391,142.89,1,2026-05-21,2026-05-21
A10026391,142.91,3,2025-03-18,2026-07-07
A10026391,143.06,12,2020-01-31,2025-11-10
A10026391,143.89,2,2022-06-01,2026-03-07
A10026391,144.18,18,2020-04-16,2026-09-18
A10026391,144.73,1,2026-05-18,2026-05-18
A10026391,144.97,2,2023-10-26,2024-08-21
A10026391,145.55,6,2022-02-28,2025-11-29
A10026391,165.41,20,2020-03-06,2025-11-01
A10026391,169.09,1,2025-03-19,2025-03-19
A10026391,180.73,15,2020-01-15,2026-07-08
A10026391,182.56,10,2020-01-09,2026-09-17
A10026410,84.9888,216,2020-01-20,2026-10-01
A10026410,84.9935,186,2020-01-04,2026-09-05
A10026410,102.9982,53,2020-04-02,2026-08-28
A10026410,103.4203,42,2020-02-21,2026-09-30
A10026437,74.22,47,2020-01-05,2026-09-05
A10026437,74.36,24,2020-09-25,2026-06-29
A10026437,84.05,115,2020-02-19,2026-07-24
A10026437,84.18,10,2020-08-19,2026-06-12
A10026437,84.26,24,2020-04-15,2026-07-31
A10026437,84.3,49,2020-02-12,2026-04-23
A10026445,67.62,120,2020-02-17,2026-09-17
A10026445,75.45,91,2020-01-06,2026-10-01
A10026445,75.95,63,2020-01-28,2026-09-12
A10026445,84.66,105,2020-01-10,2026-08-19
A10026452,39.7,109,2020-06-29,2026-09-16
A10026452,49.31,144,2020-06-29,2026-09-21
A10026452,59.94,191,2020-01-14,2026-09-02
A10026452,59.96,52,2020-02-22,2026-09-15
A10026452,59.99,50,2020-02-29,2026-07-18
A10026452,84.95,367,2020-01-04,2026-10-02
A10026452,84.98,328,2020-01-07,2026-08-25
A10026452,100.95,149,2020-01-17,2026-09-03
A10026452,100.99,9,2020-01-28,2026-02-14
A10026452,121.97,56,2020-01-15,2026-07-21
A10026484,59.81,53,2020-01-04,2026-09-09
A10026484,74.99,14,2020-10-25,2026-03-07
A10026484,84.76,42,2020-05-20,2026-06-05
A10026484,84.91,27,2020-01-17,2026-08-26
A10026484,84.96,71,2020-01-11,2026-08-03
A10026484,84.98,28,2020-05-27,2026-02-07
A10026557,39.99,40,2020-11-25,2026-10-06
A10026557,49.39,41,2020-11-25,2026-06-05
A10026557,59.89,40,2020-01-23,2026-04-25
A10026557,84.45,40,2020-03-09,2026-09-13
A10026557,84.68,55,2020-01-17,2026-09-19
A10026557,84.85,24,2020-01-04,2026-06-08
A10026557,84.99,78,2020-03-15,2026-07-25
A10026557,107.16,11,2020-06-06,2026-03-04
A10026586,84.86,1,2025-04-16,2025-04-16
A10026651,59.94,74,2020-02-11,2026-10-01
A10026651,59.98,44,2020-03-21,2026-10-01
A10026651,59.99,28,2020-05-28,2026-05-26
A10026651,74.95,24,2020-01-09,2026-08-29
A10026651,74.97,9,2020-09-12,2026-09-13
A10026651,84.6,90,2020-02-18,2026-08-15
A10026651,84.95,96,2020-02-12,2026-06-15
A10026651,84.99,1,2023-11-26,2023-11-26
A10026746,59.92,77,2020-01-28,2026-08-19
A10026746,59.95,79,2020-01-07,2026-09-16
A10026746,84.95,26,2020-02-11,2026-05-08
A10026746,84.98,54,2020-03-02,2026-09-07
A10026746,118.89,29,2020-02-20,2026-09-28
A10026760,84.82,130,2020-01-04,2026-08-28
A10026760,84.93,110,2020-01-28,2026-08-07
A10026760,88.67,2,2020-10-23,2023-10-07
A10026760,109.18,62,2020-02-21,2026-05-03
A10026776,72.572,99,2020-02-07,2026-06-10
A10026776,75.914,116,2020-01-09,2026-09-11
A10026776,84.912,32,2020-04-07,2026-09-21
A10026780,37.22,90,2021-09-15,2026-09-01
A10026780,49.64,39,2021-11-12,2026-08-05
A10026780,59.9,187,2020-01-02,2026-09-12
A10026780,59.93,36,2020-01-18,2026-08-27
A10026780,84.84,12,2020-07-01,2026-09-16
A10026780,84.89,421,2020-01-13,2026-09-14
A10026780,102.81,18,2020-02-14,2026-06-20
A10026780,114.73,28,2020-01-07,2026-09-19
A10026810,65.321,127,2020-01-17,2026-09-15
A10026810,72.548,193,2020-01-13,2026-09-21
A10026810,78.299,139,2020-01-18,2026-08-26
A10026861,39.86,20,2020-03-02,2026-07-31
A10026861,67.88,124,2020-01-11,2026-09-28
A10026861,79.78,10,2020-03-27,2026-01-31
A10026861,79.93,49,2020-01-14,2026-09-02
A10026861,84.97,70,2020-01-23,2026-08-15
A10026861,110.82,8,2020-02-05,2024-02-13
A10026865,79.97,29,2020-05-26,2026-01-28
A10026865,79.98,37,2020-01-02,2026-03-19
A10026865,84.98,95,2020-01-17,2026-09-12
A10026883,59.7512,334,2020-01-04,2026-09-29
A10026883,59.9914,309,2020-01-09,2026-09-05
A10026883,84.922,157,2020-01-04,2026-08-13
A10026883,84.9615,137,2020-01-01,2026-08-26
A10026883,116.4225,67,2020-01-23,2026-09-18
A10026883,117.8972,75,2020-01-09,2026-10-03
A10026902,31.73,64,2020-01-18,2026-07-25
A10026902,39.2,15,2020-04-20,2026-02-14
A10026902,70.99,71,2020-02-10,2026-08-05
A10026902,77.35,116,2020-01-11,2026-08-03
A10026902,77.86,52,2020-02-01,2026-09-29
A10026914,59.7659,233,2020-01-17,2026-09-05
A10026914,70.1148,86,2020-02-19,2026-07-25
A10026919,59.913,13,2020-02-07,2026-08-10
A10026919,59.9612,103,2020-01-07,2026-10-03
A10026919,59.9838,38,2020-01-18,2026-08-15
A10026919,73.8974,33,2020-02-05,2026-07-17
A10026919,84.4684,53,2020-01-30,2026-09-19
A10026919,84.6798,69,2020-01-02,2026-09-20
A10026919,84.7227,44,2020-01-21,2026-09-28
A10026919,84.8249,70,2020-01-18,2026-10-02
A10026919,84.8333,24,2020-01-04,2026-06-23
A10026919,145.4685,4,2021-08-04,2025-11-07
A10026931,72.8,181,2020-01-07,2026-09-12
A10026931,75.7475,398,2020-01-04,2026-09-09
A10026931,84.8509,307,2020-01-07,2026-10-05
A10026935,84.9794,147,2020-01-11,2026-09-30
A10026935,84.982,43,2020-01-02,2026-07-09
A10026975,67.75,68,2020-02-28,2026-05-17
A10026975,72.62,71,2020-03-04,2026-07-28
A10026975,74.52,25,2020-03-26,2025-11-12
A10026975,80.16,122,2020-02-05,2026-09-06
A10026975,84.53,2,2023-10-09,2025-09-23
A10026980,59.9365,80,2020-01-06,2026-09-02
A10026980,74.9314,66,2020-04-17,2026-07-11
A10026980,74.9577,28,2020-05-03,2026-04-11
A10026980,74.9912,38,2020-02-29,2026-09-26
A10026980,84.937,89,2020-01-11,2026-08-18
A10026980,84.9412,31,2020-04-01,2026-06-29
A10026999,70.6685,55,2020-01-03,2026-08-27
A10026999,70.809,70,2020-01-11,2026-07-15
A10026999,84.919,77,2020-03-05,2026-06-26
A10026999,84.9443,44,2020-02-22,2026-07-28
A10026999,84.9723,147,2020-02-15,2026-10-01
A10027005,59.9966,124,2020-01-13,2026-09-08
A10027005,80.1996,32,2020-03-06,2026-07-07
A10027005,80.2942,72,2020-01-04,2026-07-27
A10027005,87.768,80,2020-01-06,2026-09-23
A10027026,59.95,40,2020-03-06,2026-09-19
A10027026,59.98,46,2020-08-27,2026-06-20
A10027026,59.99,191,2020-02-13,2026-09-04
A10027026,66.3,36,2020-04-30,2026-06-16
A10027026,75.23,39,2020-03-09,2026-06-05
A10027026,81.33,37,2020-02-22,2026-08-19
A10027034,62.678,14,2020-04-14,2026-08-21
A10027034,67.3726,107,2020-01-15,2026-09-16
A10027034,68.3988,29,2020-03-16,2026-07-02
A10027034,68.4567,9,2020-06-01,2025-10-01
A10027034,70.0627,55,2020-02-19,2026-07-03
A10027034,76.6944,30,2020-06-19,2026-04-16
A10027035,84.9959,167,2020-01-11,2026-09-12
A10027035,84.9976,53,2020-01-10,2026-10-01
A10027052,30.14,21,2020-06-19,2025-09-15
A10027052,59.79,83,2020-02-26,2026-09-19
A10027052,59.8,127,2020-01-13,2026-08-22
A10027052,59.89,12,2020-01-22,2026-07-17
A10027052,62.76,58,2020-01-29,2026-08-07
A10027052,74.7,19,2020-02-22,2026-07-04
A10027054,59.9,73,2020-01-02,2026-08-17
A10027054,84.85,96,2020-02-24,2026-09-24
A10027054,84.89,54,2020-02-14,2026-09-21
A10027054,84.97,78,2020-01-02,2026-06-12
A10027054,112.78,2,2024-05-25,2025-03-08
A10027054,112.79,9,2020-05-11,2026-03-10
A10027054,123.93,5,2023-03-31,2025-06-20
A10027054,124.73,7,2020-04-02,2025-08-12
A10027085,64.01,145,2020-02-01,2026-09-29
A10027085,84.95,29,2020-01-15,2026-02-10
A10027085,84.99,96,2020-01-18,2026-06-30
A10027120,95.202,136,2020-01-07,2026-08-31
A10027120,95.413,45,2020-01-29,2026-07-09
A10027132,59.8188,2,2026-03-09,2026-09-11
A10027132,59.8763,1,2026-03-08,2026-03-08
A10027132,71.5527,3,2025-08-15,2026-03-15
A10027139,70.74,23,2020-02-08,2026-08-11
A10027139,70.8,63,2020-01-23,2026-08-25
A10027139,70.81,33,2020-01-22,2026-07-28
A10027139,84.8,166,2020-01-16,2026-10-03
A10027159,59.99,21,2020-01-22,2026-06-17
A10027159,74.95,20,2020-03-09,2026-02-20
A10027159,84.95,82,2020-01-04,2026-09-06
A10027168,59.9466,130,2020-02-05,2026-10-02
A10027168,74.5066,150,2020-01-20,2026-10-02
A10027168,74.5724,80,2020-01-14,2026-10-03
A10027168,93.874,103,2020-02-03,2026-09-22
A10027176,69.5451,76,2020-02-21,2026-06-02
A10027176,84.7721,79,2020-01-14,2026-09-30
A10027176,84.937,158,2020-01-18,2026-08-23
A10027176,84.9815,65,2020-02-25,2026-06-07
A10027236,74.96,50,2020-01-04,2026-03-25
A10027236,74.98,11,2020-10-16,2026-09-01
A10027236,84.66,22,2020-10-26,2024-12-07
A10027236,84.74,125,2020-01-06,2026-09-12
A10027236,84.77,16,2020-05-11,2025-12-20
A10027236,84.9,76,2020-01-14,2026-05-29
A10027265,59.9857,75,2020-02-28,2026-08-08
A10027265,59.994,53,2020-01-10,2026-09-02
A10027265,84.9818,91,2020-02-01,2026-07-18
A10027265,84.9956,52,2020-01-13,2026-08-22
A10027272,84.993,79,2020-01-29,2026-07-24
A10027272,84.9966,89,2020-01-09,2026-10-03
A10027272,116.302,58,2020-04-11,2026-06-13
A10027272,117.7501,58,2020-02-22,2026-08-06
A10027280,54.22,49,2020-01-02,2026-05-16
A10027280,54.31,211,2020-01-04,2026-09-29
A10027280,59.92,88,2020-01-04,2026-08-22
A10027280,59.93,48,2020-01-14,2026-09-09
A10027280,59.95,95,2020-01-04,2026-09-28
A10027280,59.98,351,2020-01-04,2026-09-19
A10027282,59.97,23,2020-02-01,2026-09-04
A10027282,59.98,83,2020-02-08,2026-09-21
A10027282,59.99,482,2020-01-04,2026-09-19
A10027306,59.71,63,2020-02-01,2026-09-30
A10027306,59.92,117,2020-02-14,2026-09-18
A10027306,72.96,50,2020-01-03,2026-08-21
A10027306,72.97,7,2020-01-08,2020-12-12
A10027306,84.14,59,2020-01-17,2026-08-07
A10027306,84.86,5,2020-11-22,2024-04-27
A10027306,84.88,10,2020-01-14,2026-08-14
A10027306,84.97,1,2020-10-26,2020-10-26
A10027306,84.99,89,2020-01-09,2026-08-31
A10027325,64.77,16,2020-02-24,2026-09-11
A10027325,64.82,15,2020-09-10,2026-08-15
A10027325,84.74,7,2020-07-04,2026-05-01
A10027325,84.84,49,2020-02-03,2026-09-04
A10027325,84.95,64,2020-02-29,2026-08-24
A10027325,100.49,7,2020-01-14,2025-10-25
A10027325,100.98,16,2020-04-10,2026-09-20
A10027325,101.65,1,2022-12-20,2022-12-20
A10027325,114.0,1,2020-10-30,2020-10-30
A10027325,114.16,22,2020-05-04,2026-07-03
A10027341,54.34,24,2020-06-11,2026-02-25
A10027341,59.99,80,2020-01-21,2026-09-01
A10027341,73.29,8,2020-07-15,2026-05-07
A10027341,84.9,34,2020-06-22,2026-07-05
A10027341,84.98,92,2020-01-04,2026-08-29
A10027341,84.99,165,2020-01-15,2026-08-27
A10027341,98.58,15,2020-01-11,2025-10-31
A10027341,102.06,8,2020-01-31,2025-09-27
A10027365,59.912,55,2020-01-20,2026-09-20
A10027365,72.7279,26,2020-03-21,2026-09-18
A10027365,73.4649,58,2020-02-19,2026-09-23
A10027365,84.7233,22,2020-06-10,2026-06-16
A10027365,84.977,21,2020-07-06,2026-04-04
A10027443,84.6701,232,2020-01-20,2026-09-28
A10027443,84.8594,54,2020-02-10,2026-08-29
A10027443,84.9278,50,2020-02-20,2026-07-12
A10027503,59.89,180,2021-09-23,2026-09-18
A10027503,59.95,77,2021-09-18,2026-09-23
A10027503,59.99,14,2021-10-01,2026-07-25
A10027515,59.9423,272,2020-01-14,2026-10-05
A10027515,59.9901,334,2020-01-04,2026-10-01
A10027564,84.95,1,2025-04-15,2025-04-15
A10027581,84.99,269,2020-01-01,2026-09-05
A10027621,66.06,24,2020-04-12,2026-08-29
A10027621,66.52,24,2020-06-13,2026-04-25
A10027621,66.66,102,2020-03-02,2026-08-21
A10027621,84.25,115,2020-01-10,2026-10-05
A10027621,84.32,27,2020-01-11,2026-03-19
A10027656,84.91,155,2020-01-11,2026-09-23
A10027656,84.93,206,2020-01-09,2026-08-24
A10027723,60.4624,2,2025-06-28,2025-08-18
A10027723,84.9868,1,2026-06-06,2026-06-06
A10027723,84.9933,4,2022-01-08,2025-11-17
A10027724,84.9933,7,2022-02-04,2026-09-12
A10027790,39.98,9,2021-09-02,2026-04-10
A10027790,69.98,23,2020-01-17,2026-07-30
A10027790,84.98,167,2020-01-04,2026-10-05
A10027790,100.98,131,2020-02-07,2026-08-14
A10027793,59.988,166,2020-01-14,2026-10-03
A10027793,71.852,77,2020-01-13,2026-07-03
A10027793,84.861,75,2020-02-08,2026-04-15
A10027793,84.8985,93,2020-03-19,2026-08-14
A10027832,59.14,141,2020-01-30,2026-08-28
A10027832,70.18,126,2020-02-16,2026-09-14
A10027832,72.23,14,2020-06-05,2026-09-28
A10027832,84.99,491,2020-01-12,2026-09-23
A10027832,98.39,48,2020-04-03,2026-08-18
A10027832,113.51,25,2020-07-14,2026-04-25
A10027937,69.9,36,2020-01-10,2026-08-01
A10027937,69.93,77,2020-01-22,2026-07-31
A10027937,74.97,34,2020-01-17,2026-09-08
A10027937,84.91,121,2020-01-15,2026-09-22
A10027937,84.94,57,2020-01-10,2026-09-22
A10027937,84.96,54,2020-04-03,2026-02-07
A10027937,84.97,52,2020-01-08,2026-07-20
A10027937,84.98,74,2020-01-09,2026-07-21
A10027937,84.99,42,2020-01-22,2026-08-01
A10027937,101.94,36,2020-01-07,2026-04-06
A10027937,101.95,76,2020-01-04,2026-05-08
A10027937,101.97,35,2020-05-01,2026-06-19
A10027972,55.35,58,2020-05-17,2026-08-17
A10027972,72.2,49,2020-01-20,2026-09-18
A10027972,72.77,23,2020-03-02,2026-09-05
A10027972,78.94,42,2020-01-04,2026-07-17
A10027972,79.16,16,2020-04-18,2026-05-09
A10027972,84.98,43,2020-02-12,2026-09-05
A10027972,96.79,32,2020-01-31,2026-04-04
A10027972,109.07,4,2020-02-06,2025-07-01
A10027989,59.89,25,2020-02-12,2026-08-17
A10027989,84.96,134,2020-01-08,2026-10-02
A10027989,84.97,44,2020-01-25,2026-07-01
A10027989,84.99,70,2020-01-14,2026-09-03
A10028028,59.97,24,2020-01-21,2026-07-19
A10028028,74.62,94,2020-01-18,2026-09-05
A10028028,84.97,37,2020-01-11,2026-04-30
A10028028,84.99,53,2020-03-02,2026-09-19
A10028037,44.63,5,2020-11-05,2026-04-04
A10028037,52.73,1,2020-11-05,2020-11-05
A10028037,59.95,10,2020-08-27,2026-02-23
A10028037,59.96,28,2020-01-25,2026-07-08
A10028037,80.94,69,2020-06-24,2026-07-24
A10028037,81.37,48,2020-07-02,2026-08-31
A10028037,84.58,9,2020-06-15,2024-10-14
A10028037,84.96,1,2025-10-27,2025-10-27
A10028037,98.19,92,2020-01-02,2026-07-17
A10028037,98.55,16,2020-11-04,2026-09-08
A10028037,101.13,8,2020-07-07,2025-09-26
A10028037,102.31,59,2020-03-14,2026-09-12
A10028037,105.88,101,2020-01-18,2026-08-24
A10028037,106.34,20,2020-06-17,2026-03-13
A10028037,109.27,26,2020-05-19,2026-06-04
A10028037,114.75,9,2020-07-30,2026-09-23
A10028037,115.49,12,2020-07-08,2024-08-16
A10028037,116.53,8,2020-06-26,2025-06-20
A10028037,125.07,5,2020-10-24,2022-10-14
A10028037,129.15,18,2020-06-22,2026-10-02
A10028037,129.87,51,2020-02-05,2026-03-21
A10028037,132.52,1,2022-06-25,2022-06-25
A10028037,134.31,57,2020-03-03,2026-09-21
A10028037,153.01,2,2020-01-14,2024-03-14
A10028037,153.57,47,2020-02-08,2026-05-23
A10028037,158.61,2,2020-02-19,2020-06-27
A10028037,233.14,2,2024-05-28,2026-06-25
A10028069,59.93,116,2020-01-08,2026-09-08
A10028069,59.95,297,2020-01-15,2026-08-31
A10028069,59.99,107,2020-05-27,2026-08-02
A10028069,68.13,86,2020-01-11,2026-09-15
A10028069,84.88,46,2020-01-08,2026-08-28
A10028069,84.98,11,2020-04-22,2025-09-27
A10028081,65.65,93,2020-01-16,2026-09-30
A10028081,74.16,76,2020-01-09,2026-07-11
A10028081,84.97,252,2020-01-04,2026-10-02
A10028117,70.69,66,2020-02-01,2026-10-01
A10028117,79.17,44,2020-02-22,2025-10-23
A10028117,84.94,32,2020-02-01,2026-09-19
A10028117,84.95,32,2020-02-27,2026-04-11
A10028117,98.2,11,2020-06-16,2025-11-15
A10028138,59.63,17,2020-11-22,2026-06-19
A10028138,59.76,25,2020-03-16,2026-08-15
A10028138,59.9,22,2020-01-31,2026-09-15
A10028138,71.04,25,2020-03-05,2026-06-12
A10028138,73.57,23,2020-02-27,2026-09-15
A10028138,84.95,31,2020-01-31,2026-08-26
A10028138,84.97,22,2020-01-21,2026-02-11
A10028142,59.91,19,2021-05-14,2026-08-17
A10028142,59.94,27,2021-01-27,2026-09-09
A10028142,59.95,55,2021-01-08,2026-09-17
A10028142,84.77,12,2020-10-13,2026-03-10
A10028145,59.78,26,2020-01-20,2026-07-07
A10028145,84.48,68,2020-03-07,2026-09-23
A10028145,84.57,8,2020-05-23,2026-05-30
A10028145,84.67,41,2020-06-20,2026-07-25
A10028145,122.53,57,2020-03-11,2026-07-16
A10028147,67.8,23,2020-02-12,2026-05-24
A10028147,67.95,12,2020-05-27,2026-05-12
A10028147,67.96,1,2020-11-10,2020-11-10
A10028147,68.61,1,2024-03-28,2024-03-28
A10028147,79.27,6,2020-05-29,2026-09-04
A10028147,79.42,24,2020-06-29,2026-07-31
A10028147,79.7,20,2020-08-07,2026-03-13
A10028147,84.99,135,2020-01-06,2026-08-28
A10028147,110.34,11,2020-08-11,2025-07-26
A10028182,59.88,76,2020-02-01,2026-09-01
A10028182,84.78,63,2020-02-08,2026-08-21
A10028182,84.99,66,2020-01-06,2026-04-27
A10028182,102.78,23,2020-01-17,2026-07-25
A10028182,129.71,17,2020-01-10,2026-09-05
A10028198,84.94,80,2020-01-04,2021-12-15
A10028198,84.9403,123,2021-09-25,2026-09-06
A10028198,84.9416,45,2020-01-06,2026-10-02
A10028198,93.851,47,2020-01-03,2021-11-27
A10028198,93.8513,63,2021-09-13,2026-10-03
A10028198,95.4739,34,2020-01-23,2026-08-19
A60106001,60.0,74,2020-01-23,2026-08-04
A60106001,84.21,48,2020-02-24,2026-09-11
A60106001,98.68,12,2020-10-04,2026-07-13
A60106001,115.04,12,2020-02-20,2026-05-01
A60106002,84.95,6,2020-10-16,2025-11-12
A60106002,84.98,11,2020-04-27,2026-02-20
A60106002,84.99,108,2020-01-03,2026-09-10
A60106002,127.0,10,2020-04-14,2025-10-17
A60106002,127.05,10,2020-02-19,2026-09-15
A60106002,127.24,19,2020-01-06,2026-09-01
A60106002,127.29,12,2020-05-14,2025-12-04
A60106002,150.59,18,2020-01-06,2026-06-16
A60106002,225.83,1,2020-09-19,2020-09-19
A60106002,227.27,2,2020-11-09,2020-12-03
A60270501,60.0,80,2020-01-16,2026-09-29
A60270501,85.0,87,2020-01-02,2026-05-30
A60270501,117.59,26,2020-02-28,2026-09-11
A60275104,59.34,71,2020-01-06,2026-07-04
A60275104,84.96,47,2020-02-07,2026-06-14
A60275104,119.37,11,2020-03-03,2026-02-27
A60402003,59.67,181,2020-01-15,2026-10-03
A60402003,74.2,117,2020-01-13,2026-09-17
A60402003,84.77,167,2020-01-08,2026-09-01
A60402003,84.98,37,2020-01-20,2026-05-21
A60402003,124.23,33,2020-01-30,2026-07-16
A60403002,55.65,13,2020-02-09,2024-06-22
A60403002,58.62,24,2020-08-08,2026-02-27
A60403002,63.3,17,2020-01-08,2026-04-20
A60403002,84.95,48,2020-04-26,2026-05-29
A60403002,143.51,18,2020-02-20,2025-08-04
A60403002,156.8,8,2020-10-23,2026-02-19
A60405001,59.91,128,2020-01-13,2026-09-18
A60405001,84.97,166,2020-01-30,2026-09-13
A60405001,84.99,456,2020-01-04,2026-09-21
A60405001,106.06,159,2020-01-04,2026-09-15
A60405001,117.59,80,2020-01-15,2026-09-16
A60405001,140.43,30,2020-05-15,2026-08-27
A60405001,183.54,18,2020-02-12,2026-06-30
A60405002,84.96,228,2020-01-06,2026-09-28
A60405002,84.99,50,2020-02-16,2026-09-13
A60405002,101.35,17,2020-02-19,2026-08-05
A60405002,101.85,33,2020-02-08,2026-07-14
A60405002,119.63,36,2020-01-13,2026-08-08
A60405002,119.94,17,2020-06-03,2025-11-12
A60471810,59.95,24,2020-01-26,2026-08-27
A60471810,84.96,29,2020-01-20,2026-03-29
A60471810,84.98,47,2020-01-13,2026-05-01
A60471810,102.29,30,2020-02-21,2026-03-24
A60471810,124.94,10,2020-01-21,2025-12-17
A60471810,140.22,6,2020-10-20,2026-08-10
A60472901,84.55,31,2020-01-06,2026-09-19
A60472901,84.77,25,2020-01-17,2025-03-22
A60472901,84.99,26,2020-04-17,2026-07-29
A60472901,104.0,13,2020-10-16,2026-08-13
A60472901,104.66,30,2020-02-03,2025-10-21
A60472901,105.19,47,2020-04-27,2026-08-22
A60472901,121.96,5,2020-10-09,2025-03-04
A60474002,59.99,632,2020-01-03,2026-10-06
A60474002,84.99,167,2020-01-05,2026-09-08
A60474307,52.11,190,2020-01-14,2026-09-21
A60474516,49.14,293,2020-01-13,2026-10-02
A60474516,59.07,169,2020-01-12,2026-09-22
A60474905,59.91,117,2020-03-09,2026-08-02
A60474905,84.36,28,2020-02-29,2026-07-03
A60474905,133.45,12,2020-01-16,2026-08-18
A60475305,39.78,261,2020-01-04,2026-10-02
A60475408,45.5,413,2020-01-14,2026-09-17
A60475412,41.27,237,2020-01-10,2026-08-15
A60475507,99.92,26,2020-01-04,2026-05-02
A60475507,134.96,63,2020-01-20,2026-09-05
A60475509,48.51,399,2020-01-05,2026-09-14
A60475612,73.4,5,2020-04-24,2026-06-09
A60475612,78.11,76,2020-02-03,2026-08-12
A60475612,78.3,66,2020-01-04,2026-09-29
A60475612,79.8,41,2020-01-20,2026-07-25
A60475612,84.8,1,2020-04-08,2020-04-08
A60475612,84.88,175,2020-01-08,2026-09-22
A60475612,115.53,86,2020-01-07,2026-09-22
A60475612,142.32,34,2020-02-11,2026-09-19
A60475612,142.35,26,2020-01-03,2026-08-05
A60475612,185.23,38,2020-01-13,2026-08-24
A60475710,59.76,257,2020-01-04,2026-09-22
A60475710,84.87,119,2020-02-07,2026-08-11
A60475710,121.65,62,2020-02-11,2026-09-18
A60475710,191.43,21,2020-02-28,2026-07-14
A60475903,71.4,20,2020-04-18,2025-11-03
A60475903,74.07,10,2020-06-08,2022-07-27
A60475903,78.94,10,2020-11-03,2025-07-18
A60475903,84.29,1,2024-09-06,2024-09-06
A60475903,84.77,25,2020-01-10,2026-04-04
A60475903,84.9,12,2020-05-10,2026-08-03
A60475903,84.95,67,2020-04-24,2026-07-07
A60475903,84.96,4,2020-06-13,2020-12-13
A60475903,94.93,2,2020-09-06,2020-12-09
A60475903,108.68,7,2020-10-24,2026-02-28
A60475903,112.03,3,2020-11-07,2021-02-08
A60475903,114.82,3,2020-07-30,2023-03-27
A60475903,118.86,10,2020-10-26,2025-11-18
A60475903,143.28,5,2020-11-10,2025-10-01
A60476101,73.17,17,2020-06-11,2026-09-19
A60476101,84.93,227,2020-01-01,2026-09-18
A60476101,84.96,125,2020-01-04,2026-09-19
A60476206,84.93,310,2020-01-06,2026-09-08
A60476206,84.96,258,2020-01-11,2026-09-28
A60476206,122.52,33,2020-01-18,2026-10-03
A60476206,122.76,25,2020-02-20,2026-04-09
A60476206,138.56,53,2020-01-11,2026-06-01
A60476511,57.06,66,2020-01-23,2026-09-01
A60476511,84.97,98,2020-02-11,2026-07-01
A60476511,120.82,21,2020-03-04,2026-08-25
A60476511,144.61,25,2020-05-16,2026-04-30
A60476604,43.33,28,2020-01-10,2026-05-04
A60476604,47.68,32,2020-02-15,2025-07-10
A60476604,62.0,21,2020-02-13,2025-11-11
A60476604,68.9,11,2020-03-14,2025-11-27
A60476604,77.0,17,2020-02-03,2026-06-17
A60476604,84.9,4,2020-09-20,2021-04-29
A60476805,59.16,7,2020-05-08,2026-04-24
A60476805,59.97,57,2020-07-06,2026-09-18
A60476805,80.55,22,2020-11-07,2026-05-27
A60476805,81.78,55,2020-03-14,2026-09-17
A60476805,84.96,124,2020-01-15,2026-10-03
A60477315,61.08,14,2020-07-08,2025-07-05
A60477315,66.03,72,2020-01-20,2026-06-25
A60477315,72.54,15,2020-02-15,2024-09-20
A60477315,79.92,11,2020-02-14,2026-09-08
A60477315,84.89,34,2020-05-09,2025-08-13
A60480608,59.86,16,2020-11-02,2026-08-20
A60480608,59.97,53,2020-01-18,2026-09-21
A60480608,84.99,109,2020-01-29,2026-07-17
A60480608,120.79,18,2020-03-04,2026-07-13
A60481703,49.98,27,2020-05-02,2026-05-10
A60481703,59.97,53,2020-02-17,2026-07-15
A60481703,84.6,46,2020-02-05,2026-08-10
A60482013,49.08,1212,2020-01-11,2026-10-03
A60482708,99.92,36,2020-01-10,2026-09-16
A60482708,134.96,85,2020-02-07,2026-09-22
A60483404,75.09,8,2021-01-08,2026-02-28
A60483404,84.96,166,2020-01-28,2026-10-04
A60483404,122.99,21,2020-05-06,2026-02-07
A60483404,136.65,17,2020-11-10,2026-04-14
A60483404,137.89,22,2020-02-24,2026-08-30
A60483404,141.13,6,2020-04-10,2026-08-31
A60484514,43.55,24,2020-02-21,2026-03-25
A60484514,59.99,92,2020-02-11,2026-09-28
A60484514,84.99,99,2020-01-13,2026-09-28
A60607003,59.96,75,2020-01-18,2026-05-22
A60607003,74.46,11,2020-11-03,2025-03-20
A60607003,84.97,66,2020-04-17,2026-09-01
A60607003,101.79,11,2020-04-08,2026-09-28
A60607004,59.98,53,2020-06-24,2026-07-14
A60607004,84.96,95,2020-01-11,2026-07-20
A60607004,118.71,11,2020-03-13,2026-07-01
A60608002,48.45,36,2020-03-18,2023-06-05
A60608002,52.05,3,2020-07-08,2020-09-24
A60608002,53.85,65,2020-03-19,2026-07-03
A60608002,58.8,8,2020-09-18,2022-02-23
A60608002,61.05,2,2021-04-03,2021-04-22
A60608002,66.09,7,2020-09-28,2025-11-10
A60675110,45.5,159,2020-01-21,2026-08-18
A60675110,57.09,252,2020-01-06,2026-07-10
A60675801,84.78,56,2020-05-12,2026-03-23
A60675801,84.92,41,2020-01-20,2026-06-24
A60675801,122.74,17,2020-02-27,2025-08-18
A60675801,149.22,17,2020-06-10,2026-06-02
A60675801,189.85,7,2020-01-14,2024-05-29
A60680909,85.76,90,2020-02-19,2026-09-12
A60680909,116.63,13,2020-07-07,2026-09-23
A60680909,121.26,8,2020-03-17,2025-12-20
A60680909,146.99,26,2020-04-28,2026-07-15
A60680912,46.27,564,2020-01-17,2026-09-27
A60681702,59.7,103,2020-01-18,2026-09-28
A60681702,84.81,68,2020-02-04,2025-09-16
A60681702,99.96,25,2020-01-21,2026-05-02
A60681702,134.82,17,2020-04-08,2026-05-26
A60681702,167.66,11,2020-01-15,2023-03-23
A60701003,84.92,49,2020-01-03,2026-01-17
A60701003,84.97,69,2020-01-15,2026-09-08
A60701003,131.77,41,2020-01-28,2026-02-07
A60701003,134.18,19,2020-02-26,2026-07-24
A60701003,183.68,13,2020-01-07,2025-03-30
A60701004,62.63,71,2020-01-11,2026-07-16
A60701004,84.91,54,2020-01-04,2026-06-18
A60701004,84.99,192,2020-01-06,2026-06-27
A60701004,109.21,22,2020-02-25,2026-06-01
A60701004,110.18,3,2020-02-02,2025-12-26
A60701004,110.33,12,2020-01-11,2025-12-03
A60701004,126.89,3,2024-04-11,2026-03-28
A60701004,126.99,23,2020-02-19,2026-05-10
A60701004,136.73,2,2022-05-29,2026-05-09
A60701004,151.15,9,2020-05-24,2026-04-15
A60702002,84.05,5,2020-05-26,2025-09-25
A60702002,84.23,23,2020-02-26,2026-05-15
A60702002,84.87,61,2020-01-04,2026-06-19
A60702002,112.37,19,2020-02-03,2026-05-13
A60702002,124.7,14,2020-02-01,2026-04-22
A60702002,134.77,11,2020-02-12,2025-03-13
A60702002,152.71,4,2020-06-07,2020-10-09
A60702002,174.16,13,2020-07-06,2026-01-29
A60702002,201.4,6,2020-07-21,2026-05-08
A60702002,234.08,2,2020-03-22,2020-06-23
A60710004,51.86,71,2020-01-15,2026-09-06
A60710004,59.91,46,2020-01-18,2026-09-19
A60710004,59.98,118,2020-01-03,2026-09-21
A60710004,74.65,69,2020-01-23,2026-07-17
A60710004,84.92,112,2020-01-11,2026-09-04
A60712001,49.28,9,2020-04-21,2025-10-27
A60712001,80.43,7,2020-09-23,2026-07-08
A60712001,84.92,47,2020-06-30,2026-08-21
A60712001,94.62,3,2020-11-04,2025-10-27
A60712001,112.44,58,2020-01-14,2026-06-23
A60712001,131.57,35,2020-07-11,2026-08-18
A60712001,165.16,7,2020-05-11,2025-11-17
A60712204,59.8,63,2020-01-06,2026-09-22
A60712204,59.82,26,2020-05-01,2026-07-10
A60712204,59.98,6,2020-07-30,2025-10-27
A60712204,84.94,78,2020-03-02,2026-09-18
A60712204,126.65,26,2020-05-21,2026-05-13
A60712204,164.93,7,2020-03-21,2025-11-27
A60775306,84.64,62,2020-02-07,2026-07-15
A60775306,84.72,44,2020-01-31,2026-05-27
A60775306,132.49,71,2020-01-20,2026-09-10
A60775306,163.96,30,2020-01-03,2026-05-13
A60775306,190.55,16,2020-02-24,2026-05-07
A60775407,59.95,89,2020-01-18,2026-09-07
A60775407,84.86,28,2020-01-28,2026-04-15
A60775407,84.98,38,2020-01-09,2026-07-18
A60775407,121.79,10,2020-02-29,2023-08-26
A60775605,40.3,24,2020-05-06,2026-05-07
A60775605,52.44,17,2020-11-11,2026-06-05
A60775605,59.64,46,2020-02-08,2026-09-19
A60775605,84.87,39,2020-02-20,2026-04-04
A60775605,134.88,42,2020-01-10,2026-07-31
A60776006,82.91,32,2020-01-04,2026-08-10
A60776006,96.4,37,2020-01-03,2026-05-05
A60776006,113.39,17,2020-01-12,2026-06-05
A60776006,133.42,13,2020-01-04,2026-04-22
A60776402,84.97,69,2020-01-30,2026-09-11
A60776402,84.99,137,2020-01-10,2026-09-09
A60776402,120.42,54,2020-01-22,2026-08-31
A60776402,159.52,3,2020-01-07,2020-06-02
A60777205,59.81,141,2020-02-11,2026-08-07
A60777205,59.91,67,2020-01-08,2026-04-03
A60777205,84.93,90,2020-02-07,2026-09-03
A60777205,84.96,96,2020-01-10,2026-09-22
A60777205,115.65,36,2020-01-14,2026-06-27
A60777205,134.97,53,2020-01-06,2026-07-22
A60777205,164.78,13,2020-03-08,2026-08-26
A60777205,202.49,11,2020-01-04,2026-06-29
A60777604,59.87,42,2020-01-21,2026-09-02
A60777604,77.85,45,2020-01-18,2026-08-03
A60777604,84.83,70,2020-03-30,2026-07-29
A60777604,118.53,17,2020-02-24,2026-06-16
A60777604,141.69,3,2020-11-06,2022-12-17
A60778502,59.69,141,2020-01-02,2026-09-20
A60778502,74.65,43,2020-01-06,2026-09-17
A60778502,84.92,57,2020-01-02,2026-07-22
A60778608,59.93,253,2020-01-09,2026-09-30
A60778608,84.96,595,2020-01-09,2026-09-21
A60778608,119.0,146,2020-01-04,2026-09-22
A60778608,134.31,68,2020-01-11,2026-08-01
A60778608,154.53,29,2020-02-01,2026-07-28
A60780104,59.9,153,2020-01-13,2026-09-02
A60780104,84.83,42,2020-03-08,2026-06-18
A60780108,71.01,6,2020-07-24,2025-09-23
A60780108,76.61,23,2020-05-20,2026-08-17
A60780108,84.93,28,2020-01-15,2026-09-02
A60780108,84.95,51,2020-01-20,2026-08-28
A60780108,84.98,51,2020-02-01,2026-09-18
A60780108,105.18,68,2020-01-04,2026-09-05
A60780108,112.17,15,2020-01-08,2026-01-29
A60780108,124.97,26,2020-05-22,2026-09-12
A60782005,59.73,70,2020-03-12,2026-08-31
A60782005,59.76,41,2020-02-11,2026-08-08
A60782005,75.29,27,2020-05-12,2026-09-21
A60782005,84.76,50,2020-03-12,2026-08-31
A60782005,116.24,36,2020-05-30,2026-09-05
A60782005,144.37,20,2020-07-28,2026-07-31
A60782701,84.95,87,2020-02-05,2026-07-10
A60782701,134.82,51,2020-01-07,2026-05-31
A60782701,146.69,8,2020-01-09,2025-10-16
A60782701,151.55,7,2020-08-09,2022-09-26
A60782701,182.99,16,2020-01-03,2024-09-28
A60782701,187.85,7,2020-06-08,2024-05-03
A60783306,84.81,16,2020-05-01,2026-06-27
A60783306,84.97,32,2020-01-06,2026-08-29
A60783306,117.77,21,2020-05-23,2026-02-14
A60783306,117.9,28,2020-01-13,2026-07-29
A60783306,119.3,9,2020-02-05,2025-09-03
A60783306,119.93,17,2020-06-08,2026-08-26
A60783306,134.9,14,2020-01-16,2025-03-02
A60783306,135.81,8,2020-02-22,2025-09-15
A60783306,136.89,12,2020-04-29,2025-11-30
A60783306,171.48,14,2020-01-07,2026-02-12
A60783306,196.97,1,2020-10-31,2020-10-31
A60784207,84.88,117,2020-01-23,2026-08-28
A60784207,84.95,97,2020-01-11,2026-08-30
A60784207,101.4,58,2020-02-17,2026-07-05
A60784207,128.26,19,2020-03-26,2026-09-16
A60784207,128.53,50,2020-02-13,2026-08-18
A60784207,148.45,1,2025-08-30,2025-08-30
A60784207,163.43,1,2020-09-05,2020-09-05
A60784207,182.46,1,2026-03-27,2026-03-27
A60802001,59.99,55,2020-01-05,2026-04-04
A60802001,84.36,76,2020-01-18,2026-09-19
A60802001,84.38,103,2020-01-03,2026-08-24
A60802001,84.69,59,2020-01-22,2026-09-07
A60802001,84.92,171,2020-02-01,2026-09-05
A60802001,95.86,24,2020-01-14,2026-02-23
A60802001,96.15,22,2020-06-04,2026-05-16
A60802001,99.51,53,2020-01-11,2026-07-07
A60802001,99.98,11,2020-09-10,2026-06-20
A60802001,102.14,31,2020-02-01,2026-08-10
A60802001,102.38,29,2020-02-13,2026-08-13
A60802001,109.7,25,2020-01-09,2026-03-20
A60802001,115.07,16,2020-02-28,2026-06-27
A60802001,115.29,18,2020-06-29,2026-09-19
A60802001,118.19,30,2020-02-01,2026-09-07
A60802001,118.32,22,2020-04-24,2025-12-20
A60802001,134.05,18,2020-01-10,2026-07-28
A60802001,155.39,1,2020-05-22,2020-05-22
A60802001,155.58,1,2020-09-26,2020-09-26
A60804003,59.92,118,2020-01-08,2026-09-05
A60804003,84.85,89,2020-01-07,2026-09-09
A60804003,114.99,15,2020-01-18,2026-03-29
A60804003,149.98,24,2020-02-03,2026-09-12
A60804003,197.92,4,2020-02-12,2021-08-23
A60809002,84.78,40,2020-02-12,2026-09-15
A60809002,84.88,37,2020-01-29,2026-04-10
A60809002,84.9,49,2020-01-04,2026-09-18
A60809002,130.17,99,2020-01-15,2026-06-26
A60809002,151.27,47,2020-01-18,2026-06-17
A60809002,171.5,53,2020-01-20,2026-09-06
A60809003,84.27,36,2020-02-20,2026-09-09
A60809003,84.96,229,2020-01-06,2026-09-04
A60809003,98.4,50,2020-01-18,2026-09-15
A60809003,122.27,24,2020-02-19,2026-09-21
A60809003,123.3,149,2020-02-14,2026-08-27
A60809003,126.61,27,2020-01-09,2026-04-12
A60809003,149.54,79,2020-01-02,2026-08-28
A60809003,171.67,19,2020-01-15,2026-01-15
A60809003,174.1,89,2020-01-16,2026-09-22
A60809003,200.89,38,2020-01-21,2026-04-24
A60809003,208.68,2,2020-04-16,2023-05-16
A60809003,223.24,5,2020-09-24,2024-04-22
A60809003,244.86,2,2021-10-14,2023-08-04
A60809004,59.97,35,2020-02-01,2026-07-23
A60809004,59.99,90,2020-01-31,2026-10-01
A60809004,60.0,26,2020-01-15,2026-09-19
A60809004,63.23,40,2020-01-15,2026-09-11
A60809004,69.72,24,2020-02-13,2026-05-30
A60809004,70.91,21,2020-01-28,2026-03-07
A60809004,84.88,218,2020-02-11,2026-09-19
A60809004,84.98,268,2020-01-13,2026-09-23
A60809004,85.0,207,2020-01-06,2026-09-29
A60809004,102.52,127,2020-01-08,2026-09-22
A60809004,103.52,73,2020-01-02,2026-09-28
A60809004,119.25,91,2020-02-06,2026-09-18
A60809004,125.4,42,2020-03-11,2026-08-26
A60809004,126.63,194,2020-01-15,2026-09-19
A60809004,144.48,112,2020-02-07,2026-09-14
A60809004,145.91,60,2020-01-22,2026-08-25
A60809004,164.76,20,2020-02-11,2026-04-24
A60809004,166.57,26,2020-02-20,2026-07-15
A60809004,188.08,22,2020-02-07,2026-06-11
A60809004,196.84,12,2020-06-13,2024-03-26
A60809004,196.85,22,2020-03-12,2026-03-25
A60809004,243.35,23,2020-01-23,2026-08-06
A60809004,244.84,11,2020-05-20,2026-07-06
A60871104,59.93,81,2020-02-05,2026-07-21
A60871104,77.48,41,2020-01-31,2026-09-01
A60871104,84.96,77,2020-01-21,2026-08-27
A60871104,99.75,15,2020-02-19,2026-09-09
A60871104,119.04,13,2020-01-28,2025-02-08
A60872101,42.09,14,2020-07-02,2026-05-27
A60872101,42.49,6,2020-02-12,2026-04-15
A60872101,50.71,40,2020-02-10,2026-08-06
A60872101,59.4,37,2020-01-07,2026-08-12
A60872101,59.63,7,2020-02-20,2024-02-28
A60872101,59.67,8,2020-04-06,2026-05-30
A60872101,75.91,1,2021-05-06,2021-05-06
A60872101,84.76,6,2020-02-03,2025-11-25
A60872101,84.91,17,2020-10-19,2026-08-25
A60872101,106.79,12,2020-11-16,2026-07-30
A60872101,130.11,3,2021-01-24,2023-12-11
A60872101,133.83,6,2020-12-14,2026-02-28
A60874408,29.24,72,2020-01-14,2026-09-21
A60874408,44.45,3,2020-10-26,2023-10-30
A60874408,73.13,29,2020-01-11,2026-02-03
A60874408,84.96,21,2020-06-03,2026-08-07
A60874408,112.04,3,2020-01-11,2021-07-26
A60874408,129.2,14,2020-02-16,2026-08-21
A60874408,147.59,2,2020-11-03,2022-04-21
A60874408,160.33,5,2020-11-12,2025-11-26
A60874408,221.09,1,2020-08-29,2020-08-29
A60874408,221.38,1,2023-03-17,2023-03-17
A60874408,262.42,1,2020-07-27,2020-07-27
A60875305,59.92,220,2020-01-11,2026-08-29
A60875305,72.36,15,2020-09-20,2025-10-27
A60875305,84.99,17,2020-05-21,2025-12-07
A60875509,59.99,79,2020-01-09,2026-07-07
A60875509,84.95,69,2020-01-11,2026-02-26
A60875509,134.78,31,2020-03-04,2026-04-05
A60876301,59.96,64,2020-03-04,2026-08-11
A60876301,84.93,17,2020-02-14,2026-01-26
A60876301,84.99,43,2020-01-14,2026-08-26
A60876301,110.6,12,2020-03-18,2025-11-11
A60876402,52.29,53,2020-01-30,2026-06-12
A60876402,59.62,46,2020-02-03,2026-05-12
A60876402,72.43,36,2020-01-10,2026-06-20
A60876402,84.99,5,2020-02-24,2025-10-29
A60877107,59.96,70,2020-02-21,2026-09-29
A60877107,84.87,44,2020-01-15,2026-07-11
A60877107,116.85,13,2020-04-17,2026-06-27
A60877710,59.86,49,2020-01-05,2026-09-09
A60877710,59.99,60,2020-01-10,2026-09-09
A60877710,84.98,80,2020-02-03,2026-09-12
A60877710,134.98,10,2020-05-13,2026-01-09
A60877710,164.34,12,2020-04-03,2023-11-22
A60877907,59.8,38,2020-06-18,2026-02-25
A60877907,59.99,28,2021-04-09,2025-12-13
A60877907,84.91,40,2020-02-20,2026-07-13
A60877907,84.99,26,2020-03-10,2026-02-02
A60877907,140.14,32,2020-04-06,2026-10-04
A60877907,201.94,13,2020-04-14,2026-08-01
A60879704,59.95,86,2020-02-04,2026-06-11
A60879704,84.84,81,2020-01-08,2026-09-30
A60879704,115.45,16,2020-01-30,2026-09-15
A60880104,59.91,16,2020-06-30,2026-05-19
A60880104,59.99,97,2020-01-14,2026-05-13
A60880104,74.07,15,2020-01-03,2023-09-02
A60880104,80.16,12,2020-05-22,2026-03-20
A60880104,84.97,13,2020-01-02,2025-09-06
A60883003,84.65,341,2020-01-02,2026-09-13
A60883003,126.13,19,2020-06-03,2026-08-16
A60883003,153.97,5,2020-10-29,2025-06-21
A60883203,59.96,50,2020-01-16,2026-09-23
A60883203,84.95,35,2020-01-14,2026-06-08
A60883203,84.97,104,2020-01-03,2026-06-11
A60883203,117.8,11,2020-01-31,2026-04-02
A60931004,84.99,67,2020-01-13,2026-06-13
A60931004,132.06,36,2020-01-03,2026-04-21
A60931004,132.39,45,2020-02-08,2026-06-27
A60931004,156.82,13,2020-04-29,2025-12-09
A60931004,157.79,49,2020-01-16,2026-08-19
A60931207,59.81,9,2020-01-17,2025-09-27
A60931207,59.96,40,2020-01-23,2026-08-25
A60931207,77.1,37,2020-02-24,2026-06-23
A60931207,84.98,113,2020-01-11,2026-09-12
A60931207,110.72,55,2020-01-10,2026-05-12
A60931207,119.68,28,2020-01-06,2026-08-29
A60931207,133.57,66,2020-03-03,2026-07-01
A60931207,175.89,22,2020-02-25,2025-12-05
A60931207,201.26,16,2020-02-10,2025-07-10
A60931207,230.27,19,2020-03-12,2026-09-24
A60932003,84.41,58,2020-03-13,2026-09-18
A60932003,84.81,46,2020-01-04,2026-08-13
A60932003,107.89,37,2020-01-31,2026-08-06
A60932003,145.64,39,2020-03-07,2026-06-27
A60939002,59.97,81,2020-01-04,2026-09-08
A60939002,84.99,157,2020-01-14,2026-09-01
A60939002,101.88,40,2020-02-08,2026-06-30
A60939002,127.62,37,2020-03-05,2026-06-28
A60939002,150.13,22,2020-03-07,2026-08-01
A60939002,164.98,16,2020-07-03,2026-08-08
A60939004,74.04,25,2020-01-21,2026-07-29
A60939004,84.86,57,2020-01-21,2026-06-30
A60939004,84.9,47,2020-08-15,2026-06-20
A60939004,84.94,39,2020-01-13,2026-06-05
A60939004,114.7,34,2020-04-22,2025-11-23
A60939005,75.97,45,2020-01-29,2026-05-30
A60939005,84.94,65,2020-01-04,2026-08-08
A60939005,84.96,125,2020-01-04,2026-09-18
A60970301,40.95,62,2020-01-09,2026-07-15
A60970301,59.93,101,2020-01-22,2026-08-19
A60970301,84.95,51,2020-01-10,2026-09-21
A60970301,84.96,73,2020-01-29,2026-09-24
A60970301,114.99,27,2020-02-25,2026-02-01
A60970301,134.64,21,2020-03-12,2025-05-08
A60970301,155.31,17,2020-06-22,2026-07-04
A60971101,59.81,49,2020-01-30,2026-07-01
A60971101,59.96,18,2020-01-03,2026-05-16
A60971101,77.1,10,2020-09-02,2025-12-13
A60971101,84.98,157,2020-01-18,2026-09-13
A60971101,96.42,20,2020-02-22,2026-06-05
A60971101,110.72,119,2020-01-10,2026-07-18
A60971101,119.68,9,2020-07-25,2026-03-07
A60975204,84.96,36,2020-02-19,2026-05-20
A60975204,85.0,7,2020-03-25,2026-03-09
A60975204,101.94,17,2020-02-14,2025-11-13
A60975204,120.69,5,2020-05-13,2026-08-03
A60975204,125.78,2,2020-10-27,2022-10-21
A60975204,135.23,5,2020-02-24,2026-05-26
A60975204,166.71,5,2020-03-31,2025-10-30
A60975303,59.99,181,2020-02-12,2026-10-02
A60975303,84.95,114,2020-01-18,2026-08-23
A60975303,115.51,28,2020-02-06,2026-08-25
A60975303,134.12,25,2020-02-28,2026-06-07
A60975303,170.76,14,2020-06-09,2026-06-03
A60975404,54.9,81,2020-01-06,2026-09-11
A60975404,57.15,62,2020-01-04,2026-08-03
A60975404,57.33,44,2020-04-23,2025-08-30
A60975404,58.41,4,2020-12-26,2023-06-03
A60975404,58.59,21,2020-01-10,2026-06-02
A60975404,59.76,38,2020-01-03,2026-07-11
A60975502,30.78,19,2020-03-18,2026-05-09
A60975502,47.19,16,2020-05-15,2026-07-18
A60975502,59.81,46,2020-02-26,2026-08-28
A60975502,59.91,82,2020-01-07,2026-07-21
A60975502,84.93,90,2020-01-21,2026-09-11
A60975502,134.82,19,2020-01-15,2026-03-14
A60975502,163.85,6,2020-04-27,2026-04-29
A60976105,84.82,54,2020-01-16,2026-06-10
A60976105,84.96,32,2020-01-23,2026-08-31
A60976105,122.22,31,2020-02-19,2026-05-18
A60976105,139.68,17,2020-01-06,2021-12-18
A60976105,166.15,12,2020-01-29,2025-04-23
A60976105,183.45,4,2020-09-04,2025-10-13
A60976105,183.66,7,2020-07-08,2026-02-03
A60976902,59.79,38,2020-01-05,2026-07-29
A60976902,84.62,63,2020-02-19,2026-08-04
A60976902,150.28,9,2020-02-05,2025-02-19
A60976902,186.65,11,2020-06-13,2026-05-04
A60980506,73.08,55,2020-01-13,2026-09-28
A60980506,84.84,3,2021-02-08,2024-10-08
A60980506,84.97,167,2020-01-07,2026-09-11
A60982103,59.82,97,2020-01-22,2026-06-13
A60982103,84.87,37,2020-03-03,2026-05-27
A60982103,134.4,12,2020-05-16,2026-07-11
A60982103,180.16,2,2020-10-15,2020-10-15
A61175110,54.9,43,2020-01-08,2026-06-14
A61175110,61.56,75,2020-01-11,2026-03-14
A61175110,64.62,33,2020-01-06,2026-03-20
A61175110,69.08,43,2020-01-01,2026-07-14
A61175110,75.24,44,2020-01-09,2026-09-10
A61175110,75.75,58,2020-01-06,2026-06-11
A61175110,84.15,92,2020-01-06,2026-06-18
A61175110,116.04,4,2020-04-04,2023-03-07
A61175209,42.74,35,2020-01-29,2026-07-10
A61175209,50.58,20,2020-01-27,2026-04-01
A61175209,53.73,22,2020-05-19,2026-05-08
A61175209,57.24,11,2020-02-05,2025-12-17
A61175209,58.14,20,2020-02-24,2026-05-20
A61175209,62.94,26,2020-01-02,2026-05-19
A61175209,75.84,7,2020-02-27,2026-08-15
A61175209,77.98,9,2020-01-06,2020-07-08
A61175209,82.54,28,2020-01-10,2026-09-14
A61175209,84.92,18,2020-03-07,2026-08-07
A61175209,116.67,6,2020-01-15,2021-08-06
A61175209,118.08,11,2020-01-04,2026-08-24
A61175209,123.93,8,2020-03-24,2025-07-04
A61175804,72.77,29,2020-01-15,2026-09-01
A61175804,84.96,65,2020-01-03,2026-09-14
A61175901,84.51,155,2020-01-08,2026-09-28
A61175901,84.65,107,2020-01-09,2026-08-24
A61175901,84.86,67,2020-01-17,2026-08-28
A61175901,120.63,12,2020-01-18,2026-02-02
A61175901,121.67,48,2020-01-18,2026-05-29
A61175901,131.9,51,2020-01-04,2026-06-06
A61175901,159.83,46,2020-01-12,2026-09-30
A61175901,161.69,6,2020-09-19,2026-07-07
A61175901,182.76,41,2020-01-18,2026-09-06
A61176308,59.55,8,2020-02-09,2026-01-26
A61176308,84.75,39,2020-01-06,2026-07-20
A61176308,134.62,45,2020-01-23,2026-06-30
A61176308,164.95,12,2020-01-23,2025-12-23
A61176411,59.99,195,2020-01-02,2026-09-29
A61176411,60.0,64,2020-01-28,2026-06-21
A61176411,84.99,315,2020-01-05,2026-09-05
A61176411,119.25,51,2020-02-01,2026-08-25
A61176411,141.51,43,2020-02-01,2026-07-22
A61176411,175.98,20,2020-01-09,2025-10-27
A61176513,59.84,38,2020-01-03,2026-04-28
A61176513,59.93,205,2020-01-04,2026-09-18
A61176513,70.71,4,2020-08-18,2025-10-25
A61176513,84.93,90,2020-02-07,2026-09-29
A61176513,84.96,69,2020-01-08,2026-09-19
A61176513,128.09,12,2020-05-12,2026-08-28
A61176513,156.42,13,2020-03-10,2025-12-26
A61176513,179.77,8,2020-07-07,2026-04-04
A61176612,59.67,217,2020-01-20,2026-09-08
A61176612,84.71,152,2020-01-18,2026-09-05
A61176612,121.06,20,2020-05-25,2026-06-26
A61176612,140.72,13,2020-03-23,2026-03-07
A61176709,59.99,83,2020-01-04,2026-08-09
A61176709,84.97,63,2020-01-11,2026-06-19
A61176709,122.45,7,2020-06-05,2026-04-18
A61176709,147.4,6,2020-02-16,2026-07-09
A61176911,59.66,29,2020-01-11,2026-06-12
A61176911,84.93,119,2020-01-03,2026-10-01
A61176911,103.16,29,2020-01-10,2026-08-27
A61177214,84.91,86,2020-02-12,2026-08-22
A61177214,84.99,67,2020-02-27,2026-09-30
A61177214,101.99,31,2020-01-06,2026-07-20
A61177214,127.16,37,2020-03-02,2026-04-15
A61177214,141.26,29,2020-04-08,2026-08-26
A61177214,157.85,27,2020-06-15,2026-01-08
A61177214,181.74,6,2020-09-05,2023-12-29
A61180503,45.06,14,2020-03-26,2026-07-04
A61180503,59.93,61,2020-01-18,2026-07-08
A61180503,84.38,7,2020-03-12,2025-03-27
A61180503,84.78,8,2020-05-16,2026-09-19
A61180503,84.97,96,2020-01-07,2026-08-18
A61180503,130.89,59,2020-01-23,2026-09-14
A61180503,146.1,32,2020-01-13,2026-06-12
A61180503,168.53,18,2020-02-08,2026-08-22
A61201007,84.97,155,2020-01-10,2026-09-11
A61201007,101.92,46,2020-01-04,2026-09-12
A61201007,125.19,16,2020-01-08,2026-05-22
A61202004,84.97,34,2020-01-23,2026-09-02
A61202004,84.98,17,2020-01-16,2026-02-04
A61202004,97.58,13,2020-01-16,2026-08-10
A61202004,108.51,8,2020-07-09,2024-10-09
A61202004,109.57,12,2020-02-29,2026-07-28
A61202004,131.48,12,2020-05-26,2026-01-24
A61202004,132.11,10,2020-07-04,2026-02-28
A61202004,205.78,1,2024-10-22,2024-10-22
A61202007,99.4,10,2020-08-19,2026-01-03
A61202007,100.96,14,2020-06-06,2026-09-14
A61202007,104.49,40,2020-03-12,2026-06-30
A61202007,111.07,103,2020-01-28,2026-08-19
A61202007,118.37,65,2020-01-09,2026-08-10
A61202007,127.65,117,2020-01-03,2026-05-22
A61202007,145.8,56,2020-01-02,2026-07-24
A61202007,156.57,10,2020-05-30,2025-04-03
A61202007,157.01,38,2020-01-14,2026-05-12
A61202007,159.54,12,2020-04-16,2026-06-13
A61202007,168.89,42,2020-02-09,2026-05-11
A61202007,204.9,6,2020-04-07,2025-12-30
A61202007,209.83,16,2020-01-13,2026-02-06
A61202007,222.59,20,2020-03-10,2024-10-13
A61202008,59.96,123,2020-01-04,2026-09-12
A61202008,59.99,41,2020-01-11,2026-09-07
A61202008,74.93,14,2020-03-05,2026-05-20
A61202008,74.99,18,2020-01-02,2025-12-06
A61202008,84.86,24,2020-02-03,2026-08-05
A61202008,84.99,60,2020-01-11,2026-07-11
A61202009,59.06,45,2020-01-08,2026-09-16
A61202009,59.52,47,2020-01-04,2026-02-24
A61202009,84.53,105,2020-01-15,2026-07-02
A61202009,84.8,14,2020-06-09,2026-03-14
A61202009,84.84,11,2020-09-05,2026-01-24
A61202009,84.94,38,2020-05-26,2026-07-17
A61202009,120.36,42,2020-05-21,2026-07-04
A61202011,53.1,11,2020-06-29,2026-03-05
A61202011,84.97,57,2020-01-08,2026-09-08
A61202011,84.99,68,2020-01-31,2026-09-05
A61202011,105.99,10,2020-04-17,2024-08-07
A61202011,124.67,10,2020-02-08,2026-02-13
A61202011,126.71,7,2020-01-20,2026-08-04
A61203012,59.58,60,2020-07-18,2026-09-03
A61203012,84.9,17,2020-04-10,2026-07-17
A61203012,134.99,43,2020-01-10,2025-11-19
A61203013,59.94,99,2020-01-07,2026-09-11
A61203013,84.9,25,2020-06-20,2026-08-25
A61203013,134.97,46,2020-07-08,2026-09-04
A61203014,58.8,81,2020-02-21,2026-09-19
A61203014,84.03,27,2020-01-04,2026-09-09
A61203014,101.94,14,2020-07-31,2026-07-14
A61203014,134.47,21,2020-07-13,2025-10-29
A61203015,58.2,90,2020-01-18,2026-09-10
A61203015,84.93,26,2020-02-14,2026-07-24
A61203015,128.37,32,2020-01-04,2026-05-26
A61203015,134.25,2,2021-12-11,2025-12-06
A61203015,164.85,7,2020-04-22,2025-12-16
A61203016,55.68,94,2020-05-06,2026-08-23
A61203016,84.93,31,2020-08-13,2026-02-27
A61203016,101.73,24,2020-05-06,2026-10-02
A61203016,134.88,15,2020-02-17,2024-11-06
A61203016,150.98,5,2020-06-13,2025-05-26
A61203017,58.44,95,2020-01-23,2026-07-28
A61203017,83.6,35,2020-01-10,2026-07-04
A61203017,99.78,17,2020-05-22,2026-09-20
A61203017,134.19,8,2020-06-11,2026-06-23
A61203018,59.81,92,2020-02-26,2026-09-03
A61203018,84.97,35,2020-04-09,2026-07-27
A61203018,101.98,17,2020-04-25,2026-07-18
A61203018,134.11,10,2020-03-01,2024-09-10
A61203018,164.84,7,2020-01-06,2026-02-26
A61203019,59.91,57,2020-02-11,2026-09-10
A61203019,59.94,65,2020-02-15,2026-09-12
A61203019,84.99,52,2020-01-04,2026-09-21
A61203019,134.97,23,2020-02-13,2026-09-21
A61203019,164.91,21,2020-07-13,2026-08-19
A61203020,59.88,119,2020-03-06,2026-07-23
A61203020,84.93,44,2020-02-29,2026-08-07
A61203020,99.96,27,2020-01-16,2026-08-29
A61203020,134.83,22,2020-01-13,2026-09-17
A61203020,164.76,8,2020-02-15,2026-01-19
A61203021,39.95,19,2020-06-26,2026-09-23
A61203021,49.73,54,2020-01-22,2026-09-16
A61203021,59.9,11,2020-10-30,2025-12-25
A61203021,59.99,129,2020-01-04,2026-09-05
A61203022,59.6,191,2020-05-14,2026-10-03
A61203022,59.76,83,2020-01-13,2026-08-24
A61203023,59.6,140,2020-02-06,2026-09-14
A61203023,59.76,81,2020-01-31,2026-09-02
A61203023,84.93,60,2020-02-11,2026-09-02
A61203024,59.94,131,2020-02-14,2026-08-27
A61203024,84.96,44,2020-02-10,2026-07-19
A61203024,101.94,11,2020-09-06,2026-07-02
A61203024,134.64,46,2020-04-16,2026-09-07
A61203024,155.31,10,2020-06-06,2026-04-30
A61203025,59.73,139,2020-01-06,2026-09-19
A61203025,84.99,48,2020-02-24,2026-07-14
A61203025,101.78,5,2020-06-11,2025-12-06
A61203025,134.95,37,2020-04-15,2026-08-31
A61203025,164.74,8,2020-06-17,2026-04-18
A61203026,56.34,113,2020-01-10,2026-10-01
A61203026,84.36,44,2020-01-22,2026-06-29
A61203026,101.76,18,2020-01-29,2025-11-04
A61203026,134.19,27,2020-01-14,2026-01-14
A61203026,155.41,6,2020-02-13,2025-11-28
A61203027,49.94,94,2020-01-07,2026-07-10
A61203027,59.98,162,2020-01-07,2026-09-21
A61203028,59.98,107,2020-01-09,2026-08-28
A61203028,84.95,47,2020-02-22,2026-03-18
A61203028,101.97,33,2020-01-11,2026-09-01
A61203028,134.94,21,2020-01-05,2026-09-04
A61203029,59.52,86,2020-01-04,2026-08-14
A61203029,84.64,38,2020-01-29,2026-05-18
A61203029,84.84,124,2020-01-15,2026-10-03
A61203031,59.85,275,2020-02-04,2026-10-03
A61203032,59.94,157,2020-01-13,2026-09-03
A61203032,84.96,53,2020-01-04,2026-10-02
A61203032,134.64,48,2020-01-07,2026-08-22
A61203032,155.31,23,2020-01-18,2025-11-06
A61203033,59.73,177,2020-02-07,2026-09-17
A61203033,84.99,53,2020-02-22,2026-08-06
A61203033,101.78,35,2020-02-05,2026-09-22
A61203033,134.95,22,2020-02-05,2026-06-15
A61203033,164.74,16,2020-04-09,2026-09-07
A61203034,50.57,90,2020-02-06,2026-08-26
A61203034,59.95,74,2020-02-03,2026-09-19
A61203034,84.88,76,2020-01-13,2026-09-19
A61203034,115.64,67,2020-02-15,2026-04-28
A61203034,134.01,17,2020-06-27,2026-02-09
A61203035,59.85,175,2020-01-08,2026-10-02
A61203035,84.93,46,2020-05-12,2026-09-02
A61203035,116.25,17,2020-01-20,2026-06-26
A61203035,133.29,57,2020-02-27,2026-09-23
A61203035,153.84,25,2020-02-22,2026-09-14
A61203036,59.94,183,2020-02-17,2026-08-30
A61203036,84.9,81,2020-02-15,2026-09-03
A61203036,101.7,15,2020-01-20,2025-10-23
A61203036,134.97,71,2020-01-03,2026-04-16
A61203037,59.81,194,2020-01-14,2026-09-09
A61203037,84.97,70,2020-01-27,2026-09-10
A61203037,101.98,8,2020-08-22,2026-08-01
A61203037,118.68,24,2020-02-14,2026-08-07
A61203037,134.25,37,2020-04-19,2026-07-18
A61203037,164.84,4,2020-09-05,2026-01-26
A61203038,39.95,29,2020-03-23,2026-09-30
A61203038,39.96,17,2020-11-05,2025-12-26
A61203038,49.73,64,2020-01-29,2026-06-18
A61203038,49.98,57,2020-01-06,2026-09-01
A61203038,59.91,158,2020-02-11,2026-09-15
A61203038,59.99,212,2020-01-13,2026-08-25
A61203039,49.83,119,2020-01-05,2026-08-19
A61203039,59.94,117,2020-01-11,2026-09-05
A61203039,84.97,92,2020-01-18,2026-08-13
A61203039,101.79,8,2020-06-20,2026-09-10
A61203039,117.98,3,2020-10-26,2021-09-11
A61203039,134.94,69,2020-02-07,2026-04-03
A61203039,162.27,20,2020-01-04,2026-06-21
A61205002,84.97,45,2020-02-19,2026-07-24
A61205002,84.98,31,2020-01-12,2026-06-13
A61205002,84.99,99,2020-01-03,2026-09-01
A61205002,117.41,11,2020-06-03,2026-01-31
A61205003,98.51,11,2020-03-30,2025-06-11
A61205003,109.14,38,2020-01-03,2026-03-09
A61205003,115.93,25,2020-01-16,2026-02-25
A61205003,135.65,56,2020-01-15,2026-06-13
A61205003,164.32,34,2020-02-10,2026-02-11
A61205003,209.89,2,2020-05-26,2023-12-09
A61205003,215.64,9,2020-04-25,2026-01-05
A61205003,244.67,2,2020-10-14,2024-04-20
A61206110,59.62,47,2020-02-07,2026-07-16
A61206110,59.93,46,2020-05-16,2026-07-30
A61206110,84.97,89,2020-01-20,2026-10-02
A61206113,59.96,63,2020-02-11,2026-09-02
A61206113,59.97,31,2020-02-24,2026-04-13
A61206113,77.67,86,2020-02-28,2026-09-21
A61206113,84.92,67,2020-01-05,2026-07-04
A61206113,126.84,21,2020-04-01,2026-06-28
A61206113,154.91,4,2020-11-06,2026-03-21
A61206114,59.96,130,2020-01-14,2026-10-02
A61206114,84.97,162,2020-01-02,2026-09-28
A61206114,101.79,18,2020-06-06,2026-05-13
A61206114,122.98,14,2020-10-17,2026-05-22
A61206114,142.65,15,2020-04-06,2024-08-06
A61206118,84.93,66,2020-01-20,2026-09-15
A61206118,84.97,140,2020-01-09,2026-09-19
A61206118,84.99,25,2020-01-24,2026-09-30
A61206118,100.99,64,2020-01-02,2026-09-21
A61206118,119.35,54,2020-01-02,2026-09-19
A61206118,119.61,26,2020-03-07,2026-07-25
A61206118,129.74,39,2020-04-11,2026-01-06
A61206118,135.19,31,2020-03-18,2026-08-08
A61270515,59.76,76,2020-01-20,2026-09-30
A61270515,59.96,111,2020-01-21,2026-09-01
A61270515,84.97,121,2020-01-13,2026-08-05
A61270515,101.79,24,2020-03-31,2026-09-04
A61270515,127.36,23,2020-01-16,2026-05-08
A61270515,154.06,7,2020-09-21,2023-02-18
A61271101,59.86,156,2020-01-02,2026-10-02
A61271101,84.84,49,2020-01-31,2026-06-25
A61271101,123.78,8,2020-06-02,2025-12-24
A61271204,84.63,226,2020-01-11,2026-09-21
A61271204,84.65,69,2020-02-29,2026-09-14
A61271204,100.94,77,2020-01-11,2026-07-30
A61271204,125.41,85,2020-01-03,2026-09-16
A61271204,126.9,84,2020-01-08,2026-09-22
A61271204,151.91,74,2020-01-18,2026-07-18
A61271204,175.12,15,2020-04-28,2026-03-23
A61271302,84.63,116,2020-01-02,2026-09-09
A61271302,84.65,39,2020-01-16,2026-05-07
A61271302,100.94,91,2020-01-28,2026-04-24
A61271302,127.48,69,2020-02-14,2026-06-15
A61271919,59.92,160,2020-01-03,2026-10-04
A61271919,75.57,50,2020-03-07,2026-08-21
A61271919,84.8,153,2020-01-08,2026-08-06
A61271919,101.55,55,2020-03-12,2026-06-27
A61271919,101.67,16,2020-03-10,2026-09-05
A61271919,118.72,50,2020-01-14,2026-09-13
A61271919,118.73,7,2020-07-01,2025-08-04
A61271919,134.58,11,2020-03-23,2025-12-05
A61271919,134.7,9,2020-09-14,2026-05-15
A61272011,57.09,24,2020-02-04,2026-01-11
A61272011,64.98,19,2020-01-02,2026-06-18
A61272011,73.8,13,2020-01-20,2021-09-15
A61272011,76.35,9,2020-02-07,2026-06-02
A61272011,84.81,24,2020-01-08,2026-08-07
A61272011,84.87,3,2020-03-31,2020-11-14
A61272011,101.53,15,2020-02-04,2025-11-21
A61273306,59.91,182,2020-01-07,2026-08-23
A61273507,59.92,91,2020-02-15,2026-09-09
A61273507,59.98,55,2020-06-18,2026-07-09
A61273507,84.9,39,2020-01-17,2026-07-15
A61274011,59.83,77,2020-01-09,2026-08-25
A61274011,84.93,25,2020-03-12,2026-03-08
A61274011,134.82,4,2020-05-25,2024-08-10
A61274011,164.63,5,2020-01-15,2025-09-25
A61274013,80.57,2,2020-11-11,2026-01-07
A61274013,80.79,14,2020-07-03,2026-06-29
A61274013,83.01,36,2020-02-13,2026-08-16
A61274013,85.94,16,2020-03-11,2026-04-27
A61274013,87.3,1,2020-06-20,2020-06-20
A61274013,89.34,4,2020-08-08,2026-02-07
A61274013,89.49,18,2020-02-08,2026-05-23
A61274013,90.99,22,2020-02-26,2025-11-06
A61274013,92.15,4,2020-07-21,2020-09-21
A61274013,92.74,3,2020-10-12,2026-02-07
A61274013,93.04,23,2020-06-11,2025-11-22
A61274013,93.99,1,2025-04-08,2025-04-08
A61274013,94.11,1,2020-11-17,2020-11-17
A61274013,94.17,6,2020-09-19,2026-06-19
A61274013,94.45,11,2020-02-27,2026-05-11
A61274013,98.47,12,2020-07-07,2026-02-06
A61274013,98.55,3,2020-07-31,2024-08-28
A61274013,99.79,13,2020-02-14,2025-12-15
A61274013,102.42,1,2024-07-20,2024-07-20
A61274013,103.03,7,2020-06-03,2026-05-20
A61274013,107.97,2,2024-06-05,2024-12-08
A61274013,108.1,16,2020-06-25,2026-04-27
A61274013,108.76,1,2020-10-16,2020-10-16
A61274013,110.12,5,2020-12-14,2026-05-23
A61274013,110.15,5,2020-07-17,2025-07-12
A61274013,110.44,16,2020-01-31,2026-03-02
A61274013,110.47,12,2020-01-08,2026-07-30
A61274013,111.02,22,2020-02-18,2026-03-16
A61274013,111.9,1,2020-08-15,2020-08-15
A61274013,112.13,8,2020-02-11,2026-06-15
A61274013,112.6,2,2020-07-02,2024-08-16
A61274013,112.99,9,2020-07-02,2026-06-18
A61274013,114.38,4,2020-04-15,2022-04-17
A61274013,115.68,17,2020-02-21,2025-04-16
A61274013,117.4,1,2020-10-21,2020-10-21
A61274013,117.74,22,2020-03-12,2026-07-04
A61274013,119.85,24,2020-02-10,2026-08-11
A61274013,124.01,2,2020-01-11,2020-10-08
A61274013,124.72,1,2020-05-23,2020-05-23
A61274013,125.73,1,2022-10-19,2022-10-19
A61274013,126.13,12,2020-01-21,2026-01-28
A61274013,126.36,3,2024-08-05,2025-11-06
A61274013,126.6,17,2020-04-17,2024-08-25
A61274013,127.63,1,2020-11-13,2020-11-13
A61274013,127.66,12,2020-04-29,2025-03-07
A61274013,132.21,1,2020-11-14,2020-11-14
A61274013,135.23,8,2020-04-04,2026-05-11
A61274013,135.94,2,2020-01-19,2020-08-11
A61274013,138.72,3,2024-07-02,2025-06-26
A61274013,139.31,24,2020-03-17,2026-02-10
A61274013,139.44,1,2025-11-12,2025-11-12
A61274013,142.61,2,2020-06-16,2020-11-07
A61274013,146.2,1,2021-02-03,2021-02-03
A61274013,154.62,9,2020-05-20,2026-07-16
A61274013,154.65,1,2026-05-02,2026-05-02
A61274013,154.77,1,2020-09-24,2020-09-24
A61274013,155.24,1,2020-08-31,2020-08-31
A61274013,156.5,4,2020-02-24,2021-11-02
A61274013,157.51,10,2020-06-10,2026-06-24
A61274013,158.47,1,2020-04-17,2020-04-17
A61274013,158.98,2,2020-06-19,2026-05-19
A61274013,160.65,1,2020-07-09,2020-07-09
A61274013,161.6,2,2020-10-16,2025-08-09
A61274013,161.66,2,2020-09-18,2020-10-04
A61274013,162.82,19,2020-09-05,2026-03-11
A61274013,163.14,1,2026-09-21,2026-09-21
A61274013,164.47,1,2024-10-09,2024-10-09
A61274013,165.03,1,2020-09-17,2020-09-17
A61274013,166.38,1,2023-09-01,2023-09-01
A61274013,168.5,23,2020-03-06,2026-02-21
A61274013,170.05,1,2020-06-30,2020-06-30
A61274013,179.7,5,2020-07-18,2025-08-14
A61274013,180.19,13,2020-02-22,2026-01-29
A61274013,181.64,1,2022-12-08,2022-12-08
A61274013,182.03,1,2020-11-18,2020-11-18
A61274013,184.36,1,2020-08-08,2020-08-08
A61274013,184.62,7,2020-05-22,2026-06-13
A61274013,185.08,1,2023-03-18,2023-03-18
A61274013,191.6,1,2025-07-19,2025-07-19
A61274013,199.04,1,2020-11-05,2020-11-05
A61274013,200.3,1,2020-11-03,2020-11-03
A61274013,200.62,1,2025-10-31,2025-10-31
A61274013,202.03,1,2020-11-19,2020-11-19
A61274013,202.64,1,2020-10-08,2020-10-08
A61274013,205.21,1,2020-10-13,2020-10-13
A61274013,205.34,1,2025-11-06,2025-11-06
A61274013,205.53,1,2024-11-29,2024-11-29
A61274013,206.35,1,2020-10-27,2020-10-27
A61274013,208.3,1,2021-05-10,2021-05-10
A61274013,212.86,1,2022-10-27,2022-10-27
A61274013,219.94,1,2023-12-05,2023-12-05
A61274013,221.14,1,2020-11-16,2020-11-16
A61274013,229.37,1,2020-09-28,2020-09-28
A61274013,229.85,1,2023-08-29,2023-08-29
A61274013,234.57,2,2021-06-14,2021-07-02
A61274013,235.25,1,2023-10-16,2023-10-16
A61274013,238.55,1,2020-03-11,2020-03-11
A61274013,243.54,1,2023-06-26,2023-06-26
A61274013,244.99,1,2020-10-21,2020-10-21
A61274114,58.69,66,2020-01-11,2026-10-02
A61274114,59.53,40,2020-05-27,2026-08-18
A61274114,59.55,16,2020-02-14,2026-01-31
A61274114,84.25,4,2020-07-11,2024-11-11
A61274114,84.77,10,2020-06-20,2026-03-05
A61274114,84.88,8,2020-06-05,2025-07-11
A61274114,84.95,59,2020-02-25,2026-08-10
A61274114,123.98,15,2020-06-23,2026-04-05
A61274114,175.41,14,2020-06-09,2026-09-03
A61274114,187.38,3,2020-06-27,2023-11-28
A61274114,191.43,4,2020-06-17,2026-07-27
A61274213,84.84,145,2020-01-24,2026-09-20
A61274213,134.63,11,2020-03-21,2025-11-17
A61274213,145.12,8,2020-10-30,2026-06-25
A61274213,159.15,20,2020-02-17,2026-06-29
A61274213,202.68,9,2020-03-04,2026-07-29
A61274508,59.8,123,2020-01-22,2026-09-08
A61274508,84.96,205,2020-01-03,2026-09-19
A61274508,114.92,57,2020-01-18,2026-09-10
A61274707,63.0,77,2020-01-04,2026-06-09
A61274707,75.15,2,2020-07-16,2023-07-22
A61274707,84.69,41,2020-02-20,2026-04-24
A61274707,84.99,85,2020-01-04,2026-08-14
A61274707,114.39,7,2020-01-17,2023-07-21
A61274707,128.27,16,2020-04-09,2024-10-16
A61274707,128.6,16,2020-04-04,2025-10-17
A61274707,163.94,15,2020-04-24,2026-02-11
A61274815,49.96,133,2020-01-31,2026-07-07
A61274815,49.98,1,2024-02-14,2024-02-14
A61274815,49.99,2,2020-05-29,2020-08-24
A61274815,50.6,13,2020-02-15,2023-08-19
A61274815,53.24,132,2020-01-17,2026-09-23
A61274815,53.71,3,2020-04-02,2020-09-16
A61274815,54.25,2,2020-02-19,2023-03-16
A61274815,70.56,4,2020-10-14,2025-11-01
A61274815,70.58,109,2020-01-29,2026-08-10
A61274815,71.2,6,2020-06-06,2026-01-28
A61275302,59.44,157,2020-01-08,2026-09-23
A61275302,84.41,58,2020-02-11,2026-05-18
A61275302,102.08,44,2020-06-10,2026-06-30
A61275302,134.0,27,2020-01-02,2026-09-17
A61278214,59.6,133,2020-01-13,2026-08-21
A61278214,75.79,6,2020-01-22,2025-06-02
A61278214,76.06,83,2020-01-07,2026-07-01
A61278214,84.4,3,2020-10-24,2021-08-20
A61278214,84.84,46,2020-02-10,2026-09-16
A61278912,59.81,52,2020-01-26,2026-10-03
A61278912,84.51,32,2020-03-02,2026-06-05
A61278912,84.93,34,2020-01-08,2026-08-22
A61278912,101.72,9,2020-10-19,2026-07-21
A61278912,131.27,6,2020-02-29,2026-07-11
A61278912,164.41,2,2020-01-10,2024-08-29
A61279802,56.97,149,2020-01-08,2026-09-22
A61279804,59.52,50,2020-03-02,2026-06-16
A61279804,59.91,60,2020-01-04,2026-09-08
A61279804,76.56,88,2020-01-04,2026-09-22
A61279804,84.77,79,2020-01-05,2026-10-01
A61279804,103.05,31,2020-01-30,2026-05-23
A61279804,124.59,50,2020-01-02,2026-09-21
A61279804,151.26,13,2020-06-16,2025-11-30
A61280805,84.87,110,2020-01-10,2026-09-16
A61281117,59.99,246,2020-01-08,2026-09-28
A61281117,84.98,129,2020-01-15,2026-10-01
A61281117,126.93,69,2020-02-07,2026-09-30
A61281512,74.22,59,2020-01-04,2026-09-19
A61281512,84.94,201,2020-01-04,2026-10-01
A61282215,70.45,2,2023-08-22,2026-05-30
A61282215,84.22,110,2020-01-18,2026-08-31
A61282215,134.65,35,2020-02-19,2026-03-19
A61282215,163.34,16,2020-02-26,2026-05-18
A61282215,191.8,16,2020-05-29,2025-08-15
A61282705,84.94,191,2020-01-02,2026-09-16
A61282705,84.97,35,2020-01-22,2026-07-16
A61283211,36.33,59,2020-02-26,2026-01-15
A61283211,47.79,72,2020-01-16,2026-02-06
A61283211,50.31,39,2020-01-14,2026-06-17
A61283211,58.59,71,2020-03-02,2026-01-09
A61283410,59.64,43,2020-02-05,2026-08-28
A61283410,84.78,7,2020-06-16,2025-03-31
A61283410,84.93,31,2020-04-28,2026-02-07
A61283410,84.95,56,2020-03-06,2026-08-15
A61286403,73.4,164,2020-01-21,2026-09-13
A61286403,84.84,80,2020-02-04,2026-09-18
A61286403,84.98,134,2020-01-04,2026-09-29
A61286403,123.86,16,2020-06-13,2026-07-22
A61286810,71.69,45,2020-01-16,2026-08-04
A61286810,84.9,102,2020-02-04,2026-08-11
A61286810,118.98,6,2020-06-20,2026-01-28
A61288603,59.86,13,2020-02-07,2026-02-22
A61288603,84.98,161,2020-01-28,2026-09-21
A61288603,101.59,30,2020-02-15,2025-11-20
A61288603,114.43,21,2020-02-21,2026-08-29
A61288603,123.05,2,2023-05-13,2023-11-25
A61288603,140.73,6,2020-01-07,2025-08-04
A61301003,41.52,134,2020-01-28,2026-09-29
A61301003,41.54,1,2020-01-18,2020-01-18
A61301003,60.83,198,2020-01-09,2026-09-22
A61301003,61.09,85,2020-01-16,2026-09-30
A61301003,73.92,185,2020-01-07,2026-10-01
A61301003,84.82,2,2020-10-20,2026-01-18
A61301003,84.83,178,2020-01-09,2026-09-16
A61301003,95.17,34,2020-01-06,2026-08-28
A61301003,115.6,75,2020-02-17,2026-09-03
A61301003,131.27,187,2020-01-04,2026-09-16
A61301003,148.2,47,2020-01-08,2026-08-25
A61310007,59.99,18,2020-03-15,2026-02-15
A61310007,84.95,11,2020-05-31,2026-01-24
A61310007,84.96,85,2020-03-05,2026-08-18
A61310007,84.97,8,2020-04-18,2025-11-01
A61310007,84.98,125,2020-03-11,2026-09-18
A61310007,112.01,35,2020-01-01,2026-08-01
A61310007,113.5,10,2020-05-31,2026-03-29
A61313001,84.59,15,2020-06-15,2025-01-25
A61313001,84.86,26,2020-02-21,2026-07-10
A61313001,84.92,3,2020-01-21,2024-04-17
A61313001,84.95,35,2020-02-01,2026-02-23
A61313001,115.71,12,2020-04-21,2026-04-18
A61313001,133.94,29,2020-01-04,2026-06-22
A61313001,147.89,15,2020-01-20,2025-11-16
A61313001,163.44,1,2020-06-08,2020-06-08
A61313002,84.98,26,2020-02-29,2026-07-17
A61313002,101.81,23,2020-03-07,2026-07-31
A61313002,117.61,19,2020-02-22,2026-02-20
A61313002,127.38,26,2020-01-02,2025-12-15
A61313002,129.34,31,2020-02-07,2026-08-22
A61313002,149.85,20,2020-04-22,2025-08-27
A61313002,179.49,7,2020-03-20,2026-04-02
A61313203,84.73,28,2020-07-02,2026-07-24
A61313203,84.97,108,2020-01-17,2026-04-25
A61375202,59.94,82,2020-01-05,2026-09-18
A61375202,84.99,45,2020-02-12,2026-08-12
A61375202,130.9,21,2020-03-14,2026-09-04
A61375603,59.76,147,2020-01-08,2026-10-03
A61375603,84.9,126,2020-01-03,2026-09-23
A61375702,52.29,11,2020-03-27,2025-09-25
A61375702,52.38,25,2020-01-09,2026-01-28
A61375702,62.1,1,2026-02-02,2026-02-02
A61375702,68.76,39,2020-01-08,2026-08-22
A61375702,68.85,11,2020-01-04,2026-07-04
A61375702,84.13,12,2020-06-06,2026-03-23
A61375702,84.21,50,2020-01-07,2026-09-17
A61375702,84.37,19,2020-02-08,2026-07-10
A61375702,125.25,13,2020-01-18,2026-08-22
A61377105,73.09,41,2020-01-04,2026-07-23
A61377105,84.88,31,2020-01-03,2026-08-05
A61377105,84.97,84,2020-01-04,2026-07-01
A61377105,84.98,25,2020-01-13,2026-06-09
A61377105,98.94,29,2020-02-03,2026-04-16
A61377105,131.18,33,2020-02-18,2026-01-21
A61377105,132.19,25,2020-05-22,2026-04-15
A61377105,150.8,25,2020-03-06,2026-05-28
A61377106,59.94,46,2020-01-28,2026-06-27
A61377106,84.83,12,2020-01-03,2026-04-01
A61377106,84.89,86,2020-03-26,2026-08-14
A61377106,84.91,81,2020-02-15,2026-06-05
A61377106,84.93,30,2020-05-30,2026-09-10
A61377106,99.14,20,2020-01-07,2026-05-26
A61377106,128.6,27,2020-03-12,2026-05-22
A61377106,129.72,5,2020-07-02,2026-06-27
A61377106,154.18,9,2020-01-22,2025-05-02
A61377204,84.93,48,2020-01-29,2026-07-14
A61377204,121.19,41,2020-01-07,2026-08-21
A61377204,141.81,21,2020-01-03,2026-07-13
A61377204,170.03,17,2020-03-01,2026-08-13
A61381805,84.97,40,2020-06-01,2026-07-07
A61381805,101.97,38,2020-01-02,2026-09-11
A61381805,118.56,21,2020-02-24,2026-09-15
A61381805,125.5,30,2020-02-05,2026-08-17
A61381805,126.23,18,2020-01-23,2026-01-17
A61381805,129.64,15,2020-04-27,2025-12-03
A61381805,147.58,46,2020-02-18,2026-09-14
A61381805,170.8,13,2020-05-12,2026-06-03
A61381903,41.46,73,2020-01-06,2026-07-03
A61381903,42.93,32,2020-01-10,2026-08-14
A61381903,75.42,28,2020-02-15,2026-05-05
A61381903,84.96,56,2020-02-01,2026-08-03
A61381903,102.52,13,2020-02-15,2026-06-09
A61381903,123.19,10,2020-01-17,2026-02-09
A61381903,145.05,8,2020-09-23,2026-07-08
A61381903,182.67,4,2020-11-13,2026-07-15
A61381903,209.76,3,2020-01-13,2026-03-05
A61383101,59.99,28,2020-02-21,2026-07-29
A61383101,84.94,61,2020-01-17,2026-07-15
A61383101,126.55,19,2020-07-09,2026-09-08
A61383101,154.56,4,2020-01-06,2021-10-01
A61402003,22.28,25,2020-02-25,2026-01-09
A61402003,23.0,15,2020-04-16,2025-03-24
A61402003,23.88,103,2020-01-16,2026-08-07
A61402003,24.3,18,2020-02-25,2025-05-21
A61402003,24.59,18,2020-03-16,2026-02-20
A61402003,28.62,14,2020-12-22,2025-10-27
A61402003,29.03,7,2020-04-06,2026-01-09
A61402003,31.14,6,2020-04-06,2026-01-09
A61402003,32.58,15,2020-02-25,2023-11-23
A61402003,39.06,13,2020-02-25,2026-01-09
A61402003,56.23,4,2022-01-20,2025-05-12
A61403001,103.23,2,2020-05-16,2020-07-29
A61403001,103.9,14,2020-06-15,2026-06-24
A61403001,105.5,38,2020-01-09,2026-05-12
A61403001,109.18,17,2020-01-03,2026-03-13
A61403001,116.25,2,2020-09-14,2021-06-21
A61403001,118.39,23,2020-01-20,2026-09-09
A61403001,119.08,12,2020-02-06,2026-01-10
A61403001,121.21,26,2020-03-07,2026-05-18
A61403001,125.12,24,2020-01-18,2026-05-07
A61403001,126.26,18,2020-05-05,2026-05-07
A61403001,129.96,11,2020-01-16,2024-12-28
A61403001,130.25,23,2020-02-21,2026-02-14
A61403001,141.7,13,2020-06-19,2026-05-29
A61403001,142.62,1,2020-11-10,2020-11-10
A61403001,144.35,1,2024-02-25,2024-02-25
A61403001,149.21,20,2020-02-08,2026-09-05
A61403001,153.16,26,2020-01-31,2026-05-27
A61403001,154.28,28,2020-03-04,2026-05-15
A61403001,154.46,2,2020-11-05,2021-05-02
A61403001,155.82,3,2020-07-24,2020-11-21
A61403001,156.89,1,2021-02-06,2021-02-06
A61403001,156.99,10,2020-08-31,2026-09-05
A61403001,157.92,28,2020-01-03,2025-11-02
A61403001,175.85,7,2020-06-19,2026-07-15
A61403001,181.99,1,2020-07-23,2020-07-23
A61403001,183.41,9,2020-05-12,2022-04-15
A61403001,183.68,2,2020-06-13,2020-07-24
A61403001,191.38,2,2020-05-17,2020-09-09
A61403001,199.09,2,2020-06-12,2020-11-17
A61403001,199.58,2,2020-10-22,2020-12-07
A61403001,202.41,5,2020-10-20,2021-02-01
A61403001,210.17,1,2020-10-29,2020-10-29
A61403001,241.89,5,2020-09-14,2023-03-27
A61404006,59.72,34,2020-01-04,2026-08-08
A61404006,59.84,52,2020-01-17,2026-07-24
A61404006,84.98,85,2020-01-07,2026-10-01
A61404006,124.09,14,2020-06-20,2026-01-23
A61404007,25.97,6,2020-07-04,2025-03-19
A61404007,33.74,139,2020-02-06,2026-09-21
A61404007,52.76,39,2020-02-07,2026-09-05
A61404007,59.94,64,2020-01-06,2026-09-02
A61404007,72.21,52,2020-02-01,2026-08-21
A61404007,84.81,91,2020-01-20,2026-09-02
A61404007,102.55,7,2020-07-08,2026-07-06
A61404007,113.03,22,2020-04-05,2026-04-06
A61404007,141.19,7,2020-11-05,2026-06-03
A61404203,28.58,90,2020-01-02,2026-10-02
A61404203,29.87,2,2020-02-20,2020-03-20
A61404203,32.6,73,2020-05-04,2026-09-05
A61404203,46.31,7,2020-02-24,2024-09-24
A61404203,59.05,4,2020-11-11,2025-08-19
A61409002,84.83,26,2020-03-02,2025-07-03
A61409002,84.9,66,2020-02-04,2026-07-05
A61409002,84.98,27,2020-01-11,2026-08-22
A61409002,107.63,46,2020-01-09,2026-09-09
A61409002,125.98,30,2020-01-29,2026-07-08
A61409003,59.82,29,2020-04-09,2026-04-26
A61409003,76.2,96,2020-01-16,2026-08-28
A61409004,61.35,15,2020-05-11,2026-01-17
A61409004,81.29,24,2020-01-16,2026-03-19
A61409004,84.81,42,2020-07-13,2026-03-14
A61409004,84.93,30,2020-01-02,2026-07-25
A61409004,84.95,18,2020-01-20,2026-02-11
A61409004,84.97,26,2020-02-07,2025-11-22
A61409004,95.19,18,2020-06-16,2026-05-09
A61409005,70.3,48,2020-01-15,2026-05-07
A61409005,84.92,39,2020-01-09,2026-09-15
A61409005,100.71,18,2020-02-04,2026-08-02
A61409005,105.29,5,2020-11-16,2025-12-26
A61409005,115.73,9,2020-11-09,2026-06-08
A61409005,118.11,13,2020-02-11,2025-12-18
A61409005,129.77,33,2020-06-16,2026-05-20
A61409005,138.59,15,2020-06-26,2026-03-23
A61409302,51.63,67,2020-02-10,2026-09-21
A61409302,59.98,160,2020-01-11,2026-08-11
A61409302,59.99,4,2020-01-16,2022-07-01
A61409302,84.8,8,2020-12-17,2024-08-21
A61409302,84.96,1,2021-05-05,2021-05-05
A61410304,44.76,21,2020-02-29,2026-06-25
A61410304,64.43,3,2020-01-26,2020-10-09
A61410304,64.44,17,2020-01-15,2026-06-19
A61410304,66.44,1,2023-06-24,2023-06-24
A61410304,79.93,12,2020-01-05,2024-10-01
A61410304,79.95,34,2020-01-16,2026-09-21
A61410304,92.74,1,2021-01-21,2021-01-21
A61410304,107.56,9,2020-02-22,2026-02-05
A61410304,108.26,7,2020-03-11,2026-05-06
A61473002,59.9,108,2020-01-15,2026-09-10
A61473002,71.02,11,2020-03-23,2026-07-31
A61473002,78.76,11,2020-02-20,2025-12-24
A61473002,84.64,117,2020-01-18,2026-09-07
A61473002,122.84,15,2020-05-17,2026-08-06
A61475202,59.72,61,2020-01-15,2026-07-11
A61475202,84.77,49,2020-01-14,2026-02-06
A61475202,84.94,25,2020-02-14,2026-04-07
A61475202,111.41,16,2020-01-30,2026-06-20
A61475403,42.63,108,2020-01-14,2026-08-29
A61475403,59.95,236,2020-01-05,2026-09-04
A61475403,84.99,136,2020-01-15,2026-08-07
A61475403,114.98,42,2020-02-06,2026-07-15
A61475512,32.39,99,2020-01-09,2026-08-10
A61475512,41.3,257,2020-01-03,2026-09-17
A61475512,49.94,145,2020-01-15,2026-09-23
A61475512,58.01,66,2020-01-03,2026-06-23
A61475512,61.52,91,2020-01-29,2026-09-05
A61475512,66.56,74,2020-01-18,2026-06-09
A61475512,79.07,21,2020-02-03,2026-09-30
A61475903,59.72,92,2020-01-03,2026-09-04
A61475903,84.94,63,2020-01-08,2026-06-21
A61475903,111.41,29,2020-01-07,2026-02-25
A61476002,59.94,188,2020-01-06,2026-09-03
A61476002,84.93,49,2020-01-02,2026-09-09
A61476002,119.0,13,2020-02-15,2026-01-07
A61476403,69.28,32,2020-04-14,2025-11-28
A61476403,77.04,68,2020-04-17,2026-08-08
A61476403,84.99,46,2020-06-06,2026-07-28
A61476403,85.0,53,2020-02-23,2026-04-28
A61476403,122.57,18,2020-06-26,2026-07-15
A61476403,123.3,14,2020-02-27,2025-05-08
A61476403,136.68,32,2020-02-12,2026-04-22
A61476403,174.2,12,2020-06-15,2026-08-14
A61477009,44.87,196,2020-01-06,2026-10-03
A61477105,59.76,95,2020-02-04,2026-09-14
A61477105,74.59,81,2020-01-13,2026-09-17
A61477105,84.99,161,2020-01-09,2026-10-05
A61477105,102.39,21,2020-01-07,2026-07-10
A61477105,102.61,14,2020-02-26,2026-01-14
A61477105,120.39,11,2020-09-07,2026-08-19
A61477105,140.58,6,2020-10-18,2023-09-22
A61477302,28.8,21,2020-01-17,2026-08-21
A61477302,30.49,50,2020-01-20,2026-08-19
A61477302,33.74,5,2020-04-03,2023-11-15
A61477302,38.53,4,2021-07-31,2023-05-10
A61477302,39.82,6,2020-02-03,2025-11-17
A61477302,41.76,5,2020-09-28,2024-11-08
A61477302,44.64,1,2026-01-15,2026-01-15
A61477302,45.15,4,2020-09-26,2025-05-29
A61477302,60.99,1,2020-06-16,2020-06-16
A61477302,64.23,1,2021-06-12,2021-06-12
A61477403,39.66,1,2021-07-20,2021-07-20
A61477403,39.67,352,2020-01-09,2026-09-11
A61477806,59.93,39,2020-01-05,2026-08-19
A61477806,66.43,5,2020-02-16,2024-04-02
A61477806,77.78,37,2020-01-08,2026-04-10
A61477806,83.6,2,2021-07-26,2025-07-27
A61477806,83.88,1,2026-05-19,2026-05-19
A61477806,84.98,154,2020-01-02,2026-09-23
A61478807,39.34,11,2020-03-14,2025-12-15
A61478807,59.72,93,2020-01-29,2026-08-06
A61478807,84.88,66,2020-05-18,2026-06-20
A61478807,134.85,11,2020-01-13,2026-02-27
A61478901,39.98,3,2023-11-28,2026-07-30
A61478901,59.74,15,2020-02-22,2026-08-20
A61478901,59.9,83,2020-01-06,2026-08-08
A61478901,84.92,216,2020-01-02,2026-08-20
A61478901,100.14,21,2020-05-08,2026-08-01
A61478901,117.61,18,2020-06-01,2026-07-02
A61478901,127.25,21,2020-02-12,2026-05-07
A61478901,149.6,16,2020-03-11,2026-08-20
A61479104,59.95,267,2020-01-06,2026-09-02
A61479104,84.99,180,2020-01-04,2026-09-30
A61479104,114.98,57,2020-01-03,2026-08-26
A61479403,94.41,126,2020-01-14,2026-07-17
A61479403,95.04,14,2020-06-20,2026-03-21
A61479403,116.84,28,2020-02-15,2024-07-05
A61479502,71.65,104,2020-02-18,2026-09-22
A61479502,84.85,144,2020-01-09,2026-10-06
A61479502,114.99,9,2020-06-23,2025-09-29
A61479502,130.59,17,2020-03-23,2026-09-17
A61479605,59.99,85,2020-01-11,2026-08-29
A61479605,80.23,76,2020-02-14,2026-08-27
A61479605,84.97,127,2020-01-23,2026-09-19
A61479605,110.22,14,2020-10-05,2025-02-26
A61479605,126.89,12,2020-02-03,2026-04-08
A61479902,84.81,59,2020-01-20,2026-08-18
A61479902,84.85,61,2020-01-17,2026-09-17
A61479902,84.86,8,2020-06-03,2026-07-09
A61479902,109.54,13,2020-07-14,2025-07-23
A61479902,110.93,25,2020-01-09,2026-09-04
A61479902,118.61,46,2020-02-04,2026-07-07
A61479902,130.34,14,2020-02-29,2025-09-27
A61480908,84.98,135,2020-01-03,2026-09-19
A61480908,117.95,66,2020-01-29,2026-08-13
A61480908,131.66,45,2020-03-27,2026-03-07
A61481111,59.99,145,2020-01-16,2026-09-08
A61481111,60.0,88,2020-01-03,2026-10-01
A61481111,84.99,152,2020-01-21,2026-09-11
A61481111,118.47,37,2020-02-08,2026-07-31
A61481111,134.92,30,2020-07-02,2026-07-31
A61481111,164.97,6,2020-04-29,2025-10-02
A61482207,32.39,54,2020-01-30,2026-01-28
A61482207,41.3,241,2020-01-03,2026-09-22
A61482207,49.94,158,2020-01-04,2026-09-04
A61482207,58.01,72,2020-01-17,2026-09-04
A61482207,59.2,22,2020-01-07,2026-09-21
A61482207,59.28,26,2020-01-18,2026-03-28
A61482207,59.39,18,2020-06-17,2026-08-12
A61482207,61.52,49,2020-01-09,2026-10-01
A61482207,66.56,24,2020-03-21,2026-04-22
A61482207,79.07,17,2020-06-13,2026-04-08
A61482303,49.61,7,2020-06-13,2026-03-20
A61482303,49.99,76,2020-01-04,2026-09-16
A61482303,59.54,46,2020-06-25,2026-07-15
A61482303,59.89,57,2020-02-11,2026-09-04
A61482303,59.91,126,2020-01-20,2026-10-03
A61482303,84.97,5,2020-03-26,2022-08-12
A61483202,84.65,31,2020-05-20,2026-06-24
A61483202,84.78,19,2020-06-13,2026-04-16
A61483202,84.87,24,2020-01-14,2026-09-03
A61483202,84.91,12,2020-01-27,2026-08-19
A61483202,84.98,34,2020-04-17,2026-06-06
A61483202,117.02,3,2020-06-21,2022-11-04
A61483202,118.02,19,2020-01-02,2026-04-15
A61483202,119.73,5,2021-07-07,2026-08-14
A61483202,141.4,19,2020-02-20,2026-08-10
A61484004,84.41,4,2025-05-01,2025-08-21
A61484004,84.78,36,2020-03-25,2026-05-09
A61484004,84.9,15,2020-07-16,2026-08-11
A61484004,125.85,13,2020-03-21,2026-07-07
A61484004,147.24,5,2020-01-19,2021-05-29
A61484004,148.35,8,2020-04-27,2026-07-17
A61484004,149.47,1,2020-10-14,2020-10-14
A61484004,158.95,10,2020-06-20,2025-12-23
A61484004,164.29,15,2020-03-09,2026-03-19
A61484004,174.19,7,2020-01-31,2026-01-20
A61484005,59.8,225,2020-01-03,2026-07-28
A61484005,84.76,217,2020-01-13,2026-09-22
A61484005,134.67,28,2020-02-20,2026-03-22
A61484005,172.47,6,2020-11-25,2025-03-18
A61485906,59.89,94,2020-01-18,2026-08-26
A61485906,76.56,5,2021-02-19,2026-05-02
A61485906,84.72,88,2020-03-05,2026-07-11
A61486005,59.96,56,2020-03-23,2026-05-11
A61486005,84.87,11,2020-08-01,2025-12-29
A61486005,84.89,28,2020-06-25,2026-09-29
A61486005,84.98,48,2020-01-29,2026-06-02
A61486005,121.84,30,2020-01-29,2026-10-02
A61486008,59.91,97,2020-02-12,2026-09-27
A61486008,84.98,87,2020-01-13,2026-07-25
A61486008,134.93,19,2020-08-26,2026-05-30
A61486301,84.76,6,2020-06-06,2025-10-28
A61486301,84.86,24,2020-01-19,2026-08-27
A61486301,84.97,45,2020-01-08,2026-04-27
A61486301,84.98,30,2020-02-29,2026-06-12
A61486301,126.72,15,2020-02-08,2026-07-02
A61486301,128.91,8,2020-02-19,2025-11-08
A61609002,73.11,59,2020-02-08,2026-07-18
A61609002,84.98,201,2020-01-18,2026-09-17
A61609002,99.24,39,2020-01-28,2026-08-01
A61609206,59.88,273,2020-01-09,2026-10-06
A61609206,84.91,100,2020-01-22,2026-09-07
A61609206,118.45,22,2020-03-17,2026-08-29
A61610003,59.96,83,2020-02-12,2026-07-15
A61610003,84.75,81,2020-02-04,2026-09-05
A61610003,122.06,11,2020-11-18,2025-11-14
A61612010,59.93,76,2020-01-11,2026-09-29
A61612010,84.99,81,2020-01-20,2026-09-23
A61612010,99.91,26,2020-01-08,2026-06-19
A61612010,119.34,8,2020-01-18,2026-03-14
A61612010,134.94,13,2020-09-04,2026-07-03
A61612011,59.9,104,2020-01-18,2026-07-24
A61612011,83.77,28,2020-02-15,2026-05-05
A61612011,84.98,115,2020-01-10,2026-07-02
A61612011,116.19,14,2020-01-18,2026-09-12
A61612011,143.57,6,2020-12-05,2026-07-30
A61612013,59.89,62,2020-03-12,2026-09-29
A61612013,59.94,84,2020-02-21,2026-08-14
A61612013,69.33,41,2020-01-14,2026-07-22
A61612013,84.97,100,2020-01-20,2026-07-10
A61612013,114.9,48,2020-01-15,2026-09-10
A61612013,147.19,22,2020-01-24,2026-06-12
A61612016,49.82,129,2020-01-11,2026-08-01
A61612016,59.4,283,2020-01-07,2026-09-22
A61612016,59.57,34,2020-01-13,2026-07-01
A61612016,84.34,131,2020-01-15,2026-09-10
A61612017,59.89,232,2020-01-29,2026-09-22
A61612017,84.92,21,2020-06-08,2026-09-03
A61612017,84.97,206,2020-01-02,2026-08-15
A61612017,128.32,37,2020-03-05,2026-07-22
A61612017,131.07,60,2020-02-05,2026-07-12
A61612017,133.53,9,2020-03-10,2026-05-25
A61612018,59.44,110,2020-02-19,2026-09-14
A61612018,59.8,125,2020-01-22,2026-08-15
A61612018,84.76,214,2020-01-08,2026-09-22
A61612018,116.81,117,2020-01-02,2026-08-31
A61612018,142.18,22,2020-01-15,2026-04-04
A61612019,59.8,537,2020-01-17,2026-10-05
A61612019,75.86,29,2020-07-01,2026-09-30
A61612019,84.98,60,2020-02-24,2026-09-17
A61612019,84.99,301,2020-01-02,2026-10-03
A61612019,111.74,76,2020-02-08,2026-09-16
A61612019,139.9,40,2020-02-13,2026-09-17
A61670501,59.61,17,2020-03-14,2026-05-14
A61670501,59.97,9,2020-07-22,2026-01-31
A61670501,78.19,26,2020-01-06,2026-08-08
A61670501,84.36,41,2020-02-05,2026-09-05
A61670501,102.01,16,2020-02-11,2025-10-24
A61670501,121.81,7,2020-08-06,2026-01-19
A61673103,59.88,81,2020-01-14,2026-09-19
A61673103,84.98,73,2020-01-21,2026-08-10
A61673103,99.19,20,2020-02-06,2026-02-24
A61673302,84.99,263,2020-01-08,2026-09-17
A61673304,59.99,235,2020-01-11,2026-09-16
A61673304,84.99,324,2020-01-07,2026-10-02
A61673304,124.56,45,2020-01-04,2026-07-11
A61673305,59.92,164,2020-01-11,2026-08-21
A61673308,59.69,42,2020-02-01,2026-08-15
A61673308,59.98,10,2020-04-22,2026-04-29
A61673308,71.91,50,2020-01-28,2026-06-20
A61673308,84.77,168,2020-01-09,2026-09-23
A61673308,84.82,45,2020-01-14,2026-07-11
A61673308,84.95,62,2020-01-05,2026-08-13
A61673308,98.07,77,2020-01-16,2026-09-09
A61673308,115.03,135,2020-01-28,2026-08-18
A61673308,115.95,101,2020-01-06,2026-09-17
A61673308,116.03,14,2020-02-08,2026-03-24
A61673308,131.05,125,2020-01-09,2026-08-31
A61673308,131.78,58,2020-02-11,2026-08-31
A61673308,145.49,67,2020-02-04,2026-09-19
A61673308,145.65,48,2020-02-15,2026-09-19
A61673308,171.77,68,2020-01-03,2026-06-30
A61673902,59.95,10,2020-02-25,2025-05-28
A61673902,84.94,10,2020-04-13,2026-05-20
A61673902,84.98,102,2020-01-04,2026-10-05
A61673902,84.99,35,2020-02-29,2026-02-07
A61674912,59.77,168,2020-01-06,2026-09-03
A61674912,76.72,128,2020-01-13,2026-10-01
A61674912,84.68,24,2020-02-14,2026-09-18
A61675601,59.91,91,2020-01-21,2026-08-28
A61675601,59.94,47,2020-01-27,2026-07-06
A61675601,84.99,82,2020-01-07,2026-09-07
A61675806,57.78,38,2020-02-12,2026-05-06
A61675806,68.7,45,2020-01-30,2026-09-23
A61675806,82.2,44,2020-01-18,2026-08-29
A61676006,85.99,68,2020-01-16,2026-07-28
A61676006,99.99,18,2020-02-08,2026-05-15
A61676006,125.77,17,2020-08-29,2025-06-30
A61676316,41.85,319,2020-01-03,2026-10-03
A61676316,42.66,29,2020-04-23,2026-03-05
A61676316,49.77,69,2020-05-07,2026-09-19
A61676316,58.65,44,2020-01-13,2025-07-30
A61676316,59.97,46,2020-01-22,2026-08-27
A61676509,41.85,77,2020-01-22,2026-08-31
A61676509,42.75,140,2020-01-07,2026-09-17
A61676509,49.77,34,2020-01-07,2026-09-09
A61676605,48.89,98,2020-02-15,2026-10-02
A61676605,49.32,108,2020-01-22,2026-09-29
A61676814,39.41,188,2020-01-19,2026-09-16
A61676814,39.43,83,2020-01-04,2026-08-13
A61676814,42.29,142,2020-01-04,2026-09-08
A61676814,48.85,48,2020-01-13,2026-07-14
A61677013,59.7,32,2020-01-08,2026-07-08
A61677013,59.79,93,2020-02-18,2026-09-10
A61677013,83.5,161,2020-01-11,2026-09-11
A61677013,84.76,13,2020-04-17,2026-07-09
A61677608,44.87,161,2020-01-09,2026-06-27
A61677608,55.77,111,2020-01-06,2026-06-26
A61678209,75.57,49,2020-03-26,2026-07-14
A61678209,84.69,118,2020-01-14,2026-10-04
A61678209,84.9,23,2020-04-05,2025-10-20
A61678209,106.2,11,2020-06-27,2026-05-18
A61678209,116.06,14,2020-06-16,2026-03-16
A61678209,119.69,12,2020-01-13,2025-07-22
A61678209,134.99,31,2020-04-22,2026-09-17
A61678209,148.26,8,2020-03-10,2026-07-11
A61678706,79.19,46,2020-01-06,2026-07-10
A61678706,84.28,116,2020-01-09,2026-10-04
A61678804,84.94,123,2020-02-09,2026-09-21
A61679206,74.48,79,2020-01-14,2026-07-10
A61679206,84.89,183,2020-01-09,2026-09-15
A61679207,49.42,226,2020-01-07,2026-09-20
A61679208,84.91,89,2020-01-03,2026-07-31
A61679208,99.66,16,2020-01-07,2026-03-26
A61679208,133.86,23,2020-01-04,2026-09-11
A61679208,158.58,7,2020-11-05,2025-04-29
A61680705,59.73,62,2020-01-02,2026-09-11
A61680705,59.76,21,2020-02-17,2026-08-15
A61680705,75.29,21,2020-11-07,2026-02-25
A61680705,84.76,44,2020-01-02,2026-08-25
A61680705,116.96,23,2020-01-11,2026-08-12
A61680707,59.26,18,2020-04-22,2026-08-20
A61680707,61.2,50,2020-02-11,2026-07-15
A61680707,72.87,67,2020-01-09,2026-08-27
A61680707,78.18,68,2020-02-13,2026-09-17
A61680707,84.73,24,2020-08-30,2026-08-08
A61680707,84.91,122,2020-01-13,2026-07-15
A61681107,68.12,124,2020-02-25,2026-08-25
A61681108,67.97,143,2020-01-22,2026-08-14
A61682303,36.16,56,2020-02-27,2026-05-09
A61682303,36.34,7,2020-03-10,2025-01-16
A61682303,38.64,101,2020-01-11,2026-06-19
A61682303,41.3,88,2020-01-10,2026-09-08
A61682303,44.94,57,2020-02-15,2026-07-04
A61682303,49.94,108,2020-02-03,2026-08-07
A61682607,84.78,44,2020-01-07,2026-09-05
A61682607,84.92,109,2020-01-22,2026-09-30
A61682607,132.18,28,2020-03-17,2026-09-19
A61682607,134.14,13,2020-05-23,2026-08-15
A61682907,59.84,200,2020-01-16,2026-08-31
A61682907,77.82,43,2020-02-05,2026-08-11
A61682907,84.96,47,2020-01-09,2026-06-06
A61682908,59.67,130,2020-02-13,2026-10-01
A61682908,59.85,24,2020-07-09,2026-10-03
A61682908,74.6,69,2020-02-01,2026-07-14
A61682908,84.99,67,2020-02-05,2026-09-21
A61682908,113.82,11,2020-03-06,2026-03-23
A61683305,59.82,265,2020-02-08,2026-10-03
A61684110,59.79,53,2020-01-07,2026-09-17
A61684110,59.89,30,2020-01-15,2026-09-23
A61684110,82.63,96,2020-01-15,2026-09-03
A61684110,83.11,57,2020-01-04,2026-08-21
A61685214,59.8,149,2020-01-09,2026-07-04
A61685214,84.93,129,2020-01-11,2026-08-15
A61685214,118.98,68,2020-04-18,2026-07-15
A61685214,142.53,20,2020-05-04,2026-07-11
A61701002,59.67,54,2020-01-18,2026-09-10
A61701002,59.73,100,2020-01-14,2026-10-06
A61701002,84.36,112,2020-01-06,2026-09-23
A61701002,125.16,53,2020-01-16,2026-04-09
A61701002,149.93,21,2020-05-13,2026-07-11
A61775202,41.3,130,2020-01-09,2026-07-20
A61775202,49.94,197,2020-01-11,2026-09-30
A61775401,41.16,36,2020-03-24,2025-10-31
A61775401,41.3,77,2020-01-05,2026-07-24
A61775401,41.66,2,2024-11-13,2025-03-20
A61775401,49.94,131,2020-01-08,2026-07-07
A61775706,72.42,66,2020-01-08,2026-08-31
A61775706,84.54,84,2020-01-17,2026-02-28
A61775706,123.1,17,2020-01-09,2026-07-29
A61775706,135.88,11,2020-02-12,2026-08-17
A61776003,59.84,129,2020-02-21,2026-08-29
A61776003,73.4,47,2020-01-21,2026-05-12
A61776003,84.96,125,2020-01-20,2026-07-15
A61776003,115.02,32,2020-01-28,2026-09-07
A61776104,59.76,64,2020-01-07,2026-06-01
A61776104,59.88,133,2020-01-11,2026-10-05
A61776104,84.99,138,2020-01-02,2026-08-29
A61776104,113.59,18,2020-01-10,2025-11-04
A61776104,129.06,11,2020-03-26,2026-01-18
A61776303,44.1,81,2020-01-21,2026-07-14
A61776303,46.44,27,2020-01-11,2026-08-04
A61776303,58.68,10,2020-05-21,2026-09-01
A61776303,59.86,38,2020-01-07,2026-05-20
A61776303,77.85,53,2020-02-20,2026-01-19
A61776303,77.94,19,2020-01-29,2026-03-08
A61776303,84.55,22,2020-01-18,2025-11-11
A61776303,84.91,59,2020-01-07,2026-05-21
A61776508,59.85,132,2020-01-21,2026-07-15
A61776508,84.87,32,2020-05-12,2026-03-10
A61776508,131.98,26,2020-02-18,2026-04-30
A61776509,59.99,36,2020-03-12,2026-03-26
A61776509,72.44,15,2020-02-20,2026-06-25
A61776509,84.96,104,2020-01-17,2026-08-20
A61776509,84.98,22,2020-05-25,2026-06-14
A61776509,84.99,64,2020-01-08,2026-09-08
A61776509,101.11,59,2020-01-02,2026-09-23
A61776509,126.27,38,2020-02-07,2026-06-28
A61776509,126.39,27,2020-05-07,2026-04-17
A61776509,145.13,21,2020-01-08,2026-06-25
A61776710,59.98,114,2020-02-13,2026-09-16
A61776710,59.99,27,2020-11-18,2026-08-06
A61776710,73.2,24,2020-03-31,2025-12-18
A61776710,84.9,46,2020-01-09,2026-09-17
A61776710,118.51,29,2020-08-22,2026-06-10
A61776811,59.9,41,2020-01-30,2026-03-20
A61776811,59.94,155,2020-02-11,2026-08-14
A61776811,84.85,53,2020-01-10,2026-09-11
A61776811,105.3,6,2020-06-22,2026-01-10
A61776811,105.42,11,2020-11-24,2026-05-10
A61776811,134.64,4,2020-10-19,2024-09-26
A61776907,79.34,38,2020-04-22,2026-03-26
A61776907,84.81,44,2020-01-03,2026-08-31
A61776907,84.96,59,2020-01-07,2026-04-20
A61777010,59.99,152,2020-03-11,2026-09-03
A61777010,84.91,43,2020-04-23,2026-09-07
A61777105,95.95,43,2020-07-04,2026-08-20
A61777105,119.24,71,2020-01-06,2026-09-04
A61777312,59.88,111,2020-01-04,2026-08-15
A61777312,84.9,73,2020-02-08,2026-10-02
A61777312,131.88,9,2020-03-07,2024-04-11
A61777312,137.55,6,2020-06-03,2025-11-05
A61777409,59.94,57,2020-01-17,2026-09-10
A61777409,75.61,70,2020-02-22,2026-09-29
A61777409,84.99,54,2020-05-14,2026-09-28
A61777411,59.88,24,2020-06-25,2026-10-03
A61777411,59.91,52,2020-02-13,2026-09-19
A61777411,59.99,36,2020-03-16,2026-07-11
A61777411,69.91,40,2020-01-17,2026-03-21
A61777411,84.95,11,2020-07-06,2026-06-19
A61777711,40.42,33,2020-01-15,2026-05-04
A61777711,49.96,285,2020-02-01,2026-07-19
A61777806,59.79,15,2020-07-03,2026-01-24
A61777806,59.94,50,2020-03-15,2026-09-07
A61777806,74.13,40,2020-03-18,2026-05-07
A61777806,84.99,34,2020-03-16,2026-06-29
A61777903,68.53,30,2020-02-18,2026-07-04
A61777903,73.51,15,2020-08-05,2026-07-30
A61777903,73.89,13,2020-11-12,2026-05-08
A61777903,74.0,29,2020-01-02,2026-07-30
A61777903,77.08,28,2020-01-15,2026-06-09
A61777903,81.13,31,2020-01-30,2026-06-01
A61777903,82.35,19,2020-02-17,2026-08-08
A61778507,59.93,110,2020-01-07,2026-09-11
A61778507,84.96,46,2020-01-11,2026-08-26
A61778507,116.96,11,2020-05-18,2025-07-03
A61778608,59.76,59,2020-01-13,2026-06-18
A61778608,59.99,22,2020-02-18,2026-01-23
A61778608,75.06,20,2020-02-21,2026-08-07
A61778608,84.91,76,2020-01-14,2026-09-21
A61778608,84.99,23,2020-02-24,2026-06-05
A61778608,122.8,15,2020-04-13,2025-07-15
A61780802,59.95,78,2020-01-01,2026-08-19
A61780802,74.12,62,2020-01-11,2026-09-10
A61780802,84.86,58,2020-04-07,2026-07-03
A61781005,38.64,4,2021-03-23,2026-04-15
A61781005,39.72,39,2020-01-20,2026-07-28
A61781005,45.12,5,2021-07-09,2026-07-08
A61781005,46.2,24,2020-11-16,2026-06-29
A61781005,54.0,42,2020-01-06,2026-02-01
A61781005,61.56,45,2020-05-13,2026-06-12
A61781005,63.99,9,2020-11-18,2024-03-06
A61781005,66.51,3,2020-06-08,2022-10-09
A61781005,84.94,44,2020-05-03,2026-05-11
A61781005,122.85,9,2020-04-25,2024-09-11
A61781805,59.88,81,2020-04-14,2026-08-14
A61781805,84.9,119,2020-01-06,2026-09-19
A61781805,121.83,18,2020-03-03,2026-04-13
A61781807,59.7,81,2020-02-22,2026-09-03
A61781807,67.45,81,2020-02-12,2026-06-26
A61781807,76.33,12,2020-01-03,2026-01-06
A61781807,76.87,36,2020-01-10,2026-05-15
A61781807,84.97,48,2020-01-02,2026-05-21
A61781807,84.99,18,2020-04-16,2026-05-18
A61781808,47.37,136,2020-01-21,2026-09-07
A61781808,59.67,75,2020-01-28,2026-08-17
A61781808,59.99,101,2020-01-14,2026-06-03
A61781808,74.93,30,2020-06-06,2026-08-10
A61781808,78.84,119,2020-01-22,2026-08-20
A61783202,59.97,191,2020-01-18,2026-08-25
A61783202,84.97,52,2020-01-01,2026-06-24
A61783202,134.94,14,2020-09-18,2026-09-02
A61783202,164.85,16,2020-02-17,2026-09-02
A61783203,59.97,151,2020-03-28,2026-08-07
A61783203,84.97,55,2020-01-27,2026-04-30
A61783203,134.94,17,2020-02-22,2026-05-08
A61783203,164.85,11,2020-03-06,2026-07-28
A61783402,76.51,11,2020-05-27,2026-06-29
A61783402,84.99,90,2020-03-25,2026-07-17
A61783402,105.24,18,2020-02-15,2026-02-02
A61783402,109.64,8,2020-03-27,2025-12-11
A61783402,114.62,51,2020-05-06,2026-09-21
A61784208,59.98,64,2020-01-13,2026-08-14
A61784208,75.65,41,2020-01-02,2026-03-06
A61784208,84.97,65,2020-01-14,2026-09-09
A61784208,110.48,15,2020-03-13,2026-03-23
A61784208,134.99,7,2020-08-26,2026-01-24
A61784213,46.32,331,2020-01-04,2026-10-02
A61820001,84.93,72,2020-01-22,2026-02-04
A61820001,84.94,91,2020-02-01,2026-09-18
A61820001,101.88,64,2020-01-04,2026-07-11
A61820001,125.79,12,2020-01-18,2026-09-16
A61820001,126.77,18,2020-01-03,2026-07-03
A61820001,147.94,31,2020-03-13,2026-03-28
A61823002,59.93,44,2020-02-08,2026-04-24
A61823002,59.94,99,2020-01-13,2026-07-14
A61823002,59.95,48,2020-04-28,2026-09-30
A61823002,59.97,47,2020-06-06,2026-07-11
A61823002,59.98,237,2020-02-01,2026-08-12
A61829001,84.99,139,2020-01-11,2026-09-29
A61829001,97.37,53,2020-07-07,2026-09-07
A61829001,127.63,43,2020-06-04,2026-05-14
A61870404,84.85,79,2020-02-24,2026-08-25
A61870404,84.97,79,2020-01-09,2026-06-24
A61870404,101.4,47,2020-03-06,2026-07-04
A61870404,101.86,37,2020-03-02,2026-09-28
A61870404,116.02,9,2020-08-27,2025-11-29
A61870404,117.27,51,2020-01-10,2026-09-12
A61870404,144.5,25,2020-01-08,2025-07-25
A61870405,84.81,19,2020-06-12,2025-11-27
A61870405,84.84,42,2020-01-14,2026-09-13
A61870405,84.85,31,2020-03-01,2026-08-28
A61870405,84.97,40,2020-02-22,2026-03-25
A61870405,101.4,78,2020-01-05,2026-06-07
A61870405,101.86,14,2020-09-29,2026-02-23
A61870405,101.88,9,2023-01-03,2026-04-13
A61870405,116.02,11,2020-06-08,2025-08-07
A61870405,116.55,4,2020-06-27,2026-04-03
A61870405,117.27,45,2020-02-08,2026-02-11
A61870405,144.5,17,2020-02-01,2026-08-04
A61870405,232.09,1,2022-01-03,2022-01-03
A61870406,84.81,23,2020-07-21,2026-08-08
A61870406,84.84,18,2020-01-03,2026-05-08
A61870406,84.85,13,2020-03-12,2025-08-25
A61870406,84.97,12,2020-01-13,2025-12-27
A61870406,101.4,19,2020-07-05,2026-06-17
A61870406,101.86,13,2020-06-21,2025-05-29
A61870406,117.27,47,2020-03-02,2026-10-02
A61870406,144.5,11,2020-03-10,2024-04-13
A61870410,70.86,53,2020-02-10,2026-10-02
A61870410,84.97,101,2020-01-10,2026-07-05
A61870410,84.98,261,2020-01-14,2026-09-11
A61870410,127.79,19,2020-04-03,2026-07-27
A61870411,74.65,35,2020-04-18,2026-04-23
A61870411,74.74,19,2020-02-26,2025-12-22
A61870411,84.99,220,2020-01-10,2026-10-03
A61872201,147.1,6,2023-08-21,2026-09-06
A61872202,147.1,24,2021-05-08,2026-06-13
A61881402,84.97,122,2020-01-02,2026-09-12
A61881402,84.99,22,2020-01-11,2026-10-03
A61881402,101.92,51,2020-01-06,2026-08-13
A61881402,101.96,48,2020-01-09,2026-09-11
A61881402,101.99,17,2020-07-03,2026-09-14
A61881402,114.49,24,2020-01-20,2026-07-23
A61881402,133.77,43,2020-01-18,2026-05-12
A61881402,149.87,5,2020-10-26,2021-10-13
A61881402,202.34,1,2021-11-30,2021-11-30
A61970112,59.95,125,2020-02-15,2026-09-19
A61970112,84.03,5,2020-10-28,2024-11-20
A61970112,84.6,112,2020-02-04,2026-08-03
A61970112,84.69,21,2020-02-12,2026-05-13
A61970210,49.47,1,2020-08-07,2020-08-07
A61970210,59.98,80,2020-01-08,2026-06-13
A61970210,84.98,85,2020-01-30,2026-06-08
A61970210,130.04,11,2021-01-19,2026-01-26
A61970311,46.2,51,2020-03-05,2026-05-28
A61970311,59.83,108,2020-02-05,2026-09-22
A61970311,59.92,78,2020-03-31,2026-09-15
A61990108,71.72,31,2020-01-06,2026-09-08
A61990108,84.9,73,2020-01-02,2026-09-30
A61990108,84.92,38,2020-02-05,2026-07-03
A61990108,84.94,18,2020-04-27,2026-09-11
A61990108,84.97,37,2020-01-15,2026-03-21
A61990108,115.64,20,2020-05-01,2025-12-22
A61990108,119.89,1,2021-01-16,2021-01-16
A61990108,134.69,15,2020-05-06,2026-08-10
A61990110,59.88,178,2020-01-09,2026-09-15
A61990110,84.78,150,2020-01-11,2026-09-22
A61990110,84.88,65,2020-03-19,2026-06-20
A61990514,59.85,226,2020-01-30,2026-09-12
A61990514,84.98,145,2020-01-07,2026-08-07
A61990514,99.9,30,2020-03-09,2026-08-31
A61990609,32.76,22,2020-01-23,2025-05-11
A61990609,39.3,35,2020-02-03,2026-05-29
A61990609,39.69,48,2020-02-06,2026-06-19
A61990609,39.99,44,2020-03-13,2026-03-10
A61990609,42.48,11,2020-01-21,2026-04-26
A61996005,84.85,87,2020-02-12,2026-08-01
A61996005,84.9,20,2020-02-01,2026-07-28
A61996005,101.74,58,2020-01-04,2026-07-28
A61996005,122.42,8,2020-06-16,2025-08-15
A61996005,123.35,57,2020-01-06,2026-07-28
A61996005,146.81,24,2020-01-02,2026-06-10
A61996102,59.81,35,2020-02-14,2026-09-14
A61996102,59.83,48,2020-11-11,2026-08-18
A61996102,84.41,28,2020-05-06,2024-10-15
A61996102,84.53,7,2020-06-25,2025-04-25
A61996102,84.59,40,2020-04-16,2026-09-11
A61996102,84.73,6,2020-10-17,2023-12-08
A61996102,84.93,7,2020-02-21,2025-03-14
A61996102,84.99,21,2020-01-03,2026-07-03
A61996106,59.89,102,2020-01-09,2026-08-31
A61996106,59.99,53,2020-01-18,2026-05-15
A61996106,84.96,138,2020-02-10,2026-09-15
A61996107,59.49,2,2022-08-10,2025-03-28
A61996107,59.65,121,2020-01-09,2026-06-26
A61996107,59.82,107,2020-02-06,2026-10-04
A61996107,59.83,120,2020-01-11,2026-10-01
A61996107,74.25,47,2020-03-31,2026-09-08
A61996107,74.52,12,2020-01-18,2026-08-11
A61996107,84.87,171,2020-01-05,2026-09-24
A61996107,84.98,24,2020-03-07,2026-09-08
A61996107,84.99,166,2020-01-01,2026-09-21
A61996108,59.99,214,2020-01-03,2026-09-17
A61996108,79.6,89,2020-01-13,2026-08-08
A61996108,79.65,95,2020-01-04,2026-09-02
A61996109,101.58,66,2020-02-08,2026-08-31
A61996109,101.81,136,2020-01-31,2026-08-20
A61996109,127.26,77,2020-03-06,2026-09-05
A61996109,149.61,10,2020-01-01,2023-07-04
A61996110,59.93,245,2020-01-15,2026-10-05
A61996110,59.98,28,2020-08-17,2026-07-27
A61996110,78.53,72,2020-01-02,2026-05-16
A61996110,84.98,246,2020-01-13,2026-10-02
A61996111,59.99,220,2020-01-02,2026-10-03
A61996111,84.99,309,2020-01-10,2026-09-30
A61996114,65.93,22,2020-02-08,2026-06-27
A61996114,65.98,140,2020-02-26,2026-07-23
A61996114,75.57,83,2020-01-06,2026-09-18
A61996114,84.91,131,2020-01-11,2026-09-04
A61996114,84.99,64,2020-02-20,2026-09-18
A61996114,100.23,17,2020-07-06,2025-08-02
A61996114,100.76,93,2020-03-20,2026-08-06
A61996115,59.88,99,2020-04-25,2026-10-03
A61996115,84.92,57,2020-02-03,2026-09-29
A61996115,84.98,72,2020-01-13,2026-04-19
A61996204,84.98,100,2020-03-23,2026-09-12
A61996204,116.02,71,2020-01-02,2026-04-20
A61996204,132.24,36,2020-01-16,2025-12-19
A61996204,143.69,18,2020-01-30,2025-12-30
A61996204,166.18,33,2020-05-15,2026-09-21
A61996303,107.83,77,2020-04-11,2026-08-03
A61996303,110.33,20,2020-08-29,2026-09-17
A61996303,116.69,22,2020-06-23,2026-01-26
A61996303,138.22,15,2020-04-10,2026-03-14
A61996303,139.93,8,2020-02-24,2024-07-25
A61996303,140.11,19,2020-06-03,2025-12-05
A61996303,152.64,14,2020-01-13,2026-04-27
A61996306,109.3,43,2020-02-18,2026-03-30
A61996306,109.63,28,2020-02-03,2026-09-11
A61996306,110.13,16,2020-01-31,2026-06-03
A61996306,122.91,70,2020-01-20,2026-06-27
A61996306,123.48,47,2020-01-05,2026-07-16
A61996306,135.61,51,2020-01-06,2026-08-19
A61996306,147.13,18,2020-02-14,2026-09-29
A62106010,37.98,9,2020-11-27,2026-02-07
A62106010,60.08,263,2020-01-11,2026-08-29
A62107005,84.9814,197,2020-01-04,2026-06-24
A62107006,84.9814,202,2020-01-06,2026-10-06
A62107007,84.9814,215,2020-01-09,2026-10-01
A62107008,77.4926,76,2020-01-22,2026-07-25
A62107008,84.9902,118,2020-01-13,2026-07-18
A62107009,84.965,39,2020-01-06,2026-09-15
A62107009,101.967,97,2020-01-02,2026-07-26
A62107009,113.295,19,2020-04-07,2026-04-10
A62107009,119.974,49,2020-01-03,2026-08-10
A62107009,134.877,7,2020-09-26,2026-09-22
A62107010,84.9523,149,2020-02-05,2026-09-05
A62107010,84.9649,11,2020-10-07,2025-04-01
A62107010,123.6231,87,2020-01-02,2026-08-17
A62107010,129.0568,31,2020-05-16,2026-08-08
A62107013,59.6447,118,2020-01-04,2026-08-21
A62107013,75.4934,36,2020-03-12,2026-08-27
A62107013,84.9378,179,2020-01-07,2026-08-26
A62107014,84.9091,33,2020-06-17,2026-02-03
A62107014,96.5022,45,2020-02-03,2026-07-27
A62107014,100.8892,81,2020-02-11,2026-09-30
A62107014,124.2404,51,2020-03-11,2026-08-17
A62107014,136.9133,36,2020-02-10,2026-05-18
A62107014,149.5246,31,2020-01-06,2026-09-18
A62107015,77.0945,143,2020-01-11,2026-09-30
A62107015,84.9611,89,2020-01-03,2026-09-23
A62107015,84.9806,175,2020-01-21,2026-08-24
A62130001,64.7578,100,2020-01-16,2026-09-28
A62130001,64.7699,108,2020-05-15,2026-09-12
A62130001,84.9201,251,2020-02-01,2026-09-22
A62130001,84.9905,296,2020-01-12,2026-10-03
A62171357,59.88,297,2020-01-19,2026-09-19
A62171357,59.9,153,2020-01-16,2026-09-11
A62171462,47.382,765,2020-01-02,2026-10-01
A62172144,73.15,47,2020-02-09,2026-08-31
A62172144,84.78,61,2020-03-22,2026-07-27
A62172144,84.82,69,2020-02-11,2026-08-22
A62174801,49.842,515,2020-01-08,2026-10-01
A62174801,59.8404,98,2020-01-11,2026-10-06
A62175203,59.84,182,2020-01-01,2026-09-09
A62175203,84.75,33,2020-07-07,2026-08-24
A62175204,59.88,109,2020-02-02,2026-09-17
A62175204,71.64,13,2020-05-10,2025-07-25
A62175204,84.93,123,2020-02-05,2026-09-30
A62175205,59.99,268,2020-01-03,2026-08-22
A62175205,77.56,124,2020-02-07,2026-08-31
A62175205,84.54,140,2020-01-09,2026-09-12
A62175205,116.73,80,2020-01-07,2026-09-08
A62175205,140.34,33,2020-01-23,2026-04-12
A62175408,39.75,63,2020-03-24,2026-09-08
A62175408,49.89,183,2020-01-05,2026-09-19
A62175514,39.6,73,2020-04-04,2026-05-12
A62175514,49.35,96,2020-01-18,2026-09-17
A62175514,49.41,62,2020-02-25,2026-08-01
A62175514,49.56,118,2020-01-06,2026-09-22
A62175514,49.65,80,2020-01-13,2026-08-07
A62175514,59.54,74,2020-02-15,2026-09-03
A62175616,27.648,156,2020-01-18,2026-09-30
A62175616,59.82,82,2020-01-02,2026-08-24
A62175616,59.886,99,2020-01-06,2026-10-03
A62175616,59.946,530,2020-01-08,2026-10-03
A62175901,59.8434,53,2020-03-10,2026-10-03
A62175901,59.887,22,2020-05-13,2026-08-12
A62175901,59.9715,66,2020-01-27,2026-06-24
A62175901,82.1001,26,2020-08-20,2026-05-20
A62175901,84.5434,48,2020-02-03,2026-10-05
A62175901,84.9155,43,2020-05-15,2026-05-17
A62175902,73.1143,48,2020-01-19,2026-08-06
A62175902,84.9826,66,2020-01-04,2026-09-19
A62175902,84.9958,95,2020-01-09,2026-09-07
A62175902,113.711,16,2020-01-04,2026-04-21
A62175902,166.4302,3,2020-07-10,2026-09-18
A62175902,220.0302,1,2025-11-21,2025-11-21
A62175904,73.1143,79,2020-01-02,2026-09-07
A62175904,84.9826,28,2020-02-14,2026-06-02
A62175904,84.9958,40,2020-04-16,2026-09-18
A62175904,113.711,12,2020-05-28,2026-02-26
A62175904,166.4302,1,2022-05-25,2022-05-25
A62176006,84.93,36,2020-01-14,2026-08-24
A62176006,99.96,89,2020-01-13,2026-10-02
A62176006,134.81,4,2024-05-01,2025-09-18
A62176812,59.8404,64,2020-01-03,2026-06-27
A62176812,84.7888,247,2020-01-18,2026-09-13
A62177011,67.9598,82,2020-03-14,2026-10-05
A62177011,79.0658,62,2020-01-03,2026-07-06
A62177011,84.9741,120,2020-01-14,2026-08-22
A62177102,59.94,139,2020-03-31,2026-07-18
A62177105,59.96,236,2020-01-30,2026-08-21
A62177105,84.85,25,2020-04-26,2026-04-29
A62177203,74.14,54,2020-01-23,2026-06-08
A62177203,84.86,107,2020-01-11,2026-09-21
A62177203,115.7,15,2020-02-04,2025-06-28
A62177203,129.17,25,2020-06-01,2026-08-27
A62177204,58.91,37,2020-02-20,2026-09-03
A62177204,64.69,17,2020-02-08,2025-08-26
A62177204,73.93,34,2020-07-23,2026-09-04
A62177204,84.46,93,2020-03-01,2026-08-21
A62177204,84.66,49,2020-01-05,2026-08-31
A62177304,59.76,136,2020-01-10,2026-09-04
A62177304,84.83,117,2020-01-21,2026-07-04
A62177715,59.98,99,2020-01-07,2026-06-19
A62177715,72.33,56,2020-01-29,2026-09-11
A62177715,84.94,229,2020-01-02,2026-07-04
A62177715,99.93,54,2020-02-19,2026-06-06
A62177715,123.04,57,2020-01-21,2026-08-21
A62177909,74.08,39,2020-01-18,2026-08-09
A62177909,81.49,48,2020-02-11,2026-06-05
A62177909,84.98,50,2020-01-16,2026-10-05
A62177909,109.66,23,2020-01-29,2026-08-24
A62177909,124.04,11,2020-04-25,2024-05-17
A62177909,145.34,15,2020-07-09,2026-03-24
A62178002,59.4832,83,2020-01-03,2026-09-28
A62178002,67.6557,12,2020-10-23,2025-12-23
A62178002,80.0079,49,2020-04-06,2026-05-28
A62178002,80.7185,9,2020-12-29,2026-05-25
A62178003,59.76,85,2020-01-09,2026-09-08
A62178003,77.45,16,2020-02-17,2026-03-24
A62178003,84.56,3,2021-04-05,2025-03-29
A62178003,84.93,82,2020-01-10,2026-08-15
A62178003,84.99,12,2020-07-08,2026-06-25
A62178101,81.841,137,2020-01-02,2026-09-29
A62178101,84.983,41,2020-02-05,2026-09-24
A62178101,84.995,115,2020-01-21,2026-07-17
A62178101,114.902,12,2020-02-28,2025-11-10
A62178101,121.271,7,2020-06-12,2025-11-11
A62178101,139.206,13,2020-02-01,2025-09-01
A62178101,174.676,2,2020-11-29,2021-02-18
A62178101,181.777,2,2023-05-23,2023-12-06
A62178101,244.815,1,2024-07-17,2024-07-17
A62180009,74.129,38,2020-01-08,2026-07-25
A62180009,84.961,149,2020-02-20,2026-10-06
A62180009,84.9845,21,2020-02-26,2026-09-22
A62180010,73.0325,31,2020-02-18,2026-06-09
A62180010,84.3748,101,2020-01-11,2026-07-14
A62180010,84.9408,124,2020-01-04,2026-07-11
A62180010,121.0641,81,2020-02-22,2026-08-12
A62180011,75.8443,34,2020-02-15,2026-05-20
A62180011,84.4205,22,2020-01-10,2026-06-19
A62180011,84.9693,156,2020-01-05,2026-09-10
A62180011,84.9717,50,2020-03-11,2026-09-20
A62180011,84.9948,63,2020-01-04,2026-09-12
A62180012,59.9769,636,2020-01-03,2026-09-21
A62183136,84.752,172,2020-01-04,2026-09-05
A62183143,91.1558,24,2020-04-30,2026-03-25
A62183143,92.6737,74,2020-02-01,2026-08-18
A62183143,95.4645,25,2020-05-19,2026-06-17
A62183143,117.5613,12,2020-06-16,2026-06-11
A62183143,138.5842,39,2020-05-11,2026-03-29
A62183146,80.7474,209,2020-01-03,2026-08-31
A62183149,59.9888,302,2020-01-21,2026-09-21
A62183151,59.1074,349,2020-01-17,2026-09-07
A62183153,80.7474,300,2020-01-14,2026-09-28
A62183154,84.7888,252,2020-01-04,2026-09-28
A62183155,80.8839,323,2020-01-07,2026-08-18
A62183158,80.8839,429,2020-01-07,2026-10-01
A62183160,59.9888,685,2020-01-10,2026-09-16
A62183161,47.382,823,2020-01-10,2026-10-01
A62183165,84.9271,161,2020-01-07,2026-08-19
A62183165,84.9292,248,2020-01-18,2026-10-03
A62183166,84.9828,229,2020-02-01,2026-08-27
A62183166,84.9892,95,2020-03-08,2026-09-19
A62183166,84.9916,102,2020-01-19,2026-09-19
A62183169,84.847,159,2020-01-18,2026-09-03
A62183169,84.872,220,2020-01-04,2026-10-01
A62183169,84.977,119,2020-02-19,2026-10-01
A62183170,84.5337,51,2020-06-15,2026-10-04
A62183170,84.6577,91,2020-01-11,2026-09-14
A62183170,84.6945,46,2020-05-09,2026-07-16
A62183170,84.7932,21,2020-01-30,2026-09-19
A62183170,84.9631,20,2020-06-21,2026-07-22
A62183170,84.9646,47,2020-01-19,2026-09-07
A62183171,80.7474,239,2020-01-03,2026-10-04
A62183235,71.079,31,2020-02-01,2026-08-07
A62183235,84.974,153,2020-01-02,2026-09-11
A62183235,108.227,11,2020-01-08,2025-09-23
A62183237,84.9927,24,2020-01-11,2026-06-03
A62183237,119.721,30,2020-01-04,2026-05-31
A62183237,122.1103,34,2020-02-08,2026-06-23
A62183237,127.9765,14,2020-03-30,2026-06-22
A62183237,129.2394,34,2020-03-08,2026-08-27
A62183237,149.8192,30,2020-02-29,2026-06-24
A62183241,77.6642,23,2020-01-30,2026-05-11
A62183241,77.7424,23,2020-01-24,2026-06-23
A62183241,84.852,40,2020-01-07,2026-07-03
A62183241,84.9918,48,2020-02-10,2026-08-25
A62183241,84.9967,21,2020-07-14,2026-01-22
A62183241,119.6384,32,2020-01-29,2026-01-22
A62183241,138.5926,11,2020-01-02,2026-06-01
A62183338,47.64,1,2022-03-24,2022-03-24
A62183338,59.73,147,2020-01-11,2026-09-12
A62183338,74.82,39,2020-02-02,2026-07-29
A62183338,84.89,19,2020-05-13,2026-05-16
A62183339,80.8839,244,2020-01-08,2026-10-02
A62183340,80.7474,240,2020-01-12,2026-09-21
A62183352,47.382,359,2020-01-07,2026-10-02
A62183442,84.835,121,2020-02-26,2026-09-09
A62183442,84.866,160,2020-01-17,2026-09-05
A62183447,84.965,230,2020-01-08,2026-09-12
A62183447,84.986,40,2020-03-25,2026-09-12
A62183447,84.996,57,2020-01-09,2026-10-02
A62183459,107.9416,39,2020-01-21,2026-09-15
A62183459,108.7052,201,2020-01-16,2026-09-01
A62183459,128.5692,179,2020-01-03,2026-10-03
A62183459,130.6765,34,2020-04-04,2026-05-09
A62183459,153.0702,40,2020-03-31,2026-07-07
A62183459,163.0376,35,2020-03-28,2026-10-04
A62190006,49.88,136,2020-01-10,2026-08-26
A62190006,59.76,34,2020-01-22,2026-08-24
A62190007,41.85,213,2020-01-19,2026-10-02
A62190108,84.982,128,2020-01-20,2026-09-29
A62190108,127.1628,48,2020-02-25,2026-08-08
A62190108,155.586,46,2020-01-10,2026-07-23
A62190109,59.84,11,2020-02-24,2024-06-10
A62190109,59.99,191,2020-01-03,2026-08-11
A62190109,84.9,49,2020-01-10,2026-09-16
A62190111,49.915,182,2020-01-07,2026-10-03
A62190111,59.982,207,2020-01-02,2026-09-14
A62190112,59.779,552,2020-01-04,2026-09-19
A62190207,59.78,299,2020-02-20,2026-10-06
A62190308,100.0,77,2020-01-06,2026-08-04
A62190308,127.69,98,2020-04-07,2026-09-18
A62190308,164.97,17,2020-02-18,2026-09-11
A62190309,84.96,68,2020-01-11,2026-10-06
A62190309,99.85,26,2020-02-01,2025-11-08
A62190309,99.91,10,2020-09-23,2025-07-05
A62190309,134.78,4,2021-07-26,2023-07-03
A62190309,164.79,7,2020-11-27,2025-12-06
A62190505,59.2643,23,2020-01-13,2026-05-28
A62190505,59.8238,39,2020-03-27,2026-07-21
A62190505,84.416,45,2020-01-07,2026-05-23
A62190505,84.95,35,2020-01-16,2026-05-11
A62190510,59.67,85,2020-01-04,2026-09-15
A62190510,59.886,82,2020-02-11,2026-09-16
A62190510,84.996,102,2020-01-10,2026-08-28
A62191912,39.74,46,2020-03-25,2026-06-11
A62191912,59.99,502,2020-01-04,2026-09-29
A62192210,59.82,52,2020-01-07,2026-06-04
A62192210,59.958,247,2020-01-06,2026-09-28
A62192213,59.63,207,2020-01-02,2026-09-04
A62192213,59.8,275,2020-01-06,2026-09-30
A62605002,59.79,77,2020-01-06,2026-08-07
A62605002,59.99,30,2020-05-08,2026-02-21
A62605002,77.22,42,2020-01-04,2026-07-23
A62605002,84.88,28,2020-02-22,2026-04-02
A62605002,84.99,56,2020-02-03,2026-09-28
A62605002,99.32,3,2020-11-19,2023-09-04
A62605002,99.63,8,2020-05-26,2024-03-06
A62605002,134.8,9,2020-11-20,2026-05-11
A62611004,59.84,194,2020-02-04,2026-07-03
A62611005,70.524,14,2020-02-15,2026-05-26
A62611005,84.8633,99,2020-01-02,2026-07-31
A62611005,84.9991,12,2020-04-03,2026-03-21
A62611005,119.8754,11,2020-04-30,2026-06-04
A62613003,38.64,534,2020-01-09,2026-09-30
A62613003,41.3,46,2020-01-15,2026-07-20
A62613003,44.94,266,2020-01-06,2026-09-14
A62613003,49.94,107,2020-01-06,2026-08-18
A62621003,75.36,79,2020-01-02,2026-07-24
A62621003,84.88,74,2020-01-14,2026-08-18
A62621003,84.94,77,2020-01-06,2026-09-02
A62621003,84.98,90,2020-01-06,2025-11-15
A62621003,109.41,42,2020-03-04,2026-09-04
A62625002,84.7328,39,2020-01-22,2026-03-05
A62625002,84.76,34,2020-05-14,2026-06-24
A62625002,84.8492,106,2020-01-10,2026-10-03
A62625002,117.9996,35,2020-02-15,2026-07-07
A62628004,59.54,152,2020-01-15,2026-08-25
A62628004,59.92,144,2020-01-08,2026-07-22
A62628004,84.95,31,2020-02-22,2026-05-08
A62630001,84.9811,41,2020-01-03,2026-09-28
A62630001,84.9813,41,2020-03-30,2026-07-04
A62630001,84.9879,143,2020-01-01,2026-09-09
A62630001,120.1437,7,2020-07-23,2024-04-18
A62631001,39.96,131,2020-02-19,2026-09-04
A62631001,49.92,165,2020-01-03,2026-04-27
A62631001,59.4,41,2020-01-29,2026-08-31
A62632011,75.0751,69,2020-02-08,2026-05-29
A62632011,84.9364,87,2020-02-15,2026-07-15
A62632011,126.4196,26,2020-04-13,2026-09-15
A62632011,153.4985,18,2020-05-08,2026-09-03
A62670501,49.8,1082,2020-01-04,2026-10-01
A62670501,59.95,127,2020-01-22,2026-08-08
A62670601,65.56,50,2020-05-08,2026-09-05
A62670601,83.18,92,2020-02-21,2026-09-15
A62670601,100.73,26,2020-01-10,2026-02-11
A62670601,113.91,30,2020-02-02,2026-08-26
A62671203,58.73,17,2020-04-08,2026-02-07
A62671203,59.765,107,2020-01-28,2026-07-02
A62671203,73.37,44,2020-01-23,2026-09-10
A62671203,83.32,13,2021-01-11,2025-10-31
A62671203,83.45,52,2020-01-16,2026-10-02
A62671203,105.23,28,2020-02-16,2026-04-22
A62672012,59.9853,277,2020-01-08,2026-09-29
A62672012,74.4657,45,2020-01-09,2026-06-29
A62672012,84.93,44,2020-02-03,2026-03-03
A62672306,75.6961,62,2020-01-11,2026-08-20
A62672306,84.96,77,2020-02-15,2026-07-07
A62672306,84.963,154,2020-01-20,2026-09-15
A62672404,45.066,4,2020-03-29,2026-06-17
A62672404,59.983,106,2020-01-13,2026-10-02
A62672404,74.657,27,2020-01-06,2026-06-03
A62672404,84.994,109,2020-01-08,2026-09-28
A62675301,84.8894,112,2020-01-08,2026-07-08
A62675301,84.9474,19,2020-02-21,2026-08-12
A62675402,111.555,70,2020-02-07,2026-07-06
A62675402,135.825,13,2020-01-10,2025-03-28
A62675614,58.84,125,2020-02-25,2026-08-15
A62675614,67.88,38,2020-03-04,2026-08-03
A62675614,74.53,59,2020-04-06,2026-08-12
A62675614,84.66,53,2020-02-10,2025-12-06
A62675614,116.5,27,2020-12-05,2026-07-09
A62675713,58.84,145,2020-01-18,2026-09-02
A62675713,67.88,14,2020-04-25,2026-01-07
A62675713,74.53,36,2020-05-20,2026-10-02
A62675713,82.6,20,2020-07-21,2025-05-02
A62675713,83.99,8,2020-11-30,2026-07-12
A62675713,84.66,39,2020-01-09,2026-01-28
A62675713,116.5,29,2020-02-01,2026-09-06
A62675804,59.97,39,2020-02-29,2026-07-14
A62675804,59.98,79,2020-01-07,2026-08-19
A62675804,70.41,13,2020-06-16,2025-02-20
A62675804,70.8,45,2020-01-23,2026-09-29
A62675804,84.88,13,2020-02-01,2026-06-25
A62675804,84.91,42,2020-02-03,2026-09-13
A62675804,85.0,39,2020-01-18,2026-09-29
A62675804,117.63,17,2020-01-06,2024-03-30
A62675804,164.86,3,2020-10-27,2020-11-19
A62676203,59.9648,141,2020-01-20,2026-09-17
A62676203,59.9775,21,2020-02-22,2026-05-19
A62676203,84.9813,99,2020-01-17,2026-09-21
A62676305,84.88,242,2020-01-04,2026-07-24
A62676305,114.69,59,2020-01-06,2026-08-12
A62676402,51.49,81,2020-02-24,2026-06-25
A62676402,59.79,85,2020-01-03,2026-05-28
A62676402,59.92,142,2020-01-16,2026-09-18
A62676504,73.202,91,2020-01-21,2026-07-11
A62676504,84.982,100,2020-01-18,2026-09-28
A62676903,55.68,11,2020-12-05,2025-07-19
A62677203,39.86,76,2020-01-11,2026-08-27
A62677203,49.53,23,2020-06-21,2026-06-03
A62677203,49.58,42,2020-03-08,2026-08-19
A62677203,49.6,93,2020-01-13,2026-09-13
A62677203,59.55,157,2020-02-05,2026-09-14
A62677203,59.61,39,2020-04-28,2026-07-28
A62677203,59.78,17,2020-07-28,2026-09-18
A62677518,39.715,65,2020-03-19,2026-05-18
A62677518,49.98,201,2020-01-10,2026-09-15
A62677518,59.63,97,2020-02-22,2026-08-12
A62677518,59.8,46,2020-02-29,2026-04-20
A62677716,60.49,22,2020-04-23,2025-06-19
A62677716,60.75,136,2020-02-08,2026-08-13
A62677716,75.02,71,2020-01-16,2026-07-25
A62677716,84.837,75,2020-01-04,2026-09-11
A62678407,59.97,72,2020-01-13,2026-06-24
A62678407,83.82,9,2021-05-09,2026-06-12
A62678407,84.96,58,2020-02-06,2026-09-30
A62678407,117.66,29,2020-01-28,2026-10-01
A62678407,141.78,12,2020-04-17,2025-09-19
A62678507,59.773,364,2020-01-03,2026-10-05
A62678507,84.843,179,2020-01-13,2026-08-12
A62681102,59.969,124,2020-01-13,2026-08-22
A62681102,84.839,138,2020-01-13,2026-09-20
A62681102,84.84,35,2020-03-07,2026-08-04
A62681102,84.941,35,2020-01-18,2026-04-19
A62681102,84.976,27,2020-04-11,2026-07-31
A62681102,115.093,90,2020-01-06,2026-09-15
A62681102,131.083,21,2020-03-28,2026-02-25
A62681104,59.9747,252,2020-01-10,2026-09-07
A62681104,59.9768,64,2020-01-05,2026-07-18
A62681104,59.9915,73,2020-01-23,2026-05-30
A62681105,63.3596,79,2020-02-27,2026-09-23
A62681105,63.7425,41,2021-10-02,2026-08-15
A62681105,63.743,31,2020-01-07,2021-11-30
A62681105,84.9356,14,2022-12-03,2026-10-05
A62681105,84.936,3,2020-01-31,2020-05-04
A62681105,84.9727,41,2021-12-11,2026-09-19
A62681105,84.973,40,2020-01-07,2021-11-05
A62681106,59.9991,166,2020-01-08,2026-09-29
A62681106,75.5426,52,2020-02-28,2026-07-31
A62681106,84.9286,80,2020-02-06,2026-10-05
A62681106,84.9894,173,2020-01-17,2026-10-02
A62681107,59.9486,121,2020-01-03,2026-08-28
A62681107,59.9551,93,2020-01-22,2026-10-02
A62681107,59.9568,93,2020-01-02,2026-07-20
A62681108,59.9711,43,2020-02-12,2026-09-29
A62681108,59.9948,132,2020-01-02,2026-09-18
A62681108,84.9409,104,2020-01-13,2026-07-29
A62681108,84.9973,132,2020-01-28,2026-09-23
A62681108,109.1609,53,2020-01-12,2026-06-17
A62681108,109.4143,33,2020-01-03,2026-06-05
A62681109,59.9674,272,2020-01-07,2026-09-19
A62681109,59.9781,136,2020-01-07,2026-09-03
A62681411,59.9958,60,2020-01-28,2026-04-26
A62681411,84.9603,115,2020-01-08,2026-10-02
A62681411,117.7025,40,2020-01-27,2026-02-02
A62681412,59.909,98,2020-01-16,2026-06-25
A62681412,84.917,53,2020-01-27,2026-06-13
A62681412,84.9965,37,2020-02-17,2026-07-31
A62681412,120.0806,19,2020-03-25,2026-08-31
A62681414,59.9093,87,2020-01-13,2026-09-02
A62681414,84.7602,42,2020-02-09,2026-08-12
A62681414,84.9673,31,2020-07-02,2026-09-15
A62681414,116.4111,8,2020-01-13,2026-08-21
A62681414,128.5994,34,2020-05-27,2026-08-06
A62681414,167.1752,3,2020-02-28,2021-03-10
A62681414,184.1897,2,2020-03-01,2021-08-27
A62681415,59.981,109,2020-02-26,2026-10-03
A62681415,84.989,76,2020-01-04,2026-10-03
A62681415,84.991,29,2020-02-22,2025-10-29
A62681415,104.594,49,2020-01-02,2026-08-15
A62681415,123.483,38,2020-02-04,2026-01-27
A62681417,59.94,45,2020-01-18,2026-06-11
A62681417,59.95,76,2020-02-18,2026-07-06
A62681417,84.67,27,2020-01-13,2026-05-19
A62681417,84.99,130,2020-01-02,2026-09-18
A62681417,101.97,56,2020-02-14,2026-06-29
A62681417,118.2,49,2020-03-06,2026-09-02
A62682103,59.9748,17,2020-02-14,2026-09-28
A62682103,84.952,159,2020-02-06,2026-09-28
A62682104,59.79,213,2020-01-02,2026-09-19
A62682104,84.97,62,2020-02-13,2026-04-13
A62682106,59.8148,47,2020-12-07,2026-09-16
A62682106,59.815,41,2020-02-12,2021-10-09
A62682106,84.583,7,2020-03-14,2021-08-29
A62682106,84.5834,12,2022-03-19,2026-09-29
A62682106,84.8306,36,2020-11-10,2026-09-29
A62682106,84.831,36,2020-01-16,2022-01-22
A62682106,84.879,11,2020-01-19,2021-12-07
A62682106,84.8792,14,2022-02-21,2026-07-11
A62682106,104.6645,22,2022-01-22,2026-05-30
A62682106,104.665,17,2020-03-31,2021-09-18
A62682106,125.577,15,2020-01-02,2021-07-21
A62682106,125.5771,4,2022-06-21,2026-02-14
A62682106,140.903,25,2020-02-04,2021-10-25
A62682106,140.9031,4,2020-11-03,2026-06-23
A62682108,59.576,53,2020-01-30,2021-12-19
A62682108,59.5761,60,2022-03-19,2026-09-09
A62682108,84.694,82,2020-01-29,2026-09-05
A62682108,84.7856,15,2020-07-10,2026-08-11
A62682108,84.786,26,2020-02-06,2021-09-24
A62682108,84.9626,23,2022-04-22,2026-09-14
A62682108,84.963,18,2020-02-10,2021-10-07
A62682108,86.006,32,2020-03-09,2026-02-11
A62682109,59.9702,120,2020-04-02,2026-09-28
A62682109,59.9814,69,2020-01-30,2026-08-26
A62682109,84.9464,30,2020-05-28,2026-03-10
A62682109,84.9891,16,2020-02-23,2025-12-05
A62683605,59.3538,342,2020-01-09,2026-08-11
A62683607,59.3538,363,2020-01-14,2026-09-20
A62683703,84.9246,181,2020-01-11,2026-05-11
A62683704,80.4587,265,2020-01-16,2026-09-28
A62684810,49.8472,18,2020-01-06,2026-08-12
A62684810,52.7968,4,2020-06-12,2026-04-13
A62684810,59.6913,158,2020-02-10,2026-09-13
A62684815,59.7375,27,2020-08-19,2026-09-14
A62684815,84.9568,524,2020-01-02,2026-10-03
