month,kapt_code,complex_name,sigungu,dong,households,confirmed_households,priced_households,household_coverage,price_coverage,share_3m,share_6m,share_12m,market_cap_krw,partial_cap_krw,per_household_krw,market_cap_1m_krw,small_sample_1m,grade,reason,composition_hash,method_signature,historical_limit,initial_history_short,input_hash,rules_hash,master_hash,run_id,executed_at
2026-08,A10024328,동대신역비스타동원아파트,서구,동대신동1가,503.0,503.0,456.0,1.0,0.9065606361829026,0.36779324055666,0.0536779324055666,0.4850894632206759,,210785000000.0,,,True,산정 불완전,일부 평형 시세 미확보,535b3d41869b3644d3d1d8ddc01ff0ee7504efe014ca3b6c65eaf498f7336c03,"[[""exclusive_39.74"", ""median_6m""], [""exclusive_59.99"", ""median_3m""], [""exclusive_73.9"", ""median_12m""], [""exclusive_74.45"", ""unavailable""], [""exclusive_84.42"", ""median_12m""], [""exclusive_84.51"", ""median_12m""]]",현재 확보 자료로 재구성한 과거 추정치; 과거 세대 구성 미확인,False,280f7d0e7fe3d77e331defd7c10a1e4ffa5613eef0cc5839a2e0577f7aec6e30,1091c5d184bcf9b91e3d9318fa973ff01654ae42254ef840d7e7e1bde84395dc,d597e904ed1d78cbf16030d78df157aa647b070edb5809456e7ad6bed7762d81,c1583b28b6b23ad3ecd9022f,2026-09-22T08:56:15.669340+09:00
2026-08,A10024875,동대신동 브라운스톤하이포레아파트,서구,동대신동3가,554.0,524.0,497.0,0.9458483754512635,0.8971119133574007,0.0,0.5126353790613718,0.3844765342960289,,237888000000.0,,,True,산정 불완전,평형 세대수 합계 불일치; 일부 평형 시세 미확보,ae5dabff83cc358cce1d225cd68f2713ca8d10690774929b552ebc7156c3cec9,"[[""exclusive_59.92"", ""small_sample""], [""exclusive_59.96"", ""median_12m""], [""exclusive_74.44"", ""median_12m""], [""exclusive_74.9"", ""median_12m""], [""exclusive_74.43"", ""unavailable""], [""exclusive_84.95"", ""median_6m""], [""exclusive_84.94"", ""median_6m""]]",현재 확보 자료로 재구성한 과거 추정치; 과거 세대 구성 미확인,False,280f7d0e7fe3d77e331defd7c10a1e4ffa5613eef0cc5839a2e0577f7aec6e30,1091c5d184bcf9b91e3d9318fa973ff01654ae42254ef840d7e7e1bde84395dc,d597e904ed1d78cbf16030d78df157aa647b070edb5809456e7ad6bed7762d81,c1583b28b6b23ad3ecd9022f,2026-09-22T08:56:15.669340+09:00
2026-08,A10026034,대신푸르지오아파트,서구,서대신동1가,959.0,932.0,864.0,0.9718456725755996,0.9009384775808134,0.6037539103232534,0.11678832116788321,0.18039624608967675,,505794600000.0,,,True,산정 불완전,평형 세대수 합계 불일치; 일부 평형 시세 미확보,3c8c6423f6afbc8fa3ded2cdfe444f136e02a89f56a36e93baf086c80b1c0e23,"[[""exclusive_39.93"", ""median_12m""], [""exclusive_59.87"", ""small_sample""], [""exclusive_74.61"", ""median_12m""], [""exclusive_84.72"", ""median_6m""], [""exclusive_84.65"", ""median_3m""], [""exclusive_84.94"", ""median_3m""], [""exclusive_102.79"", ""median_3m""], [""exclusive_115.82"", ""unavailable""]]",현재 확보 자료로 재구성한 과거 추정치; 과거 세대 구성 미확인,False,280f7d0e7fe3d77e331defd7c10a1e4ffa5613eef0cc5839a2e0577f7aec6e30,1091c5d184bcf9b91e3d9318fa973ff01654ae42254ef840d7e7e1bde84395dc,d597e904ed1d78cbf16030d78df157aa647b070edb5809456e7ad6bed7762d81,c1583b28b6b23ad3ecd9022f,2026-09-22T08:56:15.669340+09:00
2026-08,A10024535,대신2차푸르지오,서구,서대신동2가,815.0,783.0,783.0,0.9607361963190184,0.9607361963190184,0.294478527607362,0.6662576687116565,0.0,,451948000000.0,,,True,산정 불완전,평형 세대수 합계 불일치,3bf75e780957b2bc68467216d588955bc470383ea0425cd53bbd360035695c99,"[[""exclusive_39.53"", ""median_6m""], [""exclusive_59.92"", ""median_6m""], [""exclusive_72.53"", ""median_6m""], [""exclusive_84.95"", ""median_3m""], [""exclusive_84.92"", ""median_6m""], [""exclusive_98.65"", ""median_6m""]]",현재 확보 자료로 재구성한 과거 추정치; 과거 세대 구성 미확인,False,280f7d0e7fe3d77e331defd7c10a1e4ffa5613eef0cc5839a2e0577f7aec6e30,1091c5d184bcf9b91e3d9318fa973ff01654ae42254ef840d7e7e1bde84395dc,d597e904ed1d78cbf16030d78df157aa647b070edb5809456e7ad6bed7762d81,c1583b28b6b23ad3ecd9022f,2026-09-22T08:56:15.669340+09:00
2026-08,A10028182,대신롯데캐슬아파트,서구,서대신동3가,753.0,673.0,594.0,0.8937583001328021,0.7888446215139442,0.0,0.2549800796812749,0.5338645418326693,,261996500000.0,,,True,산정 불완전,평형 세대수 합계 불일치; 일부 평형 시세 미확보,5520a466db8003bc2570a53a496a6b500c585f56b09c3c94fe183e347ac45c8f,"[[""exclusive_59.88"", ""median_12m""], [""exclusive_84.78"", ""median_6m""], [""exclusive_84.99"", ""median_12m""], [""exclusive_102.78"", ""small_sample""], [""exclusive_129.71"", ""unavailable""]]",현재 확보 자료로 재구성한 과거 추정치; 과거 세대 구성 미확인,False,280f7d0e7fe3d77e331defd7c10a1e4ffa5613eef0cc5839a2e0577f7aec6e30,1091c5d184bcf9b91e3d9318fa973ff01654ae42254ef840d7e7e1bde84395dc,d597e904ed1d78cbf16030d78df157aa647b070edb5809456e7ad6bed7762d81,c1583b28b6b23ad3ecd9022f,2026-09-22T08:56:15.669340+09:00
2026-08,A10022985,경동포레스트힐 행복주택 아미,서구,아미동2가,767.0,0.0,0.0,0.0,0.0,0.0,0.0,0.0,,,,,True,산정 불완전,평형별 세대수 보완 필요; 임대·혼합단지 분양 세대수 미확인,c38eb7731a2edbf2c405dc922468ded84aa651100a03e86668e60fb8b6b0b8e7,[],현재 확보 자료로 재구성한 과거 추정치; 과거 세대 구성 미확인,False,280f7d0e7fe3d77e331defd7c10a1e4ffa5613eef0cc5839a2e0577f7aec6e30,1091c5d184bcf9b91e3d9318fa973ff01654ae42254ef840d7e7e1bde84395dc,d597e904ed1d78cbf16030d78df157aa647b070edb5809456e7ad6bed7762d81,c1583b28b6b23ad3ecd9022f,2026-09-22T08:56:15.669340+09:00
2026-08,A60275201,남부민풀리페,서구,남부민동,782.0,0.0,0.0,0.0,0.0,0.0,0.0,0.0,,,,,True,산정 불완전,평형별 세대수 보완 필요; 임대·혼합단지 분양 세대수 미확인,c38eb7731a2edbf2c405dc922468ded84aa651100a03e86668e60fb8b6b0b8e7,[],현재 확보 자료로 재구성한 과거 추정치; 과거 세대 구성 미확인,False,280f7d0e7fe3d77e331defd7c10a1e4ffa5613eef0cc5839a2e0577f7aec6e30,1091c5d184bcf9b91e3d9318fa973ff01654ae42254ef840d7e7e1bde84395dc,d597e904ed1d78cbf16030d78df157aa647b070edb5809456e7ad6bed7762d81,c1583b28b6b23ad3ecd9022f,2026-09-22T08:56:15.669340+09:00
2026-08,A10023963,부산항일동미라주더오션아파트,동구,좌천동,546.0,546.0,0.0,1.0,0.0,0.0,0.0,0.0,,,,,True,산정 불완전,일부 평형 시세 미확보,ef3bc5cf93c99dd565e9e60dee94511b3d93f5c98baaa3891bcfd9d39a14bafe,"[[""exclusive_59.93"", ""unavailable""], [""exclusive_73.82"", ""unavailable""], [""exclusive_73.63"", ""unavailable""], [""exclusive_84.87"", ""unavailable""], [""exclusive_74.77"", ""unavailable""]]",현재 확보 자료로 재구성한 과거 추정치; 과거 세대 구성 미확인,False,280f7d0e7fe3d77e331defd7c10a1e4ffa5613eef0cc5839a2e0577f7aec6e30,1091c5d184bcf9b91e3d9318fa973ff01654ae42254ef840d7e7e1bde84395dc,d597e904ed1d78cbf16030d78df157aa647b070edb5809456e7ad6bed7762d81,c1583b28b6b23ad3ecd9022f,2026-09-22T08:56:15.669340+09:00
2026-08,A60106002,두산위브포세이돈Ⅱ,동구,범일동,690.0,690.0,618.0,1.0,0.8956521739130435,0.0,0.1246376811594203,0.7710144927536232,,301730000000.0,,,True,산정 불완전,일부 평형 시세 미확보,6ba8ef783015fb0a993699ef14645450752e1266abc82c0e08f3c9e471dfa161,"[[""exclusive_84.95"", ""small_sample""], [""exclusive_84.98"", ""median_12m""], [""exclusive_84.99"", ""median_12m""], [""exclusive_127"", ""small_sample""], [""exclusive_127.05"", ""unavailable""], [""exclusive_127.24"", ""median_12m""], [""exclusive_127.29"", ""small_sample""], [""exclusive_150.59"", ""median_6m""], [""exclusive_225.83"", ""unavailable""], [""exclusive_227.27"", ""unavailable""]]",현재 확보 자료로 재구성한 과거 추정치; 과거 세대 구성 미확인,False,280f7d0e7fe3d77e331defd7c10a1e4ffa5613eef0cc5839a2e0577f7aec6e30,1091c5d184bcf9b91e3d9318fa973ff01654ae42254ef840d7e7e1bde84395dc,d597e904ed1d78cbf16030d78df157aa647b070edb5809456e7ad6bed7762d81,c1583b28b6b23ad3ecd9022f,2026-09-22T08:56:15.669340+09:00
2026-08,A60681702,영선동반도보라아파트,영도구,영선동4가,868.0,868.0,820.0,1.0,0.9447004608294931,0.0,0.3870967741935484,0.5576036866359447,,249362000000.0,,,True,산정 불완전,일부 평형 시세 미확보,c01cb0832f7b0413799ac7265783f50cbe91d0db096a6cb8e64807161dbe87ba,"[[""exclusive_59.7"", ""median_6m""], [""exclusive_84.81"", ""median_12m""], [""exclusive_99.96"", ""median_12m""], [""exclusive_134.82"", ""small_sample""], [""exclusive_167.66"", ""unavailable""]]",현재 확보 자료로 재구성한 과거 추정치; 과거 세대 구성 미확인,False,280f7d0e7fe3d77e331defd7c10a1e4ffa5613eef0cc5839a2e0577f7aec6e30,1091c5d184bcf9b91e3d9318fa973ff01654ae42254ef840d7e7e1bde84395dc,d597e904ed1d78cbf16030d78df157aa647b070edb5809456e7ad6bed7762d81,c1583b28b6b23ad3ecd9022f,2026-09-22T08:56:15.669340+09:00
2026-08,A60675801,미광마린타워아파트,영도구,봉래동2가,676.0,676.0,494.0,1.0,0.7307692307692307,0.0,0.0,0.7307692307692307,,188634000000.0,,,True,산정 불완전,일부 평형 시세 미확보,d95d31ba447355c81d6fdd21b1157fea74c466c0d2cfd3b1518b848d4f7b3a14,"[[""exclusive_84.78"", ""median_12m""], [""exclusive_84.92"", ""small_sample""], [""exclusive_122.74"", ""unavailable""], [""exclusive_149.22"", ""small_sample""], [""exclusive_189.85"", ""unavailable""]]",현재 확보 자료로 재구성한 과거 추정치; 과거 세대 구성 미확인,False,280f7d0e7fe3d77e331defd7c10a1e4ffa5613eef0cc5839a2e0577f7aec6e30,1091c5d184bcf9b91e3d9318fa973ff01654ae42254ef840d7e7e1bde84395dc,d597e904ed1d78cbf16030d78df157aa647b070edb5809456e7ad6bed7762d81,c1583b28b6b23ad3ecd9022f,2026-09-22T08:56:15.669340+09:00
2026-08,A10024303,영도 센트럴 에일린의뜰,영도구,봉래동4가,1216.0,1216.0,1152.0,1.0,0.9473684210526315,0.5526315789473685,0.10855263157894737,0.28618421052631576,,515339500000.0,,,True,산정 불완전,일부 평형 시세 미확보,8db5d5738a97c43ab49343a8b9f59c4f8158ef6b4b6b247a0ea84ada9db6baff,"[[""exclusive_39.9"", ""unavailable""], [""exclusive_39.97"", ""unavailable""], [""exclusive_49.95"", ""small_sample""], [""exclusive_59.97"", ""median_3m""], [""exclusive_72.38"", ""small_sample""], [""exclusive_72.9"", ""median_12m""], [""exclusive_84.94"", ""median_6m""], [""exclusive_84.88"", ""median_3m""], [""exclusive_84.95"", ""small_sample""], [""exclusive_84.97"", ""median_12m""], [""exclusive_102.96"", ""small_sample""]]",현재 확보 자료로 재구성한 과거 추정치; 과거 세대 구성 미확인,False,280f7d0e7fe3d77e331defd7c10a1e4ffa5613eef0cc5839a2e0577f7aec6e30,1091c5d184bcf9b91e3d9318fa973ff01654ae42254ef840d7e7e1bde84395dc,d597e904ed1d78cbf16030d78df157aa647b070edb5809456e7ad6bed7762d81,c1583b28b6b23ad3ecd9022f,2026-09-22T08:56:15.669340+09:00
2026-08,A60607003,신영도롯데낙천대,영도구,청학동,528.0,528.0,492.0,1.0,0.9318181818181818,0.4431818181818182,0.0,0.48863636363636365,,88779000000.0,,,True,산정 불완전,일부 평형 시세 미확보,8b0216dd94661064bf80016002cff41185ea317cca32e877d6252016ef100ae8,"[[""exclusive_59.96"", ""median_12m""], [""exclusive_74.46"", ""unavailable""], [""exclusive_84.97"", ""median_3m""], [""exclusive_101.79"", ""small_sample""]]",현재 확보 자료로 재구성한 과거 추정치; 과거 세대 구성 미확인,False,280f7d0e7fe3d77e331defd7c10a1e4ffa5613eef0cc5839a2e0577f7aec6e30,1091c5d184bcf9b91e3d9318fa973ff01654ae42254ef840d7e7e1bde84395dc,d597e904ed1d78cbf16030d78df157aa647b070edb5809456e7ad6bed7762d81,c1583b28b6b23ad3ecd9022f,2026-09-22T08:56:15.669340+09:00
2026-08,A10022267,오션라이프에일린의 뜰,영도구,동삼동,1228.0,1228.0,1164.0,1.0,0.9478827361563518,0.43485342019543977,0.2719869706840391,0.24104234527687296,,486876000000.0,,,True,산정 불완전,임대·혼합단지 분양 세대수 미확인; 일부 평형 시세 미확보,92ec9a0dbc61afd689970148bb0e9f7f350a41aedac5438c4c934f69dd3b1274,"[[""exclusive_38.5"", ""median_3m""], [""exclusive_59.76"", ""median_12m""], [""exclusive_74.97"", ""small_sample""], [""exclusive_74.96"", ""median_6m""], [""exclusive_84.89"", ""small_sample""], [""exclusive_84.93"", ""median_3m""], [""exclusive_101.99"", ""unavailable""]]",현재 확보 자료로 재구성한 과거 추정치; 과거 세대 구성 미확인,False,280f7d0e7fe3d77e331defd7c10a1e4ffa5613eef0cc5839a2e0577f7aec6e30,1091c5d184bcf9b91e3d9318fa973ff01654ae42254ef840d7e7e1bde84395dc,d597e904ed1d78cbf16030d78df157aa647b070edb5809456e7ad6bed7762d81,c1583b28b6b23ad3ecd9022f,2026-09-22T08:56:15.669340+09:00
2026-08,A60608002,조양비취맨션,영도구,동삼동,630.0,628.0,324.0,0.9968253968253968,0.5142857142857142,0.0,0.0,0.5142857142857142,,30360000000.0,,,True,산정 불완전,평형 세대수 합계 불일치; 일부 평형 시세 미확보,7808b65913683d0c55e3da7b6b6fe3c2f82be5cb2591d6795d0260a60fca7585,"[[""exclusive_48.45"", ""unavailable""], [""exclusive_52.05"", ""unavailable""], [""exclusive_53.85"", ""median_12m""], [""exclusive_56.01"", ""unavailable""], [""exclusive_58.8"", ""unavailable""], [""exclusive_61.05"", ""unavailable""], [""exclusive_66.09"", ""small_sample""], [""exclusive_84.45"", ""unavailable""]]",현재 확보 자료로 재구성한 과거 추정치; 과거 세대 구성 미확인,False,280f7d0e7fe3d77e331defd7c10a1e4ffa5613eef0cc5839a2e0577f7aec6e30,1091c5d184bcf9b91e3d9318fa973ff01654ae42254ef840d7e7e1bde84395dc,d597e904ed1d78cbf16030d78df157aa647b070edb5809456e7ad6bed7762d81,c1583b28b6b23ad3ecd9022f,2026-09-22T08:56:15.669340+09:00
2026-08,A60608303,동삼그린힐,영도구,동삼동,2088.0,2088.0,0.0,1.0,0.0,0.0,0.0,0.0,,,,,True,산정 불완전,일부 평형 시세 미확보,ff7eba9c22c7d882ec2b5d35cd7e220bacaf675b250f4b33cda945f3fe9afbf5,"[[""exclusive_41.3"", ""unavailable""], [""exclusive_49.94"", ""unavailable""], [""exclusive_58.46"", ""unavailable""]]",현재 확보 자료로 재구성한 과거 추정치; 과거 세대 구성 미확인,False,280f7d0e7fe3d77e331defd7c10a1e4ffa5613eef0cc5839a2e0577f7aec6e30,1091c5d184bcf9b91e3d9318fa973ff01654ae42254ef840d7e7e1bde84395dc,d597e904ed1d78cbf16030d78df157aa647b070edb5809456e7ad6bed7762d81,c1583b28b6b23ad3ecd9022f,2026-09-22T08:56:15.669340+09:00
2026-08,A60670101,도시공사동삼2지구영구임대아파트,영도구,동삼동,1120.0,0.0,0.0,0.0,0.0,0.0,0.0,0.0,,,,,True,산정 불완전,평형별 세대수 보완 필요; 임대·혼합단지 분양 세대수 미확인,c38eb7731a2edbf2c405dc922468ded84aa651100a03e86668e60fb8b6b0b8e7,[],현재 확보 자료로 재구성한 과거 추정치; 과거 세대 구성 미확인,False,280f7d0e7fe3d77e331defd7c10a1e4ffa5613eef0cc5839a2e0577f7aec6e30,1091c5d184bcf9b91e3d9318fa973ff01654ae42254ef840d7e7e1bde84395dc,d597e904ed1d78cbf16030d78df157aa647b070edb5809456e7ad6bed7762d81,c1583b28b6b23ad3ecd9022f,2026-09-22T08:56:15.669340+09:00
2026-08,A60676104,부산동삼1,영도구,동삼동,976.0,0.0,0.0,0.0,0.0,0.0,0.0,0.0,,,,,True,산정 불완전,평형별 세대수 보완 필요; 임대·혼합단지 분양 세대수 미확인,c38eb7731a2edbf2c405dc922468ded84aa651100a03e86668e60fb8b6b0b8e7,[],현재 확보 자료로 재구성한 과거 추정치; 과거 세대 구성 미확인,False,280f7d0e7fe3d77e331defd7c10a1e4ffa5613eef0cc5839a2e0577f7aec6e30,1091c5d184bcf9b91e3d9318fa973ff01654ae42254ef840d7e7e1bde84395dc,d597e904ed1d78cbf16030d78df157aa647b070edb5809456e7ad6bed7762d81,c1583b28b6b23ad3ecd9022f,2026-09-22T08:56:15.669340+09:00
2026-08,A60676205,부산동삼2주공,영도구,동삼동,1968.0,0.0,0.0,0.0,0.0,0.0,0.0,0.0,,,,,True,산정 불완전,평형별 세대수 보완 필요; 임대·혼합단지 분양 세대수 미확인,c38eb7731a2edbf2c405dc922468ded84aa651100a03e86668e60fb8b6b0b8e7,[],현재 확보 자료로 재구성한 과거 추정치; 과거 세대 구성 미확인,False,280f7d0e7fe3d77e331defd7c10a1e4ffa5613eef0cc5839a2e0577f7aec6e30,1091c5d184bcf9b91e3d9318fa973ff01654ae42254ef840d7e7e1bde84395dc,d597e904ed1d78cbf16030d78df157aa647b070edb5809456e7ad6bed7762d81,c1583b28b6b23ad3ecd9022f,2026-09-22T08:56:15.669340+09:00
2026-08,A10020870,양정자이더샵SKVIEW,부산진구,양정동,2276.0,2276.0,1636.0,1.0,0.718804920913884,0.18233743409490333,0.0,0.5364674868189807,,1291747500000.0,,,True,산정 불완전,임대·혼합단지 분양 세대수 미확인; 일부 평형 시세 미확보,b510238e40e4219d40dfb3cab29c59215a7912e17b66c5e937578d6e94983a99,"[[""exclusive_39.56"", ""unavailable""], [""exclusive_46.25"", ""unavailable""], [""exclusive_59.97"", ""median_3m""], [""exclusive_72.37"", ""unavailable""], [""exclusive_72.27"", ""unavailable""], [""exclusive_72.38"", ""small_sample""], [""exclusive_84.92"", ""small_sample""], [""exclusive_84.89"", ""small_sample""], [""exclusive_100.94"", ""small_sample""]]",현재 확보 자료로 재구성한 과거 추정치; 과거 세대 구성 미확인,False,280f7d0e7fe3d77e331defd7c10a1e4ffa5613eef0cc5839a2e0577f7aec6e30,1091c5d184bcf9b91e3d9318fa973ff01654ae42254ef840d7e7e1bde84395dc,d597e904ed1d78cbf16030d78df157aa647b070edb5809456e7ad6bed7762d81,c1583b28b6b23ad3ecd9022f,2026-09-22T08:56:15.669340+09:00
2026-08,A10023040,양정 포레힐즈 스위첸,부산진구,양정동,1338.0,1262.0,1262.0,0.9431988041853513,0.9431988041853513,0.695067264573991,0.15994020926756353,0.08819133034379671,,901185989840.0,,,True,산정 불완전,평형 세대수 합계 불일치,106897b1a0bb18b6666f111c8d7d84260a42cdf55a773c16c9c079cb110c5e30,"[[""exclusive_59.93"", ""median_3m""], [""exclusive_59.99"", ""median_6m""], [""exclusive_73.84"", ""median_6m""], [""exclusive_73.96"", ""median_12m""], [""exclusive_84.99"", ""median_3m""], [""exclusive_84.97"", ""median_3m""], [""exclusive_102.93"", ""median_12m""], [""exclusive_102.98"", ""nearest_exclusive_area_unit_price""]]",현재 확보 자료로 재구성한 과거 추정치; 과거 세대 구성 미확인,False,280f7d0e7fe3d77e331defd7c10a1e4ffa5613eef0cc5839a2e0577f7aec6e30,1091c5d184bcf9b91e3d9318fa973ff01654ae42254ef840d7e7e1bde84395dc,d597e904ed1d78cbf16030d78df157aa647b070edb5809456e7ad6bed7762d81,c1583b28b6b23ad3ecd9022f,2026-09-22T08:56:15.669340+09:00
2026-08,A61479902,대원칸타빌멤버스,부산진구,양정동,840.0,840.0,768.0,1.0,0.9142857142857143,0.24285714285714285,0.18571428571428572,0.4857142857142857,,366115000000.0,,,True,산정 불완전,일부 평형 시세 미확보,3fc2a770ccbe62c01667a9440be935b9c40f88fd7acdb0ca6640f3e0042f0201,"[[""exclusive_84.81"", ""median_6m""], [""exclusive_84.85"", ""median_3m""], [""exclusive_84.86"", ""small_sample""], [""exclusive_110.93"", ""median_12m""], [""exclusive_109.54"", ""unavailable""], [""exclusive_118.61"", ""median_12m""], [""exclusive_130.34"", ""small_sample""]]",현재 확보 자료로 재구성한 과거 추정치; 과거 세대 구성 미확인,False,280f7d0e7fe3d77e331defd7c10a1e4ffa5613eef0cc5839a2e0577f7aec6e30,1091c5d184bcf9b91e3d9318fa973ff01654ae42254ef840d7e7e1bde84395dc,d597e904ed1d78cbf16030d78df157aa647b070edb5809456e7ad6bed7762d81,c1583b28b6b23ad3ecd9022f,2026-09-22T08:56:15.669340+09:00
2026-08,A10023625,e편한세상 시민공원 아파트,부산진구,전포동,1401.0,1401.0,1329.0,1.0,0.9486081370449678,0.6538187009279086,0.0,0.29478943611705927,,932847000000.0,,,True,산정 불완전,일부 평형 시세 미확보,c3e8fe7c7dd2a7892fe521610591c61b52c73739e44a1a609b5531a8660a4342,"[[""exclusive_59.96"", ""median_12m""], [""exclusive_59.98"", ""median_3m""], [""exclusive_59.99"", ""small_sample""], [""exclusive_74.66"", ""small_sample""], [""exclusive_74.51"", ""median_12m""], [""exclusive_84.7"", ""small_sample""], [""exclusive_84.99"", ""median_3m""], [""exclusive_84.94"", ""median_3m""], [""exclusive_84.98"", ""median_12m""], [""exclusive_99.83"", ""small_sample""], [""exclusive_99.81"", ""median_12m""], [""exclusive_107.86"", ""median_12m""], [""exclusive_39.42"", ""unavailable""]]",현재 확보 자료로 재구성한 과거 추정치; 과거 세대 구성 미확인,False,280f7d0e7fe3d77e331defd7c10a1e4ffa5613eef0cc5839a2e0577f7aec6e30,1091c5d184bcf9b91e3d9318fa973ff01654ae42254ef840d7e7e1bde84395dc,d597e904ed1d78cbf16030d78df157aa647b070edb5809456e7ad6bed7762d81,c1583b28b6b23ad3ecd9022f,2026-09-22T08:56:15.669340+09:00
2026-08,A10024602,서면아이파크아파트,부산진구,전포동,2144.0,2144.0,2032.0,1.0,0.9477611940298507,0.7994402985074627,0.12220149253731344,0.026119402985074626,,1261954000000.0,,,True,산정 불완전,일부 평형 시세 미확보,34300adae8e5b93982888dd833d65907e1e6e0a1b1e6880feb53c5c7b7398a72,"[[""exclusive_42.68"", ""median_3m""], [""exclusive_52.6"", ""median_3m""], [""exclusive_59.78"", ""median_3m""], [""exclusive_65.1"", ""unavailable""], [""exclusive_72.71"", ""median_6m""], [""exclusive_72.74"", ""median_6m""], [""exclusive_72.58"", ""median_3m""], [""exclusive_84.93"", ""median_3m""], [""exclusive_84.72"", ""median_3m""], [""exclusive_101.41"", ""small_sample""], [""exclusive_36.76"", ""unavailable""]]",현재 확보 자료로 재구성한 과거 추정치; 과거 세대 구성 미확인,False,280f7d0e7fe3d77e331defd7c10a1e4ffa5613eef0cc5839a2e0577f7aec6e30,1091c5d184bcf9b91e3d9318fa973ff01654ae42254ef840d7e7e1bde84395dc,d597e904ed1d78cbf16030d78df157aa647b070edb5809456e7ad6bed7762d81,c1583b28b6b23ad3ecd9022f,2026-09-22T08:56:15.669340+09:00
2026-08,A10025901,부산전포동 사랑으로 부영아파트,부산진구,전포동,500.0,0.0,0.0,0.0,0.0,0.0,0.0,0.0,,,,,True,산정 불완전,평형별 세대수 보완 필요; 임대·혼합단지 분양 세대수 미확인,c38eb7731a2edbf2c405dc922468ded84aa651100a03e86668e60fb8b6b0b8e7,[],현재 확보 자료로 재구성한 과거 추정치; 과거 세대 구성 미확인,False,280f7d0e7fe3d77e331defd7c10a1e4ffa5613eef0cc5839a2e0577f7aec6e30,1091c5d184bcf9b91e3d9318fa973ff01654ae42254ef840d7e7e1bde84395dc,d597e904ed1d78cbf16030d78df157aa647b070edb5809456e7ad6bed7762d81,c1583b28b6b23ad3ecd9022f,2026-09-22T08:56:15.669340+09:00
2026-08,A10027340,전포LH아파트,부산진구,전포동,794.0,0.0,0.0,0.0,0.0,0.0,0.0,0.0,,,,,True,산정 불완전,평형별 세대수 보완 필요; 임대·혼합단지 분양 세대수 미확인,c38eb7731a2edbf2c405dc922468ded84aa651100a03e86668e60fb8b6b0b8e7,[],현재 확보 자료로 재구성한 과거 추정치; 과거 세대 구성 미확인,False,280f7d0e7fe3d77e331defd7c10a1e4ffa5613eef0cc5839a2e0577f7aec6e30,1091c5d184bcf9b91e3d9318fa973ff01654ae42254ef840d7e7e1bde84395dc,d597e904ed1d78cbf16030d78df157aa647b070edb5809456e7ad6bed7762d81,c1583b28b6b23ad3ecd9022f,2026-09-22T08:56:15.669340+09:00
2026-08,A61477302,서면유림노르웨이아침,부산진구,전포동,512.0,512.0,414.0,1.0,0.80859375,0.0,0.52734375,0.28125,,23487500000.0,,,True,산정 불완전,일부 평형 시세 미확보,5ee03eff85e724c112d186c03548e25012304408d9a96956018217544751d096,"[[""exclusive_28.8"", ""small_sample""], [""exclusive_30.49"", ""median_6m""], [""exclusive_33.74"", ""unavailable""], [""exclusive_38.53"", ""unavailable""], [""exclusive_39.82"", ""small_sample""], [""exclusive_41.76"", ""unavailable""], [""exclusive_44.64"", ""small_sample""], [""exclusive_45.15"", ""unavailable""], [""exclusive_46.33"", ""unavailable""], [""exclusive_60.99"", ""unavailable""], [""exclusive_64.23"", ""unavailable""]]",현재 확보 자료로 재구성한 과거 추정치; 과거 세대 구성 미확인,False,280f7d0e7fe3d77e331defd7c10a1e4ffa5613eef0cc5839a2e0577f7aec6e30,1091c5d184bcf9b91e3d9318fa973ff01654ae42254ef840d7e7e1bde84395dc,d597e904ed1d78cbf16030d78df157aa647b070edb5809456e7ad6bed7762d81,c1583b28b6b23ad3ecd9022f,2026-09-22T08:56:15.669340+09:00
2026-08,A61403001,서면센트럴스타,부산진구,부전동,1360.0,1360.0,1120.0,1.0,0.8235294117647058,0.0,0.14411764705882352,0.6794117647058824,,806579500000.0,,,True,산정 불완전,일부 평형 시세 미확보,59af42a2733e625d93bc634380bc4621f578fdb7181361212c1bf4ff5411de17,"[[""exclusive_103.23"", ""unavailable""], [""exclusive_103.9"", ""median_12m""], [""exclusive_105.5"", ""median_6m""], [""exclusive_109.18"", ""median_12m""], [""exclusive_116.25"", ""unavailable""], [""exclusive_118.39"", ""median_12m""], [""exclusive_119.08"", ""small_sample""], [""exclusive_121.21"", ""small_sample""], [""exclusive_125.12"", ""small_sample""], [""exclusive_126.26"", ""small_sample""], [""exclusive_130.25"", ""median_12m""], [""exclusive_129.96"", ""unavailable""], [""exclusive_141.7"", ""small_sample""], [""exclusive_142.62"", ""unavailable""], [""exclusive_144.35"", ""unavailable""], [""exclusive_149.21"", ""median_6m""], [""exclusive_153.16"", ""small_sample""], [""exclusive_154.28"", ""median_12m""], [""exclusive_154.46"", ""unavailable""], [""exclusive_156.89"", ""unavailable""], [""exclusive_156.99"", ""median_12m""], [""exclusive_157.92"", ""small_sample""], [""exclusive_155.82"", ""unavailable""], [""exclusive_175.85"", ""small_sample""], [""exclusive_180.36"", ""unavailable""], [""exclusive_183.68"", ""unavailable""], [""exclusive_183.41"", ""unavailable""], [""exclusive_181.99"", ""unavailable""], [""exclusive_191.38"", ""unavailable""], [""exclusive_194.54"", ""unavailable""], [""exclusive_199.58"", ""unavailable""], [""exclusive_199.09"", ""unavailable""], [""exclusive_200.86"", ""unavailable""], [""exclusive_202.41"", ""unavailable""], [""exclusive_210.17"", ""unavailable""], [""exclusive_241.89"", ""unavailable""], [""exclusive_242.67"", ""unavailable""]]",현재 확보 자료로 재구성한 과거 추정치; 과거 세대 구성 미확인,False,280f7d0e7fe3d77e331defd7c10a1e4ffa5613eef0cc5839a2e0577f7aec6e30,1091c5d184bcf9b91e3d9318fa973ff01654ae42254ef840d7e7e1bde84395dc,d597e904ed1d78cbf16030d78df157aa647b070edb5809456e7ad6bed7762d81,c1583b28b6b23ad3ecd9022f,2026-09-22T08:56:15.669340+09:00
2026-08,A61402003,서면베르빌2,부산진구,범천동,606.0,606.0,478.0,1.0,0.7887788778877888,0.0,0.33993399339933994,0.44884488448844884,,24124000000.0,,,True,산정 불완전,일부 평형 시세 미확보,c48734f30a469420c8db134cdb1232a5b7b8f372ea14a20ccdea8d7710862f8e,"[[""exclusive_22.28"", ""small_sample""], [""exclusive_23"", ""unavailable""], [""exclusive_23.88"", ""median_6m""], [""exclusive_24.3"", ""unavailable""], [""exclusive_24.59"", ""small_sample""], [""exclusive_28.62"", ""small_sample""], [""exclusive_29.03"", ""small_sample""], [""exclusive_31.14"", ""small_sample""], [""exclusive_32.58"", ""unavailable""], [""exclusive_39.06"", ""small_sample""], [""exclusive_56.23"", ""unavailable""]]",현재 확보 자료로 재구성한 과거 추정치; 과거 세대 구성 미확인,False,280f7d0e7fe3d77e331defd7c10a1e4ffa5613eef0cc5839a2e0577f7aec6e30,1091c5d184bcf9b91e3d9318fa973ff01654ae42254ef840d7e7e1bde84395dc,d597e904ed1d78cbf16030d78df157aa647b070edb5809456e7ad6bed7762d81,c1583b28b6b23ad3ecd9022f,2026-09-22T08:56:15.669340+09:00
2026-08,A61476004,범천LH,부산진구,범천동,533.0,0.0,0.0,0.0,0.0,0.0,0.0,0.0,,,,,True,산정 불완전,평형별 세대수 보완 필요; 임대·혼합단지 분양 세대수 미확인,c38eb7731a2edbf2c405dc922468ded84aa651100a03e86668e60fb8b6b0b8e7,[],현재 확보 자료로 재구성한 과거 추정치; 과거 세대 구성 미확인,False,280f7d0e7fe3d77e331defd7c10a1e4ffa5613eef0cc5839a2e0577f7aec6e30,1091c5d184bcf9b91e3d9318fa973ff01654ae42254ef840d7e7e1bde84395dc,d597e904ed1d78cbf16030d78df157aa647b070edb5809456e7ad6bed7762d81,c1583b28b6b23ad3ecd9022f,2026-09-22T08:56:15.669340+09:00
2026-08,A10023616,래미안 어반파크,부산진구,연지동,2616.0,2484.0,2350.0,0.9495412844036697,0.8983180428134556,0.827217125382263,0.045871559633027525,0.02522935779816514,,1788702500000.0,,,True,산정 불완전,평형 세대수 합계 불일치; 일부 평형 시세 미확보,d6600d5aba35ce09f5f1530f67826ad961c576738a278e5595462696025da260,"[[""exclusive_51.95"", ""unavailable""], [""exclusive_51.93"", ""unavailable""], [""exclusive_51.91"", ""unavailable""], [""exclusive_59.76"", ""median_3m""], [""exclusive_74.97"", ""median_3m""], [""exclusive_84.94"", ""median_3m""], [""exclusive_84.89"", ""median_3m""], [""exclusive_84.85"", ""median_3m""], [""exclusive_84.86"", ""median_3m""], [""exclusive_91.36"", ""unavailable""], [""exclusive_99.88"", ""unavailable""], [""exclusive_99.64"", ""small_sample""], [""exclusive_110.42"", ""unavailable""], [""exclusive_111.53"", ""unavailable""], [""exclusive_114.84"", ""median_6m""], [""exclusive_117.92"", ""unavailable""], [""exclusive_121.33"", ""unavailable""], [""exclusive_121.61"", ""unavailable""], [""exclusive_122.59"", ""small_sample""], [""exclusive_123.74"", ""unavailable""], [""exclusive_124.88"", ""unavailable""], [""exclusive_125.8"", ""unavailable""], [""exclusive_126.91"", ""small_sample""], [""exclusive_132.96"", ""unavailable""]]",현재 확보 자료로 재구성한 과거 추정치; 과거 세대 구성 미확인,False,280f7d0e7fe3d77e331defd7c10a1e4ffa5613eef0cc5839a2e0577f7aec6e30,1091c5d184bcf9b91e3d9318fa973ff01654ae42254ef840d7e7e1bde84395dc,d597e904ed1d78cbf16030d78df157aa647b070edb5809456e7ad6bed7762d81,c1583b28b6b23ad3ecd9022f,2026-09-22T08:56:15.669340+09:00
2026-08,A61478901,연지자이2차,부산진구,연지동,1011.0,940.0,940.0,0.9297725024727992,0.9297725024727992,0.5934718100890207,0.08506429277942631,0.2512363996043521,,475418000000.0,,,True,산정 불완전,평형 세대수 합계 불일치,a87ccad323dc3416c9074c2e498fc818e9d7847b3be1b101789296d652f2d069,"[[""exclusive_39.98"", ""small_sample""], [""exclusive_59.9"", ""median_3m""], [""exclusive_59.74"", ""median_12m""], [""exclusive_84.92"", ""median_3m""], [""exclusive_100.14"", ""median_6m""], [""exclusive_117.61"", ""median_12m""], [""exclusive_127.25"", ""median_12m""], [""exclusive_149.6"", ""small_sample""]]",현재 확보 자료로 재구성한 과거 추정치; 과거 세대 구성 미확인,False,280f7d0e7fe3d77e331defd7c10a1e4ffa5613eef0cc5839a2e0577f7aec6e30,1091c5d184bcf9b91e3d9318fa973ff01654ae42254ef840d7e7e1bde84395dc,d597e904ed1d78cbf16030d78df157aa647b070edb5809456e7ad6bed7762d81,c1583b28b6b23ad3ecd9022f,2026-09-22T08:56:15.669340+09:00
2026-08,A10022574,초읍하늘채포레스원아파트,부산진구,초읍동,756.0,716.0,716.0,0.9470899470899471,0.9470899470899471,0.4722222222222222,0.4748677248677249,0.0,,413478500000.0,,,True,산정 불완전,평형 세대수 합계 불일치,5bdad83e6cd8d4b1fdf8da2fa2dd5e15e86c5156fd847b0acbee437bcc66766d,"[[""exclusive_59.94"", ""median_6m""], [""exclusive_59.99"", ""median_3m""], [""exclusive_84.96"", ""median_3m""]]",현재 확보 자료로 재구성한 과거 추정치; 과거 세대 구성 미확인,False,280f7d0e7fe3d77e331defd7c10a1e4ffa5613eef0cc5839a2e0577f7aec6e30,1091c5d184bcf9b91e3d9318fa973ff01654ae42254ef840d7e7e1bde84395dc,d597e904ed1d78cbf16030d78df157aa647b070edb5809456e7ad6bed7762d81,c1583b28b6b23ad3ecd9022f,2026-09-22T08:56:15.669340+09:00
2026-08,A10020721,백양산서희스타힐스(백양산서희스타힐스),부산진구,부암동,1295.0,1295.0,1169.0,1.0,0.9027027027027027,0.35135135135135137,0.47413127413127415,0.07722007722007722,,457813380000.0,,,True,산정 불완전,일부 평형 시세 미확보,f5a1f2c005635c8947603ab8191de334c9cb20c522b531acff84cd6dd64db3f3,"[[""exclusive_59.94"", ""median_3m""], [""exclusive_59.95"", ""small_sample""], [""exclusive_65.09"", ""median_6m""], [""exclusive_84.98"", ""median_6m""], [""exclusive_84.9"", ""unavailable""]]",현재 확보 자료로 재구성한 과거 추정치; 과거 세대 구성 미확인,False,280f7d0e7fe3d77e331defd7c10a1e4ffa5613eef0cc5839a2e0577f7aec6e30,1091c5d184bcf9b91e3d9318fa973ff01654ae42254ef840d7e7e1bde84395dc,d597e904ed1d78cbf16030d78df157aa647b070edb5809456e7ad6bed7762d81,c1583b28b6b23ad3ecd9022f,2026-09-22T08:56:15.669340+09:00
2026-08,A10022844,롯데캐슬라센트,부산진구,부암동,2195.0,2079.0,2079.0,0.9471526195899772,0.9471526195899772,0.7899772209567198,0.0,0.1571753986332574,,1100968000000.0,,,True,산정 불완전,평형 세대수 합계 불일치,0e09bfa8be390e7e7375a5894755f8c52b0d61812ad6ce368db95eff4265bd32,"[[""exclusive_59.02"", ""median_3m""], [""exclusive_59.2"", ""median_3m""], [""exclusive_72.13"", ""median_12m""], [""exclusive_84.8"", ""median_3m""], [""exclusive_101.89"", ""small_sample""], [""exclusive_101.92"", ""small_sample""]]",현재 확보 자료로 재구성한 과거 추정치; 과거 세대 구성 미확인,False,280f7d0e7fe3d77e331defd7c10a1e4ffa5613eef0cc5839a2e0577f7aec6e30,1091c5d184bcf9b91e3d9318fa973ff01654ae42254ef840d7e7e1bde84395dc,d597e904ed1d78cbf16030d78df157aa647b070edb5809456e7ad6bed7762d81,c1583b28b6b23ad3ecd9022f,2026-09-22T08:56:15.669340+09:00
2026-08,A10026861,서면동일파크스위트3차아파트,부산진구,부암동,727.0,727.0,682.0,1.0,0.938101788170564,0.32737276478679506,0.3356258596973865,0.2751031636863824,,290758000000.0,,,True,산정 불완전,일부 평형 시세 미확보,72592ff9537a45307f076c68b97962920a9cf827cd1056f266e5fb5f3c9a42c6,"[[""exclusive_39.86"", ""small_sample""], [""exclusive_67.88"", ""median_6m""], [""exclusive_79.93"", ""median_12m""], [""exclusive_79.78"", ""small_sample""], [""exclusive_84.97"", ""median_3m""], [""exclusive_110.82"", ""unavailable""]]",현재 확보 자료로 재구성한 과거 추정치; 과거 세대 구성 미확인,False,280f7d0e7fe3d77e331defd7c10a1e4ffa5613eef0cc5839a2e0577f7aec6e30,1091c5d184bcf9b91e3d9318fa973ff01654ae42254ef840d7e7e1bde84395dc,d597e904ed1d78cbf16030d78df157aa647b070edb5809456e7ad6bed7762d81,c1583b28b6b23ad3ecd9022f,2026-09-22T08:56:15.669340+09:00
2026-08,A10028147,서면동일파크스위트1차아파트,부산진구,부암동,751.0,751.0,702.0,1.0,0.9347536617842876,0.5805592543275633,0.1051930758988016,0.24900133155792276,,270657500000.0,,,True,산정 불완전,일부 평형 시세 미확보,4b777de19bfd24d621677088fbec5b3e1dd473a10c9a381f1ec97ed88b2c6f90,"[[""exclusive_67.8"", ""median_6m""], [""exclusive_67.96"", ""unavailable""], [""exclusive_68.61"", ""unavailable""], [""exclusive_67.95"", ""median_12m""], [""exclusive_79.42"", ""median_12m""], [""exclusive_79.27"", ""small_sample""], [""exclusive_79.7"", ""small_sample""], [""exclusive_84.99"", ""median_3m""], [""exclusive_100.86"", ""unavailable""], [""exclusive_110.34"", ""unavailable""]]",현재 확보 자료로 재구성한 과거 추정치; 과거 세대 구성 미확인,False,280f7d0e7fe3d77e331defd7c10a1e4ffa5613eef0cc5839a2e0577f7aec6e30,1091c5d184bcf9b91e3d9318fa973ff01654ae42254ef840d7e7e1bde84395dc,d597e904ed1d78cbf16030d78df157aa647b070edb5809456e7ad6bed7762d81,c1583b28b6b23ad3ecd9022f,2026-09-22T08:56:15.669340+09:00
2026-08,A61409002,서면쌍용스윗닷홈스카이,부산진구,부암동,544.0,544.0,466.0,1.0,0.8566176470588235,0.2849264705882353,0.14338235294117646,0.42830882352941174,,221635000000.0,,,True,산정 불완전,일부 평형 시세 미확보,3a2e6babfd09ac0c22dd1a0b45c45b2c48971117a9ed9a25b347007b790ca4e9,"[[""exclusive_84.83"", ""unavailable""], [""exclusive_84.98"", ""median_12m""], [""exclusive_84.9"", ""median_3m""], [""exclusive_107.63"", ""median_12m""], [""exclusive_125.98"", ""median_6m""]]",현재 확보 자료로 재구성한 과거 추정치; 과거 세대 구성 미확인,False,280f7d0e7fe3d77e331defd7c10a1e4ffa5613eef0cc5839a2e0577f7aec6e30,1091c5d184bcf9b91e3d9318fa973ff01654ae42254ef840d7e7e1bde84395dc,d597e904ed1d78cbf16030d78df157aa647b070edb5809456e7ad6bed7762d81,c1583b28b6b23ad3ecd9022f,2026-09-22T08:56:15.669340+09:00
2026-08,A61409004,타워베르빌,부산진구,부암동,704.0,566.0,566.0,0.8039772727272727,0.8039772727272727,0.0,0.0,0.8039772727272727,,168150000000.0,,,True,산정 불완전,평형 세대수 합계 불일치,5ce0e83ddcb7f19f503043b53ba161235855457c4dd31bc531b2324d21bf2dc4,"[[""exclusive_61.35"", ""small_sample""], [""exclusive_81.29"", ""median_12m""], [""exclusive_84.81"", ""median_12m""], [""exclusive_84.93"", ""median_12m""], [""exclusive_84.95"", ""small_sample""], [""exclusive_84.97"", ""small_sample""], [""exclusive_95.19"", ""small_sample""]]",현재 확보 자료로 재구성한 과거 추정치; 과거 세대 구성 미확인,False,280f7d0e7fe3d77e331defd7c10a1e4ffa5613eef0cc5839a2e0577f7aec6e30,1091c5d184bcf9b91e3d9318fa973ff01654ae42254ef840d7e7e1bde84395dc,d597e904ed1d78cbf16030d78df157aa647b070edb5809456e7ad6bed7762d81,c1583b28b6b23ad3ecd9022f,2026-09-22T08:56:15.669340+09:00
2026-08,A61409302,당감뜨란채아파트,부산진구,부암동,630.0,630.0,571.0,1.0,0.9063492063492063,0.9063492063492063,0.0,0.0,,94005000000.0,,,True,산정 불완전,일부 평형 시세 미확보,adb39752ceae3fb1691c8fff2a7cb13ad8eca09d0c9aa4ceefdd15bb2b46c178,"[[""exclusive_51.63"", ""median_3m""], [""exclusive_59.98"", ""median_3m""], [""exclusive_59.99"", ""unavailable""], [""exclusive_84.96"", ""unavailable""], [""exclusive_84.8"", ""unavailable""]]",현재 확보 자료로 재구성한 과거 추정치; 과거 세대 구성 미확인,False,280f7d0e7fe3d77e331defd7c10a1e4ffa5613eef0cc5839a2e0577f7aec6e30,1091c5d184bcf9b91e3d9318fa973ff01654ae42254ef840d7e7e1bde84395dc,d597e904ed1d78cbf16030d78df157aa647b070edb5809456e7ad6bed7762d81,c1583b28b6b23ad3ecd9022f,2026-09-22T08:56:15.669340+09:00
2026-08,A61479403,백양산쌍용스윗닷홈아파트,부산진구,부암동,718.0,718.0,588.0,1.0,0.8189415041782729,0.0,0.745125348189415,0.07381615598885793,,172864500000.0,,,True,산정 불완전,일부 평형 시세 미확보,01fb8da85c551504c00c52438ade09a8d81671f2db2f7cff69a178238db122c9,"[[""exclusive_94.41"", ""median_6m""], [""exclusive_95.04"", ""median_12m""], [""exclusive_116.84"", ""unavailable""]]",현재 확보 자료로 재구성한 과거 추정치; 과거 세대 구성 미확인,False,280f7d0e7fe3d77e331defd7c10a1e4ffa5613eef0cc5839a2e0577f7aec6e30,1091c5d184bcf9b91e3d9318fa973ff01654ae42254ef840d7e7e1bde84395dc,d597e904ed1d78cbf16030d78df157aa647b070edb5809456e7ad6bed7762d81,c1583b28b6b23ad3ecd9022f,2026-09-22T08:56:15.669340+09:00
2026-08,A61484004,협성피닉스아파트,부산진구,부암동,774.0,774.0,696.0,1.0,0.8992248062015504,0.0,0.0,0.8992248062015504,,163740000000.0,,,True,산정 불완전,일부 평형 시세 미확보,6822e96667f260a87f03b80f97346cb0343d32754c5512adf16d61ce12124441,"[[""exclusive_84.41"", ""unavailable""], [""exclusive_84.78"", ""median_12m""], [""exclusive_84.9"", ""small_sample""], [""exclusive_125.85"", ""small_sample""], [""exclusive_147.24"", ""unavailable""], [""exclusive_148.35"", ""small_sample""], [""exclusive_149.47"", ""unavailable""], [""exclusive_158.95"", ""small_sample""], [""exclusive_164.29"", ""small_sample""], [""exclusive_174.19"", ""small_sample""]]",현재 확보 자료로 재구성한 과거 추정치; 과거 세대 구성 미확인,False,280f7d0e7fe3d77e331defd7c10a1e4ffa5613eef0cc5839a2e0577f7aec6e30,1091c5d184bcf9b91e3d9318fa973ff01654ae42254ef840d7e7e1bde84395dc,d597e904ed1d78cbf16030d78df157aa647b070edb5809456e7ad6bed7762d81,c1583b28b6b23ad3ecd9022f,2026-09-22T08:56:15.669340+09:00
2026-08,A61410304,서면삼익아파트,부산진구,당감동,1074.0,1074.0,991.0,1.0,0.9227188081936686,0.0,0.11266294227188083,0.8100558659217877,,319956000000.0,,,True,산정 불완전,일부 평형 시세 미확보,af55ba50004d0bd342292724725c92cd2d7be0d44a4b84a907f2edeeb50d4ed2,"[[""exclusive_44.76"", ""median_6m""], [""exclusive_64.44"", ""small_sample""], [""exclusive_64.43"", ""unavailable""], [""exclusive_79.95"", ""median_12m""], [""exclusive_92.74"", ""unavailable""], [""exclusive_107.56"", ""small_sample""], [""exclusive_108.26"", ""median_12m""]]",현재 확보 자료로 재구성한 과거 추정치; 과거 세대 구성 미확인,False,280f7d0e7fe3d77e331defd7c10a1e4ffa5613eef0cc5839a2e0577f7aec6e30,1091c5d184bcf9b91e3d9318fa973ff01654ae42254ef840d7e7e1bde84395dc,d597e904ed1d78cbf16030d78df157aa647b070edb5809456e7ad6bed7762d81,c1583b28b6b23ad3ecd9022f,2026-09-22T08:56:15.669340+09:00
2026-08,A61482302,백양뜨란채아파트,부산진구,당감동,851.0,851.0,0.0,1.0,0.0,0.0,0.0,0.0,,,,,True,산정 불완전,일부 평형 시세 미확보,fb59559952f922d4e6959ac56d9c2ec70b14e6667e95014389a8f263f2e62a49,"[[""exclusive_59.54"", ""unavailable""], [""exclusive_59.55"", ""unavailable""], [""exclusive_59.89"", ""unavailable""], [""exclusive_59.91"", ""unavailable""], [""exclusive_84.5"", ""unavailable""], [""exclusive_84.97"", ""unavailable""]]",현재 확보 자료로 재구성한 과거 추정치; 과거 세대 구성 미확인,False,280f7d0e7fe3d77e331defd7c10a1e4ffa5613eef0cc5839a2e0577f7aec6e30,1091c5d184bcf9b91e3d9318fa973ff01654ae42254ef840d7e7e1bde84395dc,d597e904ed1d78cbf16030d78df157aa647b070edb5809456e7ad6bed7762d81,c1583b28b6b23ad3ecd9022f,2026-09-22T08:56:15.669340+09:00
2026-08,A10020213,가야역롯데캐슬스카이엘아파트,부산진구,가야동,725.0,725.0,80.0,1.0,0.1103448275862069,0.0,0.0,0.1103448275862069,,44240000000.0,,,True,산정 불완전,일부 평형 시세 미확보,b48e6fb5728f35bf5f9ef05da4c2693105b0a787636d6f6dbf2a7a3913bb2d5d,"[[""exclusive_59.86"", ""small_sample""], [""exclusive_59.85"", ""unavailable""], [""exclusive_77.66"", ""unavailable""], [""exclusive_84.95"", ""unavailable""], [""exclusive_84.75"", ""unavailable""]]",현재 확보 자료로 재구성한 과거 추정치; 과거 세대 구성 미확인,False,280f7d0e7fe3d77e331defd7c10a1e4ffa5613eef0cc5839a2e0577f7aec6e30,1091c5d184bcf9b91e3d9318fa973ff01654ae42254ef840d7e7e1bde84395dc,d597e904ed1d78cbf16030d78df157aa647b070edb5809456e7ad6bed7762d81,c1583b28b6b23ad3ecd9022f,2026-09-22T08:56:15.669340+09:00
2026-08,A10023627,가야롯데캐슬 골드아너,부산진구,가야동,935.0,935.0,851.0,1.0,0.9101604278074866,0.6898395721925134,0.10802139037433155,0.11229946524064172,,662617500000.0,,,True,산정 불완전,임대·혼합단지 분양 세대수 미확인; 일부 평형 시세 미확보,f6a3a4243b40fafc113246ff990043b2cef8d8674b6f74366e9458d83d9ae088,"[[""exclusive_39.97"", ""unavailable""], [""exclusive_59.92"", ""median_3m""], [""exclusive_59.99"", ""median_3m""], [""exclusive_84.99"", ""median_3m""], [""exclusive_84.96"", ""median_12m""], [""exclusive_102.53"", ""median_6m""]]",현재 확보 자료로 재구성한 과거 추정치; 과거 세대 구성 미확인,False,280f7d0e7fe3d77e331defd7c10a1e4ffa5613eef0cc5839a2e0577f7aec6e30,1091c5d184bcf9b91e3d9318fa973ff01654ae42254ef840d7e7e1bde84395dc,d597e904ed1d78cbf16030d78df157aa647b070edb5809456e7ad6bed7762d81,c1583b28b6b23ad3ecd9022f,2026-09-22T08:56:15.669340+09:00
2026-08,A10023409,이진젠시티,부산진구,개금동,736.0,736.0,646.0,1.0,0.8777173913043478,0.0,0.7554347826086957,0.12228260869565218,,400463500000.0,,,True,산정 불완전,일부 평형 시세 미확보,31ea111aafb2f9d605ab3d0042cc0d90a8ab1b15ba1bc561df4817e2daa8d2f6,"[[""exclusive_73.84"", ""median_6m""], [""exclusive_74.12"", ""median_6m""], [""exclusive_84.74"", ""median_12m""], [""exclusive_84.92"", ""median_6m""], [""exclusive_112"", ""unavailable""]]",현재 확보 자료로 재구성한 과거 추정치; 과거 세대 구성 미확인,False,280f7d0e7fe3d77e331defd7c10a1e4ffa5613eef0cc5839a2e0577f7aec6e30,1091c5d184bcf9b91e3d9318fa973ff01654ae42254ef840d7e7e1bde84395dc,d597e904ed1d78cbf16030d78df157aa647b070edb5809456e7ad6bed7762d81,c1583b28b6b23ad3ecd9022f,2026-09-22T08:56:15.669340+09:00
2026-08,A61477009,개금우드빌,부산진구,개금동,980.0,980.0,640.0,1.0,0.6530612244897959,0.6530612244897959,0.0,0.0,,55680000000.0,,,True,산정 불완전,일부 평형 시세 미확보,b158cace831283d0c811dfd26809fc020f32b25695bba4abeb18b0bd2d4c360e,"[[""exclusive_44.87"", ""median_3m""], [""exclusive_56.88"", ""unavailable""]]",현재 확보 자료로 재구성한 과거 추정치; 과거 세대 구성 미확인,False,280f7d0e7fe3d77e331defd7c10a1e4ffa5613eef0cc5839a2e0577f7aec6e30,1091c5d184bcf9b91e3d9318fa973ff01654ae42254ef840d7e7e1bde84395dc,d597e904ed1d78cbf16030d78df157aa647b070edb5809456e7ad6bed7762d81,c1583b28b6b23ad3ecd9022f,2026-09-22T08:56:15.669340+09:00
2026-08,A61480910,개금2지구도개공임대아파트,부산진구,개금동,990.0,0.0,0.0,0.0,0.0,0.0,0.0,0.0,,,,,True,산정 불완전,평형별 세대수 보완 필요; 임대·혼합단지 분양 세대수 미확인,c38eb7731a2edbf2c405dc922468ded84aa651100a03e86668e60fb8b6b0b8e7,[],현재 확보 자료로 재구성한 과거 추정치; 과거 세대 구성 미확인,False,280f7d0e7fe3d77e331defd7c10a1e4ffa5613eef0cc5839a2e0577f7aec6e30,1091c5d184bcf9b91e3d9318fa973ff01654ae42254ef840d7e7e1bde84395dc,d597e904ed1d78cbf16030d78df157aa647b070edb5809456e7ad6bed7762d81,c1583b28b6b23ad3ecd9022f,2026-09-22T08:56:15.669340+09:00
2026-08,A10025342,e편한세상동래명장,동래구,명장동,1384.0,1384.0,1303.0,1.0,0.9414739884393064,0.7384393063583815,0.1726878612716763,0.030346820809248554,,735897500000.0,,,True,산정 불완전,임대·혼합단지 분양 세대수 미확인; 일부 평형 시세 미확보,012aa0da3767d85ef38f8149e6cbfb7944aa918b0dc0227fef02a11769853906,"[[""exclusive_37.83"", ""unavailable""], [""exclusive_59.99"", ""median_6m""], [""exclusive_59.98"", ""small_sample""], [""exclusive_65.23"", ""unavailable""], [""exclusive_65.21"", ""median_6m""], [""exclusive_76.33"", ""median_3m""], [""exclusive_76.22"", ""median_3m""], [""exclusive_84.98"", ""median_3m""], [""exclusive_84.68"", ""small_sample""], [""exclusive_84.9"", ""median_6m""]]",현재 확보 자료로 재구성한 과거 추정치; 과거 세대 구성 미확인,False,280f7d0e7fe3d77e331defd7c10a1e4ffa5613eef0cc5839a2e0577f7aec6e30,1091c5d184bcf9b91e3d9318fa973ff01654ae42254ef840d7e7e1bde84395dc,d597e904ed1d78cbf16030d78df157aa647b070edb5809456e7ad6bed7762d81,c1583b28b6b23ad3ecd9022f,2026-09-22T08:56:15.669340+09:00
2026-08,A60777206,부산안락4휴먼시아,동래구,안락동,619.0,0.0,0.0,0.0,0.0,0.0,0.0,0.0,,,,,True,산정 불완전,평형별 세대수 보완 필요; 임대·혼합단지 분양 세대수 미확인,c38eb7731a2edbf2c405dc922468ded84aa651100a03e86668e60fb8b6b0b8e7,[],현재 확보 자료로 재구성한 과거 추정치; 과거 세대 구성 미확인,False,280f7d0e7fe3d77e331defd7c10a1e4ffa5613eef0cc5839a2e0577f7aec6e30,1091c5d184bcf9b91e3d9318fa973ff01654ae42254ef840d7e7e1bde84395dc,d597e904ed1d78cbf16030d78df157aa647b070edb5809456e7ad6bed7762d81,c1583b28b6b23ad3ecd9022f,2026-09-22T08:56:15.669340+09:00
2026-08,A60777604,안락현대아파트,동래구,안락동,738.0,738.0,700.0,1.0,0.948509485094851,0.21138211382113822,0.6341463414634146,0.10298102981029811,,225747000000.0,,,True,산정 불완전,일부 평형 시세 미확보,7f7644fec2103f693e33d5ea3557e8f8ab79feeaec5aa40ed532fc67d080334b,"[[""exclusive_59.87"", ""median_3m""], [""exclusive_77.85"", ""median_6m""], [""exclusive_84.83"", ""median_6m""], [""exclusive_118.53"", ""small_sample""], [""exclusive_141.69"", ""unavailable""]]",현재 확보 자료로 재구성한 과거 추정치; 과거 세대 구성 미확인,False,280f7d0e7fe3d77e331defd7c10a1e4ffa5613eef0cc5839a2e0577f7aec6e30,1091c5d184bcf9b91e3d9318fa973ff01654ae42254ef840d7e7e1bde84395dc,d597e904ed1d78cbf16030d78df157aa647b070edb5809456e7ad6bed7762d81,c1583b28b6b23ad3ecd9022f,2026-09-22T08:56:15.669340+09:00
2026-08,A60782701,동래화목타운,동래구,안락동,793.0,793.0,643.0,1.0,0.8108448928121059,0.4501891551071879,0.2849936948297604,0.07566204287515763,,169430000000.0,,,True,산정 불완전,일부 평형 시세 미확보,7b8ec678772210667183ab4b95940b42af639cc4f95090d348edb5f68c08ed28,"[[""exclusive_84.95"", ""median_3m""], [""exclusive_134.82"", ""median_6m""], [""exclusive_146.69"", ""small_sample""], [""exclusive_151.55"", ""unavailable""], [""exclusive_182.99"", ""unavailable""], [""exclusive_187.85"", ""unavailable""]]",현재 확보 자료로 재구성한 과거 추정치; 과거 세대 구성 미확인,False,280f7d0e7fe3d77e331defd7c10a1e4ffa5613eef0cc5839a2e0577f7aec6e30,1091c5d184bcf9b91e3d9318fa973ff01654ae42254ef840d7e7e1bde84395dc,d597e904ed1d78cbf16030d78df157aa647b070edb5809456e7ad6bed7762d81,c1583b28b6b23ad3ecd9022f,2026-09-22T08:56:15.669340+09:00
2026-08,A10025662,포레나동래아파트,동래구,낙민동,732.0,732.0,0.0,1.0,0.0,0.0,0.0,0.0,,,,,True,산정 불완전,일부 평형 시세 미확보,f9177f68ec48b8661c3c05689745491f192a754acacdcc72b5b0bcc0d72ee26d,"[[""exclusive_84.82"", ""unavailable""], [""exclusive_84.64"", ""unavailable""]]",현재 확보 자료로 재구성한 과거 추정치; 과거 세대 구성 미확인,False,280f7d0e7fe3d77e331defd7c10a1e4ffa5613eef0cc5839a2e0577f7aec6e30,1091c5d184bcf9b91e3d9318fa973ff01654ae42254ef840d7e7e1bde84395dc,d597e904ed1d78cbf16030d78df157aa647b070edb5809456e7ad6bed7762d81,c1583b28b6b23ad3ecd9022f,2026-09-22T08:56:15.669340+09:00
2026-08,A60775407,동원로얄듀크,동래구,낙민동,632.0,632.0,544.0,1.0,0.8607594936708861,0.4430379746835443,0.0,0.4177215189873418,,196044000000.0,,,True,산정 불완전,일부 평형 시세 미확보,61601c7f2a61a21b1d2ae0e77ece3a2ee9b6408f82ed590d0def5d372f8ea776,"[[""exclusive_59.95"", ""median_3m""], [""exclusive_84.86"", ""median_12m""], [""exclusive_84.98"", ""median_12m""], [""exclusive_121.79"", ""unavailable""]]",현재 확보 자료로 재구성한 과거 추정치; 과거 세대 구성 미확인,False,280f7d0e7fe3d77e331defd7c10a1e4ffa5613eef0cc5839a2e0577f7aec6e30,1091c5d184bcf9b91e3d9318fa973ff01654ae42254ef840d7e7e1bde84395dc,d597e904ed1d78cbf16030d78df157aa647b070edb5809456e7ad6bed7762d81,c1583b28b6b23ad3ecd9022f,2026-09-22T08:56:15.669340+09:00
2026-08,A60702002,우성베스토피아아파트,동래구,복천동,744.0,744.0,588.0,1.0,0.7903225806451613,0.0,0.44623655913978494,0.34408602150537637,,220970000000.0,,,True,산정 불완전,일부 평형 시세 미확보,dc5664a1bc9ed3b9ca395f08cc467f34b76e5bc889feb59a3b7ab2d134b6d53e,"[[""exclusive_84.87"", ""median_6m""], [""exclusive_112.37"", ""median_12m""], [""exclusive_124.7"", ""median_12m""], [""exclusive_134.77"", ""unavailable""], [""exclusive_152.71"", ""unavailable""], [""exclusive_174.16"", ""small_sample""], [""exclusive_201.4"", ""small_sample""], [""exclusive_234.08"", ""unavailable""]]",현재 확보 자료로 재구성한 과거 추정치; 과거 세대 구성 미확인,False,280f7d0e7fe3d77e331defd7c10a1e4ffa5613eef0cc5839a2e0577f7aec6e30,1091c5d184bcf9b91e3d9318fa973ff01654ae42254ef840d7e7e1bde84395dc,d597e904ed1d78cbf16030d78df157aa647b070edb5809456e7ad6bed7762d81,c1583b28b6b23ad3ecd9022f,2026-09-22T08:56:15.669340+09:00
2026-08,A10027690,명륜2차아이파크아파트,동래구,명륜동,2058.0,1882.0,0.0,0.9144800777453839,0.0,0.0,0.0,0.0,,,,,True,산정 불완전,평형 세대수 합계 불일치; 임대·혼합단지 분양 세대수 미확인; 일부 평형 시세 미확보,23836c0416a58ea21be4210c07d46032a22dd02b5b0f9dfe9da0343dfea9ec7b,"[[""exclusive_59.9"", ""unavailable""], [""exclusive_84.91"", ""unavailable""], [""exclusive_84.97"", ""unavailable""], [""exclusive_84.82"", ""unavailable""], [""exclusive_108.27"", ""unavailable""], [""exclusive_108.73"", ""unavailable""], [""exclusive_108.79"", ""unavailable""], [""exclusive_125.94"", ""unavailable""], [""exclusive_126.56"", ""unavailable""]]",현재 확보 자료로 재구성한 과거 추정치; 과거 세대 구성 미확인,False,280f7d0e7fe3d77e331defd7c10a1e4ffa5613eef0cc5839a2e0577f7aec6e30,1091c5d184bcf9b91e3d9318fa973ff01654ae42254ef840d7e7e1bde84395dc,d597e904ed1d78cbf16030d78df157aa647b070edb5809456e7ad6bed7762d81,c1583b28b6b23ad3ecd9022f,2026-09-22T08:56:15.669340+09:00
2026-08,A60701003,동래센트럴파크하이츠2단지,동래구,명륜동,680.0,680.0,568.0,1.0,0.8352941176470589,0.0,0.3382352941176471,0.4970588235294118,,380778000000.0,,,True,산정 불완전,일부 평형 시세 미확보,b14d891ae2cbc3cef7de704f9e1fc8773fed9b0567ca5cd2637f42bcc8e049f1,"[[""exclusive_84.92"", ""median_12m""], [""exclusive_84.97"", ""median_6m""], [""exclusive_131.77"", ""median_12m""], [""exclusive_134.18"", ""median_12m""], [""exclusive_183.68"", ""unavailable""]]",현재 확보 자료로 재구성한 과거 추정치; 과거 세대 구성 미확인,False,280f7d0e7fe3d77e331defd7c10a1e4ffa5613eef0cc5839a2e0577f7aec6e30,1091c5d184bcf9b91e3d9318fa973ff01654ae42254ef840d7e7e1bde84395dc,d597e904ed1d78cbf16030d78df157aa647b070edb5809456e7ad6bed7762d81,c1583b28b6b23ad3ecd9022f,2026-09-22T08:56:15.669340+09:00
2026-08,A60701004,명륜아이파크,동래구,명륜동,1409.0,1285.0,1285.0,0.9119943222143364,0.9119943222143364,0.0,0.6160397444996452,0.29595457771469125,,1136603500000.0,,,True,산정 불완전,평형 세대수 합계 불일치,2a6bb2a741e840f6663c76419e0b9ef21fee6dfe065aee7fff305e34040d05ec,"[[""exclusive_62.63"", ""median_6m""], [""exclusive_84.99"", ""median_6m""], [""exclusive_84.91"", ""median_6m""], [""exclusive_110.18"", ""small_sample""], [""exclusive_109.21"", ""median_12m""], [""exclusive_110.33"", ""small_sample""], [""exclusive_126.89"", ""small_sample""], [""exclusive_126.99"", ""median_12m""], [""exclusive_136.73"", ""small_sample""], [""exclusive_151.15"", ""small_sample""]]",현재 확보 자료로 재구성한 과거 추정치; 과거 세대 구성 미확인,False,280f7d0e7fe3d77e331defd7c10a1e4ffa5613eef0cc5839a2e0577f7aec6e30,1091c5d184bcf9b91e3d9318fa973ff01654ae42254ef840d7e7e1bde84395dc,d597e904ed1d78cbf16030d78df157aa647b070edb5809456e7ad6bed7762d81,c1583b28b6b23ad3ecd9022f,2026-09-22T08:56:15.669340+09:00
2026-08,A10022002,래미안포레스티지,동래구,온천동,4043.0,4043.0,3583.0,1.0,0.8862231016571852,0.4981449418748454,0.19020529309918377,0.19787286668315607,,3299229430000.0,,,True,산정 불완전,일부 평형 시세 미확보,c9f0f07cc0703e8115326bcfdb53f0517767037277ef48137f6bb1d42a67b33e,"[[""exclusive_39.93"", ""unavailable""], [""exclusive_49.97"", ""median_6m""], [""exclusive_59.98"", ""median_6m""], [""exclusive_72.78"", ""unavailable""], [""exclusive_72.72"", ""unavailable""], [""exclusive_72.91"", ""small_sample""], [""exclusive_72.97"", ""small_sample""], [""exclusive_84.99"", ""median_3m""], [""exclusive_84.98"", ""median_3m""], [""exclusive_84.97"", ""unavailable""], [""exclusive_97.73"", ""small_sample""], [""exclusive_115.99"", ""small_sample""], [""exclusive_120.87"", ""unavailable""], [""exclusive_135.09"", ""unavailable""], [""exclusive_132.57"", ""unavailable""], [""exclusive_145.77"", ""unavailable""], [""exclusive_147.1"", ""unavailable""]]",현재 확보 자료로 재구성한 과거 추정치; 과거 세대 구성 미확인,False,280f7d0e7fe3d77e331defd7c10a1e4ffa5613eef0cc5839a2e0577f7aec6e30,1091c5d184bcf9b91e3d9318fa973ff01654ae42254ef840d7e7e1bde84395dc,d597e904ed1d78cbf16030d78df157aa647b070edb5809456e7ad6bed7762d81,c1583b28b6b23ad3ecd9022f,2026-09-22T08:56:15.669340+09:00
2026-08,A60783306,벽산 아스타,동래구,온천동,648.0,648.0,599.0,1.0,0.9243827160493827,0.0,0.14506172839506173,0.779320987654321,,346839500000.0,,,True,산정 불완전,일부 평형 시세 미확보,f184c0cf13e87da51c635d5409926c1f30d42c388c9a856a44e1b14322f8f7e3,"[[""exclusive_84.81"", ""small_sample""], [""exclusive_84.97"", ""median_6m""], [""exclusive_119.3"", ""small_sample""], [""exclusive_119.93"", ""small_sample""], [""exclusive_117.9"", ""median_12m""], [""exclusive_117.77"", ""small_sample""], [""exclusive_134.9"", ""unavailable""], [""exclusive_135.81"", ""small_sample""], [""exclusive_136.89"", ""small_sample""], [""exclusive_171.48"", ""median_12m""], [""exclusive_196.97"", ""unavailable""], [""exclusive_222.89"", ""unavailable""], [""exclusive_223.1"", ""unavailable""]]",현재 확보 자료로 재구성한 과거 추정치; 과거 세대 구성 미확인,False,280f7d0e7fe3d77e331defd7c10a1e4ffa5613eef0cc5839a2e0577f7aec6e30,1091c5d184bcf9b91e3d9318fa973ff01654ae42254ef840d7e7e1bde84395dc,d597e904ed1d78cbf16030d78df157aa647b070edb5809456e7ad6bed7762d81,c1583b28b6b23ad3ecd9022f,2026-09-22T08:56:15.669340+09:00
2026-08,A10027054,사직롯데캐슬더클래식,동래구,사직동,1064.0,978.0,882.0,0.9191729323308271,0.8289473684210527,0.11654135338345864,0.5319548872180451,0.18045112781954886,,1033112000000.0,,,True,산정 불완전,평형 세대수 합계 불일치; 일부 평형 시세 미확보,cecaba9d8561222b08e1da8a97f07a1cbb3f2ee4eedd6a496b765c8003a6052e,"[[""exclusive_59.9"", ""median_3m""], [""exclusive_84.85"", ""median_6m""], [""exclusive_84.97"", ""median_6m""], [""exclusive_84.89"", ""median_12m""], [""exclusive_112.78"", ""unavailable""], [""exclusive_112.79"", ""small_sample""], [""exclusive_123.93"", ""unavailable""], [""exclusive_124.73"", ""unavailable""]]",현재 확보 자료로 재구성한 과거 추정치; 과거 세대 구성 미확인,False,280f7d0e7fe3d77e331defd7c10a1e4ffa5613eef0cc5839a2e0577f7aec6e30,1091c5d184bcf9b91e3d9318fa973ff01654ae42254ef840d7e7e1bde84395dc,d597e904ed1d78cbf16030d78df157aa647b070edb5809456e7ad6bed7762d81,c1583b28b6b23ad3ecd9022f,2026-09-22T08:56:15.669340+09:00
2026-08,A10022847,더비치푸르지오써밋,남구,대연동,1384.0,1384.0,1209.0,1.0,0.8735549132947977,0.2420520231213873,0.3106936416184971,0.3208092485549133,,1525856500000.0,,,True,산정 불완전,일부 평형 시세 미확보,1f7355bd23c06016ff2539fcfc01f73157a5aac1d9a8cc8dd121aee0acc30e70,"[[""exclusive_59.89"", ""median_3m""], [""exclusive_59.93"", ""median_6m""], [""exclusive_59.85"", ""median_12m""], [""exclusive_76.59"", ""median_12m""], [""exclusive_84.92"", ""median_6m""], [""exclusive_84.98"", ""median_12m""], [""exclusive_100.19"", ""unavailable""], [""exclusive_100.16"", ""unavailable""], [""exclusive_114.98"", ""small_sample""], [""exclusive_114.68"", ""unavailable""]]",현재 확보 자료로 재구성한 과거 추정치; 과거 세대 구성 미확인,False,280f7d0e7fe3d77e331defd7c10a1e4ffa5613eef0cc5839a2e0577f7aec6e30,1091c5d184bcf9b91e3d9318fa973ff01654ae42254ef840d7e7e1bde84395dc,d597e904ed1d78cbf16030d78df157aa647b070edb5809456e7ad6bed7762d81,c1583b28b6b23ad3ecd9022f,2026-09-22T08:56:15.669340+09:00
2026-08,A10022999,대연푸르지오클라센트,남구,대연동,1057.0,998.0,998.0,0.9441816461684012,0.9441816461684012,0.7795648060548723,0.130558183538316,0.03405865657521287,,647817000000.0,,,True,산정 불완전,평형 세대수 합계 불일치,c69be4b4f20bc05d9b69b2fe6c1282cf6bc36aa6e2a6c618d7019b9577a0eda2,"[[""exclusive_59.96"", ""median_3m""], [""exclusive_59.98"", ""median_3m""], [""exclusive_74.97"", ""median_3m""], [""exclusive_74.91"", ""median_3m""], [""exclusive_84.96"", ""median_3m""], [""exclusive_84.98"", ""median_12m""], [""exclusive_84.99"", ""median_6m""]]",현재 확보 자료로 재구성한 과거 추정치; 과거 세대 구성 미확인,False,280f7d0e7fe3d77e331defd7c10a1e4ffa5613eef0cc5839a2e0577f7aec6e30,1091c5d184bcf9b91e3d9318fa973ff01654ae42254ef840d7e7e1bde84395dc,d597e904ed1d78cbf16030d78df157aa647b070edb5809456e7ad6bed7762d81,c1583b28b6b23ad3ecd9022f,2026-09-22T08:56:15.669340+09:00
2026-08,A10025593,대연자이 아파트,남구,대연동,965.0,950.0,950.0,0.9844559585492227,0.9844559585492227,0.505699481865285,0.0,0.47875647668393784,,622057500000.0,,,True,산정 불완전,평형 세대수 합계 불일치,2a3279770b807918988aa877b6860b513b0acaee9350c929497c18d6f437422d,"[[""exclusive_39.91"", ""median_3m""], [""exclusive_50.96"", ""median_12m""], [""exclusive_50.98"", ""small_sample""], [""exclusive_59.89"", ""median_3m""], [""exclusive_59.98"", ""small_sample""], [""exclusive_72.96"", ""median_12m""], [""exclusive_84.98"", ""median_12m""], [""exclusive_84.97"", ""median_12m""]]",현재 확보 자료로 재구성한 과거 추정치; 과거 세대 구성 미확인,False,280f7d0e7fe3d77e331defd7c10a1e4ffa5613eef0cc5839a2e0577f7aec6e30,1091c5d184bcf9b91e3d9318fa973ff01654ae42254ef840d7e7e1bde84395dc,d597e904ed1d78cbf16030d78df157aa647b070edb5809456e7ad6bed7762d81,c1583b28b6b23ad3ecd9022f,2026-09-22T08:56:15.669340+09:00
2026-08,A10026184,대연파크푸르지오아파트,남구,대연동,1422.0,1422.0,1296.0,1.0,0.9113924050632911,0.5639943741209564,0.24331926863572434,0.10407876230661041,,737540250000.0,,,True,산정 불완전,일부 평형 시세 미확보,edfe814bb48a0eebba4cc957350fae0d63f49641b7984e72f2f0351cf938dce4,"[[""exclusive_39.78"", ""unavailable""], [""exclusive_59.98"", ""median_6m""], [""exclusive_59.87"", ""median_6m""], [""exclusive_74.95"", ""median_3m""], [""exclusive_84.98"", ""median_3m""], [""exclusive_84.92"", ""median_6m""], [""exclusive_84.96"", ""median_12m""], [""exclusive_99.93"", ""median_12m""]]",현재 확보 자료로 재구성한 과거 추정치; 과거 세대 구성 미확인,False,280f7d0e7fe3d77e331defd7c10a1e4ffa5613eef0cc5839a2e0577f7aec6e30,1091c5d184bcf9b91e3d9318fa973ff01654ae42254ef840d7e7e1bde84395dc,d597e904ed1d78cbf16030d78df157aa647b070edb5809456e7ad6bed7762d81,c1583b28b6b23ad3ecd9022f,2026-09-22T08:56:15.669340+09:00
2026-08,A10028145,대연롯데캐슬,남구,대연동,564.0,514.0,514.0,0.9113475177304965,0.9113475177304965,0.3049645390070922,0.5957446808510638,0.010638297872340425,,446695000000.0,,,True,산정 불완전,평형 세대수 합계 불일치; 임대·혼합단지 분양 세대수 미확인,d3eadb7d997e9721c1d52551b602cd0cda46db28b8a9fc6c0ed70545d5448438,"[[""exclusive_59.78"", ""median_6m""], [""exclusive_84.57"", ""small_sample""], [""exclusive_84.48"", ""median_3m""], [""exclusive_84.67"", ""median_6m""], [""exclusive_122.53"", ""median_6m""]]",현재 확보 자료로 재구성한 과거 추정치; 과거 세대 구성 미확인,False,280f7d0e7fe3d77e331defd7c10a1e4ffa5613eef0cc5839a2e0577f7aec6e30,1091c5d184bcf9b91e3d9318fa973ff01654ae42254ef840d7e7e1bde84395dc,d597e904ed1d78cbf16030d78df157aa647b070edb5809456e7ad6bed7762d81,c1583b28b6b23ad3ecd9022f,2026-09-22T08:56:15.669340+09:00
2026-08,A60874408,대연동푸르지오,남구,대연동,678.0,678.0,630.0,1.0,0.9292035398230089,0.0,0.6091445427728613,0.3200589970501475,,305803000000.0,,,True,산정 불완전,일부 평형 시세 미확보,c8f5653a2d2d55980c1c80e9c1201588934456a68bfa3768281cd80fc4109513,"[[""exclusive_29.24"", ""median_6m""], [""exclusive_44.45"", ""unavailable""], [""exclusive_73.13"", ""median_12m""], [""exclusive_84.96"", ""median_12m""], [""exclusive_112.04"", ""unavailable""], [""exclusive_129.2"", ""median_6m""], [""exclusive_147.59"", ""unavailable""], [""exclusive_160.33"", ""small_sample""], [""exclusive_198.1"", ""unavailable""], [""exclusive_221.09"", ""unavailable""], [""exclusive_221.38"", ""unavailable""], [""exclusive_262.42"", ""unavailable""]]",현재 확보 자료로 재구성한 과거 추정치; 과거 세대 구성 미확인,False,280f7d0e7fe3d77e331defd7c10a1e4ffa5613eef0cc5839a2e0577f7aec6e30,1091c5d184bcf9b91e3d9318fa973ff01654ae42254ef840d7e7e1bde84395dc,d597e904ed1d78cbf16030d78df157aa647b070edb5809456e7ad6bed7762d81,c1583b28b6b23ad3ecd9022f,2026-09-22T08:56:15.669340+09:00
2026-08,A60877710,삼익그린타운,남구,대연동,725.0,725.0,675.0,1.0,0.9310344827586207,0.2206896551724138,0.1793103448275862,0.5310344827586206,,145301500000.0,,,True,산정 불완전,일부 평형 시세 미확보,ef00e5c6d474672460746d570b953c7a348bc5784966265ed99501c81e0dc38f,"[[""exclusive_59.86"", ""median_6m""], [""exclusive_59.99"", ""median_3m""], [""exclusive_84.98"", ""median_12m""], [""exclusive_134.98"", ""small_sample""], [""exclusive_164.34"", ""unavailable""]]",현재 확보 자료로 재구성한 과거 추정치; 과거 세대 구성 미확인,False,280f7d0e7fe3d77e331defd7c10a1e4ffa5613eef0cc5839a2e0577f7aec6e30,1091c5d184bcf9b91e3d9318fa973ff01654ae42254ef840d7e7e1bde84395dc,d597e904ed1d78cbf16030d78df157aa647b070edb5809456e7ad6bed7762d81,c1583b28b6b23ad3ecd9022f,2026-09-22T08:56:15.669340+09:00
2026-08,A10023436,데시앙해링턴플레이스파크시티,남구,용호동,1725.0,1725.0,1638.0,1.0,0.9495652173913044,0.44521739130434784,0.20173913043478262,0.3026086956521739,,704803500000.0,,,True,산정 불완전,일부 평형 시세 미확보,29ca23f35bdd34db22c6cdd8c0ede3ef3638036a3873147c29037a8688fc2f4e,"[[""exclusive_39.95"", ""unavailable""], [""exclusive_59.97"", ""median_3m""], [""exclusive_59.74"", ""median_6m""], [""exclusive_73.9"", ""median_12m""], [""exclusive_73.86"", ""median_12m""], [""exclusive_84.99"", ""median_12m""], [""exclusive_84.72"", ""median_6m""], [""exclusive_84.94"", ""median_12m""]]",현재 확보 자료로 재구성한 과거 추정치; 과거 세대 구성 미확인,False,280f7d0e7fe3d77e331defd7c10a1e4ffa5613eef0cc5839a2e0577f7aec6e30,1091c5d184bcf9b91e3d9318fa973ff01654ae42254ef840d7e7e1bde84395dc,d597e904ed1d78cbf16030d78df157aa647b070edb5809456e7ad6bed7762d81,c1583b28b6b23ad3ecd9022f,2026-09-22T08:56:15.669340+09:00
2026-08,A10026391,W 아파트,남구,용호동,1488.0,1488.0,1258.0,1.0,0.8454301075268817,0.0,0.03494623655913978,0.8104838709677419,,2865430400000.0,,,True,산정 불완전,일부 평형 시세 미확보,c926656faa683a192ec1052bab70d72010245a7c9d30777dcf73ff5460cd2631,"[[""exclusive_98.99"", ""small_sample""], [""exclusive_99.13"", ""small_sample""], [""exclusive_99.03"", ""small_sample""], [""exclusive_99.54"", ""small_sample""], [""exclusive_99.28"", ""unavailable""], [""exclusive_99.7"", ""small_sample""], [""exclusive_99.46"", ""small_sample""], [""exclusive_100.2"", ""small_sample""], [""exclusive_100.1"", ""small_sample""], [""exclusive_100.49"", ""small_sample""], [""exclusive_99.81"", ""small_sample""], [""exclusive_104.19"", ""small_sample""], [""exclusive_106.72"", ""unavailable""], [""exclusive_108.14"", ""small_sample""], [""exclusive_107.59"", ""small_sample""], [""exclusive_110.26"", ""small_sample""], [""exclusive_111.17"", ""unavailable""], [""exclusive_111.89"", ""median_12m""], [""exclusive_112.23"", ""unavailable""], [""exclusive_117.42"", ""median_12m""], [""exclusive_118.28"", ""small_sample""], [""exclusive_117.28"", ""unavailable""], [""exclusive_117.38"", ""unavailable""], [""exclusive_121.69"", ""small_sample""], [""exclusive_121.91"", ""small_sample""], [""exclusive_123.46"", ""median_6m""], [""exclusive_123.69"", ""median_12m""], [""exclusive_124.11"", ""unavailable""], [""exclusive_124.34"", ""unavailable""], [""exclusive_124.23"", ""unavailable""], [""exclusive_126.58"", ""unavailable""], [""exclusive_133.07"", ""unavailable""], [""exclusive_134.08"", ""unavailable""], [""exclusive_134.43"", ""median_12m""], [""exclusive_134.31"", ""unavailable""], [""exclusive_133.69"", ""unavailable""], [""exclusive_134.52"", ""unavailable""], [""exclusive_141.08"", ""small_sample""], [""exclusive_141.83"", ""small_sample""], [""exclusive_142.15"", ""median_12m""], [""exclusive_142.91"", ""small_sample""], [""exclusive_143.06"", ""small_sample""], [""exclusive_142.89"", ""small_sample""], [""exclusive_143.89"", ""small_sample""], [""exclusive_144.18"", ""median_12m""], [""exclusive_144.97"", ""unavailable""], [""exclusive_145.55"", ""small_sample""], [""exclusive_143.47"", ""unavailable""], [""exclusive_144.73"", ""small_sample""], [""exclusive_148.02"", ""unavailable""], [""exclusive_148.52"", ""unavailable""], [""exclusive_165.41"", ""small_sample""], [""exclusive_169.09"", ""unavailable""], [""exclusive_180.73"", ""median_12m""], [""exclusive_182.56"", ""median_12m""], [""exclusive_199.89"", ""unavailable""], [""exclusive_244.99"", ""unavailable""]]",현재 확보 자료로 재구성한 과거 추정치; 과거 세대 구성 미확인,False,280f7d0e7fe3d77e331defd7c10a1e4ffa5613eef0cc5839a2e0577f7aec6e30,1091c5d184bcf9b91e3d9318fa973ff01654ae42254ef840d7e7e1bde84395dc,d597e904ed1d78cbf16030d78df157aa647b070edb5809456e7ad6bed7762d81,c1583b28b6b23ad3ecd9022f,2026-09-22T08:56:15.669340+09:00
2026-08,A60804003,문현동삼성아파트,남구,문현동,916.0,916.0,866.0,1.0,0.9454148471615721,0.3635371179039301,0.3220524017467249,0.259825327510917,,362770000000.0,,,True,산정 불완전,일부 평형 시세 미확보,16bb8f3d5b83591e8bcdf15825b4094f9b6ccdb1ce4cebdd385fcf8b29afd33b,"[[""exclusive_59.92"", ""median_6m""], [""exclusive_84.85"", ""median_3m""], [""exclusive_114.99"", ""small_sample""], [""exclusive_149.98"", ""small_sample""], [""exclusive_197.92"", ""unavailable""]]",현재 확보 자료로 재구성한 과거 추정치; 과거 세대 구성 미확인,False,280f7d0e7fe3d77e331defd7c10a1e4ffa5613eef0cc5839a2e0577f7aec6e30,1091c5d184bcf9b91e3d9318fa973ff01654ae42254ef840d7e7e1bde84395dc,d597e904ed1d78cbf16030d78df157aa647b070edb5809456e7ad6bed7762d81,c1583b28b6b23ad3ecd9022f,2026-09-22T08:56:15.669340+09:00
2026-08,A60872101,대림문현시티프라자,남구,문현동,521.0,521.0,459.0,1.0,0.8809980806142035,0.0,0.5067178502879078,0.3742802303262956,,104737000000.0,,,True,산정 불완전,일부 평형 시세 미확보,338cf770c583421eb1fdc69a19c3ecfc78f4a1df2adaef21634311e2fb7b541c,"[[""exclusive_42.09"", ""median_12m""], [""exclusive_42.49"", ""small_sample""], [""exclusive_50.71"", ""median_6m""], [""exclusive_59"", ""unavailable""], [""exclusive_59.4"", ""median_6m""], [""exclusive_59.63"", ""unavailable""], [""exclusive_59.67"", ""small_sample""], [""exclusive_75.91"", ""unavailable""], [""exclusive_84.76"", ""small_sample""], [""exclusive_84.91"", ""median_12m""], [""exclusive_92.7"", ""unavailable""], [""exclusive_106.79"", ""median_6m""], [""exclusive_130.11"", ""unavailable""], [""exclusive_133.83"", ""small_sample""]]",현재 확보 자료로 재구성한 과거 추정치; 과거 세대 구성 미확인,False,280f7d0e7fe3d77e331defd7c10a1e4ffa5613eef0cc5839a2e0577f7aec6e30,1091c5d184bcf9b91e3d9318fa973ff01654ae42254ef840d7e7e1bde84395dc,d597e904ed1d78cbf16030d78df157aa647b070edb5809456e7ad6bed7762d81,c1583b28b6b23ad3ecd9022f,2026-09-22T08:56:15.669340+09:00
2026-08,A10020289,두산위브더제니스 오션시티 ,남구,우암동,3048.0,3048.0,0.0,1.0,0.0,0.0,0.0,0.0,,,,,True,산정 불완전,임대·혼합단지 분양 세대수 미확인; 일부 평형 시세 미확보,447db62ca2cf512508b50530ad34cfd86b0f3c41a2b438879468c7f8874c99fe,"[[""exclusive_39.94"", ""unavailable""], [""exclusive_59.78"", ""unavailable""], [""exclusive_59.96"", ""unavailable""], [""exclusive_75.47"", ""unavailable""], [""exclusive_75.45"", ""unavailable""], [""exclusive_75.34"", ""unavailable""], [""exclusive_84.97"", ""unavailable""], [""exclusive_84.99"", ""unavailable""], [""exclusive_84.94"", ""unavailable""]]",현재 확보 자료로 재구성한 과거 추정치; 과거 세대 구성 미확인,False,280f7d0e7fe3d77e331defd7c10a1e4ffa5613eef0cc5839a2e0577f7aec6e30,1091c5d184bcf9b91e3d9318fa973ff01654ae42254ef840d7e7e1bde84395dc,d597e904ed1d78cbf16030d78df157aa647b070edb5809456e7ad6bed7762d81,c1583b28b6b23ad3ecd9022f,2026-09-22T08:56:15.669340+09:00
2026-08,A60880104,감만동일스위트아파트,남구,감만동,548.0,548.0,472.0,1.0,0.8613138686131386,0.0,0.48905109489051096,0.3722627737226277,,106509000000.0,,,True,산정 불완전,일부 평형 시세 미확보,b1ad13ab1ed7ef87af22d3f55b985a383958da635746b8307b6490bc7db5550c,"[[""exclusive_59.99"", ""median_6m""], [""exclusive_59.91"", ""small_sample""], [""exclusive_74.07"", ""unavailable""], [""exclusive_80.16"", ""small_sample""], [""exclusive_84.97"", ""small_sample""]]",현재 확보 자료로 재구성한 과거 추정치; 과거 세대 구성 미확인,False,280f7d0e7fe3d77e331defd7c10a1e4ffa5613eef0cc5839a2e0577f7aec6e30,1091c5d184bcf9b91e3d9318fa973ff01654ae42254ef840d7e7e1bde84395dc,d597e904ed1d78cbf16030d78df157aa647b070edb5809456e7ad6bed7762d81,c1583b28b6b23ad3ecd9022f,2026-09-22T08:56:15.669340+09:00
2026-08,A10027989,신화명리버뷰자이아파트,북구,금곡동,792.0,717.0,717.0,0.9053030303030303,0.9053030303030303,0.42045454545454547,0.33964646464646464,0.1452020202020202,,285840500000.0,,,True,산정 불완전,평형 세대수 합계 불일치,4fd4bb833e78ab72d43314779d268b6e803990b4649e20533c0e7d67e48b0ab1,"[[""exclusive_59.89"", ""median_6m""], [""exclusive_84.96"", ""median_3m""], [""exclusive_84.97"", ""median_12m""], [""exclusive_84.99"", ""median_6m""]]",현재 확보 자료로 재구성한 과거 추정치; 과거 세대 구성 미확인,False,280f7d0e7fe3d77e331defd7c10a1e4ffa5613eef0cc5839a2e0577f7aec6e30,1091c5d184bcf9b91e3d9318fa973ff01654ae42254ef840d7e7e1bde84395dc,d597e904ed1d78cbf16030d78df157aa647b070edb5809456e7ad6bed7762d81,c1583b28b6b23ad3ecd9022f,2026-09-22T08:56:15.669340+09:00
2026-08,A10028138,동원역삼정그린코아,북구,금곡동,529.0,526.0,526.0,0.994328922495274,0.994328922495274,0.0,0.14177693761814744,0.8525519848771267,,152905500000.0,,,True,산정 불완전,평형 세대수 합계 불일치,652ab99e46ada8a52ed3575af02e07467061db3b6a7b849dfb3c0d1563e3ef7d,"[[""exclusive_59.76"", ""median_6m""], [""exclusive_59.9"", ""small_sample""], [""exclusive_59.63"", ""small_sample""], [""exclusive_71.04"", ""median_12m""], [""exclusive_73.57"", ""small_sample""], [""exclusive_84.97"", ""median_12m""], [""exclusive_84.95"", ""median_12m""]]",현재 확보 자료로 재구성한 과거 추정치; 과거 세대 구성 미확인,False,280f7d0e7fe3d77e331defd7c10a1e4ffa5613eef0cc5839a2e0577f7aec6e30,1091c5d184bcf9b91e3d9318fa973ff01654ae42254ef840d7e7e1bde84395dc,d597e904ed1d78cbf16030d78df157aa647b070edb5809456e7ad6bed7762d81,c1583b28b6b23ad3ecd9022f,2026-09-22T08:56:15.669340+09:00
2026-08,A61673902,율리벽산블루밍,북구,금곡동,589.0,538.0,485.0,0.9134125636672326,0.8234295415959253,0.0,0.5178268251273345,0.30560271646859083,,181725000000.0,,,True,산정 불완전,평형 세대수 합계 불일치; 일부 평형 시세 미확보,cb226d8f21bff9233d977b3766e5a90206574964efad7509ff85bd04feee9900,"[[""exclusive_59.95"", ""unavailable""], [""exclusive_84.98"", ""median_6m""], [""exclusive_84.94"", ""small_sample""], [""exclusive_84.99"", ""median_12m""]]",현재 확보 자료로 재구성한 과거 추정치; 과거 세대 구성 미확인,False,280f7d0e7fe3d77e331defd7c10a1e4ffa5613eef0cc5839a2e0577f7aec6e30,1091c5d184bcf9b91e3d9318fa973ff01654ae42254ef840d7e7e1bde84395dc,d597e904ed1d78cbf16030d78df157aa647b070edb5809456e7ad6bed7762d81,c1583b28b6b23ad3ecd9022f,2026-09-22T08:56:15.669340+09:00
2026-08,A61674824,부산율리마을,북구,금곡동,840.0,0.0,0.0,0.0,0.0,0.0,0.0,0.0,,,,,True,산정 불완전,평형별 세대수 보완 필요; 임대·혼합단지 분양 세대수 미확인,c38eb7731a2edbf2c405dc922468ded84aa651100a03e86668e60fb8b6b0b8e7,[],현재 확보 자료로 재구성한 과거 추정치; 과거 세대 구성 미확인,False,280f7d0e7fe3d77e331defd7c10a1e4ffa5613eef0cc5839a2e0577f7aec6e30,1091c5d184bcf9b91e3d9318fa973ff01654ae42254ef840d7e7e1bde84395dc,d597e904ed1d78cbf16030d78df157aa647b070edb5809456e7ad6bed7762d81,c1583b28b6b23ad3ecd9022f,2026-09-22T08:56:15.669340+09:00
2026-08,A61676006,금곡한솔아파트,북구,금곡동,532.0,532.0,456.0,1.0,0.8571428571428571,0.7142857142857143,0.0,0.14285714285714285,,107920000000.0,,,True,산정 불완전,일부 평형 시세 미확보,dee3b8844cc6922dc6bf41e056b69a8f88bc7ba7cb0622fe7658ca08dfe65d61,"[[""exclusive_85.99"", ""median_3m""], [""exclusive_99.99"", ""small_sample""], [""exclusive_125.77"", ""unavailable""]]",현재 확보 자료로 재구성한 과거 추정치; 과거 세대 구성 미확인,False,280f7d0e7fe3d77e331defd7c10a1e4ffa5613eef0cc5839a2e0577f7aec6e30,1091c5d184bcf9b91e3d9318fa973ff01654ae42254ef840d7e7e1bde84395dc,d597e904ed1d78cbf16030d78df157aa647b070edb5809456e7ad6bed7762d81,c1583b28b6b23ad3ecd9022f,2026-09-22T08:56:15.669340+09:00
2026-08,A61676118,금곡주공1단지,북구,금곡동,1099.0,0.0,0.0,0.0,0.0,0.0,0.0,0.0,,,,,True,산정 불완전,평형별 세대수 보완 필요; 임대·혼합단지 분양 세대수 미확인,c38eb7731a2edbf2c405dc922468ded84aa651100a03e86668e60fb8b6b0b8e7,[],현재 확보 자료로 재구성한 과거 추정치; 과거 세대 구성 미확인,False,280f7d0e7fe3d77e331defd7c10a1e4ffa5613eef0cc5839a2e0577f7aec6e30,1091c5d184bcf9b91e3d9318fa973ff01654ae42254ef840d7e7e1bde84395dc,d597e904ed1d78cbf16030d78df157aa647b070edb5809456e7ad6bed7762d81,c1583b28b6b23ad3ecd9022f,2026-09-22T08:56:15.669340+09:00
2026-08,A61676215,금곡주공2단지,북구,금곡동,1460.0,0.0,0.0,0.0,0.0,0.0,0.0,0.0,,,,,True,산정 불완전,평형별 세대수 보완 필요; 임대·혼합단지 분양 세대수 미확인,c38eb7731a2edbf2c405dc922468ded84aa651100a03e86668e60fb8b6b0b8e7,[],현재 확보 자료로 재구성한 과거 추정치; 과거 세대 구성 미확인,False,280f7d0e7fe3d77e331defd7c10a1e4ffa5613eef0cc5839a2e0577f7aec6e30,1091c5d184bcf9b91e3d9318fa973ff01654ae42254ef840d7e7e1bde84395dc,d597e904ed1d78cbf16030d78df157aa647b070edb5809456e7ad6bed7762d81,c1583b28b6b23ad3ecd9022f,2026-09-22T08:56:15.669340+09:00
2026-08,A61676316,금곡주공3단지아파트,북구,금곡동,1484.0,1484.0,1310.0,1.0,0.8827493261455526,0.5633423180592992,0.2830188679245283,0.03638814016172507,,89291000000.0,,,True,산정 불완전,일부 평형 시세 미확보,f0cdf38aad04fc8b8350512bc7bbb044356efa0e3cfc61bee825c2ffcb6c0fee,"[[""exclusive_41.85"", ""median_3m""], [""exclusive_42.66"", ""small_sample""], [""exclusive_49.77"", ""median_6m""], [""exclusive_58.65"", ""unavailable""], [""exclusive_59.97"", ""median_6m""]]",현재 확보 자료로 재구성한 과거 추정치; 과거 세대 구성 미확인,False,280f7d0e7fe3d77e331defd7c10a1e4ffa5613eef0cc5839a2e0577f7aec6e30,1091c5d184bcf9b91e3d9318fa973ff01654ae42254ef840d7e7e1bde84395dc,d597e904ed1d78cbf16030d78df157aa647b070edb5809456e7ad6bed7762d81,c1583b28b6b23ad3ecd9022f,2026-09-22T08:56:15.669340+09:00
2026-08,A61676422,금곡주공4단지,북구,금곡동,1937.0,0.0,0.0,0.0,0.0,0.0,0.0,0.0,,,,,True,산정 불완전,평형별 세대수 보완 필요; 임대·혼합단지 분양 세대수 미확인,c38eb7731a2edbf2c405dc922468ded84aa651100a03e86668e60fb8b6b0b8e7,[],현재 확보 자료로 재구성한 과거 추정치; 과거 세대 구성 미확인,False,280f7d0e7fe3d77e331defd7c10a1e4ffa5613eef0cc5839a2e0577f7aec6e30,1091c5d184bcf9b91e3d9318fa973ff01654ae42254ef840d7e7e1bde84395dc,d597e904ed1d78cbf16030d78df157aa647b070edb5809456e7ad6bed7762d81,c1583b28b6b23ad3ecd9022f,2026-09-22T08:56:15.669340+09:00
2026-08,A61676723,금곡주공7단지,북구,금곡동,802.0,0.0,0.0,0.0,0.0,0.0,0.0,0.0,,,,,True,산정 불완전,평형별 세대수 보완 필요; 임대·혼합단지 분양 세대수 미확인,c38eb7731a2edbf2c405dc922468ded84aa651100a03e86668e60fb8b6b0b8e7,[],현재 확보 자료로 재구성한 과거 추정치; 과거 세대 구성 미확인,False,280f7d0e7fe3d77e331defd7c10a1e4ffa5613eef0cc5839a2e0577f7aec6e30,1091c5d184bcf9b91e3d9318fa973ff01654ae42254ef840d7e7e1bde84395dc,d597e904ed1d78cbf16030d78df157aa647b070edb5809456e7ad6bed7762d81,c1583b28b6b23ad3ecd9022f,2026-09-22T08:56:15.669340+09:00
2026-08,A10024341,화명푸르지오헤리센트,북구,화명동,886.0,871.0,871.0,0.9830699774266366,0.9830699774266366,0.23589164785553046,0.5733634311512416,0.17381489841986456,,505076000000.0,,,True,산정 불완전,평형 세대수 합계 불일치,428e2dba843681ca87e68b4c1429a9f480253db9ff89d0da51a7e3e573fa50b7,"[[""exclusive_39.75"", ""median_6m""], [""exclusive_59.92"", ""median_6m""], [""exclusive_59.98"", ""small_sample""], [""exclusive_59.99"", ""median_6m""], [""exclusive_74.95"", ""small_sample""], [""exclusive_74.98"", ""median_12m""], [""exclusive_84.92"", ""median_6m""], [""exclusive_84.94"", ""median_12m""], [""exclusive_84.95"", ""median_3m""]]",현재 확보 자료로 재구성한 과거 추정치; 과거 세대 구성 미확인,False,280f7d0e7fe3d77e331defd7c10a1e4ffa5613eef0cc5839a2e0577f7aec6e30,1091c5d184bcf9b91e3d9318fa973ff01654ae42254ef840d7e7e1bde84395dc,d597e904ed1d78cbf16030d78df157aa647b070edb5809456e7ad6bed7762d81,c1583b28b6b23ad3ecd9022f,2026-09-22T08:56:15.669340+09:00
2026-08,A61679208,화명경남아너스빌,북구,화명동,570.0,570.0,530.0,1.0,0.9298245614035088,0.5789473684210527,0.0,0.3508771929824561,,204045000000.0,,,True,산정 불완전,일부 평형 시세 미확보,7a3c7b53071f7fe7f99308b01009d8d34174985f9694baba1427625e62fe2f72,"[[""exclusive_84.91"", ""median_3m""], [""exclusive_99.66"", ""small_sample""], [""exclusive_133.86"", ""median_12m""], [""exclusive_158.58"", ""unavailable""]]",현재 확보 자료로 재구성한 과거 추정치; 과거 세대 구성 미확인,False,280f7d0e7fe3d77e331defd7c10a1e4ffa5613eef0cc5839a2e0577f7aec6e30,1091c5d184bcf9b91e3d9318fa973ff01654ae42254ef840d7e7e1bde84395dc,d597e904ed1d78cbf16030d78df157aa647b070edb5809456e7ad6bed7762d81,c1583b28b6b23ad3ecd9022f,2026-09-22T08:56:15.669340+09:00
2026-08,A10024318,e편한세상 금정산 아파트,북구,만덕동,1969.0,1239.0,1237.0,0.6292534281361097,0.6282376841036059,0.5337734890807516,0.02691721686135094,0.0675469781615033,,526426500000.0,,,True,산정 불완전,평형 세대수 합계 불일치; 임대·혼합단지 분양 세대수 미확인; 일부 평형 시세 미확보,20cdf9f8a42e184cf15a2068605a9c8fe01e8dc05dcd14091fd2634119e6d5f7,"[[""exclusive_51.58"", ""unavailable""], [""exclusive_59.96"", ""median_6m""], [""exclusive_59.91"", ""median_12m""], [""exclusive_74.92"", ""median_12m""], [""exclusive_84.93"", ""median_3m""], [""exclusive_84.91"", ""median_3m""]]",현재 확보 자료로 재구성한 과거 추정치; 과거 세대 구성 미확인,False,280f7d0e7fe3d77e331defd7c10a1e4ffa5613eef0cc5839a2e0577f7aec6e30,1091c5d184bcf9b91e3d9318fa973ff01654ae42254ef840d7e7e1bde84395dc,d597e904ed1d78cbf16030d78df157aa647b070edb5809456e7ad6bed7762d81,c1583b28b6b23ad3ecd9022f,2026-09-22T08:56:15.669340+09:00
2026-08,A10027832,백양디이스트,북구,만덕동,3790.0,3160.0,3160.0,0.8337730870712401,0.8337730870712401,0.787598944591029,0.0,0.04617414248021108,,1066268000000.0,,,True,산정 불완전,평형 세대수 합계 불일치,be418b96392a7664b29b79c5eeea8e724e3654830454fad6ab18fd81dbb97194,"[[""exclusive_59.14"", ""median_3m""], [""exclusive_70.18"", ""median_3m""], [""exclusive_72.23"", ""small_sample""], [""exclusive_84.99"", ""median_3m""], [""exclusive_98.39"", ""median_3m""], [""exclusive_113.51"", ""median_12m""]]",현재 확보 자료로 재구성한 과거 추정치; 과거 세대 구성 미확인,False,280f7d0e7fe3d77e331defd7c10a1e4ffa5613eef0cc5839a2e0577f7aec6e30,1091c5d184bcf9b91e3d9318fa973ff01654ae42254ef840d7e7e1bde84395dc,d597e904ed1d78cbf16030d78df157aa647b070edb5809456e7ad6bed7762d81,c1583b28b6b23ad3ecd9022f,2026-09-22T08:56:15.669340+09:00
2026-08,A61678209,만덕그린코아아파트,북구,만덕동,1468.0,1468.0,1378.0,1.0,0.9386920980926431,0.0,0.5926430517711172,0.3460490463215259,,239681000000.0,,,True,산정 불완전,일부 평형 시세 미확보,8a5bce636eb70ddff39060e86e067fa8de299c8890c637220aa01bdc43b8e26d,"[[""exclusive_75.57"", ""median_6m""], [""exclusive_84.69"", ""median_6m""], [""exclusive_84.9"", ""small_sample""], [""exclusive_106.2"", ""small_sample""], [""exclusive_116.06"", ""small_sample""], [""exclusive_119.69"", ""unavailable""], [""exclusive_134.99"", ""median_12m""], [""exclusive_148.26"", ""median_12m""]]",현재 확보 자료로 재구성한 과거 추정치; 과거 세대 구성 미확인,False,280f7d0e7fe3d77e331defd7c10a1e4ffa5613eef0cc5839a2e0577f7aec6e30,1091c5d184bcf9b91e3d9318fa973ff01654ae42254ef840d7e7e1bde84395dc,d597e904ed1d78cbf16030d78df157aa647b070edb5809456e7ad6bed7762d81,c1583b28b6b23ad3ecd9022f,2026-09-22T08:56:15.669340+09:00
2026-08,A61679609,부산만덕3단지 주공아파트,북구,만덕동,1350.0,0.0,0.0,0.0,0.0,0.0,0.0,0.0,,,,,True,산정 불완전,평형별 세대수 보완 필요; 임대·혼합단지 분양 세대수 미확인,c38eb7731a2edbf2c405dc922468ded84aa651100a03e86668e60fb8b6b0b8e7,[],현재 확보 자료로 재구성한 과거 추정치; 과거 세대 구성 미확인,False,280f7d0e7fe3d77e331defd7c10a1e4ffa5613eef0cc5839a2e0577f7aec6e30,1091c5d184bcf9b91e3d9318fa973ff01654ae42254ef840d7e7e1bde84395dc,d597e904ed1d78cbf16030d78df157aa647b070edb5809456e7ad6bed7762d81,c1583b28b6b23ad3ecd9022f,2026-09-22T08:56:15.669340+09:00
2026-08,A61677404,덕천주공2단지,북구,덕천동,1507.0,0.0,0.0,0.0,0.0,0.0,0.0,0.0,,,,,True,산정 불완전,평형별 세대수 보완 필요; 임대·혼합단지 분양 세대수 미확인,c38eb7731a2edbf2c405dc922468ded84aa651100a03e86668e60fb8b6b0b8e7,[],현재 확보 자료로 재구성한 과거 추정치; 과거 세대 구성 미확인,False,280f7d0e7fe3d77e331defd7c10a1e4ffa5613eef0cc5839a2e0577f7aec6e30,1091c5d184bcf9b91e3d9318fa973ff01654ae42254ef840d7e7e1bde84395dc,d597e904ed1d78cbf16030d78df157aa647b070edb5809456e7ad6bed7762d81,c1583b28b6b23ad3ecd9022f,2026-09-22T08:56:15.669340+09:00
2026-08,A61681409,부산도시공사 덕천2지구 아파트,북구,덕천동,990.0,0.0,0.0,0.0,0.0,0.0,0.0,0.0,,,,,True,산정 불완전,평형별 세대수 보완 필요; 임대·혼합단지 분양 세대수 미확인,c38eb7731a2edbf2c405dc922468ded84aa651100a03e86668e60fb8b6b0b8e7,[],현재 확보 자료로 재구성한 과거 추정치; 과거 세대 구성 미확인,False,280f7d0e7fe3d77e331defd7c10a1e4ffa5613eef0cc5839a2e0577f7aec6e30,1091c5d184bcf9b91e3d9318fa973ff01654ae42254ef840d7e7e1bde84395dc,d597e904ed1d78cbf16030d78df157aa647b070edb5809456e7ad6bed7762d81,c1583b28b6b23ad3ecd9022f,2026-09-22T08:56:15.669340+09:00
2026-08,A10024201,리버파크반도유보라,북구,구포동,790.0,790.0,746.0,1.0,0.9443037974683545,0.0,0.7088607594936709,0.23544303797468355,,358609000000.0,,,True,산정 불완전,일부 평형 시세 미확보,f35f13efbadc99b48c1219b6faf40253d2245d0e9f67a7a1caf17b1a0c169692,"[[""exclusive_39.79"", ""unavailable""], [""exclusive_48.73"", ""median_12m""], [""exclusive_59.72"", ""median_6m""], [""exclusive_59.94"", ""median_6m""], [""exclusive_74.9"", ""median_12m""], [""exclusive_84.96"", ""median_6m""], [""exclusive_84.85"", ""median_6m""]]",현재 확보 자료로 재구성한 과거 추정치; 과거 세대 구성 미확인,False,280f7d0e7fe3d77e331defd7c10a1e4ffa5613eef0cc5839a2e0577f7aec6e30,1091c5d184bcf9b91e3d9318fa973ff01654ae42254ef840d7e7e1bde84395dc,d597e904ed1d78cbf16030d78df157aa647b070edb5809456e7ad6bed7762d81,c1583b28b6b23ad3ecd9022f,2026-09-22T08:56:15.669340+09:00
2026-08,A61273009,부산도시공사 반송영구임대아파트,해운대구,반송동,1050.0,0.0,0.0,0.0,0.0,0.0,0.0,0.0,,,,,True,산정 불완전,평형별 세대수 보완 필요; 임대·혼합단지 분양 세대수 미확인,c38eb7731a2edbf2c405dc922468ded84aa651100a03e86668e60fb8b6b0b8e7,[],현재 확보 자료로 재구성한 과거 추정치; 과거 세대 구성 미확인,False,280f7d0e7fe3d77e331defd7c10a1e4ffa5613eef0cc5839a2e0577f7aec6e30,1091c5d184bcf9b91e3d9318fa973ff01654ae42254ef840d7e7e1bde84395dc,d597e904ed1d78cbf16030d78df157aa647b070edb5809456e7ad6bed7762d81,c1583b28b6b23ad3ecd9022f,2026-09-22T08:56:15.669340+09:00
2026-08,A61273609,부산반송주공,해운대구,반송동,1710.0,0.0,0.0,0.0,0.0,0.0,0.0,0.0,,,,,True,산정 불완전,평형별 세대수 보완 필요; 임대·혼합단지 분양 세대수 미확인,c38eb7731a2edbf2c405dc922468ded84aa651100a03e86668e60fb8b6b0b8e7,[],현재 확보 자료로 재구성한 과거 추정치; 과거 세대 구성 미확인,False,280f7d0e7fe3d77e331defd7c10a1e4ffa5613eef0cc5839a2e0577f7aec6e30,1091c5d184bcf9b91e3d9318fa973ff01654ae42254ef840d7e7e1bde84395dc,d597e904ed1d78cbf16030d78df157aa647b070edb5809456e7ad6bed7762d81,c1583b28b6b23ad3ecd9022f,2026-09-22T08:56:15.669340+09:00
2026-08,A10022405,드파인센텀아파트,해운대구,반여동,750.0,750.0,712.0,1.0,0.9493333333333334,0.544,0.0,0.4053333333333333,,478499000000.0,,,True,산정 불완전,임대·혼합단지 분양 세대수 미확인; 일부 평형 시세 미확보,04206fd067982381191d46a1129119f9803e15adfc069d556880004eda2d7787,"[[""exclusive_39.66"", ""unavailable""], [""exclusive_39.71"", ""unavailable""], [""exclusive_59.99"", ""median_3m""], [""exclusive_59.97"", ""small_sample""], [""exclusive_74.71"", ""small_sample""], [""exclusive_74.74"", ""small_sample""], [""exclusive_84.98"", ""median_3m""]]",현재 확보 자료로 재구성한 과거 추정치; 과거 세대 구성 미확인,False,280f7d0e7fe3d77e331defd7c10a1e4ffa5613eef0cc5839a2e0577f7aec6e30,1091c5d184bcf9b91e3d9318fa973ff01654ae42254ef840d7e7e1bde84395dc,d597e904ed1d78cbf16030d78df157aa647b070edb5809456e7ad6bed7762d81,c1583b28b6b23ad3ecd9022f,2026-09-22T08:56:15.669340+09:00
2026-08,A10023647,센텀KCC스위첸아파트,해운대구,반여동,638.0,638.0,603.0,1.0,0.945141065830721,0.731974921630094,0.0,0.21316614420062696,,387358000000.0,,,True,산정 불완전,일부 평형 시세 미확보,2d07760ade32cc9cd1eadfd7ce134b9923314ed4a07469eab46de6faf7914f45,"[[""exclusive_39.94"", ""unavailable""], [""exclusive_59.87"", ""median_12m""], [""exclusive_64.98"", ""median_12m""], [""exclusive_84.61"", ""median_3m""], [""exclusive_84.91"", ""median_3m""], [""exclusive_102.92"", ""small_sample""]]",현재 확보 자료로 재구성한 과거 추정치; 과거 세대 구성 미확인,False,280f7d0e7fe3d77e331defd7c10a1e4ffa5613eef0cc5839a2e0577f7aec6e30,1091c5d184bcf9b91e3d9318fa973ff01654ae42254ef840d7e7e1bde84395dc,d597e904ed1d78cbf16030d78df157aa647b070edb5809456e7ad6bed7762d81,c1583b28b6b23ad3ecd9022f,2026-09-22T08:56:15.669340+09:00
2026-08,A61272011,반여현대그린아파트,해운대구,반여동,600.0,600.0,480.0,1.0,0.8,0.0,0.0,0.8,,142140000000.0,,,True,산정 불완전,일부 평형 시세 미확보,423f4b5b0f1a22e732aeb868c74a96697048e1db6430b2b90d04f09043c2cdc0,"[[""exclusive_57.09"", ""small_sample""], [""exclusive_64.98"", ""small_sample""], [""exclusive_73.8"", ""unavailable""], [""exclusive_76.35"", ""small_sample""], [""exclusive_84.81"", ""small_sample""], [""exclusive_84.87"", ""unavailable""], [""exclusive_101.53"", ""small_sample""]]",현재 확보 자료로 재구성한 과거 추정치; 과거 세대 구성 미확인,False,280f7d0e7fe3d77e331defd7c10a1e4ffa5613eef0cc5839a2e0577f7aec6e30,1091c5d184bcf9b91e3d9318fa973ff01654ae42254ef840d7e7e1bde84395dc,d597e904ed1d78cbf16030d78df157aa647b070edb5809456e7ad6bed7762d81,c1583b28b6b23ad3ecd9022f,2026-09-22T08:56:15.669340+09:00
2026-08,A61205003,더샵센텀스타,해운대구,재송동,629.0,629.0,565.0,1.0,0.8982511923688394,0.0,0.3370429252782194,0.56120826709062,,938572000000.0,,,True,산정 불완전,일부 평형 시세 미확보,adc1bb979556901b609660e8eb4437d6f3b472ffd81805872e8b8a83b7f7ae82,"[[""exclusive_98.51"", ""unavailable""], [""exclusive_109.14"", ""median_12m""], [""exclusive_115.93"", ""median_12m""], [""exclusive_135.65"", ""median_6m""], [""exclusive_164.32"", ""median_12m""], [""exclusive_209.89"", ""unavailable""], [""exclusive_215.64"", ""small_sample""], [""exclusive_244.67"", ""unavailable""], [""exclusive_244.98"", ""unavailable""]]",현재 확보 자료로 재구성한 과거 추정치; 과거 세대 구성 미확인,False,280f7d0e7fe3d77e331defd7c10a1e4ffa5613eef0cc5839a2e0577f7aec6e30,1091c5d184bcf9b91e3d9318fa973ff01654ae42254ef840d7e7e1bde84395dc,d597e904ed1d78cbf16030d78df157aa647b070edb5809456e7ad6bed7762d81,c1583b28b6b23ad3ecd9022f,2026-09-22T08:56:15.669340+09:00
2026-08,A61274815,센텀(재송)삼익,해운대구,재송동,936.0,936.0,887.0,1.0,0.9476495726495726,0.0,0.9348290598290598,0.01282051282051282,,154258000000.0,,,True,산정 불완전,일부 평형 시세 미확보,06188eb130c3051b3b0bf9e8c1fd4a65ebe663e20b7e309768bef5bc3068bc8b,"[[""exclusive_49.96"", ""median_6m""], [""exclusive_49.98"", ""unavailable""], [""exclusive_49.99"", ""unavailable""], [""exclusive_50.6"", ""unavailable""], [""exclusive_53.24"", ""median_6m""], [""exclusive_53.71"", ""unavailable""], [""exclusive_70.58"", ""median_6m""], [""exclusive_71.2"", ""small_sample""]]",현재 확보 자료로 재구성한 과거 추정치; 과거 세대 구성 미확인,False,280f7d0e7fe3d77e331defd7c10a1e4ffa5613eef0cc5839a2e0577f7aec6e30,1091c5d184bcf9b91e3d9318fa973ff01654ae42254ef840d7e7e1bde84395dc,d597e904ed1d78cbf16030d78df157aa647b070edb5809456e7ad6bed7762d81,c1583b28b6b23ad3ecd9022f,2026-09-22T08:56:15.669340+09:00
2026-08,A61283410,센텀동국아파트,해운대구,재송동,536.0,536.0,502.0,1.0,0.9365671641791045,0.6977611940298507,0.0,0.23880597014925373,,62322000000.0,,,True,산정 불완전,일부 평형 시세 미확보,2c3c2a6c5daf9b0cc699e6e4fcdb0dfebe7c6cfba7050d9a2e1641e31ebb4f61,"[[""exclusive_59.64"", ""median_3m""], [""exclusive_84.78"", ""unavailable""], [""exclusive_84.93"", ""small_sample""], [""exclusive_84.95"", ""median_3m""]]",현재 확보 자료로 재구성한 과거 추정치; 과거 세대 구성 미확인,False,280f7d0e7fe3d77e331defd7c10a1e4ffa5613eef0cc5839a2e0577f7aec6e30,1091c5d184bcf9b91e3d9318fa973ff01654ae42254ef840d7e7e1bde84395dc,d597e904ed1d78cbf16030d78df157aa647b070edb5809456e7ad6bed7762d81,c1583b28b6b23ad3ecd9022f,2026-09-22T08:56:15.669340+09:00
2026-08,A10022568,해운대 경동리인뷰2차,해운대구,우동,632.0,632.0,371.0,1.0,0.5870253164556962,0.0,0.0,0.5870253164556962,,324611000000.0,,,True,산정 불완전,일부 평형 시세 미확보,8a4de6680882b1799b0e8c8b8cfd975460a0ccd60e4f00a24fccc7d0d603036a,"[[""exclusive_69.91"", ""small_sample""], [""exclusive_84.62"", ""unavailable""], [""exclusive_84.96"", ""unavailable""], [""exclusive_84.51"", ""unavailable""], [""exclusive_84.94"", ""small_sample""], [""exclusive_84.97"", ""median_12m""], [""exclusive_84.8"", ""unavailable""], [""exclusive_84.43"", ""unavailable""]]",현재 확보 자료로 재구성한 과거 추정치; 과거 세대 구성 미확인,False,280f7d0e7fe3d77e331defd7c10a1e4ffa5613eef0cc5839a2e0577f7aec6e30,1091c5d184bcf9b91e3d9318fa973ff01654ae42254ef840d7e7e1bde84395dc,d597e904ed1d78cbf16030d78df157aa647b070edb5809456e7ad6bed7762d81,c1583b28b6b23ad3ecd9022f,2026-09-22T08:56:15.669340+09:00
2026-08,A10026484,해운대 자이2차,해운대구,우동,813.0,743.0,743.0,0.9138991389913899,0.9138991389913899,0.3210332103321033,0.45018450184501846,0.14268142681426815,,776548000000.0,,,True,산정 불완전,평형 세대수 합계 불일치,71641c755f5f65206c3a458dea0a12e478b715b928c9f6de73d933ec02937a00,"[[""exclusive_59.81"", ""median_6m""], [""exclusive_74.99"", ""median_12m""], [""exclusive_84.96"", ""median_3m""], [""exclusive_84.76"", ""median_6m""], [""exclusive_84.91"", ""median_6m""], [""exclusive_84.98"", ""median_12m""]]",현재 확보 자료로 재구성한 과거 추정치; 과거 세대 구성 미확인,False,280f7d0e7fe3d77e331defd7c10a1e4ffa5613eef0cc5839a2e0577f7aec6e30,1091c5d184bcf9b91e3d9318fa973ff01654ae42254ef840d7e7e1bde84395dc,d597e904ed1d78cbf16030d78df157aa647b070edb5809456e7ad6bed7762d81,c1583b28b6b23ad3ecd9022f,2026-09-22T08:56:15.669340+09:00
2026-08,A61202004,트럼프월드센텀,해운대구,우동,564.0,564.0,493.0,1.0,0.874113475177305,0.0,0.35106382978723405,0.5230496453900709,,834702500000.0,,,True,산정 불완전,일부 평형 시세 미확보,48d3aca37d770f7c4dad7716c8dff67a3e9398d77e0599213bd9e35108214564,"[[""exclusive_84.98"", ""median_12m""], [""exclusive_84.97"", ""median_6m""], [""exclusive_97.58"", ""median_12m""], [""exclusive_108.51"", ""unavailable""], [""exclusive_109.57"", ""median_12m""], [""exclusive_125.09"", ""unavailable""], [""exclusive_131.48"", ""median_12m""], [""exclusive_132.11"", ""small_sample""], [""exclusive_168.55"", ""unavailable""], [""exclusive_203.16"", ""unavailable""], [""exclusive_205.78"", ""unavailable""]]",현재 확보 자료로 재구성한 과거 추정치; 과거 세대 구성 미확인,False,280f7d0e7fe3d77e331defd7c10a1e4ffa5613eef0cc5839a2e0577f7aec6e30,1091c5d184bcf9b91e3d9318fa973ff01654ae42254ef840d7e7e1bde84395dc,d597e904ed1d78cbf16030d78df157aa647b070edb5809456e7ad6bed7762d81,c1583b28b6b23ad3ecd9022f,2026-09-22T08:56:15.669340+09:00
2026-08,A61202009,해운대자이,해운대구,우동,1059.0,1008.0,1008.0,0.9518413597733711,0.9518413597733711,0.0,0.6128423040604344,0.33899905571293676,,1088127500000.0,,,True,산정 불완전,평형 세대수 합계 불일치,4e762ff27683ca2edbfbb34d99d46e4aff973cc1f94a3bdb1f342086d5aac2d6,"[[""exclusive_59.06"", ""median_6m""], [""exclusive_59.52"", ""median_12m""], [""exclusive_84.53"", ""median_6m""], [""exclusive_84.94"", ""median_6m""], [""exclusive_120.36"", ""median_12m""], [""exclusive_84.8"", ""median_12m""], [""exclusive_84.84"", ""median_12m""]]",현재 확보 자료로 재구성한 과거 추정치; 과거 세대 구성 미확인,False,280f7d0e7fe3d77e331defd7c10a1e4ffa5613eef0cc5839a2e0577f7aec6e30,1091c5d184bcf9b91e3d9318fa973ff01654ae42254ef840d7e7e1bde84395dc,d597e904ed1d78cbf16030d78df157aa647b070edb5809456e7ad6bed7762d81,c1583b28b6b23ad3ecd9022f,2026-09-22T08:56:15.669340+09:00
2026-08,A61202011,해운대센텀두산위브,해운대구,우동,581.0,531.0,490.0,0.9139414802065404,0.8433734939759037,0.3855421686746988,0.0,0.4578313253012048,,385531000000.0,,,True,산정 불완전,평형 세대수 합계 불일치; 일부 평형 시세 미확보,3be043ded4ba3c4cff189d3bcad4268269218636d965f2471577527c56852e0b,"[[""exclusive_53.1"", ""small_sample""], [""exclusive_84.99"", ""median_3m""], [""exclusive_84.97"", ""median_12m""], [""exclusive_105.99"", ""unavailable""], [""exclusive_124.67"", ""median_12m""], [""exclusive_126.71"", ""median_12m""]]",현재 확보 자료로 재구성한 과거 추정치; 과거 세대 구성 미확인,False,280f7d0e7fe3d77e331defd7c10a1e4ffa5613eef0cc5839a2e0577f7aec6e30,1091c5d184bcf9b91e3d9318fa973ff01654ae42254ef840d7e7e1bde84395dc,d597e904ed1d78cbf16030d78df157aa647b070edb5809456e7ad6bed7762d81,c1583b28b6b23ad3ecd9022f,2026-09-22T08:56:15.669340+09:00
2026-08,A61274011,경남마리나아파트,해운대구,우동,624.0,624.0,564.0,1.0,0.9038461538461539,0.4551282051282051,0.0,0.44871794871794873,,523320000000.0,,,True,산정 불완전,일부 평형 시세 미확보,d4a68e0b91cf7c84ce6b15da7fd1cf00e5bdb4889340a61ce3e9793d450b5a08,"[[""exclusive_59.83"", ""median_3m""], [""exclusive_84.93"", ""median_12m""], [""exclusive_134.82"", ""unavailable""], [""exclusive_164.63"", ""small_sample""]]",현재 확보 자료로 재구성한 과거 추정치; 과거 세대 구성 미확인,False,280f7d0e7fe3d77e331defd7c10a1e4ffa5613eef0cc5839a2e0577f7aec6e30,1091c5d184bcf9b91e3d9318fa973ff01654ae42254ef840d7e7e1bde84395dc,d597e904ed1d78cbf16030d78df157aa647b070edb5809456e7ad6bed7762d81,c1583b28b6b23ad3ecd9022f,2026-09-22T08:56:15.669340+09:00
2026-08,A61274013,해운대아이파크,해운대구,우동,1631.0,1631.0,1194.0,1.0,0.7320662170447578,0.0,0.07173513182096873,0.6603310852237891,,1927817000000.0,,,True,산정 불완전,일부 평형 시세 미확보,e743357dc74d73605a32989472c67a7674d7e4dca1f3c80b724da62932a6e9e1,"[[""exclusive_80.79"", ""median_12m""], [""exclusive_83.01"", ""median_6m""], [""exclusive_80.57"", ""small_sample""], [""exclusive_85.94"", ""small_sample""], [""exclusive_89.34"", ""small_sample""], [""exclusive_89.49"", ""median_12m""], [""exclusive_87.3"", ""unavailable""], [""exclusive_88.78"", ""unavailable""], [""exclusive_90.99"", ""small_sample""], [""exclusive_92.74"", ""small_sample""], [""exclusive_92.15"", ""unavailable""], [""exclusive_94.17"", ""small_sample""], [""exclusive_93.04"", ""small_sample""], [""exclusive_94.45"", ""small_sample""], [""exclusive_90.84"", ""unavailable""], [""exclusive_92.89"", ""unavailable""], [""exclusive_93.99"", ""unavailable""], [""exclusive_98.55"", ""unavailable""], [""exclusive_94.11"", ""unavailable""], [""exclusive_98.47"", ""small_sample""], [""exclusive_99.79"", ""small_sample""], [""exclusive_97.29"", ""unavailable""], [""exclusive_96.81"", ""unavailable""], [""exclusive_103.03"", ""small_sample""], [""exclusive_98.18"", ""unavailable""], [""exclusive_100.46"", ""unavailable""], [""exclusive_98.92"", ""unavailable""], [""exclusive_100.43"", ""unavailable""], [""exclusive_102.42"", ""unavailable""], [""exclusive_107.97"", ""unavailable""], [""exclusive_108.1"", ""small_sample""], [""exclusive_110.15"", ""unavailable""], [""exclusive_110.44"", ""small_sample""], [""exclusive_106.87"", ""unavailable""], [""exclusive_107.61"", ""unavailable""], [""exclusive_110.12"", ""small_sample""], [""exclusive_110.47"", ""median_12m""], [""exclusive_111.9"", ""unavailable""], [""exclusive_112.13"", ""small_sample""], [""exclusive_112.6"", ""unavailable""], [""exclusive_111.02"", ""median_12m""], [""exclusive_108.76"", ""unavailable""], [""exclusive_112.99"", ""small_sample""], [""exclusive_114.38"", ""unavailable""], [""exclusive_111.61"", ""unavailable""], [""exclusive_115.68"", ""unavailable""], [""exclusive_117.74"", ""median_6m""], [""exclusive_119.85"", ""small_sample""], [""exclusive_117.4"", ""unavailable""], [""exclusive_119.44"", ""unavailable""], [""exclusive_117.63"", ""unavailable""], [""exclusive_126.13"", ""median_12m""], [""exclusive_126.36"", ""small_sample""], [""exclusive_127.66"", ""unavailable""], [""exclusive_120.99"", ""unavailable""], [""exclusive_125.73"", ""unavailable""], [""exclusive_126.6"", ""unavailable""], [""exclusive_126.79"", ""unavailable""], [""exclusive_124.01"", ""unavailable""], [""exclusive_124.72"", ""unavailable""], [""exclusive_126.65"", ""unavailable""], [""exclusive_125.65"", ""unavailable""], [""exclusive_127.26"", ""unavailable""], [""exclusive_127.63"", ""unavailable""], [""exclusive_135.23"", ""small_sample""], [""exclusive_135.94"", ""unavailable""], [""exclusive_138.72"", ""unavailable""], [""exclusive_139.31"", ""small_sample""], [""exclusive_132.21"", ""unavailable""], [""exclusive_136.15"", ""unavailable""], [""exclusive_136.55"", ""unavailable""], [""exclusive_139.44"", ""small_sample""], [""exclusive_137.97"", ""unavailable""], [""exclusive_142.61"", ""unavailable""], [""exclusive_146.03"", ""unavailable""], [""exclusive_146.2"", ""unavailable""], [""exclusive_154.62"", ""small_sample""], [""exclusive_146.27"", ""unavailable""], [""exclusive_150.53"", ""unavailable""], [""exclusive_156.5"", ""unavailable""], [""exclusive_157.51"", ""small_sample""], [""exclusive_150.11"", ""unavailable""], [""exclusive_154.77"", ""unavailable""], [""exclusive_154.65"", ""small_sample""], [""exclusive_161.66"", ""unavailable""], [""exclusive_158.98"", ""small_sample""], [""exclusive_162.82"", ""small_sample""], [""exclusive_155.24"", ""unavailable""], [""exclusive_158.47"", ""unavailable""], [""exclusive_161.49"", ""unavailable""], [""exclusive_160.65"", ""unavailable""], [""exclusive_160.57"", ""unavailable""], [""exclusive_166.38"", ""unavailable""], [""exclusive_164.47"", ""unavailable""], [""exclusive_161.6"", ""unavailable""], [""exclusive_163.14"", ""unavailable""], [""exclusive_168.5"", ""small_sample""], [""exclusive_165.03"", ""unavailable""], [""exclusive_165.66"", ""unavailable""], [""exclusive_165.76"", ""unavailable""], [""exclusive_169.34"", ""unavailable""], [""exclusive_170.05"", ""unavailable""], [""exclusive_168.01"", ""unavailable""], [""exclusive_167.93"", ""unavailable""], [""exclusive_179.7"", ""unavailable""], [""exclusive_180.19"", ""small_sample""], [""exclusive_173.62"", ""unavailable""], [""exclusive_174.36"", ""unavailable""], [""exclusive_177.75"", ""unavailable""], [""exclusive_184.36"", ""unavailable""], [""exclusive_184.62"", ""small_sample""], [""exclusive_172.42"", ""unavailable""], [""exclusive_179.47"", ""unavailable""], [""exclusive_181.64"", ""unavailable""], [""exclusive_182.03"", ""unavailable""], [""exclusive_185.08"", ""unavailable""], [""exclusive_183.17"", ""unavailable""], [""exclusive_185.54"", ""unavailable""], [""exclusive_190.24"", ""unavailable""], [""exclusive_191.18"", ""unavailable""], [""exclusive_191.6"", ""unavailable""], [""exclusive_193.03"", ""unavailable""], [""exclusive_197.54"", ""unavailable""], [""exclusive_194.79"", ""unavailable""], [""exclusive_196.83"", ""unavailable""], [""exclusive_199.86"", ""unavailable""], [""exclusive_200.62"", ""small_sample""], [""exclusive_199.04"", ""unavailable""], [""exclusive_202.64"", ""unavailable""], [""exclusive_200.3"", ""unavailable""], [""exclusive_203.81"", ""unavailable""], [""exclusive_206.35"", ""unavailable""], [""exclusive_205.21"", ""unavailable""], [""exclusive_202.03"", ""unavailable""], [""exclusive_207.4"", ""unavailable""], [""exclusive_205.34"", ""small_sample""], [""exclusive_201.04"", ""unavailable""], [""exclusive_208.3"", ""unavailable""], [""exclusive_205.53"", ""unavailable""], [""exclusive_212.86"", ""unavailable""], [""exclusive_214.96"", ""unavailable""], [""exclusive_212.32"", ""unavailable""], [""exclusive_213.92"", ""unavailable""], [""exclusive_221.14"", ""unavailable""], [""exclusive_221.49"", ""unavailable""], [""exclusive_223.77"", ""unavailable""], [""exclusive_219.01"", ""unavailable""], [""exclusive_221.44"", ""unavailable""], [""exclusive_219.94"", ""unavailable""], [""exclusive_223.46"", ""unavailable""], [""exclusive_232.91"", ""unavailable""], [""exclusive_229.85"", ""unavailable""], [""exclusive_229.37"", ""unavailable""], [""exclusive_224.26"", ""unavailable""], [""exclusive_237.33"", ""unavailable""], [""exclusive_230.37"", ""unavailable""], [""exclusive_238.55"", ""unavailable""], [""exclusive_233.15"", ""unavailable""], [""exclusive_231.36"", ""unavailable""], [""exclusive_234.57"", ""unavailable""], [""exclusive_235.25"", ""unavailable""], [""exclusive_240.22"", ""unavailable""], [""exclusive_244.99"", ""unavailable""], [""exclusive_243.54"", ""unavailable""], [""exclusive_241.9"", ""unavailable""], [""exclusive_244.79"", ""unavailable""], [""exclusive_250.75"", ""unavailable""], [""exclusive_285.86"", ""unavailable""]]",현재 확보 자료로 재구성한 과거 추정치; 과거 세대 구성 미확인,False,280f7d0e7fe3d77e331defd7c10a1e4ffa5613eef0cc5839a2e0577f7aec6e30,1091c5d184bcf9b91e3d9318fa973ff01654ae42254ef840d7e7e1bde84395dc,d597e904ed1d78cbf16030d78df157aa647b070edb5809456e7ad6bed7762d81,c1583b28b6b23ad3ecd9022f,2026-09-22T08:56:15.669340+09:00
2026-08,A61274114,경동마리나아파트,해운대구,우동,892.0,892.0,817.0,1.0,0.9159192825112108,0.2556053811659193,0.1468609865470852,0.5134529147982063,,578674000000.0,,,True,산정 불완전,일부 평형 시세 미확보,2e93beca82a78d9362b1959ba6f3092a9b4521f5415c7706f9643b7950aab4e6,"[[""exclusive_58.69"", ""median_12m""], [""exclusive_59.55"", ""small_sample""], [""exclusive_59.53"", ""median_6m""], [""exclusive_84.95"", ""median_3m""], [""exclusive_84.77"", ""median_12m""], [""exclusive_84.25"", ""unavailable""], [""exclusive_84.88"", ""unavailable""], [""exclusive_123.98"", ""median_12m""], [""exclusive_175.41"", ""median_12m""], [""exclusive_187.38"", ""unavailable""], [""exclusive_191.43"", ""small_sample""]]",현재 확보 자료로 재구성한 과거 추정치; 과거 세대 구성 미확인,False,280f7d0e7fe3d77e331defd7c10a1e4ffa5613eef0cc5839a2e0577f7aec6e30,1091c5d184bcf9b91e3d9318fa973ff01654ae42254ef840d7e7e1bde84395dc,d597e904ed1d78cbf16030d78df157aa647b070edb5809456e7ad6bed7762d81,c1583b28b6b23ad3ecd9022f,2026-09-22T08:56:15.669340+09:00
2026-08,A61274707,삼호가든아파트,해운대구,우동,1076.0,1076.0,956.0,1.0,0.8884758364312267,0.0,0.5762081784386617,0.31226765799256506,,957554000000.0,,,True,산정 불완전,일부 평형 시세 미확보,fe51eae0d3862755ad7477308ba7c210c101f89cf0f299816c237fd37d899a10,"[[""exclusive_63"", ""median_6m""], [""exclusive_84.69"", ""median_12m""], [""exclusive_84.99"", ""median_6m""], [""exclusive_75.15"", ""unavailable""], [""exclusive_114.39"", ""unavailable""], [""exclusive_128.6"", ""small_sample""], [""exclusive_128.27"", ""unavailable""], [""exclusive_163.94"", ""small_sample""]]",현재 확보 자료로 재구성한 과거 추정치; 과거 세대 구성 미확인,False,280f7d0e7fe3d77e331defd7c10a1e4ffa5613eef0cc5839a2e0577f7aec6e30,1091c5d184bcf9b91e3d9318fa973ff01654ae42254ef840d7e7e1bde84395dc,d597e904ed1d78cbf16030d78df157aa647b070edb5809456e7ad6bed7762d81,c1583b28b6b23ad3ecd9022f,2026-09-22T08:56:15.669340+09:00
2026-08,A61282215,"대우마리나1,2차아파트",해운대구,우동,1164.0,1164.0,1062.0,1.0,0.9123711340206185,0.5919243986254296,0.0,0.32044673539518903,,1317570000000.0,,,True,산정 불완전,일부 평형 시세 미확보,73771fac6c93bbb6e18995a396b5de97b8b458a54f4abf91c253969c08fa6457,"[[""exclusive_70.45"", ""small_sample""], [""exclusive_84.22"", ""median_3m""], [""exclusive_115.45"", ""unavailable""], [""exclusive_134.65"", ""median_12m""], [""exclusive_142.86"", ""unavailable""], [""exclusive_163.34"", ""median_12m""], [""exclusive_173.08"", ""unavailable""], [""exclusive_191.8"", ""unavailable""]]",현재 확보 자료로 재구성한 과거 추정치; 과거 세대 구성 미확인,False,280f7d0e7fe3d77e331defd7c10a1e4ffa5613eef0cc5839a2e0577f7aec6e30,1091c5d184bcf9b91e3d9318fa973ff01654ae42254ef840d7e7e1bde84395dc,d597e904ed1d78cbf16030d78df157aa647b070edb5809456e7ad6bed7762d81,c1583b28b6b23ad3ecd9022f,2026-09-22T08:56:15.669340+09:00
2026-08,A10024591,해운대 롯데캐슬 스타 아파트,해운대구,중동,828.0,828.0,0.0,1.0,0.0,0.0,0.0,0.0,,,,,True,산정 불완전,일부 평형 시세 미확보,c3de1e05bc8e380009e89c4e03b4514f9b0a98cf691e07ba279fb82958acea54,"[[""exclusive_84.91"", ""unavailable""], [""exclusive_84.99"", ""unavailable""], [""exclusive_95.91"", ""unavailable""]]",현재 확보 자료로 재구성한 과거 추정치; 과거 세대 구성 미확인,False,280f7d0e7fe3d77e331defd7c10a1e4ffa5613eef0cc5839a2e0577f7aec6e30,1091c5d184bcf9b91e3d9318fa973ff01654ae42254ef840d7e7e1bde84395dc,d597e904ed1d78cbf16030d78df157aa647b070edb5809456e7ad6bed7762d81,c1583b28b6b23ad3ecd9022f,2026-09-22T08:56:15.669340+09:00
2026-08,A10025181,해운대 LCT 더샵아파트,해운대구,중동,882.0,882.0,0.0,1.0,0.0,0.0,0.0,0.0,,,,,True,산정 불완전,일부 평형 시세 미확보,c48191bc7df9ef5bf49a77f5487e8f9bd236eedfbb5c6ac4d8f1a466cf96362b,"[[""exclusive_144.25"", ""unavailable""], [""exclusive_161.98"", ""unavailable""], [""exclusive_186"", ""unavailable""], [""exclusive_244.29"", ""unavailable""], [""exclusive_244.61"", ""unavailable""]]",현재 확보 자료로 재구성한 과거 추정치; 과거 세대 구성 미확인,False,280f7d0e7fe3d77e331defd7c10a1e4ffa5613eef0cc5839a2e0577f7aec6e30,1091c5d184bcf9b91e3d9318fa973ff01654ae42254ef840d7e7e1bde84395dc,d597e904ed1d78cbf16030d78df157aa647b070edb5809456e7ad6bed7762d81,c1583b28b6b23ad3ecd9022f,2026-09-22T08:56:15.669340+09:00
2026-08,A10028037,해운대힐스테이트위브,해운대구,중동,2369.0,2369.0,2172.0,1.0,0.9168425495989869,0.1114394259181089,0.44238075137188687,0.36302237230899115,,1797955000000.0,,,True,산정 불완전,일부 평형 시세 미확보,3db15fb4992390ba7e697d45a70257872ba4bce3ec1cdf77b44111d47859357a,"[[""exclusive_44.63"", ""small_sample""], [""exclusive_52.73"", ""unavailable""], [""exclusive_59.95"", ""median_12m""], [""exclusive_59.96"", ""small_sample""], [""exclusive_81.37"", ""median_6m""], [""exclusive_80.94"", ""median_3m""], [""exclusive_84.96"", ""small_sample""], [""exclusive_98.19"", ""median_6m""], [""exclusive_101.13"", ""small_sample""], [""exclusive_98.55"", ""median_12m""], [""exclusive_84.58"", ""unavailable""], [""exclusive_102.31"", ""median_12m""], [""exclusive_106.34"", ""small_sample""], [""exclusive_105.88"", ""median_6m""], [""exclusive_109.27"", ""median_6m""], [""exclusive_115.49"", ""unavailable""], [""exclusive_114.75"", ""small_sample""], [""exclusive_116.53"", ""unavailable""], [""exclusive_125.07"", ""unavailable""], [""exclusive_129.15"", ""unavailable""], [""exclusive_129.87"", ""median_6m""], [""exclusive_134.31"", ""median_12m""], [""exclusive_132.52"", ""unavailable""], [""exclusive_132.74"", ""unavailable""], [""exclusive_153.57"", ""small_sample""], [""exclusive_153.01"", ""unavailable""], [""exclusive_158.61"", ""unavailable""], [""exclusive_233.14"", ""small_sample""], [""exclusive_241.89"", ""unavailable""]]",현재 확보 자료로 재구성한 과거 추정치; 과거 세대 구성 미확인,False,280f7d0e7fe3d77e331defd7c10a1e4ffa5613eef0cc5839a2e0577f7aec6e30,1091c5d184bcf9b91e3d9318fa973ff01654ae42254ef840d7e7e1bde84395dc,d597e904ed1d78cbf16030d78df157aa647b070edb5809456e7ad6bed7762d81,c1583b28b6b23ad3ecd9022f,2026-09-22T08:56:15.669340+09:00
2026-08,A61288603,래미안해운대,해운대구,중동,747.0,681.0,623.0,0.9116465863453815,0.8340026773761714,0.5930388219544847,0.0,0.24096385542168675,,535025000000.0,,,True,산정 불완전,평형 세대수 합계 불일치; 일부 평형 시세 미확보,dbc39aaf99f90507c2f8cd7e719ea7b8361cab722bbde00dfb77449d1a3f5ed0,"[[""exclusive_59.86"", ""median_12m""], [""exclusive_84.98"", ""median_3m""], [""exclusive_101.59"", ""median_12m""], [""exclusive_114.43"", ""small_sample""], [""exclusive_123.05"", ""unavailable""], [""exclusive_140.73"", ""unavailable""]]",현재 확보 자료로 재구성한 과거 추정치; 과거 세대 구성 미확인,False,280f7d0e7fe3d77e331defd7c10a1e4ffa5613eef0cc5839a2e0577f7aec6e30,1091c5d184bcf9b91e3d9318fa973ff01654ae42254ef840d7e7e1bde84395dc,d597e904ed1d78cbf16030d78df157aa647b070edb5809456e7ad6bed7762d81,c1583b28b6b23ad3ecd9022f,2026-09-22T08:56:15.669340+09:00
2026-08,A61203016,해운대동신아파트,해운대구,좌동,676.0,676.0,518.0,1.0,0.7662721893491125,0.0,0.44970414201183434,0.3165680473372781,,209520000000.0,,,True,산정 불완전,일부 평형 시세 미확보,278ac30bd6c4e3b671b41eba8533263a5a75516ea5c395d1d0e23d71d1518ece,"[[""exclusive_55.68"", ""median_6m""], [""exclusive_84.93"", ""small_sample""], [""exclusive_101.73"", ""small_sample""], [""exclusive_134.88"", ""unavailable""], [""exclusive_150.98"", ""unavailable""]]",현재 확보 자료로 재구성한 과거 추정치; 과거 세대 구성 미확인,False,280f7d0e7fe3d77e331defd7c10a1e4ffa5613eef0cc5839a2e0577f7aec6e30,1091c5d184bcf9b91e3d9318fa973ff01654ae42254ef840d7e7e1bde84395dc,d597e904ed1d78cbf16030d78df157aa647b070edb5809456e7ad6bed7762d81,c1583b28b6b23ad3ecd9022f,2026-09-22T08:56:15.669340+09:00
2026-08,A61203018,해운대대림2차아파트,해운대구,좌동,682.0,682.0,602.0,1.0,0.8826979472140762,0.45161290322580644,0.19941348973607037,0.2316715542521994,,307700000000.0,,,True,산정 불완전,일부 평형 시세 미확보,1316a33b75d9fc142d9d1711b9a3d0bb5ae8d7fcb63dda0ddb008aaa0de46959,"[[""exclusive_59.81"", ""median_3m""], [""exclusive_84.97"", ""median_6m""], [""exclusive_101.98"", ""median_12m""], [""exclusive_134.11"", ""unavailable""], [""exclusive_164.84"", ""small_sample""]]",현재 확보 자료로 재구성한 과거 추정치; 과거 세대 구성 미확인,False,280f7d0e7fe3d77e331defd7c10a1e4ffa5613eef0cc5839a2e0577f7aec6e30,1091c5d184bcf9b91e3d9318fa973ff01654ae42254ef840d7e7e1bde84395dc,d597e904ed1d78cbf16030d78df157aa647b070edb5809456e7ad6bed7762d81,c1583b28b6b23ad3ecd9022f,2026-09-22T08:56:15.669340+09:00
2026-08,A61204001,송정1단지주공아파트,해운대구,송정동,828.0,0.0,0.0,0.0,0.0,0.0,0.0,0.0,,,,,True,산정 불완전,평형별 세대수 보완 필요; 임대·혼합단지 분양 세대수 미확인,c38eb7731a2edbf2c405dc922468ded84aa651100a03e86668e60fb8b6b0b8e7,[],현재 확보 자료로 재구성한 과거 추정치; 과거 세대 구성 미확인,False,280f7d0e7fe3d77e331defd7c10a1e4ffa5613eef0cc5839a2e0577f7aec6e30,1091c5d184bcf9b91e3d9318fa973ff01654ae42254ef840d7e7e1bde84395dc,d597e904ed1d78cbf16030d78df157aa647b070edb5809456e7ad6bed7762d81,c1583b28b6b23ad3ecd9022f,2026-09-22T08:56:15.669340+09:00
2026-08,A61204002,부산송정2휴먼시아,해운대구,송정동,890.0,0.0,0.0,0.0,0.0,0.0,0.0,0.0,,,,,True,산정 불완전,평형별 세대수 보완 필요; 임대·혼합단지 분양 세대수 미확인,c38eb7731a2edbf2c405dc922468ded84aa651100a03e86668e60fb8b6b0b8e7,[],현재 확보 자료로 재구성한 과거 추정치; 과거 세대 구성 미확인,False,280f7d0e7fe3d77e331defd7c10a1e4ffa5613eef0cc5839a2e0577f7aec6e30,1091c5d184bcf9b91e3d9318fa973ff01654ae42254ef840d7e7e1bde84395dc,d597e904ed1d78cbf16030d78df157aa647b070edb5809456e7ad6bed7762d81,c1583b28b6b23ad3ecd9022f,2026-09-22T08:56:15.669340+09:00
2026-08,A60471810,당리푸르지오,사하구,당리동,542.0,494.0,494.0,0.9114391143911439,0.9114391143911439,0.0,0.09225092250922509,0.8191881918819188,,273714000000.0,,,True,산정 불완전,평형 세대수 합계 불일치,fb7283d3ade5b200e2cd8e606d27dba44231ea40075de97b77c6362110d53092,"[[""exclusive_59.95"", ""median_6m""], [""exclusive_84.98"", ""median_12m""], [""exclusive_84.96"", ""median_12m""], [""exclusive_102.29"", ""median_12m""], [""exclusive_124.94"", ""small_sample""], [""exclusive_140.22"", ""small_sample""]]",현재 확보 자료로 재구성한 과거 추정치; 과거 세대 구성 미확인,False,280f7d0e7fe3d77e331defd7c10a1e4ffa5613eef0cc5839a2e0577f7aec6e30,1091c5d184bcf9b91e3d9318fa973ff01654ae42254ef840d7e7e1bde84395dc,d597e904ed1d78cbf16030d78df157aa647b070edb5809456e7ad6bed7762d81,c1583b28b6b23ad3ecd9022f,2026-09-22T08:56:15.669340+09:00
2026-08,A10027236,사하뷰웰아파트,사하구,신평동,900.0,900.0,834.0,1.0,0.9266666666666666,0.3333333333333333,0.26222222222222225,0.33111111111111113,,204220000000.0,,,True,산정 불완전,일부 평형 시세 미확보,2a44e5c0b23d031bd1e851e7565cea51cc5d5335199dc65980b7cfdebcac95a2,"[[""exclusive_74.96"", ""median_12m""], [""exclusive_74.98"", ""median_12m""], [""exclusive_84.66"", ""unavailable""], [""exclusive_84.74"", ""median_3m""], [""exclusive_84.77"", ""small_sample""], [""exclusive_84.9"", ""median_6m""]]",현재 확보 자료로 재구성한 과거 추정치; 과거 세대 구성 미확인,False,280f7d0e7fe3d77e331defd7c10a1e4ffa5613eef0cc5839a2e0577f7aec6e30,1091c5d184bcf9b91e3d9318fa973ff01654ae42254ef840d7e7e1bde84395dc,d597e904ed1d78cbf16030d78df157aa647b070edb5809456e7ad6bed7762d81,c1583b28b6b23ad3ecd9022f,2026-09-22T08:56:15.669340+09:00
2026-08,A60403002,신평럭키무지개타운아파트,사하구,신평동,505.0,505.0,385.0,1.0,0.7623762376237624,0.0,0.0,0.7623762376237624,,53343750000.0,,,True,산정 불완전,일부 평형 시세 미확보,329c956588e9fd3b14ba05dc09b91e8d9bb2683b7a4e52ab68f072260df7e503,"[[""exclusive_55.65"", ""unavailable""], [""exclusive_58.62"", ""median_12m""], [""exclusive_63.3"", ""small_sample""], [""exclusive_84.95"", ""median_12m""], [""exclusive_143.51"", ""unavailable""], [""exclusive_156.8"", ""small_sample""]]",현재 확보 자료로 재구성한 과거 추정치; 과거 세대 구성 미확인,False,280f7d0e7fe3d77e331defd7c10a1e4ffa5613eef0cc5839a2e0577f7aec6e30,1091c5d184bcf9b91e3d9318fa973ff01654ae42254ef840d7e7e1bde84395dc,d597e904ed1d78cbf16030d78df157aa647b070edb5809456e7ad6bed7762d81,c1583b28b6b23ad3ecd9022f,2026-09-22T08:56:15.669340+09:00
2026-08,A60475903,신익강변타운아파트,사하구,신평동,937.0,937.0,707.0,1.0,0.7545357524012807,0.0,0.11205976520811099,0.6424759871931697,,131895500000.0,,,True,산정 불완전,일부 평형 시세 미확보,537f75f503f273eb65f92d48481884bd046f453bf415ed4815863c33f626f6b1,"[[""exclusive_74.07"", ""unavailable""], [""exclusive_78.94"", ""unavailable""], [""exclusive_71.4"", ""small_sample""], [""exclusive_84.77"", ""median_6m""], [""exclusive_84.29"", ""unavailable""], [""exclusive_84.95"", ""median_12m""], [""exclusive_84.76"", ""unavailable""], [""exclusive_84.96"", ""unavailable""], [""exclusive_94.93"", ""unavailable""], [""exclusive_84.9"", ""small_sample""], [""exclusive_108.68"", ""small_sample""], [""exclusive_112.03"", ""unavailable""], [""exclusive_114.82"", ""unavailable""], [""exclusive_118.86"", ""small_sample""], [""exclusive_132.84"", ""unavailable""], [""exclusive_143.28"", ""small_sample""]]",현재 확보 자료로 재구성한 과거 추정치; 과거 세대 구성 미확인,False,280f7d0e7fe3d77e331defd7c10a1e4ffa5613eef0cc5839a2e0577f7aec6e30,1091c5d184bcf9b91e3d9318fa973ff01654ae42254ef840d7e7e1bde84395dc,d597e904ed1d78cbf16030d78df157aa647b070edb5809456e7ad6bed7762d81,c1583b28b6b23ad3ecd9022f,2026-09-22T08:56:15.669340+09:00
2026-08,A10022280,두산위브더센트럴사하,사하구,장림동,1643.0,1643.0,1262.0,1.0,0.7681071211199026,0.6348143639683506,0.0,0.13329275715155203,,570745000000.0,,,True,산정 불완전,일부 평형 시세 미확보,fd21873ee2bab5ac4f76497a5575991dce081b14c8a11bd2a4f0d0eca07e1510,"[[""exclusive_39.99"", ""unavailable""], [""exclusive_59.93"", ""median_3m""], [""exclusive_59.85"", ""median_12m""], [""exclusive_70.34"", ""unavailable""], [""exclusive_70.05"", ""unavailable""], [""exclusive_84.95"", ""median_3m""], [""exclusive_99.7"", ""small_sample""]]",현재 확보 자료로 재구성한 과거 추정치; 과거 세대 구성 미확인,False,280f7d0e7fe3d77e331defd7c10a1e4ffa5613eef0cc5839a2e0577f7aec6e30,1091c5d184bcf9b91e3d9318fa973ff01654ae42254ef840d7e7e1bde84395dc,d597e904ed1d78cbf16030d78df157aa647b070edb5809456e7ad6bed7762d81,c1583b28b6b23ad3ecd9022f,2026-09-22T08:56:15.669340+09:00
2026-08,A60477315,장림현대아파트,사하구,장림동,828.0,828.0,432.0,1.0,0.5217391304347826,0.0,0.0,0.5217391304347826,,58560000000.0,,,True,산정 불완전,일부 평형 시세 미확보,af6228bcde9ac5d4e9d97886d9afb2f29ef04af121f0bbc8c190f63aad2668b4,"[[""exclusive_61.08"", ""unavailable""], [""exclusive_66.03"", ""median_12m""], [""exclusive_72.54"", ""unavailable""], [""exclusive_79.92"", ""small_sample""], [""exclusive_84.89"", ""unavailable""]]",현재 확보 자료로 재구성한 과거 추정치; 과거 세대 구성 미확인,False,280f7d0e7fe3d77e331defd7c10a1e4ffa5613eef0cc5839a2e0577f7aec6e30,1091c5d184bcf9b91e3d9318fa973ff01654ae42254ef840d7e7e1bde84395dc,d597e904ed1d78cbf16030d78df157aa647b070edb5809456e7ad6bed7762d81,c1583b28b6b23ad3ecd9022f,2026-09-22T08:56:15.669340+09:00
2026-08,A60472901,다대푸르지오,사하구,다대동,972.0,772.0,615.0,0.7942386831275721,0.6327160493827161,0.0,0.36522633744855965,0.2674897119341564,,234952500000.0,,,True,산정 불완전,평형 세대수 합계 불일치; 일부 평형 시세 미확보,cfa8160345b5d0c28fdf33af2535109a439e791b5898d9a227ea5e2e960c1f45,"[[""exclusive_84.55"", ""median_6m""], [""exclusive_84.77"", ""unavailable""], [""exclusive_84.99"", ""small_sample""], [""exclusive_104"", ""median_6m""], [""exclusive_104.66"", ""small_sample""], [""exclusive_105.19"", ""median_6m""], [""exclusive_121.96"", ""unavailable""]]",현재 확보 자료로 재구성한 과거 추정치; 과거 세대 구성 미확인,False,280f7d0e7fe3d77e331defd7c10a1e4ffa5613eef0cc5839a2e0577f7aec6e30,1091c5d184bcf9b91e3d9318fa973ff01654ae42254ef840d7e7e1bde84395dc,d597e904ed1d78cbf16030d78df157aa647b070edb5809456e7ad6bed7762d81,c1583b28b6b23ad3ecd9022f,2026-09-22T08:56:15.669340+09:00
2026-08,A60475309,3지구도개공아파트,사하구,다대동,750.0,0.0,0.0,0.0,0.0,0.0,0.0,0.0,,,,,True,산정 불완전,평형별 세대수 보완 필요; 임대·혼합단지 분양 세대수 미확인,c38eb7731a2edbf2c405dc922468ded84aa651100a03e86668e60fb8b6b0b8e7,[],현재 확보 자료로 재구성한 과거 추정치; 과거 세대 구성 미확인,False,280f7d0e7fe3d77e331defd7c10a1e4ffa5613eef0cc5839a2e0577f7aec6e30,1091c5d184bcf9b91e3d9318fa973ff01654ae42254ef840d7e7e1bde84395dc,d597e904ed1d78cbf16030d78df157aa647b070edb5809456e7ad6bed7762d81,c1583b28b6b23ad3ecd9022f,2026-09-22T08:56:15.669340+09:00
2026-08,A60475411,도개공다대4지구영구임대아파트,사하구,다대동,1920.0,0.0,0.0,0.0,0.0,0.0,0.0,0.0,,,,,True,산정 불완전,평형별 세대수 보완 필요; 임대·혼합단지 분양 세대수 미확인,c38eb7731a2edbf2c405dc922468ded84aa651100a03e86668e60fb8b6b0b8e7,[],현재 확보 자료로 재구성한 과거 추정치; 과거 세대 구성 미확인,False,280f7d0e7fe3d77e331defd7c10a1e4ffa5613eef0cc5839a2e0577f7aec6e30,1091c5d184bcf9b91e3d9318fa973ff01654ae42254ef840d7e7e1bde84395dc,d597e904ed1d78cbf16030d78df157aa647b070edb5809456e7ad6bed7762d81,c1583b28b6b23ad3ecd9022f,2026-09-22T08:56:15.669340+09:00
2026-08,A60476604,다대코오롱아파트(코오롱맨션),사하구,다대동,520.0,520.0,365.0,1.0,0.7019230769230769,0.0,0.0,0.7019230769230769,,75530000000.0,,,True,산정 불완전,일부 평형 시세 미확보,983b45b636f9de3fcbdbd9291fdd5943804c90ca61f0686db256af84d360521e,"[[""exclusive_43.33"", ""median_12m""], [""exclusive_47.68"", ""unavailable""], [""exclusive_62"", ""median_12m""], [""exclusive_68.9"", ""small_sample""], [""exclusive_77"", ""small_sample""], [""exclusive_84.9"", ""unavailable""]]",현재 확보 자료로 재구성한 과거 추정치; 과거 세대 구성 미확인,False,280f7d0e7fe3d77e331defd7c10a1e4ffa5613eef0cc5839a2e0577f7aec6e30,1091c5d184bcf9b91e3d9318fa973ff01654ae42254ef840d7e7e1bde84395dc,d597e904ed1d78cbf16030d78df157aa647b070edb5809456e7ad6bed7762d81,c1583b28b6b23ad3ecd9022f,2026-09-22T08:56:15.669340+09:00
2026-08,A60482712,5지구몰운대영구임대아파트,사하구,다대동,2107.0,0.0,0.0,0.0,0.0,0.0,0.0,0.0,,,,,True,산정 불완전,평형별 세대수 보완 필요; 임대·혼합단지 분양 세대수 미확인,c38eb7731a2edbf2c405dc922468ded84aa651100a03e86668e60fb8b6b0b8e7,[],현재 확보 자료로 재구성한 과거 추정치; 과거 세대 구성 미확인,False,280f7d0e7fe3d77e331defd7c10a1e4ffa5613eef0cc5839a2e0577f7aec6e30,1091c5d184bcf9b91e3d9318fa973ff01654ae42254ef840d7e7e1bde84395dc,d597e904ed1d78cbf16030d78df157aa647b070edb5809456e7ad6bed7762d81,c1583b28b6b23ad3ecd9022f,2026-09-22T08:56:15.669340+09:00
2026-08,A10024185,부산사하중흥S-클래스,사하구,구평동,665.0,0.0,0.0,0.0,0.0,0.0,0.0,0.0,,,,,True,산정 불완전,평형별 세대수 보완 필요; 임대·혼합단지 분양 세대수 미확인,c38eb7731a2edbf2c405dc922468ded84aa651100a03e86668e60fb8b6b0b8e7,[],현재 확보 자료로 재구성한 과거 추정치; 과거 세대 구성 미확인,False,280f7d0e7fe3d77e331defd7c10a1e4ffa5613eef0cc5839a2e0577f7aec6e30,1091c5d184bcf9b91e3d9318fa973ff01654ae42254ef840d7e7e1bde84395dc,d597e904ed1d78cbf16030d78df157aa647b070edb5809456e7ad6bed7762d81,c1583b28b6b23ad3ecd9022f,2026-09-22T08:56:15.669340+09:00
2026-08,A10027306,대림e편한세상사하1차아파트,사하구,구평동,1068.0,1068.0,1014.0,1.0,0.949438202247191,0.802434456928839,0.1198501872659176,0.027153558052434457,,277923000000.0,,,True,산정 불완전,일부 평형 시세 미확보,1e96bc223eb72e163f800f8a6e237b2f6ff3c2aa96991c7135bcc20d0ba648b9,"[[""exclusive_59.92"", ""median_3m""], [""exclusive_59.71"", ""median_6m""], [""exclusive_72.96"", ""median_3m""], [""exclusive_72.97"", ""unavailable""], [""exclusive_84.14"", ""median_3m""], [""exclusive_84.99"", ""median_3m""], [""exclusive_84.88"", ""small_sample""], [""exclusive_84.86"", ""unavailable""], [""exclusive_84.97"", ""unavailable""], [""exclusive_84.85"", ""unavailable""]]",현재 확보 자료로 재구성한 과거 추정치; 과거 세대 구성 미확인,False,280f7d0e7fe3d77e331defd7c10a1e4ffa5613eef0cc5839a2e0577f7aec6e30,1091c5d184bcf9b91e3d9318fa973ff01654ae42254ef840d7e7e1bde84395dc,d597e904ed1d78cbf16030d78df157aa647b070edb5809456e7ad6bed7762d81,c1583b28b6b23ad3ecd9022f,2026-09-22T08:56:15.669340+09:00
2026-08,A60976902,청룡경동아파트,금정구,청룡동,612.0,612.0,540.0,1.0,0.8823529411764706,0.4444444444444444,0.0,0.43790849673202614,,127010000000.0,,,True,산정 불완전,일부 평형 시세 미확보,18eec36e12c4c3f9ac8cbd9314ed611fb92cdde396da32ab2201dc49c7cf5d6b,"[[""exclusive_59.79"", ""median_12m""], [""exclusive_84.62"", ""median_3m""], [""exclusive_150.28"", ""unavailable""], [""exclusive_186.65"", ""small_sample""]]",현재 확보 자료로 재구성한 과거 추정치; 과거 세대 구성 미확인,False,280f7d0e7fe3d77e331defd7c10a1e4ffa5613eef0cc5839a2e0577f7aec6e30,1091c5d184bcf9b91e3d9318fa973ff01654ae42254ef840d7e7e1bde84395dc,d597e904ed1d78cbf16030d78df157aa647b070edb5809456e7ad6bed7762d81,c1583b28b6b23ad3ecd9022f,2026-09-22T08:56:15.669340+09:00
2026-08,A60931207,구서동롯데캐슬골드2단지(1049),금정구,구서동,1926.0,1926.0,1794.0,1.0,0.9314641744548287,0.22429906542056074,0.5498442367601246,0.1573208722741433,,1076692000000.0,,,True,산정 불완전,일부 평형 시세 미확보,9f8d1e54c5b39049089e03b934000f6cc1b2b874794c54c0dccc9b12b19ae143,"[[""exclusive_59.96"", ""median_6m""], [""exclusive_59.81"", ""small_sample""], [""exclusive_77.1"", ""median_6m""], [""exclusive_84.98"", ""median_3m""], [""exclusive_110.72"", ""median_6m""], [""exclusive_119.68"", ""median_6m""], [""exclusive_133.57"", ""median_6m""], [""exclusive_175.89"", ""small_sample""], [""exclusive_201.26"", ""unavailable""], [""exclusive_230.27"", ""median_12m""]]",현재 확보 자료로 재구성한 과거 추정치; 과거 세대 구성 미확인,False,280f7d0e7fe3d77e331defd7c10a1e4ffa5613eef0cc5839a2e0577f7aec6e30,1091c5d184bcf9b91e3d9318fa973ff01654ae42254ef840d7e7e1bde84395dc,d597e904ed1d78cbf16030d78df157aa647b070edb5809456e7ad6bed7762d81,c1583b28b6b23ad3ecd9022f,2026-09-22T08:56:15.669340+09:00
2026-08,A60975204,구서선경아파트,금정구,구서동,616.0,616.0,556.0,1.0,0.9025974025974026,0.0,0.0,0.9025974025974026,,262996000000.0,,,True,산정 불완전,일부 평형 시세 미확보,b4b3ace38ebae5e5def0d784ae4615ba20181e41e14729c9bcad91fb0334b4af,"[[""exclusive_84.96"", ""median_12m""], [""exclusive_85"", ""small_sample""], [""exclusive_101.94"", ""small_sample""], [""exclusive_120.69"", ""small_sample""], [""exclusive_125.78"", ""unavailable""], [""exclusive_135.23"", ""small_sample""], [""exclusive_166.71"", ""small_sample""]]",현재 확보 자료로 재구성한 과거 추정치; 과거 세대 구성 미확인,False,280f7d0e7fe3d77e331defd7c10a1e4ffa5613eef0cc5839a2e0577f7aec6e30,1091c5d184bcf9b91e3d9318fa973ff01654ae42254ef840d7e7e1bde84395dc,d597e904ed1d78cbf16030d78df157aa647b070edb5809456e7ad6bed7762d81,c1583b28b6b23ad3ecd9022f,2026-09-22T08:56:15.669340+09:00
2026-08,A60976105,구서선경3차아파트,금정구,구서동,795.0,795.0,615.0,1.0,0.7735849056603774,0.1509433962264151,0.0,0.6226415094339622,,201990000000.0,,,True,산정 불완전,일부 평형 시세 미확보,28e43e6f08e548baaff68ff552cf435146aced51fdc796b7703b39dc4a3ecb34,"[[""exclusive_84.82"", ""median_12m""], [""exclusive_84.96"", ""median_3m""], [""exclusive_122.22"", ""median_12m""], [""exclusive_139.68"", ""unavailable""], [""exclusive_166.15"", ""unavailable""], [""exclusive_183.45"", ""small_sample""], [""exclusive_183.66"", ""small_sample""]]",현재 확보 자료로 재구성한 과거 추정치; 과거 세대 구성 미확인,False,280f7d0e7fe3d77e331defd7c10a1e4ffa5613eef0cc5839a2e0577f7aec6e30,1091c5d184bcf9b91e3d9318fa973ff01654ae42254ef840d7e7e1bde84395dc,d597e904ed1d78cbf16030d78df157aa647b070edb5809456e7ad6bed7762d81,c1583b28b6b23ad3ecd9022f,2026-09-22T08:56:15.669340+09:00
2026-08,A60939003,벽산블루밍장전디자인시티,금정구,장전동,1539.0,1539.0,0.0,1.0,0.0,0.0,0.0,0.0,,,,,True,산정 불완전,일부 평형 시세 미확보,4ead4101c970e9289b96d3746f16cd30daf0de354492fea676a6c847badba422,"[[""exclusive_59.99"", ""unavailable""], [""exclusive_67.37"", ""unavailable""], [""exclusive_67.4"", ""unavailable""], [""exclusive_67.41"", ""unavailable""], [""exclusive_84.99"", ""unavailable""], [""exclusive_104.86"", ""unavailable""], [""exclusive_104.17"", ""unavailable""], [""exclusive_132.27"", ""unavailable""], [""exclusive_132.21"", ""unavailable""], [""exclusive_132.86"", ""unavailable""], [""exclusive_147.65"", ""unavailable""], [""exclusive_147.27"", ""unavailable""], [""exclusive_164.72"", ""unavailable""]]",현재 확보 자료로 재구성한 과거 추정치; 과거 세대 구성 미확인,False,280f7d0e7fe3d77e331defd7c10a1e4ffa5613eef0cc5839a2e0577f7aec6e30,1091c5d184bcf9b91e3d9318fa973ff01654ae42254ef840d7e7e1bde84395dc,d597e904ed1d78cbf16030d78df157aa647b070edb5809456e7ad6bed7762d81,c1583b28b6b23ad3ecd9022f,2026-09-22T08:56:15.669340+09:00
2026-08,A60970301,부곡대우아파트,금정구,부곡동,1270.0,1270.0,1126.0,1.0,0.8866141732283465,0.0,0.694488188976378,0.1921259842519685,,497167000000.0,,,True,산정 불완전,일부 평형 시세 미확보,d1bd3540ab648fc84a443dcdc13fe393b376b71645e8d3bc9e9a63884561e991,"[[""exclusive_40.95"", ""median_6m""], [""exclusive_59.93"", ""median_6m""], [""exclusive_84.96"", ""median_6m""], [""exclusive_84.95"", ""median_6m""], [""exclusive_114.99"", ""median_12m""], [""exclusive_134.64"", ""unavailable""], [""exclusive_155.31"", ""small_sample""]]",현재 확보 자료로 재구성한 과거 추정치; 과거 세대 구성 미확인,False,280f7d0e7fe3d77e331defd7c10a1e4ffa5613eef0cc5839a2e0577f7aec6e30,1091c5d184bcf9b91e3d9318fa973ff01654ae42254ef840d7e7e1bde84395dc,d597e904ed1d78cbf16030d78df157aa647b070edb5809456e7ad6bed7762d81,c1583b28b6b23ad3ecd9022f,2026-09-22T08:56:15.669340+09:00
2026-08,A60975404,부곡뉴그린아파트,금정구,부곡동,990.0,990.0,780.0,1.0,0.7878787878787878,0.25757575757575757,0.2727272727272727,0.25757575757575757,,104160000000.0,,,True,산정 불완전,일부 평형 시세 미확보,9f1d76ef4b71c8c817fc54db52ea5b0b1528d429f19670308025fee5233ee3af,"[[""exclusive_57.33"", ""unavailable""], [""exclusive_54.9"", ""median_3m""], [""exclusive_58.59"", ""small_sample""], [""exclusive_58.41"", ""unavailable""], [""exclusive_57.15"", ""median_6m""], [""exclusive_59.76"", ""median_12m""]]",현재 확보 자료로 재구성한 과거 추정치; 과거 세대 구성 미확인,False,280f7d0e7fe3d77e331defd7c10a1e4ffa5613eef0cc5839a2e0577f7aec6e30,1091c5d184bcf9b91e3d9318fa973ff01654ae42254ef840d7e7e1bde84395dc,d597e904ed1d78cbf16030d78df157aa647b070edb5809456e7ad6bed7762d81,c1583b28b6b23ad3ecd9022f,2026-09-22T08:56:15.669340+09:00
2026-08,A60976501,부곡시영,금정구,부곡동,553.0,0.0,0.0,0.0,0.0,0.0,0.0,0.0,,,,,True,산정 불완전,평형별 세대수 보완 필요; 임대·혼합단지 분양 세대수 미확인,c38eb7731a2edbf2c405dc922468ded84aa651100a03e86668e60fb8b6b0b8e7,[],현재 확보 자료로 재구성한 과거 추정치; 과거 세대 구성 미확인,False,280f7d0e7fe3d77e331defd7c10a1e4ffa5613eef0cc5839a2e0577f7aec6e30,1091c5d184bcf9b91e3d9318fa973ff01654ae42254ef840d7e7e1bde84395dc,d597e904ed1d78cbf16030d78df157aa647b070edb5809456e7ad6bed7762d81,c1583b28b6b23ad3ecd9022f,2026-09-22T08:56:15.669340+09:00
2026-08,A60976502,부곡늘푸른아파트,금정구,부곡동,885.0,735.0,0.0,0.8305084745762712,0.0,0.0,0.0,0.0,,,,,True,산정 불완전,평형 세대수 합계 불일치; 일부 평형 시세 미확보,6153e0d1375689ee214ebbbc0393270ccdea5bab1c656db4481bb8d173cd0ed3,"[[""exclusive_40.23"", ""unavailable""], [""exclusive_45.72"", ""unavailable""], [""exclusive_57.15"", ""unavailable""], [""exclusive_58.41"", ""unavailable""], [""exclusive_59.76"", ""unavailable""]]",현재 확보 자료로 재구성한 과거 추정치; 과거 세대 구성 미확인,False,280f7d0e7fe3d77e331defd7c10a1e4ffa5613eef0cc5839a2e0577f7aec6e30,1091c5d184bcf9b91e3d9318fa973ff01654ae42254ef840d7e7e1bde84395dc,d597e904ed1d78cbf16030d78df157aa647b070edb5809456e7ad6bed7762d81,c1583b28b6b23ad3ecd9022f,2026-09-22T08:56:15.669340+09:00
2026-08,A60982103,우신뉴타운,금정구,부곡동,552.0,552.0,506.0,1.0,0.9166666666666666,0.0,0.0,0.9166666666666666,,160599500000.0,,,True,산정 불완전,일부 평형 시세 미확보,e94cb9371acf8c871a5e56c73c87f2cfc7a62c452595bf0d8d5cadbbc8f992b1,"[[""exclusive_59.82"", ""median_12m""], [""exclusive_84.87"", ""median_12m""], [""exclusive_134.4"", ""median_12m""], [""exclusive_180.16"", ""unavailable""]]",현재 확보 자료로 재구성한 과거 추정치; 과거 세대 구성 미확인,False,280f7d0e7fe3d77e331defd7c10a1e4ffa5613eef0cc5839a2e0577f7aec6e30,1091c5d184bcf9b91e3d9318fa973ff01654ae42254ef840d7e7e1bde84395dc,d597e904ed1d78cbf16030d78df157aa647b070edb5809456e7ad6bed7762d81,c1583b28b6b23ad3ecd9022f,2026-09-22T08:56:15.669340+09:00
2026-08,A10020020,부산에코델타시티 디에트르 더 퍼스트아파트,강서구,강동동,972.0,972.0,0.0,1.0,0.0,0.0,0.0,0.0,,,,,True,산정 불완전,일부 평형 시세 미확보,7ff5ab3ea029eae3326e886f7dbbace06875287302a18649fbabc979ddb1e185,"[[""exclusive_84.99"", ""unavailable""], [""exclusive_110.98"", ""unavailable""], [""exclusive_110.96"", ""unavailable""]]",현재 확보 자료로 재구성한 과거 추정치; 과거 세대 구성 미확인,False,280f7d0e7fe3d77e331defd7c10a1e4ffa5613eef0cc5839a2e0577f7aec6e30,1091c5d184bcf9b91e3d9318fa973ff01654ae42254ef840d7e7e1bde84395dc,d597e904ed1d78cbf16030d78df157aa647b070edb5809456e7ad6bed7762d81,c1583b28b6b23ad3ecd9022f,2026-09-22T08:56:15.669340+09:00
2026-08,A10020264,에코델타 더 베르힐 아파트,강서구,강동동,1120.0,1120.0,610.0,1.0,0.5446428571428571,0.0,0.0,0.5446428571428571,,329400000000.0,,,True,산정 불완전,일부 평형 시세 미확보,147a9795f5c812f34f39708a1914eb1afb878ebbca6161027c03c009479ba51a,"[[""exclusive_84.42"", ""unavailable""], [""exclusive_84.95"", ""small_sample""], [""exclusive_84.98"", ""unavailable""], [""exclusive_106.42"", ""unavailable""]]",현재 확보 자료로 재구성한 과거 추정치; 과거 세대 구성 미확인,False,280f7d0e7fe3d77e331defd7c10a1e4ffa5613eef0cc5839a2e0577f7aec6e30,1091c5d184bcf9b91e3d9318fa973ff01654ae42254ef840d7e7e1bde84395dc,d597e904ed1d78cbf16030d78df157aa647b070edb5809456e7ad6bed7762d81,c1583b28b6b23ad3ecd9022f,2026-09-22T08:56:15.669340+09:00
2026-08,A10020378,에코델타시티 푸르지오린,강서구,강동동,895.0,886.0,0.0,0.9899441340782122,0.0,0.0,0.0,0.0,,,,,True,산정 불완전,평형 세대수 합계 불일치; 일부 평형 시세 미확보,9b3cf84ca61f4a61304f6ab4277d7c39db574540fea81d02edc0d3d815580b8d,"[[""exclusive_84.9"", ""unavailable""], [""exclusive_84.95"", ""unavailable""], [""exclusive_95.34"", ""unavailable""], [""exclusive_93.79"", ""unavailable""], [""exclusive_95.38"", ""unavailable""], [""exclusive_99.66"", ""unavailable""], [""exclusive_103.2"", ""unavailable""], [""exclusive_110.44"", ""unavailable""]]",현재 확보 자료로 재구성한 과거 추정치; 과거 세대 구성 미확인,False,280f7d0e7fe3d77e331defd7c10a1e4ffa5613eef0cc5839a2e0577f7aec6e30,1091c5d184bcf9b91e3d9318fa973ff01654ae42254ef840d7e7e1bde84395dc,d597e904ed1d78cbf16030d78df157aa647b070edb5809456e7ad6bed7762d81,c1583b28b6b23ad3ecd9022f,2026-09-22T08:56:15.669340+09:00
2026-08,A10020569,에코델타시티 푸르지오 센터파크,강서구,강동동,972.0,972.0,0.0,1.0,0.0,0.0,0.0,0.0,,,,,True,산정 불완전,일부 평형 시세 미확보,d93be0fc476dff40f25502a5781cf9bea68903ca39516031f291107edd0fe05e,"[[""exclusive_74.42"", ""unavailable""], [""exclusive_74.96"", ""unavailable""], [""exclusive_84.88"", ""unavailable""], [""exclusive_84.65"", ""unavailable""], [""exclusive_84.59"", ""unavailable""], [""exclusive_84.72"", ""unavailable""], [""exclusive_84.76"", ""unavailable""], [""exclusive_84.97"", ""unavailable""], [""exclusive_84.56"", ""unavailable""]]",현재 확보 자료로 재구성한 과거 추정치; 과거 세대 구성 미확인,False,280f7d0e7fe3d77e331defd7c10a1e4ffa5613eef0cc5839a2e0577f7aec6e30,1091c5d184bcf9b91e3d9318fa973ff01654ae42254ef840d7e7e1bde84395dc,d597e904ed1d78cbf16030d78df157aa647b070edb5809456e7ad6bed7762d81,c1583b28b6b23ad3ecd9022f,2026-09-22T08:56:15.669340+09:00
2026-08,A10020645,강서자이 에코델타,강서구,강동동,856.0,856.0,184.0,1.0,0.21495327102803738,0.0,0.0,0.21495327102803738,,92896000000.0,,,True,산정 불완전,일부 평형 시세 미확보,a4b848e7e3fb6c5aab9ace28b5e3c30c92bf1543b30fa4ca508bcffff2f47eca,"[[""exclusive_70.23"", ""small_sample""], [""exclusive_70.44"", ""unavailable""], [""exclusive_84.4"", ""unavailable""], [""exclusive_84.21"", ""unavailable""], [""exclusive_84.32"", ""unavailable""], [""exclusive_84.26"", ""small_sample""], [""exclusive_84.2"", ""unavailable""], [""exclusive_84.45"", ""unavailable""]]",현재 확보 자료로 재구성한 과거 추정치; 과거 세대 구성 미확인,False,280f7d0e7fe3d77e331defd7c10a1e4ffa5613eef0cc5839a2e0577f7aec6e30,1091c5d184bcf9b91e3d9318fa973ff01654ae42254ef840d7e7e1bde84395dc,d597e904ed1d78cbf16030d78df157aa647b070edb5809456e7ad6bed7762d81,c1583b28b6b23ad3ecd9022f,2026-09-22T08:56:15.669340+09:00
2026-08,A10020649,e편한세상 에코델타 센터포인트,강서구,강동동,953.0,953.0,0.0,1.0,0.0,0.0,0.0,0.0,,,,,True,산정 불완전,일부 평형 시세 미확보,bf77f005ea8a90da6f6cb4d6c306d7233fb2ad08a27183bf2c09f3b748c3ddb7,"[[""exclusive_68.97"", ""unavailable""], [""exclusive_68.99"", ""unavailable""], [""exclusive_71.81"", ""unavailable""], [""exclusive_79.99"", ""unavailable""], [""exclusive_79.98"", ""unavailable""], [""exclusive_84.98"", ""unavailable""], [""exclusive_84.99"", ""unavailable""]]",현재 확보 자료로 재구성한 과거 추정치; 과거 세대 구성 미확인,False,280f7d0e7fe3d77e331defd7c10a1e4ffa5613eef0cc5839a2e0577f7aec6e30,1091c5d184bcf9b91e3d9318fa973ff01654ae42254ef840d7e7e1bde84395dc,d597e904ed1d78cbf16030d78df157aa647b070edb5809456e7ad6bed7762d81,c1583b28b6b23ad3ecd9022f,2026-09-22T08:56:15.669340+09:00
2026-08,A10022541,에코델타 스마트시티 수자인,강서구,강동동,554.0,554.0,359.0,1.0,0.648014440433213,0.0,0.0,0.648014440433213,,239367500000.0,,,True,산정 불완전,일부 평형 시세 미확보,6808f6c15a3747a09c888bfae8326ad30611d7a3531340e0a7e173bc9ac34fe2,"[[""exclusive_102.02"", ""small_sample""], [""exclusive_107.84"", ""unavailable""], [""exclusive_132.46"", ""unavailable""], [""exclusive_132.24"", ""unavailable""], [""exclusive_132.96"", ""small_sample""]]",현재 확보 자료로 재구성한 과거 추정치; 과거 세대 구성 미확인,False,280f7d0e7fe3d77e331defd7c10a1e4ffa5613eef0cc5839a2e0577f7aec6e30,1091c5d184bcf9b91e3d9318fa973ff01654ae42254ef840d7e7e1bde84395dc,d597e904ed1d78cbf16030d78df157aa647b070edb5809456e7ad6bed7762d81,c1583b28b6b23ad3ecd9022f,2026-09-22T08:56:15.669340+09:00
2026-08,A10022696,부산호반써밋스마트시티아파트,강서구,강동동,526.0,526.0,436.0,1.0,0.8288973384030418,0.0,0.0,0.8288973384030418,,245052000000.0,,,True,산정 불완전,일부 평형 시세 미확보,ee632b34d33bdee53acfcdbdf61df258c04105bcf3ab8357b50e0b1c52a168db,"[[""exclusive_84.93"", ""unavailable""], [""exclusive_84.88"", ""small_sample""], [""exclusive_84.91"", ""small_sample""]]",현재 확보 자료로 재구성한 과거 추정치; 과거 세대 구성 미확인,False,280f7d0e7fe3d77e331defd7c10a1e4ffa5613eef0cc5839a2e0577f7aec6e30,1091c5d184bcf9b91e3d9318fa973ff01654ae42254ef840d7e7e1bde84395dc,d597e904ed1d78cbf16030d78df157aa647b070edb5809456e7ad6bed7762d81,c1583b28b6b23ad3ecd9022f,2026-09-22T08:56:15.669340+09:00
2026-08,A10025923,스위트팰리스,강서구,명지동,908.0,142.0,22.0,0.15638766519823788,0.024229074889867842,0.0,0.0,0.024229074889867842,,8800000000.0,,,True,산정 불완전,평형 세대수 합계 불일치; 임대·혼합단지 분양 세대수 미확인; 일부 평형 시세 미확보,29a1063f5c91b3bfcf4ff4693843f42e09dd28bdc48be1c7687c260861152d07,"[[""exclusive_74.84"", ""unavailable""], [""exclusive_74.9"", ""unavailable""], [""exclusive_84.88"", ""small_sample""]]",현재 확보 자료로 재구성한 과거 추정치; 과거 세대 구성 미확인,False,280f7d0e7fe3d77e331defd7c10a1e4ffa5613eef0cc5839a2e0577f7aec6e30,1091c5d184bcf9b91e3d9318fa973ff01654ae42254ef840d7e7e1bde84395dc,d597e904ed1d78cbf16030d78df157aa647b070edb5809456e7ad6bed7762d81,c1583b28b6b23ad3ecd9022f,2026-09-22T08:56:15.669340+09:00
2026-08,A10025932,명지금강펜테리움센트럴파크3차,강서구,명지동,870.0,0.0,0.0,0.0,0.0,0.0,0.0,0.0,,,,,True,산정 불완전,평형별 세대수 보완 필요; 임대·혼합단지 분양 세대수 미확인,c38eb7731a2edbf2c405dc922468ded84aa651100a03e86668e60fb8b6b0b8e7,[],현재 확보 자료로 재구성한 과거 추정치; 과거 세대 구성 미확인,False,280f7d0e7fe3d77e331defd7c10a1e4ffa5613eef0cc5839a2e0577f7aec6e30,1091c5d184bcf9b91e3d9318fa973ff01654ae42254ef840d7e7e1bde84395dc,d597e904ed1d78cbf16030d78df157aa647b070edb5809456e7ad6bed7762d81,c1583b28b6b23ad3ecd9022f,2026-09-22T08:56:15.669340+09:00
2026-08,A10027698,명지 국제신도시 호반베르디움1차,강서구,명지동,642.0,642.0,0.0,1.0,0.0,0.0,0.0,0.0,,,,,True,산정 불완전,일부 평형 시세 미확보,8cfdaa19db9cf01557a7af09772d4271f67f297aa967f18d5916b5c1d8575867,"[[""exclusive_66.91"", ""unavailable""], [""exclusive_74.81"", ""unavailable""], [""exclusive_74.93"", ""unavailable""], [""exclusive_84.96"", ""unavailable""]]",현재 확보 자료로 재구성한 과거 추정치; 과거 세대 구성 미확인,False,280f7d0e7fe3d77e331defd7c10a1e4ffa5613eef0cc5839a2e0577f7aec6e30,1091c5d184bcf9b91e3d9318fa973ff01654ae42254ef840d7e7e1bde84395dc,d597e904ed1d78cbf16030d78df157aa647b070edb5809456e7ad6bed7762d81,c1583b28b6b23ad3ecd9022f,2026-09-22T08:56:15.669340+09:00
2026-08,A10027918,명지1차금강펜테리움센트럴파크,강서구,명지동,850.0,850.0,0.0,1.0,0.0,0.0,0.0,0.0,,,,,True,산정 불완전,일부 평형 시세 미확보,72dc29fe01294ad37f85c6ff092db6af0db1b56ff8bfc90f8e2011dc27b42a7a,"[[""exclusive_61.25"", ""unavailable""], [""exclusive_84.39"", ""unavailable""], [""exclusive_84.25"", ""unavailable""], [""exclusive_84.24"", ""unavailable""]]",현재 확보 자료로 재구성한 과거 추정치; 과거 세대 구성 미확인,False,280f7d0e7fe3d77e331defd7c10a1e4ffa5613eef0cc5839a2e0577f7aec6e30,1091c5d184bcf9b91e3d9318fa973ff01654ae42254ef840d7e7e1bde84395dc,d597e904ed1d78cbf16030d78df157aa647b070edb5809456e7ad6bed7762d81,c1583b28b6b23ad3ecd9022f,2026-09-22T08:56:15.669340+09:00
2026-08,A10027953,명지에일린의뜰아파트,강서구,명지동,980.0,980.0,0.0,1.0,0.0,0.0,0.0,0.0,,,,,True,산정 불완전,일부 평형 시세 미확보,3918f3c5484a9bb8c5c5a98678470fa728cbe3f4920429851ea700484c23d3bd,"[[""exclusive_66.93"", ""unavailable""], [""exclusive_75.7"", ""unavailable""], [""exclusive_75.28"", ""unavailable""], [""exclusive_84.99"", ""unavailable""], [""exclusive_84.98"", ""unavailable""]]",현재 확보 자료로 재구성한 과거 추정치; 과거 세대 구성 미확인,False,280f7d0e7fe3d77e331defd7c10a1e4ffa5613eef0cc5839a2e0577f7aec6e30,1091c5d184bcf9b91e3d9318fa973ff01654ae42254ef840d7e7e1bde84395dc,d597e904ed1d78cbf16030d78df157aa647b070edb5809456e7ad6bed7762d81,c1583b28b6b23ad3ecd9022f,2026-09-22T08:56:15.669340+09:00
2026-08,A61820001,명지롯데캐슬,강서구,명지동,1122.0,1122.0,1032.0,1.0,0.9197860962566845,0.31194295900178254,0.23707664884135474,0.37076648841354726,,389254000000.0,,,True,산정 불완전,일부 평형 시세 미확보,1f00a408d537387441c93ee0d3e6402d3ae4c0acbdd8ff771b3ce5f2d4d267ad,"[[""exclusive_84.94"", ""median_3m""], [""exclusive_84.93"", ""median_12m""], [""exclusive_101.88"", ""median_6m""], [""exclusive_125.79"", ""unavailable""], [""exclusive_126.77"", ""small_sample""], [""exclusive_147.94"", ""median_12m""]]",현재 확보 자료로 재구성한 과거 추정치; 과거 세대 구성 미확인,False,280f7d0e7fe3d77e331defd7c10a1e4ffa5613eef0cc5839a2e0577f7aec6e30,1091c5d184bcf9b91e3d9318fa973ff01654ae42254ef840d7e7e1bde84395dc,d597e904ed1d78cbf16030d78df157aa647b070edb5809456e7ad6bed7762d81,c1583b28b6b23ad3ecd9022f,2026-09-22T08:56:15.669340+09:00
2026-08,A61870404,퀸덤1차아인슈타인타운,강서구,명지동,1112.0,1112.0,1044.0,1.0,0.9388489208633094,0.0,0.2158273381294964,0.7230215827338129,,394281000000.0,,,True,산정 불완전,일부 평형 시세 미확보,10ffd76cece82513935f90d50e04613dd47956f4650b11d7c09ffd10beaf8ecf,"[[""exclusive_84.97"", ""median_6m""], [""exclusive_84.85"", ""median_12m""], [""exclusive_101.4"", ""median_12m""], [""exclusive_101.86"", ""small_sample""], [""exclusive_117.27"", ""median_12m""], [""exclusive_116.02"", ""small_sample""], [""exclusive_144.5"", ""unavailable""]]",현재 확보 자료로 재구성한 과거 추정치; 과거 세대 구성 미확인,False,280f7d0e7fe3d77e331defd7c10a1e4ffa5613eef0cc5839a2e0577f7aec6e30,1091c5d184bcf9b91e3d9318fa973ff01654ae42254ef840d7e7e1bde84395dc,d597e904ed1d78cbf16030d78df157aa647b070edb5809456e7ad6bed7762d81,c1583b28b6b23ad3ecd9022f,2026-09-22T08:56:15.669340+09:00
2026-08,A61870405,영어도시퀸덤1차링컨타운,강서구,명지동,1102.0,1102.0,1027.0,1.0,0.9319419237749547,0.0,0.23593466424682397,0.6960072595281307,,402679500000.0,,,True,산정 불완전,일부 평형 시세 미확보,d3189cb9c5a9f85828034781ed59fd4d90e5b693179598d35e6e370813a15d69,"[[""exclusive_84.97"", ""small_sample""], [""exclusive_84.85"", ""median_12m""], [""exclusive_84.81"", ""small_sample""], [""exclusive_84.84"", ""median_12m""], [""exclusive_101.4"", ""median_6m""], [""exclusive_101.86"", ""small_sample""], [""exclusive_101.88"", ""small_sample""], [""exclusive_117.27"", ""median_12m""], [""exclusive_116.55"", ""small_sample""], [""exclusive_116.02"", ""unavailable""], [""exclusive_144.5"", ""small_sample""], [""exclusive_232.09"", ""unavailable""]]",현재 확보 자료로 재구성한 과거 추정치; 과거 세대 구성 미확인,False,280f7d0e7fe3d77e331defd7c10a1e4ffa5613eef0cc5839a2e0577f7aec6e30,1091c5d184bcf9b91e3d9318fa973ff01654ae42254ef840d7e7e1bde84395dc,d597e904ed1d78cbf16030d78df157aa647b070edb5809456e7ad6bed7762d81,c1583b28b6b23ad3ecd9022f,2026-09-22T08:56:15.669340+09:00
2026-08,A61870406,영어도시퀸덤에디슨타운,강서구,명지동,652.0,652.0,477.0,1.0,0.7315950920245399,0.0,0.0,0.7315950920245399,,182165000000.0,,,True,산정 불완전,일부 평형 시세 미확보,c44c88a1a6c6822e332066f58bb47d49a47ce49ed3d82f9d90fe4d0a4b0da172,"[[""exclusive_84.97"", ""small_sample""], [""exclusive_84.85"", ""unavailable""], [""exclusive_84.81"", ""small_sample""], [""exclusive_84.84"", ""median_12m""], [""exclusive_101.86"", ""unavailable""], [""exclusive_101.4"", ""small_sample""], [""exclusive_117.27"", ""median_12m""], [""exclusive_144.5"", ""unavailable""], [""exclusive_232.09"", ""unavailable""]]",현재 확보 자료로 재구성한 과거 추정치; 과거 세대 구성 미확인,False,280f7d0e7fe3d77e331defd7c10a1e4ffa5613eef0cc5839a2e0577f7aec6e30,1091c5d184bcf9b91e3d9318fa973ff01654ae42254ef840d7e7e1bde84395dc,d597e904ed1d78cbf16030d78df157aa647b070edb5809456e7ad6bed7762d81,c1583b28b6b23ad3ecd9022f,2026-09-22T08:56:15.669340+09:00
2026-08,A10025154,명지화전지구우방아이유쉘아파트,강서구,화전동,1515.0,699.0,618.0,0.4613861386138614,0.4079207920792079,0.0,0.33795379537953796,0.06996699669966996,,112740000000.0,,,True,산정 불완전,평형 세대수 합계 불일치; 일부 평형 시세 미확보,b8887171d46368e49273b81c5ae8e2ecbeb305c7c559b36c3b8d5e4911fe3fc7,"[[""exclusive_59.87"", ""median_6m""], [""exclusive_59.95"", ""unavailable""], [""exclusive_59.98"", ""small_sample""]]",현재 확보 자료로 재구성한 과거 추정치; 과거 세대 구성 미확인,False,280f7d0e7fe3d77e331defd7c10a1e4ffa5613eef0cc5839a2e0577f7aec6e30,1091c5d184bcf9b91e3d9318fa973ff01654ae42254ef840d7e7e1bde84395dc,d597e904ed1d78cbf16030d78df157aa647b070edb5809456e7ad6bed7762d81,c1583b28b6b23ad3ecd9022f,2026-09-22T08:56:15.669340+09:00
2026-08,A61823001,지사휴먼시아,강서구,지사동,961.0,0.0,0.0,0.0,0.0,0.0,0.0,0.0,,,,,True,산정 불완전,평형별 세대수 보완 필요; 임대·혼합단지 분양 세대수 미확인,c38eb7731a2edbf2c405dc922468ded84aa651100a03e86668e60fb8b6b0b8e7,[],현재 확보 자료로 재구성한 과거 추정치; 과거 세대 구성 미확인,False,280f7d0e7fe3d77e331defd7c10a1e4ffa5613eef0cc5839a2e0577f7aec6e30,1091c5d184bcf9b91e3d9318fa973ff01654ae42254ef840d7e7e1bde84395dc,d597e904ed1d78cbf16030d78df157aa647b070edb5809456e7ad6bed7762d81,c1583b28b6b23ad3ecd9022f,2026-09-22T08:56:15.669340+09:00
2026-08,A61872201,부산신호사랑으로부영1차아파트,강서구,신호동,1064.0,40.0,40.0,0.03759398496240601,0.03759398496240601,0.0,0.0,0.03759398496240601,,14000000000.0,,,True,산정 불완전,평형 세대수 합계 불일치; 임대·혼합단지 분양 세대수 미확인,18e880ae2c2ceb90e332298f050ba138f6cc0fc9a219022df5f5db9ee37d77ac,"[[""exclusive_147.1"", ""small_sample""]]",현재 확보 자료로 재구성한 과거 추정치; 과거 세대 구성 미확인,False,280f7d0e7fe3d77e331defd7c10a1e4ffa5613eef0cc5839a2e0577f7aec6e30,1091c5d184bcf9b91e3d9318fa973ff01654ae42254ef840d7e7e1bde84395dc,d597e904ed1d78cbf16030d78df157aa647b070edb5809456e7ad6bed7762d81,c1583b28b6b23ad3ecd9022f,2026-09-22T08:56:15.669340+09:00
2026-08,A61872202,부산신호 사랑으로 부영2차아파트,강서구,신호동,1388.0,64.0,64.0,0.04610951008645533,0.04610951008645533,0.0,0.0,0.04610951008645533,,24736000000.0,,,True,산정 불완전,평형 세대수 합계 불일치; 임대·혼합단지 분양 세대수 미확인,5f212210c25ae0fffb058d9c60e7754673912a2dd7039b887a8970c50eb90b43,"[[""exclusive_147.1"", ""median_12m""]]",현재 확보 자료로 재구성한 과거 추정치; 과거 세대 구성 미확인,False,280f7d0e7fe3d77e331defd7c10a1e4ffa5613eef0cc5839a2e0577f7aec6e30,1091c5d184bcf9b91e3d9318fa973ff01654ae42254ef840d7e7e1bde84395dc,d597e904ed1d78cbf16030d78df157aa647b070edb5809456e7ad6bed7762d81,c1583b28b6b23ad3ecd9022f,2026-09-22T08:56:15.669340+09:00
2026-08,A61872203,부산신호사랑으로부영5차,강서구,신호동,1109.0,0.0,0.0,0.0,0.0,0.0,0.0,0.0,,,,,True,산정 불완전,평형별 세대수 보완 필요; 임대·혼합단지 분양 세대수 미확인,c38eb7731a2edbf2c405dc922468ded84aa651100a03e86668e60fb8b6b0b8e7,[],현재 확보 자료로 재구성한 과거 추정치; 과거 세대 구성 미확인,False,280f7d0e7fe3d77e331defd7c10a1e4ffa5613eef0cc5839a2e0577f7aec6e30,1091c5d184bcf9b91e3d9318fa973ff01654ae42254ef840d7e7e1bde84395dc,d597e904ed1d78cbf16030d78df157aa647b070edb5809456e7ad6bed7762d81,c1583b28b6b23ad3ecd9022f,2026-09-22T08:56:15.669340+09:00
2026-08,A61872204,부산신호3사랑으로부영3차,강서구,신호동,1278.0,0.0,0.0,0.0,0.0,0.0,0.0,0.0,,,,,True,산정 불완전,평형별 세대수 보완 필요; 임대·혼합단지 분양 세대수 미확인,c38eb7731a2edbf2c405dc922468ded84aa651100a03e86668e60fb8b6b0b8e7,[],현재 확보 자료로 재구성한 과거 추정치; 과거 세대 구성 미확인,False,280f7d0e7fe3d77e331defd7c10a1e4ffa5613eef0cc5839a2e0577f7aec6e30,1091c5d184bcf9b91e3d9318fa973ff01654ae42254ef840d7e7e1bde84395dc,d597e904ed1d78cbf16030d78df157aa647b070edb5809456e7ad6bed7762d81,c1583b28b6b23ad3ecd9022f,2026-09-22T08:56:15.669340+09:00
2026-08,A10025258,아시아드코오롱하늘채,연제구,거제동,660.0,352.0,0.0,0.5333333333333333,0.0,0.0,0.0,0.0,,,,,True,산정 불완전,평형 세대수 합계 불일치; 일부 평형 시세 미확보,7e0806f24ef7c2b1ba10b6f83c6cb472ececcf00c723e9aace52cbe460a7898b,"[[""exclusive_84.54"", ""unavailable""], [""exclusive_84.57"", ""unavailable""]]",현재 확보 자료로 재구성한 과거 추정치; 과거 세대 구성 미확인,False,280f7d0e7fe3d77e331defd7c10a1e4ffa5613eef0cc5839a2e0577f7aec6e30,1091c5d184bcf9b91e3d9318fa973ff01654ae42254ef840d7e7e1bde84395dc,d597e904ed1d78cbf16030d78df157aa647b070edb5809456e7ad6bed7762d81,c1583b28b6b23ad3ecd9022f,2026-09-22T08:56:15.669340+09:00
2026-08,A10020498,시청앞 행복주택1단지,연제구,연산동,589.0,0.0,0.0,0.0,0.0,0.0,0.0,0.0,,,,,True,산정 불완전,평형별 세대수 보완 필요; 임대·혼합단지 분양 세대수 미확인,c38eb7731a2edbf2c405dc922468ded84aa651100a03e86668e60fb8b6b0b8e7,[],현재 확보 자료로 재구성한 과거 추정치; 과거 세대 구성 미확인,False,280f7d0e7fe3d77e331defd7c10a1e4ffa5613eef0cc5839a2e0577f7aec6e30,1091c5d184bcf9b91e3d9318fa973ff01654ae42254ef840d7e7e1bde84395dc,d597e904ed1d78cbf16030d78df157aa647b070edb5809456e7ad6bed7762d81,c1583b28b6b23ad3ecd9022f,2026-09-22T08:56:15.669340+09:00
2026-08,A10023014,시청앞 행복주택2단지,연제구,연산동,999.0,0.0,0.0,0.0,0.0,0.0,0.0,0.0,,,,,True,산정 불완전,평형별 세대수 보완 필요; 임대·혼합단지 분양 세대수 미확인,c38eb7731a2edbf2c405dc922468ded84aa651100a03e86668e60fb8b6b0b8e7,[],현재 확보 자료로 재구성한 과거 추정치; 과거 세대 구성 미확인,False,280f7d0e7fe3d77e331defd7c10a1e4ffa5613eef0cc5839a2e0577f7aec6e30,1091c5d184bcf9b91e3d9318fa973ff01654ae42254ef840d7e7e1bde84395dc,d597e904ed1d78cbf16030d78df157aa647b070edb5809456e7ad6bed7762d81,c1583b28b6b23ad3ecd9022f,2026-09-22T08:56:15.669340+09:00
2026-08,A10023526,힐스테이트연산 아파트,연제구,연산동,1651.0,1309.0,1309.0,0.7928528164748637,0.7928528164748637,0.7752877044215627,0.0,0.01756511205330103,,755383750000.0,,,True,산정 불완전,평형 세대수 합계 불일치,99b49a95ffe6277627ff7753005bb86070ba376c1e8af19e4edf9135aa36c39d,"[[""exclusive_39.92"", ""median_3m""], [""exclusive_59.97"", ""median_3m""], [""exclusive_74.67"", ""median_3m""], [""exclusive_84.96"", ""median_3m""], [""exclusive_84.95"", ""median_12m""], [""exclusive_84.9"", ""median_3m""]]",현재 확보 자료로 재구성한 과거 추정치; 과거 세대 구성 미확인,False,280f7d0e7fe3d77e331defd7c10a1e4ffa5613eef0cc5839a2e0577f7aec6e30,1091c5d184bcf9b91e3d9318fa973ff01654ae42254ef840d7e7e1bde84395dc,d597e904ed1d78cbf16030d78df157aa647b070edb5809456e7ad6bed7762d81,c1583b28b6b23ad3ecd9022f,2026-09-22T08:56:15.669340+09:00
2026-08,A10027159,브라운스톤연제,연제구,연산동,521.0,475.0,475.0,0.9117082533589251,0.9117082533589251,0.6065259117082533,0.0,0.30518234165067176,,244205000000.0,,,True,산정 불완전,평형 세대수 합계 불일치,ab307b814d0bd18b05e53c6ff481205d3e1bc054dcd08ba4d14073daf14fb822,"[[""exclusive_59.99"", ""median_12m""], [""exclusive_74.95"", ""median_12m""], [""exclusive_84.95"", ""median_3m""]]",현재 확보 자료로 재구성한 과거 추정치; 과거 세대 구성 미확인,False,280f7d0e7fe3d77e331defd7c10a1e4ffa5613eef0cc5839a2e0577f7aec6e30,1091c5d184bcf9b91e3d9318fa973ff01654ae42254ef840d7e7e1bde84395dc,d597e904ed1d78cbf16030d78df157aa647b070edb5809456e7ad6bed7762d81,c1583b28b6b23ad3ecd9022f,2026-09-22T08:56:15.669340+09:00
2026-08,A61175209,연산한양아파트,연제구,연산동,1452.0,1452.0,1212.0,1.0,0.8347107438016529,0.0,0.11570247933884298,0.71900826446281,,389866000000.0,,,True,산정 불완전,일부 평형 시세 미확보,650456e9904682a19e2292fed9a150d76c9f4e7afd17cf1c3277bb7e8bc99e8b,"[[""exclusive_42.74"", ""median_6m""], [""exclusive_62.94"", ""median_12m""], [""exclusive_77.98"", ""unavailable""], [""exclusive_123.93"", ""unavailable""], [""exclusive_50.58"", ""small_sample""], [""exclusive_84.92"", ""median_12m""], [""exclusive_57.24"", ""small_sample""], [""exclusive_116.67"", ""unavailable""], [""exclusive_53.73"", ""median_12m""], [""exclusive_58.14"", ""median_12m""], [""exclusive_75.84"", ""small_sample""], [""exclusive_82.54"", ""median_12m""], [""exclusive_118.08"", ""small_sample""]]",현재 확보 자료로 재구성한 과거 추정치; 과거 세대 구성 미확인,False,280f7d0e7fe3d77e331defd7c10a1e4ffa5613eef0cc5839a2e0577f7aec6e30,1091c5d184bcf9b91e3d9318fa973ff01654ae42254ef840d7e7e1bde84395dc,d597e904ed1d78cbf16030d78df157aa647b070edb5809456e7ad6bed7762d81,c1583b28b6b23ad3ecd9022f,2026-09-22T08:56:15.669340+09:00
2026-08,A61313001,망미삼성아파트,수영구,망미동,672.0,672.0,615.0,1.0,0.9151785714285714,0.0,0.0,0.9151785714285714,,210157500000.0,,,True,산정 불완전,일부 평형 시세 미확보,75032b399c4c24fcf66c628cf1115f79896f2324f3caeb79f8e6166c8e15094d,"[[""exclusive_84.59"", ""unavailable""], [""exclusive_84.86"", ""median_12m""], [""exclusive_84.92"", ""unavailable""], [""exclusive_84.95"", ""median_12m""], [""exclusive_115.71"", ""small_sample""], [""exclusive_133.94"", ""median_12m""], [""exclusive_147.89"", ""small_sample""], [""exclusive_163.44"", ""unavailable""]]",현재 확보 자료로 재구성한 과거 추정치; 과거 세대 구성 미확인,False,280f7d0e7fe3d77e331defd7c10a1e4ffa5613eef0cc5839a2e0577f7aec6e30,1091c5d184bcf9b91e3d9318fa973ff01654ae42254ef840d7e7e1bde84395dc,d597e904ed1d78cbf16030d78df157aa647b070edb5809456e7ad6bed7762d81,c1583b28b6b23ad3ecd9022f,2026-09-22T08:56:15.669340+09:00
2026-08,A61313002,망미동the#파크리치,수영구,망미동,862.0,862.0,750.0,1.0,0.8700696055684455,0.0,0.11136890951276102,0.7587006960556845,,522405000000.0,,,True,산정 불완전,일부 평형 시세 미확보,61029420da0622cf44b30a4ae14133a7498d887e20f0340012c774cf1b1a09db,"[[""exclusive_84.98"", ""median_6m""], [""exclusive_101.81"", ""median_12m""], [""exclusive_117.61"", ""small_sample""], [""exclusive_127.38"", ""small_sample""], [""exclusive_129.34"", ""median_12m""], [""exclusive_149.85"", ""unavailable""], [""exclusive_179.49"", ""small_sample""]]",현재 확보 자료로 재구성한 과거 추정치; 과거 세대 구성 미확인,False,280f7d0e7fe3d77e331defd7c10a1e4ffa5613eef0cc5839a2e0577f7aec6e30,1091c5d184bcf9b91e3d9318fa973ff01654ae42254ef840d7e7e1bde84395dc,d597e904ed1d78cbf16030d78df157aa647b070edb5809456e7ad6bed7762d81,c1583b28b6b23ad3ecd9022f,2026-09-22T08:56:15.669340+09:00
2026-08,A61383101,수영협성르네상스타운,수영구,수영동,684.0,684.0,484.0,1.0,0.7076023391812866,0.0,0.0,0.7076023391812866,,333400000000.0,,,True,산정 불완전,일부 평형 시세 미확보,f3b1def84267004d76d5c2045944a905dd546e56ddcda11efb889c68a5f68bac,"[[""exclusive_59.99"", ""median_12m""], [""exclusive_84.94"", ""median_12m""], [""exclusive_126.55"", ""unavailable""], [""exclusive_154.56"", ""unavailable""]]",현재 확보 자료로 재구성한 과거 추정치; 과거 세대 구성 미확인,False,280f7d0e7fe3d77e331defd7c10a1e4ffa5613eef0cc5839a2e0577f7aec6e30,1091c5d184bcf9b91e3d9318fa973ff01654ae42254ef840d7e7e1bde84395dc,d597e904ed1d78cbf16030d78df157aa647b070edb5809456e7ad6bed7762d81,c1583b28b6b23ad3ecd9022f,2026-09-22T08:56:15.669340+09:00
2026-08,A61377106,부산더샵센텀포레,수영구,민락동,1006.0,920.0,871.0,0.9145129224652088,0.8658051689860835,0.0,0.6958250497017893,0.16998011928429424,,828462000000.0,,,True,산정 불완전,평형 세대수 합계 불일치; 일부 평형 시세 미확보,af87e4866e62a3dcc73e8841f9eab20caa7c46accb90ac418a5590e037088e7d,"[[""exclusive_59.94"", ""median_6m""], [""exclusive_84.89"", ""median_6m""], [""exclusive_84.91"", ""median_6m""], [""exclusive_84.93"", ""median_6m""], [""exclusive_84.83"", ""median_12m""], [""exclusive_99.14"", ""median_6m""], [""exclusive_129.72"", ""small_sample""], [""exclusive_128.6"", ""median_12m""], [""exclusive_154.18"", ""unavailable""]]",현재 확보 자료로 재구성한 과거 추정치; 과거 세대 구성 미확인,False,280f7d0e7fe3d77e331defd7c10a1e4ffa5613eef0cc5839a2e0577f7aec6e30,1091c5d184bcf9b91e3d9318fa973ff01654ae42254ef840d7e7e1bde84395dc,d597e904ed1d78cbf16030d78df157aa647b070edb5809456e7ad6bed7762d81,c1583b28b6b23ad3ecd9022f,2026-09-22T08:56:15.669340+09:00
2026-08,A10020002,드파인 광안,수영구,광안동,1233.0,1169.0,0.0,0.9480940794809408,0.0,0.0,0.0,0.0,,,,,True,산정 불완전,평형 세대수 합계 불일치; 일부 평형 시세 미확보,3d813e13a0cb7a1d155e2e991910d5b43c42bed4a6726c5dca2aec4656b8501a,"[[""exclusive_59.89"", ""unavailable""], [""exclusive_78.86"", ""unavailable""], [""exclusive_78.27"", ""unavailable""], [""exclusive_84.95"", ""unavailable""], [""exclusive_84.89"", ""unavailable""], [""exclusive_100.83"", ""unavailable""], [""exclusive_115.18"", ""unavailable""]]",현재 확보 자료로 재구성한 과거 추정치; 과거 세대 구성 미확인,False,280f7d0e7fe3d77e331defd7c10a1e4ffa5613eef0cc5839a2e0577f7aec6e30,1091c5d184bcf9b91e3d9318fa973ff01654ae42254ef840d7e7e1bde84395dc,d597e904ed1d78cbf16030d78df157aa647b070edb5809456e7ad6bed7762d81,c1583b28b6b23ad3ecd9022f,2026-09-22T08:56:15.669340+09:00
2026-08,A10023420,남천자이아파트,수영구,남천동,913.0,913.0,765.0,1.0,0.8378970427163198,0.343921139101862,0.2902519167579409,0.20372398685651696,,1135160000000.0,,,True,산정 불완전,일부 평형 시세 미확보,ab01caab8f3a633ae5b89fd07761ef6ef1f1394867984273021276d00bb1749e,"[[""exclusive_59.96"", ""unavailable""], [""exclusive_59.99"", ""small_sample""], [""exclusive_59.98"", ""unavailable""], [""exclusive_74.99"", ""median_12m""], [""exclusive_74.98"", ""median_6m""], [""exclusive_77.98"", ""small_sample""], [""exclusive_84.98"", ""median_6m""], [""exclusive_84.99"", ""median_3m""], [""exclusive_101.68"", ""unavailable""], [""exclusive_115.41"", ""unavailable""], [""exclusive_125.97"", ""small_sample""], [""exclusive_142.59"", ""unavailable""], [""exclusive_145.39"", ""unavailable""], [""exclusive_145.9"", ""unavailable""], [""exclusive_157.04"", ""unavailable""], [""exclusive_157.24"", ""unavailable""]]",현재 확보 자료로 재구성한 과거 추정치; 과거 세대 구성 미확인,False,280f7d0e7fe3d77e331defd7c10a1e4ffa5613eef0cc5839a2e0577f7aec6e30,1091c5d184bcf9b91e3d9318fa973ff01654ae42254ef840d7e7e1bde84395dc,d597e904ed1d78cbf16030d78df157aa647b070edb5809456e7ad6bed7762d81,c1583b28b6b23ad3ecd9022f,2026-09-22T08:56:15.669340+09:00
2026-08,A10023607,더샵남천프레스티지아파트,수영구,남천동,975.0,975.0,923.0,1.0,0.9466666666666667,0.5784615384615385,0.14358974358974358,0.2246153846153846,,1081809900000.0,,,True,산정 불완전,일부 평형 시세 미확보,4a396338e38d525f49e3a2cd6eb7678d7b08c9117a4fe050040d7cfee8e11aa5,"[[""exclusive_39.36"", ""median_12m""], [""exclusive_59.18"", ""median_3m""], [""exclusive_59.95"", ""unavailable""], [""exclusive_84.12"", ""median_3m""], [""exclusive_84.42"", ""median_6m""], [""exclusive_84.49"", ""small_sample""], [""exclusive_92.04"", ""median_12m""], [""exclusive_93.36"", ""median_12m""], [""exclusive_107.35"", ""median_3m""], [""exclusive_107.52"", ""unavailable""]]",현재 확보 자료로 재구성한 과거 추정치; 과거 세대 구성 미확인,False,280f7d0e7fe3d77e331defd7c10a1e4ffa5613eef0cc5839a2e0577f7aec6e30,1091c5d184bcf9b91e3d9318fa973ff01654ae42254ef840d7e7e1bde84395dc,d597e904ed1d78cbf16030d78df157aa647b070edb5809456e7ad6bed7762d81,c1583b28b6b23ad3ecd9022f,2026-09-22T08:56:15.669340+09:00
2026-08,A61775307,부산모라주공3,사상구,모라동,2385.0,0.0,0.0,0.0,0.0,0.0,0.0,0.0,,,,,True,산정 불완전,평형별 세대수 보완 필요; 임대·혼합단지 분양 세대수 미확인,c38eb7731a2edbf2c405dc922468ded84aa651100a03e86668e60fb8b6b0b8e7,[],현재 확보 자료로 재구성한 과거 추정치; 과거 세대 구성 미확인,False,280f7d0e7fe3d77e331defd7c10a1e4ffa5613eef0cc5839a2e0577f7aec6e30,1091c5d184bcf9b91e3d9318fa973ff01654ae42254ef840d7e7e1bde84395dc,d597e904ed1d78cbf16030d78df157aa647b070edb5809456e7ad6bed7762d81,c1583b28b6b23ad3ecd9022f,2026-09-22T08:56:15.669340+09:00
2026-08,A61781706,모라주공1단지,사상구,모라동,2529.0,0.0,0.0,0.0,0.0,0.0,0.0,0.0,,,,,True,산정 불완전,평형별 세대수 보완 필요; 임대·혼합단지 분양 세대수 미확인,c38eb7731a2edbf2c405dc922468ded84aa651100a03e86668e60fb8b6b0b8e7,[],현재 확보 자료로 재구성한 과거 추정치; 과거 세대 구성 미확인,False,280f7d0e7fe3d77e331defd7c10a1e4ffa5613eef0cc5839a2e0577f7aec6e30,1091c5d184bcf9b91e3d9318fa973ff01654ae42254ef840d7e7e1bde84395dc,d597e904ed1d78cbf16030d78df157aa647b070edb5809456e7ad6bed7762d81,c1583b28b6b23ad3ecd9022f,2026-09-22T08:56:15.669340+09:00
2026-08,A10023104,사상 중흥S-클래스 그랜드센트럴,사상구,덕포동,1572.0,1492.0,1492.0,0.9491094147582697,0.9491094147582697,0.9491094147582697,0.0,0.0,,882965000000.0,,,True,산정 불완전,평형 세대수 합계 불일치,98cd273005a5f97ab7a18ce7116574cec7f0300d0d7f6ed8107c02f94a9db89d,"[[""exclusive_59.94"", ""median_3m""], [""exclusive_74.96"", ""median_3m""], [""exclusive_79.85"", ""median_3m""], [""exclusive_84.96"", ""median_3m""], [""exclusive_99.9"", ""median_3m""]]",현재 확보 자료로 재구성한 과거 추정치; 과거 세대 구성 미확인,False,280f7d0e7fe3d77e331defd7c10a1e4ffa5613eef0cc5839a2e0577f7aec6e30,1091c5d184bcf9b91e3d9318fa973ff01654ae42254ef840d7e7e1bde84395dc,d597e904ed1d78cbf16030d78df157aa647b070edb5809456e7ad6bed7762d81,c1583b28b6b23ad3ecd9022f,2026-09-22T08:56:15.669340+09:00
2026-08,A61781005,덕포자유아파트,사상구,덕포동,780.0,780.0,720.0,1.0,0.9230769230769231,0.0,0.3076923076923077,0.6153846153846154,,91905000000.0,,,True,산정 불완전,일부 평형 시세 미확보,d574f9736164ee0a0e807283a8b6d9ed9ce13087930ed3dc9637cba845d8e0d9,"[[""exclusive_38.64"", ""small_sample""], [""exclusive_39.72"", ""small_sample""], [""exclusive_45.12"", ""small_sample""], [""exclusive_46.2"", ""median_6m""], [""exclusive_54"", ""median_12m""], [""exclusive_63.99"", ""unavailable""], [""exclusive_61.56"", ""median_6m""], [""exclusive_66.51"", ""unavailable""], [""exclusive_84.94"", ""small_sample""], [""exclusive_122.85"", ""unavailable""]]",현재 확보 자료로 재구성한 과거 추정치; 과거 세대 구성 미확인,False,280f7d0e7fe3d77e331defd7c10a1e4ffa5613eef0cc5839a2e0577f7aec6e30,1091c5d184bcf9b91e3d9318fa973ff01654ae42254ef840d7e7e1bde84395dc,d597e904ed1d78cbf16030d78df157aa647b070edb5809456e7ad6bed7762d81,c1583b28b6b23ad3ecd9022f,2026-09-22T08:56:15.669340+09:00
2026-08,A10028191,감전엘에이치,사상구,감전동,622.0,0.0,0.0,0.0,0.0,0.0,0.0,0.0,,,,,True,산정 불완전,평형별 세대수 보완 필요; 임대·혼합단지 분양 세대수 미확인,c38eb7731a2edbf2c405dc922468ded84aa651100a03e86668e60fb8b6b0b8e7,[],현재 확보 자료로 재구성한 과거 추정치; 과거 세대 구성 미확인,False,280f7d0e7fe3d77e331defd7c10a1e4ffa5613eef0cc5839a2e0577f7aec6e30,1091c5d184bcf9b91e3d9318fa973ff01654ae42254ef840d7e7e1bde84395dc,d597e904ed1d78cbf16030d78df157aa647b070edb5809456e7ad6bed7762d81,c1583b28b6b23ad3ecd9022f,2026-09-22T08:56:15.669340+09:00
2026-08,A10023571,주례롯데캐슬골드스마트,사상구,주례동,998.0,998.0,948.0,1.0,0.9498997995991983,0.4248496993987976,0.20541082164328658,0.3196392785571142,,543907750000.0,,,True,산정 불완전,일부 평형 시세 미확보,7d45ecd00ae8945a903af291e6d4859a6c249892fe7791c174bceeea58752460,"[[""exclusive_39.72"", ""unavailable""], [""exclusive_59.92"", ""median_12m""], [""exclusive_73.67"", ""median_12m""], [""exclusive_84.87"", ""median_3m""], [""exclusive_84.85"", ""median_6m""], [""exclusive_84.91"", ""median_12m""]]",현재 확보 자료로 재구성한 과거 추정치; 과거 세대 구성 미확인,False,280f7d0e7fe3d77e331defd7c10a1e4ffa5613eef0cc5839a2e0577f7aec6e30,1091c5d184bcf9b91e3d9318fa973ff01654ae42254ef840d7e7e1bde84395dc,d597e904ed1d78cbf16030d78df157aa647b070edb5809456e7ad6bed7762d81,c1583b28b6b23ad3ecd9022f,2026-09-22T08:56:15.669340+09:00
2026-08,A61776303,주례럭키아파트,사상구,주례동,2293.0,1962.0,1962.0,0.8556476232010467,0.8556476232010467,0.0,0.3266463148713476,0.529001308329699,,574845000000.0,,,True,산정 불완전,평형 세대수 합계 불일치,b12dadbbfc2e9477e5466c6629cbd8a2e4a73d5c69366faf5a40e5914a62aa0d,"[[""exclusive_44.1"", ""median_6m""], [""exclusive_46.44"", ""median_12m""], [""exclusive_59.86"", ""median_12m""], [""exclusive_58.68"", ""median_12m""], [""exclusive_77.94"", ""small_sample""], [""exclusive_77.85"", ""small_sample""], [""exclusive_84.55"", ""small_sample""], [""exclusive_84.91"", ""median_6m""]]",현재 확보 자료로 재구성한 과거 추정치; 과거 세대 구성 미확인,False,280f7d0e7fe3d77e331defd7c10a1e4ffa5613eef0cc5839a2e0577f7aec6e30,1091c5d184bcf9b91e3d9318fa973ff01654ae42254ef840d7e7e1bde84395dc,d597e904ed1d78cbf16030d78df157aa647b070edb5809456e7ad6bed7762d81,c1583b28b6b23ad3ecd9022f,2026-09-22T08:56:15.669340+09:00
2026-08,A61778608,주례청구아파트,사상구,주례동,831.0,831.0,755.0,1.0,0.9085439229843562,0.0,0.0,0.9085439229843562,,140566000000.0,,,True,산정 불완전,일부 평형 시세 미확보,7a2a2f5710465d7a26dd2525e3af9baec665b41affe5d0c9f65ea8455f6e685c,"[[""exclusive_59.99"", ""small_sample""], [""exclusive_59.76"", ""median_12m""], [""exclusive_75.06"", ""median_12m""], [""exclusive_84.99"", ""small_sample""], [""exclusive_84.91"", ""median_12m""], [""exclusive_122.8"", ""unavailable""]]",현재 확보 자료로 재구성한 과거 추정치; 과거 세대 구성 미확인,False,280f7d0e7fe3d77e331defd7c10a1e4ffa5613eef0cc5839a2e0577f7aec6e30,1091c5d184bcf9b91e3d9318fa973ff01654ae42254ef840d7e7e1bde84395dc,d597e904ed1d78cbf16030d78df157aa647b070edb5809456e7ad6bed7762d81,c1583b28b6b23ad3ecd9022f,2026-09-22T08:56:15.669340+09:00
2026-08,A61783202,신주례2차LG아파트,사상구,주례동,874.0,874.0,790.0,1.0,0.9038901601830663,0.7963386727688787,0.0,0.10755148741418764,,176920000000.0,,,True,산정 불완전,일부 평형 시세 미확보,c576095ebba13d987f7901c7390d7d3ce5c31d39a1e10cd01a27c0eaccf13755,"[[""exclusive_59.97"", ""median_3m""], [""exclusive_84.97"", ""median_3m""], [""exclusive_134.94"", ""unavailable""], [""exclusive_164.85"", ""small_sample""]]",현재 확보 자료로 재구성한 과거 추정치; 과거 세대 구성 미확인,False,280f7d0e7fe3d77e331defd7c10a1e4ffa5613eef0cc5839a2e0577f7aec6e30,1091c5d184bcf9b91e3d9318fa973ff01654ae42254ef840d7e7e1bde84395dc,d597e904ed1d78cbf16030d78df157aa647b070edb5809456e7ad6bed7762d81,c1583b28b6b23ad3ecd9022f,2026-09-22T08:56:15.669340+09:00
2026-08,A61777312,학장반도보라타운,사상구,학장동,998.0,998.0,916.0,1.0,0.9178356713426854,0.843687374749499,0.0,0.07414829659318638,,170758000000.0,,,True,산정 불완전,일부 평형 시세 미확보,5025e293a34b857f2fe215aff892c8be4dea9261d53e50141de75552fcc3a7ce,"[[""exclusive_59.88"", ""median_3m""], [""exclusive_84.9"", ""median_3m""], [""exclusive_131.88"", ""unavailable""], [""exclusive_137.55"", ""small_sample""]]",현재 확보 자료로 재구성한 과거 추정치; 과거 세대 구성 미확인,False,280f7d0e7fe3d77e331defd7c10a1e4ffa5613eef0cc5839a2e0577f7aec6e30,1091c5d184bcf9b91e3d9318fa973ff01654ae42254ef840d7e7e1bde84395dc,d597e904ed1d78cbf16030d78df157aa647b070edb5809456e7ad6bed7762d81,c1583b28b6b23ad3ecd9022f,2026-09-22T08:56:15.669340+09:00
2026-08,A61777410,학장1지구도개공임대,사상구,학장동,720.0,0.0,0.0,0.0,0.0,0.0,0.0,0.0,,,,,True,산정 불완전,평형별 세대수 보완 필요; 임대·혼합단지 분양 세대수 미확인,c38eb7731a2edbf2c405dc922468ded84aa651100a03e86668e60fb8b6b0b8e7,[],현재 확보 자료로 재구성한 과거 추정치; 과거 세대 구성 미확인,False,280f7d0e7fe3d77e331defd7c10a1e4ffa5613eef0cc5839a2e0577f7aec6e30,1091c5d184bcf9b91e3d9318fa973ff01654ae42254ef840d7e7e1bde84395dc,d597e904ed1d78cbf16030d78df157aa647b070edb5809456e7ad6bed7762d81,c1583b28b6b23ad3ecd9022f,2026-09-22T08:56:15.669340+09:00
2026-08,A61778507,엄궁쌍용스윗닷홈,사상구,엄궁동,607.0,607.0,567.0,1.0,0.9341021416803954,0.0,0.5683690280065898,0.3657331136738056,,134970000000.0,,,True,산정 불완전,일부 평형 시세 미확보,4deafe97f4b3e8a0576a751ef0d707c8a5ad7922cd44fec0ee17ad2c1bd4ff99,"[[""exclusive_59.93"", ""median_6m""], [""exclusive_84.96"", ""median_12m""], [""exclusive_116.96"", ""unavailable""]]",현재 확보 자료로 재구성한 과거 추정치; 과거 세대 구성 미확인,False,280f7d0e7fe3d77e331defd7c10a1e4ffa5613eef0cc5839a2e0577f7aec6e30,1091c5d184bcf9b91e3d9318fa973ff01654ae42254ef840d7e7e1bde84395dc,d597e904ed1d78cbf16030d78df157aa647b070edb5809456e7ad6bed7762d81,c1583b28b6b23ad3ecd9022f,2026-09-22T08:56:15.669340+09:00
2026-08,A61970415,부산기장교리,기장군,기장읍,875.0,0.0,0.0,0.0,0.0,0.0,0.0,0.0,,,,,True,산정 불완전,평형별 세대수 보완 필요; 임대·혼합단지 분양 세대수 미확인,c38eb7731a2edbf2c405dc922468ded84aa651100a03e86668e60fb8b6b0b8e7,[],현재 확보 자료로 재구성한 과거 추정치; 과거 세대 구성 미확인,False,280f7d0e7fe3d77e331defd7c10a1e4ffa5613eef0cc5839a2e0577f7aec6e30,1091c5d184bcf9b91e3d9318fa973ff01654ae42254ef840d7e7e1bde84395dc,d597e904ed1d78cbf16030d78df157aa647b070edb5809456e7ad6bed7762d81,c1583b28b6b23ad3ecd9022f,2026-09-22T08:56:15.669340+09:00
2026-08,A10023692,웨이브리즈아파트,기장군,기장읍,728.0,486.0,486.0,0.6675824175824175,0.6675824175824175,0.6675824175824175,0.0,0.0,,128676000000.0,,,True,산정 불완전,평형 세대수 합계 불일치; 임대·혼합단지 분양 세대수 미확인,42048ef3d5ac71bcea1a46822b6a7601b22556c368a9a2ab006e7fd45cc8c150,"[[""exclusive_55.99"", ""median_3m""], [""exclusive_59.99"", ""median_3m""]]",현재 확보 자료로 재구성한 과거 추정치; 과거 세대 구성 미확인,False,280f7d0e7fe3d77e331defd7c10a1e4ffa5613eef0cc5839a2e0577f7aec6e30,1091c5d184bcf9b91e3d9318fa973ff01654ae42254ef840d7e7e1bde84395dc,d597e904ed1d78cbf16030d78df157aa647b070edb5809456e7ad6bed7762d81,c1583b28b6b23ad3ecd9022f,2026-09-22T08:56:15.669340+09:00
2026-08,A61990609,기장2주공아파트,기장군,기장읍,520.0,520.0,461.0,1.0,0.8865384615384615,0.0,0.28846153846153844,0.5980769230769231,,48970000000.0,,,True,산정 불완전,일부 평형 시세 미확보,25a9413d26ba5f52ea9750cae60dd21639709f169afb3ddde6c49cfcc7ace921,"[[""exclusive_32.76"", ""unavailable""], [""exclusive_39.3"", ""small_sample""], [""exclusive_39.69"", ""median_6m""], [""exclusive_39.99"", ""small_sample""], [""exclusive_42.48"", ""small_sample""]]",현재 확보 자료로 재구성한 과거 추정치; 과거 세대 구성 미확인,False,280f7d0e7fe3d77e331defd7c10a1e4ffa5613eef0cc5839a2e0577f7aec6e30,1091c5d184bcf9b91e3d9318fa973ff01654ae42254ef840d7e7e1bde84395dc,d597e904ed1d78cbf16030d78df157aa647b070edb5809456e7ad6bed7762d81,c1583b28b6b23ad3ecd9022f,2026-09-22T08:56:15.669340+09:00
2026-08,A61990213,내리 휴먼시아1단지,기장군,기장읍,1002.0,0.0,0.0,0.0,0.0,0.0,0.0,0.0,,,,,True,산정 불완전,평형별 세대수 보완 필요; 임대·혼합단지 분양 세대수 미확인,c38eb7731a2edbf2c405dc922468ded84aa651100a03e86668e60fb8b6b0b8e7,[],현재 확보 자료로 재구성한 과거 추정치; 과거 세대 구성 미확인,False,280f7d0e7fe3d77e331defd7c10a1e4ffa5613eef0cc5839a2e0577f7aec6e30,1091c5d184bcf9b91e3d9318fa973ff01654ae42254ef840d7e7e1bde84395dc,d597e904ed1d78cbf16030d78df157aa647b070edb5809456e7ad6bed7762d81,c1583b28b6b23ad3ecd9022f,2026-09-22T08:56:15.669340+09:00
2026-08,A61996102,정관센트럴파크,기장군,정관읍,588.0,588.0,425.0,1.0,0.7227891156462585,0.1717687074829932,0.0,0.5510204081632653,,102195000000.0,,,True,산정 불완전,일부 평형 시세 미확보,d5ba4f7fc7074b5b4b722d9163163670cf59463bc5bf963509e5ea99f2326240,"[[""exclusive_59.81"", ""median_12m""], [""exclusive_59.83"", ""median_3m""], [""exclusive_84.41"", ""unavailable""], [""exclusive_84.53"", ""unavailable""], [""exclusive_84.59"", ""median_12m""], [""exclusive_84.73"", ""unavailable""], [""exclusive_84.93"", ""unavailable""], [""exclusive_84.99"", ""median_12m""]]",현재 확보 자료로 재구성한 과거 추정치; 과거 세대 구성 미확인,False,280f7d0e7fe3d77e331defd7c10a1e4ffa5613eef0cc5839a2e0577f7aec6e30,1091c5d184bcf9b91e3d9318fa973ff01654ae42254ef840d7e7e1bde84395dc,d597e904ed1d78cbf16030d78df157aa647b070edb5809456e7ad6bed7762d81,c1583b28b6b23ad3ecd9022f,2026-09-22T08:56:15.669340+09:00
2026-08,A61996105,정관LH4단지,기장군,정관읍,964.0,0.0,0.0,0.0,0.0,0.0,0.0,0.0,,,,,True,산정 불완전,평형별 세대수 보완 필요; 임대·혼합단지 분양 세대수 미확인,c38eb7731a2edbf2c405dc922468ded84aa651100a03e86668e60fb8b6b0b8e7,[],현재 확보 자료로 재구성한 과거 추정치; 과거 세대 구성 미확인,False,280f7d0e7fe3d77e331defd7c10a1e4ffa5613eef0cc5839a2e0577f7aec6e30,1091c5d184bcf9b91e3d9318fa973ff01654ae42254ef840d7e7e1bde84395dc,d597e904ed1d78cbf16030d78df157aa647b070edb5809456e7ad6bed7762d81,c1583b28b6b23ad3ecd9022f,2026-09-22T08:56:15.669340+09:00
2026-08,A61996112,정관신도시LH5단지,기장군,정관읍,1128.0,0.0,0.0,0.0,0.0,0.0,0.0,0.0,,,,,True,산정 불완전,평형별 세대수 보완 필요; 임대·혼합단지 분양 세대수 미확인,c38eb7731a2edbf2c405dc922468ded84aa651100a03e86668e60fb8b6b0b8e7,[],현재 확보 자료로 재구성한 과거 추정치; 과거 세대 구성 미확인,False,280f7d0e7fe3d77e331defd7c10a1e4ffa5613eef0cc5839a2e0577f7aec6e30,1091c5d184bcf9b91e3d9318fa973ff01654ae42254ef840d7e7e1bde84395dc,d597e904ed1d78cbf16030d78df157aa647b070edb5809456e7ad6bed7762d81,c1583b28b6b23ad3ecd9022f,2026-09-22T08:56:15.669340+09:00
2026-08,A10025749,부산정관 행복주택,기장군,정관읍,856.0,0.0,0.0,0.0,0.0,0.0,0.0,0.0,,,,,True,산정 불완전,평형별 세대수 보완 필요; 임대·혼합단지 분양 세대수 미확인,c38eb7731a2edbf2c405dc922468ded84aa651100a03e86668e60fb8b6b0b8e7,[],현재 확보 자료로 재구성한 과거 추정치; 과거 세대 구성 미확인,False,280f7d0e7fe3d77e331defd7c10a1e4ffa5613eef0cc5839a2e0577f7aec6e30,1091c5d184bcf9b91e3d9318fa973ff01654ae42254ef840d7e7e1bde84395dc,d597e904ed1d78cbf16030d78df157aa647b070edb5809456e7ad6bed7762d81,c1583b28b6b23ad3ecd9022f,2026-09-22T08:56:15.669340+09:00
2026-08,A10026813,정관 엘에이치 7단지,기장군,정관읍,1934.0,0.0,0.0,0.0,0.0,0.0,0.0,0.0,,,,,True,산정 불완전,평형별 세대수 보완 필요; 임대·혼합단지 분양 세대수 미확인,c38eb7731a2edbf2c405dc922468ded84aa651100a03e86668e60fb8b6b0b8e7,[],현재 확보 자료로 재구성한 과거 추정치; 과거 세대 구성 미확인,False,280f7d0e7fe3d77e331defd7c10a1e4ffa5613eef0cc5839a2e0577f7aec6e30,1091c5d184bcf9b91e3d9318fa973ff01654ae42254ef840d7e7e1bde84395dc,d597e904ed1d78cbf16030d78df157aa647b070edb5809456e7ad6bed7762d81,c1583b28b6b23ad3ecd9022f,2026-09-22T08:56:15.669340+09:00
2026-08,A10028081,정관이지더원3차아파트,기장군,정관읍,1035.0,1035.0,0.0,1.0,0.0,0.0,0.0,0.0,,,,,True,산정 불완전,일부 평형 시세 미확보,a2fcf89a46c6f4dbae3b1eb9dfb208cddb95d765d8b7c4bce41a1b937c7fcb58,"[[""exclusive_65.65"", ""unavailable""], [""exclusive_74.16"", ""unavailable""], [""exclusive_84.97"", ""unavailable""]]",현재 확보 자료로 재구성한 과거 추정치; 과거 세대 구성 미확인,False,280f7d0e7fe3d77e331defd7c10a1e4ffa5613eef0cc5839a2e0577f7aec6e30,1091c5d184bcf9b91e3d9318fa973ff01654ae42254ef840d7e7e1bde84395dc,d597e904ed1d78cbf16030d78df157aa647b070edb5809456e7ad6bed7762d81,c1583b28b6b23ad3ecd9022f,2026-09-22T08:56:15.669340+09:00
2026-08,A61996103,정관신도시휴먼시아2단지,기장군,정관읍,1301.0,0.0,0.0,0.0,0.0,0.0,0.0,0.0,,,,,True,산정 불완전,평형별 세대수 보완 필요; 임대·혼합단지 분양 세대수 미확인,c38eb7731a2edbf2c405dc922468ded84aa651100a03e86668e60fb8b6b0b8e7,[],현재 확보 자료로 재구성한 과거 추정치; 과거 세대 구성 미확인,False,280f7d0e7fe3d77e331defd7c10a1e4ffa5613eef0cc5839a2e0577f7aec6e30,1091c5d184bcf9b91e3d9318fa973ff01654ae42254ef840d7e7e1bde84395dc,d597e904ed1d78cbf16030d78df157aa647b070edb5809456e7ad6bed7762d81,c1583b28b6b23ad3ecd9022f,2026-09-22T08:56:15.669340+09:00
2026-08,A61996106,EGthe12차,기장군,정관읍,756.0,756.0,0.0,1.0,0.0,0.0,0.0,0.0,,,,,True,산정 불완전,일부 평형 시세 미확보,1e9e11e58fd852006d6e2ae1fe2dde69df18e3a57e9b6e7ad24588df9cc21b52,"[[""exclusive_59.89"", ""unavailable""], [""exclusive_59.99"", ""unavailable""], [""exclusive_84.96"", ""unavailable""]]",현재 확보 자료로 재구성한 과거 추정치; 과거 세대 구성 미확인,False,280f7d0e7fe3d77e331defd7c10a1e4ffa5613eef0cc5839a2e0577f7aec6e30,1091c5d184bcf9b91e3d9318fa973ff01654ae42254ef840d7e7e1bde84395dc,d597e904ed1d78cbf16030d78df157aa647b070edb5809456e7ad6bed7762d81,c1583b28b6b23ad3ecd9022f,2026-09-22T08:56:15.669340+09:00
2026-08,A61996204,정관신도시현진아파트,기장군,정관읍,690.0,690.0,603.0,1.0,0.8739130434782608,0.34202898550724636,0.0,0.5318840579710145,,199792000000.0,,,True,산정 불완전,일부 평형 시세 미확보,e87c8a838ef0ef5c9d497077adc8db9403fab26fc61b08a3d935289d828a60d2,"[[""exclusive_84.98"", ""median_3m""], [""exclusive_116.02"", ""median_12m""], [""exclusive_132.24"", ""median_12m""], [""exclusive_143.69"", ""small_sample""], [""exclusive_166.18"", ""unavailable""]]",현재 확보 자료로 재구성한 과거 추정치; 과거 세대 구성 미확인,False,280f7d0e7fe3d77e331defd7c10a1e4ffa5613eef0cc5839a2e0577f7aec6e30,1091c5d184bcf9b91e3d9318fa973ff01654ae42254ef840d7e7e1bde84395dc,d597e904ed1d78cbf16030d78df157aa647b070edb5809456e7ad6bed7762d81,c1583b28b6b23ad3ecd9022f,2026-09-22T08:56:15.669340+09:00
2026-08,A10027503,정관양우내안애,기장군,정관읍,830.0,828.0,828.0,0.9975903614457832,0.9975903614457832,0.6987951807228916,0.21445783132530122,0.08433734939759036,,157212000000.0,,,True,산정 불완전,평형 세대수 합계 불일치,bcc0b327334678a1a8f6b49c5e598a326f376319b5bcf277c91424f5be346520,"[[""exclusive_59.89"", ""median_3m""], [""exclusive_59.99"", ""small_sample""], [""exclusive_59.95"", ""median_6m""]]",현재 확보 자료로 재구성한 과거 추정치; 과거 세대 구성 미확인,False,280f7d0e7fe3d77e331defd7c10a1e4ffa5613eef0cc5839a2e0577f7aec6e30,1091c5d184bcf9b91e3d9318fa973ff01654ae42254ef840d7e7e1bde84395dc,d597e904ed1d78cbf16030d78df157aa647b070edb5809456e7ad6bed7762d81,c1583b28b6b23ad3ecd9022f,2026-09-22T08:56:15.669340+09:00
2026-08,A61996308,정관신도시휴먼시아1단지,기장군,정관읍,1533.0,0.0,0.0,0.0,0.0,0.0,0.0,0.0,,,,,True,산정 불완전,평형별 세대수 보완 필요; 임대·혼합단지 분양 세대수 미확인,c38eb7731a2edbf2c405dc922468ded84aa651100a03e86668e60fb8b6b0b8e7,[],현재 확보 자료로 재구성한 과거 추정치; 과거 세대 구성 미확인,False,280f7d0e7fe3d77e331defd7c10a1e4ffa5613eef0cc5839a2e0577f7aec6e30,1091c5d184bcf9b91e3d9318fa973ff01654ae42254ef840d7e7e1bde84395dc,d597e904ed1d78cbf16030d78df157aa647b070edb5809456e7ad6bed7762d81,c1583b28b6b23ad3ecd9022f,2026-09-22T08:56:15.669340+09:00
2026-08,A10020313,일광동원로얄듀크,기장군,일광읍,1134.0,0.0,0.0,0.0,0.0,0.0,0.0,0.0,,,,,True,산정 불완전,평형별 세대수 보완 필요; 임대·혼합단지 분양 세대수 미확인,c38eb7731a2edbf2c405dc922468ded84aa651100a03e86668e60fb8b6b0b8e7,[],현재 확보 자료로 재구성한 과거 추정치; 과거 세대 구성 미확인,False,280f7d0e7fe3d77e331defd7c10a1e4ffa5613eef0cc5839a2e0577f7aec6e30,1091c5d184bcf9b91e3d9318fa973ff01654ae42254ef840d7e7e1bde84395dc,d597e904ed1d78cbf16030d78df157aa647b070edb5809456e7ad6bed7762d81,c1583b28b6b23ad3ecd9022f,2026-09-22T08:56:15.669340+09:00
2026-08,A10023283,금호센트럴베이 행복주택 일광,기장군,일광읍,999.0,0.0,0.0,0.0,0.0,0.0,0.0,0.0,,,,,True,산정 불완전,평형별 세대수 보완 필요; 임대·혼합단지 분양 세대수 미확인,c38eb7731a2edbf2c405dc922468ded84aa651100a03e86668e60fb8b6b0b8e7,[],현재 확보 자료로 재구성한 과거 추정치; 과거 세대 구성 미확인,False,280f7d0e7fe3d77e331defd7c10a1e4ffa5613eef0cc5839a2e0577f7aec6e30,1091c5d184bcf9b91e3d9318fa973ff01654ae42254ef840d7e7e1bde84395dc,d597e904ed1d78cbf16030d78df157aa647b070edb5809456e7ad6bed7762d81,c1583b28b6b23ad3ecd9022f,2026-09-22T08:56:15.669340+09:00
2026-08,A10023778,이지더원2차포레온아파트,기장군,일광읍,786.0,0.0,0.0,0.0,0.0,0.0,0.0,0.0,,,,,True,산정 불완전,평형별 세대수 보완 필요; 임대·혼합단지 분양 세대수 미확인,c38eb7731a2edbf2c405dc922468ded84aa651100a03e86668e60fb8b6b0b8e7,[],현재 확보 자료로 재구성한 과거 추정치; 과거 세대 구성 미확인,False,280f7d0e7fe3d77e331defd7c10a1e4ffa5613eef0cc5839a2e0577f7aec6e30,1091c5d184bcf9b91e3d9318fa973ff01654ae42254ef840d7e7e1bde84395dc,d597e904ed1d78cbf16030d78df157aa647b070edb5809456e7ad6bed7762d81,c1583b28b6b23ad3ecd9022f,2026-09-22T08:56:15.669340+09:00
2026-08,A61987101,고촌휴먼시아,기장군,철마면,1084.0,0.0,0.0,0.0,0.0,0.0,0.0,0.0,,,,,True,산정 불완전,평형별 세대수 보완 필요; 임대·혼합단지 분양 세대수 미확인,c38eb7731a2edbf2c405dc922468ded84aa651100a03e86668e60fb8b6b0b8e7,[],현재 확보 자료로 재구성한 과거 추정치; 과거 세대 구성 미확인,False,280f7d0e7fe3d77e331defd7c10a1e4ffa5613eef0cc5839a2e0577f7aec6e30,1091c5d184bcf9b91e3d9318fa973ff01654ae42254ef840d7e7e1bde84395dc,d597e904ed1d78cbf16030d78df157aa647b070edb5809456e7ad6bed7762d81,c1583b28b6b23ad3ecd9022f,2026-09-22T08:56:15.669340+09:00
